group,n,coverage,coverage_error,mean_width,reliable,taxonomy,conformal,split,regime,model
0,251,0.7091633466135459,-0.19083665338645417,182.66118979430644,True,similarity,SCP,scaffold_0,scaffold,group_contribution
1,341,0.8826979472140762,-0.017302052785923783,182.66118979430647,True,similarity,SCP,scaffold_0,scaffold,group_contribution
4,169,0.8994082840236687,-0.0005917159763313418,182.66118979430644,True,similarity,SCP,scaffold_0,scaffold,group_contribution
2,282,0.9184397163120568,0.018439716312056764,182.66118979430644,True,similarity,SCP,scaffold_0,scaffold,group_contribution
3,210,0.9380952380952381,0.03809523809523807,182.66118979430647,True,similarity,SCP,scaffold_0,scaffold,group_contribution
5,306,0.9575163398692811,0.05751633986928106,182.66118979430644,True,similarity,SCP,scaffold_0,scaffold,group_contribution
Polyphosphazenes,15,0.5333333333333333,-0.3666666666666667,182.6611897943065,True,family,SCP,scaffold_0,scaffold,group_contribution
Polydienes,23,0.6956521739130435,-0.20434782608695656,182.6611897943065,True,family,SCP,scaffold_0,scaffold,group_contribution
Polyolefins,56,0.7142857142857143,-0.18571428571428572,182.66118979430644,True,family,SCP,scaffold_0,scaffold,group_contribution
Polysulfides,14,0.7142857142857143,-0.18571428571428572,182.66118979430647,True,family,SCP,scaffold_0,scaffold,group_contribution
Polyurethanes,50,0.72,-0.18000000000000005,182.6611897943064,True,family,SCP,scaffold_0,scaffold,group_contribution
Polyimines,16,0.8125,-0.08750000000000002,182.66118979430644,True,family,SCP,scaffold_0,scaffold,group_contribution
Polystyrenes,185,0.8324324324324325,-0.06756756756756754,182.66118979430644,True,family,SCP,scaffold_0,scaffold,group_contribution
Polyphenylenes,126,0.873015873015873,-0.026984126984127,182.66118979430652,True,family,SCP,scaffold_0,scaffold,group_contribution
Polyacrylics,168,0.875,-0.025000000000000022,182.66118979430644,True,family,SCP,scaffold_0,scaffold,group_contribution
Polyethers,128,0.8828125,-0.017187500000000022,182.6611897943065,True,family,SCP,scaffold_0,scaffold,group_contribution
Polysiloxanes,46,0.9130434782608695,0.01304347826086949,182.66118979430644,True,family,SCP,scaffold_0,scaffold,group_contribution
Polyamides,185,0.9243243243243243,0.024324324324324298,182.66118979430644,True,family,SCP,scaffold_0,scaffold,group_contribution
Polyimides,232,0.9267241379310345,0.026724137931034453,182.66118979430647,True,family,SCP,scaffold_0,scaffold,group_contribution
Polyvinyls,74,0.9594594594594594,0.05945945945945941,182.6611897943064,True,family,SCP,scaffold_0,scaffold,group_contribution
Polyesters,162,0.9629629629629629,0.06296296296296289,182.66118979430644,True,family,SCP,scaffold_0,scaffold,group_contribution
Polysulfones,48,0.9791666666666666,0.07916666666666661,182.66118979430644,True,family,SCP,scaffold_0,scaffold,group_contribution
Polyanhydrides,1,1.0,0.09999999999999998,182.66118979430644,False,family,SCP,scaffold_0,scaffold,group_contribution
Polyhalo-olefins,10,1.0,0.09999999999999998,182.66118979430644,True,family,SCP,scaffold_0,scaffold,group_contribution
Polyureas,8,1.0,0.09999999999999998,182.66118979430644,False,family,SCP,scaffold_0,scaffold,group_contribution
Polycarbonates,12,1.0,0.09999999999999998,182.66118979430644,True,family,SCP,scaffold_0,scaffold,group_contribution
4,169,0.893491124260355,-0.0065088757396449815,172.7590088428474,True,similarity,Mondrian-similarity,scaffold_0,scaffold,group_contribution
5,306,0.9117647058823529,0.0117647058823529,152.86851938707844,True,similarity,Mondrian-similarity,scaffold_0,scaffold,group_contribution
1,341,0.9618768328445748,0.06187683284457479,259.43078550942664,True,similarity,Mondrian-similarity,scaffold_0,scaffold,group_contribution
2,282,0.9645390070921985,0.06453900709219851,260.7760943031651,True,similarity,Mondrian-similarity,scaffold_0,scaffold,group_contribution
0,251,0.9681274900398407,0.06812749003984064,435.1089271408227,True,similarity,Mondrian-similarity,scaffold_0,scaffold,group_contribution
3,210,0.9714285714285714,0.0714285714285714,251.06364768925428,True,similarity,Mondrian-similarity,scaffold_0,scaffold,group_contribution
Polyurethanes,50,0.78,-0.12,240.77807940361296,True,family,Mondrian-similarity,scaffold_0,scaffold,group_contribution
Polyphosphazenes,15,0.8666666666666667,-0.033333333333333326,309.2474996328045,True,family,Mondrian-similarity,scaffold_0,scaffold,group_contribution
Polycarbonates,12,0.9166666666666666,0.016666666666666607,315.132651320069,True,family,Mondrian-similarity,scaffold_0,scaffold,group_contribution
Polyamides,185,0.9243243243243243,0.024324324324324298,234.31359290958562,True,family,Mondrian-similarity,scaffold_0,scaffold,group_contribution
Polyimides,232,0.9267241379310345,0.026724137931034453,181.8700651814015,True,family,Mondrian-similarity,scaffold_0,scaffold,group_contribution
Polyolefins,56,0.9285714285714286,0.02857142857142858,351.6295474464365,True,family,Mondrian-similarity,scaffold_0,scaffold,group_contribution
Polysulfides,14,0.9285714285714286,0.02857142857142858,298.27640166798955,True,family,Mondrian-similarity,scaffold_0,scaffold,group_contribution
Polyphenylenes,126,0.9285714285714286,0.02857142857142858,296.0108093994714,True,family,Mondrian-similarity,scaffold_0,scaffold,group_contribution
Polyacrylics,168,0.9523809523809523,0.052380952380952306,270.2785030673931,True,family,Mondrian-similarity,scaffold_0,scaffold,group_contribution
Polysulfones,48,0.9583333333333334,0.05833333333333335,224.71749322544576,True,family,Mondrian-similarity,scaffold_0,scaffold,group_contribution
Polyesters,162,0.9753086419753086,0.07530864197530862,226.58335497092202,True,family,Mondrian-similarity,scaffold_0,scaffold,group_contribution
Polyethers,128,0.9765625,0.07656249999999998,267.67270910652576,True,family,Mondrian-similarity,scaffold_0,scaffold,group_contribution
Polysiloxanes,46,0.9782608695652174,0.07826086956521738,264.23966823350037,True,family,Mondrian-similarity,scaffold_0,scaffold,group_contribution
Polystyrenes,185,0.9783783783783784,0.07837837837837835,300.8210391138789,True,family,Mondrian-similarity,scaffold_0,scaffold,group_contribution
Polyvinyls,74,0.9864864864864865,0.08648648648648649,267.4203600884644,True,family,Mondrian-similarity,scaffold_0,scaffold,group_contribution
Polydienes,23,1.0,0.09999999999999998,373.63969797250354,True,family,Mondrian-similarity,scaffold_0,scaffold,group_contribution
Polyanhydrides,1,1.0,0.09999999999999998,172.75900884284744,False,family,Mondrian-similarity,scaffold_0,scaffold,group_contribution
Polyhalo-olefins,10,1.0,0.09999999999999998,352.42585376027637,True,family,Mondrian-similarity,scaffold_0,scaffold,group_contribution
Polyureas,8,1.0,0.09999999999999998,227.38885639595645,False,family,Mondrian-similarity,scaffold_0,scaffold,group_contribution
Polyimines,16,1.0,0.09999999999999998,242.5771698264079,True,family,Mondrian-similarity,scaffold_0,scaffold,group_contribution
0,251,0.749003984063745,-0.150996015936255,227.27557828107845,True,similarity,Mondrian-family,scaffold_0,scaffold,group_contribution
1,341,0.8914956011730205,-0.008504398826979509,218.91700840553446,True,similarity,Mondrian-family,scaffold_0,scaffold,group_contribution
4,169,0.9112426035502958,0.011242603550295827,179.15956708733881,True,similarity,Mondrian-family,scaffold_0,scaffold,group_contribution
2,282,0.925531914893617,0.025531914893616947,194.7835352618534,True,similarity,Mondrian-family,scaffold_0,scaffold,group_contribution
5,306,0.9281045751633987,0.028104575163398704,167.7795207805126,True,similarity,Mondrian-family,scaffold_0,scaffold,group_contribution
3,210,0.9476190476190476,0.04761904761904756,186.3818477204434,True,similarity,Mondrian-family,scaffold_0,scaffold,group_contribution
Polyphosphazenes,15,0.5333333333333333,-0.3666666666666667,182.6611897943065,True,family,Mondrian-family,scaffold_0,scaffold,group_contribution
Polydienes,23,0.6956521739130435,-0.20434782608695656,182.6611897943065,True,family,Mondrian-family,scaffold_0,scaffold,group_contribution
Polysulfides,14,0.7142857142857143,-0.18571428571428572,182.66118979430647,True,family,Mondrian-family,scaffold_0,scaffold,group_contribution
Polyimines,16,0.8125,-0.08750000000000002,182.66118979430644,True,family,Mondrian-family,scaffold_0,scaffold,group_contribution
Polystyrenes,185,0.8324324324324325,-0.06756756756756754,182.66118979430644,True,family,Mondrian-family,scaffold_0,scaffold,group_contribution
Polyethers,128,0.8359375,-0.06406250000000002,158.6900538040386,True,family,Mondrian-family,scaffold_0,scaffold,group_contribution
Polyamides,185,0.8702702702702703,-0.02972972972972976,150.73929336481712,True,family,Mondrian-family,scaffold_0,scaffold,group_contribution
Polyimides,232,0.896551724137931,-0.0034482758620689724,149.19770999849675,True,family,Mondrian-family,scaffold_0,scaffold,group_contribution
Polyurethanes,50,0.9,0.0,279.8076940463951,True,family,Mondrian-family,scaffold_0,scaffold,group_contribution
Polyacrylics,168,0.9047619047619048,0.004761904761904745,209.6961770339619,True,family,Mondrian-family,scaffold_0,scaffold,group_contribution
Polyphenylenes,126,0.9126984126984127,0.012698412698412653,262.75533588046983,True,family,Mondrian-family,scaffold_0,scaffold,group_contribution
Polysiloxanes,46,0.9130434782608695,0.01304347826086949,182.4751937689398,True,family,Mondrian-family,scaffold_0,scaffold,group_contribution
Polysulfones,48,0.9375,0.03749999999999998,161.92013864690466,True,family,Mondrian-family,scaffold_0,scaffold,group_contribution
Polyesters,162,0.9567901234567902,0.05679012345679013,174.01813872229627,True,family,Mondrian-family,scaffold_0,scaffold,group_contribution
Polyolefins,56,0.9821428571428571,0.08214285714285707,435.10892714082274,True,family,Mondrian-family,scaffold_0,scaffold,group_contribution
Polyvinyls,74,0.9864864864864865,0.08648648648648649,292.5161306708533,True,family,Mondrian-family,scaffold_0,scaffold,group_contribution
Polyanhydrides,1,1.0,0.09999999999999998,182.66118979430644,False,family,Mondrian-family,scaffold_0,scaffold,group_contribution
Polyhalo-olefins,10,1.0,0.09999999999999998,182.66118979430644,True,family,Mondrian-family,scaffold_0,scaffold,group_contribution
Polyureas,8,1.0,0.09999999999999998,182.66118979430644,False,family,Mondrian-family,scaffold_0,scaffold,group_contribution
Polycarbonates,12,1.0,0.09999999999999998,182.66118979430644,True,family,Mondrian-family,scaffold_0,scaffold,group_contribution
0,251,0.8326693227091634,-0.06733067729083664,265.1835696165447,True,similarity,Normalised SCP,scaffold_0,scaffold,group_contribution
4,169,0.8816568047337278,-0.01834319526627226,166.2182893259445,True,similarity,Normalised SCP,scaffold_0,scaffold,group_contribution
2,282,0.8829787234042553,-0.017021276595744705,193.2367149421792,True,similarity,Normalised SCP,scaffold_0,scaffold,group_contribution
1,341,0.8973607038123167,-0.0026392961876833265,218.1385184991315,True,similarity,Normalised SCP,scaffold_0,scaffold,group_contribution
5,306,0.9084967320261438,0.00849673202614376,150.7201853978283,True,similarity,Normalised SCP,scaffold_0,scaffold,group_contribution
3,210,0.9380952380952381,0.03809523809523807,178.99901369542744,True,similarity,Normalised SCP,scaffold_0,scaffold,group_contribution
Polyurethanes,50,0.68,-0.21999999999999997,174.3032771356844,True,family,Normalised SCP,scaffold_0,scaffold,group_contribution
Polysulfides,14,0.7142857142857143,-0.18571428571428572,230.121037861018,True,family,Normalised SCP,scaffold_0,scaffold,group_contribution
Polyphosphazenes,15,0.8,-0.09999999999999998,281.5286735222978,True,family,Normalised SCP,scaffold_0,scaffold,group_contribution
Polyimines,16,0.8125,-0.08750000000000002,153.7846194995951,True,family,Normalised SCP,scaffold_0,scaffold,group_contribution
Polyacrylics,168,0.8214285714285714,-0.07857142857142863,172.03431793368594,True,family,Normalised SCP,scaffold_0,scaffold,group_contribution
Polycarbonates,12,0.8333333333333334,-0.06666666666666665,163.6880545548203,True,family,Normalised SCP,scaffold_0,scaffold,group_contribution
Polyamides,185,0.8702702702702703,-0.02972972972972976,160.88692893781547,True,family,Normalised SCP,scaffold_0,scaffold,group_contribution
Polysulfones,48,0.875,-0.025000000000000022,162.04129729281195,True,family,Normalised SCP,scaffold_0,scaffold,group_contribution
Polyimides,232,0.8922413793103449,-0.00775862068965516,136.6693791725344,True,family,Normalised SCP,scaffold_0,scaffold,group_contribution
Polyolefins,56,0.8928571428571429,-0.0071428571428571175,296.3340250497062,True,family,Normalised SCP,scaffold_0,scaffold,group_contribution
Polyethers,128,0.8984375,-0.0015625000000000222,189.0951884475176,True,family,Normalised SCP,scaffold_0,scaffold,group_contribution
Polyphenylenes,126,0.9047619047619048,0.004761904761904745,235.51023308357765,True,family,Normalised SCP,scaffold_0,scaffold,group_contribution
Polydienes,23,0.9130434782608695,0.01304347826086949,343.8282019801132,True,family,Normalised SCP,scaffold_0,scaffold,group_contribution
Polyesters,162,0.9135802469135802,0.013580246913580174,165.33326627413345,True,family,Normalised SCP,scaffold_0,scaffold,group_contribution
Polysiloxanes,46,0.9565217391304348,0.05652173913043479,250.40498425762394,True,family,Normalised SCP,scaffold_0,scaffold,group_contribution
Polyvinyls,74,0.9594594594594594,0.05945945945945941,198.98261233950916,True,family,Normalised SCP,scaffold_0,scaffold,group_contribution
Polystyrenes,185,0.9675675675675676,0.06756756756756754,286.58242028370137,True,family,Normalised SCP,scaffold_0,scaffold,group_contribution
Polyhalo-olefins,10,1.0,0.09999999999999998,256.5930113511968,True,family,Normalised SCP,scaffold_0,scaffold,group_contribution
Polyanhydrides,1,1.0,0.09999999999999998,165.91977699056764,False,family,Normalised SCP,scaffold_0,scaffold,group_contribution
Polyureas,8,1.0,0.09999999999999998,168.28042902976293,False,family,Normalised SCP,scaffold_0,scaffold,group_contribution
1,91,0.9230769230769231,0.023076923076923106,194.5510860795439,True,similarity,SCP,scaffold_1,scaffold,group_contribution
2,223,0.9237668161434978,0.023766816143497738,194.55108607954386,True,similarity,SCP,scaffold_1,scaffold,group_contribution
0,46,0.9347826086956522,0.034782608695652195,194.5510860795439,True,similarity,SCP,scaffold_1,scaffold,group_contribution
4,290,0.9413793103448276,0.04137931034482756,194.5510860795439,True,similarity,SCP,scaffold_1,scaffold,group_contribution
3,278,0.9424460431654677,0.04244604316546763,194.5510860795439,True,similarity,SCP,scaffold_1,scaffold,group_contribution
5,507,0.9585798816568047,0.05857988165680472,194.5510860795439,True,similarity,SCP,scaffold_1,scaffold,group_contribution
Polyolefins,4,0.5,-0.4,194.5510860795439,False,family,SCP,scaffold_1,scaffold,group_contribution
Polyphosphazenes,10,0.7,-0.20000000000000007,194.5510860795439,True,family,SCP,scaffold_1,scaffold,group_contribution
Polyurethanes,49,0.7959183673469388,-0.10408163265306125,194.5510860795439,True,family,SCP,scaffold_1,scaffold,group_contribution
Polyvinyls,6,0.8333333333333334,-0.06666666666666665,194.5510860795439,False,family,SCP,scaffold_1,scaffold,group_contribution
Polyphenylenes,83,0.8795180722891566,-0.02048192771084345,194.5510860795439,True,family,SCP,scaffold_1,scaffold,group_contribution
Polyamides,176,0.8977272727272727,-0.002272727272727315,194.5510860795439,True,family,SCP,scaffold_1,scaffold,group_contribution
Polysiloxanes,22,0.9090909090909091,0.009090909090909038,194.5510860795439,True,family,SCP,scaffold_1,scaffold,group_contribution
Polyanhydrides,13,0.9230769230769231,0.023076923076923106,194.5510860795439,True,family,SCP,scaffold_1,scaffold,group_contribution
Polyureas,15,0.9333333333333333,0.033333333333333326,194.5510860795439,True,family,SCP,scaffold_1,scaffold,group_contribution
Polyimides,478,0.9602510460251046,0.06025104602510456,194.55108607954386,True,family,SCP,scaffold_1,scaffold,group_contribution
Polyethers,185,0.9675675675675676,0.06756756756756754,194.55108607954392,True,family,SCP,scaffold_1,scaffold,group_contribution
Polyesters,218,0.9678899082568807,0.06788990825688068,194.5510860795439,True,family,SCP,scaffold_1,scaffold,group_contribution
Polyacrylics,42,0.9761904761904762,0.07619047619047614,194.5510860795439,True,family,SCP,scaffold_1,scaffold,group_contribution
Polyimines,17,1.0,0.09999999999999998,194.5510860795439,True,family,SCP,scaffold_1,scaffold,group_contribution
Polydienes,3,1.0,0.09999999999999998,194.5510860795439,False,family,SCP,scaffold_1,scaffold,group_contribution
Polysulfones,68,1.0,0.09999999999999998,194.5510860795439,True,family,SCP,scaffold_1,scaffold,group_contribution
Polycarbonates,24,1.0,0.09999999999999998,194.5510860795439,True,family,SCP,scaffold_1,scaffold,group_contribution
Polystyrenes,13,1.0,0.09999999999999998,194.5510860795439,True,family,SCP,scaffold_1,scaffold,group_contribution
Polyhalo-olefins,1,1.0,0.09999999999999998,194.5510860795439,False,family,SCP,scaffold_1,scaffold,group_contribution
Polysulfides,8,1.0,0.09999999999999998,194.5510860795439,False,family,SCP,scaffold_1,scaffold,group_contribution
4,290,0.9103448275862069,0.010344827586206917,174.3720584784062,True,similarity,Mondrian-similarity,scaffold_1,scaffold,group_contribution
5,507,0.9349112426035503,0.034911242603550274,169.53594498626015,True,similarity,Mondrian-similarity,scaffold_1,scaffold,group_contribution
2,223,0.9506726457399103,0.05067264573991026,226.9427730219461,True,similarity,Mondrian-similarity,scaffold_1,scaffold,group_contribution
3,278,0.960431654676259,0.060431654676258995,220.6425717932298,True,similarity,Mondrian-similarity,scaffold_1,scaffold,group_contribution
1,91,0.967032967032967,0.06703296703296702,264.1613089004356,True,similarity,Mondrian-similarity,scaffold_1,scaffold,group_contribution
0,46,1.0,0.09999999999999998,457.39598620135456,True,similarity,Mondrian-similarity,scaffold_1,scaffold,group_contribution
Polyolefins,4,0.5,-0.4,208.38699941261945,False,family,Mondrian-similarity,scaffold_1,scaffold,group_contribution
Polyphosphazenes,10,0.7,-0.20000000000000007,219.79564119897722,True,family,Mondrian-similarity,scaffold_1,scaffold,group_contribution
Polyurethanes,49,0.8775510204081632,-0.022448979591836782,204.6990327103056,True,family,Mondrian-similarity,scaffold_1,scaffold,group_contribution
Polyphenylenes,83,0.9036144578313253,0.0036144578313253017,224.85803909248878,True,family,Mondrian-similarity,scaffold_1,scaffold,group_contribution
Polysiloxanes,22,0.9090909090909091,0.009090909090909038,216.03822085045556,True,family,Mondrian-similarity,scaffold_1,scaffold,group_contribution
Polyamides,176,0.9204545454545454,0.020454545454545392,195.81306585483716,True,family,Mondrian-similarity,scaffold_1,scaffold,group_contribution
Polyimides,478,0.9330543933054394,0.033054393305439356,192.10128569617316,True,family,Mondrian-similarity,scaffold_1,scaffold,group_contribution
Polyureas,15,0.9333333333333333,0.033333333333333326,233.58975348522466,True,family,Mondrian-similarity,scaffold_1,scaffold,group_contribution
Polyethers,185,0.9621621621621622,0.06216216216216219,201.4530811216354,True,family,Mondrian-similarity,scaffold_1,scaffold,group_contribution
Polyesters,218,0.9678899082568807,0.06788990825688068,206.29519501035216,True,family,Mondrian-similarity,scaffold_1,scaffold,group_contribution
Polyacrylics,42,0.9761904761904762,0.07619047619047614,235.31000322900013,True,family,Mondrian-similarity,scaffold_1,scaffold,group_contribution
Polysulfones,68,0.9852941176470589,0.08529411764705885,201.56241830768317,True,family,Mondrian-similarity,scaffold_1,scaffold,group_contribution
Polystyrenes,13,1.0,0.09999999999999998,243.02083537620106,True,family,Mondrian-similarity,scaffold_1,scaffold,group_contribution
Polydienes,3,1.0,0.09999999999999998,314.06662229834,False,family,Mondrian-similarity,scaffold_1,scaffold,group_contribution
Polyimines,17,1.0,0.09999999999999998,265.47245436021376,True,family,Mondrian-similarity,scaffold_1,scaffold,group_contribution
Polyhalo-olefins,1,1.0,0.09999999999999998,169.53594498626018,False,family,Mondrian-similarity,scaffold_1,scaffold,group_contribution
Polycarbonates,24,1.0,0.09999999999999998,199.26694216232463,True,family,Mondrian-similarity,scaffold_1,scaffold,group_contribution
Polyanhydrides,13,1.0,0.09999999999999998,313.9130565606596,True,family,Mondrian-similarity,scaffold_1,scaffold,group_contribution
Polyvinyls,6,1.0,0.09999999999999998,329.2368595795033,False,family,Mondrian-similarity,scaffold_1,scaffold,group_contribution
Polysulfides,8,1.0,0.09999999999999998,228.2550390245657,False,family,Mondrian-similarity,scaffold_1,scaffold,group_contribution
0,46,0.8913043478260869,-0.008695652173913104,201.93840772325385,True,similarity,Mondrian-family,scaffold_1,scaffold,group_contribution
2,223,0.9013452914798207,0.0013452914798206539,191.0820370812054,True,similarity,Mondrian-family,scaffold_1,scaffold,group_contribution
4,290,0.9275862068965517,0.027586206896551668,187.04146148512223,True,similarity,Mondrian-family,scaffold_1,scaffold,group_contribution
1,91,0.9340659340659341,0.034065934065934056,195.3760733791794,True,similarity,Mondrian-family,scaffold_1,scaffold,group_contribution
3,278,0.9388489208633094,0.03884892086330938,200.51865851514376,True,similarity,Mondrian-family,scaffold_1,scaffold,group_contribution
5,507,0.9467455621301775,0.04674556213017744,181.74104389176856,True,similarity,Mondrian-family,scaffold_1,scaffold,group_contribution
Polyphosphazenes,10,0.7,-0.20000000000000007,194.5510860795439,True,family,Mondrian-family,scaffold_1,scaffold,group_contribution
Polyolefins,4,0.75,-0.15000000000000002,248.27402025834158,False,family,Mondrian-family,scaffold_1,scaffold,group_contribution
Polyamides,176,0.8522727272727273,-0.04772727272727273,158.56414786428195,True,family,Mondrian-family,scaffold_1,scaffold,group_contribution
Polysiloxanes,22,0.9090909090909091,0.009090909090909038,188.97757472185822,True,family,Mondrian-family,scaffold_1,scaffold,group_contribution
Polycarbonates,24,0.9166666666666666,0.016666666666666607,122.44102323586367,True,family,Mondrian-family,scaffold_1,scaffold,group_contribution
Polyimides,478,0.9184100418410042,0.018410041841004143,174.64299595151942,True,family,Mondrian-family,scaffold_1,scaffold,group_contribution
Polyanhydrides,13,0.9230769230769231,0.023076923076923106,194.5510860795439,True,family,Mondrian-family,scaffold_1,scaffold,group_contribution
Polyureas,15,0.9333333333333333,0.033333333333333326,194.5510860795439,True,family,Mondrian-family,scaffold_1,scaffold,group_contribution
Polysulfones,68,0.9411764705882353,0.04117647058823526,141.29095436287153,True,family,Mondrian-family,scaffold_1,scaffold,group_contribution
Polyesters,218,0.9495412844036697,0.04954128440366967,163.3708252990113,True,family,Mondrian-family,scaffold_1,scaffold,group_contribution
Polyethers,185,0.972972972972973,0.072972972972973,219.4340829516241,True,family,Mondrian-family,scaffold_1,scaffold,group_contribution
Polyphenylenes,83,0.9759036144578314,0.07590361445783134,239.02532066485946,True,family,Mondrian-family,scaffold_1,scaffold,group_contribution
Polyacrylics,42,0.9761904761904762,0.07619047619047614,231.7755571111397,True,family,Mondrian-family,scaffold_1,scaffold,group_contribution
Polystyrenes,13,1.0,0.09999999999999998,293.26229634889523,True,family,Mondrian-family,scaffold_1,scaffold,group_contribution
Polyimines,17,1.0,0.09999999999999998,194.5510860795439,True,family,Mondrian-family,scaffold_1,scaffold,group_contribution
Polydienes,3,1.0,0.09999999999999998,194.5510860795439,False,family,Mondrian-family,scaffold_1,scaffold,group_contribution
Polyurethanes,49,1.0,0.09999999999999998,377.7320170686103,True,family,Mondrian-family,scaffold_1,scaffold,group_contribution
Polyvinyls,6,1.0,0.09999999999999998,264.1613089004356,False,family,Mondrian-family,scaffold_1,scaffold,group_contribution
Polyhalo-olefins,1,1.0,0.09999999999999998,194.5510860795439,False,family,Mondrian-family,scaffold_1,scaffold,group_contribution
Polysulfides,8,1.0,0.09999999999999998,194.5510860795439,False,family,Mondrian-family,scaffold_1,scaffold,group_contribution
2,223,0.852017937219731,-0.047982062780269064,167.16488745482764,True,similarity,Normalised SCP,scaffold_1,scaffold,group_contribution
4,290,0.8827586206896552,-0.017241379310344862,159.77673737035767,True,similarity,Normalised SCP,scaffold_1,scaffold,group_contribution
3,278,0.8848920863309353,-0.015107913669064721,167.06568729180637,True,similarity,Normalised SCP,scaffold_1,scaffold,group_contribution
5,507,0.9230769230769231,0.023076923076923106,157.49521504428185,True,similarity,Normalised SCP,scaffold_1,scaffold,group_contribution
1,91,0.9340659340659341,0.034065934065934056,177.66675963098658,True,similarity,Normalised SCP,scaffold_1,scaffold,group_contribution
0,46,0.9565217391304348,0.05652173913043479,223.77140115121884,True,similarity,Normalised SCP,scaffold_1,scaffold,group_contribution
Polyurethanes,49,0.5714285714285714,-0.3285714285714286,137.19651139412514,True,family,Normalised SCP,scaffold_1,scaffold,group_contribution
Polyolefins,4,0.75,-0.15000000000000002,325.46709649472507,False,family,Normalised SCP,scaffold_1,scaffold,group_contribution
Polyacrylics,42,0.8095238095238095,-0.09047619047619049,191.45895637450508,True,family,Normalised SCP,scaffold_1,scaffold,group_contribution
Polyamides,176,0.8579545454545454,-0.04204545454545461,154.38804031976858,True,family,Normalised SCP,scaffold_1,scaffold,group_contribution
Polyureas,15,0.8666666666666667,-0.033333333333333326,180.914140016905,True,family,Normalised SCP,scaffold_1,scaffold,group_contribution
Polysulfides,8,0.875,-0.025000000000000022,148.2838652123389,False,family,Normalised SCP,scaffold_1,scaffold,group_contribution
Polyesters,218,0.8807339449541285,-0.019266055045871533,136.98419672037028,True,family,Normalised SCP,scaffold_1,scaffold,group_contribution
Polyphosphazenes,10,0.9,0.0,254.5728263516772,True,family,Normalised SCP,scaffold_1,scaffold,group_contribution
Polyphenylenes,83,0.9036144578313253,0.0036144578313253017,204.66514362867397,True,family,Normalised SCP,scaffold_1,scaffold,group_contribution
Polycarbonates,24,0.9166666666666666,0.016666666666666607,109.949485631162,True,family,Normalised SCP,scaffold_1,scaffold,group_contribution
Polyimides,478,0.9225941422594143,0.02259414225941425,170.51161558333234,True,family,Normalised SCP,scaffold_1,scaffold,group_contribution
Polysulfones,68,0.9264705882352942,0.026470588235294135,146.59127211012847,True,family,Normalised SCP,scaffold_1,scaffold,group_contribution
Polysiloxanes,22,0.9545454545454546,0.054545454545454564,173.93677205021007,True,family,Normalised SCP,scaffold_1,scaffold,group_contribution
Polyethers,185,0.9567567567567568,0.05675675675675673,167.80984865984792,True,family,Normalised SCP,scaffold_1,scaffold,group_contribution
Polyimines,17,1.0,0.09999999999999998,181.60670503587065,True,family,Normalised SCP,scaffold_1,scaffold,group_contribution
Polydienes,3,1.0,0.09999999999999998,221.5814723166873,False,family,Normalised SCP,scaffold_1,scaffold,group_contribution
Polyvinyls,6,1.0,0.09999999999999998,198.7275714469937,False,family,Normalised SCP,scaffold_1,scaffold,group_contribution
Polyanhydrides,13,1.0,0.09999999999999998,241.9231898767471,True,family,Normalised SCP,scaffold_1,scaffold,group_contribution
Polyhalo-olefins,1,1.0,0.09999999999999998,264.5576563968923,False,family,Normalised SCP,scaffold_1,scaffold,group_contribution
Polystyrenes,13,1.0,0.09999999999999998,192.1550971621215,True,family,Normalised SCP,scaffold_1,scaffold,group_contribution
0,62,0.7419354838709677,-0.15806451612903227,203.23189854392584,True,similarity,SCP,scaffold_2,scaffold,group_contribution
1,115,0.9130434782608695,0.01304347826086949,203.231898543926,True,similarity,SCP,scaffold_2,scaffold,group_contribution
2,219,0.9452054794520548,0.045205479452054775,203.23189854392598,True,similarity,SCP,scaffold_2,scaffold,group_contribution
4,270,0.9666666666666667,0.06666666666666665,203.23189854392592,True,similarity,SCP,scaffold_2,scaffold,group_contribution
5,498,0.9759036144578314,0.07590361445783134,203.23189854392598,True,similarity,SCP,scaffold_2,scaffold,group_contribution
3,273,0.9816849816849816,0.08168498168498162,203.23189854392592,True,similarity,SCP,scaffold_2,scaffold,group_contribution
Polyureas,7,0.5714285714285714,-0.3285714285714286,203.2318985439259,False,family,SCP,scaffold_2,scaffold,group_contribution
Polystyrenes,27,0.6666666666666666,-0.2333333333333334,203.23189854392592,True,family,SCP,scaffold_2,scaffold,group_contribution
Polyphosphazenes,6,0.6666666666666666,-0.2333333333333334,203.23189854392592,False,family,SCP,scaffold_2,scaffold,group_contribution
Polyphenylenes,71,0.8450704225352113,-0.05492957746478877,203.23189854392584,True,family,SCP,scaffold_2,scaffold,group_contribution
Polydienes,10,0.9,0.0,203.23189854392595,True,family,SCP,scaffold_2,scaffold,group_contribution
Polyanhydrides,11,0.9090909090909091,0.009090909090909038,203.23189854392595,True,family,SCP,scaffold_2,scaffold,group_contribution
Polyacrylics,134,0.9253731343283582,0.025373134328358193,203.2318985439259,True,family,SCP,scaffold_2,scaffold,group_contribution
Polyurethanes,14,0.9285714285714286,0.02857142857142858,203.23189854392598,True,family,SCP,scaffold_2,scaffold,group_contribution
Polyamides,191,0.9581151832460733,0.05811518324607323,203.23189854392598,True,family,SCP,scaffold_2,scaffold,group_contribution
Polysiloxanes,51,0.9607843137254902,0.0607843137254902,203.23189854392587,True,family,SCP,scaffold_2,scaffold,group_contribution
Polyimides,410,0.975609756097561,0.07560975609756093,203.23189854392598,True,family,SCP,scaffold_2,scaffold,group_contribution
Polyethers,149,0.9798657718120806,0.07986577181208054,203.23189854392592,True,family,SCP,scaffold_2,scaffold,group_contribution
Polyesters,235,0.9872340425531915,0.08723404255319145,203.23189854392598,True,family,SCP,scaffold_2,scaffold,group_contribution
Polyvinyls,20,1.0,0.09999999999999998,203.23189854392595,True,family,SCP,scaffold_2,scaffold,group_contribution
Polyimines,16,1.0,0.09999999999999998,203.23189854392592,True,family,SCP,scaffold_2,scaffold,group_contribution
Polysulfides,10,1.0,0.09999999999999998,203.23189854392595,True,family,SCP,scaffold_2,scaffold,group_contribution
Polycarbonates,17,1.0,0.09999999999999998,203.23189854392592,True,family,SCP,scaffold_2,scaffold,group_contribution
Polyolefins,4,1.0,0.09999999999999998,203.23189854392592,False,family,SCP,scaffold_2,scaffold,group_contribution
Polysulfones,54,1.0,0.09999999999999998,203.23189854392584,True,family,SCP,scaffold_2,scaffold,group_contribution
5,498,0.9457831325301205,0.04578313253012045,165.77491954160794,True,similarity,Mondrian-similarity,scaffold_2,scaffold,group_contribution
2,219,0.954337899543379,0.054337899543378976,223.119931403538,True,similarity,Mondrian-similarity,scaffold_2,scaffold,group_contribution
0,62,0.967741935483871,0.06774193548387097,446.50351814268777,True,similarity,Mondrian-similarity,scaffold_2,scaffold,group_contribution
4,270,0.9740740740740741,0.07407407407407407,209.01796217792906,True,similarity,Mondrian-similarity,scaffold_2,scaffold,group_contribution
1,115,0.991304347826087,0.09130434782608698,397.63984450841645,True,similarity,Mondrian-similarity,scaffold_2,scaffold,group_contribution
3,273,0.9963369963369964,0.09633699633699633,260.54570994890105,True,similarity,Mondrian-similarity,scaffold_2,scaffold,group_contribution
Polyphosphazenes,6,0.6666666666666666,-0.2333333333333334,274.2094789768584,False,family,Mondrian-similarity,scaffold_2,scaffold,group_contribution
Polyphenylenes,71,0.8450704225352113,-0.05492957746478877,284.74694201350655,True,family,Mondrian-similarity,scaffold_2,scaffold,group_contribution
Polyureas,7,0.8571428571428571,-0.04285714285714293,244.50858149737337,False,family,Mondrian-similarity,scaffold_2,scaffold,group_contribution
Polyamides,191,0.9528795811518325,0.052879581151832444,212.74969280168722,True,family,Mondrian-similarity,scaffold_2,scaffold,group_contribution
Polyacrylics,134,0.9626865671641791,0.06268656716417909,247.49461812304256,True,family,Mondrian-similarity,scaffold_2,scaffold,group_contribution
Polyimides,410,0.973170731707317,0.07317073170731703,210.23334313889373,True,family,Mondrian-similarity,scaffold_2,scaffold,group_contribution
Polyesters,235,0.9744680851063829,0.07446808510638292,230.76349625978395,True,family,Mondrian-similarity,scaffold_2,scaffold,group_contribution
Polysiloxanes,51,0.9803921568627451,0.08039215686274503,244.56600426607127,True,family,Mondrian-similarity,scaffold_2,scaffold,group_contribution
Polyethers,149,0.9865771812080537,0.08657718120805369,216.5816399681185,True,family,Mondrian-similarity,scaffold_2,scaffold,group_contribution
Polysulfides,10,1.0,0.09999999999999998,182.97842310018694,True,family,Mondrian-similarity,scaffold_2,scaffold,group_contribution
Polyurethanes,14,1.0,0.09999999999999998,239.7538063576537,True,family,Mondrian-similarity,scaffold_2,scaffold,group_contribution
Polystyrenes,27,1.0,0.09999999999999998,329.30544504077966,True,family,Mondrian-similarity,scaffold_2,scaffold,group_contribution
Polyvinyls,20,1.0,0.09999999999999998,303.4200427836102,True,family,Mondrian-similarity,scaffold_2,scaffold,group_contribution
Polyolefins,4,1.0,0.09999999999999998,201.73269382525103,False,family,Mondrian-similarity,scaffold_2,scaffold,group_contribution
Polyimines,16,1.0,0.09999999999999998,286.5752381995232,True,family,Mondrian-similarity,scaffold_2,scaffold,group_contribution
Polydienes,10,1.0,0.09999999999999998,322.09737808027205,True,family,Mondrian-similarity,scaffold_2,scaffold,group_contribution
Polycarbonates,17,1.0,0.09999999999999998,274.5627895446735,True,family,Mondrian-similarity,scaffold_2,scaffold,group_contribution
Polyanhydrides,11,1.0,0.09999999999999998,419.85060525126704,True,family,Mondrian-similarity,scaffold_2,scaffold,group_contribution
Polysulfones,54,1.0,0.09999999999999998,218.66376029023235,True,family,Mondrian-similarity,scaffold_2,scaffold,group_contribution
0,62,0.7903225806451613,-0.10967741935483877,244.25804851808672,True,similarity,Mondrian-family,scaffold_2,scaffold,group_contribution
4,270,0.9333333333333333,0.033333333333333326,181.6087183458778,True,similarity,Mondrian-family,scaffold_2,scaffold,group_contribution
1,115,0.9391304347826087,0.03913043478260869,224.55298552013377,True,similarity,Mondrian-family,scaffold_2,scaffold,group_contribution
3,273,0.9487179487179487,0.048717948717948656,188.98096175028758,True,similarity,Mondrian-family,scaffold_2,scaffold,group_contribution
2,219,0.9497716894977168,0.04977168949771682,200.18065295187236,True,similarity,Mondrian-family,scaffold_2,scaffold,group_contribution
5,498,0.963855421686747,0.06385542168674696,182.03298083836162,True,similarity,Mondrian-family,scaffold_2,scaffold,group_contribution
Polyureas,7,0.5714285714285714,-0.3285714285714286,203.2318985439259,False,family,Mondrian-family,scaffold_2,scaffold,group_contribution
Polystyrenes,27,0.6666666666666666,-0.2333333333333334,241.90795420820248,True,family,Mondrian-family,scaffold_2,scaffold,group_contribution
Polydienes,10,0.9,0.0,203.23189854392595,True,family,Mondrian-family,scaffold_2,scaffold,group_contribution
Polysulfones,54,0.9074074074074074,0.007407407407407418,115.88695158218918,True,family,Mondrian-family,scaffold_2,scaffold,group_contribution
Polyanhydrides,11,0.9090909090909091,0.009090909090909038,203.23189854392595,True,family,Mondrian-family,scaffold_2,scaffold,group_contribution
Polyimides,410,0.926829268292683,0.02682926829268295,147.671773923372,True,family,Mondrian-family,scaffold_2,scaffold,group_contribution
Polyacrylics,134,0.9477611940298507,0.047761194029850684,234.30366378233967,True,family,Mondrian-family,scaffold_2,scaffold,group_contribution
Polyesters,235,0.948936170212766,0.04893617021276597,161.3852171533483,True,family,Mondrian-family,scaffold_2,scaffold,group_contribution
Polyamides,191,0.9528795811518325,0.052879581151832444,189.57648258090185,True,family,Mondrian-family,scaffold_2,scaffold,group_contribution
Polyethers,149,0.9798657718120806,0.07986577181208054,195.1903823122393,True,family,Mondrian-family,scaffold_2,scaffold,group_contribution
Polyphenylenes,71,0.9859154929577465,0.08591549295774648,446.50351814268777,True,family,Mondrian-family,scaffold_2,scaffold,group_contribution
Polyurethanes,14,1.0,0.09999999999999998,298.3375756654873,True,family,Mondrian-family,scaffold_2,scaffold,group_contribution
Polyimines,16,1.0,0.09999999999999998,203.23189854392592,True,family,Mondrian-family,scaffold_2,scaffold,group_contribution
Polyvinyls,20,1.0,0.09999999999999998,173.32902303035226,True,family,Mondrian-family,scaffold_2,scaffold,group_contribution
Polyolefins,4,1.0,0.09999999999999998,255.59491403114737,False,family,Mondrian-family,scaffold_2,scaffold,group_contribution
Polysulfides,10,1.0,0.09999999999999998,203.23189854392595,True,family,Mondrian-family,scaffold_2,scaffold,group_contribution
Polycarbonates,17,1.0,0.09999999999999998,138.33749106263446,True,family,Mondrian-family,scaffold_2,scaffold,group_contribution
Polyphosphazenes,6,1.0,0.09999999999999998,276.02243566837774,False,family,Mondrian-family,scaffold_2,scaffold,group_contribution
Polysiloxanes,51,1.0,0.09999999999999998,250.7132605392463,True,family,Mondrian-family,scaffold_2,scaffold,group_contribution
0,62,0.7580645161290323,-0.14193548387096777,188.80070149823206,True,similarity,Normalised SCP,scaffold_2,scaffold,group_contribution
1,115,0.8956521739130435,-0.004347826086956497,181.59748884993851,True,similarity,Normalised SCP,scaffold_2,scaffold,group_contribution
2,219,0.91324200913242,0.013242009132420018,167.50189529957052,True,similarity,Normalised SCP,scaffold_2,scaffold,group_contribution
5,498,0.9357429718875502,0.03574297188755016,152.45625476915635,True,similarity,Normalised SCP,scaffold_2,scaffold,group_contribution
4,270,0.9444444444444444,0.0444444444444444,161.45088084452453,True,similarity,Normalised SCP,scaffold_2,scaffold,group_contribution
3,273,0.9560439560439561,0.05604395604395607,170.0354899832079,True,similarity,Normalised SCP,scaffold_2,scaffold,group_contribution
Polystyrenes,27,0.6666666666666666,-0.2333333333333334,185.53596990233763,True,family,Normalised SCP,scaffold_2,scaffold,group_contribution
Polysulfides,10,0.8,-0.09999999999999998,145.86581923558592,True,family,Normalised SCP,scaffold_2,scaffold,group_contribution
Polyphenylenes,71,0.8028169014084507,-0.09718309859154928,197.46666925105532,True,family,Normalised SCP,scaffold_2,scaffold,group_contribution
Polyphosphazenes,6,0.8333333333333334,-0.06666666666666665,270.00945592719,False,family,Normalised SCP,scaffold_2,scaffold,group_contribution
Polyurethanes,14,0.8571428571428571,-0.04285714285714293,141.1448798190933,True,family,Normalised SCP,scaffold_2,scaffold,group_contribution
Polyacrylics,134,0.8955223880597015,-0.004477611940298498,185.7186516469871,True,family,Normalised SCP,scaffold_2,scaffold,group_contribution
Polyanhydrides,11,0.9090909090909091,0.009090909090909038,254.05546914781752,True,family,Normalised SCP,scaffold_2,scaffold,group_contribution
Polyamides,191,0.9214659685863874,0.021465968586387385,150.9029249524363,True,family,Normalised SCP,scaffold_2,scaffold,group_contribution
Polyesters,235,0.9404255319148936,0.04042553191489362,150.47596578937714,True,family,Normalised SCP,scaffold_2,scaffold,group_contribution
Polyimides,410,0.9439024390243902,0.04390243902439017,161.2926043931649,True,family,Normalised SCP,scaffold_2,scaffold,group_contribution
Polysulfones,54,0.9444444444444444,0.0444444444444444,135.35037022668905,True,family,Normalised SCP,scaffold_2,scaffold,group_contribution
Polysiloxanes,51,0.9607843137254902,0.0607843137254902,187.19257428456038,True,family,Normalised SCP,scaffold_2,scaffold,group_contribution
Polyethers,149,0.9664429530201343,0.06644295302013425,150.3126132319084,True,family,Normalised SCP,scaffold_2,scaffold,group_contribution
Polyureas,7,1.0,0.09999999999999998,235.2421824528187,False,family,Normalised SCP,scaffold_2,scaffold,group_contribution
Polydienes,10,1.0,0.09999999999999998,241.85589668684443,True,family,Normalised SCP,scaffold_2,scaffold,group_contribution
Polyimines,16,1.0,0.09999999999999998,144.29415513109316,True,family,Normalised SCP,scaffold_2,scaffold,group_contribution
Polycarbonates,17,1.0,0.09999999999999998,157.2684102292176,True,family,Normalised SCP,scaffold_2,scaffold,group_contribution
Polyolefins,4,1.0,0.09999999999999998,216.0641822175753,False,family,Normalised SCP,scaffold_2,scaffold,group_contribution
Polyvinyls,20,1.0,0.09999999999999998,198.16371549962497,True,family,Normalised SCP,scaffold_2,scaffold,group_contribution
0,79,0.7215189873417721,-0.1784810126582279,193.288461747726,True,similarity,SCP,scaffold_3,scaffold,group_contribution
1,105,0.8857142857142857,-0.014285714285714346,193.2884617477259,True,similarity,SCP,scaffold_3,scaffold,group_contribution
3,232,0.9051724137931034,0.005172413793103403,193.2884617477259,True,similarity,SCP,scaffold_3,scaffold,group_contribution
2,223,0.9327354260089686,0.032735426008968616,193.28846174772588,True,similarity,SCP,scaffold_3,scaffold,group_contribution
4,274,0.9379562043795621,0.03795620437956204,193.28846174772593,True,similarity,SCP,scaffold_3,scaffold,group_contribution
5,523,0.9617590822179732,0.061759082217973216,193.2884617477259,True,similarity,SCP,scaffold_3,scaffold,group_contribution
Polyolefins,12,0.5,-0.4,193.28846174772593,True,family,SCP,scaffold_3,scaffold,group_contribution
Polyphosphazenes,11,0.6363636363636364,-0.26363636363636367,193.28846174772596,True,family,SCP,scaffold_3,scaffold,group_contribution
Polyureas,7,0.7142857142857143,-0.18571428571428572,193.28846174772593,False,family,SCP,scaffold_3,scaffold,group_contribution
Polydienes,4,0.75,-0.15000000000000002,193.28846174772593,False,family,SCP,scaffold_3,scaffold,group_contribution
Polyimines,16,0.75,-0.15000000000000002,193.28846174772593,True,family,SCP,scaffold_3,scaffold,group_contribution
Polyvinyls,10,0.8,-0.09999999999999998,193.28846174772593,True,family,SCP,scaffold_3,scaffold,group_contribution
Polyurethanes,42,0.8571428571428571,-0.04285714285714293,193.28846174772593,True,family,SCP,scaffold_3,scaffold,group_contribution
Polyphenylenes,105,0.8571428571428571,-0.04285714285714293,193.2884617477259,True,family,SCP,scaffold_3,scaffold,group_contribution
Polysiloxanes,35,0.8571428571428571,-0.04285714285714293,193.2884617477259,True,family,SCP,scaffold_3,scaffold,group_contribution
Polyamides,204,0.9019607843137255,0.0019607843137254832,193.2884617477259,True,family,SCP,scaffold_3,scaffold,group_contribution
Polyethers,118,0.923728813559322,0.023728813559321993,193.28846174772585,True,family,SCP,scaffold_3,scaffold,group_contribution
Polystyrenes,15,0.9333333333333333,0.033333333333333326,193.28846174772588,True,family,SCP,scaffold_3,scaffold,group_contribution
Polyimides,489,0.950920245398773,0.050920245398772934,193.2884617477259,True,family,SCP,scaffold_3,scaffold,group_contribution
Polyanhydrides,24,0.9583333333333334,0.05833333333333335,193.28846174772593,True,family,SCP,scaffold_3,scaffold,group_contribution
Polysulfones,58,0.9655172413793104,0.06551724137931036,193.28846174772596,True,family,SCP,scaffold_3,scaffold,group_contribution
Polyesters,175,0.9771428571428571,0.07714285714285707,193.28846174772588,True,family,SCP,scaffold_3,scaffold,group_contribution
Polyacrylics,95,0.9789473684210527,0.07894736842105265,193.28846174772588,True,family,SCP,scaffold_3,scaffold,group_contribution
Polysulfides,10,1.0,0.09999999999999998,193.28846174772593,True,family,SCP,scaffold_3,scaffold,group_contribution
Polyhalo-olefins,2,1.0,0.09999999999999998,193.28846174772593,False,family,SCP,scaffold_3,scaffold,group_contribution
Polycarbonates,4,1.0,0.09999999999999998,193.28846174772593,False,family,SCP,scaffold_3,scaffold,group_contribution
5,523,0.8986615678776291,-0.0013384321223709472,147.01494138294214,True,similarity,Mondrian-similarity,scaffold_3,scaffold,group_contribution
3,232,0.9353448275862069,0.03534482758620683,218.77091133027855,True,similarity,Mondrian-similarity,scaffold_3,scaffold,group_contribution
4,274,0.9379562043795621,0.03795620437956204,191.38435754399234,True,similarity,Mondrian-similarity,scaffold_3,scaffold,group_contribution
1,105,0.9619047619047619,0.06190476190476191,312.685517684647,True,similarity,Mondrian-similarity,scaffold_3,scaffold,group_contribution
2,223,0.968609865470852,0.06860986547085202,271.49620636322487,True,similarity,Mondrian-similarity,scaffold_3,scaffold,group_contribution
0,79,0.9746835443037974,0.07468354430379742,420.368013734599,True,similarity,Mondrian-similarity,scaffold_3,scaffold,group_contribution
Polyphosphazenes,11,0.6363636363636364,-0.26363636363636367,254.84969985258124,True,family,Mondrian-similarity,scaffold_3,scaffold,group_contribution
Polyolefins,12,0.75,-0.15000000000000002,337.3334586953884,True,family,Mondrian-similarity,scaffold_3,scaffold,group_contribution
Polyureas,7,0.8571428571428571,-0.04285714285714293,265.9358438635377,False,family,Mondrian-similarity,scaffold_3,scaffold,group_contribution
Polyurethanes,42,0.8809523809523809,-0.01904761904761909,230.381069650277,True,family,Mondrian-similarity,scaffold_3,scaffold,group_contribution
Polyamides,204,0.8823529411764706,-0.01764705882352946,197.10490248747598,True,family,Mondrian-similarity,scaffold_3,scaffold,group_contribution
Polyphenylenes,105,0.9047619047619048,0.004761904761904745,232.16711096162416,True,family,Mondrian-similarity,scaffold_3,scaffold,group_contribution
Polyimides,489,0.9325153374233128,0.03251533742331281,193.22253773795381,True,family,Mondrian-similarity,scaffold_3,scaffold,group_contribution
Polyimines,16,0.9375,0.03749999999999998,300.97091273207946,True,family,Mondrian-similarity,scaffold_3,scaffold,group_contribution
Polysiloxanes,35,0.9428571428571428,0.042857142857142816,243.22610354204076,True,family,Mondrian-similarity,scaffold_3,scaffold,group_contribution
Polysulfones,58,0.9482758620689655,0.0482758620689655,204.23492097589295,True,family,Mondrian-similarity,scaffold_3,scaffold,group_contribution
Polyethers,118,0.9491525423728814,0.04915254237288136,197.46603436177045,True,family,Mondrian-similarity,scaffold_3,scaffold,group_contribution
Polyacrylics,95,0.968421052631579,0.06842105263157894,252.98441414770642,True,family,Mondrian-similarity,scaffold_3,scaffold,group_contribution
Polyesters,175,0.9828571428571429,0.08285714285714285,219.91474483730082,True,family,Mondrian-similarity,scaffold_3,scaffold,group_contribution
Polysulfides,10,1.0,0.09999999999999998,232.99822849798767,True,family,Mondrian-similarity,scaffold_3,scaffold,group_contribution
Polyhalo-olefins,2,1.0,0.09999999999999998,147.01494138294208,False,family,Mondrian-similarity,scaffold_3,scaffold,group_contribution
Polydienes,4,1.0,0.09999999999999998,305.83016227818734,False,family,Mondrian-similarity,scaffold_3,scaffold,group_contribution
Polyanhydrides,24,1.0,0.09999999999999998,288.06535508477754,True,family,Mondrian-similarity,scaffold_3,scaffold,group_contribution
Polystyrenes,15,1.0,0.09999999999999998,256.061387677439,True,family,Mondrian-similarity,scaffold_3,scaffold,group_contribution
Polyvinyls,10,1.0,0.09999999999999998,265.73792273325216,True,family,Mondrian-similarity,scaffold_3,scaffold,group_contribution
Polycarbonates,4,1.0,0.09999999999999998,238.28692040018018,False,family,Mondrian-similarity,scaffold_3,scaffold,group_contribution
0,79,0.7468354430379747,-0.15316455696202536,205.8790880171687,True,similarity,Mondrian-family,scaffold_3,scaffold,group_contribution
2,223,0.9013452914798207,0.0013452914798206539,193.0241173278034,True,similarity,Mondrian-family,scaffold_3,scaffold,group_contribution
1,105,0.9047619047619048,0.004761904761904745,199.75821511315894,True,similarity,Mondrian-family,scaffold_3,scaffold,group_contribution
3,232,0.9051724137931034,0.005172413793103403,189.84326338020526,True,similarity,Mondrian-family,scaffold_3,scaffold,group_contribution
4,274,0.9306569343065694,0.03065693430656935,184.44568880136225,True,similarity,Mondrian-family,scaffold_3,scaffold,group_contribution
5,523,0.9464627151051626,0.04646271510516253,181.15897369215352,True,similarity,Mondrian-family,scaffold_3,scaffold,group_contribution
Polyureas,7,0.7142857142857143,-0.18571428571428572,193.28846174772593,False,family,Mondrian-family,scaffold_3,scaffold,group_contribution
Polydienes,4,0.75,-0.15000000000000002,193.28846174772593,False,family,Mondrian-family,scaffold_3,scaffold,group_contribution
Polyimines,16,0.75,-0.15000000000000002,193.28846174772593,True,family,Mondrian-family,scaffold_3,scaffold,group_contribution
Polyolefins,12,0.75,-0.15000000000000002,271.49620636322487,True,family,Mondrian-family,scaffold_3,scaffold,group_contribution
Polyvinyls,10,0.8,-0.09999999999999998,218.77091133027852,True,family,Mondrian-family,scaffold_3,scaffold,group_contribution
Polyamides,204,0.8137254901960784,-0.0862745098039216,146.6419588219533,True,family,Mondrian-family,scaffold_3,scaffold,group_contribution
Polyphosphazenes,11,0.8181818181818182,-0.08181818181818179,268.5767388643567,True,family,Mondrian-family,scaffold_3,scaffold,group_contribution
Polysulfones,58,0.8793103448275862,-0.020689655172413834,145.08787470886557,True,family,Mondrian-family,scaffold_3,scaffold,group_contribution
Polyphenylenes,105,0.8952380952380953,-0.004761904761904745,222.38610310239756,True,family,Mondrian-family,scaffold_3,scaffold,group_contribution
Polysiloxanes,35,0.9142857142857143,0.014285714285714235,228.6751199060151,True,family,Mondrian-family,scaffold_3,scaffold,group_contribution
Polyimides,489,0.9386503067484663,0.03865030674846626,181.90642620016425,True,family,Mondrian-family,scaffold_3,scaffold,group_contribution
Polyethers,118,0.940677966101695,0.04067796610169494,201.48677720998882,True,family,Mondrian-family,scaffold_3,scaffold,group_contribution
Polyesters,175,0.9542857142857143,0.05428571428571427,162.34733750708307,True,family,Mondrian-family,scaffold_3,scaffold,group_contribution
Polyanhydrides,24,0.9583333333333334,0.05833333333333335,193.28846174772593,True,family,Mondrian-family,scaffold_3,scaffold,group_contribution
Polyurethanes,42,0.9761904761904762,0.07619047619047614,278.45735510308464,True,family,Mondrian-family,scaffold_3,scaffold,group_contribution
Polyacrylics,95,0.9894736842105263,0.08947368421052626,235.75783327502725,True,family,Mondrian-family,scaffold_3,scaffold,group_contribution
Polyhalo-olefins,2,1.0,0.09999999999999998,193.28846174772593,False,family,Mondrian-family,scaffold_3,scaffold,group_contribution
Polysulfides,10,1.0,0.09999999999999998,193.28846174772593,True,family,Mondrian-family,scaffold_3,scaffold,group_contribution
Polystyrenes,15,1.0,0.09999999999999998,223.0738339825113,True,family,Mondrian-family,scaffold_3,scaffold,group_contribution
Polycarbonates,4,1.0,0.09999999999999998,193.28846174772593,False,family,Mondrian-family,scaffold_3,scaffold,group_contribution
1,105,0.8380952380952381,-0.06190476190476191,192.9633189739193,True,similarity,Normalised SCP,scaffold_3,scaffold,group_contribution
0,79,0.8481012658227848,-0.051898734177215244,233.19016619914612,True,similarity,Normalised SCP,scaffold_3,scaffold,group_contribution
3,232,0.8706896551724138,-0.02931034482758621,171.14308771403557,True,similarity,Normalised SCP,scaffold_3,scaffold,group_contribution
2,223,0.905829596412556,0.005829596412555982,177.73223756516487,True,similarity,Normalised SCP,scaffold_3,scaffold,group_contribution
5,523,0.9311663479923518,0.03116634799235174,161.33374950488272,True,similarity,Normalised SCP,scaffold_3,scaffold,group_contribution
4,274,0.9525547445255474,0.052554744525547425,173.6820264496863,True,similarity,Normalised SCP,scaffold_3,scaffold,group_contribution
Polydienes,4,0.5,-0.4,188.69306409209162,False,family,Normalised SCP,scaffold_3,scaffold,group_contribution
Polyimines,16,0.75,-0.15000000000000002,158.08260996691945,True,family,Normalised SCP,scaffold_3,scaffold,group_contribution
Polyolefins,12,0.75,-0.15000000000000002,309.6459828626048,True,family,Normalised SCP,scaffold_3,scaffold,group_contribution
Polyurethanes,42,0.7619047619047619,-0.13809523809523816,154.54348139537518,True,family,Normalised SCP,scaffold_3,scaffold,group_contribution
Polysiloxanes,35,0.8285714285714286,-0.0714285714285714,177.8001625058588,True,family,Normalised SCP,scaffold_3,scaffold,group_contribution
Polyacrylics,95,0.8526315789473684,-0.047368421052631615,189.9399299132165,True,family,Normalised SCP,scaffold_3,scaffold,group_contribution
Polysulfones,58,0.8620689655172413,-0.037931034482758696,140.86465686126348,True,family,Normalised SCP,scaffold_3,scaffold,group_contribution
Polyamides,204,0.8921568627450981,-0.007843137254901933,178.10231193512632,True,family,Normalised SCP,scaffold_3,scaffold,group_contribution
Polyvinyls,10,0.9,0.0,212.09189246661154,True,family,Normalised SCP,scaffold_3,scaffold,group_contribution
Polyphosphazenes,11,0.9090909090909091,0.009090909090909038,280.17622705252234,True,family,Normalised SCP,scaffold_3,scaffold,group_contribution
Polyethers,118,0.923728813559322,0.023728813559321993,160.60810837697358,True,family,Normalised SCP,scaffold_3,scaffold,group_contribution
Polyphenylenes,105,0.9333333333333333,0.033333333333333326,236.3846686619765,True,family,Normalised SCP,scaffold_3,scaffold,group_contribution
Polystyrenes,15,0.9333333333333333,0.033333333333333326,204.6669468669892,True,family,Normalised SCP,scaffold_3,scaffold,group_contribution
Polyimides,489,0.9366053169734151,0.03660531697341507,166.49220977925177,True,family,Normalised SCP,scaffold_3,scaffold,group_contribution
Polyesters,175,0.9428571428571428,0.042857142857142816,151.05209701760145,True,family,Normalised SCP,scaffold_3,scaffold,group_contribution
Polysulfides,10,1.0,0.09999999999999998,180.94991111452404,True,family,Normalised SCP,scaffold_3,scaffold,group_contribution
Polyanhydrides,24,1.0,0.09999999999999998,134.54162390140374,True,family,Normalised SCP,scaffold_3,scaffold,group_contribution
Polyhalo-olefins,2,1.0,0.09999999999999998,316.3661953106087,False,family,Normalised SCP,scaffold_3,scaffold,group_contribution
Polyureas,7,1.0,0.09999999999999998,237.94910448855398,False,family,Normalised SCP,scaffold_3,scaffold,group_contribution
Polycarbonates,4,1.0,0.09999999999999998,124.35000144514068,False,family,Normalised SCP,scaffold_3,scaffold,group_contribution
0,44,0.7727272727272727,-0.12727272727272732,179.24549904678898,True,similarity,SCP,scaffold_4,scaffold,group_contribution
1,90,0.8777777777777778,-0.022222222222222254,179.245499046789,True,similarity,SCP,scaffold_4,scaffold,group_contribution
2,221,0.9095022624434389,0.00950226244343888,179.24549904678904,True,similarity,SCP,scaffold_4,scaffold,group_contribution
3,284,0.9225352112676056,0.022535211267605604,179.245499046789,True,similarity,SCP,scaffold_4,scaffold,group_contribution
5,511,0.9354207436399217,0.03542074363992165,179.24549904678904,True,similarity,SCP,scaffold_4,scaffold,group_contribution
4,288,0.9444444444444444,0.0444444444444444,179.245499046789,True,similarity,SCP,scaffold_4,scaffold,group_contribution
Polyphosphazenes,11,0.36363636363636365,-0.5363636363636364,179.24549904678904,True,family,SCP,scaffold_4,scaffold,group_contribution
Polyureas,11,0.5454545454545454,-0.3545454545454546,179.24549904678904,True,family,SCP,scaffold_4,scaffold,group_contribution
Polyolefins,12,0.5833333333333334,-0.31666666666666665,179.24549904678904,True,family,SCP,scaffold_4,scaffold,group_contribution
Polyurethanes,32,0.65625,-0.24375000000000002,179.245499046789,True,family,SCP,scaffold_4,scaffold,group_contribution
Polysulfides,6,0.6666666666666666,-0.2333333333333334,179.24549904678904,False,family,SCP,scaffold_4,scaffold,group_contribution
Polydienes,7,0.7142857142857143,-0.18571428571428572,179.24549904678904,False,family,SCP,scaffold_4,scaffold,group_contribution
Polyphenylenes,88,0.8977272727272727,-0.002272727272727315,179.24549904678904,True,family,SCP,scaffold_4,scaffold,group_contribution
Polyamides,157,0.8980891719745223,-0.0019108280254777066,179.24549904678904,True,family,SCP,scaffold_4,scaffold,group_contribution
Polyesters,156,0.9358974358974359,0.03589743589743588,179.245499046789,True,family,SCP,scaffold_4,scaffold,group_contribution
Polyethers,178,0.9382022471910112,0.038202247191011174,179.245499046789,True,family,SCP,scaffold_4,scaffold,group_contribution
Polyanhydrides,33,0.9393939393939394,0.039393939393939426,179.245499046789,True,family,SCP,scaffold_4,scaffold,group_contribution
Polyimides,536,0.9533582089552238,0.05335820895522381,179.24549904678904,True,family,SCP,scaffold_4,scaffold,group_contribution
Polyacrylics,92,0.9565217391304348,0.05652173913043479,179.24549904678904,True,family,SCP,scaffold_4,scaffold,group_contribution
Polysulfones,49,0.9591836734693877,0.05918367346938769,179.24549904678898,True,family,SCP,scaffold_4,scaffold,group_contribution
Polysiloxanes,31,0.967741935483871,0.06774193548387097,179.2454990467889,True,family,SCP,scaffold_4,scaffold,group_contribution
Polyvinyls,6,1.0,0.09999999999999998,179.24549904678904,False,family,SCP,scaffold_4,scaffold,group_contribution
Polycarbonates,12,1.0,0.09999999999999998,179.24549904678904,True,family,SCP,scaffold_4,scaffold,group_contribution
Polystyrenes,11,1.0,0.09999999999999998,179.24549904678904,True,family,SCP,scaffold_4,scaffold,group_contribution
Polyimines,10,1.0,0.09999999999999998,179.245499046789,True,family,SCP,scaffold_4,scaffold,group_contribution
5,511,0.913894324853229,0.013894324853228945,160.37776185867054,True,similarity,Mondrian-similarity,scaffold_4,scaffold,group_contribution
4,288,0.9236111111111112,0.023611111111111138,167.07926363654906,True,similarity,Mondrian-similarity,scaffold_4,scaffold,group_contribution
0,44,0.9545454545454546,0.054545454545454564,365.5715394904593,True,similarity,Mondrian-similarity,scaffold_4,scaffold,group_contribution
3,284,0.9612676056338029,0.061267605633802846,211.65587821168586,True,similarity,Mondrian-similarity,scaffold_4,scaffold,group_contribution
2,221,0.9638009049773756,0.06380090497737556,250.17038447541472,True,similarity,Mondrian-similarity,scaffold_4,scaffold,group_contribution
1,90,0.9888888888888889,0.0888888888888889,385.37922962157336,True,similarity,Mondrian-similarity,scaffold_4,scaffold,group_contribution
Polyphosphazenes,11,0.5454545454545454,-0.3545454545454546,231.57979052508256,True,family,Mondrian-similarity,scaffold_4,scaffold,group_contribution
Polysulfides,6,0.6666666666666666,-0.2333333333333334,242.77431779419302,False,family,Mondrian-similarity,scaffold_4,scaffold,group_contribution
Polyurethanes,32,0.8125,-0.08750000000000002,218.40771977348123,True,family,Mondrian-similarity,scaffold_4,scaffold,group_contribution
Polyureas,11,0.8181818181818182,-0.08181818181818179,240.34643351037423,True,family,Mondrian-similarity,scaffold_4,scaffold,group_contribution
Polyolefins,12,0.8333333333333334,-0.06666666666666665,311.2836301418398,True,family,Mondrian-similarity,scaffold_4,scaffold,group_contribution
Polydienes,7,0.8571428571428571,-0.04285714285714293,299.6280223390051,False,family,Mondrian-similarity,scaffold_4,scaffold,group_contribution
Polyimines,10,0.9,0.0,173.313985840425,True,family,Mondrian-similarity,scaffold_4,scaffold,group_contribution
Polyamides,157,0.9044585987261147,0.004458598726114649,186.07298835690077,True,family,Mondrian-similarity,scaffold_4,scaffold,group_contribution
Polyphenylenes,88,0.9204545454545454,0.020454545454545392,237.44734486603028,True,family,Mondrian-similarity,scaffold_4,scaffold,group_contribution
Polyethers,178,0.9382022471910112,0.038202247191011174,206.79699053063615,True,family,Mondrian-similarity,scaffold_4,scaffold,group_contribution
Polyesters,156,0.9487179487179487,0.048717948717948656,222.684527005135,True,family,Mondrian-similarity,scaffold_4,scaffold,group_contribution
Polyimides,536,0.957089552238806,0.05708955223880596,189.57033103773026,True,family,Mondrian-similarity,scaffold_4,scaffold,group_contribution
Polysulfones,49,0.9591836734693877,0.05918367346938769,205.0075256265473,True,family,Mondrian-similarity,scaffold_4,scaffold,group_contribution
Polyacrylics,92,0.967391304347826,0.06739130434782603,207.45460174356603,True,family,Mondrian-similarity,scaffold_4,scaffold,group_contribution
Polystyrenes,11,1.0,0.09999999999999998,225.1100524610956,True,family,Mondrian-similarity,scaffold_4,scaffold,group_contribution
Polyvinyls,6,1.0,0.09999999999999998,254.70479048993607,False,family,Mondrian-similarity,scaffold_4,scaffold,group_contribution
Polycarbonates,12,1.0,0.09999999999999998,216.00097702963208,True,family,Mondrian-similarity,scaffold_4,scaffold,group_contribution
Polyanhydrides,33,1.0,0.09999999999999998,287.1276611034498,True,family,Mondrian-similarity,scaffold_4,scaffold,group_contribution
Polysiloxanes,31,1.0,0.09999999999999998,211.81343809084663,True,family,Mondrian-similarity,scaffold_4,scaffold,group_contribution
0,44,0.7272727272727273,-0.17272727272727273,212.89416714620822,True,similarity,Mondrian-family,scaffold_4,scaffold,group_contribution
2,221,0.9004524886877828,0.0004524886877828038,188.51939114249416,True,similarity,Mondrian-family,scaffold_4,scaffold,group_contribution
4,288,0.90625,0.006249999999999978,174.2028442219638,True,similarity,Mondrian-family,scaffold_4,scaffold,group_contribution
1,90,0.9111111111111111,0.011111111111111072,214.180892439813,True,similarity,Mondrian-family,scaffold_4,scaffold,group_contribution
3,284,0.9190140845070423,0.019014084507042228,182.20569154095256,True,similarity,Mondrian-family,scaffold_4,scaffold,group_contribution
5,511,0.9217221135029354,0.021722113502935403,169.08747352764047,True,similarity,Mondrian-family,scaffold_4,scaffold,group_contribution
Polyphosphazenes,11,0.36363636363636365,-0.5363636363636364,179.24549904678904,True,family,Mondrian-family,scaffold_4,scaffold,group_contribution
Polyureas,11,0.5454545454545454,-0.3545454545454546,179.24549904678904,True,family,Mondrian-family,scaffold_4,scaffold,group_contribution
Polycarbonates,12,0.6666666666666666,-0.2333333333333334,111.34315256353193,True,family,Mondrian-family,scaffold_4,scaffold,group_contribution
Polysulfides,6,0.6666666666666666,-0.2333333333333334,179.24549904678904,False,family,Mondrian-family,scaffold_4,scaffold,group_contribution
Polydienes,7,0.7142857142857143,-0.18571428571428572,179.24549904678904,False,family,Mondrian-family,scaffold_4,scaffold,group_contribution
Polyamides,157,0.8598726114649682,-0.04012738853503184,151.5696954434589,True,family,Mondrian-family,scaffold_4,scaffold,group_contribution
Polyesters,156,0.8717948717948718,-0.028205128205128216,160.64586334228017,True,family,Mondrian-family,scaffold_4,scaffold,group_contribution
Polyimides,536,0.9123134328358209,0.01231343283582087,153.3257381604369,True,family,Mondrian-family,scaffold_4,scaffold,group_contribution
Polysulfones,49,0.9183673469387755,0.01836734693877551,153.00235640688982,True,family,Mondrian-family,scaffold_4,scaffold,group_contribution
Polyethers,178,0.9213483146067416,0.02134831460674158,170.24029110081278,True,family,Mondrian-family,scaffold_4,scaffold,group_contribution
Polyanhydrides,33,0.9393939393939394,0.039393939393939426,179.245499046789,True,family,Mondrian-family,scaffold_4,scaffold,group_contribution
Polyacrylics,92,0.967391304347826,0.06739130434782603,183.92375892379235,True,family,Mondrian-family,scaffold_4,scaffold,group_contribution
Polyurethanes,32,1.0,0.09999999999999998,289.0082424012494,True,family,Mondrian-family,scaffold_4,scaffold,group_contribution
Polystyrenes,11,1.0,0.09999999999999998,187.02783302212148,True,family,Mondrian-family,scaffold_4,scaffold,group_contribution
Polyolefins,12,1.0,0.09999999999999998,431.6612878534547,True,family,Mondrian-family,scaffold_4,scaffold,group_contribution
Polyphenylenes,88,1.0,0.09999999999999998,372.24680450316646,True,family,Mondrian-family,scaffold_4,scaffold,group_contribution
Polyvinyls,6,1.0,0.09999999999999998,264.78228655412704,False,family,Mondrian-family,scaffold_4,scaffold,group_contribution
Polysiloxanes,31,1.0,0.09999999999999998,216.68043082140957,True,family,Mondrian-family,scaffold_4,scaffold,group_contribution
Polyimines,10,1.0,0.09999999999999998,179.245499046789,True,family,Mondrian-family,scaffold_4,scaffold,group_contribution
0,44,0.8181818181818182,-0.08181818181818179,190.49162427568407,True,similarity,Normalised SCP,scaffold_4,scaffold,group_contribution
2,221,0.8733031674208145,-0.026696832579185537,171.08206144680176,True,similarity,Normalised SCP,scaffold_4,scaffold,group_contribution
5,511,0.8786692759295499,-0.021330724070450113,145.52762796119453,True,similarity,Normalised SCP,scaffold_4,scaffold,group_contribution
1,90,0.8888888888888888,-0.011111111111111183,181.14349499171698,True,similarity,Normalised SCP,scaffold_4,scaffold,group_contribution
4,288,0.8958333333333334,-0.004166666666666652,153.8412096498874,True,similarity,Normalised SCP,scaffold_4,scaffold,group_contribution
3,284,0.9295774647887324,0.029577464788732355,167.9022088460631,True,similarity,Normalised SCP,scaffold_4,scaffold,group_contribution
Polysulfides,6,0.6666666666666666,-0.2333333333333334,178.00804116558493,False,family,Normalised SCP,scaffold_4,scaffold,group_contribution
Polydienes,7,0.7142857142857143,-0.18571428571428572,214.74933943941667,False,family,Normalised SCP,scaffold_4,scaffold,group_contribution
Polyesters,156,0.7628205128205128,-0.13717948717948725,131.86686510428444,True,family,Normalised SCP,scaffold_4,scaffold,group_contribution
Polyphosphazenes,11,0.8181818181818182,-0.08181818181818179,326.93939147243213,True,family,Normalised SCP,scaffold_4,scaffold,group_contribution
Polycarbonates,12,0.8333333333333334,-0.06666666666666665,143.75266327403213,True,family,Normalised SCP,scaffold_4,scaffold,group_contribution
Polyolefins,12,0.8333333333333334,-0.06666666666666665,244.1784783765435,True,family,Normalised SCP,scaffold_4,scaffold,group_contribution
Polysulfones,49,0.8367346938775511,-0.06326530612244896,132.72037388957284,True,family,Normalised SCP,scaffold_4,scaffold,group_contribution
Polyurethanes,32,0.84375,-0.05625000000000002,189.1271720146086,True,family,Normalised SCP,scaffold_4,scaffold,group_contribution
Polyanhydrides,33,0.8484848484848485,-0.051515151515151514,110.43609089275755,True,family,Normalised SCP,scaffold_4,scaffold,group_contribution
Polyamides,157,0.8980891719745223,-0.0019108280254777066,184.2855623236881,True,family,Normalised SCP,scaffold_4,scaffold,group_contribution
Polyimines,10,0.9,0.0,117.56279166378859,True,family,Normalised SCP,scaffold_4,scaffold,group_contribution
Polyimides,536,0.9011194029850746,0.0011194029850746245,142.52510117743412,True,family,Normalised SCP,scaffold_4,scaffold,group_contribution
Polyethers,178,0.9157303370786517,0.01573033707865168,151.91744298519652,True,family,Normalised SCP,scaffold_4,scaffold,group_contribution
Polyphenylenes,88,0.9431818181818182,0.04318181818181821,249.86229825258445,True,family,Normalised SCP,scaffold_4,scaffold,group_contribution
Polyacrylics,92,0.967391304347826,0.06739130434782603,153.29223022796683,True,family,Normalised SCP,scaffold_4,scaffold,group_contribution
Polyvinyls,6,1.0,0.09999999999999998,194.26891423378166,False,family,Normalised SCP,scaffold_4,scaffold,group_contribution
Polyureas,11,1.0,0.09999999999999998,234.59138297565943,True,family,Normalised SCP,scaffold_4,scaffold,group_contribution
Polystyrenes,11,1.0,0.09999999999999998,198.91652923089558,True,family,Normalised SCP,scaffold_4,scaffold,group_contribution
Polysiloxanes,31,1.0,0.09999999999999998,183.445694712482,True,family,Normalised SCP,scaffold_4,scaffold,group_contribution
0,208,0.8413461538461539,-0.05865384615384617,199.80013721150866,True,similarity,SCP,scaffold_5,scaffold,group_contribution
1,309,0.8964401294498382,-0.0035598705501618255,199.8001372115087,True,similarity,SCP,scaffold_5,scaffold,group_contribution
2,332,0.927710843373494,0.027710843373493943,199.80013721150868,True,similarity,SCP,scaffold_5,scaffold,group_contribution
3,253,0.9288537549407114,0.028853754940711407,199.80013721150866,True,similarity,SCP,scaffold_5,scaffold,group_contribution
4,244,0.9467213114754098,0.04672131147540981,199.80013721150868,True,similarity,SCP,scaffold_5,scaffold,group_contribution
5,425,0.9482352941176471,0.04823529411764704,199.80013721150866,True,similarity,SCP,scaffold_5,scaffold,group_contribution
Polysulfides,9,0.6666666666666666,-0.2333333333333334,199.80013721150868,False,family,SCP,scaffold_5,scaffold,group_contribution
Polyurethanes,45,0.6888888888888889,-0.21111111111111114,199.80013721150866,True,family,SCP,scaffold_5,scaffold,group_contribution
Polydienes,21,0.7142857142857143,-0.18571428571428572,199.80013721150868,True,family,SCP,scaffold_5,scaffold,group_contribution
Polyphosphazenes,11,0.7272727272727273,-0.17272727272727273,199.80013721150866,True,family,SCP,scaffold_5,scaffold,group_contribution
Polyureas,12,0.8333333333333334,-0.06666666666666665,199.80013721150866,True,family,SCP,scaffold_5,scaffold,group_contribution
Polyphenylenes,123,0.8536585365853658,-0.04634146341463419,199.8001372115087,True,family,SCP,scaffold_5,scaffold,group_contribution
Polyolefins,51,0.8627450980392157,-0.03725490196078429,199.8001372115087,True,family,SCP,scaffold_5,scaffold,group_contribution
Polystyrenes,190,0.9105263157894737,0.010526315789473717,199.8001372115087,True,family,SCP,scaffold_5,scaffold,group_contribution
Polyacrylics,170,0.9117647058823529,0.0117647058823529,199.80013721150868,True,family,SCP,scaffold_5,scaffold,group_contribution
Polyamides,262,0.916030534351145,0.016030534351144987,199.80013721150866,True,family,SCP,scaffold_5,scaffold,group_contribution
Polyethers,144,0.9236111111111112,0.023611111111111138,199.80013721150868,True,family,SCP,scaffold_5,scaffold,group_contribution
Polysulfones,42,0.9523809523809523,0.052380952380952306,199.80013721150868,True,family,SCP,scaffold_5,scaffold,group_contribution
Polysiloxanes,43,0.9534883720930233,0.05348837209302326,199.80013721150866,True,family,SCP,scaffold_5,scaffold,group_contribution
Polyimides,351,0.9572649572649573,0.057264957264957284,199.8001372115087,True,family,SCP,scaffold_5,scaffold,group_contribution
Polyesters,173,0.9710982658959537,0.0710982658959537,199.8001372115087,True,family,SCP,scaffold_5,scaffold,group_contribution
Polyhalo-olefins,3,1.0,0.09999999999999998,199.8001372115087,False,family,SCP,scaffold_5,scaffold,group_contribution
Polycarbonates,13,1.0,0.09999999999999998,199.80013721150866,True,family,SCP,scaffold_5,scaffold,group_contribution
Polyanhydrides,23,1.0,0.09999999999999998,199.80013721150866,True,family,SCP,scaffold_5,scaffold,group_contribution
Polyvinyls,74,1.0,0.09999999999999998,199.80013721150866,True,family,SCP,scaffold_5,scaffold,group_contribution
Polyimines,11,1.0,0.09999999999999998,199.80013721150866,True,family,SCP,scaffold_5,scaffold,group_contribution
5,425,0.9152941176470588,0.015294117647058791,158.69711477838874,True,similarity,Mondrian-similarity,scaffold_5,scaffold,group_contribution
4,244,0.9467213114754098,0.04672131147540981,194.7850045766734,True,similarity,Mondrian-similarity,scaffold_5,scaffold,group_contribution
3,253,0.9525691699604744,0.05256916996047434,251.31951339044465,True,similarity,Mondrian-similarity,scaffold_5,scaffold,group_contribution
2,332,0.9578313253012049,0.05783132530120483,249.3918026487647,True,similarity,Mondrian-similarity,scaffold_5,scaffold,group_contribution
1,309,0.9741100323624595,0.0741100323624595,288.5887276547341,True,similarity,Mondrian-similarity,scaffold_5,scaffold,group_contribution
0,208,0.9855769230769231,0.0855769230769231,482.7320736625555,True,similarity,Mondrian-similarity,scaffold_5,scaffold,group_contribution
Polyurethanes,45,0.7111111111111111,-0.18888888888888888,252.56180537132636,True,family,Mondrian-similarity,scaffold_5,scaffold,group_contribution
Polyphosphazenes,11,0.7272727272727273,-0.17272727272727273,256.80280987039436,True,family,Mondrian-similarity,scaffold_5,scaffold,group_contribution
Polyphenylenes,123,0.8861788617886179,-0.013821138211382089,280.7965661891488,True,family,Mondrian-similarity,scaffold_5,scaffold,group_contribution
Polyureas,12,0.9166666666666666,0.016666666666666607,213.50544313531793,True,family,Mondrian-similarity,scaffold_5,scaffold,group_contribution
Polyamides,262,0.9274809160305344,0.027480916030534375,226.47152887419463,True,family,Mondrian-similarity,scaffold_5,scaffold,group_contribution
Polysulfones,42,0.9523809523809523,0.052380952380952306,231.26066692829494,True,family,Mondrian-similarity,scaffold_5,scaffold,group_contribution
Polyimides,351,0.9544159544159544,0.05441595441595437,191.83047223493,True,family,Mondrian-similarity,scaffold_5,scaffold,group_contribution
Polyacrylics,170,0.9588235294117647,0.05882352941176472,264.7572503857445,True,family,Mondrian-similarity,scaffold_5,scaffold,group_contribution
Polyolefins,51,0.9607843137254902,0.0607843137254902,352.9410893580818,True,family,Mondrian-similarity,scaffold_5,scaffold,group_contribution
Polyesters,173,0.9710982658959537,0.0710982658959537,230.48694920119172,True,family,Mondrian-similarity,scaffold_5,scaffold,group_contribution
Polystyrenes,190,0.9842105263157894,0.0842105263157894,319.679067954089,True,family,Mondrian-similarity,scaffold_5,scaffold,group_contribution
Polyethers,144,0.9930555555555556,0.09305555555555556,254.22887232011803,True,family,Mondrian-similarity,scaffold_5,scaffold,group_contribution
Polyvinyls,74,1.0,0.09999999999999998,349.4988252897815,True,family,Mondrian-similarity,scaffold_5,scaffold,group_contribution
Polyanhydrides,23,1.0,0.09999999999999998,260.92620692393814,True,family,Mondrian-similarity,scaffold_5,scaffold,group_contribution
Polydienes,21,1.0,0.09999999999999998,400.81266436716476,True,family,Mondrian-similarity,scaffold_5,scaffold,group_contribution
Polyhalo-olefins,3,1.0,0.09999999999999998,189.57124764907405,False,family,Mondrian-similarity,scaffold_5,scaffold,group_contribution
Polysulfides,9,1.0,0.09999999999999998,348.79372392185655,False,family,Mondrian-similarity,scaffold_5,scaffold,group_contribution
Polycarbonates,13,1.0,0.09999999999999998,290.2274978532037,True,family,Mondrian-similarity,scaffold_5,scaffold,group_contribution
Polyimines,11,1.0,0.09999999999999998,238.1714435100377,True,family,Mondrian-similarity,scaffold_5,scaffold,group_contribution
Polysiloxanes,43,1.0,0.09999999999999998,294.2754823439458,True,family,Mondrian-similarity,scaffold_5,scaffold,group_contribution
0,208,0.8605769230769231,-0.039423076923076894,234.61552710094753,True,similarity,Mondrian-family,scaffold_5,scaffold,group_contribution
1,309,0.9061488673139159,0.00614886731391584,219.27051866855248,True,similarity,Mondrian-family,scaffold_5,scaffold,group_contribution
2,332,0.927710843373494,0.027710843373493943,209.63310233650904,True,similarity,Mondrian-family,scaffold_5,scaffold,group_contribution
3,253,0.9288537549407114,0.028853754940711407,195.85545994966222,True,similarity,Mondrian-family,scaffold_5,scaffold,group_contribution
5,425,0.9411764705882353,0.04117647058823526,178.14946442372772,True,similarity,Mondrian-family,scaffold_5,scaffold,group_contribution
4,244,0.9508196721311475,0.050819672131147464,179.19672743744127,True,similarity,Mondrian-family,scaffold_5,scaffold,group_contribution
Polysulfides,9,0.6666666666666666,-0.2333333333333334,199.80013721150868,False,family,Mondrian-family,scaffold_5,scaffold,group_contribution
Polydienes,21,0.7142857142857143,-0.18571428571428572,199.80013721150868,True,family,Mondrian-family,scaffold_5,scaffold,group_contribution
Polyphosphazenes,11,0.7272727272727273,-0.17272727272727273,199.80013721150866,True,family,Mondrian-family,scaffold_5,scaffold,group_contribution
Polyurethanes,45,0.7333333333333333,-0.16666666666666674,234.31851466680772,True,family,Mondrian-family,scaffold_5,scaffold,group_contribution
Polyureas,12,0.8333333333333334,-0.06666666666666665,199.80013721150866,True,family,Mondrian-family,scaffold_5,scaffold,group_contribution
Polysulfones,42,0.8809523809523809,-0.01904761904761909,133.2380272644516,True,family,Mondrian-family,scaffold_5,scaffold,group_contribution
Polyphenylenes,123,0.8943089430894309,-0.005691056910569148,225.82901476686664,True,family,Mondrian-family,scaffold_5,scaffold,group_contribution
Polyamides,262,0.9083969465648855,0.008396946564885432,181.3919175417004,True,family,Mondrian-family,scaffold_5,scaffold,group_contribution
Polystyrenes,190,0.9105263157894737,0.010526315789473717,199.8001372115087,True,family,Mondrian-family,scaffold_5,scaffold,group_contribution
Polyethers,144,0.9236111111111112,0.023611111111111138,196.38046220804335,True,family,Mondrian-family,scaffold_5,scaffold,group_contribution
Polyimides,351,0.9316239316239316,0.03162393162393162,158.3310731059821,True,family,Mondrian-family,scaffold_5,scaffold,group_contribution
Polyesters,173,0.9479768786127167,0.04797687861271671,162.37322563430928,True,family,Mondrian-family,scaffold_5,scaffold,group_contribution
Polysiloxanes,43,0.9534883720930233,0.05348837209302326,211.41469052798536,True,family,Mondrian-family,scaffold_5,scaffold,group_contribution
Polyacrylics,170,0.9647058823529412,0.06470588235294117,253.50586390794342,True,family,Mondrian-family,scaffold_5,scaffold,group_contribution
Polyhalo-olefins,3,1.0,0.09999999999999998,199.8001372115087,False,family,Mondrian-family,scaffold_5,scaffold,group_contribution
Polyolefins,51,1.0,0.09999999999999998,418.6932132143897,True,family,Mondrian-family,scaffold_5,scaffold,group_contribution
Polycarbonates,13,1.0,0.09999999999999998,199.80013721150866,True,family,Mondrian-family,scaffold_5,scaffold,group_contribution
Polyanhydrides,23,1.0,0.09999999999999998,199.80013721150866,True,family,Mondrian-family,scaffold_5,scaffold,group_contribution
Polyvinyls,74,1.0,0.09999999999999998,265.8729691779562,True,family,Mondrian-family,scaffold_5,scaffold,group_contribution
Polyimines,11,1.0,0.09999999999999998,199.80013721150866,True,family,Mondrian-family,scaffold_5,scaffold,group_contribution
1,309,0.8737864077669902,-0.026213592233009786,202.46416640308195,True,similarity,Normalised SCP,scaffold_5,scaffold,group_contribution
0,208,0.8798076923076923,-0.02019230769230773,228.30739472387862,True,similarity,Normalised SCP,scaffold_5,scaffold,group_contribution
3,253,0.8893280632411067,-0.01067193675889333,176.69293786110066,True,similarity,Normalised SCP,scaffold_5,scaffold,group_contribution
4,244,0.9016393442622951,0.0016393442622950616,163.59416059345963,True,similarity,Normalised SCP,scaffold_5,scaffold,group_contribution
2,332,0.9337349397590361,0.033734939759036076,196.2209416764457,True,similarity,Normalised SCP,scaffold_5,scaffold,group_contribution
5,425,0.9341176470588235,0.034117647058823475,169.25590264624506,True,similarity,Normalised SCP,scaffold_5,scaffold,group_contribution
Polyurethanes,45,0.6222222222222222,-0.2777777777777778,169.47107171387796,True,family,Normalised SCP,scaffold_5,scaffold,group_contribution
Polysulfides,9,0.6666666666666666,-0.2333333333333334,214.50749204902291,False,family,Normalised SCP,scaffold_5,scaffold,group_contribution
Polyureas,12,0.75,-0.15000000000000002,198.79331613391673,True,family,Normalised SCP,scaffold_5,scaffold,group_contribution
Polyphosphazenes,11,0.8181818181818182,-0.08181818181818179,242.12829794828139,True,family,Normalised SCP,scaffold_5,scaffold,group_contribution
Polyphenylenes,123,0.8536585365853658,-0.04634146341463419,217.6579391089315,True,family,Normalised SCP,scaffold_5,scaffold,group_contribution
Polysulfones,42,0.8809523809523809,-0.01904761904761909,142.5130084204023,True,family,Normalised SCP,scaffold_5,scaffold,group_contribution
Polyethers,144,0.8819444444444444,-0.018055555555555602,187.30186331710496,True,family,Normalised SCP,scaffold_5,scaffold,group_contribution
Polyamides,262,0.9007633587786259,0.0007633587786258778,162.34055306623426,True,family,Normalised SCP,scaffold_5,scaffold,group_contribution
Polyolefins,51,0.9019607843137255,0.0019607843137254832,259.501550712625,True,family,Normalised SCP,scaffold_5,scaffold,group_contribution
Polysiloxanes,43,0.9069767441860465,0.006976744186046435,187.5049072797611,True,family,Normalised SCP,scaffold_5,scaffold,group_contribution
Polyacrylics,170,0.9117647058823529,0.0117647058823529,199.44995747620158,True,family,Normalised SCP,scaffold_5,scaffold,group_contribution
Polyimides,351,0.9287749287749287,0.02877492877492871,161.98637948721068,True,family,Normalised SCP,scaffold_5,scaffold,group_contribution
Polystyrenes,190,0.9315789473684211,0.03157894736842104,227.08348901194418,True,family,Normalised SCP,scaffold_5,scaffold,group_contribution
Polyesters,173,0.9364161849710982,0.03641618497109822,162.07836076862785,True,family,Normalised SCP,scaffold_5,scaffold,group_contribution
Polydienes,21,0.9523809523809523,0.052380952380952306,332.6532708807807,True,family,Normalised SCP,scaffold_5,scaffold,group_contribution
Polyvinyls,74,0.9864864864864865,0.08648648648648649,216.9354109155158,True,family,Normalised SCP,scaffold_5,scaffold,group_contribution
Polycarbonates,13,1.0,0.09999999999999998,182.77228081670543,True,family,Normalised SCP,scaffold_5,scaffold,group_contribution
Polyanhydrides,23,1.0,0.09999999999999998,154.34324263914897,True,family,Normalised SCP,scaffold_5,scaffold,group_contribution
Polyhalo-olefins,3,1.0,0.09999999999999998,273.6992251615487,False,family,Normalised SCP,scaffold_5,scaffold,group_contribution
Polyimines,11,1.0,0.09999999999999998,168.0463668829437,True,family,Normalised SCP,scaffold_5,scaffold,group_contribution
0,78,0.6538461538461539,-0.24615384615384617,183.1601892751502,True,similarity,SCP,scaffold_6,scaffold,group_contribution
2,197,0.934010152284264,0.03401015228426396,183.16018927515026,True,similarity,SCP,scaffold_6,scaffold,group_contribution
4,302,0.9403973509933775,0.04039735099337749,183.16018927515023,True,similarity,SCP,scaffold_6,scaffold,group_contribution
3,263,0.9429657794676806,0.04296577946768054,183.1601892751502,True,similarity,SCP,scaffold_6,scaffold,group_contribution
1,102,0.9607843137254902,0.0607843137254902,183.1601892751502,True,similarity,SCP,scaffold_6,scaffold,group_contribution
5,493,0.973630831643002,0.07363083164300199,183.16018927515023,True,similarity,SCP,scaffold_6,scaffold,group_contribution
Polyphosphazenes,13,0.38461538461538464,-0.5153846153846153,183.16018927515023,True,family,SCP,scaffold_6,scaffold,group_contribution
Polyolefins,19,0.631578947368421,-0.268421052631579,183.1601892751502,True,family,SCP,scaffold_6,scaffold,group_contribution
Polyimines,16,0.8125,-0.08750000000000002,183.16018927515023,True,family,SCP,scaffold_6,scaffold,group_contribution
Polyphenylenes,62,0.8548387096774194,-0.04516129032258065,183.1601892751502,True,family,SCP,scaffold_6,scaffold,group_contribution
Polydienes,7,0.8571428571428571,-0.04285714285714293,183.16018927515026,False,family,SCP,scaffold_6,scaffold,group_contribution
Polyurethanes,28,0.9285714285714286,0.02857142857142858,183.16018927515026,True,family,SCP,scaffold_6,scaffold,group_contribution
Polyanhydrides,30,0.9333333333333333,0.033333333333333326,183.16018927515026,True,family,SCP,scaffold_6,scaffold,group_contribution
Polyamides,231,0.935064935064935,0.03506493506493502,183.1601892751502,True,family,SCP,scaffold_6,scaffold,group_contribution
Polyvinyls,16,0.9375,0.03749999999999998,183.16018927515023,True,family,SCP,scaffold_6,scaffold,group_contribution
Polystyrenes,16,0.9375,0.03749999999999998,183.16018927515023,True,family,SCP,scaffold_6,scaffold,group_contribution
Polyesters,184,0.9456521739130435,0.04565217391304344,183.16018927515023,True,family,SCP,scaffold_6,scaffold,group_contribution
Polyethers,113,0.9557522123893806,0.05575221238938055,183.16018927515026,True,family,SCP,scaffold_6,scaffold,group_contribution
Polysulfones,99,0.9595959595959596,0.059595959595959536,183.16018927515023,True,family,SCP,scaffold_6,scaffold,group_contribution
Polyimides,431,0.9605568445475638,0.060556844547563826,183.1601892751502,True,family,SCP,scaffold_6,scaffold,group_contribution
Polyacrylics,124,0.967741935483871,0.06774193548387097,183.1601892751502,True,family,SCP,scaffold_6,scaffold,group_contribution
Polysiloxanes,31,0.967741935483871,0.06774193548387097,183.1601892751503,True,family,SCP,scaffold_6,scaffold,group_contribution
Polyhalo-olefins,1,1.0,0.09999999999999998,183.16018927515026,False,family,SCP,scaffold_6,scaffold,group_contribution
Polycarbonates,7,1.0,0.09999999999999998,183.16018927515026,False,family,SCP,scaffold_6,scaffold,group_contribution
Polyureas,3,1.0,0.09999999999999998,183.1601892751502,False,family,SCP,scaffold_6,scaffold,group_contribution
Polysulfides,4,1.0,0.09999999999999998,183.1601892751503,False,family,SCP,scaffold_6,scaffold,group_contribution
4,302,0.9139072847682119,0.013907284768211903,168.1567170205508,True,similarity,Mondrian-similarity,scaffold_6,scaffold,group_contribution
5,493,0.9513184584178499,0.05131845841784988,153.2279371069726,True,similarity,Mondrian-similarity,scaffold_6,scaffold,group_contribution
2,197,0.9593908629441624,0.059390862944162404,219.34390775039475,True,similarity,Mondrian-similarity,scaffold_6,scaffold,group_contribution
3,263,0.9657794676806084,0.06577946768060838,214.2795225647519,True,similarity,Mondrian-similarity,scaffold_6,scaffold,group_contribution
1,102,0.9901960784313726,0.09019607843137256,352.82795752350836,True,similarity,Mondrian-similarity,scaffold_6,scaffold,group_contribution
0,78,1.0,0.09999999999999998,473.98261237533694,True,similarity,Mondrian-similarity,scaffold_6,scaffold,group_contribution
Polyphosphazenes,13,0.7692307692307693,-0.13076923076923075,353.7642639076716,True,family,Mondrian-similarity,scaffold_6,scaffold,group_contribution
Polyolefins,19,0.7894736842105263,-0.1105263157894737,353.02238286831886,True,family,Mondrian-similarity,scaffold_6,scaffold,group_contribution
Polyamides,231,0.9264069264069265,0.026406926406926434,174.8281353542797,True,family,Mondrian-similarity,scaffold_6,scaffold,group_contribution
Polyurethanes,28,0.9285714285714286,0.02857142857142858,195.9253114286248,True,family,Mondrian-similarity,scaffold_6,scaffold,group_contribution
Polystyrenes,16,0.9375,0.03749999999999998,270.48713662524403,True,family,Mondrian-similarity,scaffold_6,scaffold,group_contribution
Polyimides,431,0.951276102088167,0.05127610208816702,190.8941682135671,True,family,Mondrian-similarity,scaffold_6,scaffold,group_contribution
Polyphenylenes,62,0.9516129032258065,0.05161290322580647,250.37198311388784,True,family,Mondrian-similarity,scaffold_6,scaffold,group_contribution
Polyesters,184,0.9565217391304348,0.05652173913043479,209.75181877221186,True,family,Mondrian-similarity,scaffold_6,scaffold,group_contribution
Polyethers,113,0.9646017699115044,0.06460176991150435,183.94635051860868,True,family,Mondrian-similarity,scaffold_6,scaffold,group_contribution
Polyanhydrides,30,0.9666666666666667,0.06666666666666665,261.26974804051537,True,family,Mondrian-similarity,scaffold_6,scaffold,group_contribution
Polyacrylics,124,0.9758064516129032,0.07580645161290323,231.146569186686,True,family,Mondrian-similarity,scaffold_6,scaffold,group_contribution
Polysulfones,99,0.98989898989899,0.08989898989898992,238.79110206597161,True,family,Mondrian-similarity,scaffold_6,scaffold,group_contribution
Polyimines,16,1.0,0.09999999999999998,273.7084372898771,True,family,Mondrian-similarity,scaffold_6,scaffold,group_contribution
Polydienes,7,1.0,0.09999999999999998,321.1623253425351,False,family,Mondrian-similarity,scaffold_6,scaffold,group_contribution
Polyhalo-olefins,1,1.0,0.09999999999999998,153.2279371069726,False,family,Mondrian-similarity,scaffold_6,scaffold,group_contribution
Polyvinyls,16,1.0,0.09999999999999998,251.46252609134635,True,family,Mondrian-similarity,scaffold_6,scaffold,group_contribution
Polycarbonates,7,1.0,0.09999999999999998,250.7199652211013,False,family,Mondrian-similarity,scaffold_6,scaffold,group_contribution
Polyureas,3,1.0,0.09999999999999998,241.79993412695865,False,family,Mondrian-similarity,scaffold_6,scaffold,group_contribution
Polysiloxanes,31,1.0,0.09999999999999998,193.09171732787755,True,family,Mondrian-similarity,scaffold_6,scaffold,group_contribution
Polysulfides,4,1.0,0.09999999999999998,188.75202111066747,False,family,Mondrian-similarity,scaffold_6,scaffold,group_contribution
0,78,0.6923076923076923,-0.20769230769230773,197.91206567934182,True,similarity,Mondrian-family,scaffold_6,scaffold,group_contribution
4,302,0.9172185430463576,0.017218543046357615,171.27131744814366,True,similarity,Mondrian-family,scaffold_6,scaffold,group_contribution
3,263,0.9201520912547528,0.020152091254752813,180.36609930671062,True,similarity,Mondrian-family,scaffold_6,scaffold,group_contribution
2,197,0.9238578680203046,0.02385786802030454,181.94249212520725,True,similarity,Mondrian-family,scaffold_6,scaffold,group_contribution
1,102,0.9411764705882353,0.04117647058823526,190.1063919880688,True,similarity,Mondrian-family,scaffold_6,scaffold,group_contribution
5,493,0.9574036511156186,0.057403651115618626,168.88615367794816,True,similarity,Mondrian-family,scaffold_6,scaffold,group_contribution
Polyphosphazenes,13,0.38461538461538464,-0.5153846153846153,183.16018927515023,True,family,Mondrian-family,scaffold_6,scaffold,group_contribution
Polyolefins,19,0.7894736842105263,-0.1105263157894737,267.3204917134604,True,family,Mondrian-family,scaffold_6,scaffold,group_contribution
Polyimines,16,0.8125,-0.08750000000000002,183.16018927515023,True,family,Mondrian-family,scaffold_6,scaffold,group_contribution
Polydienes,7,0.8571428571428571,-0.04285714285714293,183.16018927515026,False,family,Mondrian-family,scaffold_6,scaffold,group_contribution
Polyimides,431,0.9071925754060325,0.007192575406032464,145.88566436524232,True,family,Mondrian-family,scaffold_6,scaffold,group_contribution
Polyamides,231,0.9134199134199135,0.013419913419913443,152.79980088822177,True,family,Mondrian-family,scaffold_6,scaffold,group_contribution
Polyphenylenes,62,0.9193548387096774,0.019354838709677358,251.70476226177232,True,family,Mondrian-family,scaffold_6,scaffold,group_contribution
Polyurethanes,28,0.9285714285714286,0.02857142857142858,252.96996229830083,True,family,Mondrian-family,scaffold_6,scaffold,group_contribution
Polysulfones,99,0.9292929292929293,0.02929292929292926,154.55663615974169,True,family,Mondrian-family,scaffold_6,scaffold,group_contribution
Polyanhydrides,30,0.9333333333333333,0.033333333333333326,183.16018927515026,True,family,Mondrian-family,scaffold_6,scaffold,group_contribution
Polyesters,184,0.9347826086956522,0.034782608695652195,162.89254198723302,True,family,Mondrian-family,scaffold_6,scaffold,group_contribution
Polystyrenes,16,0.9375,0.03749999999999998,210.81812960020886,True,family,Mondrian-family,scaffold_6,scaffold,group_contribution
Polyvinyls,16,0.9375,0.03749999999999998,172.81241908318793,True,family,Mondrian-family,scaffold_6,scaffold,group_contribution
Polysiloxanes,31,0.967741935483871,0.06774193548387097,160.4764103277128,True,family,Mondrian-family,scaffold_6,scaffold,group_contribution
Polyethers,113,0.9734513274336283,0.07345132743362826,219.34390775039478,True,family,Mondrian-family,scaffold_6,scaffold,group_contribution
Polyacrylics,124,0.9838709677419355,0.08387096774193548,251.14767580074974,True,family,Mondrian-family,scaffold_6,scaffold,group_contribution
Polyhalo-olefins,1,1.0,0.09999999999999998,183.16018927515026,False,family,Mondrian-family,scaffold_6,scaffold,group_contribution
Polycarbonates,7,1.0,0.09999999999999998,183.16018927515026,False,family,Mondrian-family,scaffold_6,scaffold,group_contribution
Polyureas,3,1.0,0.09999999999999998,183.1601892751502,False,family,Mondrian-family,scaffold_6,scaffold,group_contribution
Polysulfides,4,1.0,0.09999999999999998,183.1601892751503,False,family,Mondrian-family,scaffold_6,scaffold,group_contribution
0,78,0.7307692307692307,-0.1692307692307693,213.3652903947454,True,similarity,Normalised SCP,scaffold_6,scaffold,group_contribution
2,197,0.868020304568528,-0.031979695431472055,160.89206527917366,True,similarity,Normalised SCP,scaffold_6,scaffold,group_contribution
1,102,0.8725490196078431,-0.027450980392156876,172.14553206229297,True,similarity,Normalised SCP,scaffold_6,scaffold,group_contribution
3,263,0.9011406844106464,0.0011406844106464087,167.78539407211585,True,similarity,Normalised SCP,scaffold_6,scaffold,group_contribution
4,302,0.9139072847682119,0.013907284768211903,144.36548372431946,True,similarity,Normalised SCP,scaffold_6,scaffold,group_contribution
5,493,0.9574036511156186,0.057403651115618626,148.4431548366943,True,similarity,Normalised SCP,scaffold_6,scaffold,group_contribution
Polyphosphazenes,13,0.6153846153846154,-0.2846153846153846,245.32556650167967,True,family,Normalised SCP,scaffold_6,scaffold,group_contribution
Polyolefins,19,0.6842105263157895,-0.21578947368421053,254.68477192788257,True,family,Normalised SCP,scaffold_6,scaffold,group_contribution
Polydienes,7,0.7142857142857143,-0.18571428571428572,171.16152335310477,False,family,Normalised SCP,scaffold_6,scaffold,group_contribution
Polyimines,16,0.75,-0.15000000000000002,153.90345133551784,True,family,Normalised SCP,scaffold_6,scaffold,group_contribution
Polyvinyls,16,0.75,-0.15000000000000002,196.08999643371584,True,family,Normalised SCP,scaffold_6,scaffold,group_contribution
Polyphenylenes,62,0.8064516129032258,-0.09354838709677427,205.52484597363454,True,family,Normalised SCP,scaffold_6,scaffold,group_contribution
Polyacrylics,124,0.8225806451612904,-0.07741935483870965,131.61735331758152,True,family,Normalised SCP,scaffold_6,scaffold,group_contribution
Polycarbonates,7,0.8571428571428571,-0.04285714285714293,117.20797411565754,False,family,Normalised SCP,scaffold_6,scaffold,group_contribution
Polyesters,184,0.8695652173913043,-0.0304347826086957,152.5018301411914,True,family,Normalised SCP,scaffold_6,scaffold,group_contribution
Polyanhydrides,30,0.9,0.0,127.0773474547944,True,family,Normalised SCP,scaffold_6,scaffold,group_contribution
Polyurethanes,28,0.9285714285714286,0.02857142857142858,183.99007930742997,True,family,Normalised SCP,scaffold_6,scaffold,group_contribution
Polysulfones,99,0.9292929292929293,0.02929292929292926,141.29922841001945,True,family,Normalised SCP,scaffold_6,scaffold,group_contribution
Polysiloxanes,31,0.9354838709677419,0.03548387096774186,137.8600626712368,True,family,Normalised SCP,scaffold_6,scaffold,group_contribution
Polyethers,113,0.9469026548672567,0.04690265486725664,146.74591000980428,True,family,Normalised SCP,scaffold_6,scaffold,group_contribution
Polyimides,431,0.9489559164733179,0.04895591647331787,157.41273041980423,True,family,Normalised SCP,scaffold_6,scaffold,group_contribution
Polyamides,231,0.9523809523809523,0.052380952380952306,160.77154727819945,True,family,Normalised SCP,scaffold_6,scaffold,group_contribution
Polystyrenes,16,1.0,0.09999999999999998,226.6356731908253,True,family,Normalised SCP,scaffold_6,scaffold,group_contribution
Polyhalo-olefins,1,1.0,0.09999999999999998,315.6126577014511,False,family,Normalised SCP,scaffold_6,scaffold,group_contribution
Polyureas,3,1.0,0.09999999999999998,213.85697532748907,False,family,Normalised SCP,scaffold_6,scaffold,group_contribution
Polysulfides,4,1.0,0.09999999999999998,165.0613845450725,False,family,Normalised SCP,scaffold_6,scaffold,group_contribution
0,116,0.7758620689655172,-0.12413793103448278,195.05641561844917,True,similarity,SCP,scaffold_7,scaffold,group_contribution
2,177,0.903954802259887,0.00395480225988698,195.05641561844922,True,similarity,SCP,scaffold_7,scaffold,group_contribution
3,251,0.9282868525896414,0.028286852589641365,195.05641561844925,True,similarity,SCP,scaffold_7,scaffold,group_contribution
1,88,0.9318181818181818,0.031818181818181746,195.05641561844922,True,similarity,SCP,scaffold_7,scaffold,group_contribution
4,276,0.9384057971014492,0.0384057971014492,195.05641561844925,True,similarity,SCP,scaffold_7,scaffold,group_contribution
5,527,0.9582542694497154,0.058254269449715346,195.0564156184492,True,similarity,SCP,scaffold_7,scaffold,group_contribution
Polyolefins,17,0.5882352941176471,-0.31176470588235294,195.05641561844925,True,family,SCP,scaffold_7,scaffold,group_contribution
Polydienes,8,0.625,-0.275,195.05641561844925,False,family,SCP,scaffold_7,scaffold,group_contribution
Polyphosphazenes,10,0.7,-0.20000000000000007,195.05641561844922,True,family,SCP,scaffold_7,scaffold,group_contribution
Polyanhydrides,15,0.7333333333333333,-0.16666666666666674,195.0564156184492,True,family,SCP,scaffold_7,scaffold,group_contribution
Polyvinyls,20,0.8,-0.09999999999999998,195.05641561844922,True,family,SCP,scaffold_7,scaffold,group_contribution
Polyurethanes,37,0.8648648648648649,-0.03513513513513511,195.05641561844922,True,family,SCP,scaffold_7,scaffold,group_contribution
Polyphenylenes,129,0.8682170542635659,-0.03178294573643414,195.05641561844925,True,family,SCP,scaffold_7,scaffold,group_contribution
Polyacrylics,62,0.8870967741935484,-0.012903225806451646,195.05641561844934,True,family,SCP,scaffold_7,scaffold,group_contribution
Polyamides,200,0.9,0.0,195.05641561844922,True,family,SCP,scaffold_7,scaffold,group_contribution
Polysiloxanes,25,0.92,0.020000000000000018,195.05641561844925,True,family,SCP,scaffold_7,scaffold,group_contribution
Polyethers,155,0.9419354838709677,0.04193548387096768,195.05641561844925,True,family,SCP,scaffold_7,scaffold,group_contribution
Polyimides,478,0.9602510460251046,0.06025104602510456,195.05641561844917,True,family,SCP,scaffold_7,scaffold,group_contribution
Polyesters,153,0.9673202614379085,0.06732026143790848,195.05641561844922,True,family,SCP,scaffold_7,scaffold,group_contribution
Polysulfones,58,0.9827586206896551,0.08275862068965512,195.0564156184493,True,family,SCP,scaffold_7,scaffold,group_contribution
Polysulfides,10,1.0,0.09999999999999998,195.05641561844922,True,family,SCP,scaffold_7,scaffold,group_contribution
Polyhalo-olefins,8,1.0,0.09999999999999998,195.05641561844925,False,family,SCP,scaffold_7,scaffold,group_contribution
Polycarbonates,25,1.0,0.09999999999999998,195.05641561844925,True,family,SCP,scaffold_7,scaffold,group_contribution
Polystyrenes,18,1.0,0.09999999999999998,195.05641561844925,True,family,SCP,scaffold_7,scaffold,group_contribution
Polyureas,5,1.0,0.09999999999999998,195.05641561844925,False,family,SCP,scaffold_7,scaffold,group_contribution
Polyimines,2,1.0,0.09999999999999998,195.05641561844925,False,family,SCP,scaffold_7,scaffold,group_contribution
0,116,0.9051724137931034,0.005172413793103403,331.25357140228743,True,similarity,Mondrian-similarity,scaffold_7,scaffold,group_contribution
5,527,0.9146110056925996,0.014611005692599544,152.5268678326219,True,similarity,Mondrian-similarity,scaffold_7,scaffold,group_contribution
4,276,0.9202898550724637,0.020289855072463725,174.59723832013833,True,similarity,Mondrian-similarity,scaffold_7,scaffold,group_contribution
2,177,0.9265536723163842,0.02655367231638417,217.7038638859035,True,similarity,Mondrian-similarity,scaffold_7,scaffold,group_contribution
3,251,0.9402390438247012,0.040239043824701226,218.9744132281944,True,similarity,Mondrian-similarity,scaffold_7,scaffold,group_contribution
1,88,0.9772727272727273,0.07727272727272727,296.75363121154766,True,similarity,Mondrian-similarity,scaffold_7,scaffold,group_contribution
Polyphosphazenes,10,0.6,-0.30000000000000004,231.8333888920143,True,family,Mondrian-similarity,scaffold_7,scaffold,group_contribution
Polyolefins,17,0.7647058823529411,-0.1352941176470589,267.06739431785667,True,family,Mondrian-similarity,scaffold_7,scaffold,group_contribution
Polyphenylenes,129,0.8449612403100775,-0.055038759689922556,232.49389217370285,True,family,Mondrian-similarity,scaffold_7,scaffold,group_contribution
Polyurethanes,37,0.8648648648648649,-0.03513513513513511,203.48209659222897,True,family,Mondrian-similarity,scaffold_7,scaffold,group_contribution
Polydienes,8,0.875,-0.025000000000000022,280.6841252447695,False,family,Mondrian-similarity,scaffold_7,scaffold,group_contribution
Polysiloxanes,25,0.88,-0.020000000000000018,219.86645331510692,True,family,Mondrian-similarity,scaffold_7,scaffold,group_contribution
Polyacrylics,62,0.9032258064516129,0.003225806451612856,229.30223715045213,True,family,Mondrian-similarity,scaffold_7,scaffold,group_contribution
Polyamides,200,0.905,0.0050000000000000044,186.9262726790642,True,family,Mondrian-similarity,scaffold_7,scaffold,group_contribution
Polyethers,155,0.9290322580645162,0.029032258064516148,185.35224145615123,True,family,Mondrian-similarity,scaffold_7,scaffold,group_contribution
Polyanhydrides,15,0.9333333333333333,0.033333333333333326,306.32833717578063,True,family,Mondrian-similarity,scaffold_7,scaffold,group_contribution
Polyesters,153,0.9477124183006536,0.047712418300653536,190.68746188913377,True,family,Mondrian-similarity,scaffold_7,scaffold,group_contribution
Polyimides,478,0.9518828451882845,0.051882845188284454,187.2268497554696,True,family,Mondrian-similarity,scaffold_7,scaffold,group_contribution
Polycarbonates,25,0.96,0.05999999999999994,206.08314544651148,True,family,Mondrian-similarity,scaffold_7,scaffold,group_contribution
Polysulfones,58,0.9655172413793104,0.06551724137931036,179.2891531222832,True,family,Mondrian-similarity,scaffold_7,scaffold,group_contribution
Polysulfides,10,1.0,0.09999999999999998,217.53776748835088,True,family,Mondrian-similarity,scaffold_7,scaffold,group_contribution
Polyhalo-olefins,8,1.0,0.09999999999999998,308.91273345607914,False,family,Mondrian-similarity,scaffold_7,scaffold,group_contribution
Polyvinyls,20,1.0,0.09999999999999998,246.90109614252734,True,family,Mondrian-similarity,scaffold_7,scaffold,group_contribution
Polystyrenes,18,1.0,0.09999999999999998,241.39258283256717,True,family,Mondrian-similarity,scaffold_7,scaffold,group_contribution
Polyureas,5,1.0,0.09999999999999998,211.85709302722293,False,family,Mondrian-similarity,scaffold_7,scaffold,group_contribution
Polyimines,2,1.0,0.09999999999999998,174.59723832013833,False,family,Mondrian-similarity,scaffold_7,scaffold,group_contribution
0,116,0.7844827586206896,-0.11551724137931041,224.78202822587264,True,similarity,Mondrian-family,scaffold_7,scaffold,group_contribution
4,276,0.894927536231884,-0.005072463768115987,167.24103479580606,True,similarity,Mondrian-family,scaffold_7,scaffold,group_contribution
3,251,0.9282868525896414,0.028286852589641365,176.66705051971448,True,similarity,Mondrian-family,scaffold_7,scaffold,group_contribution
1,88,0.9318181818181818,0.031818181818181746,234.62984178073896,True,similarity,Mondrian-family,scaffold_7,scaffold,group_contribution
2,177,0.943502824858757,0.043502824858757005,200.53004706072923,True,similarity,Mondrian-family,scaffold_7,scaffold,group_contribution
5,527,0.9468690702087287,0.04686907020872866,173.02289786728232,True,similarity,Mondrian-family,scaffold_7,scaffold,group_contribution
Polydienes,8,0.625,-0.275,195.05641561844925,False,family,Mondrian-family,scaffold_7,scaffold,group_contribution
Polyanhydrides,15,0.7333333333333333,-0.16666666666666674,195.0564156184492,True,family,Mondrian-family,scaffold_7,scaffold,group_contribution
Polyolefins,17,0.8235294117647058,-0.07647058823529418,299.97035907332406,True,family,Mondrian-family,scaffold_7,scaffold,group_contribution
Polyamides,200,0.85,-0.050000000000000044,149.6023163709804,True,family,Mondrian-family,scaffold_7,scaffold,group_contribution
Polyvinyls,20,0.85,-0.050000000000000044,243.94586150379573,True,family,Mondrian-family,scaffold_7,scaffold,group_contribution
Polyurethanes,37,0.8648648648648649,-0.03513513513513511,192.88275342924953,True,family,Mondrian-family,scaffold_7,scaffold,group_contribution
Polysiloxanes,25,0.92,0.020000000000000018,188.39422485428986,True,family,Mondrian-family,scaffold_7,scaffold,group_contribution
Polyesters,153,0.9215686274509803,0.021568627450980316,148.66577655938306,True,family,Mondrian-family,scaffold_7,scaffold,group_contribution
Polysulfones,58,0.9310344827586207,0.03103448275862064,119.19362997353495,True,family,Mondrian-family,scaffold_7,scaffold,group_contribution
Polyimides,478,0.9330543933054394,0.033054393305439356,157.76522721563396,True,family,Mondrian-family,scaffold_7,scaffold,group_contribution
Polyethers,155,0.9354838709677419,0.03548387096774186,172.66759595296753,True,family,Mondrian-family,scaffold_7,scaffold,group_contribution
Polyacrylics,62,0.9354838709677419,0.03548387096774186,263.55971780601044,True,family,Mondrian-family,scaffold_7,scaffold,group_contribution
Polyphenylenes,129,0.9689922480620154,0.06899224806201543,331.2535714022874,True,family,Mondrian-family,scaffold_7,scaffold,group_contribution
Polyureas,5,1.0,0.09999999999999998,195.05641561844925,False,family,Mondrian-family,scaffold_7,scaffold,group_contribution
Polysulfides,10,1.0,0.09999999999999998,195.05641561844922,True,family,Mondrian-family,scaffold_7,scaffold,group_contribution
Polyhalo-olefins,8,1.0,0.09999999999999998,195.05641561844925,False,family,Mondrian-family,scaffold_7,scaffold,group_contribution
Polycarbonates,25,1.0,0.09999999999999998,195.05641561844925,True,family,Mondrian-family,scaffold_7,scaffold,group_contribution
Polystyrenes,18,1.0,0.09999999999999998,219.71142703642286,True,family,Mondrian-family,scaffold_7,scaffold,group_contribution
Polyphosphazenes,10,1.0,0.09999999999999998,305.4900458542138,True,family,Mondrian-family,scaffold_7,scaffold,group_contribution
Polyimines,2,1.0,0.09999999999999998,195.05641561844925,False,family,Mondrian-family,scaffold_7,scaffold,group_contribution
0,116,0.8017241379310345,-0.09827586206896555,217.24930108737715,True,similarity,Normalised SCP,scaffold_7,scaffold,group_contribution
1,88,0.8863636363636364,-0.013636363636363669,181.07931085807894,True,similarity,Normalised SCP,scaffold_7,scaffold,group_contribution
5,527,0.9032258064516129,0.003225806451612856,146.0285125420114,True,similarity,Normalised SCP,scaffold_7,scaffold,group_contribution
3,251,0.9123505976095617,0.012350597609561698,170.58665770257522,True,similarity,Normalised SCP,scaffold_7,scaffold,group_contribution
2,177,0.9152542372881356,0.015254237288135575,168.94332288866502,True,similarity,Normalised SCP,scaffold_7,scaffold,group_contribution
4,276,0.9239130434782609,0.023913043478260843,156.93246958787938,True,similarity,Normalised SCP,scaffold_7,scaffold,group_contribution
Polyolefins,17,0.7058823529411765,-0.1941176470588235,275.9770566146066,True,family,Normalised SCP,scaffold_7,scaffold,group_contribution
Polyanhydrides,15,0.7333333333333333,-0.16666666666666674,194.79969715434618,True,family,Normalised SCP,scaffold_7,scaffold,group_contribution
Polydienes,8,0.75,-0.15000000000000002,243.99218947300653,False,family,Normalised SCP,scaffold_7,scaffold,group_contribution
Polysulfides,10,0.8,-0.09999999999999998,194.8265624713584,True,family,Normalised SCP,scaffold_7,scaffold,group_contribution
Polyphosphazenes,10,0.8,-0.09999999999999998,195.5849170247501,True,family,Normalised SCP,scaffold_7,scaffold,group_contribution
Polyurethanes,37,0.8108108108108109,-0.08918918918918917,158.2419555042259,True,family,Normalised SCP,scaffold_7,scaffold,group_contribution
Polyvinyls,20,0.85,-0.050000000000000044,192.06245321207683,True,family,Normalised SCP,scaffold_7,scaffold,group_contribution
Polyacrylics,62,0.8548387096774194,-0.04516129032258065,194.9773174295729,True,family,Normalised SCP,scaffold_7,scaffold,group_contribution
Polyethers,155,0.8838709677419355,-0.016129032258064502,139.45171263383654,True,family,Normalised SCP,scaffold_7,scaffold,group_contribution
Polyamides,200,0.885,-0.015000000000000013,157.79814439063904,True,family,Normalised SCP,scaffold_7,scaffold,group_contribution
Polysulfones,58,0.9137931034482759,0.01379310344827589,119.02208507985496,True,family,Normalised SCP,scaffold_7,scaffold,group_contribution
Polysiloxanes,25,0.92,0.020000000000000018,207.98315829788987,True,family,Normalised SCP,scaffold_7,scaffold,group_contribution
Polyesters,153,0.9215686274509803,0.021568627450980316,158.23707849585293,True,family,Normalised SCP,scaffold_7,scaffold,group_contribution
Polyphenylenes,129,0.9224806201550387,0.02248062015503871,220.22234434047562,True,family,Normalised SCP,scaffold_7,scaffold,group_contribution
Polyimides,478,0.9246861924686193,0.02468619246861925,148.8017307494541,True,family,Normalised SCP,scaffold_7,scaffold,group_contribution
Polystyrenes,18,0.9444444444444444,0.0444444444444444,179.08050249311836,True,family,Normalised SCP,scaffold_7,scaffold,group_contribution
Polycarbonates,25,0.96,0.05999999999999994,147.6372087191511,True,family,Normalised SCP,scaffold_7,scaffold,group_contribution
Polyhalo-olefins,8,1.0,0.09999999999999998,219.52670139057238,False,family,Normalised SCP,scaffold_7,scaffold,group_contribution
Polyureas,5,1.0,0.09999999999999998,180.71254515399337,False,family,Normalised SCP,scaffold_7,scaffold,group_contribution
Polyimines,2,1.0,0.09999999999999998,137.1049234574,False,family,Normalised SCP,scaffold_7,scaffold,group_contribution
0,74,0.8243243243243243,-0.07567567567567568,185.3235483911807,True,similarity,SCP,scaffold_8,scaffold,group_contribution
2,224,0.8883928571428571,-0.011607142857142927,185.32354839118074,True,similarity,SCP,scaffold_8,scaffold,group_contribution
1,139,0.9064748201438849,0.006474820143884896,185.3235483911807,True,similarity,SCP,scaffold_8,scaffold,group_contribution
3,257,0.9221789883268483,0.02217898832684828,185.3235483911807,True,similarity,SCP,scaffold_8,scaffold,group_contribution
4,244,0.9467213114754098,0.04672131147540981,185.32354839118074,True,similarity,SCP,scaffold_8,scaffold,group_contribution
5,542,0.959409594095941,0.05940959409594093,185.3235483911807,True,similarity,SCP,scaffold_8,scaffold,group_contribution
Polyphosphazenes,35,0.2857142857142857,-0.6142857142857143,185.32354839118065,True,family,SCP,scaffold_8,scaffold,group_contribution
Polyolefins,14,0.5714285714285714,-0.3285714285714286,185.32354839118074,True,family,SCP,scaffold_8,scaffold,group_contribution
Polyanhydrides,12,0.75,-0.15000000000000002,185.3235483911807,True,family,SCP,scaffold_8,scaffold,group_contribution
Polydienes,6,0.8333333333333334,-0.06666666666666665,185.32354839118068,False,family,SCP,scaffold_8,scaffold,group_contribution
Polyureas,13,0.8461538461538461,-0.05384615384615388,185.32354839118074,True,family,SCP,scaffold_8,scaffold,group_contribution
Polyvinyls,8,0.875,-0.025000000000000022,185.32354839118068,False,family,SCP,scaffold_8,scaffold,group_contribution
Polystyrenes,12,0.9166666666666666,0.016666666666666607,185.3235483911807,True,family,SCP,scaffold_8,scaffold,group_contribution
Polyamides,204,0.9166666666666666,0.016666666666666607,185.32354839118074,True,family,SCP,scaffold_8,scaffold,group_contribution
Polysiloxanes,26,0.9230769230769231,0.023076923076923106,185.32354839118065,True,family,SCP,scaffold_8,scaffold,group_contribution
Polyurethanes,40,0.925,0.025000000000000022,185.32354839118068,True,family,SCP,scaffold_8,scaffold,group_contribution
Polyphenylenes,104,0.9326923076923077,0.03269230769230769,185.32354839118074,True,family,SCP,scaffold_8,scaffold,group_contribution
Polyethers,192,0.953125,0.05312499999999998,185.3235483911807,True,family,SCP,scaffold_8,scaffold,group_contribution
Polyimides,453,0.9602649006622517,0.06026490066225165,185.32354839118074,True,family,SCP,scaffold_8,scaffold,group_contribution
Polyesters,208,0.9615384615384616,0.06153846153846154,185.32354839118074,True,family,SCP,scaffold_8,scaffold,group_contribution
Polysulfones,55,0.9636363636363636,0.0636363636363636,185.32354839118076,True,family,SCP,scaffold_8,scaffold,group_contribution
Polyacrylics,55,0.9818181818181818,0.08181818181818179,185.32354839118076,True,family,SCP,scaffold_8,scaffold,group_contribution
Polyhalo-olefins,1,1.0,0.09999999999999998,185.32354839118068,False,family,SCP,scaffold_8,scaffold,group_contribution
Polyimines,10,1.0,0.09999999999999998,185.3235483911807,True,family,SCP,scaffold_8,scaffold,group_contribution
Polysulfides,12,1.0,0.09999999999999998,185.3235483911807,True,family,SCP,scaffold_8,scaffold,group_contribution
Polycarbonates,20,1.0,0.09999999999999998,185.3235483911807,True,family,SCP,scaffold_8,scaffold,group_contribution
2,224,0.9107142857142857,0.010714285714285676,206.80236582639535,True,similarity,Mondrian-similarity,scaffold_8,scaffold,group_contribution
5,542,0.9261992619926199,0.026199261992619904,158.99973668163557,True,similarity,Mondrian-similarity,scaffold_8,scaffold,group_contribution
4,244,0.9344262295081968,0.03442622950819674,178.41852828947358,True,similarity,Mondrian-similarity,scaffold_8,scaffold,group_contribution
3,257,0.9455252918287937,0.045525291828793724,213.95810626279265,True,similarity,Mondrian-similarity,scaffold_8,scaffold,group_contribution
1,139,0.9640287769784173,0.06402877697841725,263.44943135633963,True,similarity,Mondrian-similarity,scaffold_8,scaffold,group_contribution
0,74,0.972972972972973,0.072972972972973,315.7922719918081,True,similarity,Mondrian-similarity,scaffold_8,scaffold,group_contribution
Polyphosphazenes,35,0.37142857142857144,-0.5285714285714286,226.9188884183633,True,family,Mondrian-similarity,scaffold_8,scaffold,group_contribution
Polydienes,6,0.8333333333333334,-0.06666666666666665,236.79377458775397,False,family,Mondrian-similarity,scaffold_8,scaffold,group_contribution
Polystyrenes,12,0.8333333333333334,-0.06666666666666665,215.42909639295132,True,family,Mondrian-similarity,scaffold_8,scaffold,group_contribution
Polyureas,13,0.8461538461538461,-0.05384615384615388,230.7545155263065,True,family,Mondrian-similarity,scaffold_8,scaffold,group_contribution
Polyamides,204,0.9117647058823529,0.0117647058823529,181.32667211770843,True,family,Mondrian-similarity,scaffold_8,scaffold,group_contribution
Polyanhydrides,12,0.9166666666666666,0.016666666666666607,261.8936306121348,True,family,Mondrian-similarity,scaffold_8,scaffold,group_contribution
Polysiloxanes,26,0.9230769230769231,0.023076923076923106,203.64300741725918,True,family,Mondrian-similarity,scaffold_8,scaffold,group_contribution
Polyolefins,14,0.9285714285714286,0.02857142857142858,286.08575702453476,True,family,Mondrian-similarity,scaffold_8,scaffold,group_contribution
Polyimides,453,0.9426048565121413,0.0426048565121413,186.5185278446109,True,family,Mondrian-similarity,scaffold_8,scaffold,group_contribution
Polycarbonates,20,0.95,0.04999999999999993,190.9154733476412,True,family,Mondrian-similarity,scaffold_8,scaffold,group_contribution
Polyurethanes,40,0.95,0.04999999999999993,200.27096872852235,True,family,Mondrian-similarity,scaffold_8,scaffold,group_contribution
Polyphenylenes,104,0.9519230769230769,0.05192307692307685,210.44965729150454,True,family,Mondrian-similarity,scaffold_8,scaffold,group_contribution
Polysulfones,55,0.9636363636363636,0.0636363636363636,197.057448734675,True,family,Mondrian-similarity,scaffold_8,scaffold,group_contribution
Polyesters,208,0.9711538461538461,0.07115384615384612,201.189266190661,True,family,Mondrian-similarity,scaffold_8,scaffold,group_contribution
Polyethers,192,0.9739583333333334,0.07395833333333335,192.33018670977017,True,family,Mondrian-similarity,scaffold_8,scaffold,group_contribution
Polyacrylics,55,0.9818181818181818,0.08181818181818179,222.52676297905526,True,family,Mondrian-similarity,scaffold_8,scaffold,group_contribution
Polyvinyls,8,1.0,0.09999999999999998,219.6567599375914,False,family,Mondrian-similarity,scaffold_8,scaffold,group_contribution
Polyhalo-olefins,1,1.0,0.09999999999999998,158.99973668163557,False,family,Mondrian-similarity,scaffold_8,scaffold,group_contribution
Polysulfides,12,1.0,0.09999999999999998,220.54813773532229,True,family,Mondrian-similarity,scaffold_8,scaffold,group_contribution
Polyimines,10,1.0,0.09999999999999998,200.6343436162618,True,family,Mondrian-similarity,scaffold_8,scaffold,group_contribution
0,74,0.8513513513513513,-0.04864864864864871,194.15049781283568,True,similarity,Mondrian-family,scaffold_8,scaffold,group_contribution
2,224,0.8571428571428571,-0.04285714285714293,174.14902327150892,True,similarity,Mondrian-family,scaffold_8,scaffold,group_contribution
3,257,0.9027237354085603,0.0027237354085603016,168.1836285346501,True,similarity,Mondrian-family,scaffold_8,scaffold,group_contribution
1,139,0.9136690647482014,0.013669064748201398,179.15142767667518,True,similarity,Mondrian-family,scaffold_8,scaffold,group_contribution
4,244,0.9221311475409836,0.022131147540983553,167.25909547511878,True,similarity,Mondrian-family,scaffold_8,scaffold,group_contribution
5,542,0.9372693726937269,0.03726937269372688,165.5101146386697,True,similarity,Mondrian-family,scaffold_8,scaffold,group_contribution
Polyphosphazenes,35,0.2857142857142857,-0.6142857142857143,185.32354839118065,True,family,Mondrian-family,scaffold_8,scaffold,group_contribution
Polyanhydrides,12,0.75,-0.15000000000000002,185.3235483911807,True,family,Mondrian-family,scaffold_8,scaffold,group_contribution
Polydienes,6,0.8333333333333334,-0.06666666666666665,185.32354839118068,False,family,Mondrian-family,scaffold_8,scaffold,group_contribution
Polysulfones,55,0.8363636363636363,-0.06363636363636371,121.14951260304628,True,family,Mondrian-family,scaffold_8,scaffold,group_contribution
Polyureas,13,0.8461538461538461,-0.05384615384615388,185.32354839118074,True,family,Mondrian-family,scaffold_8,scaffold,group_contribution
Polyamides,204,0.8921568627450981,-0.007843137254901933,156.50951594579965,True,family,Mondrian-family,scaffold_8,scaffold,group_contribution
Polyesters,208,0.9038461538461539,0.0038461538461538325,147.24802923565352,True,family,Mondrian-family,scaffold_8,scaffold,group_contribution
Polystyrenes,12,0.9166666666666666,0.016666666666666607,190.44809127164436,True,family,Mondrian-family,scaffold_8,scaffold,group_contribution
Polyethers,192,0.921875,0.021874999999999978,153.52849149927965,True,family,Mondrian-family,scaffold_8,scaffold,group_contribution
Polysiloxanes,26,0.9230769230769231,0.023076923076923106,185.32354839118065,True,family,Mondrian-family,scaffold_8,scaffold,group_contribution
Polyolefins,14,0.9285714285714286,0.02857142857142858,269.7632265216199,True,family,Mondrian-family,scaffold_8,scaffold,group_contribution
Polyimides,453,0.9426048565121413,0.0426048565121413,167.46077159572653,True,family,Mondrian-family,scaffold_8,scaffold,group_contribution
Polyurethanes,40,0.95,0.04999999999999993,231.08605774783268,True,family,Mondrian-family,scaffold_8,scaffold,group_contribution
Polyphenylenes,104,0.9615384615384616,0.06153846153846154,208.72794322285316,True,family,Mondrian-family,scaffold_8,scaffold,group_contribution
Polyimines,10,1.0,0.09999999999999998,185.3235483911807,True,family,Mondrian-family,scaffold_8,scaffold,group_contribution
Polysulfides,12,1.0,0.09999999999999998,185.3235483911807,True,family,Mondrian-family,scaffold_8,scaffold,group_contribution
Polyvinyls,8,1.0,0.09999999999999998,263.4494313563396,False,family,Mondrian-family,scaffold_8,scaffold,group_contribution
Polyhalo-olefins,1,1.0,0.09999999999999998,185.32354839118068,False,family,Mondrian-family,scaffold_8,scaffold,group_contribution
Polyacrylics,55,1.0,0.09999999999999998,242.2549250609773,True,family,Mondrian-family,scaffold_8,scaffold,group_contribution
Polycarbonates,20,1.0,0.09999999999999998,185.3235483911807,True,family,Mondrian-family,scaffold_8,scaffold,group_contribution
0,74,0.7837837837837838,-0.11621621621621625,183.652468798406,True,similarity,Normalised SCP,scaffold_8,scaffold,group_contribution
2,224,0.8705357142857143,-0.02946428571428572,179.34258026846902,True,similarity,Normalised SCP,scaffold_8,scaffold,group_contribution
3,257,0.8949416342412452,-0.005058365758754846,167.11420734513462,True,similarity,Normalised SCP,scaffold_8,scaffold,group_contribution
4,244,0.9180327868852459,0.0180327868852459,155.958345172177,True,similarity,Normalised SCP,scaffold_8,scaffold,group_contribution
1,139,0.920863309352518,0.02086330935251801,178.85598652328818,True,similarity,Normalised SCP,scaffold_8,scaffold,group_contribution
5,542,0.933579335793358,0.03357933579335792,145.56547963646202,True,similarity,Normalised SCP,scaffold_8,scaffold,group_contribution
Polyphosphazenes,35,0.42857142857142855,-0.4714285714285715,209.72570498282604,True,family,Normalised SCP,scaffold_8,scaffold,group_contribution
Polyvinyls,8,0.625,-0.275,162.2997734771464,False,family,Normalised SCP,scaffold_8,scaffold,group_contribution
Polysiloxanes,26,0.7692307692307693,-0.13076923076923075,162.1569698906099,True,family,Normalised SCP,scaffold_8,scaffold,group_contribution
Polyimines,10,0.8,-0.09999999999999998,174.15845150100765,True,family,Normalised SCP,scaffold_8,scaffold,group_contribution
Polyanhydrides,12,0.8333333333333334,-0.06666666666666665,191.99315307939,True,family,Normalised SCP,scaffold_8,scaffold,group_contribution
Polyureas,13,0.8461538461538461,-0.05384615384615388,195.6707780553077,True,family,Normalised SCP,scaffold_8,scaffold,group_contribution
Polyurethanes,40,0.875,-0.025000000000000022,177.78296137954436,True,family,Normalised SCP,scaffold_8,scaffold,group_contribution
Polyacrylics,55,0.9090909090909091,0.009090909090909038,160.3643689828964,True,family,Normalised SCP,scaffold_8,scaffold,group_contribution
Polysulfones,55,0.9090909090909091,0.009090909090909038,128.79964630033948,True,family,Normalised SCP,scaffold_8,scaffold,group_contribution
Polyimides,453,0.9116997792494481,0.011699779249448095,137.46263297617705,True,family,Normalised SCP,scaffold_8,scaffold,group_contribution
Polyphenylenes,104,0.9134615384615384,0.013461538461538414,202.8240510638017,True,family,Normalised SCP,scaffold_8,scaffold,group_contribution
Polysulfides,12,0.9166666666666666,0.016666666666666607,158.73034341439597,True,family,Normalised SCP,scaffold_8,scaffold,group_contribution
Polystyrenes,12,0.9166666666666666,0.016666666666666607,208.24197103796828,True,family,Normalised SCP,scaffold_8,scaffold,group_contribution
Polyamides,204,0.9215686274509803,0.021568627450980316,170.30207522106232,True,family,Normalised SCP,scaffold_8,scaffold,group_contribution
Polyolefins,14,0.9285714285714286,0.02857142857142858,280.76053940984343,True,family,Normalised SCP,scaffold_8,scaffold,group_contribution
Polyethers,192,0.9479166666666666,0.04791666666666661,157.10147544185438,True,family,Normalised SCP,scaffold_8,scaffold,group_contribution
Polycarbonates,20,0.95,0.04999999999999993,122.44537656311181,True,family,Normalised SCP,scaffold_8,scaffold,group_contribution
Polyesters,208,0.9519230769230769,0.05192307692307685,169.54088640392868,True,family,Normalised SCP,scaffold_8,scaffold,group_contribution
Polyhalo-olefins,1,1.0,0.09999999999999998,247.8835853281438,False,family,Normalised SCP,scaffold_8,scaffold,group_contribution
Polydienes,6,1.0,0.09999999999999998,249.7079893776436,False,family,Normalised SCP,scaffold_8,scaffold,group_contribution
0,520,0.4230769230769231,-0.47692307692307695,159.9954781178085,True,similarity,SCP,scaffold_9,scaffold,group_contribution
2,258,0.5697674418604651,-0.3302325581395349,159.9954781178085,True,similarity,SCP,scaffold_9,scaffold,group_contribution
1,350,0.5857142857142857,-0.3142857142857143,159.99547811780852,True,similarity,SCP,scaffold_9,scaffold,group_contribution
3,160,0.68125,-0.21875,159.9954781178085,True,similarity,SCP,scaffold_9,scaffold,group_contribution
4,65,0.7692307692307693,-0.13076923076923075,159.9954781178085,True,similarity,SCP,scaffold_9,scaffold,group_contribution
5,84,0.9166666666666666,0.016666666666666607,159.99547811780855,True,similarity,SCP,scaffold_9,scaffold,group_contribution
Polyureas,5,0.0,-0.9,159.9954781178085,False,family,SCP,scaffold_9,scaffold,group_contribution
Polyimines,1,0.0,-0.9,159.9954781178085,False,family,SCP,scaffold_9,scaffold,group_contribution
Polyolefins,78,0.19230769230769232,-0.7076923076923077,159.99547811780855,True,family,SCP,scaffold_9,scaffold,group_contribution
Polyvinyls,95,0.3684210526315789,-0.5315789473684212,159.99547811780855,True,family,SCP,scaffold_9,scaffold,group_contribution
Polyphosphazenes,49,0.3877551020408163,-0.5122448979591837,159.9954781178085,True,family,SCP,scaffold_9,scaffold,group_contribution
Polysulfides,16,0.4375,-0.4625,159.9954781178085,True,family,SCP,scaffold_9,scaffold,group_contribution
Polydienes,39,0.46153846153846156,-0.43846153846153846,159.9954781178085,True,family,SCP,scaffold_9,scaffold,group_contribution
Polyacrylics,237,0.48945147679324896,-0.41054852320675106,159.99547811780852,True,family,SCP,scaffold_9,scaffold,group_contribution
Polysulfones,18,0.5,-0.4,159.9954781178085,True,family,SCP,scaffold_9,scaffold,group_contribution
Polyethers,149,0.5369127516778524,-0.36308724832214767,159.99547811780852,True,family,SCP,scaffold_9,scaffold,group_contribution
Polyphenylenes,20,0.55,-0.35,159.9954781178085,True,family,SCP,scaffold_9,scaffold,group_contribution
Polysiloxanes,65,0.5846153846153846,-0.3153846153846154,159.9954781178085,True,family,SCP,scaffold_9,scaffold,group_contribution
Polyurethanes,50,0.6,-0.30000000000000004,159.9954781178085,True,family,SCP,scaffold_9,scaffold,group_contribution
Polyamides,157,0.6624203821656051,-0.23757961783439496,159.99547811780852,True,family,SCP,scaffold_9,scaffold,group_contribution
Polyhalo-olefins,45,0.6666666666666666,-0.2333333333333334,159.9954781178085,True,family,SCP,scaffold_9,scaffold,group_contribution
Polyimides,240,0.6833333333333333,-0.21666666666666667,159.9954781178085,True,family,SCP,scaffold_9,scaffold,group_contribution
Polycarbonates,18,0.7222222222222222,-0.1777777777777778,159.9954781178085,True,family,SCP,scaffold_9,scaffold,group_contribution
Polyesters,149,0.7583892617449665,-0.14161073825503356,159.99547811780852,True,family,SCP,scaffold_9,scaffold,group_contribution
Polystyrenes,5,1.0,0.09999999999999998,159.9954781178085,False,family,SCP,scaffold_9,scaffold,group_contribution
Polyanhydrides,1,1.0,0.09999999999999998,159.9954781178085,False,family,SCP,scaffold_9,scaffold,group_contribution
2,258,0.624031007751938,-0.27596899224806204,180.09486340791722,True,similarity,Mondrian-similarity,scaffold_9,scaffold,group_contribution
3,160,0.66875,-0.23125000000000007,155.86031393314252,True,similarity,Mondrian-similarity,scaffold_9,scaffold,group_contribution
4,65,0.8,-0.09999999999999998,167.69958202850762,True,similarity,Mondrian-similarity,scaffold_9,scaffold,group_contribution
0,520,0.8269230769230769,-0.07307692307692315,340.8327674542255,True,similarity,Mondrian-similarity,scaffold_9,scaffold,group_contribution
5,84,0.8809523809523809,-0.01904761904761909,143.901027247891,True,similarity,Mondrian-similarity,scaffold_9,scaffold,group_contribution
1,350,0.9257142857142857,0.02571428571428569,329.6434718404175,True,similarity,Mondrian-similarity,scaffold_9,scaffold,group_contribution
Polyureas,5,0.0,-0.9,162.96387479036156,False,family,Mondrian-similarity,scaffold_9,scaffold,group_contribution
Polyimines,1,0.0,-0.9,340.8327674542255,False,family,Mondrian-similarity,scaffold_9,scaffold,group_contribution
Polyurethanes,50,0.6,-0.30000000000000004,221.84910143984,True,family,Mondrian-similarity,scaffold_9,scaffold,group_contribution
Polydienes,39,0.6410256410256411,-0.25897435897435894,330.55054019384403,True,family,Mondrian-similarity,scaffold_9,scaffold,group_contribution
Polyphenylenes,20,0.7,-0.20000000000000007,274.9554763719826,True,family,Mondrian-similarity,scaffold_9,scaffold,group_contribution
Polyacrylics,237,0.7637130801687764,-0.13628691983122365,281.20773112129444,True,family,Mondrian-similarity,scaffold_9,scaffold,group_contribution
Polyamides,157,0.7643312101910829,-0.13566878980891717,215.0558661664256,True,family,Mondrian-similarity,scaffold_9,scaffold,group_contribution
Polyvinyls,95,0.8,-0.09999999999999998,324.72923136297914,True,family,Mondrian-similarity,scaffold_9,scaffold,group_contribution
Polyethers,149,0.8053691275167785,-0.09463087248322155,287.83779458957116,True,family,Mondrian-similarity,scaffold_9,scaffold,group_contribution
Polyolefins,78,0.8076923076923077,-0.09230769230769231,337.6244050317029,True,family,Mondrian-similarity,scaffold_9,scaffold,group_contribution
Polysiloxanes,65,0.8307692307692308,-0.0692307692307692,311.8563676577179,True,family,Mondrian-similarity,scaffold_9,scaffold,group_contribution
Polysulfones,18,0.8333333333333334,-0.06666666666666665,280.6180878989782,True,family,Mondrian-similarity,scaffold_9,scaffold,group_contribution
Polyimides,240,0.8375,-0.0625,234.02036525373387,True,family,Mondrian-similarity,scaffold_9,scaffold,group_contribution
Polyphosphazenes,49,0.8571428571428571,-0.04285714285714293,332.98534263131796,True,family,Mondrian-similarity,scaffold_9,scaffold,group_contribution
Polyesters,149,0.87248322147651,-0.027516778523489993,218.49336142915809,True,family,Mondrian-similarity,scaffold_9,scaffold,group_contribution
Polysulfides,16,0.875,-0.025000000000000022,316.9637553462619,True,family,Mondrian-similarity,scaffold_9,scaffold,group_contribution
Polycarbonates,18,0.8888888888888888,-0.011111111111111183,218.2186794830275,True,family,Mondrian-similarity,scaffold_9,scaffold,group_contribution
Polyhalo-olefins,45,0.9111111111111111,0.011111111111111072,336.4565065607514,True,family,Mondrian-similarity,scaffold_9,scaffold,group_contribution
Polystyrenes,5,1.0,0.09999999999999998,210.00458509441722,False,family,Mondrian-similarity,scaffold_9,scaffold,group_contribution
Polyanhydrides,1,1.0,0.09999999999999998,329.6434718404174,False,family,Mondrian-similarity,scaffold_9,scaffold,group_contribution
0,520,0.4576923076923077,-0.44230769230769235,173.8332019409642,True,similarity,Mondrian-family,scaffold_9,scaffold,group_contribution
2,258,0.562015503875969,-0.33798449612403103,167.23759418737035,True,similarity,Mondrian-family,scaffold_9,scaffold,group_contribution
3,160,0.59375,-0.30625,159.2264846797418,True,similarity,Mondrian-family,scaffold_9,scaffold,group_contribution
1,350,0.6114285714285714,-0.2885714285714286,169.67653497351463,True,similarity,Mondrian-family,scaffold_9,scaffold,group_contribution
4,65,0.7538461538461538,-0.1461538461538462,147.96481212656613,True,similarity,Mondrian-family,scaffold_9,scaffold,group_contribution
5,84,0.9047619047619048,0.004761904761904745,153.56125337071722,True,similarity,Mondrian-family,scaffold_9,scaffold,group_contribution
Polyureas,5,0.0,-0.9,159.9954781178085,False,family,Mondrian-family,scaffold_9,scaffold,group_contribution
Polyimines,1,0.0,-0.9,159.9954781178085,False,family,Mondrian-family,scaffold_9,scaffold,group_contribution
Polyolefins,78,0.19230769230769232,-0.7076923076923077,159.99547811780855,True,family,Mondrian-family,scaffold_9,scaffold,group_contribution
Polyvinyls,95,0.3684210526315789,-0.5315789473684212,159.99547811780855,True,family,Mondrian-family,scaffold_9,scaffold,group_contribution
Polyphosphazenes,49,0.3877551020408163,-0.5122448979591837,159.9954781178085,True,family,Mondrian-family,scaffold_9,scaffold,group_contribution
Polysulfides,16,0.4375,-0.4625,159.9954781178085,True,family,Mondrian-family,scaffold_9,scaffold,group_contribution
Polydienes,39,0.46153846153846156,-0.43846153846153846,159.9954781178085,True,family,Mondrian-family,scaffold_9,scaffold,group_contribution
Polysulfones,18,0.5,-0.4,146.68938173766344,True,family,Mondrian-family,scaffold_9,scaffold,group_contribution
Polyamides,157,0.5286624203821656,-0.3713375796178344,140.68102430672437,True,family,Mondrian-family,scaffold_9,scaffold,group_contribution
Polyethers,149,0.5906040268456376,-0.3093959731543624,200.89458937859786,True,family,Mondrian-family,scaffold_9,scaffold,group_contribution
Polyimides,240,0.5958333333333333,-0.3041666666666667,135.16271545707332,True,family,Mondrian-family,scaffold_9,scaffold,group_contribution
Polyphenylenes,20,0.6,-0.30000000000000004,184.93058368224575,True,family,Mondrian-family,scaffold_9,scaffold,group_contribution
Polyacrylics,237,0.6540084388185654,-0.24599156118143461,209.90740722380832,True,family,Mondrian-family,scaffold_9,scaffold,group_contribution
Polyhalo-olefins,45,0.6666666666666666,-0.2333333333333334,159.9954781178085,True,family,Mondrian-family,scaffold_9,scaffold,group_contribution
Polyesters,149,0.6711409395973155,-0.22885906040268456,137.01482960071198,True,family,Mondrian-family,scaffold_9,scaffold,group_contribution
Polysiloxanes,65,0.7076923076923077,-0.1923076923076923,187.7364325923429,True,family,Mondrian-family,scaffold_9,scaffold,group_contribution
Polycarbonates,18,0.7222222222222222,-0.1777777777777778,159.9954781178085,True,family,Mondrian-family,scaffold_9,scaffold,group_contribution
Polyurethanes,50,0.76,-0.14,224.4186485446887,True,family,Mondrian-family,scaffold_9,scaffold,group_contribution
Polystyrenes,5,1.0,0.09999999999999998,203.33274142931407,False,family,Mondrian-family,scaffold_9,scaffold,group_contribution
Polyanhydrides,1,1.0,0.09999999999999998,159.9954781178085,False,family,Mondrian-family,scaffold_9,scaffold,group_contribution
0,520,0.5634615384615385,-0.33653846153846156,222.29206414696395,True,similarity,Normalised SCP,scaffold_9,scaffold,group_contribution
2,258,0.6085271317829457,-0.2914728682170543,177.18340833661722,True,similarity,Normalised SCP,scaffold_9,scaffold,group_contribution
1,350,0.7028571428571428,-0.19714285714285718,200.1320201116942,True,similarity,Normalised SCP,scaffold_9,scaffold,group_contribution
3,160,0.8,-0.09999999999999998,189.20633936470534,True,similarity,Normalised SCP,scaffold_9,scaffold,group_contribution
4,65,0.8923076923076924,-0.007692307692307665,167.12224591623604,True,similarity,Normalised SCP,scaffold_9,scaffold,group_contribution
5,84,0.9523809523809523,0.052380952380952306,145.79124828639198,True,similarity,Normalised SCP,scaffold_9,scaffold,group_contribution
Polyimines,1,0.0,-0.9,213.3469785753,False,family,Normalised SCP,scaffold_9,scaffold,group_contribution
Polyolefins,78,0.4358974358974359,-0.4641025641025641,239.528846006704,True,family,Normalised SCP,scaffold_9,scaffold,group_contribution
Polyvinyls,95,0.4631578947368421,-0.4368421052631579,205.51594915447146,True,family,Normalised SCP,scaffold_9,scaffold,group_contribution
Polysulfones,18,0.5,-0.4,180.75664702904703,True,family,Normalised SCP,scaffold_9,scaffold,group_contribution
Polyphosphazenes,49,0.5306122448979592,-0.3693877551020408,238.9994057119918,True,family,Normalised SCP,scaffold_9,scaffold,group_contribution
Polyethers,149,0.5570469798657718,-0.34295302013422824,174.31654797790588,True,family,Normalised SCP,scaffold_9,scaffold,group_contribution
Polyacrylics,237,0.569620253164557,-0.330379746835443,190.86955062975318,True,family,Normalised SCP,scaffold_9,scaffold,group_contribution
Polyureas,5,0.6,-0.30000000000000004,211.96781747005593,False,family,Normalised SCP,scaffold_9,scaffold,group_contribution
Polydienes,39,0.6153846153846154,-0.2846153846153846,277.57103637251134,True,family,Normalised SCP,scaffold_9,scaffold,group_contribution
Polysulfides,16,0.625,-0.275,226.1111518072663,True,family,Normalised SCP,scaffold_9,scaffold,group_contribution
Polyphenylenes,20,0.7,-0.20000000000000007,207.7722057795062,True,family,Normalised SCP,scaffold_9,scaffold,group_contribution
Polysiloxanes,65,0.7230769230769231,-0.17692307692307696,221.0426240055437,True,family,Normalised SCP,scaffold_9,scaffold,group_contribution
Polyhalo-olefins,45,0.7555555555555555,-0.1444444444444445,221.48713013162856,True,family,Normalised SCP,scaffold_9,scaffold,group_contribution
Polyurethanes,50,0.76,-0.14,205.21091430103462,True,family,Normalised SCP,scaffold_9,scaffold,group_contribution
Polyesters,149,0.7651006711409396,-0.13489932885906042,175.0523561197823,True,family,Normalised SCP,scaffold_9,scaffold,group_contribution
Polyimides,240,0.7833333333333333,-0.1166666666666667,185.20360215203084,True,family,Normalised SCP,scaffold_9,scaffold,group_contribution
Polycarbonates,18,0.8333333333333334,-0.06666666666666665,180.17978714832827,True,family,Normalised SCP,scaffold_9,scaffold,group_contribution
Polyamides,157,0.8789808917197452,-0.021019108280254772,196.00812766806314,True,family,Normalised SCP,scaffold_9,scaffold,group_contribution
Polystyrenes,5,1.0,0.09999999999999998,240.1526002121208,False,family,Normalised SCP,scaffold_9,scaffold,group_contribution
Polyanhydrides,1,1.0,0.09999999999999998,136.86310051232246,False,family,Normalised SCP,scaffold_9,scaffold,group_contribution
