group,n,coverage,coverage_error,mean_width,reliable,taxonomy,conformal,split,regime,model
0,1406,0.7788051209103841,-0.1211948790896159,368.0,True,similarity,SCP,cluster_0,cluster,median
2,382,0.8167539267015707,-0.08324607329842937,368.0,True,similarity,SCP,cluster_0,cluster,median
1,837,0.8530465949820788,-0.046953405017921224,368.0,True,similarity,SCP,cluster_0,cluster,median
3,86,0.9186046511627907,0.018604651162790642,368.0,True,similarity,SCP,cluster_0,cluster,median
4,5,1.0,0.09999999999999998,368.0,False,similarity,SCP,cluster_0,cluster,median
Polyphosphazenes,104,0.2692307692307692,-0.6307692307692307,368.0,True,family,SCP,cluster_0,cluster,median
Other backbone,37,0.3783783783783784,-0.5216216216216216,368.0,True,family,SCP,cluster_0,cluster,median
Polysiloxanes,203,0.39901477832512317,-0.5009852216748769,368.0,True,family,SCP,cluster_0,cluster,median
Polysulfides,5,0.6,-0.30000000000000004,368.0,False,family,SCP,cluster_0,cluster,median
Polyesters,648,0.7839506172839507,-0.11604938271604937,368.0,True,family,SCP,cluster_0,cluster,median
Polycarbonates,155,0.8193548387096774,-0.08064516129032262,368.0,True,family,SCP,cluster_0,cluster,median
Polydienes,17,0.8235294117647058,-0.07647058823529418,368.0,True,family,SCP,cluster_0,cluster,median
Polyimines,6,0.8333333333333334,-0.06666666666666665,368.0,False,family,SCP,cluster_0,cluster,median
Polyurethanes,169,0.8698224852071006,-0.03017751479289943,368.0,True,family,SCP,cluster_0,cluster,median
Polystyrenes,16,0.875,-0.025000000000000022,368.0,True,family,SCP,cluster_0,cluster,median
Polyphenylenes,42,0.8809523809523809,-0.01904761904761909,368.0,True,family,SCP,cluster_0,cluster,median
Polyacrylics,498,0.9056224899598394,0.005622489959839383,368.0,True,family,SCP,cluster_0,cluster,median
Polyvinyls,32,0.90625,0.006249999999999978,368.0,True,family,SCP,cluster_0,cluster,median
Polyethers,157,0.9299363057324841,0.02993630573248407,368.0,True,family,SCP,cluster_0,cluster,median
Polyamides,437,0.9405034324942791,0.040503432494279124,368.0,True,family,SCP,cluster_0,cluster,median
Polysulfones,29,1.0,0.09999999999999998,368.0,True,family,SCP,cluster_0,cluster,median
Polyhalo-olefins,1,1.0,0.09999999999999998,368.0,False,family,SCP,cluster_0,cluster,median
Polyolefins,32,1.0,0.09999999999999998,368.0,True,family,SCP,cluster_0,cluster,median
Polyureas,11,1.0,0.09999999999999998,368.0,True,family,SCP,cluster_0,cluster,median
Polyimides,81,1.0,0.09999999999999998,368.0,True,family,SCP,cluster_0,cluster,median
Polyanhydrides,36,1.0,0.09999999999999998,368.0,True,family,SCP,cluster_0,cluster,median
0,1406,0.9253200568990043,0.025320056899004295,494.0,True,similarity,Mondrian-similarity,cluster_0,cluster,median
2,382,0.9319371727748691,0.03193717277486907,444.6,True,similarity,Mondrian-similarity,cluster_0,cluster,median
1,837,0.9689366786140979,0.06893667861409791,508.0,True,similarity,Mondrian-similarity,cluster_0,cluster,median
3,86,0.9883720930232558,0.08837209302325577,404.0,True,similarity,Mondrian-similarity,cluster_0,cluster,median
4,5,1.0,0.09999999999999998,314.0,False,similarity,Mondrian-similarity,cluster_0,cluster,median
Polysiloxanes,203,0.6600985221674877,-0.23990147783251237,492.34876847290644,True,family,Mondrian-similarity,cluster_0,cluster,median
Polyphosphazenes,104,0.7115384615384616,-0.18846153846153846,495.21153846153845,True,family,Mondrian-similarity,cluster_0,cluster,median
Polysulfides,5,0.8,-0.09999999999999998,499.6,False,family,Mondrian-similarity,cluster_0,cluster,median
Other backbone,37,0.8918918918918919,-0.008108108108108136,494.7351351351352,True,family,Mondrian-similarity,cluster_0,cluster,median
Polyesters,648,0.9398148148148148,0.03981481481481475,484.50370370370376,True,family,Mondrian-similarity,cluster_0,cluster,median
Polyacrylics,498,0.9839357429718876,0.08393574297188755,485.889156626506,True,family,Mondrian-similarity,cluster_0,cluster,median
Polyethers,157,0.9872611464968153,0.08726114649681527,486.2458598726115,True,family,Mondrian-similarity,cluster_0,cluster,median
Polyamides,437,0.9931350114416476,0.0931350114416476,491.5633867276888,True,family,Mondrian-similarity,cluster_0,cluster,median
Polycarbonates,155,0.9935483870967742,0.09354838709677415,479.7522580645162,True,family,Mondrian-similarity,cluster_0,cluster,median
Polyurethanes,169,0.9940828402366864,0.09408284023668634,493.88757396449705,True,family,Mondrian-similarity,cluster_0,cluster,median
Polyphenylenes,42,1.0,0.09999999999999998,492.9809523809524,True,family,Mondrian-similarity,cluster_0,cluster,median
Polyimides,81,1.0,0.09999999999999998,484.595061728395,True,family,Mondrian-similarity,cluster_0,cluster,median
Polyureas,11,1.0,0.09999999999999998,500.3636363636364,True,family,Mondrian-similarity,cluster_0,cluster,median
Polystyrenes,16,1.0,0.09999999999999998,472.8,True,family,Mondrian-similarity,cluster_0,cluster,median
Polysulfones,29,1.0,0.09999999999999998,494.6827586206897,True,family,Mondrian-similarity,cluster_0,cluster,median
Polydienes,17,1.0,0.09999999999999998,486.10588235294114,True,family,Mondrian-similarity,cluster_0,cluster,median
Polyvinyls,32,1.0,0.09999999999999998,494.6875,True,family,Mondrian-similarity,cluster_0,cluster,median
Polyhalo-olefins,1,1.0,0.09999999999999998,494.0,False,family,Mondrian-similarity,cluster_0,cluster,median
Polyolefins,32,1.0,0.09999999999999998,494.875,True,family,Mondrian-similarity,cluster_0,cluster,median
Polyanhydrides,36,1.0,0.09999999999999998,499.21666666666664,True,family,Mondrian-similarity,cluster_0,cluster,median
Polyimines,6,1.0,0.09999999999999998,496.3333333333333,False,family,Mondrian-similarity,cluster_0,cluster,median
0,1406,0.7247510668563301,-0.17524893314366996,380.7405405405405,True,similarity,Mondrian-family,cluster_0,cluster,median
1,837,0.7562724014336918,-0.14372759856630823,368.7443249701314,True,similarity,Mondrian-family,cluster_0,cluster,median
2,382,0.8089005235602095,-0.09109947643979055,386.06439790575917,True,similarity,Mondrian-family,cluster_0,cluster,median
3,86,1.0,0.09999999999999998,396.9930232558139,True,similarity,Mondrian-family,cluster_0,cluster,median
4,5,1.0,0.09999999999999998,402.8,False,similarity,Mondrian-family,cluster_0,cluster,median
Polyphosphazenes,104,0.2692307692307692,-0.6307692307692307,368.0,True,family,Mondrian-family,cluster_0,cluster,median
Other backbone,37,0.3783783783783784,-0.5216216216216216,368.0,True,family,Mondrian-family,cluster_0,cluster,median
Polysiloxanes,203,0.39901477832512317,-0.5009852216748769,368.0,True,family,Mondrian-family,cluster_0,cluster,median
Polyamides,437,0.4233409610983982,-0.47665903890160183,226.0,True,family,Mondrian-family,cluster_0,cluster,median
Polysulfides,5,0.6,-0.30000000000000004,368.0,False,family,Mondrian-family,cluster_0,cluster,median
Polycarbonates,155,0.8193548387096774,-0.08064516129032262,368.0,True,family,Mondrian-family,cluster_0,cluster,median
Polyesters,648,0.8225308641975309,-0.07746913580246917,398.0,True,family,Mondrian-family,cluster_0,cluster,median
Polydienes,17,0.8235294117647058,-0.07647058823529418,368.0,True,family,Mondrian-family,cluster_0,cluster,median
Polyimines,6,0.8333333333333334,-0.06666666666666665,368.0,False,family,Mondrian-family,cluster_0,cluster,median
Polyurethanes,169,0.8698224852071006,-0.03017751479289943,368.0,True,family,Mondrian-family,cluster_0,cluster,median
Polysulfones,29,0.896551724137931,-0.0034482758620689724,280.0,True,family,Mondrian-family,cluster_0,cluster,median
Polyphenylenes,42,0.9285714285714286,0.02857142857142858,392.0,True,family,Mondrian-family,cluster_0,cluster,median
Polystyrenes,16,0.9375,0.03749999999999998,390.0,True,family,Mondrian-family,cluster_0,cluster,median
Polyimides,81,0.9382716049382716,0.03827160493827153,284.0,True,family,Mondrian-family,cluster_0,cluster,median
Polyethers,157,0.9872611464968153,0.08726114649681527,444.5999999999999,True,family,Mondrian-family,cluster_0,cluster,median
Polyacrylics,498,0.9879518072289156,0.0879518072289156,496.0,True,family,Mondrian-family,cluster_0,cluster,median
Polyvinyls,32,1.0,0.09999999999999998,460.0,True,family,Mondrian-family,cluster_0,cluster,median
Polyhalo-olefins,1,1.0,0.09999999999999998,368.0,False,family,Mondrian-family,cluster_0,cluster,median
Polyolefins,32,1.0,0.09999999999999998,368.0,True,family,Mondrian-family,cluster_0,cluster,median
Polyureas,11,1.0,0.09999999999999998,368.0,True,family,Mondrian-family,cluster_0,cluster,median
Polyanhydrides,36,1.0,0.09999999999999998,368.0,True,family,Mondrian-family,cluster_0,cluster,median
4,5,0.8,-0.09999999999999998,244.9331952760811,False,similarity,Normalised SCP,cluster_0,cluster,median
0,1406,0.8044096728307255,-0.09559032716927451,414.469793213774,True,similarity,Normalised SCP,cluster_0,cluster,median
2,382,0.8089005235602095,-0.09109947643979055,391.4479446746554,True,similarity,Normalised SCP,cluster_0,cluster,median
1,837,0.8363201911589009,-0.06367980884109914,394.1265962244445,True,similarity,Normalised SCP,cluster_0,cluster,median
3,86,0.9186046511627907,0.018604651162790642,347.34033736036616,True,similarity,Normalised SCP,cluster_0,cluster,median
Other backbone,37,0.4594594594594595,-0.44054054054054054,368.26861432516796,True,family,Normalised SCP,cluster_0,cluster,median
Polyphosphazenes,104,0.5,-0.4,451.9365638969911,True,family,Normalised SCP,cluster_0,cluster,median
Polysiloxanes,203,0.5517241379310345,-0.34827586206896555,454.07866256972403,True,family,Normalised SCP,cluster_0,cluster,median
Polyphenylenes,42,0.5714285714285714,-0.3285714285714286,293.0221678708137,True,family,Normalised SCP,cluster_0,cluster,median
Polysulfones,29,0.5862068965517241,-0.31379310344827593,221.5082413521012,True,family,Normalised SCP,cluster_0,cluster,median
Polysulfides,5,0.6,-0.30000000000000004,292.7005057527441,False,family,Normalised SCP,cluster_0,cluster,median
Polydienes,17,0.7647058823529411,-0.1352941176470589,347.60440153882917,True,family,Normalised SCP,cluster_0,cluster,median
Polyurethanes,169,0.7751479289940828,-0.12485207100591722,382.7198720535796,True,family,Normalised SCP,cluster_0,cluster,median
Polyolefins,32,0.78125,-0.11875000000000002,256.1463468498156,True,family,Normalised SCP,cluster_0,cluster,median
Polyethers,157,0.802547770700637,-0.09745222929936304,307.1615058358951,True,family,Normalised SCP,cluster_0,cluster,median
Polyesters,648,0.8101851851851852,-0.08981481481481479,384.5505672097639,True,family,Normalised SCP,cluster_0,cluster,median
Polystyrenes,16,0.8125,-0.08750000000000002,390.7256670528844,True,family,Normalised SCP,cluster_0,cluster,median
Polyimines,6,0.8333333333333334,-0.06666666666666665,451.0565662304875,False,family,Normalised SCP,cluster_0,cluster,median
Polyvinyls,32,0.875,-0.025000000000000022,407.5376415529362,True,family,Normalised SCP,cluster_0,cluster,median
Polyamides,437,0.919908466819222,0.01990846681922198,386.3055928862347,True,family,Normalised SCP,cluster_0,cluster,median
Polycarbonates,155,0.9225806451612903,0.022580645161290325,401.3344103958901,True,family,Normalised SCP,cluster_0,cluster,median
Polyimides,81,0.9259259259259259,0.025925925925925908,289.21043629449406,True,family,Normalised SCP,cluster_0,cluster,median
Polyacrylics,498,0.9337349397590361,0.033734939759036076,498.4199502039662,True,family,Normalised SCP,cluster_0,cluster,median
Polyanhydrides,36,0.9722222222222222,0.07222222222222219,394.36447607758,True,family,Normalised SCP,cluster_0,cluster,median
Polyureas,11,1.0,0.09999999999999998,408.27812453827994,True,family,Normalised SCP,cluster_0,cluster,median
Polyhalo-olefins,1,1.0,0.09999999999999998,710.4240747100471,False,family,Normalised SCP,cluster_0,cluster,median
0,1406,0.6600284495021337,-0.23997155049786634,130.5479322839684,True,similarity,SCP,cluster_0,cluster,svr
2,382,0.819371727748691,-0.08062827225130897,130.54793228396838,True,similarity,SCP,cluster_0,cluster,svr
1,837,0.8255675029868578,-0.07443249701314225,130.54793228396838,True,similarity,SCP,cluster_0,cluster,svr
3,86,0.8953488372093024,-0.0046511627906976605,130.54793228396844,True,similarity,SCP,cluster_0,cluster,svr
4,5,1.0,0.09999999999999998,130.5479322839684,False,similarity,SCP,cluster_0,cluster,svr
Polyhalo-olefins,1,0.0,-0.9,130.5479322839684,False,family,SCP,cluster_0,cluster,svr
Polyureas,11,0.09090909090909091,-0.8090909090909091,130.54793228396838,True,family,SCP,cluster_0,cluster,svr
Polyphosphazenes,104,0.2403846153846154,-0.6596153846153846,130.54793228396835,True,family,SCP,cluster_0,cluster,svr
Polysiloxanes,203,0.39901477832512317,-0.5009852216748769,130.54793228396838,True,family,SCP,cluster_0,cluster,svr
Polysulfides,5,0.4,-0.5,130.5479322839684,False,family,SCP,cluster_0,cluster,svr
Polyolefins,32,0.40625,-0.49375,130.5479322839684,True,family,SCP,cluster_0,cluster,svr
Polyphenylenes,42,0.5238095238095238,-0.3761904761904762,130.5479322839684,True,family,SCP,cluster_0,cluster,svr
Polydienes,17,0.5882352941176471,-0.31176470588235294,130.5479322839684,True,family,SCP,cluster_0,cluster,svr
Other backbone,37,0.5945945945945946,-0.3054054054054054,130.54793228396838,True,family,SCP,cluster_0,cluster,svr
Polyurethanes,169,0.6094674556213018,-0.29053254437869824,130.54793228396838,True,family,SCP,cluster_0,cluster,svr
Polyimides,81,0.6172839506172839,-0.2827160493827161,130.5479322839684,True,family,SCP,cluster_0,cluster,svr
Polyvinyls,32,0.65625,-0.24375000000000002,130.5479322839684,True,family,SCP,cluster_0,cluster,svr
Polyimines,6,0.6666666666666666,-0.2333333333333334,130.5479322839684,False,family,SCP,cluster_0,cluster,svr
Polysulfones,29,0.6896551724137931,-0.21034482758620687,130.54793228396838,True,family,SCP,cluster_0,cluster,svr
Polyacrylics,498,0.751004016064257,-0.14899598393574298,130.54793228396838,True,family,SCP,cluster_0,cluster,svr
Polystyrenes,16,0.8125,-0.08750000000000002,130.5479322839684,True,family,SCP,cluster_0,cluster,svr
Polyethers,157,0.8280254777070064,-0.07197452229299361,130.5479322839684,True,family,SCP,cluster_0,cluster,svr
Polyesters,648,0.8487654320987654,-0.051234567901234596,130.54793228396838,True,family,SCP,cluster_0,cluster,svr
Polyanhydrides,36,0.8888888888888888,-0.011111111111111183,130.5479322839684,True,family,SCP,cluster_0,cluster,svr
Polycarbonates,155,0.9032258064516129,0.003225806451612856,130.5479322839684,True,family,SCP,cluster_0,cluster,svr
Polyamides,437,0.9176201372997712,0.017620137299771188,130.54793228396838,True,family,SCP,cluster_0,cluster,svr
0,1406,0.9139402560455192,0.013940256045519184,278.4845814387254,True,similarity,Mondrian-similarity,cluster_0,cluster,svr
1,837,0.9151732377538829,0.015173237753882907,181.96840845869247,True,similarity,Mondrian-similarity,cluster_0,cluster,svr
3,86,0.9418604651162791,0.041860465116279055,179.6347126173364,True,similarity,Mondrian-similarity,cluster_0,cluster,svr
2,382,0.9712041884816754,0.07120418848167542,224.7539454570106,True,similarity,Mondrian-similarity,cluster_0,cluster,svr
4,5,1.0,0.09999999999999998,129.06966352303618,False,similarity,Mondrian-similarity,cluster_0,cluster,svr
Polysulfides,5,0.4,-0.5,239.87811224671222,False,family,Mondrian-similarity,cluster_0,cluster,svr
Polyphosphazenes,104,0.5961538461538461,-0.3038461538461539,270.1322203154533,True,family,Mondrian-similarity,cluster_0,cluster,svr
Polysiloxanes,203,0.7142857142857143,-0.18571428571428572,251.3626835393472,True,family,Mondrian-similarity,cluster_0,cluster,svr
Polyolefins,32,0.78125,-0.11875000000000002,272.4523206274733,True,family,Mondrian-similarity,cluster_0,cluster,svr
Other backbone,37,0.8378378378378378,-0.06216216216216219,252.10331579592193,True,family,Mondrian-similarity,cluster_0,cluster,svr
Polyurethanes,169,0.8402366863905325,-0.05976331360946752,240.00678592754772,True,family,Mondrian-similarity,cluster_0,cluster,svr
Polydienes,17,0.8823529411764706,-0.01764705882352946,263.32528256077376,True,family,Mondrian-similarity,cluster_0,cluster,svr
Polyphenylenes,42,0.9285714285714286,0.02857142857142858,266.73396325102146,True,family,Mondrian-similarity,cluster_0,cluster,svr
Polysulfones,29,0.9310344827586207,0.03103448275862064,232.98851303508607,True,family,Mondrian-similarity,cluster_0,cluster,svr
Polyvinyls,32,0.9375,0.03749999999999998,251.26647979304875,True,family,Mondrian-similarity,cluster_0,cluster,svr
Polyimides,81,0.9382716049382716,0.03827160493827153,251.6887202501953,True,family,Mondrian-similarity,cluster_0,cluster,svr
Polyacrylics,498,0.9658634538152611,0.06586345381526104,241.75650576004256,True,family,Mondrian-similarity,cluster_0,cluster,svr
Polyesters,648,0.9660493827160493,0.06604938271604932,227.04338278655263,True,family,Mondrian-similarity,cluster_0,cluster,svr
Polyethers,157,0.9681528662420382,0.0681528662420382,237.96725685840693,True,family,Mondrian-similarity,cluster_0,cluster,svr
Polycarbonates,155,0.9870967741935484,0.08709677419354833,222.56642729284255,True,family,Mondrian-similarity,cluster_0,cluster,svr
Polyamides,437,0.988558352402746,0.08855835240274601,231.16117168093837,True,family,Mondrian-similarity,cluster_0,cluster,svr
Polyhalo-olefins,1,1.0,0.09999999999999998,278.48458143872534,False,family,Mondrian-similarity,cluster_0,cluster,svr
Polyureas,11,1.0,0.09999999999999998,234.61359372052857,True,family,Mondrian-similarity,cluster_0,cluster,svr
Polystyrenes,16,1.0,0.09999999999999998,227.49022020285972,True,family,Mondrian-similarity,cluster_0,cluster,svr
Polyanhydrides,36,1.0,0.09999999999999998,209.66291312022722,True,family,Mondrian-similarity,cluster_0,cluster,svr
Polyimines,6,1.0,0.09999999999999998,262.39855260871985,False,family,Mondrian-similarity,cluster_0,cluster,svr
0,1406,0.6785206258890469,-0.2214793741109531,146.36812096206793,True,similarity,Mondrian-family,cluster_0,cluster,svr
1,837,0.8554360812425329,-0.044563918757467125,157.6193020775589,True,similarity,Mondrian-family,cluster_0,cluster,svr
2,382,0.856020942408377,-0.043979057591623016,163.91193723883228,True,similarity,Mondrian-family,cluster_0,cluster,svr
3,86,0.9534883720930233,0.05348837209302326,159.99554788525796,True,similarity,Mondrian-family,cluster_0,cluster,svr
4,5,1.0,0.09999999999999998,168.12377046011324,False,similarity,Mondrian-family,cluster_0,cluster,svr
Polyhalo-olefins,1,0.0,-0.9,130.5479322839684,False,family,Mondrian-family,cluster_0,cluster,svr
Polyureas,11,0.09090909090909091,-0.8090909090909091,130.54793228396838,True,family,Mondrian-family,cluster_0,cluster,svr
Polyphosphazenes,104,0.2403846153846154,-0.6596153846153846,130.54793228396835,True,family,Mondrian-family,cluster_0,cluster,svr
Polysiloxanes,203,0.39901477832512317,-0.5009852216748769,130.54793228396838,True,family,Mondrian-family,cluster_0,cluster,svr
Polysulfides,5,0.4,-0.5,130.5479322839684,False,family,Mondrian-family,cluster_0,cluster,svr
Polyolefins,32,0.40625,-0.49375,130.5479322839684,True,family,Mondrian-family,cluster_0,cluster,svr
Polydienes,17,0.5882352941176471,-0.31176470588235294,130.5479322839684,True,family,Mondrian-family,cluster_0,cluster,svr
Polyimides,81,0.5925925925925926,-0.30740740740740746,124.84362334284197,True,family,Mondrian-family,cluster_0,cluster,svr
Other backbone,37,0.5945945945945946,-0.3054054054054054,130.54793228396838,True,family,Mondrian-family,cluster_0,cluster,svr
Polyurethanes,169,0.6094674556213018,-0.29053254437869824,130.54793228396838,True,family,Mondrian-family,cluster_0,cluster,svr
Polyphenylenes,42,0.6190476190476191,-0.28095238095238095,158.56022214593833,True,family,Mondrian-family,cluster_0,cluster,svr
Polyvinyls,32,0.625,-0.275,96.48650018617246,True,family,Mondrian-family,cluster_0,cluster,svr
Polyimines,6,0.6666666666666666,-0.2333333333333334,130.5479322839684,False,family,Mondrian-family,cluster_0,cluster,svr
Polysulfones,29,0.6896551724137931,-0.21034482758620687,129.06966352303616,True,family,Mondrian-family,cluster_0,cluster,svr
Polyacrylics,498,0.7369477911646586,-0.16305220883534144,124.73193001615482,True,family,Mondrian-family,cluster_0,cluster,svr
Polyethers,157,0.8089171974522293,-0.09108280254777068,120.86704329292523,True,family,Mondrian-family,cluster_0,cluster,svr
Polystyrenes,16,0.875,-0.025000000000000022,143.19479846131537,True,family,Mondrian-family,cluster_0,cluster,svr
Polyanhydrides,36,0.8888888888888888,-0.011111111111111183,130.5479322839684,True,family,Mondrian-family,cluster_0,cluster,svr
Polycarbonates,155,0.9032258064516129,0.003225806451612856,130.5479322839684,True,family,Mondrian-family,cluster_0,cluster,svr
Polyamides,437,0.9221967963386728,0.022196796338672775,133.71612540297164,True,family,Mondrian-family,cluster_0,cluster,svr
Polyesters,648,0.9660493827160493,0.06604938271604932,228.71943343264246,True,family,Mondrian-family,cluster_0,cluster,svr
0,1406,0.7332859174964438,-0.16671408250355624,164.26945733158647,True,similarity,Normalised SCP,cluster_0,cluster,svr
2,382,0.819371727748691,-0.08062827225130897,133.63504382180457,True,similarity,Normalised SCP,cluster_0,cluster,svr
1,837,0.8530465949820788,-0.046953405017921224,144.89384716381224,True,similarity,Normalised SCP,cluster_0,cluster,svr
3,86,0.8604651162790697,-0.03953488372093028,127.18655172256841,True,similarity,Normalised SCP,cluster_0,cluster,svr
4,5,1.0,0.09999999999999998,137.31464631634444,False,similarity,Normalised SCP,cluster_0,cluster,svr
Polyphosphazenes,104,0.34615384615384615,-0.5538461538461539,181.3378317068996,True,family,Normalised SCP,cluster_0,cluster,svr
Polysiloxanes,203,0.4975369458128079,-0.40246305418719214,165.6090211650464,True,family,Normalised SCP,cluster_0,cluster,svr
Polyolefins,32,0.53125,-0.36875,166.8420857961232,True,family,Normalised SCP,cluster_0,cluster,svr
Polysulfides,5,0.6,-0.30000000000000004,185.3622865209914,False,family,Normalised SCP,cluster_0,cluster,svr
Polyureas,11,0.6363636363636364,-0.26363636363636367,176.20535807487923,True,family,Normalised SCP,cluster_0,cluster,svr
Polyimides,81,0.6419753086419753,-0.25802469135802475,164.78771748785076,True,family,Normalised SCP,cluster_0,cluster,svr
Polyimines,6,0.6666666666666666,-0.2333333333333334,136.08706381441348,False,family,Normalised SCP,cluster_0,cluster,svr
Polysulfones,29,0.6896551724137931,-0.21034482758620687,139.00320155468862,True,family,Normalised SCP,cluster_0,cluster,svr
Polyurethanes,169,0.7100591715976331,-0.18994082840236692,153.51609102904212,True,family,Normalised SCP,cluster_0,cluster,svr
Polyphenylenes,42,0.7619047619047619,-0.13809523809523816,239.06200905441528,True,family,Normalised SCP,cluster_0,cluster,svr
Polyvinyls,32,0.8125,-0.08750000000000002,170.1847029635453,True,family,Normalised SCP,cluster_0,cluster,svr
Polyacrylics,498,0.8132530120481928,-0.08674698795180724,150.51568967853288,True,family,Normalised SCP,cluster_0,cluster,svr
Polyethers,157,0.8343949044585988,-0.06560509554140126,148.8975236400275,True,family,Normalised SCP,cluster_0,cluster,svr
Polyesters,648,0.845679012345679,-0.05432098765432103,137.64221480497466,True,family,Normalised SCP,cluster_0,cluster,svr
Polystyrenes,16,0.875,-0.025000000000000022,150.92362367473999,True,family,Normalised SCP,cluster_0,cluster,svr
Polyamides,437,0.9061784897025171,0.006178489702517109,135.9647793355858,True,family,Normalised SCP,cluster_0,cluster,svr
Polycarbonates,155,0.9096774193548387,0.009677419354838679,151.36144648553662,True,family,Normalised SCP,cluster_0,cluster,svr
Polyanhydrides,36,0.9166666666666666,0.016666666666666607,157.28451090297364,True,family,Normalised SCP,cluster_0,cluster,svr
Other backbone,37,0.918918918918919,0.018918918918918948,300.2261484901909,True,family,Normalised SCP,cluster_0,cluster,svr
Polydienes,17,0.9411764705882353,0.04117647058823526,277.7641119785384,True,family,Normalised SCP,cluster_0,cluster,svr
Polyhalo-olefins,1,1.0,0.09999999999999998,293.38258052987976,False,family,Normalised SCP,cluster_0,cluster,svr
0,1406,0.6955903271692745,-0.20440967283072553,134.4749000000002,True,similarity,SCP,cluster_0,cluster,random_forest
1,837,0.8040621266427718,-0.09593787335722825,134.4749000000002,True,similarity,SCP,cluster_0,cluster,random_forest
2,382,0.8219895287958116,-0.07801047120418847,134.4749000000002,True,similarity,SCP,cluster_0,cluster,random_forest
3,86,0.8953488372093024,-0.0046511627906976605,134.47490000000028,True,similarity,SCP,cluster_0,cluster,random_forest
4,5,1.0,0.09999999999999998,134.47490000000022,False,similarity,SCP,cluster_0,cluster,random_forest
Polyhalo-olefins,1,0.0,-0.9,134.47490000000022,False,family,SCP,cluster_0,cluster,random_forest
Polyphosphazenes,104,0.20192307692307693,-0.698076923076923,134.4749000000002,True,family,SCP,cluster_0,cluster,random_forest
Polysiloxanes,203,0.3793103448275862,-0.5206896551724138,134.4749000000002,True,family,SCP,cluster_0,cluster,random_forest
Polysulfides,5,0.4,-0.5,134.47490000000022,False,family,SCP,cluster_0,cluster,random_forest
Other backbone,37,0.43243243243243246,-0.46756756756756757,134.47490000000022,True,family,SCP,cluster_0,cluster,random_forest
Polyolefins,32,0.46875,-0.43125,134.47490000000022,True,family,SCP,cluster_0,cluster,random_forest
Polyanhydrides,36,0.4722222222222222,-0.4277777777777778,134.47490000000022,True,family,SCP,cluster_0,cluster,random_forest
Polyphenylenes,42,0.5238095238095238,-0.3761904761904762,134.47490000000022,True,family,SCP,cluster_0,cluster,random_forest
Polydienes,17,0.6470588235294118,-0.2529411764705882,134.47490000000022,True,family,SCP,cluster_0,cluster,random_forest
Polystyrenes,16,0.6875,-0.21250000000000002,134.47490000000022,True,family,SCP,cluster_0,cluster,random_forest
Polyurethanes,169,0.7159763313609467,-0.18402366863905328,134.47490000000022,True,family,SCP,cluster_0,cluster,random_forest
Polycarbonates,155,0.7870967741935484,-0.11290322580645162,134.47490000000022,True,family,SCP,cluster_0,cluster,random_forest
Polyimides,81,0.7901234567901234,-0.10987654320987661,134.4749000000002,True,family,SCP,cluster_0,cluster,random_forest
Polyureas,11,0.8181818181818182,-0.08181818181818179,134.4749000000002,True,family,SCP,cluster_0,cluster,random_forest
Polyacrylics,498,0.821285140562249,-0.07871485943775103,134.4749000000002,True,family,SCP,cluster_0,cluster,random_forest
Polyesters,648,0.8287037037037037,-0.0712962962962963,134.47490000000016,True,family,SCP,cluster_0,cluster,random_forest
Polyvinyls,32,0.875,-0.025000000000000022,134.47490000000022,True,family,SCP,cluster_0,cluster,random_forest
Polyamides,437,0.8878718535469108,-0.012128146453089239,134.47490000000022,True,family,SCP,cluster_0,cluster,random_forest
Polyethers,157,0.9171974522292994,0.01719745222929936,134.47490000000025,True,family,SCP,cluster_0,cluster,random_forest
Polysulfones,29,0.9310344827586207,0.03103448275862064,134.47490000000022,True,family,SCP,cluster_0,cluster,random_forest
Polyimines,6,1.0,0.09999999999999998,134.4749000000002,False,family,SCP,cluster_0,cluster,random_forest
2,382,0.8979057591623036,-0.0020942408376963817,156.53176000000005,True,similarity,Mondrian-similarity,cluster_0,cluster,random_forest
1,837,0.9307048984468339,0.030704898446833884,193.42399999999998,True,similarity,Mondrian-similarity,cluster_0,cluster,random_forest
0,1406,0.9523470839260313,0.05234708392603127,293.41100000000006,True,similarity,Mondrian-similarity,cluster_0,cluster,random_forest
3,86,0.9651162790697675,0.06511627906976747,177.09859999999995,True,similarity,Mondrian-similarity,cluster_0,cluster,random_forest
4,5,1.0,0.09999999999999998,140.29040000000003,False,similarity,Mondrian-similarity,cluster_0,cluster,random_forest
Polysulfides,5,0.6,-0.30000000000000004,253.41620000000006,False,family,Mondrian-similarity,cluster_0,cluster,random_forest
Polyphosphazenes,104,0.7980769230769231,-0.1019230769230769,284.7582788461539,True,family,Mondrian-similarity,cluster_0,cluster,random_forest
Other backbone,37,0.8108108108108109,-0.08918918918918917,261.69096,True,family,Mondrian-similarity,cluster_0,cluster,random_forest
Polysiloxanes,203,0.812807881773399,-0.087192118226601,258.04380433497545,True,family,Mondrian-similarity,cluster_0,cluster,random_forest
Polyolefins,32,0.84375,-0.05625000000000002,287.1618125000001,True,family,Mondrian-similarity,cluster_0,cluster,random_forest
Polyurethanes,169,0.8698224852071006,-0.03017751479289943,246.25865088757405,True,family,Mondrian-similarity,cluster_0,cluster,random_forest
Polydienes,17,0.8823529411764706,-0.01764705882352946,263.374251764706,True,family,Mondrian-similarity,cluster_0,cluster,random_forest
Polyanhydrides,36,0.9166666666666666,0.016666666666666607,215.3463966666667,True,family,Mondrian-similarity,cluster_0,cluster,random_forest
Polyimides,81,0.9382716049382716,0.03827160493827153,248.43441382716054,True,family,Mondrian-similarity,cluster_0,cluster,random_forest
Polycarbonates,155,0.9483870967741935,0.048387096774193505,210.66121780645167,True,family,Mondrian-similarity,cluster_0,cluster,random_forest
Polyphenylenes,42,0.9523809523809523,0.052380952380952306,277.3703695238096,True,family,Mondrian-similarity,cluster_0,cluster,random_forest
Polyesters,648,0.9567901234567902,0.05679012345679013,222.72936487654326,True,family,Mondrian-similarity,cluster_0,cluster,random_forest
Polyacrylics,498,0.9678714859437751,0.06787148594377512,243.6367234538153,True,family,Mondrian-similarity,cluster_0,cluster,random_forest
Polyamides,437,0.9839816933638444,0.08398169336384442,236.13835176201377,True,family,Mondrian-similarity,cluster_0,cluster,random_forest
Polyethers,157,0.9936305732484076,0.09363057324840762,239.77602777070064,True,family,Mondrian-similarity,cluster_0,cluster,random_forest
Polysulfones,29,1.0,0.09999999999999998,237.87714758620697,True,family,Mondrian-similarity,cluster_0,cluster,random_forest
Polyvinyls,32,1.0,0.09999999999999998,264.7794875000001,True,family,Mondrian-similarity,cluster_0,cluster,random_forest
Polyhalo-olefins,1,1.0,0.09999999999999998,293.4110000000001,False,family,Mondrian-similarity,cluster_0,cluster,random_forest
Polyureas,11,1.0,0.09999999999999998,247.9623636363637,True,family,Mondrian-similarity,cluster_0,cluster,random_forest
Polystyrenes,16,1.0,0.09999999999999998,199.97463000000005,True,family,Mondrian-similarity,cluster_0,cluster,random_forest
Polyimines,6,1.0,0.09999999999999998,276.7465000000001,False,family,Mondrian-similarity,cluster_0,cluster,random_forest
0,1406,0.713371266002845,-0.18662873399715507,140.59404423897584,True,similarity,Mondrian-family,cluster_0,cluster,random_forest
1,837,0.8243727598566308,-0.07562724014336919,141.61891529271207,True,similarity,Mondrian-family,cluster_0,cluster,random_forest
2,382,0.8429319371727748,-0.05706806282722521,144.29228455497383,True,similarity,Mondrian-family,cluster_0,cluster,random_forest
3,86,0.9186046511627907,0.018604651162790642,143.98806279069765,True,similarity,Mondrian-family,cluster_0,cluster,random_forest
4,5,1.0,0.09999999999999998,152.22483999999994,False,similarity,Mondrian-family,cluster_0,cluster,random_forest
Polyhalo-olefins,1,0.0,-0.9,134.47490000000022,False,family,Mondrian-family,cluster_0,cluster,random_forest
Polyphosphazenes,104,0.20192307692307693,-0.698076923076923,134.4749000000002,True,family,Mondrian-family,cluster_0,cluster,random_forest
Polysiloxanes,203,0.3793103448275862,-0.5206896551724138,134.4749000000002,True,family,Mondrian-family,cluster_0,cluster,random_forest
Polysulfides,5,0.4,-0.5,134.47490000000022,False,family,Mondrian-family,cluster_0,cluster,random_forest
Other backbone,37,0.43243243243243246,-0.46756756756756757,134.47490000000022,True,family,Mondrian-family,cluster_0,cluster,random_forest
Polyolefins,32,0.46875,-0.43125,134.47490000000022,True,family,Mondrian-family,cluster_0,cluster,random_forest
Polyanhydrides,36,0.4722222222222222,-0.4277777777777778,134.47490000000022,True,family,Mondrian-family,cluster_0,cluster,random_forest
Polyphenylenes,42,0.6190476190476191,-0.28095238095238095,150.65940000000003,True,family,Mondrian-family,cluster_0,cluster,random_forest
Polydienes,17,0.6470588235294118,-0.2529411764705882,134.47490000000022,True,family,Mondrian-family,cluster_0,cluster,random_forest
Polystyrenes,16,0.6875,-0.21250000000000002,116.28100000000003,True,family,Mondrian-family,cluster_0,cluster,random_forest
Polyurethanes,169,0.7159763313609467,-0.18402366863905328,134.47490000000022,True,family,Mondrian-family,cluster_0,cluster,random_forest
Polyethers,157,0.7770700636942676,-0.12292993630573246,99.34339999999985,True,family,Mondrian-family,cluster_0,cluster,random_forest
Polycarbonates,155,0.7870967741935484,-0.11290322580645162,134.47490000000022,True,family,Mondrian-family,cluster_0,cluster,random_forest
Polyimides,81,0.7901234567901234,-0.10987654320987661,134.56400000000005,True,family,Mondrian-family,cluster_0,cluster,random_forest
Polyureas,11,0.8181818181818182,-0.08181818181818179,134.4749000000002,True,family,Mondrian-family,cluster_0,cluster,random_forest
Polyamides,437,0.8741418764302059,-0.02585812356979411,128.07539999999995,True,family,Mondrian-family,cluster_0,cluster,random_forest
Polyvinyls,32,0.875,-0.025000000000000022,136.978,True,family,Mondrian-family,cluster_0,cluster,random_forest
Polyacrylics,498,0.8755020080321285,-0.024497991967871502,156.62939999999983,True,family,Mondrian-family,cluster_0,cluster,random_forest
Polysulfones,29,0.896551724137931,-0.0034482758620689724,119.6914000000014,True,family,Mondrian-family,cluster_0,cluster,random_forest
Polyesters,648,0.9058641975308642,0.005864197530864201,159.89499999999998,True,family,Mondrian-family,cluster_0,cluster,random_forest
Polyimines,6,1.0,0.09999999999999998,134.4749000000002,False,family,Mondrian-family,cluster_0,cluster,random_forest
0,1406,0.7318634423897582,-0.16813655761024182,152.45756512583304,True,similarity,Normalised SCP,cluster_0,cluster,random_forest
1,837,0.7479091995221028,-0.15209080047789725,124.89391093204298,True,similarity,Normalised SCP,cluster_0,cluster,random_forest
2,382,0.756544502617801,-0.14345549738219898,114.74772202980274,True,similarity,Normalised SCP,cluster_0,cluster,random_forest
3,86,0.8023255813953488,-0.0976744186046512,110.91922360031359,True,similarity,Normalised SCP,cluster_0,cluster,random_forest
4,5,1.0,0.09999999999999998,111.46596099805306,False,similarity,Normalised SCP,cluster_0,cluster,random_forest
Polyphosphazenes,104,0.375,-0.525,182.84463146894362,True,family,Normalised SCP,cluster_0,cluster,random_forest
Polysiloxanes,203,0.3891625615763547,-0.5108374384236454,162.24892309664085,True,family,Normalised SCP,cluster_0,cluster,random_forest
Polyanhydrides,36,0.5555555555555556,-0.34444444444444444,136.35500497192572,True,family,Normalised SCP,cluster_0,cluster,random_forest
Polyolefins,32,0.59375,-0.30625,172.27743671551087,True,family,Normalised SCP,cluster_0,cluster,random_forest
Polysulfides,5,0.6,-0.30000000000000004,168.49496874840355,False,family,Normalised SCP,cluster_0,cluster,random_forest
Polydienes,17,0.7058823529411765,-0.1941176470588235,194.35939775299468,True,family,Normalised SCP,cluster_0,cluster,random_forest
Polyphenylenes,42,0.7142857142857143,-0.18571428571428572,202.4933652867179,True,family,Normalised SCP,cluster_0,cluster,random_forest
Polyvinyls,32,0.71875,-0.18125000000000002,141.22833814854448,True,family,Normalised SCP,cluster_0,cluster,random_forest
Polyesters,648,0.7237654320987654,-0.1762345679012346,116.47178218047802,True,family,Normalised SCP,cluster_0,cluster,random_forest
Polyurethanes,169,0.727810650887574,-0.172189349112426,134.09259833745776,True,family,Normalised SCP,cluster_0,cluster,random_forest
Polycarbonates,155,0.8,-0.09999999999999998,142.85049524219798,True,family,Normalised SCP,cluster_0,cluster,random_forest
Other backbone,37,0.8108108108108109,-0.08918918918918917,251.64414448135238,True,family,Normalised SCP,cluster_0,cluster,random_forest
Polystyrenes,16,0.8125,-0.08750000000000002,128.27068636341852,True,family,Normalised SCP,cluster_0,cluster,random_forest
Polyacrylics,498,0.8232931726907631,-0.07670682730923695,138.33675695574578,True,family,Normalised SCP,cluster_0,cluster,random_forest
Polyimines,6,0.8333333333333334,-0.06666666666666665,104.33456684973574,False,family,Normalised SCP,cluster_0,cluster,random_forest
Polyamides,437,0.8466819221967964,-0.053318077803203634,117.50511496745703,True,family,Normalised SCP,cluster_0,cluster,random_forest
Polyethers,157,0.8726114649681529,-0.027388535031847128,138.4822227961321,True,family,Normalised SCP,cluster_0,cluster,random_forest
Polyimides,81,0.9012345679012346,0.0012345679012345512,160.2058741305626,True,family,Normalised SCP,cluster_0,cluster,random_forest
Polyureas,11,0.9090909090909091,0.009090909090909038,119.71586665974456,True,family,Normalised SCP,cluster_0,cluster,random_forest
Polysulfones,29,0.9655172413793104,0.06551724137931036,155.50776947289722,True,family,Normalised SCP,cluster_0,cluster,random_forest
Polyhalo-olefins,1,1.0,0.09999999999999998,224.12158390714018,False,family,Normalised SCP,cluster_0,cluster,random_forest
0,1406,0.6792318634423897,-0.2207681365576103,122.09376061827699,True,similarity,SCP,cluster_0,cluster,hist_gbr
1,837,0.8183990442054958,-0.08160095579450422,122.09376061827697,True,similarity,SCP,cluster_0,cluster,hist_gbr
2,382,0.8769633507853403,-0.023036649214659755,122.09376061827699,True,similarity,SCP,cluster_0,cluster,hist_gbr
3,86,0.9069767441860465,0.006976744186046435,122.09376061827703,True,similarity,SCP,cluster_0,cluster,hist_gbr
4,5,1.0,0.09999999999999998,122.09376061827697,False,similarity,SCP,cluster_0,cluster,hist_gbr
Polyphosphazenes,104,0.1346153846153846,-0.7653846153846154,122.09376061827697,True,family,SCP,cluster_0,cluster,hist_gbr
Polyolefins,32,0.375,-0.525,122.09376061827697,True,family,SCP,cluster_0,cluster,hist_gbr
Polysulfides,5,0.4,-0.5,122.09376061827697,False,family,SCP,cluster_0,cluster,hist_gbr
Polysiloxanes,203,0.4039408866995074,-0.4960591133004926,122.09376061827697,True,family,SCP,cluster_0,cluster,hist_gbr
Other backbone,37,0.5675675675675675,-0.3324324324324325,122.09376061827697,True,family,SCP,cluster_0,cluster,hist_gbr
Polyphenylenes,42,0.6190476190476191,-0.28095238095238095,122.09376061827697,True,family,SCP,cluster_0,cluster,hist_gbr
Polyanhydrides,36,0.6666666666666666,-0.2333333333333334,122.09376061827697,True,family,SCP,cluster_0,cluster,hist_gbr
Polystyrenes,16,0.6875,-0.21250000000000002,122.09376061827697,True,family,SCP,cluster_0,cluster,hist_gbr
Polydienes,17,0.7058823529411765,-0.1941176470588235,122.09376061827697,True,family,SCP,cluster_0,cluster,hist_gbr
Polyureas,11,0.7272727272727273,-0.17272727272727273,122.09376061827697,True,family,SCP,cluster_0,cluster,hist_gbr
Polyurethanes,169,0.7514792899408284,-0.14852071005917167,122.09376061827697,True,family,SCP,cluster_0,cluster,hist_gbr
Polyimides,81,0.7777777777777778,-0.12222222222222223,122.09376061827699,True,family,SCP,cluster_0,cluster,hist_gbr
Polyacrylics,498,0.785140562248996,-0.11485943775100405,122.09376061827697,True,family,SCP,cluster_0,cluster,hist_gbr
Polyimines,6,0.8333333333333334,-0.06666666666666665,122.09376061827697,False,family,SCP,cluster_0,cluster,hist_gbr
Polyesters,648,0.8333333333333334,-0.06666666666666665,122.09376061827699,True,family,SCP,cluster_0,cluster,hist_gbr
Polyvinyls,32,0.84375,-0.05625000000000002,122.09376061827697,True,family,SCP,cluster_0,cluster,hist_gbr
Polycarbonates,155,0.8451612903225807,-0.05483870967741933,122.09376061827699,True,family,SCP,cluster_0,cluster,hist_gbr
Polyamides,437,0.8901601830663616,-0.009839816933638446,122.09376061827697,True,family,SCP,cluster_0,cluster,hist_gbr
Polysulfones,29,0.896551724137931,-0.0034482758620689724,122.09376061827697,True,family,SCP,cluster_0,cluster,hist_gbr
Polyethers,157,0.9299363057324841,0.02993630573248407,122.093760618277,True,family,SCP,cluster_0,cluster,hist_gbr
Polyhalo-olefins,1,1.0,0.09999999999999998,122.09376061827697,False,family,SCP,cluster_0,cluster,hist_gbr
0,1406,0.9174964438122333,0.017496443812233253,233.50821533524362,True,similarity,Mondrian-similarity,cluster_0,cluster,hist_gbr
2,382,0.9319371727748691,0.03193717277486907,155.08752513255968,True,similarity,Mondrian-similarity,cluster_0,cluster,hist_gbr
1,837,0.9330943847072879,0.03309438470728787,175.52653793458566,True,similarity,Mondrian-similarity,cluster_0,cluster,hist_gbr
3,86,0.9651162790697675,0.06511627906976747,166.98442055907094,True,similarity,Mondrian-similarity,cluster_0,cluster,hist_gbr
4,5,1.0,0.09999999999999998,122.09376061827697,False,similarity,Mondrian-similarity,cluster_0,cluster,hist_gbr
Polysulfides,5,0.6,-0.30000000000000004,210.31554437498045,False,family,Mondrian-similarity,cluster_0,cluster,hist_gbr
Polyphosphazenes,104,0.6538461538461539,-0.24615384615384617,228.49057017557132,True,family,Mondrian-similarity,cluster_0,cluster,hist_gbr
Polyolefins,32,0.65625,-0.24375000000000002,229.88436049770246,True,family,Mondrian-similarity,cluster_0,cluster,hist_gbr
Other backbone,37,0.7837837837837838,-0.11621621621621625,215.16560784845197,True,family,Mondrian-similarity,cluster_0,cluster,hist_gbr
Polysiloxanes,203,0.8078817733990148,-0.09211822660098523,213.0882479517227,True,family,Mondrian-similarity,cluster_0,cluster,hist_gbr
Polystyrenes,16,0.875,-0.025000000000000022,179.80245088373715,True,family,Mondrian-similarity,cluster_0,cluster,hist_gbr
Polyphenylenes,42,0.8809523809523809,-0.01904761904761909,224.25183223981497,True,family,Mondrian-similarity,cluster_0,cluster,hist_gbr
Polyurethanes,169,0.8816568047337278,-0.01834319526627226,206.2551299088851,True,family,Mondrian-similarity,cluster_0,cluster,hist_gbr
Polyimides,81,0.9012345679012346,0.0012345679012345512,207.63839240895106,True,family,Mondrian-similarity,cluster_0,cluster,hist_gbr
Polyvinyls,32,0.90625,0.006249999999999978,216.9339273983237,True,family,Mondrian-similarity,cluster_0,cluster,hist_gbr
Polydienes,17,0.9411764705882353,0.04117647058823526,216.25858309943715,True,family,Mondrian-similarity,cluster_0,cluster,hist_gbr
Polyacrylics,498,0.9477911646586346,0.04779116465863453,204.72670369237082,True,family,Mondrian-similarity,cluster_0,cluster,hist_gbr
Polysulfones,29,0.9655172413793104,0.06551724137931036,201.40331190710748,True,family,Mondrian-similarity,cluster_0,cluster,hist_gbr
Polycarbonates,155,0.967741935483871,0.06774193548387097,185.85327312898755,True,family,Mondrian-similarity,cluster_0,cluster,hist_gbr
Polyesters,648,0.9691358024691358,0.06913580246913575,192.68801695702808,True,family,Mondrian-similarity,cluster_0,cluster,hist_gbr
Polyanhydrides,36,0.9722222222222222,0.07222222222222219,188.31870621791464,True,family,Mondrian-similarity,cluster_0,cluster,hist_gbr
Polyamides,437,0.977116704805492,0.07711670480549193,200.36585809219727,True,family,Mondrian-similarity,cluster_0,cluster,hist_gbr
Polyethers,157,0.9808917197452229,0.08089171974522291,202.58640558829129,True,family,Mondrian-similarity,cluster_0,cluster,hist_gbr
Polyhalo-olefins,1,1.0,0.09999999999999998,233.50821533524356,False,family,Mondrian-similarity,cluster_0,cluster,hist_gbr
Polyureas,11,1.0,0.09999999999999998,207.15290742585364,True,family,Mondrian-similarity,cluster_0,cluster,hist_gbr
Polyimines,6,1.0,0.09999999999999998,223.8446024351339,False,family,Mondrian-similarity,cluster_0,cluster,hist_gbr
0,1406,0.7318634423897582,-0.16813655761024182,136.95261531132806,True,similarity,Mondrian-family,cluster_0,cluster,hist_gbr
1,837,0.8566308243727598,-0.043369175627240186,140.3023119827682,True,similarity,Mondrian-family,cluster_0,cluster,hist_gbr
2,382,0.918848167539267,0.01884816753926699,144.0063517081797,True,similarity,Mondrian-family,cluster_0,cluster,hist_gbr
3,86,0.9534883720930233,0.05348837209302326,144.3573273053651,True,similarity,Mondrian-family,cluster_0,cluster,hist_gbr
4,5,1.0,0.09999999999999998,153.3325195044144,False,similarity,Mondrian-family,cluster_0,cluster,hist_gbr
Polyphosphazenes,104,0.1346153846153846,-0.7653846153846154,122.09376061827697,True,family,Mondrian-family,cluster_0,cluster,hist_gbr
Polyolefins,32,0.375,-0.525,122.09376061827697,True,family,Mondrian-family,cluster_0,cluster,hist_gbr
Polysulfides,5,0.4,-0.5,122.09376061827697,False,family,Mondrian-family,cluster_0,cluster,hist_gbr
Polysiloxanes,203,0.4039408866995074,-0.4960591133004926,122.09376061827697,True,family,Mondrian-family,cluster_0,cluster,hist_gbr
Other backbone,37,0.5675675675675675,-0.3324324324324325,122.09376061827697,True,family,Mondrian-family,cluster_0,cluster,hist_gbr
Polyanhydrides,36,0.6666666666666666,-0.2333333333333334,122.09376061827697,True,family,Mondrian-family,cluster_0,cluster,hist_gbr
Polystyrenes,16,0.6875,-0.21250000000000002,125.14451129610211,True,family,Mondrian-family,cluster_0,cluster,hist_gbr
Polydienes,17,0.7058823529411765,-0.1941176470588235,122.09376061827697,True,family,Mondrian-family,cluster_0,cluster,hist_gbr
Polyureas,11,0.7272727272727273,-0.17272727272727273,122.09376061827697,True,family,Mondrian-family,cluster_0,cluster,hist_gbr
Polyvinyls,32,0.75,-0.15000000000000002,97.04255368556909,True,family,Mondrian-family,cluster_0,cluster,hist_gbr
Polyurethanes,169,0.7514792899408284,-0.14852071005917167,122.09376061827697,True,family,Mondrian-family,cluster_0,cluster,hist_gbr
Polyphenylenes,42,0.7619047619047619,-0.13809523809523816,165.66489417185542,True,family,Mondrian-family,cluster_0,cluster,hist_gbr
Polyimides,81,0.7901234567901234,-0.10987654320987661,133.71245190674108,True,family,Mondrian-family,cluster_0,cluster,hist_gbr
Polysulfones,29,0.7931034482758621,-0.10689655172413792,90.49148898063363,True,family,Mondrian-family,cluster_0,cluster,hist_gbr
Polyimines,6,0.8333333333333334,-0.06666666666666665,122.09376061827697,False,family,Mondrian-family,cluster_0,cluster,hist_gbr
Polycarbonates,155,0.8451612903225807,-0.05483870967741933,122.09376061827699,True,family,Mondrian-family,cluster_0,cluster,hist_gbr
Polyacrylics,498,0.8755020080321285,-0.024497991967871502,149.11099814688038,True,family,Mondrian-family,cluster_0,cluster,hist_gbr
Polyethers,157,0.8980891719745223,-0.0019108280254777066,108.3684624346345,True,family,Mondrian-family,cluster_0,cluster,hist_gbr
Polyamides,437,0.9153318077803204,0.015331807780320394,131.58434866986116,True,family,Mondrian-family,cluster_0,cluster,hist_gbr
Polyesters,648,0.9475308641975309,0.04753086419753083,168.42812627922504,True,family,Mondrian-family,cluster_0,cluster,hist_gbr
Polyhalo-olefins,1,1.0,0.09999999999999998,122.09376061827697,False,family,Mondrian-family,cluster_0,cluster,hist_gbr
0,1406,0.6998577524893315,-0.20014224751066856,132.15887583030357,True,similarity,Normalised SCP,cluster_0,cluster,hist_gbr
1,837,0.7634408602150538,-0.13655913978494627,112.60317052625295,True,similarity,Normalised SCP,cluster_0,cluster,hist_gbr
4,5,0.8,-0.09999999999999998,92.6930968725863,False,similarity,Normalised SCP,cluster_0,cluster,hist_gbr
3,86,0.8255813953488372,-0.07441860465116279,107.55675943169955,True,similarity,Normalised SCP,cluster_0,cluster,hist_gbr
2,382,0.8298429319371727,-0.07015706806282729,107.45357847328246,True,similarity,Normalised SCP,cluster_0,cluster,hist_gbr
Polyphosphazenes,104,0.2403846153846154,-0.6596153846153846,158.98925342768158,True,family,Normalised SCP,cluster_0,cluster,hist_gbr
Polysiloxanes,203,0.43349753694581283,-0.4665024630541872,137.207589030311,True,family,Normalised SCP,cluster_0,cluster,hist_gbr
Polyolefins,32,0.46875,-0.43125,161.68109081646114,True,family,Normalised SCP,cluster_0,cluster,hist_gbr
Polyureas,11,0.5454545454545454,-0.3545454545454546,103.56122807123143,True,family,Normalised SCP,cluster_0,cluster,hist_gbr
Polysulfides,5,0.6,-0.30000000000000004,169.7476474045988,False,family,Normalised SCP,cluster_0,cluster,hist_gbr
Polyanhydrides,36,0.6388888888888888,-0.2611111111111112,115.70165083821595,True,family,Normalised SCP,cluster_0,cluster,hist_gbr
Polystyrenes,16,0.6875,-0.21250000000000002,105.55883937367697,True,family,Normalised SCP,cluster_0,cluster,hist_gbr
Polyphenylenes,42,0.7142857142857143,-0.18571428571428572,176.90057950165118,True,family,Normalised SCP,cluster_0,cluster,hist_gbr
Polyurethanes,169,0.727810650887574,-0.172189349112426,121.28279149010365,True,family,Normalised SCP,cluster_0,cluster,hist_gbr
Polyimides,81,0.7530864197530864,-0.1469135802469136,131.99259045817396,True,family,Normalised SCP,cluster_0,cluster,hist_gbr
Other backbone,37,0.7567567567567568,-0.14324324324324322,191.21415785624276,True,family,Normalised SCP,cluster_0,cluster,hist_gbr
Polydienes,17,0.7647058823529411,-0.1352941176470589,182.76173342277085,True,family,Normalised SCP,cluster_0,cluster,hist_gbr
Polyesters,648,0.7762345679012346,-0.12376543209876545,111.44838810607433,True,family,Normalised SCP,cluster_0,cluster,hist_gbr
Polyacrylics,498,0.7931726907630522,-0.10682730923694783,123.05876658860983,True,family,Normalised SCP,cluster_0,cluster,hist_gbr
Polyvinyls,32,0.8125,-0.08750000000000002,128.6899635054408,True,family,Normalised SCP,cluster_0,cluster,hist_gbr
Polyamides,437,0.8192219679633868,-0.08077803203661327,102.89073011763006,True,family,Normalised SCP,cluster_0,cluster,hist_gbr
Polyimines,6,0.8333333333333334,-0.06666666666666665,108.06877246220465,False,family,Normalised SCP,cluster_0,cluster,hist_gbr
Polycarbonates,155,0.8516129032258064,-0.048387096774193616,122.45074267553383,True,family,Normalised SCP,cluster_0,cluster,hist_gbr
Polyethers,157,0.9044585987261147,0.004458598726114649,116.18175088971857,True,family,Normalised SCP,cluster_0,cluster,hist_gbr
Polysulfones,29,0.9310344827586207,0.03103448275862064,135.50153839176397,True,family,Normalised SCP,cluster_0,cluster,hist_gbr
Polyhalo-olefins,1,1.0,0.09999999999999998,239.52084159630266,False,family,Normalised SCP,cluster_0,cluster,hist_gbr
0,1406,0.6635846372688478,-0.23641536273115227,127.99260000000012,True,similarity,SCP,cluster_0,cluster,extra_trees
1,837,0.7921146953405018,-0.1078853046594982,127.99260000000012,True,similarity,SCP,cluster_0,cluster,extra_trees
2,382,0.8298429319371727,-0.07015706806282729,127.99260000000011,True,similarity,SCP,cluster_0,cluster,extra_trees
3,86,0.8604651162790697,-0.03953488372093028,127.9926000000001,True,similarity,SCP,cluster_0,cluster,extra_trees
4,5,1.0,0.09999999999999998,127.99260000000015,False,similarity,SCP,cluster_0,cluster,extra_trees
Polyhalo-olefins,1,0.0,-0.9,127.99260000000015,False,family,SCP,cluster_0,cluster,extra_trees
Polyphosphazenes,104,0.21153846153846154,-0.6884615384615385,127.99260000000011,True,family,SCP,cluster_0,cluster,extra_trees
Polysiloxanes,203,0.3497536945812808,-0.5502463054187192,127.99260000000012,True,family,SCP,cluster_0,cluster,extra_trees
Other backbone,37,0.3783783783783784,-0.5216216216216216,127.9926000000002,True,family,SCP,cluster_0,cluster,extra_trees
Polysulfides,5,0.4,-0.5,127.99260000000015,False,family,SCP,cluster_0,cluster,extra_trees
Polyphenylenes,42,0.42857142857142855,-0.4714285714285715,127.99260000000017,True,family,SCP,cluster_0,cluster,extra_trees
Polyolefins,32,0.5,-0.4,127.99260000000015,True,family,SCP,cluster_0,cluster,extra_trees
Polystyrenes,16,0.625,-0.275,127.99260000000015,True,family,SCP,cluster_0,cluster,extra_trees
Polyurethanes,169,0.6272189349112426,-0.27278106508875744,127.99260000000014,True,family,SCP,cluster_0,cluster,extra_trees
Polydienes,17,0.7058823529411765,-0.1941176470588235,127.99260000000015,True,family,SCP,cluster_0,cluster,extra_trees
Polyanhydrides,36,0.75,-0.15000000000000002,127.9926000000002,True,family,SCP,cluster_0,cluster,extra_trees
Polyimides,81,0.7654320987654321,-0.13456790123456797,127.99260000000012,True,family,SCP,cluster_0,cluster,extra_trees
Polycarbonates,155,0.7870967741935484,-0.11290322580645162,127.99260000000011,True,family,SCP,cluster_0,cluster,extra_trees
Polyacrylics,498,0.7871485943775101,-0.11285140562248996,127.99260000000014,True,family,SCP,cluster_0,cluster,extra_trees
Polyvinyls,32,0.8125,-0.08750000000000002,127.99260000000015,True,family,SCP,cluster_0,cluster,extra_trees
Polyamides,437,0.8306636155606407,-0.0693363844393593,127.99260000000012,True,family,SCP,cluster_0,cluster,extra_trees
Polyimines,6,0.8333333333333334,-0.06666666666666665,127.99260000000015,False,family,SCP,cluster_0,cluster,extra_trees
Polyesters,648,0.8487654320987654,-0.051234567901234596,127.99260000000012,True,family,SCP,cluster_0,cluster,extra_trees
Polyethers,157,0.8726114649681529,-0.027388535031847128,127.99260000000012,True,family,SCP,cluster_0,cluster,extra_trees
Polysulfones,29,0.896551724137931,-0.0034482758620689724,127.99260000000014,True,family,SCP,cluster_0,cluster,extra_trees
Polyureas,11,1.0,0.09999999999999998,127.99260000000018,True,family,SCP,cluster_0,cluster,extra_trees
1,837,0.910394265232975,0.01039426523297493,180.6216,True,similarity,Mondrian-similarity,cluster_0,cluster,extra_trees
3,86,0.9418604651162791,0.041860465116279055,166.91074000000003,True,similarity,Mondrian-similarity,cluster_0,cluster,extra_trees
0,1406,0.9473684210526315,0.047368421052631504,294.14612000000017,True,similarity,Mondrian-similarity,cluster_0,cluster,extra_trees
2,382,0.9476439790575916,0.047643979057591546,179.15840000000003,True,similarity,Mondrian-similarity,cluster_0,cluster,extra_trees
4,5,1.0,0.09999999999999998,129.45878000000005,False,similarity,Mondrian-similarity,cluster_0,cluster,extra_trees
Polysulfides,5,0.6,-0.30000000000000004,248.73631200000008,False,family,Mondrian-similarity,cluster_0,cluster,extra_trees
Other backbone,37,0.7297297297297297,-0.1702702702702703,260.31649513513526,True,family,Mondrian-similarity,cluster_0,cluster,extra_trees
Polyphosphazenes,104,0.7596153846153846,-0.14038461538461544,284.3218826923079,True,family,Mondrian-similarity,cluster_0,cluster,extra_trees
Polysiloxanes,203,0.7980295566502463,-0.10197044334975369,257.59862118226613,True,family,Mondrian-similarity,cluster_0,cluster,extra_trees
Polyolefins,32,0.8125,-0.08750000000000002,287.0508375000001,True,family,Mondrian-similarity,cluster_0,cluster,extra_trees
Polyurethanes,169,0.834319526627219,-0.06568047337278105,244.22615940828408,True,family,Mondrian-similarity,cluster_0,cluster,extra_trees
Polystyrenes,16,0.875,-0.025000000000000022,208.27113000000003,True,family,Mondrian-similarity,cluster_0,cluster,extra_trees
Polyimides,81,0.9382716049382716,0.03827160493827153,251.62364024691365,True,family,Mondrian-similarity,cluster_0,cluster,extra_trees
Polydienes,17,0.9411764705882353,0.04117647058823526,267.1762564705883,True,family,Mondrian-similarity,cluster_0,cluster,extra_trees
Polyphenylenes,42,0.9523809523809523,0.052380952380952306,277.8586552380953,True,family,Mondrian-similarity,cluster_0,cluster,extra_trees
Polyacrylics,498,0.9658634538152611,0.06586345381526104,243.41214734939769,True,family,Mondrian-similarity,cluster_0,cluster,extra_trees
Polycarbonates,155,0.967741935483871,0.06774193548387097,212.43843432258066,True,family,Mondrian-similarity,cluster_0,cluster,extra_trees
Polyvinyls,32,0.96875,0.06874999999999998,261.7888843750001,True,family,Mondrian-similarity,cluster_0,cluster,extra_trees
Polyanhydrides,36,0.9722222222222222,0.07222222222222219,208.88079666666675,True,family,Mondrian-similarity,cluster_0,cluster,extra_trees
Polyesters,648,0.9753086419753086,0.07530864197530862,222.49074950617288,True,family,Mondrian-similarity,cluster_0,cluster,extra_trees
Polyamides,437,0.977116704805492,0.07711670480549193,233.17985478260877,True,family,Mondrian-similarity,cluster_0,cluster,extra_trees
Polyethers,157,0.9872611464968153,0.08726114649681527,238.93297388535038,True,family,Mondrian-similarity,cluster_0,cluster,extra_trees
Polyhalo-olefins,1,1.0,0.09999999999999998,294.14612000000017,False,family,Mondrian-similarity,cluster_0,cluster,extra_trees
Polysulfones,29,1.0,0.09999999999999998,235.27517517241392,True,family,Mondrian-similarity,cluster_0,cluster,extra_trees
Polyureas,11,1.0,0.09999999999999998,242.54406545454557,True,family,Mondrian-similarity,cluster_0,cluster,extra_trees
Polyimines,6,1.0,0.09999999999999998,275.2253666666668,False,family,Mondrian-similarity,cluster_0,cluster,extra_trees
0,1406,0.6827880512091038,-0.21721194879089623,135.90474002844954,True,similarity,Mondrian-family,cluster_0,cluster,extra_trees
1,837,0.8172043010752689,-0.08279569892473115,141.19969161290325,True,similarity,Mondrian-family,cluster_0,cluster,extra_trees
3,86,0.8488372093023255,-0.05116279069767449,142.8018613953488,True,similarity,Mondrian-family,cluster_0,cluster,extra_trees
2,382,0.856020942408377,-0.043979057591623016,145.42458858638744,True,similarity,Mondrian-family,cluster_0,cluster,extra_trees
4,5,1.0,0.09999999999999998,150.061984,False,similarity,Mondrian-family,cluster_0,cluster,extra_trees
Polyhalo-olefins,1,0.0,-0.9,127.99260000000015,False,family,Mondrian-family,cluster_0,cluster,extra_trees
Polyphosphazenes,104,0.21153846153846154,-0.6884615384615385,127.99260000000011,True,family,Mondrian-family,cluster_0,cluster,extra_trees
Polysiloxanes,203,0.3497536945812808,-0.5502463054187192,127.99260000000012,True,family,Mondrian-family,cluster_0,cluster,extra_trees
Other backbone,37,0.3783783783783784,-0.5216216216216216,127.9926000000002,True,family,Mondrian-family,cluster_0,cluster,extra_trees
Polysulfides,5,0.4,-0.5,127.99260000000015,False,family,Mondrian-family,cluster_0,cluster,extra_trees
Polyolefins,32,0.5,-0.4,127.99260000000015,True,family,Mondrian-family,cluster_0,cluster,extra_trees
Polyphenylenes,42,0.5476190476190477,-0.35238095238095235,148.0372000000006,True,family,Mondrian-family,cluster_0,cluster,extra_trees
Polystyrenes,16,0.625,-0.275,116.22942000000006,True,family,Mondrian-family,cluster_0,cluster,extra_trees
Polyurethanes,169,0.6272189349112426,-0.27278106508875744,127.99260000000014,True,family,Mondrian-family,cluster_0,cluster,extra_trees
Polydienes,17,0.7058823529411765,-0.1941176470588235,127.99260000000015,True,family,Mondrian-family,cluster_0,cluster,extra_trees
Polyanhydrides,36,0.75,-0.15000000000000002,127.9926000000002,True,family,Mondrian-family,cluster_0,cluster,extra_trees
Polyimides,81,0.7654320987654321,-0.13456790123456797,128.21900000000002,True,family,Mondrian-family,cluster_0,cluster,extra_trees
Polyethers,157,0.7770700636942676,-0.12292993630573246,100.26079999999997,True,family,Mondrian-family,cluster_0,cluster,extra_trees
Polyvinyls,32,0.78125,-0.11875000000000002,120.21180000000001,True,family,Mondrian-family,cluster_0,cluster,extra_trees
Polycarbonates,155,0.7870967741935484,-0.11290322580645162,127.99260000000011,True,family,Mondrian-family,cluster_0,cluster,extra_trees
Polyacrylics,498,0.7971887550200804,-0.10281124497991967,130.81655999999995,True,family,Mondrian-family,cluster_0,cluster,extra_trees
Polyamides,437,0.8100686498855835,-0.08993135011441655,122.36800000000005,True,family,Mondrian-family,cluster_0,cluster,extra_trees
Polysulfones,29,0.8275862068965517,-0.07241379310344831,109.35180000000001,True,family,Mondrian-family,cluster_0,cluster,extra_trees
Polyimines,6,0.8333333333333334,-0.06666666666666665,127.99260000000015,False,family,Mondrian-family,cluster_0,cluster,extra_trees
Polyesters,648,0.9629629629629629,0.06296296296296289,183.15439999999992,True,family,Mondrian-family,cluster_0,cluster,extra_trees
Polyureas,11,1.0,0.09999999999999998,127.99260000000018,True,family,Mondrian-family,cluster_0,cluster,extra_trees
0,1406,0.7190611664295875,-0.18093883357041252,149.18785363396645,True,similarity,Normalised SCP,cluster_0,cluster,extra_trees
3,86,0.7209302325581395,-0.17906976744186054,109.26816165192699,True,similarity,Normalised SCP,cluster_0,cluster,extra_trees
1,837,0.7431302270011948,-0.15686977299880522,123.02651638387132,True,similarity,Normalised SCP,cluster_0,cluster,extra_trees
2,382,0.7591623036649214,-0.1408376963350786,114.81693895337935,True,similarity,Normalised SCP,cluster_0,cluster,extra_trees
4,5,1.0,0.09999999999999998,90.75677978993487,False,similarity,Normalised SCP,cluster_0,cluster,extra_trees
Polyphosphazenes,104,0.3942307692307692,-0.5057692307692307,177.7597786365098,True,family,Normalised SCP,cluster_0,cluster,extra_trees
Polysiloxanes,203,0.46798029556650245,-0.4320197044334976,161.44935134904884,True,family,Normalised SCP,cluster_0,cluster,extra_trees
Polyolefins,32,0.53125,-0.36875,158.68670040074525,True,family,Normalised SCP,cluster_0,cluster,extra_trees
Polysulfides,5,0.6,-0.30000000000000004,158.60124809595715,False,family,Normalised SCP,cluster_0,cluster,extra_trees
Polyurethanes,169,0.6745562130177515,-0.22544378698224854,143.38845649642485,True,family,Normalised SCP,cluster_0,cluster,extra_trees
Polyphenylenes,42,0.6904761904761905,-0.20952380952380956,189.4474267561371,True,family,Normalised SCP,cluster_0,cluster,extra_trees
Polyanhydrides,36,0.6944444444444444,-0.2055555555555556,129.84326131444712,True,family,Normalised SCP,cluster_0,cluster,extra_trees
Other backbone,37,0.7027027027027027,-0.19729729729729728,237.34303968455237,True,family,Normalised SCP,cluster_0,cluster,extra_trees
Polyimides,81,0.7407407407407407,-0.15925925925925932,140.34151747188787,True,family,Normalised SCP,cluster_0,cluster,extra_trees
Polystyrenes,16,0.75,-0.15000000000000002,113.86394821897562,True,family,Normalised SCP,cluster_0,cluster,extra_trees
Polyvinyls,32,0.75,-0.15000000000000002,132.6657098252449,True,family,Normalised SCP,cluster_0,cluster,extra_trees
Polyesters,648,0.7561728395061729,-0.14382716049382716,115.88085335401098,True,family,Normalised SCP,cluster_0,cluster,extra_trees
Polyamides,437,0.7643020594965675,-0.13569794050343253,120.74381378393329,True,family,Normalised SCP,cluster_0,cluster,extra_trees
Polycarbonates,155,0.7806451612903226,-0.11935483870967745,138.87292806945746,True,family,Normalised SCP,cluster_0,cluster,extra_trees
Polyacrylics,498,0.8253012048192772,-0.07469879518072287,134.93022333051022,True,family,Normalised SCP,cluster_0,cluster,extra_trees
Polyimines,6,0.8333333333333334,-0.06666666666666665,101.43879090238016,False,family,Normalised SCP,cluster_0,cluster,extra_trees
Polyethers,157,0.8343949044585988,-0.06560509554140126,124.2093371255787,True,family,Normalised SCP,cluster_0,cluster,extra_trees
Polysulfones,29,0.8620689655172413,-0.037931034482758696,134.85528048477101,True,family,Normalised SCP,cluster_0,cluster,extra_trees
Polyureas,11,0.9090909090909091,0.009090909090909038,140.80295574455465,True,family,Normalised SCP,cluster_0,cluster,extra_trees
Polydienes,17,0.9411764705882353,0.04117647058823526,222.97961429684875,True,family,Normalised SCP,cluster_0,cluster,extra_trees
Polyhalo-olefins,1,1.0,0.09999999999999998,293.55476930644954,False,family,Normalised SCP,cluster_0,cluster,extra_trees
0,1402,0.8487874465049928,-0.051212553495007196,374.0,True,similarity,SCP,cluster_1,cluster,median
1,816,0.8762254901960784,-0.023774509803921595,374.0,True,similarity,SCP,cluster_1,cluster,median
2,412,0.8980582524271845,-0.001941747572815511,374.0,True,similarity,SCP,cluster_1,cluster,median
3,127,0.9763779527559056,0.07637795275590553,374.0,True,similarity,SCP,cluster_1,cluster,median
4,13,1.0,0.09999999999999998,374.0,True,similarity,SCP,cluster_1,cluster,median
Polysulfides,16,0.25,-0.65,374.0,True,family,SCP,cluster_1,cluster,median
Polyolefins,51,0.37254901960784315,-0.5274509803921569,374.0,True,family,SCP,cluster_1,cluster,median
Polyhalo-olefins,44,0.4318181818181818,-0.4681818181818182,374.0,True,family,SCP,cluster_1,cluster,median
Polydienes,14,0.5,-0.4,374.0,True,family,SCP,cluster_1,cluster,median
Polyphosphazenes,9,0.6666666666666666,-0.2333333333333334,374.0,False,family,SCP,cluster_1,cluster,median
Polyethers,245,0.7346938775510204,-0.16530612244897958,374.0,True,family,SCP,cluster_1,cluster,median
Polyvinyls,90,0.7888888888888889,-0.11111111111111116,374.0,True,family,SCP,cluster_1,cluster,median
Polyesters,600,0.82,-0.08000000000000007,374.0,True,family,SCP,cluster_1,cluster,median
Polycarbonates,176,0.8579545454545454,-0.04204545454545461,374.0,True,family,SCP,cluster_1,cluster,median
Polyurethanes,132,0.8863636363636364,-0.013636363636363669,374.0,True,family,SCP,cluster_1,cluster,median
Polyphenylenes,55,0.9272727272727272,0.027272727272727226,374.0,True,family,SCP,cluster_1,cluster,median
Polyacrylics,435,0.9425287356321839,0.042528735632183845,374.0,True,family,SCP,cluster_1,cluster,median
Polystyrenes,22,0.9545454545454546,0.054545454545454564,374.0,True,family,SCP,cluster_1,cluster,median
Polyureas,39,0.9743589743589743,0.07435897435897432,374.0,True,family,SCP,cluster_1,cluster,median
Polyamides,723,0.9778699861687413,0.0778699861687413,374.0,True,family,SCP,cluster_1,cluster,median
Polyimines,9,1.0,0.09999999999999998,374.0,False,family,SCP,cluster_1,cluster,median
Polysulfones,50,1.0,0.09999999999999998,374.0,True,family,SCP,cluster_1,cluster,median
Polyimides,19,1.0,0.09999999999999998,374.0,True,family,SCP,cluster_1,cluster,median
Other backbone,5,1.0,0.09999999999999998,374.0,False,family,SCP,cluster_1,cluster,median
Polyanhydrides,33,1.0,0.09999999999999998,374.0,True,family,SCP,cluster_1,cluster,median
Polysiloxanes,3,1.0,0.09999999999999998,374.0,False,family,SCP,cluster_1,cluster,median
4,13,0.7692307692307693,-0.13076923076923075,340.0,True,similarity,Mondrian-similarity,cluster_1,cluster,median
1,816,0.9215686274509803,0.021568627450980316,424.0,True,similarity,Mondrian-similarity,cluster_1,cluster,median
0,1402,0.9465049928673324,0.04650499286733234,472.69999999999993,True,similarity,Mondrian-similarity,cluster_1,cluster,median
2,412,0.9733009708737864,0.0733009708737864,446.0,True,similarity,Mondrian-similarity,cluster_1,cluster,median
3,127,0.984251968503937,0.08425196850393701,381.0,True,similarity,Mondrian-similarity,cluster_1,cluster,median
Polysulfides,16,0.5625,-0.3375,469.65625000000006,True,family,Mondrian-similarity,cluster_1,cluster,median
Polydienes,14,0.6428571428571429,-0.2571428571428571,466.97857142857134,True,family,Mondrian-similarity,cluster_1,cluster,median
Polyolefins,51,0.6666666666666666,-0.2333333333333334,458.3764705882354,True,family,Mondrian-similarity,cluster_1,cluster,median
Polyethers,245,0.8571428571428571,-0.04285714285714293,458.2208163265305,True,family,Mondrian-similarity,cluster_1,cluster,median
Polyhalo-olefins,44,0.8863636363636364,-0.013636363636363669,470.48636363636365,True,family,Mondrian-similarity,cluster_1,cluster,median
Polyphosphazenes,9,0.8888888888888888,-0.011111111111111183,451.05555555555554,False,family,Mondrian-similarity,cluster_1,cluster,median
Polyimides,19,0.8947368421052632,-0.0052631578947368585,414.2631578947368,True,family,Mondrian-similarity,cluster_1,cluster,median
Polyvinyls,90,0.9111111111111111,0.011111111111111072,464.9766666666666,True,family,Mondrian-similarity,cluster_1,cluster,median
Polyesters,600,0.9133333333333333,0.013333333333333308,442.15216666666663,True,family,Mondrian-similarity,cluster_1,cluster,median
Polyurethanes,132,0.9621212121212122,0.06212121212121213,439.7606060606061,True,family,Mondrian-similarity,cluster_1,cluster,median
Polyphenylenes,55,0.9636363636363636,0.0636363636363636,457.07636363636374,True,family,Mondrian-similarity,cluster_1,cluster,median
Polycarbonates,176,0.9715909090909091,0.07159090909090904,447.4289772727272,True,family,Mondrian-similarity,cluster_1,cluster,median
Polyureas,39,0.9743589743589743,0.07435897435897432,463.15384615384625,True,family,Mondrian-similarity,cluster_1,cluster,median
Polyacrylics,435,0.9816091954022989,0.08160919540229883,446.63103448275854,True,family,Mondrian-similarity,cluster_1,cluster,median
Polyamides,723,0.9972337482710927,0.09723374827109266,451.9959889349931,True,family,Mondrian-similarity,cluster_1,cluster,median
Polyimines,9,1.0,0.09999999999999998,461.87777777777785,False,family,Mondrian-similarity,cluster_1,cluster,median
Polysulfones,50,1.0,0.09999999999999998,452.75000000000006,True,family,Mondrian-similarity,cluster_1,cluster,median
Polystyrenes,22,1.0,0.09999999999999998,443.32727272727277,True,family,Mondrian-similarity,cluster_1,cluster,median
Other backbone,5,1.0,0.09999999999999998,462.96000000000004,False,family,Mondrian-similarity,cluster_1,cluster,median
Polyanhydrides,33,1.0,0.09999999999999998,437.8060606060606,True,family,Mondrian-similarity,cluster_1,cluster,median
Polysiloxanes,3,1.0,0.09999999999999998,472.70000000000005,False,family,Mondrian-similarity,cluster_1,cluster,median
0,1402,0.7289586305278174,-0.17104136947218262,343.69557774607705,True,similarity,Mondrian-family,cluster_1,cluster,median
4,13,0.7692307692307693,-0.13076923076923075,318.83076923076925,True,similarity,Mondrian-family,cluster_1,cluster,median
1,816,0.7904411764705882,-0.10955882352941182,361.13774509803926,True,similarity,Mondrian-family,cluster_1,cluster,median
2,412,0.8762135922330098,-0.02378640776699026,358.2077669902913,True,similarity,Mondrian-family,cluster_1,cluster,median
3,127,0.9606299212598425,0.060629921259842456,352.8031496062992,True,similarity,Mondrian-family,cluster_1,cluster,median
Polysulfides,16,0.25,-0.65,374.0,True,family,Mondrian-family,cluster_1,cluster,median
Polyolefins,51,0.37254901960784315,-0.5274509803921569,374.0,True,family,Mondrian-family,cluster_1,cluster,median
Polyhalo-olefins,44,0.4318181818181818,-0.4681818181818182,374.0,True,family,Mondrian-family,cluster_1,cluster,median
Polydienes,14,0.5,-0.4,374.0,True,family,Mondrian-family,cluster_1,cluster,median
Polyamides,723,0.5961272475795297,-0.3038727524204703,222.0,True,family,Mondrian-family,cluster_1,cluster,median
Polyethers,245,0.6448979591836734,-0.2551020408163266,304.0,True,family,Mondrian-family,cluster_1,cluster,median
Polysulfones,50,0.82,-0.08000000000000007,246.0,True,family,Mondrian-family,cluster_1,cluster,median
Polyimides,19,0.8421052631578947,-0.05789473684210533,306.0,True,family,Mondrian-family,cluster_1,cluster,median
Polycarbonates,176,0.8579545454545454,-0.04204545454545461,374.0,True,family,Mondrian-family,cluster_1,cluster,median
Polyesters,600,0.86,-0.040000000000000036,406.8,True,family,Mondrian-family,cluster_1,cluster,median
Polyurethanes,132,0.8863636363636364,-0.013636363636363669,374.0,True,family,Mondrian-family,cluster_1,cluster,median
Polyphenylenes,55,0.9272727272727272,0.027272727272727226,404.0,True,family,Mondrian-family,cluster_1,cluster,median
Polyvinyls,90,0.9555555555555556,0.05555555555555558,508.0,True,family,Mondrian-family,cluster_1,cluster,median
Polyureas,39,0.9743589743589743,0.07435897435897432,374.0,True,family,Mondrian-family,cluster_1,cluster,median
Polyacrylics,435,0.9770114942528736,0.07701149425287357,456.0,True,family,Mondrian-family,cluster_1,cluster,median
Polyphosphazenes,9,1.0,0.09999999999999998,544.0,False,family,Mondrian-family,cluster_1,cluster,median
Polystyrenes,22,1.0,0.09999999999999998,400.0,True,family,Mondrian-family,cluster_1,cluster,median
Other backbone,5,1.0,0.09999999999999998,374.0,False,family,Mondrian-family,cluster_1,cluster,median
Polyimines,9,1.0,0.09999999999999998,374.0,False,family,Mondrian-family,cluster_1,cluster,median
Polyanhydrides,33,1.0,0.09999999999999998,374.0,True,family,Mondrian-family,cluster_1,cluster,median
Polysiloxanes,3,1.0,0.09999999999999998,600.0,False,family,Mondrian-family,cluster_1,cluster,median
4,13,0.5384615384615384,-0.3615384615384616,246.1088388870899,True,similarity,Normalised SCP,cluster_1,cluster,median
2,412,0.9101941747572816,0.010194174757281571,367.7082830523239,True,similarity,Normalised SCP,cluster_1,cluster,median
1,816,0.9252450980392157,0.025245098039215708,381.80233958807764,True,similarity,Normalised SCP,cluster_1,cluster,median
0,1402,0.9465049928673324,0.04650499286733234,441.4382661685026,True,similarity,Normalised SCP,cluster_1,cluster,median
3,127,0.952755905511811,0.052755905511810974,352.44165081462904,True,similarity,Normalised SCP,cluster_1,cluster,median
Polyphosphazenes,9,0.2222222222222222,-0.6777777777777778,255.21227048714582,False,family,Normalised SCP,cluster_1,cluster,median
Polydienes,14,0.6428571428571429,-0.2571428571428571,457.75050793697693,True,family,Normalised SCP,cluster_1,cluster,median
Polyimides,19,0.7894736842105263,-0.1105263157894737,302.72835370960337,True,family,Normalised SCP,cluster_1,cluster,median
Other backbone,5,0.8,-0.09999999999999998,257.60536882452715,False,family,Normalised SCP,cluster_1,cluster,median
Polysulfones,50,0.8,-0.09999999999999998,284.18055709026993,True,family,Normalised SCP,cluster_1,cluster,median
Polyphenylenes,55,0.8181818181818182,-0.08181818181818179,257.70934476506454,True,family,Normalised SCP,cluster_1,cluster,median
Polyurethanes,132,0.8712121212121212,-0.028787878787878807,427.4067019339296,True,family,Normalised SCP,cluster_1,cluster,median
Polyanhydrides,33,0.8787878787878788,-0.021212121212121238,338.9778678555998,True,family,Normalised SCP,cluster_1,cluster,median
Polyimines,9,0.8888888888888888,-0.011111111111111183,341.9234569930114,False,family,Normalised SCP,cluster_1,cluster,median
Polyureas,39,0.9230769230769231,0.023076923076923106,304.9934693420905,True,family,Normalised SCP,cluster_1,cluster,median
Polyesters,600,0.9233333333333333,0.023333333333333317,381.18933025982625,True,family,Normalised SCP,cluster_1,cluster,median
Polyethers,245,0.9346938775510204,0.03469387755102038,447.5191012847129,True,family,Normalised SCP,cluster_1,cluster,median
Polyamides,723,0.9377593360995851,0.03775933609958504,364.5956537355717,True,family,Normalised SCP,cluster_1,cluster,median
Polyvinyls,90,0.9555555555555556,0.05555555555555558,486.81002426828246,True,family,Normalised SCP,cluster_1,cluster,median
Polycarbonates,176,0.9715909090909091,0.07159090909090904,375.27400385299717,True,family,Normalised SCP,cluster_1,cluster,median
Polyacrylics,435,0.9839080459770115,0.08390804597701151,480.3684452335058,True,family,Normalised SCP,cluster_1,cluster,median
Polystyrenes,22,1.0,0.09999999999999998,378.11465300221977,True,family,Normalised SCP,cluster_1,cluster,median
Polyolefins,51,1.0,0.09999999999999998,663.0413472187164,True,family,Normalised SCP,cluster_1,cluster,median
Polyhalo-olefins,44,1.0,0.09999999999999998,667.1816905053454,True,family,Normalised SCP,cluster_1,cluster,median
Polysulfides,16,1.0,0.09999999999999998,593.4421294360955,True,family,Normalised SCP,cluster_1,cluster,median
Polysiloxanes,3,1.0,0.09999999999999998,477.86804081182436,False,family,Normalised SCP,cluster_1,cluster,median
0,1402,0.8052781740370899,-0.09472182596291012,150.6816154054138,True,similarity,SCP,cluster_1,cluster,svr
2,412,0.8883495145631068,-0.011650485436893177,150.6816154054138,True,similarity,SCP,cluster_1,cluster,svr
1,816,0.9056372549019608,0.005637254901960764,150.6816154054138,True,similarity,SCP,cluster_1,cluster,svr
3,127,0.9212598425196851,0.021259842519685046,150.6816154054138,True,similarity,SCP,cluster_1,cluster,svr
4,13,0.9230769230769231,0.023076923076923106,150.6816154054138,True,similarity,SCP,cluster_1,cluster,svr
Other backbone,5,0.2,-0.7,150.68161540541377,False,family,SCP,cluster_1,cluster,svr
Polysiloxanes,3,0.3333333333333333,-0.5666666666666667,150.68161540541377,False,family,SCP,cluster_1,cluster,svr
Polyphosphazenes,9,0.5555555555555556,-0.34444444444444444,150.68161540541377,False,family,SCP,cluster_1,cluster,svr
Polydienes,14,0.5714285714285714,-0.3285714285714286,150.6816154054138,True,family,SCP,cluster_1,cluster,svr
Polyhalo-olefins,44,0.5909090909090909,-0.3090909090909091,150.6816154054138,True,family,SCP,cluster_1,cluster,svr
Polyureas,39,0.6153846153846154,-0.2846153846153846,150.68161540541382,True,family,SCP,cluster_1,cluster,svr
Polystyrenes,22,0.7272727272727273,-0.17272727272727273,150.6816154054137,True,family,SCP,cluster_1,cluster,svr
Polyurethanes,132,0.7651515151515151,-0.13484848484848488,150.6816154054138,True,family,SCP,cluster_1,cluster,svr
Polyimines,9,0.7777777777777778,-0.12222222222222223,150.68161540541377,False,family,SCP,cluster_1,cluster,svr
Polyphenylenes,55,0.7818181818181819,-0.11818181818181817,150.68161540541382,True,family,SCP,cluster_1,cluster,svr
Polyolefins,51,0.8235294117647058,-0.07647058823529418,150.6816154054138,True,family,SCP,cluster_1,cluster,svr
Polyacrylics,435,0.8367816091954023,-0.06321839080459768,150.6816154054138,True,family,SCP,cluster_1,cluster,svr
Polyimides,19,0.8421052631578947,-0.05789473684210533,150.68161540541374,True,family,SCP,cluster_1,cluster,svr
Polyethers,245,0.8448979591836735,-0.055102040816326525,150.6816154054138,True,family,SCP,cluster_1,cluster,svr
Polyamides,723,0.8547717842323651,-0.045228215767634916,150.68161540541382,True,family,SCP,cluster_1,cluster,svr
Polysulfones,50,0.86,-0.040000000000000036,150.6816154054138,True,family,SCP,cluster_1,cluster,svr
Polysulfides,16,0.875,-0.025000000000000022,150.68161540541377,True,family,SCP,cluster_1,cluster,svr
Polyesters,600,0.9066666666666666,0.006666666666666599,150.6816154054138,True,family,SCP,cluster_1,cluster,svr
Polyvinyls,90,0.9222222222222223,0.022222222222222254,150.6816154054138,True,family,SCP,cluster_1,cluster,svr
Polycarbonates,176,0.9545454545454546,0.054545454545454564,150.6816154054138,True,family,SCP,cluster_1,cluster,svr
Polyanhydrides,33,0.9696969696969697,0.0696969696969697,150.68161540541377,True,family,SCP,cluster_1,cluster,svr
4,13,0.7692307692307693,-0.13076923076923075,129.1845831618006,True,similarity,Mondrian-similarity,cluster_1,cluster,svr
3,127,0.937007874015748,0.03700787401574801,165.10211348922803,True,similarity,Mondrian-similarity,cluster_1,cluster,svr
0,1402,0.9450784593437945,0.04507845934379451,226.93391874637703,True,similarity,Mondrian-similarity,cluster_1,cluster,svr
1,816,0.9558823529411765,0.055882352941176494,188.44306024760382,True,similarity,Mondrian-similarity,cluster_1,cluster,svr
2,412,0.9635922330097088,0.06359223300970873,226.63468780409997,True,similarity,Mondrian-similarity,cluster_1,cluster,svr
Polyphosphazenes,9,0.5555555555555556,-0.34444444444444444,209.82687052470013,False,family,Mondrian-similarity,cluster_1,cluster,svr
Polyhalo-olefins,44,0.7727272727272727,-0.12727272727272732,225.18433426916016,True,family,Mondrian-similarity,cluster_1,cluster,svr
Polyimides,19,0.8421052631578947,-0.05789473684210533,194.1537423552343,True,family,Mondrian-similarity,cluster_1,cluster,svr
Polyurethanes,132,0.8636363636363636,-0.036363636363636376,209.9592014533291,True,family,Mondrian-similarity,cluster_1,cluster,svr
Polyolefins,51,0.8823529411764706,-0.01764705882352946,215.61307801144383,True,family,Mondrian-similarity,cluster_1,cluster,svr
Polyimines,9,0.8888888888888888,-0.011111111111111183,218.38039463553858,False,family,Mondrian-similarity,cluster_1,cluster,svr
Polyphenylenes,55,0.9272727272727272,0.027272727272727226,215.720256404428,True,family,Mondrian-similarity,cluster_1,cluster,svr
Polydienes,14,0.9285714285714286,0.02857142857142858,226.86979783017483,True,family,Mondrian-similarity,cluster_1,cluster,svr
Polysulfides,16,0.9375,0.03749999999999998,224.52824009020378,True,family,Mondrian-similarity,cluster_1,cluster,svr
Polyureas,39,0.9487179487179487,0.048717948717948656,220.9892304433138,True,family,Mondrian-similarity,cluster_1,cluster,svr
Polyacrylics,435,0.9494252873563218,0.04942528735632179,209.846131466824,True,family,Mondrian-similarity,cluster_1,cluster,svr
Polyethers,245,0.9510204081632653,0.05102040816326525,218.4679432539616,True,family,Mondrian-similarity,cluster_1,cluster,svr
Polyamides,723,0.9585062240663901,0.058506224066390056,213.30270231214092,True,family,Mondrian-similarity,cluster_1,cluster,svr
Polyesters,600,0.9616666666666667,0.06166666666666665,207.39075089015193,True,family,Mondrian-similarity,cluster_1,cluster,svr
Polycarbonates,176,0.9886363636363636,0.08863636363636362,212.114761050365,True,family,Mondrian-similarity,cluster_1,cluster,svr
Polyvinyls,90,1.0,0.09999999999999998,221.14005196845085,True,family,Mondrian-similarity,cluster_1,cluster,svr
Polysulfones,50,1.0,0.09999999999999998,215.3268150082897,True,family,Mondrian-similarity,cluster_1,cluster,svr
Polystyrenes,22,1.0,0.09999999999999998,211.76747955152356,True,family,Mondrian-similarity,cluster_1,cluster,svr
Other backbone,5,1.0,0.09999999999999998,219.23574704662246,False,family,Mondrian-similarity,cluster_1,cluster,svr
Polyanhydrides,33,1.0,0.09999999999999998,201.24614360092733,True,family,Mondrian-similarity,cluster_1,cluster,svr
Polysiloxanes,3,1.0,0.09999999999999998,226.93391874637712,False,family,Mondrian-similarity,cluster_1,cluster,svr
0,1402,0.8102710413694721,-0.08972895863052788,157.57202470509915,True,similarity,Mondrian-family,cluster_1,cluster,svr
4,13,0.8461538461538461,-0.05384615384615388,149.5891882212631,True,similarity,Mondrian-family,cluster_1,cluster,svr
2,412,0.8956310679611651,-0.004368932038834927,174.2978471739627,True,similarity,Mondrian-family,cluster_1,cluster,svr
1,816,0.9166666666666666,0.016666666666666607,178.95684610771795,True,similarity,Mondrian-family,cluster_1,cluster,svr
3,127,0.937007874015748,0.03700787401574801,173.15437315883995,True,similarity,Mondrian-family,cluster_1,cluster,svr
Other backbone,5,0.2,-0.7,150.68161540541377,False,family,Mondrian-family,cluster_1,cluster,svr
Polyphosphazenes,9,0.5555555555555556,-0.34444444444444444,187.98926751717744,False,family,Mondrian-family,cluster_1,cluster,svr
Polydienes,14,0.5714285714285714,-0.3285714285714286,150.6816154054138,True,family,Mondrian-family,cluster_1,cluster,svr
Polyhalo-olefins,44,0.5909090909090909,-0.3090909090909091,150.6816154054138,True,family,Mondrian-family,cluster_1,cluster,svr
Polyureas,39,0.6153846153846154,-0.2846153846153846,150.68161540541382,True,family,Mondrian-family,cluster_1,cluster,svr
Polyimides,19,0.631578947368421,-0.268421052631579,131.85038083835823,True,family,Mondrian-family,cluster_1,cluster,svr
Polyethers,245,0.7020408163265306,-0.19795918367346943,104.6521802040308,True,family,Mondrian-family,cluster_1,cluster,svr
Polystyrenes,22,0.7272727272727273,-0.17272727272727273,150.6816154054137,True,family,Mondrian-family,cluster_1,cluster,svr
Polyurethanes,132,0.7651515151515151,-0.13484848484848488,150.6816154054138,True,family,Mondrian-family,cluster_1,cluster,svr
Polyimines,9,0.7777777777777778,-0.12222222222222223,150.68161540541377,False,family,Mondrian-family,cluster_1,cluster,svr
Polyamides,723,0.8229598893499308,-0.07704011065006922,133.11453999761667,True,family,Mondrian-family,cluster_1,cluster,svr
Polyolefins,51,0.8235294117647058,-0.07647058823529418,150.6816154054138,True,family,Mondrian-family,cluster_1,cluster,svr
Polysulfones,50,0.84,-0.06000000000000005,139.90609196349453,True,family,Mondrian-family,cluster_1,cluster,svr
Polyvinyls,90,0.8666666666666667,-0.033333333333333326,108.88846499157013,True,family,Mondrian-family,cluster_1,cluster,svr
Polysulfides,16,0.875,-0.025000000000000022,150.68161540541377,True,family,Mondrian-family,cluster_1,cluster,svr
Polyacrylics,435,0.9195402298850575,0.019540229885057436,191.98725734159936,True,family,Mondrian-family,cluster_1,cluster,svr
Polyphenylenes,55,0.9272727272727272,0.027272727272727226,198.13823910051656,True,family,Mondrian-family,cluster_1,cluster,svr
Polycarbonates,176,0.9545454545454546,0.054545454545454564,150.6816154054138,True,family,Mondrian-family,cluster_1,cluster,svr
Polyanhydrides,33,0.9696969696969697,0.0696969696969697,150.68161540541377,True,family,Mondrian-family,cluster_1,cluster,svr
Polyesters,600,0.9766666666666667,0.07666666666666666,238.7268501338212,True,family,Mondrian-family,cluster_1,cluster,svr
Polysiloxanes,3,1.0,0.09999999999999998,216.63172205301555,False,family,Mondrian-family,cluster_1,cluster,svr
0,1402,0.8223965763195435,-0.07760342368045647,167.72311924542436,True,similarity,Normalised SCP,cluster_1,cluster,svr
4,13,0.8461538461538461,-0.05384615384615388,120.40751206705235,True,similarity,Normalised SCP,cluster_1,cluster,svr
2,412,0.8689320388349514,-0.03106796116504862,137.5828067327691,True,similarity,Normalised SCP,cluster_1,cluster,svr
3,127,0.8818897637795275,-0.018110236220472475,134.72105276901758,True,similarity,Normalised SCP,cluster_1,cluster,svr
1,816,0.8946078431372549,-0.005392156862745079,141.82480988329985,True,similarity,Normalised SCP,cluster_1,cluster,svr
Polysiloxanes,3,0.3333333333333333,-0.5666666666666667,170.6761701327223,False,family,Normalised SCP,cluster_1,cluster,svr
Polyureas,39,0.6410256410256411,-0.25897435897435894,166.00924415230233,True,family,Normalised SCP,cluster_1,cluster,svr
Polyphosphazenes,9,0.6666666666666666,-0.2333333333333334,282.81344805406377,False,family,Normalised SCP,cluster_1,cluster,svr
Polydienes,14,0.7142857142857143,-0.18571428571428572,227.72209343668007,True,family,Normalised SCP,cluster_1,cluster,svr
Polyurethanes,132,0.7348484848484849,-0.16515151515151516,156.86403473338606,True,family,Normalised SCP,cluster_1,cluster,svr
Polyimides,19,0.7368421052631579,-0.16315789473684217,121.84106885251788,True,family,Normalised SCP,cluster_1,cluster,svr
Polyimines,9,0.7777777777777778,-0.12222222222222223,145.48504853307657,False,family,Normalised SCP,cluster_1,cluster,svr
Polyhalo-olefins,44,0.7954545454545454,-0.10454545454545461,296.0923243517595,True,family,Normalised SCP,cluster_1,cluster,svr
Polyacrylics,435,0.8,-0.09999999999999998,134.2926375422425,True,family,Normalised SCP,cluster_1,cluster,svr
Polyethers,245,0.8163265306122449,-0.0836734693877551,148.68239355868042,True,family,Normalised SCP,cluster_1,cluster,svr
Polysulfones,50,0.82,-0.08000000000000007,148.76752015519918,True,family,Normalised SCP,cluster_1,cluster,svr
Polyesters,600,0.8683333333333333,-0.03166666666666673,137.30302882779398,True,family,Normalised SCP,cluster_1,cluster,svr
Polyamides,723,0.8796680497925311,-0.02033195020746892,149.36849720445903,True,family,Normalised SCP,cluster_1,cluster,svr
Polyvinyls,90,0.9222222222222223,0.022222222222222254,189.94482345619898,True,family,Normalised SCP,cluster_1,cluster,svr
Polyphenylenes,55,0.9272727272727272,0.027272727272727226,194.05275247943098,True,family,Normalised SCP,cluster_1,cluster,svr
Polysulfides,16,0.9375,0.03749999999999998,305.8770003104406,True,family,Normalised SCP,cluster_1,cluster,svr
Polycarbonates,176,0.9488636363636364,0.04886363636363633,142.9976930126431,True,family,Normalised SCP,cluster_1,cluster,svr
Polystyrenes,22,0.9545454545454546,0.054545454545454564,170.07070852894338,True,family,Normalised SCP,cluster_1,cluster,svr
Polyolefins,51,0.9607843137254902,0.0607843137254902,305.0816073126749,True,family,Normalised SCP,cluster_1,cluster,svr
Polyanhydrides,33,0.9696969696969697,0.0696969696969697,149.07275919804653,True,family,Normalised SCP,cluster_1,cluster,svr
Other backbone,5,1.0,0.09999999999999998,289.9570364654928,False,family,Normalised SCP,cluster_1,cluster,svr
4,13,0.6923076923076923,-0.20769230769230773,131.49800000000002,True,similarity,SCP,cluster_1,cluster,random_forest
2,412,0.7888349514563107,-0.11116504854368936,131.49800000000002,True,similarity,SCP,cluster_1,cluster,random_forest
0,1402,0.7924393723252496,-0.10756062767475039,131.498,True,similarity,SCP,cluster_1,cluster,random_forest
1,816,0.8370098039215687,-0.06299019607843137,131.49800000000002,True,similarity,SCP,cluster_1,cluster,random_forest
3,127,0.8976377952755905,-0.0023622047244095112,131.49800000000002,True,similarity,SCP,cluster_1,cluster,random_forest
Polyphosphazenes,9,0.2222222222222222,-0.6777777777777778,131.498,False,family,SCP,cluster_1,cluster,random_forest
Polyhalo-olefins,44,0.6136363636363636,-0.2863636363636364,131.49799999999996,True,family,SCP,cluster_1,cluster,random_forest
Polystyrenes,22,0.6363636363636364,-0.26363636363636367,131.49800000000002,True,family,SCP,cluster_1,cluster,random_forest
Polysiloxanes,3,0.6666666666666666,-0.2333333333333334,131.498,False,family,SCP,cluster_1,cluster,random_forest
Polyureas,39,0.6923076923076923,-0.20769230769230773,131.4979999999999,True,family,SCP,cluster_1,cluster,random_forest
Polydienes,14,0.7142857142857143,-0.18571428571428572,131.49800000000002,True,family,SCP,cluster_1,cluster,random_forest
Polycarbonates,176,0.7556818181818182,-0.1443181818181818,131.49800000000002,True,family,SCP,cluster_1,cluster,random_forest
Polyurethanes,132,0.7651515151515151,-0.13484848484848488,131.498,True,family,SCP,cluster_1,cluster,random_forest
Polyamides,723,0.7690179806362379,-0.13098201936376208,131.49800000000002,True,family,SCP,cluster_1,cluster,random_forest
Polyimines,9,0.7777777777777778,-0.12222222222222223,131.498,False,family,SCP,cluster_1,cluster,random_forest
Polyolefins,51,0.803921568627451,-0.09607843137254901,131.498,True,family,SCP,cluster_1,cluster,random_forest
Polyphenylenes,55,0.8181818181818182,-0.08181818181818179,131.49799999999996,True,family,SCP,cluster_1,cluster,random_forest
Polysulfones,50,0.82,-0.08000000000000007,131.498,True,family,SCP,cluster_1,cluster,random_forest
Polyacrylics,435,0.8367816091954023,-0.06321839080459768,131.49800000000002,True,family,SCP,cluster_1,cluster,random_forest
Polyimides,19,0.8421052631578947,-0.05789473684210533,131.498,True,family,SCP,cluster_1,cluster,random_forest
Polyethers,245,0.8489795918367347,-0.05102040816326536,131.49800000000005,True,family,SCP,cluster_1,cluster,random_forest
Polyesters,600,0.86,-0.040000000000000036,131.49800000000002,True,family,SCP,cluster_1,cluster,random_forest
Polysulfides,16,0.875,-0.025000000000000022,131.498,True,family,SCP,cluster_1,cluster,random_forest
Polyvinyls,90,0.9111111111111111,0.011111111111111072,131.49800000000002,True,family,SCP,cluster_1,cluster,random_forest
Polyanhydrides,33,0.9393939393939394,0.039393939393939426,131.498,True,family,SCP,cluster_1,cluster,random_forest
Other backbone,5,1.0,0.09999999999999998,131.498,False,family,SCP,cluster_1,cluster,random_forest
4,13,0.6923076923076923,-0.20769230769230773,116.96396000000007,True,similarity,Mondrian-similarity,cluster_1,cluster,random_forest
3,127,0.905511811023622,0.005511811023621971,136.29796000000007,True,similarity,Mondrian-similarity,cluster_1,cluster,random_forest
2,412,0.9466019417475728,0.04660194174757282,197.86899999999994,True,similarity,Mondrian-similarity,cluster_1,cluster,random_forest
1,816,0.9595588235294118,0.059558823529411775,210.7510999999999,True,similarity,Mondrian-similarity,cluster_1,cluster,random_forest
0,1402,0.9778887303851641,0.07788873038516408,303.1947999999999,True,similarity,Mondrian-similarity,cluster_1,cluster,random_forest
Polyphosphazenes,9,0.6666666666666666,-0.2333333333333334,262.10871111111106,False,family,Mondrian-similarity,cluster_1,cluster,random_forest
Polyimides,19,0.8421052631578947,-0.05789473684210533,175.18379052631576,True,family,Mondrian-similarity,cluster_1,cluster,random_forest
Polyolefins,51,0.9019607843137255,0.0019607843137254832,276.0054764705881,True,family,Mondrian-similarity,cluster_1,cluster,random_forest
Polyhalo-olefins,44,0.9318181818181818,0.031818181818181746,298.9928136363635,True,family,Mondrian-similarity,cluster_1,cluster,random_forest
Polyurethanes,132,0.9318181818181818,0.031818181818181746,220.70554303030298,True,family,Mondrian-similarity,cluster_1,cluster,random_forest
Polyamides,723,0.9405255878284924,0.04052558782849236,259.11755208852,True,family,Mondrian-similarity,cluster_1,cluster,random_forest
Polycarbonates,176,0.9488636363636364,0.04886363636363633,243.4829030681817,True,family,Mondrian-similarity,cluster_1,cluster,random_forest
Polystyrenes,22,0.9545454545454546,0.054545454545454564,227.89438454545444,True,family,Mondrian-similarity,cluster_1,cluster,random_forest
Polysulfones,50,0.96,0.05999999999999994,254.3965299999999,True,family,Mondrian-similarity,cluster_1,cluster,random_forest
Polyesters,600,0.98,0.07999999999999996,235.02061543333323,True,family,Mondrian-similarity,cluster_1,cluster,random_forest
Polyacrylics,435,0.9816091954022989,0.08160919540229883,247.20416059770105,True,family,Mondrian-similarity,cluster_1,cluster,random_forest
Polyphenylenes,55,0.9818181818181818,0.08181818181818179,270.55704363636346,True,family,Mondrian-similarity,cluster_1,cluster,random_forest
Polyethers,245,0.9877551020408163,0.08775510204081627,268.74855738775494,True,family,Mondrian-similarity,cluster_1,cluster,random_forest
Polyimines,9,1.0,0.09999999999999998,282.65175555555544,False,family,Mondrian-similarity,cluster_1,cluster,random_forest
Polydienes,14,1.0,0.09999999999999998,280.6249857142856,True,family,Mondrian-similarity,cluster_1,cluster,random_forest
Polyvinyls,90,1.0,0.09999999999999998,288.6566073333333,True,family,Mondrian-similarity,cluster_1,cluster,random_forest
Other backbone,5,1.0,0.09999999999999998,284.70605999999987,False,family,Mondrian-similarity,cluster_1,cluster,random_forest
Polyanhydrides,33,1.0,0.09999999999999998,231.99059393939382,True,family,Mondrian-similarity,cluster_1,cluster,random_forest
Polysulfides,16,1.0,0.09999999999999998,297.4170687499999,True,family,Mondrian-similarity,cluster_1,cluster,random_forest
Polyureas,39,1.0,0.09999999999999998,280.87070769230763,True,family,Mondrian-similarity,cluster_1,cluster,random_forest
Polysiloxanes,3,1.0,0.09999999999999998,303.19479999999993,False,family,Mondrian-similarity,cluster_1,cluster,random_forest
4,13,0.7692307692307693,-0.13076923076923075,139.14562923076903,True,similarity,Mondrian-family,cluster_1,cluster,random_forest
0,1402,0.818830242510699,-0.081169757489301,143.34020567760328,True,similarity,Mondrian-family,cluster_1,cluster,random_forest
2,412,0.8422330097087378,-0.0577669902912622,151.2984283009708,True,similarity,Mondrian-family,cluster_1,cluster,random_forest
1,816,0.8713235294117647,-0.028676470588235303,154.88663720588227,True,similarity,Mondrian-family,cluster_1,cluster,random_forest
3,127,0.905511811023622,0.005511811023621971,153.36765511811015,True,similarity,Mondrian-family,cluster_1,cluster,random_forest
Polyphosphazenes,9,0.3333333333333333,-0.5666666666666667,156.6049800000003,False,family,Mondrian-family,cluster_1,cluster,random_forest
Polyhalo-olefins,44,0.6136363636363636,-0.2863636363636364,131.49799999999996,True,family,Mondrian-family,cluster_1,cluster,random_forest
Polystyrenes,22,0.6363636363636364,-0.26363636363636367,145.40459999999996,True,family,Mondrian-family,cluster_1,cluster,random_forest
Polysiloxanes,3,0.6666666666666666,-0.2333333333333334,133.0077,False,family,Mondrian-family,cluster_1,cluster,random_forest
Polyureas,39,0.6923076923076923,-0.20769230769230773,131.4979999999999,True,family,Mondrian-family,cluster_1,cluster,random_forest
Polydienes,14,0.7142857142857143,-0.18571428571428572,131.49800000000002,True,family,Mondrian-family,cluster_1,cluster,random_forest
Polyimides,19,0.7368421052631579,-0.16315789473684217,122.43139999999994,True,family,Mondrian-family,cluster_1,cluster,random_forest
Polycarbonates,176,0.7556818181818182,-0.1443181818181818,131.49800000000002,True,family,Mondrian-family,cluster_1,cluster,random_forest
Polyurethanes,132,0.7651515151515151,-0.13484848484848488,131.498,True,family,Mondrian-family,cluster_1,cluster,random_forest
Polyamides,723,0.7676348547717843,-0.13236514522821574,129.5440799999996,True,family,Mondrian-family,cluster_1,cluster,random_forest
Polyimines,9,0.7777777777777778,-0.12222222222222223,131.498,False,family,Mondrian-family,cluster_1,cluster,random_forest
Polyethers,245,0.7877551020408163,-0.11224489795918369,110.43359999999996,True,family,Mondrian-family,cluster_1,cluster,random_forest
Polyolefins,51,0.803921568627451,-0.09607843137254901,131.498,True,family,Mondrian-family,cluster_1,cluster,random_forest
Polysulfones,50,0.86,-0.040000000000000036,161.07801999999995,True,family,Mondrian-family,cluster_1,cluster,random_forest
Polyvinyls,90,0.8666666666666667,-0.033333333333333326,101.33324000000003,True,family,Mondrian-family,cluster_1,cluster,random_forest
Polysulfides,16,0.875,-0.025000000000000022,131.498,True,family,Mondrian-family,cluster_1,cluster,random_forest
Polyphenylenes,55,0.8909090909090909,-0.00909090909090915,175.4716000000001,True,family,Mondrian-family,cluster_1,cluster,random_forest
Polyanhydrides,33,0.9393939393939394,0.039393939393939426,131.498,True,family,Mondrian-family,cluster_1,cluster,random_forest
Polyacrylics,435,0.9494252873563218,0.04942528735632179,188.90360000000004,True,family,Mondrian-family,cluster_1,cluster,random_forest
Polyesters,600,0.9516666666666667,0.05166666666666664,176.12745999999996,True,family,Mondrian-family,cluster_1,cluster,random_forest
Other backbone,5,1.0,0.09999999999999998,131.498,False,family,Mondrian-family,cluster_1,cluster,random_forest
4,13,0.6153846153846154,-0.2846153846153846,117.1347300286455,True,similarity,Normalised SCP,cluster_1,cluster,random_forest
2,412,0.7621359223300971,-0.13786407766990294,123.88014239792182,True,similarity,Normalised SCP,cluster_1,cluster,random_forest
0,1402,0.7803138373751783,-0.11968616262482168,137.9476483895996,True,similarity,Normalised SCP,cluster_1,cluster,random_forest
1,816,0.8149509803921569,-0.08504901960784317,128.69900393920946,True,similarity,Normalised SCP,cluster_1,cluster,random_forest
3,127,0.889763779527559,-0.010236220472440993,123.08185189592443,True,similarity,Normalised SCP,cluster_1,cluster,random_forest
Polyphosphazenes,9,0.2222222222222222,-0.6777777777777778,147.228107374084,False,family,Normalised SCP,cluster_1,cluster,random_forest
Polyureas,39,0.6153846153846154,-0.2846153846153846,129.5565748071241,True,family,Normalised SCP,cluster_1,cluster,random_forest
Polysiloxanes,3,0.6666666666666666,-0.2333333333333334,134.21196194153603,False,family,Normalised SCP,cluster_1,cluster,random_forest
Polyurethanes,132,0.696969696969697,-0.203030303030303,116.56327344704167,True,family,Normalised SCP,cluster_1,cluster,random_forest
Polyimides,19,0.7368421052631579,-0.16315789473684217,125.38160429327347,True,family,Normalised SCP,cluster_1,cluster,random_forest
Polycarbonates,176,0.7443181818181818,-0.15568181818181825,131.59073175277425,True,family,Normalised SCP,cluster_1,cluster,random_forest
Polyamides,723,0.7551867219917012,-0.1448132780082988,124.56550232111394,True,family,Normalised SCP,cluster_1,cluster,random_forest
Polyesters,600,0.795,-0.10499999999999998,119.72856196990283,True,family,Normalised SCP,cluster_1,cluster,random_forest
Polyacrylics,435,0.8068965517241379,-0.09310344827586214,118.02115136603872,True,family,Normalised SCP,cluster_1,cluster,random_forest
Polyethers,245,0.8326530612244898,-0.06734693877551023,128.77863303544473,True,family,Normalised SCP,cluster_1,cluster,random_forest
Polydienes,14,0.8571428571428571,-0.04285714285714293,208.03455952677135,True,family,Normalised SCP,cluster_1,cluster,random_forest
Polysulfones,50,0.86,-0.040000000000000036,133.73369340402468,True,family,Normalised SCP,cluster_1,cluster,random_forest
Polystyrenes,22,0.8636363636363636,-0.036363636363636376,159.46449295544176,True,family,Normalised SCP,cluster_1,cluster,random_forest
Polysulfides,16,0.875,-0.025000000000000022,243.1019400820486,True,family,Normalised SCP,cluster_1,cluster,random_forest
Polyhalo-olefins,44,0.8863636363636364,-0.013636363636363669,194.3692630492098,True,family,Normalised SCP,cluster_1,cluster,random_forest
Polyimines,9,0.8888888888888888,-0.011111111111111183,125.21189300445631,False,family,Normalised SCP,cluster_1,cluster,random_forest
Polyphenylenes,55,0.8909090909090909,-0.00909090909090915,177.74032827321165,True,family,Normalised SCP,cluster_1,cluster,random_forest
Polyolefins,51,0.9215686274509803,0.021568627450980316,295.8425928517612,True,family,Normalised SCP,cluster_1,cluster,random_forest
Polyvinyls,90,0.9222222222222223,0.022222222222222254,174.4692316523648,True,family,Normalised SCP,cluster_1,cluster,random_forest
Polyanhydrides,33,0.9696969696969697,0.0696969696969697,154.42263647398897,True,family,Normalised SCP,cluster_1,cluster,random_forest
Other backbone,5,1.0,0.09999999999999998,355.7573058040551,False,family,Normalised SCP,cluster_1,cluster,random_forest
0,1402,0.7696148359486448,-0.13038516405135525,117.71184215254206,True,similarity,SCP,cluster_1,cluster,hist_gbr
2,412,0.7961165048543689,-0.10388349514563111,117.71184215254206,True,similarity,SCP,cluster_1,cluster,hist_gbr
1,816,0.8186274509803921,-0.08137254901960789,117.71184215254206,True,similarity,SCP,cluster_1,cluster,hist_gbr
4,13,0.8461538461538461,-0.05384615384615388,117.71184215254205,True,similarity,SCP,cluster_1,cluster,hist_gbr
3,127,0.8818897637795275,-0.018110236220472475,117.71184215254209,True,similarity,SCP,cluster_1,cluster,hist_gbr
Polyphosphazenes,9,0.4444444444444444,-0.4555555555555556,117.71184215254208,False,family,SCP,cluster_1,cluster,hist_gbr
Polyimines,9,0.5555555555555556,-0.34444444444444444,117.71184215254208,False,family,SCP,cluster_1,cluster,hist_gbr
Other backbone,5,0.6,-0.30000000000000004,117.71184215254209,False,family,SCP,cluster_1,cluster,hist_gbr
Polyhalo-olefins,44,0.6136363636363636,-0.2863636363636364,117.71184215254208,True,family,SCP,cluster_1,cluster,hist_gbr
Polyureas,39,0.6153846153846154,-0.2846153846153846,117.71184215254208,True,family,SCP,cluster_1,cluster,hist_gbr
Polystyrenes,22,0.6363636363636364,-0.26363636363636367,117.71184215254206,True,family,SCP,cluster_1,cluster,hist_gbr
Polysiloxanes,3,0.6666666666666666,-0.2333333333333334,117.71184215254209,False,family,SCP,cluster_1,cluster,hist_gbr
Polyurethanes,132,0.7121212121212122,-0.18787878787878787,117.71184215254209,True,family,SCP,cluster_1,cluster,hist_gbr
Polyolefins,51,0.7254901960784313,-0.17450980392156867,117.71184215254209,True,family,SCP,cluster_1,cluster,hist_gbr
Polyamides,723,0.7648686030428768,-0.13513139695712317,117.71184215254208,True,family,SCP,cluster_1,cluster,hist_gbr
Polysulfones,50,0.78,-0.12,117.71184215254209,True,family,SCP,cluster_1,cluster,hist_gbr
Polyphenylenes,55,0.7818181818181819,-0.11818181818181817,117.71184215254208,True,family,SCP,cluster_1,cluster,hist_gbr
Polyethers,245,0.7836734693877551,-0.11632653061224496,117.71184215254208,True,family,SCP,cluster_1,cluster,hist_gbr
Polydienes,14,0.7857142857142857,-0.11428571428571432,117.71184215254205,True,family,SCP,cluster_1,cluster,hist_gbr
Polycarbonates,176,0.7897727272727273,-0.11022727272727273,117.71184215254206,True,family,SCP,cluster_1,cluster,hist_gbr
Polyacrylics,435,0.8045977011494253,-0.09540229885057472,117.71184215254205,True,family,SCP,cluster_1,cluster,hist_gbr
Polysulfides,16,0.8125,-0.08750000000000002,117.71184215254209,True,family,SCP,cluster_1,cluster,hist_gbr
Polyimides,19,0.8421052631578947,-0.05789473684210533,117.71184215254208,True,family,SCP,cluster_1,cluster,hist_gbr
Polyesters,600,0.8616666666666667,-0.03833333333333333,117.71184215254209,True,family,SCP,cluster_1,cluster,hist_gbr
Polyvinyls,90,0.9222222222222223,0.022222222222222254,117.71184215254208,True,family,SCP,cluster_1,cluster,hist_gbr
Polyanhydrides,33,0.9696969696969697,0.0696969696969697,117.71184215254209,True,family,SCP,cluster_1,cluster,hist_gbr
4,13,0.8461538461538461,-0.05384615384615388,109.03063532171483,True,similarity,Mondrian-similarity,cluster_1,cluster,hist_gbr
3,127,0.889763779527559,-0.010236220472440993,126.18685393145256,True,similarity,Mondrian-similarity,cluster_1,cluster,hist_gbr
1,816,0.9068627450980392,0.006862745098039191,160.72506611677133,True,similarity,Mondrian-similarity,cluster_1,cluster,hist_gbr
2,412,0.9368932038834952,0.03689320388349515,190.4289391068682,True,similarity,Mondrian-similarity,cluster_1,cluster,hist_gbr
0,1402,0.9657631954350927,0.06576319543509268,256.8143300067963,True,similarity,Mondrian-similarity,cluster_1,cluster,hist_gbr
Polyphosphazenes,9,0.4444444444444444,-0.4555555555555556,214.10799050011855,False,family,Mondrian-similarity,cluster_1,cluster,hist_gbr
Polystyrenes,22,0.8636363636363636,-0.036363636363636376,196.16271862020795,True,family,Mondrian-similarity,cluster_1,cluster,hist_gbr
Polyurethanes,132,0.8712121212121212,-0.028787878787878807,191.9644675558384,True,family,Mondrian-similarity,cluster_1,cluster,hist_gbr
Polyolefins,51,0.8823529411764706,-0.01764705882352946,228.5527818038478,True,family,Mondrian-similarity,cluster_1,cluster,hist_gbr
Polyimides,19,0.8947368421052632,-0.0052631578947368585,160.26479950593793,True,family,Mondrian-similarity,cluster_1,cluster,hist_gbr
Polycarbonates,176,0.9034090909090909,0.003409090909090917,206.4881452570996,True,family,Mondrian-similarity,cluster_1,cluster,hist_gbr
Polyphenylenes,55,0.9090909090909091,0.009090909090909038,225.24006828061115,True,family,Mondrian-similarity,cluster_1,cluster,hist_gbr
Polyamides,723,0.9183955739972337,0.018395573997233683,217.92360704136516,True,family,Mondrian-similarity,cluster_1,cluster,hist_gbr
Polysulfides,16,0.9375,0.03749999999999998,250.80875101366973,True,family,Mondrian-similarity,cluster_1,cluster,hist_gbr
Polyureas,39,0.9487179487179487,0.048717948717948656,236.92479780064414,True,family,Mondrian-similarity,cluster_1,cluster,hist_gbr
Polyhalo-olefins,44,0.9545454545454546,0.054545454545454564,252.4466361936134,True,family,Mondrian-similarity,cluster_1,cluster,hist_gbr
Polyethers,245,0.963265306122449,0.06326530612244896,227.68769745001728,True,family,Mondrian-similarity,cluster_1,cluster,hist_gbr
Polyacrylics,435,0.9655172413793104,0.06551724137931036,207.42880569359062,True,family,Mondrian-similarity,cluster_1,cluster,hist_gbr
Polyesters,600,0.9666666666666667,0.06666666666666665,196.57385921277412,True,family,Mondrian-similarity,cluster_1,cluster,hist_gbr
Polyanhydrides,33,0.9696969696969697,0.0696969696969697,186.71978521042251,True,family,Mondrian-similarity,cluster_1,cluster,hist_gbr
Polysulfones,50,0.98,0.07999999999999996,214.71047265980317,True,family,Mondrian-similarity,cluster_1,cluster,hist_gbr
Polyvinyls,90,0.9888888888888889,0.0888888888888889,242.69043013595984,True,family,Mondrian-similarity,cluster_1,cluster,hist_gbr
Other backbone,5,1.0,0.09999999999999998,237.59647722879126,False,family,Mondrian-similarity,cluster_1,cluster,hist_gbr
Polydienes,14,1.0,0.09999999999999998,242.58888909966888,True,family,Mondrian-similarity,cluster_1,cluster,hist_gbr
Polyimines,9,1.0,0.09999999999999998,235.46116025345742,False,family,Mondrian-similarity,cluster_1,cluster,hist_gbr
Polysiloxanes,3,1.0,0.09999999999999998,256.8143300067963,False,family,Mondrian-similarity,cluster_1,cluster,hist_gbr
0,1402,0.8088445078459344,-0.0911554921540656,132.91673792014987,True,similarity,Mondrian-family,cluster_1,cluster,hist_gbr
2,412,0.8398058252427184,-0.060194174757281615,144.39580806773373,True,similarity,Mondrian-family,cluster_1,cluster,hist_gbr
4,13,0.8461538461538461,-0.05384615384615388,126.43814363240101,True,similarity,Mondrian-family,cluster_1,cluster,hist_gbr
1,816,0.8553921568627451,-0.044607843137254966,147.33885760258846,True,similarity,Mondrian-family,cluster_1,cluster,hist_gbr
3,127,0.8976377952755905,-0.0023622047244095112,142.40148134119462,True,similarity,Mondrian-family,cluster_1,cluster,hist_gbr
Polyphosphazenes,9,0.4444444444444444,-0.4555555555555556,119.79031381528976,False,family,Mondrian-family,cluster_1,cluster,hist_gbr
Polyimines,9,0.5555555555555556,-0.34444444444444444,117.71184215254208,False,family,Mondrian-family,cluster_1,cluster,hist_gbr
Other backbone,5,0.6,-0.30000000000000004,117.71184215254209,False,family,Mondrian-family,cluster_1,cluster,hist_gbr
Polyhalo-olefins,44,0.6136363636363636,-0.2863636363636364,117.71184215254208,True,family,Mondrian-family,cluster_1,cluster,hist_gbr
Polyureas,39,0.6153846153846154,-0.2846153846153846,117.71184215254208,True,family,Mondrian-family,cluster_1,cluster,hist_gbr
Polysiloxanes,3,0.6666666666666666,-0.2333333333333334,135.29831589995433,False,family,Mondrian-family,cluster_1,cluster,hist_gbr
Polystyrenes,22,0.6818181818181818,-0.21818181818181825,136.41345692388347,True,family,Mondrian-family,cluster_1,cluster,hist_gbr
Polyurethanes,132,0.7121212121212122,-0.18787878787878787,117.71184215254209,True,family,Mondrian-family,cluster_1,cluster,hist_gbr
Polyolefins,51,0.7254901960784313,-0.17450980392156867,117.71184215254209,True,family,Mondrian-family,cluster_1,cluster,hist_gbr
Polyamides,723,0.7648686030428768,-0.13513139695712317,117.0899983650791,True,family,Mondrian-family,cluster_1,cluster,hist_gbr
Polysulfones,50,0.78,-0.12,119.36367216123996,True,family,Mondrian-family,cluster_1,cluster,hist_gbr
Polyphenylenes,55,0.7818181818181819,-0.11818181818181817,134.41179414487397,True,family,Mondrian-family,cluster_1,cluster,hist_gbr
Polyethers,245,0.7836734693877551,-0.11632653061224496,117.0623251297173,True,family,Mondrian-family,cluster_1,cluster,hist_gbr
Polydienes,14,0.7857142857142857,-0.11428571428571432,117.71184215254205,True,family,Mondrian-family,cluster_1,cluster,hist_gbr
Polyimides,19,0.7894736842105263,-0.1105263157894737,112.92862392283986,True,family,Mondrian-family,cluster_1,cluster,hist_gbr
Polycarbonates,176,0.7897727272727273,-0.11022727272727273,117.71184215254206,True,family,Mondrian-family,cluster_1,cluster,hist_gbr
Polysulfides,16,0.8125,-0.08750000000000002,117.71184215254209,True,family,Mondrian-family,cluster_1,cluster,hist_gbr
Polyacrylics,435,0.8919540229885058,-0.008045977011494232,144.11952368115658,True,family,Mondrian-family,cluster_1,cluster,hist_gbr
Polyvinyls,90,0.9111111111111111,0.011111111111111072,111.61464672751549,True,family,Mondrian-family,cluster_1,cluster,hist_gbr
Polyanhydrides,33,0.9696969696969697,0.0696969696969697,117.71184215254209,True,family,Mondrian-family,cluster_1,cluster,hist_gbr
Polyesters,600,0.975,0.07499999999999996,197.7330929426881,True,family,Mondrian-family,cluster_1,cluster,hist_gbr
2,412,0.7645631067961165,-0.13543689320388352,106.79133641186017,True,similarity,Normalised SCP,cluster_1,cluster,hist_gbr
4,13,0.7692307692307693,-0.13076923076923075,102.48528305393839,True,similarity,Normalised SCP,cluster_1,cluster,hist_gbr
0,1402,0.782453637660485,-0.11754636233951499,127.10083270530241,True,similarity,Normalised SCP,cluster_1,cluster,hist_gbr
1,816,0.7928921568627451,-0.10710784313725497,112.33627898178165,True,similarity,Normalised SCP,cluster_1,cluster,hist_gbr
3,127,0.84251968503937,-0.05748031496063,106.98923154803025,True,similarity,Normalised SCP,cluster_1,cluster,hist_gbr
Polyphosphazenes,9,0.3333333333333333,-0.5666666666666667,127.29601668400872,False,family,Normalised SCP,cluster_1,cluster,hist_gbr
Polyimines,9,0.5555555555555556,-0.34444444444444444,95.72869169449227,False,family,Normalised SCP,cluster_1,cluster,hist_gbr
Polyimides,19,0.5789473684210527,-0.32105263157894737,99.35861261856995,True,family,Normalised SCP,cluster_1,cluster,hist_gbr
Polyureas,39,0.5897435897435898,-0.31025641025641026,122.20608458503484,True,family,Normalised SCP,cluster_1,cluster,hist_gbr
Polyurethanes,132,0.6742424242424242,-0.22575757575757582,101.52656890727737,True,family,Normalised SCP,cluster_1,cluster,hist_gbr
Polystyrenes,22,0.7272727272727273,-0.17272727272727273,127.7397613152164,True,family,Normalised SCP,cluster_1,cluster,hist_gbr
Polyamides,723,0.739972337482711,-0.16002766251728906,111.54512639354971,True,family,Normalised SCP,cluster_1,cluster,hist_gbr
Polyethers,245,0.7959183673469388,-0.10408163265306125,122.24374829948336,True,family,Normalised SCP,cluster_1,cluster,hist_gbr
Polysulfones,50,0.8,-0.09999999999999998,121.26833833631594,True,family,Normalised SCP,cluster_1,cluster,hist_gbr
Polyolefins,51,0.803921568627451,-0.09607843137254901,190.0858633076339,True,family,Normalised SCP,cluster_1,cluster,hist_gbr
Polyacrylics,435,0.8068965517241379,-0.09310344827586214,113.83401626027133,True,family,Normalised SCP,cluster_1,cluster,hist_gbr
Polyesters,600,0.8116666666666666,-0.08833333333333337,106.47470995993191,True,family,Normalised SCP,cluster_1,cluster,hist_gbr
Polycarbonates,176,0.8125,-0.08750000000000002,125.59043370609685,True,family,Normalised SCP,cluster_1,cluster,hist_gbr
Polyphenylenes,55,0.8363636363636363,-0.06363636363636371,150.3313238372522,True,family,Normalised SCP,cluster_1,cluster,hist_gbr
Polyvinyls,90,0.9111111111111111,0.011111111111111072,148.3536222105875,True,family,Normalised SCP,cluster_1,cluster,hist_gbr
Polydienes,14,0.9285714285714286,0.02857142857142858,136.9935232826406,True,family,Normalised SCP,cluster_1,cluster,hist_gbr
Polyhalo-olefins,44,0.9318181818181818,0.031818181818181746,221.88428723890647,True,family,Normalised SCP,cluster_1,cluster,hist_gbr
Polysulfides,16,0.9375,0.03749999999999998,189.77055895160106,True,family,Normalised SCP,cluster_1,cluster,hist_gbr
Polyanhydrides,33,0.9696969696969697,0.0696969696969697,123.38975761822203,True,family,Normalised SCP,cluster_1,cluster,hist_gbr
Other backbone,5,1.0,0.09999999999999998,229.559083178508,False,family,Normalised SCP,cluster_1,cluster,hist_gbr
Polysiloxanes,3,1.0,0.09999999999999998,162.95148447629467,False,family,Normalised SCP,cluster_1,cluster,hist_gbr
0,1402,0.7560627674750356,-0.14393723252496438,118.66748000000003,True,similarity,SCP,cluster_1,cluster,extra_trees
2,412,0.7985436893203883,-0.1014563106796117,118.66748000000004,True,similarity,SCP,cluster_1,cluster,extra_trees
1,816,0.8100490196078431,-0.08995098039215688,118.66748000000003,True,similarity,SCP,cluster_1,cluster,extra_trees
4,13,0.8461538461538461,-0.05384615384615388,118.66748000000001,True,similarity,SCP,cluster_1,cluster,extra_trees
3,127,0.8740157480314961,-0.025984251968503957,118.66748000000004,True,similarity,SCP,cluster_1,cluster,extra_trees
Polysiloxanes,3,0.3333333333333333,-0.5666666666666667,118.66748,False,family,SCP,cluster_1,cluster,extra_trees
Other backbone,5,0.4,-0.5,118.66748000000003,False,family,SCP,cluster_1,cluster,extra_trees
Polyphosphazenes,9,0.4444444444444444,-0.4555555555555556,118.66748,False,family,SCP,cluster_1,cluster,extra_trees
Polyimines,9,0.5555555555555556,-0.34444444444444444,118.66748,False,family,SCP,cluster_1,cluster,extra_trees
Polyhalo-olefins,44,0.5681818181818182,-0.3318181818181818,118.66747999999998,True,family,SCP,cluster_1,cluster,extra_trees
Polyureas,39,0.5897435897435898,-0.31025641025641026,118.66748,True,family,SCP,cluster_1,cluster,extra_trees
Polystyrenes,22,0.5909090909090909,-0.3090909090909091,118.66748000000001,True,family,SCP,cluster_1,cluster,extra_trees
Polydienes,14,0.6428571428571429,-0.2571428571428571,118.66748000000004,True,family,SCP,cluster_1,cluster,extra_trees
Polyolefins,51,0.6862745098039216,-0.21372549019607845,118.66748,True,family,SCP,cluster_1,cluster,extra_trees
Polyimides,19,0.7368421052631579,-0.16315789473684217,118.66748,True,family,SCP,cluster_1,cluster,extra_trees
Polyurethanes,132,0.7575757575757576,-0.14242424242424245,118.66748,True,family,SCP,cluster_1,cluster,extra_trees
Polyamides,723,0.7579529737206085,-0.14204702627939148,118.66748000000003,True,family,SCP,cluster_1,cluster,extra_trees
Polyacrylics,435,0.7793103448275862,-0.12068965517241381,118.66748000000003,True,family,SCP,cluster_1,cluster,extra_trees
Polyphenylenes,55,0.7818181818181819,-0.11818181818181817,118.66748,True,family,SCP,cluster_1,cluster,extra_trees
Polycarbonates,176,0.7897727272727273,-0.11022727272727273,118.66748000000003,True,family,SCP,cluster_1,cluster,extra_trees
Polyethers,245,0.7918367346938775,-0.10816326530612252,118.66748000000003,True,family,SCP,cluster_1,cluster,extra_trees
Polysulfones,50,0.8,-0.09999999999999998,118.66748,True,family,SCP,cluster_1,cluster,extra_trees
Polysulfides,16,0.8125,-0.08750000000000002,118.66747999999998,True,family,SCP,cluster_1,cluster,extra_trees
Polyesters,600,0.85,-0.050000000000000044,118.66748,True,family,SCP,cluster_1,cluster,extra_trees
Polyvinyls,90,0.9111111111111111,0.011111111111111072,118.66748000000003,True,family,SCP,cluster_1,cluster,extra_trees
Polyanhydrides,33,1.0,0.09999999999999998,118.66748000000001,True,family,SCP,cluster_1,cluster,extra_trees
4,13,0.8461538461538461,-0.05384615384615388,112.19319999999993,True,similarity,Mondrian-similarity,cluster_1,cluster,extra_trees
3,127,0.8740157480314961,-0.025984251968503957,118.66748000000004,True,similarity,Mondrian-similarity,cluster_1,cluster,extra_trees
2,412,0.9247572815533981,0.02475728155339807,174.83719999999997,True,similarity,Mondrian-similarity,cluster_1,cluster,extra_trees
1,816,0.9264705882352942,0.026470588235294135,183.49507999999975,True,similarity,Mondrian-similarity,cluster_1,cluster,extra_trees
0,1402,0.9629101283880172,0.06291012838801713,264.60239999999993,True,similarity,Mondrian-similarity,cluster_1,cluster,extra_trees
Polyolefins,51,0.8823529411764706,-0.01764705882352946,240.74730588235283,True,family,Mondrian-similarity,cluster_1,cluster,extra_trees
Polyurethanes,132,0.9015151515151515,0.0015151515151514694,193.3787866666666,True,family,Mondrian-similarity,cluster_1,cluster,extra_trees
Polyamides,723,0.9031811894882434,0.003181189488243419,226.31980763485467,True,family,Mondrian-similarity,cluster_1,cluster,extra_trees
Polyhalo-olefins,44,0.9090909090909091,0.009090909090909038,260.91570363636356,True,family,Mondrian-similarity,cluster_1,cluster,extra_trees
Polystyrenes,22,0.9090909090909091,0.009090909090909038,199.520229090909,True,family,Mondrian-similarity,cluster_1,cluster,extra_trees
Polycarbonates,176,0.9090909090909091,0.009090909090909038,212.82430318181807,True,family,Mondrian-similarity,cluster_1,cluster,extra_trees
Polysulfones,50,0.92,0.020000000000000018,222.3171639999999,True,family,Mondrian-similarity,cluster_1,cluster,extra_trees
Polyphenylenes,55,0.9454545454545454,0.045454545454545414,236.11125963636354,True,family,Mondrian-similarity,cluster_1,cluster,extra_trees
Polyimides,19,0.9473684210526315,0.047368421052631504,154.82862315789464,True,family,Mondrian-similarity,cluster_1,cluster,extra_trees
Polyacrylics,435,0.9586206896551724,0.05862068965517242,215.91402114942514,True,family,Mondrian-similarity,cluster_1,cluster,extra_trees
Polyethers,245,0.9714285714285714,0.0714285714285714,234.7378367346938,True,family,Mondrian-similarity,cluster_1,cluster,extra_trees
Polyureas,39,0.9743589743589743,0.07435897435897432,245.2193353846154,True,family,Mondrian-similarity,cluster_1,cluster,extra_trees
Polyesters,600,0.975,0.07499999999999996,205.3471713999999,True,family,Mondrian-similarity,cluster_1,cluster,extra_trees
Polyvinyls,90,0.9888888888888889,0.0888888888888889,251.99845644444434,True,family,Mondrian-similarity,cluster_1,cluster,extra_trees
Polyphosphazenes,9,1.0,0.09999999999999998,228.5547022222221,False,family,Mondrian-similarity,cluster_1,cluster,extra_trees
Polyimines,9,1.0,0.09999999999999998,246.57855111111107,False,family,Mondrian-similarity,cluster_1,cluster,extra_trees
Other backbone,5,1.0,0.09999999999999998,248.38093599999988,False,family,Mondrian-similarity,cluster_1,cluster,extra_trees
Polydienes,14,1.0,0.09999999999999998,245.36699999999988,True,family,Mondrian-similarity,cluster_1,cluster,extra_trees
Polyanhydrides,33,1.0,0.09999999999999998,202.37038060606045,True,family,Mondrian-similarity,cluster_1,cluster,extra_trees
Polysulfides,16,1.0,0.09999999999999998,259.5331924999999,True,family,Mondrian-similarity,cluster_1,cluster,extra_trees
Polysiloxanes,3,1.0,0.09999999999999998,264.6024,False,family,Mondrian-similarity,cluster_1,cluster,extra_trees
4,13,0.7692307692307693,-0.13076923076923075,143.6485276923077,True,similarity,Mondrian-family,cluster_1,cluster,extra_trees
0,1402,0.8102710413694721,-0.08972895863052788,138.8561143651926,True,similarity,Mondrian-family,cluster_1,cluster,extra_trees
2,412,0.8446601941747572,-0.05533980582524278,139.88148490291263,True,similarity,Mondrian-family,cluster_1,cluster,extra_trees
1,816,0.8651960784313726,-0.03480392156862744,144.5727793872549,True,similarity,Mondrian-family,cluster_1,cluster,extra_trees
3,127,0.8976377952755905,-0.0023622047244095112,147.51296629921262,True,similarity,Mondrian-family,cluster_1,cluster,extra_trees
Polysiloxanes,3,0.3333333333333333,-0.5666666666666667,143.23220000000015,False,family,Mondrian-family,cluster_1,cluster,extra_trees
Other backbone,5,0.4,-0.5,118.66748000000003,False,family,Mondrian-family,cluster_1,cluster,extra_trees
Polyphosphazenes,9,0.4444444444444444,-0.4555555555555556,129.9488,False,family,Mondrian-family,cluster_1,cluster,extra_trees
Polyimines,9,0.5555555555555556,-0.34444444444444444,118.66748,False,family,Mondrian-family,cluster_1,cluster,extra_trees
Polyhalo-olefins,44,0.5681818181818182,-0.3318181818181818,118.66747999999998,True,family,Mondrian-family,cluster_1,cluster,extra_trees
Polyureas,39,0.5897435897435898,-0.31025641025641026,118.66748,True,family,Mondrian-family,cluster_1,cluster,extra_trees
Polystyrenes,22,0.5909090909090909,-0.3090909090909091,148.38339999999997,True,family,Mondrian-family,cluster_1,cluster,extra_trees
Polyimides,19,0.631578947368421,-0.268421052631579,111.71520000000005,True,family,Mondrian-family,cluster_1,cluster,extra_trees
Polydienes,14,0.6428571428571429,-0.2571428571428571,118.66748000000004,True,family,Mondrian-family,cluster_1,cluster,extra_trees
Polyolefins,51,0.6862745098039216,-0.21372549019607845,118.66748,True,family,Mondrian-family,cluster_1,cluster,extra_trees
Polyethers,245,0.746938775510204,-0.15306122448979598,91.73364000000016,True,family,Mondrian-family,cluster_1,cluster,extra_trees
Polyurethanes,132,0.7575757575757576,-0.14242424242424245,118.66748,True,family,Mondrian-family,cluster_1,cluster,extra_trees
Polycarbonates,176,0.7897727272727273,-0.11022727272727273,118.66748000000003,True,family,Mondrian-family,cluster_1,cluster,extra_trees
Polysulfides,16,0.8125,-0.08750000000000002,118.66747999999998,True,family,Mondrian-family,cluster_1,cluster,extra_trees
Polyamides,723,0.8160442600276625,-0.08395573997233752,149.95212,True,family,Mondrian-family,cluster_1,cluster,extra_trees
Polyphenylenes,55,0.8363636363636363,-0.06363636363636371,135.4376,True,family,Mondrian-family,cluster_1,cluster,extra_trees
Polyvinyls,90,0.8666666666666667,-0.033333333333333326,107.43743999999994,True,family,Mondrian-family,cluster_1,cluster,extra_trees
Polysulfones,50,0.88,-0.020000000000000018,134.79200000000003,True,family,Mondrian-family,cluster_1,cluster,extra_trees
Polyesters,600,0.92,0.020000000000000018,143.40601999999998,True,family,Mondrian-family,cluster_1,cluster,extra_trees
Polyacrylics,435,0.9356321839080459,0.0356321839080459,187.38839999999996,True,family,Mondrian-family,cluster_1,cluster,extra_trees
Polyanhydrides,33,1.0,0.09999999999999998,118.66748000000001,True,family,Mondrian-family,cluster_1,cluster,extra_trees
4,13,0.6923076923076923,-0.20769230769230773,104.23319274231986,True,similarity,Normalised SCP,cluster_1,cluster,extra_trees
0,1402,0.7289586305278174,-0.17104136947218262,117.6629115824294,True,similarity,Normalised SCP,cluster_1,cluster,extra_trees
2,412,0.7330097087378641,-0.16699029126213594,104.63507116308514,True,similarity,Normalised SCP,cluster_1,cluster,extra_trees
1,816,0.7401960784313726,-0.15980392156862744,108.68167290741438,True,similarity,Normalised SCP,cluster_1,cluster,extra_trees
3,127,0.8110236220472441,-0.08897637795275593,103.98665858969717,True,similarity,Normalised SCP,cluster_1,cluster,extra_trees
Polysiloxanes,3,0.3333333333333333,-0.5666666666666667,109.0949172046357,False,family,Normalised SCP,cluster_1,cluster,extra_trees
Polyimines,9,0.4444444444444444,-0.4555555555555556,100.35414601663508,False,family,Normalised SCP,cluster_1,cluster,extra_trees
Polyphosphazenes,9,0.4444444444444444,-0.4555555555555556,126.81650990660279,False,family,Normalised SCP,cluster_1,cluster,extra_trees
Polyimides,19,0.47368421052631576,-0.42631578947368426,94.11338145093188,True,family,Normalised SCP,cluster_1,cluster,extra_trees
Polyureas,39,0.6666666666666666,-0.2333333333333334,121.67849172486832,True,family,Normalised SCP,cluster_1,cluster,extra_trees
Polystyrenes,22,0.6818181818181818,-0.21818181818181825,128.93186890385198,True,family,Normalised SCP,cluster_1,cluster,extra_trees
Polyurethanes,132,0.6893939393939394,-0.21060606060606057,101.17780856304461,True,family,Normalised SCP,cluster_1,cluster,extra_trees
Polycarbonates,176,0.7045454545454546,-0.19545454545454544,114.4124020815798,True,family,Normalised SCP,cluster_1,cluster,extra_trees
Polyamides,723,0.7053941908713693,-0.19460580912863068,110.1842305393701,True,family,Normalised SCP,cluster_1,cluster,extra_trees
Polyacrylics,435,0.7103448275862069,-0.18965517241379315,99.89733580283054,True,family,Normalised SCP,cluster_1,cluster,extra_trees
Polydienes,14,0.7142857142857143,-0.18571428571428572,146.25981495601204,True,family,Normalised SCP,cluster_1,cluster,extra_trees
Polyesters,600,0.7416666666666667,-0.15833333333333333,99.35551158538456,True,family,Normalised SCP,cluster_1,cluster,extra_trees
Polyethers,245,0.8,-0.09999999999999998,113.44304261219006,True,family,Normalised SCP,cluster_1,cluster,extra_trees
Polyhalo-olefins,44,0.8181818181818182,-0.08181818181818179,192.73686478873705,True,family,Normalised SCP,cluster_1,cluster,extra_trees
Polysulfones,50,0.82,-0.08000000000000007,122.10338806959656,True,family,Normalised SCP,cluster_1,cluster,extra_trees
Polyolefins,51,0.8235294117647058,-0.07647058823529418,190.059361201084,True,family,Normalised SCP,cluster_1,cluster,extra_trees
Polyphenylenes,55,0.8363636363636363,-0.06363636363636371,153.55717233271344,True,family,Normalised SCP,cluster_1,cluster,extra_trees
Polysulfides,16,0.875,-0.025000000000000022,182.43732819824925,True,family,Normalised SCP,cluster_1,cluster,extra_trees
Polyvinyls,90,0.8888888888888888,-0.011111111111111183,136.8120619964853,True,family,Normalised SCP,cluster_1,cluster,extra_trees
Polyanhydrides,33,0.9696969696969697,0.0696969696969697,127.57085860645117,True,family,Normalised SCP,cluster_1,cluster,extra_trees
Other backbone,5,1.0,0.09999999999999998,269.08576620379426,False,family,Normalised SCP,cluster_1,cluster,extra_trees
0,1138,0.36379613356766255,-0.5362038664323374,308.0,True,similarity,SCP,cluster_2,cluster,median
1,1009,0.4796828543111992,-0.4203171456888008,308.0,True,similarity,SCP,cluster_2,cluster,median
2,380,0.6157894736842106,-0.28421052631578947,308.0,True,similarity,SCP,cluster_2,cluster,median
3,98,0.6428571428571429,-0.2571428571428571,308.0,True,similarity,SCP,cluster_2,cluster,median
4,13,0.8461538461538461,-0.05384615384615388,308.0,True,similarity,SCP,cluster_2,cluster,median
Polydienes,1,0.0,-0.9,308.0,False,family,SCP,cluster_2,cluster,median
Polyureas,4,0.25,-0.65,308.0,False,family,SCP,cluster_2,cluster,median
Polyphenylenes,79,0.3037974683544304,-0.5962025316455697,308.0,True,family,SCP,cluster_2,cluster,median
Polyimides,1604,0.3634663341645885,-0.5365336658354115,308.0,True,family,SCP,cluster_2,cluster,median
Polyesters,55,0.43636363636363634,-0.4636363636363637,308.0,True,family,SCP,cluster_2,cluster,median
Polycarbonates,10,0.5,-0.4,308.0,True,family,SCP,cluster_2,cluster,median
Polyamides,219,0.589041095890411,-0.31095890410958904,308.0,True,family,SCP,cluster_2,cluster,median
Polysulfones,151,0.5960264900662252,-0.3039735099337748,308.0,True,family,SCP,cluster_2,cluster,median
Polyethers,407,0.6068796068796068,-0.2931203931203932,308.0,True,family,SCP,cluster_2,cluster,median
Polysulfides,15,0.6666666666666666,-0.2333333333333334,308.0,True,family,SCP,cluster_2,cluster,median
Polyvinyls,55,1.0,0.09999999999999998,308.0,True,family,SCP,cluster_2,cluster,median
Polysiloxanes,2,1.0,0.09999999999999998,308.0,False,family,SCP,cluster_2,cluster,median
Polyurethanes,4,1.0,0.09999999999999998,308.0,False,family,SCP,cluster_2,cluster,median
Polyimines,32,1.0,0.09999999999999998,308.0,True,family,SCP,cluster_2,cluster,median
0,1138,0.27065026362038663,-0.6293497363796134,266.0,True,similarity,Mondrian-similarity,cluster_2,cluster,median
1,1009,0.4886025768087215,-0.41139742319127853,310.0,True,similarity,Mondrian-similarity,cluster_2,cluster,median
3,98,0.5816326530612245,-0.31836734693877555,296.0,True,similarity,Mondrian-similarity,cluster_2,cluster,median
2,380,0.6078947368421053,-0.29210526315789476,306.0,True,similarity,Mondrian-similarity,cluster_2,cluster,median
4,13,1.0,0.09999999999999998,390.0,True,similarity,Mondrian-similarity,cluster_2,cluster,median
Polydienes,1,0.0,-0.9,266.0,False,family,Mondrian-similarity,cluster_2,cluster,median
Polyureas,4,0.25,-0.65,287.0,False,family,Mondrian-similarity,cluster_2,cluster,median
Polyphenylenes,79,0.25316455696202533,-0.6468354430379747,273.1898734177215,True,family,Mondrian-similarity,cluster_2,cluster,median
Polyimides,1604,0.3248129675810474,-0.5751870324189526,289.6857855361596,True,family,Mondrian-similarity,cluster_2,cluster,median
Polyesters,55,0.45454545454545453,-0.4454545454545455,297.6363636363636,True,family,Mondrian-similarity,cluster_2,cluster,median
Polycarbonates,10,0.5,-0.4,295.0,True,family,Mondrian-similarity,cluster_2,cluster,median
Polyethers,407,0.5454545454545454,-0.3545454545454546,289.1105651105651,True,family,Mondrian-similarity,cluster_2,cluster,median
Polyamides,219,0.5616438356164384,-0.33835616438356164,302.89497716894977,True,family,Mondrian-similarity,cluster_2,cluster,median
Polysulfones,151,0.5629139072847682,-0.3370860927152318,293.49668874172187,True,family,Mondrian-similarity,cluster_2,cluster,median
Polysulfides,15,0.6666666666666666,-0.2333333333333334,280.4,True,family,Mondrian-similarity,cluster_2,cluster,median
Polyimines,32,0.9375,0.03749999999999998,302.3125,True,family,Mondrian-similarity,cluster_2,cluster,median
Polyvinyls,55,0.9818181818181818,0.08181818181818179,269.2,True,family,Mondrian-similarity,cluster_2,cluster,median
Polyurethanes,4,1.0,0.09999999999999998,326.5,False,family,Mondrian-similarity,cluster_2,cluster,median
Polysiloxanes,2,1.0,0.09999999999999998,286.0,False,family,Mondrian-similarity,cluster_2,cluster,median
0,1138,0.79701230228471,-0.10298769771529004,491.12653778558877,True,similarity,Mondrian-family,cluster_2,cluster,median
1,1009,0.88800792864222,-0.011992071357780021,506.41625371655107,True,similarity,Mondrian-family,cluster_2,cluster,median
3,98,0.8979591836734694,-0.0020408163265306367,398.16326530612247,True,similarity,Mondrian-family,cluster_2,cluster,median
2,380,0.9210526315789473,0.021052631578947323,462.0421052631579,True,similarity,Mondrian-family,cluster_2,cluster,median
4,13,0.9230769230769231,0.023076923076923106,398.7692307692308,True,similarity,Mondrian-family,cluster_2,cluster,median
Polydienes,1,0.0,-0.9,308.0,False,family,Mondrian-family,cluster_2,cluster,median
Polyureas,4,0.25,-0.65,308.0,False,family,Mondrian-family,cluster_2,cluster,median
Polyphenylenes,79,0.379746835443038,-0.520253164556962,398.0,True,family,Mondrian-family,cluster_2,cluster,median
Polyesters,55,0.4,-0.5,286.0,True,family,Mondrian-family,cluster_2,cluster,median
Polycarbonates,10,0.5,-0.4,306.0,True,family,Mondrian-family,cluster_2,cluster,median
Polysulfones,151,0.5960264900662252,-0.3039735099337748,308.0,True,family,Mondrian-family,cluster_2,cluster,median
Polyethers,407,0.6339066339066339,-0.2660933660933661,322.0,True,family,Mondrian-family,cluster_2,cluster,median
Polysulfides,15,0.6666666666666666,-0.2333333333333334,308.0,True,family,Mondrian-family,cluster_2,cluster,median
Polyamides,219,0.9406392694063926,0.04063926940639262,436.0,True,family,Mondrian-family,cluster_2,cluster,median
Polyimides,1604,0.9594763092269327,0.0594763092269327,582.0,True,family,Mondrian-family,cluster_2,cluster,median
Polyvinyls,55,0.9818181818181818,0.08181818181818179,278.0,True,family,Mondrian-family,cluster_2,cluster,median
Polysiloxanes,2,1.0,0.09999999999999998,340.0,False,family,Mondrian-family,cluster_2,cluster,median
Polyurethanes,4,1.0,0.09999999999999998,216.0,False,family,Mondrian-family,cluster_2,cluster,median
Polyimines,32,1.0,0.09999999999999998,308.0,True,family,Mondrian-family,cluster_2,cluster,median
0,1138,0.8427065026362038,-0.057293497363796186,554.2302298963746,True,similarity,Normalised SCP,cluster_2,cluster,median
1,1009,0.8830525272547076,-0.016947472745292402,505.9413390693414,True,similarity,Normalised SCP,cluster_2,cluster,median
4,13,0.9230769230769231,0.023076923076923106,481.3572288068768,True,similarity,Normalised SCP,cluster_2,cluster,median
2,380,0.9289473684210526,0.02894736842105261,467.13319962769083,True,similarity,Normalised SCP,cluster_2,cluster,median
3,98,0.9591836734693877,0.05918367346938769,480.55988779463337,True,similarity,Normalised SCP,cluster_2,cluster,median
Polyureas,4,0.25,-0.65,312.3492100872274,False,family,Normalised SCP,cluster_2,cluster,median
Polyimides,1604,0.8466334164588528,-0.053366583541147206,553.6552880550464,True,family,Normalised SCP,cluster_2,cluster,median
Polysulfones,151,0.847682119205298,-0.05231788079470201,407.0621109212957,True,family,Normalised SCP,cluster_2,cluster,median
Polyamides,219,0.8493150684931506,-0.050684931506849384,446.18628704691383,True,family,Normalised SCP,cluster_2,cluster,median
Polyesters,55,0.9090909090909091,0.009090909090909038,473.1933551448428,True,family,Normalised SCP,cluster_2,cluster,median
Polyphenylenes,79,0.9240506329113924,0.024050632911392422,702.9034051353337,True,family,Normalised SCP,cluster_2,cluster,median
Polyvinyls,55,0.9272727272727272,0.027272727272727226,217.9896285948147,True,family,Normalised SCP,cluster_2,cluster,median
Polyethers,407,0.9778869778869779,0.07788697788697785,503.3068729071205,True,family,Normalised SCP,cluster_2,cluster,median
Polysulfides,15,1.0,0.09999999999999998,570.576296155553,True,family,Normalised SCP,cluster_2,cluster,median
Polydienes,1,1.0,0.09999999999999998,783.5991882700226,False,family,Normalised SCP,cluster_2,cluster,median
Polysiloxanes,2,1.0,0.09999999999999998,456.16092742616286,False,family,Normalised SCP,cluster_2,cluster,median
Polyurethanes,4,1.0,0.09999999999999998,211.55279337991982,False,family,Normalised SCP,cluster_2,cluster,median
Polycarbonates,10,1.0,0.09999999999999998,388.52909096547387,True,family,Normalised SCP,cluster_2,cluster,median
Polyimines,32,1.0,0.09999999999999998,318.8090354278745,True,family,Normalised SCP,cluster_2,cluster,median
0,1138,0.523725834797891,-0.376274165202109,144.16140780064046,True,similarity,SCP,cluster_2,cluster,svr
1,1009,0.6303270564915758,-0.2696729435084242,144.16140780064046,True,similarity,SCP,cluster_2,cluster,svr
2,380,0.7447368421052631,-0.15526315789473688,144.1614078006405,True,similarity,SCP,cluster_2,cluster,svr
3,98,0.8469387755102041,-0.05306122448979589,144.1614078006405,True,similarity,SCP,cluster_2,cluster,svr
4,13,1.0,0.09999999999999998,144.1614078006405,True,similarity,SCP,cluster_2,cluster,svr
Polydienes,1,0.0,-0.9,144.16140780064043,False,family,SCP,cluster_2,cluster,svr
Polyureas,4,0.25,-0.65,144.16140780064046,False,family,SCP,cluster_2,cluster,svr
Polyphenylenes,79,0.3291139240506329,-0.5708860759493671,144.16140780064046,True,family,SCP,cluster_2,cluster,svr
Polyimides,1604,0.5392768079800498,-0.3607231920199502,144.1614078006405,True,family,SCP,cluster_2,cluster,svr
Polycarbonates,10,0.6,-0.30000000000000004,144.16140780064046,True,family,SCP,cluster_2,cluster,svr
Polyethers,407,0.6732186732186732,-0.2267813267813268,144.1614078006405,True,family,SCP,cluster_2,cluster,svr
Polyesters,55,0.7090909090909091,-0.19090909090909092,144.1614078006405,True,family,SCP,cluster_2,cluster,svr
Polysulfones,151,0.7152317880794702,-0.18476821192052983,144.1614078006405,True,family,SCP,cluster_2,cluster,svr
Polysulfides,15,0.8666666666666667,-0.033333333333333326,144.1614078006405,True,family,SCP,cluster_2,cluster,svr
Polyamides,219,0.867579908675799,-0.032420091324200984,144.1614078006405,True,family,SCP,cluster_2,cluster,svr
Polyimines,32,0.9375,0.03749999999999998,144.16140780064046,True,family,SCP,cluster_2,cluster,svr
Polyvinyls,55,0.9636363636363636,0.0636363636363636,144.1614078006405,True,family,SCP,cluster_2,cluster,svr
Polyurethanes,4,1.0,0.09999999999999998,144.16140780064046,False,family,SCP,cluster_2,cluster,svr
Polysiloxanes,2,1.0,0.09999999999999998,144.16140780064046,False,family,SCP,cluster_2,cluster,svr
2,380,0.8394736842105263,-0.06052631578947376,184.75332765062646,True,similarity,Mondrian-similarity,cluster_2,cluster,svr
0,1138,0.8681898066783831,-0.03181019332161694,283.1074657457375,True,similarity,Mondrian-similarity,cluster_2,cluster,svr
3,98,0.8979591836734694,-0.0020408163265306367,180.24871207590377,True,similarity,Mondrian-similarity,cluster_2,cluster,svr
1,1009,0.9375619425173439,0.037561942517343905,299.67875587589333,True,similarity,Mondrian-similarity,cluster_2,cluster,svr
4,13,1.0,0.09999999999999998,125.93777999350846,True,similarity,Mondrian-similarity,cluster_2,cluster,svr
Polydienes,1,0.0,-0.9,283.1074657457376,False,family,Mondrian-similarity,cluster_2,cluster,svr
Polyphenylenes,79,0.5569620253164557,-0.34303797468354436,284.37963465038,True,family,Mondrian-similarity,cluster_2,cluster,svr
Polyureas,4,0.75,-0.15000000000000002,262.6617537544987,False,family,Mondrian-similarity,cluster_2,cluster,svr
Polysulfides,15,0.8666666666666667,-0.033333333333333326,280.9695339074384,True,family,Mondrian-similarity,cluster_2,cluster,svr
Polyimides,1604,0.8834164588528678,-0.01658354114713223,278.5884954629318,True,family,Mondrian-similarity,cluster_2,cluster,svr
Polycarbonates,10,0.9,0.0,271.2718216343209,True,family,Mondrian-similarity,cluster_2,cluster,svr
Polyethers,407,0.9090909090909091,0.009090909090909038,260.60044922565777,True,family,Mondrian-similarity,cluster_2,cluster,svr
Polyesters,55,0.9272727272727272,0.027272727272727226,247.92965180528412,True,family,Mondrian-similarity,cluster_2,cluster,svr
Polysulfones,151,0.9536423841059603,0.05364238410596023,267.16433471078057,True,family,Mondrian-similarity,cluster_2,cluster,svr
Polyamides,219,0.958904109589041,0.05890410958904102,230.0522847226474,True,family,Mondrian-similarity,cluster_2,cluster,svr
Polyvinyls,55,1.0,0.09999999999999998,284.3126504824761,True,family,Mondrian-similarity,cluster_2,cluster,svr
Polysiloxanes,2,1.0,0.09999999999999998,233.93039669818202,False,family,Mondrian-similarity,cluster_2,cluster,svr
Polyurethanes,4,1.0,0.09999999999999998,226.38600095529966,False,family,Mondrian-similarity,cluster_2,cluster,svr
Polyimines,32,1.0,0.09999999999999998,282.58304402818794,True,family,Mondrian-similarity,cluster_2,cluster,svr
0,1138,0.8418277680140598,-0.05817223198594024,310.1480143499163,True,similarity,Mondrian-family,cluster_2,cluster,svr
3,98,0.8571428571428571,-0.04285714285714293,173.7846372380536,True,similarity,Mondrian-family,cluster_2,cluster,svr
2,380,0.9131578947368421,0.013157894736842035,267.8844539903176,True,similarity,Mondrian-family,cluster_2,cluster,svr
1,1009,0.9137760158572844,0.013776015857284385,320.2189489439442,True,similarity,Mondrian-family,cluster_2,cluster,svr
4,13,1.0,0.09999999999999998,136.60871755375481,True,similarity,Mondrian-family,cluster_2,cluster,svr
Polydienes,1,0.0,-0.9,144.16140780064043,False,family,Mondrian-family,cluster_2,cluster,svr
Polyureas,4,0.25,-0.65,144.16140780064046,False,family,Mondrian-family,cluster_2,cluster,svr
Polyphenylenes,79,0.43037974683544306,-0.46962025316455697,198.14426285891366,True,family,Mondrian-family,cluster_2,cluster,svr
Polyesters,55,0.5272727272727272,-0.3727272727272728,123.38081435978964,True,family,Mondrian-family,cluster_2,cluster,svr
Polycarbonates,10,0.6,-0.30000000000000004,144.10015287578534,True,family,Mondrian-family,cluster_2,cluster,svr
Polysulfones,151,0.7152317880794702,-0.18476821192052983,144.1614078006405,True,family,Mondrian-family,cluster_2,cluster,svr
Polyethers,407,0.7567567567567568,-0.14324324324324322,184.31891233129855,True,family,Mondrian-family,cluster_2,cluster,svr
Polyamides,219,0.7899543378995434,-0.11004566210045663,127.29252095485063,True,family,Mondrian-family,cluster_2,cluster,svr
Polysulfides,15,0.8666666666666667,-0.033333333333333326,144.1614078006405,True,family,Mondrian-family,cluster_2,cluster,svr
Polyvinyls,55,0.8727272727272727,-0.027272727272727337,108.1248635716363,True,family,Mondrian-family,cluster_2,cluster,svr
Polyimines,32,0.9375,0.03749999999999998,144.16140780064046,True,family,Mondrian-family,cluster_2,cluster,svr
Polyimides,1604,0.9775561097256857,0.07755610972568572,394.9394548740203,True,family,Mondrian-family,cluster_2,cluster,svr
Polyurethanes,4,1.0,0.09999999999999998,195.28839195921773,False,family,Mondrian-family,cluster_2,cluster,svr
Polysiloxanes,2,1.0,0.09999999999999998,200.6925752032754,False,family,Mondrian-family,cluster_2,cluster,svr
0,1138,0.6476274165202109,-0.2523725834797891,183.5032084589395,True,similarity,Normalised SCP,cluster_2,cluster,svr
1,1009,0.6848364717542121,-0.21516352824578788,164.7132559125135,True,similarity,Normalised SCP,cluster_2,cluster,svr
2,380,0.7842105263157895,-0.11578947368421055,159.1713936948521,True,similarity,Normalised SCP,cluster_2,cluster,svr
3,98,0.8877551020408163,-0.01224489795918371,154.04813884686982,True,similarity,Normalised SCP,cluster_2,cluster,svr
4,13,1.0,0.09999999999999998,133.4053061570855,True,similarity,Normalised SCP,cluster_2,cluster,svr
Polydienes,1,0.0,-0.9,245.16317517963614,False,family,Normalised SCP,cluster_2,cluster,svr
Polyureas,4,0.25,-0.65,153.9129422215246,False,family,Normalised SCP,cluster_2,cluster,svr
Polyphenylenes,79,0.5316455696202531,-0.3683544303797469,226.96454387936282,True,family,Normalised SCP,cluster_2,cluster,svr
Polyimides,1604,0.6209476309226932,-0.2790523690773068,169.06377699805233,True,family,Normalised SCP,cluster_2,cluster,svr
Polycarbonates,10,0.7,-0.20000000000000007,184.77808902451457,True,family,Normalised SCP,cluster_2,cluster,svr
Polyesters,55,0.7636363636363637,-0.13636363636363635,175.82976379145103,True,family,Normalised SCP,cluster_2,cluster,svr
Polysulfones,151,0.7814569536423841,-0.11854304635761592,167.30149138427416,True,family,Normalised SCP,cluster_2,cluster,svr
Polyethers,407,0.8058968058968059,-0.09410319410319412,188.3263858810581,True,family,Normalised SCP,cluster_2,cluster,svr
Polyamides,219,0.863013698630137,-0.03698630136986303,139.70659242000627,True,family,Normalised SCP,cluster_2,cluster,svr
Polysulfides,15,0.8666666666666667,-0.033333333333333326,186.65475823651525,True,family,Normalised SCP,cluster_2,cluster,svr
Polyimines,32,0.9375,0.03749999999999998,155.03938263696483,True,family,Normalised SCP,cluster_2,cluster,svr
Polyvinyls,55,0.9818181818181818,0.08181818181818179,177.29420773172083,True,family,Normalised SCP,cluster_2,cluster,svr
Polyurethanes,4,1.0,0.09999999999999998,108.41106873278355,False,family,Normalised SCP,cluster_2,cluster,svr
Polysiloxanes,2,1.0,0.09999999999999998,198.84860409414483,False,family,Normalised SCP,cluster_2,cluster,svr
0,1138,0.6370826010544816,-0.26291739894551847,152.0474,True,similarity,SCP,cluster_2,cluster,random_forest
1,1009,0.7879088206144698,-0.11209117938553026,152.04739999999998,True,similarity,SCP,cluster_2,cluster,random_forest
2,380,0.8447368421052631,-0.0552631578947369,152.04739999999998,True,similarity,SCP,cluster_2,cluster,random_forest
3,98,0.8877551020408163,-0.01224489795918371,152.04739999999998,True,similarity,SCP,cluster_2,cluster,random_forest
4,13,1.0,0.09999999999999998,152.04739999999998,True,similarity,SCP,cluster_2,cluster,random_forest
Polydienes,1,0.0,-0.9,152.04740000000004,False,family,SCP,cluster_2,cluster,random_forest
Polyureas,4,0.25,-0.65,152.0474,False,family,SCP,cluster_2,cluster,random_forest
Polyphenylenes,79,0.34177215189873417,-0.5582278481012659,152.04739999999993,True,family,SCP,cluster_2,cluster,random_forest
Polycarbonates,10,0.5,-0.4,152.0474,True,family,SCP,cluster_2,cluster,random_forest
Polyesters,55,0.6545454545454545,-0.24545454545454548,152.04740000000004,True,family,SCP,cluster_2,cluster,random_forest
Polysulfones,151,0.6887417218543046,-0.21125827814569542,152.04739999999995,True,family,SCP,cluster_2,cluster,random_forest
Polyimides,1604,0.720074812967581,-0.179925187032419,152.04739999999998,True,family,SCP,cluster_2,cluster,random_forest
Polyethers,407,0.7862407862407862,-0.11375921375921383,152.04739999999998,True,family,SCP,cluster_2,cluster,random_forest
Polysulfides,15,0.8,-0.09999999999999998,152.04739999999998,True,family,SCP,cluster_2,cluster,random_forest
Polyamides,219,0.8584474885844748,-0.041552511415525184,152.04739999999998,True,family,SCP,cluster_2,cluster,random_forest
Polyvinyls,55,1.0,0.09999999999999998,152.04740000000004,True,family,SCP,cluster_2,cluster,random_forest
Polysiloxanes,2,1.0,0.09999999999999998,152.04740000000004,False,family,SCP,cluster_2,cluster,random_forest
Polyurethanes,4,1.0,0.09999999999999998,152.0474,False,family,SCP,cluster_2,cluster,random_forest
Polyimines,32,1.0,0.09999999999999998,152.04739999999998,True,family,SCP,cluster_2,cluster,random_forest
2,380,0.85,-0.050000000000000044,156.21439999999996,True,similarity,Mondrian-similarity,cluster_2,cluster,random_forest
0,1138,0.8778558875219684,-0.022144112478031608,259.3788,True,similarity,Mondrian-similarity,cluster_2,cluster,random_forest
3,98,0.8877551020408163,-0.01224489795918371,158.04384,True,similarity,Mondrian-similarity,cluster_2,cluster,random_forest
1,1009,0.9534192269573836,0.05341922695738355,252.8332,True,similarity,Mondrian-similarity,cluster_2,cluster,random_forest
4,13,1.0,0.09999999999999998,146.27096000000003,True,similarity,Mondrian-similarity,cluster_2,cluster,random_forest
Polydienes,1,0.0,-0.9,259.37879999999996,False,family,Mondrian-similarity,cluster_2,cluster,random_forest
Polyphenylenes,79,0.5822784810126582,-0.3177215189873418,257.07865316455695,True,family,Mondrian-similarity,cluster_2,cluster,random_forest
Polyureas,4,0.75,-0.15000000000000002,231.9513,False,family,Mondrian-similarity,cluster_2,cluster,random_forest
Polyesters,55,0.8181818181818182,-0.08181818181818179,215.8706181818181,True,family,Mondrian-similarity,cluster_2,cluster,random_forest
Polycarbonates,10,0.9,0.0,235.65606399999996,True,family,Mondrian-similarity,cluster_2,cluster,random_forest
Polyimides,1604,0.9027431421446384,0.002743142144638333,244.34199052369075,True,family,Mondrian-similarity,cluster_2,cluster,random_forest
Polysulfones,151,0.9072847682119205,0.007284768211920478,232.7598071523178,True,family,Mondrian-similarity,cluster_2,cluster,random_forest
Polysulfides,15,0.9333333333333333,0.033333333333333326,250.75567999999996,True,family,Mondrian-similarity,cluster_2,cluster,random_forest
Polyethers,407,0.9385749385749386,0.038574938574938544,229.46022506142504,True,family,Mondrian-similarity,cluster_2,cluster,random_forest
Polyamides,219,0.9452054794520548,0.045205479452054775,200.36676091324193,True,family,Mondrian-similarity,cluster_2,cluster,random_forest
Polyvinyls,55,1.0,0.09999999999999998,258.9027563636364,True,family,Mondrian-similarity,cluster_2,cluster,random_forest
Polysiloxanes,2,1.0,0.09999999999999998,207.79659999999998,False,family,Mondrian-similarity,cluster_2,cluster,random_forest
Polyurethanes,4,1.0,0.09999999999999998,202.4953,False,family,Mondrian-similarity,cluster_2,cluster,random_forest
Polyimines,32,1.0,0.09999999999999998,241.83576999999997,True,family,Mondrian-similarity,cluster_2,cluster,random_forest
0,1138,0.7680140597539543,-0.1319859402460457,194.68492358523736,True,similarity,Mondrian-family,cluster_2,cluster,random_forest
1,1009,0.8721506442021804,-0.027849355797819664,197.99009191278506,True,similarity,Mondrian-family,cluster_2,cluster,random_forest
2,380,0.9131578947368421,0.013157894736842035,184.77410115789482,True,similarity,Mondrian-family,cluster_2,cluster,random_forest
3,98,0.9183673469387755,0.01836734693877551,163.28175551020405,True,similarity,Mondrian-family,cluster_2,cluster,random_forest
4,13,1.0,0.09999999999999998,159.8786307692307,True,similarity,Mondrian-family,cluster_2,cluster,random_forest
Polydienes,1,0.0,-0.9,152.04740000000004,False,family,Mondrian-family,cluster_2,cluster,random_forest
Polyureas,4,0.25,-0.65,152.0474,False,family,Mondrian-family,cluster_2,cluster,random_forest
Polyphenylenes,79,0.4177215189873418,-0.48227848101265824,174.08768000000003,True,family,Mondrian-family,cluster_2,cluster,random_forest
Polycarbonates,10,0.5,-0.4,146.27096,True,family,Mondrian-family,cluster_2,cluster,random_forest
Polyesters,55,0.5454545454545454,-0.3545454545454546,132.7,True,family,Mondrian-family,cluster_2,cluster,random_forest
Polysulfones,151,0.6887417218543046,-0.21125827814569542,152.04739999999995,True,family,Mondrian-family,cluster_2,cluster,random_forest
Polyethers,407,0.7911547911547911,-0.10884520884520887,153.48559999999998,True,family,Mondrian-family,cluster_2,cluster,random_forest
Polysulfides,15,0.8,-0.09999999999999998,152.04739999999998,True,family,Mondrian-family,cluster_2,cluster,random_forest
Polyimides,1604,0.8796758104738155,-0.020324189526184533,217.90538000000015,True,family,Mondrian-family,cluster_2,cluster,random_forest
Polyamides,219,0.8812785388127854,-0.018721461187214627,163.15707999999992,True,family,Mondrian-family,cluster_2,cluster,random_forest
Polyvinyls,55,1.0,0.09999999999999998,136.92785999999998,True,family,Mondrian-family,cluster_2,cluster,random_forest
Polysiloxanes,2,1.0,0.09999999999999998,171.9575999999995,False,family,Mondrian-family,cluster_2,cluster,random_forest
Polyurethanes,4,1.0,0.09999999999999998,160.66580000000002,False,family,Mondrian-family,cluster_2,cluster,random_forest
Polyimines,32,1.0,0.09999999999999998,152.04739999999998,True,family,Mondrian-family,cluster_2,cluster,random_forest
0,1138,0.773286467486819,-0.12671353251318107,203.49601384776508,True,similarity,Normalised SCP,cluster_2,cluster,random_forest
1,1009,0.8275520317145689,-0.0724479682854311,178.47649178058154,True,similarity,Normalised SCP,cluster_2,cluster,random_forest
2,380,0.8710526315789474,-0.02894736842105261,164.44216514715626,True,similarity,Normalised SCP,cluster_2,cluster,random_forest
3,98,0.9285714285714286,0.02857142857142858,161.66807196413296,True,similarity,Normalised SCP,cluster_2,cluster,random_forest
4,13,1.0,0.09999999999999998,146.68415408073088,True,similarity,Normalised SCP,cluster_2,cluster,random_forest
Polydienes,1,0.0,-0.9,227.70827215510337,False,family,Normalised SCP,cluster_2,cluster,random_forest
Polyureas,4,0.25,-0.65,179.04887554814735,False,family,Normalised SCP,cluster_2,cluster,random_forest
Polyphenylenes,79,0.4050632911392405,-0.4949367088607595,204.56050110567588,True,family,Normalised SCP,cluster_2,cluster,random_forest
Polycarbonates,10,0.7,-0.20000000000000007,177.58556105656822,True,family,Normalised SCP,cluster_2,cluster,random_forest
Polyurethanes,4,0.75,-0.15000000000000002,113.69167234472482,False,family,Normalised SCP,cluster_2,cluster,random_forest
Polyesters,55,0.7636363636363637,-0.13636363636363635,189.24230111987484,True,family,Normalised SCP,cluster_2,cluster,random_forest
Polyimides,1604,0.8129675810473815,-0.08703241895261848,193.15787413987806,True,family,Normalised SCP,cluster_2,cluster,random_forest
Polyamides,219,0.8401826484018264,-0.059817351598173585,144.3727482249083,True,family,Normalised SCP,cluster_2,cluster,random_forest
Polysulfones,151,0.8410596026490066,-0.058940397350993434,204.0263722796585,True,family,Normalised SCP,cluster_2,cluster,random_forest
Polyethers,407,0.85995085995086,-0.040049140049140064,178.85434166846457,True,family,Normalised SCP,cluster_2,cluster,random_forest
Polysulfides,15,0.8666666666666667,-0.033333333333333326,198.48784703442615,True,family,Normalised SCP,cluster_2,cluster,random_forest
Polyvinyls,55,0.9636363636363636,0.0636363636363636,153.60445749830185,True,family,Normalised SCP,cluster_2,cluster,random_forest
Polysiloxanes,2,1.0,0.09999999999999998,186.277646780034,False,family,Normalised SCP,cluster_2,cluster,random_forest
Polyimines,32,1.0,0.09999999999999998,166.0568792871139,True,family,Normalised SCP,cluster_2,cluster,random_forest
0,1138,0.7179261862917399,-0.18207381370826015,134.1332554521845,True,similarity,SCP,cluster_2,cluster,hist_gbr
1,1009,0.821605550049554,-0.07839444995044598,134.13325545218453,True,similarity,SCP,cluster_2,cluster,hist_gbr
2,380,0.8447368421052631,-0.0552631578947369,134.13325545218453,True,similarity,SCP,cluster_2,cluster,hist_gbr
3,98,0.8775510204081632,-0.022448979591836782,134.1332554521845,True,similarity,SCP,cluster_2,cluster,hist_gbr
4,13,1.0,0.09999999999999998,134.1332554521845,True,similarity,SCP,cluster_2,cluster,hist_gbr
Polydienes,1,0.0,-0.9,134.13325545218447,False,family,SCP,cluster_2,cluster,hist_gbr
Polyureas,4,0.25,-0.65,134.13325545218447,False,family,SCP,cluster_2,cluster,hist_gbr
Polyphenylenes,79,0.45569620253164556,-0.44430379746835447,134.13325545218453,True,family,SCP,cluster_2,cluster,hist_gbr
Polycarbonates,10,0.7,-0.20000000000000007,134.1332554521845,True,family,SCP,cluster_2,cluster,hist_gbr
Polyurethanes,4,0.75,-0.15000000000000002,134.13325545218447,False,family,SCP,cluster_2,cluster,hist_gbr
Polysulfones,151,0.7549668874172185,-0.1450331125827815,134.1332554521845,True,family,SCP,cluster_2,cluster,hist_gbr
Polyimides,1604,0.7836658354114713,-0.11633416458852874,134.13325545218447,True,family,SCP,cluster_2,cluster,hist_gbr
Polyethers,407,0.800982800982801,-0.09901719901719908,134.1332554521845,True,family,SCP,cluster_2,cluster,hist_gbr
Polyamides,219,0.8036529680365296,-0.09634703196347039,134.1332554521845,True,family,SCP,cluster_2,cluster,hist_gbr
Polyesters,55,0.8181818181818182,-0.08181818181818179,134.13325545218441,True,family,SCP,cluster_2,cluster,hist_gbr
Polysulfides,15,0.8666666666666667,-0.033333333333333326,134.13325545218453,True,family,SCP,cluster_2,cluster,hist_gbr
Polyvinyls,55,0.9818181818181818,0.08181818181818179,134.13325545218441,True,family,SCP,cluster_2,cluster,hist_gbr
Polysiloxanes,2,1.0,0.09999999999999998,134.13325545218447,False,family,SCP,cluster_2,cluster,hist_gbr
Polyimines,32,1.0,0.09999999999999998,134.13325545218447,True,family,SCP,cluster_2,cluster,hist_gbr
0,1138,0.875219683655536,-0.024780316344463982,209.06499585093792,True,similarity,Mondrian-similarity,cluster_2,cluster,hist_gbr
2,380,0.8973684210526316,-0.0026315789473684292,170.77866482914146,True,similarity,Mondrian-similarity,cluster_2,cluster,hist_gbr
3,98,0.8979591836734694,-0.0020408163265306367,144.62531450333117,True,similarity,Mondrian-similarity,cluster_2,cluster,hist_gbr
1,1009,0.9781962338949455,0.07819623389494545,252.99233875903997,True,similarity,Mondrian-similarity,cluster_2,cluster,hist_gbr
4,13,1.0,0.09999999999999998,109.0051398639439,True,similarity,Mondrian-similarity,cluster_2,cluster,hist_gbr
Polydienes,1,0.0,-0.9,209.0649958509379,False,family,Mondrian-similarity,cluster_2,cluster,hist_gbr
Polyureas,4,0.5,-0.4,210.47524882251432,False,family,Mondrian-similarity,cluster_2,cluster,hist_gbr
Polyphenylenes,79,0.7341772151898734,-0.16582278481012658,215.25286653290541,True,family,Mondrian-similarity,cluster_2,cluster,hist_gbr
Polysulfides,15,0.8666666666666667,-0.033333333333333326,218.22653189164535,True,family,Mondrian-similarity,cluster_2,cluster,hist_gbr
Polycarbonates,10,0.9,0.0,220.7560660680486,True,family,Mondrian-similarity,cluster_2,cluster,hist_gbr
Polyesters,55,0.9090909090909091,0.009090909090909038,204.94911595738085,True,family,Mondrian-similarity,cluster_2,cluster,hist_gbr
Polyimides,1604,0.919576059850374,0.019576059850374028,223.34536507657094,True,family,Mondrian-similarity,cluster_2,cluster,hist_gbr
Polyethers,407,0.9238329238329238,0.02383292383292379,209.2151588353883,True,family,Mondrian-similarity,cluster_2,cluster,hist_gbr
Polyamides,219,0.9406392694063926,0.04063926940639262,192.63505005527588,True,family,Mondrian-similarity,cluster_2,cluster,hist_gbr
Polysulfones,151,0.9470198675496688,0.0470198675496688,218.1715807303812,True,family,Mondrian-similarity,cluster_2,cluster,hist_gbr
Polyvinyls,55,1.0,0.09999999999999998,212.25971169879995,True,family,Mondrian-similarity,cluster_2,cluster,hist_gbr
Polysiloxanes,2,1.0,0.09999999999999998,189.9218303400397,False,family,Mondrian-similarity,cluster_2,cluster,hist_gbr
Polyurethanes,4,1.0,0.09999999999999998,189.90378297133873,False,family,Mondrian-similarity,cluster_2,cluster,hist_gbr
Polyimines,32,1.0,0.09999999999999998,235.03468999073016,True,family,Mondrian-similarity,cluster_2,cluster,hist_gbr
0,1138,0.7917398945518453,-0.10826010544815468,165.87293476840964,True,similarity,Mondrian-family,cluster_2,cluster,hist_gbr
1,1009,0.8721506442021804,-0.027849355797819664,164.93372202665614,True,similarity,Mondrian-family,cluster_2,cluster,hist_gbr
2,380,0.8736842105263158,-0.02631578947368418,155.52850578016637,True,similarity,Mondrian-family,cluster_2,cluster,hist_gbr
3,98,0.9285714285714286,0.02857142857142858,141.858064091238,True,similarity,Mondrian-family,cluster_2,cluster,hist_gbr
4,13,1.0,0.09999999999999998,142.10233212672728,True,similarity,Mondrian-family,cluster_2,cluster,hist_gbr
Polydienes,1,0.0,-0.9,134.13325545218447,False,family,Mondrian-family,cluster_2,cluster,hist_gbr
Polyureas,4,0.25,-0.65,134.13325545218447,False,family,Mondrian-family,cluster_2,cluster,hist_gbr
Polyphenylenes,79,0.5949367088607594,-0.3050632911392406,177.4811235742529,True,family,Mondrian-family,cluster_2,cluster,hist_gbr
Polyesters,55,0.6727272727272727,-0.2272727272727273,108.69425362485055,True,family,Mondrian-family,cluster_2,cluster,hist_gbr
Polycarbonates,10,0.7,-0.20000000000000007,121.89533229036633,True,family,Mondrian-family,cluster_2,cluster,hist_gbr
Polyurethanes,4,0.75,-0.15000000000000002,144.62531450333117,False,family,Mondrian-family,cluster_2,cluster,hist_gbr
Polysulfones,151,0.7549668874172185,-0.1450331125827815,134.1332554521845,True,family,Mondrian-family,cluster_2,cluster,hist_gbr
Polyethers,407,0.7862407862407862,-0.11375921375921383,131.35202694566306,True,family,Mondrian-family,cluster_2,cluster,hist_gbr
Polyamides,219,0.817351598173516,-0.08264840182648403,146.265872257361,True,family,Mondrian-family,cluster_2,cluster,hist_gbr
Polysulfides,15,0.8666666666666667,-0.033333333333333326,134.13325545218453,True,family,Mondrian-family,cluster_2,cluster,hist_gbr
Polyimides,1604,0.8771820448877805,-0.022817955112219512,178.08613868878092,True,family,Mondrian-family,cluster_2,cluster,hist_gbr
Polyvinyls,55,1.0,0.09999999999999998,174.44817472092126,True,family,Mondrian-family,cluster_2,cluster,hist_gbr
Polysiloxanes,2,1.0,0.09999999999999998,134.3814396264147,False,family,Mondrian-family,cluster_2,cluster,hist_gbr
Polyimines,32,1.0,0.09999999999999998,134.13325545218447,True,family,Mondrian-family,cluster_2,cluster,hist_gbr
0,1138,0.8251318101933216,-0.07486818980667842,185.4342752899171,True,similarity,Normalised SCP,cluster_2,cluster,hist_gbr
1,1009,0.8533201189296333,-0.04667988107036669,157.98087219825575,True,similarity,Normalised SCP,cluster_2,cluster,hist_gbr
2,380,0.8736842105263158,-0.02631578947368418,143.80054171795902,True,similarity,Normalised SCP,cluster_2,cluster,hist_gbr
3,98,0.9489795918367347,0.048979591836734726,141.80631241920088,True,similarity,Normalised SCP,cluster_2,cluster,hist_gbr
4,13,1.0,0.09999999999999998,135.6445653816668,True,similarity,Normalised SCP,cluster_2,cluster,hist_gbr
Polydienes,1,0.0,-0.9,260.1105204204781,False,family,Normalised SCP,cluster_2,cluster,hist_gbr
Polyureas,4,0.25,-0.65,152.16766593210806,False,family,Normalised SCP,cluster_2,cluster,hist_gbr
Polyphenylenes,79,0.6329113924050633,-0.2670886075949367,190.13939095446665,True,family,Normalised SCP,cluster_2,cluster,hist_gbr
Polyurethanes,4,0.75,-0.15000000000000002,90.17381284640672,False,family,Normalised SCP,cluster_2,cluster,hist_gbr
Polyamides,219,0.776255707762557,-0.12374429223744299,129.48002887216364,True,family,Normalised SCP,cluster_2,cluster,hist_gbr
Polycarbonates,10,0.8,-0.09999999999999998,151.33394271033004,True,family,Normalised SCP,cluster_2,cluster,hist_gbr
Polyesters,55,0.8363636363636363,-0.06363636363636371,155.16051559961198,True,family,Normalised SCP,cluster_2,cluster,hist_gbr
Polyimides,1604,0.8572319201995012,-0.04276807980049879,172.9731612116853,True,family,Normalised SCP,cluster_2,cluster,hist_gbr
Polysulfides,15,0.8666666666666667,-0.033333333333333326,185.56648788670205,True,family,Normalised SCP,cluster_2,cluster,hist_gbr
Polyethers,407,0.8697788697788698,-0.030221130221130266,160.48970118393012,True,family,Normalised SCP,cluster_2,cluster,hist_gbr
Polysulfones,151,0.8741721854304636,-0.025827814569536423,179.15540092947896,True,family,Normalised SCP,cluster_2,cluster,hist_gbr
Polyimines,32,0.9375,0.03749999999999998,123.03739411180693,True,family,Normalised SCP,cluster_2,cluster,hist_gbr
Polyvinyls,55,0.9818181818181818,0.08181818181818179,167.69491344474037,True,family,Normalised SCP,cluster_2,cluster,hist_gbr
Polysiloxanes,2,1.0,0.09999999999999998,156.54402185857884,False,family,Normalised SCP,cluster_2,cluster,hist_gbr
0,1138,0.5808435852372583,-0.3191564147627417,134.14684,True,similarity,SCP,cluster_2,cluster,extra_trees
1,1009,0.7601585728444004,-0.13984142715559966,134.14683999999997,True,similarity,SCP,cluster_2,cluster,extra_trees
2,380,0.8289473684210527,-0.07105263157894737,134.14683999999994,True,similarity,SCP,cluster_2,cluster,extra_trees
3,98,0.8673469387755102,-0.032653061224489854,134.14683999999997,True,similarity,SCP,cluster_2,cluster,extra_trees
4,13,1.0,0.09999999999999998,134.14683999999994,True,similarity,SCP,cluster_2,cluster,extra_trees
Polydienes,1,0.0,-0.9,134.14684000000003,False,family,SCP,cluster_2,cluster,extra_trees
Polyureas,4,0.25,-0.65,134.14684,False,family,SCP,cluster_2,cluster,extra_trees
Polyphenylenes,79,0.31645569620253167,-0.5835443037974684,134.14683999999994,True,family,SCP,cluster_2,cluster,extra_trees
Polysiloxanes,2,0.5,-0.4,134.14684,False,family,SCP,cluster_2,cluster,extra_trees
Polycarbonates,10,0.6,-0.30000000000000004,134.14684000000003,True,family,SCP,cluster_2,cluster,extra_trees
Polyesters,55,0.6727272727272727,-0.2272727272727273,134.14684000000005,True,family,SCP,cluster_2,cluster,extra_trees
Polyimides,1604,0.6770573566084788,-0.22294264339152126,134.14683999999997,True,family,SCP,cluster_2,cluster,extra_trees
Polysulfones,151,0.6887417218543046,-0.21125827814569542,134.14683999999994,True,family,SCP,cluster_2,cluster,extra_trees
Polysulfides,15,0.7333333333333333,-0.16666666666666674,134.14683999999997,True,family,SCP,cluster_2,cluster,extra_trees
Polyethers,407,0.7493857493857494,-0.1506142506142506,134.14683999999997,True,family,SCP,cluster_2,cluster,extra_trees
Polyamides,219,0.8082191780821918,-0.09178082191780823,134.14683999999994,True,family,SCP,cluster_2,cluster,extra_trees
Polyvinyls,55,0.9454545454545454,0.045454545454545414,134.14684000000005,True,family,SCP,cluster_2,cluster,extra_trees
Polyurethanes,4,1.0,0.09999999999999998,134.14684,False,family,SCP,cluster_2,cluster,extra_trees
Polyimines,32,1.0,0.09999999999999998,134.14684,True,family,SCP,cluster_2,cluster,extra_trees
0,1138,0.8418277680140598,-0.05817223198594024,229.40576000000007,True,similarity,Mondrian-similarity,cluster_2,cluster,extra_trees
2,380,0.8578947368421053,-0.04210526315789476,148.7074800000001,True,similarity,Mondrian-similarity,cluster_2,cluster,extra_trees
3,98,0.8877551020408163,-0.01224489795918371,152.70083999999997,True,similarity,Mondrian-similarity,cluster_2,cluster,extra_trees
1,1009,0.931615460852329,0.031615460852329025,219.88584000000003,True,similarity,Mondrian-similarity,cluster_2,cluster,extra_trees
4,13,1.0,0.09999999999999998,119.11738000000001,True,similarity,Mondrian-similarity,cluster_2,cluster,extra_trees
Polydienes,1,0.0,-0.9,229.40576000000004,False,family,Mondrian-similarity,cluster_2,cluster,extra_trees
Polyphenylenes,79,0.4936708860759494,-0.40632911392405063,226.93819898734185,True,family,Mondrian-similarity,cluster_2,cluster,extra_trees
Polyureas,4,0.75,-0.15000000000000002,206.85121000000004,False,family,Mondrian-similarity,cluster_2,cluster,extra_trees
Polyesters,55,0.8545454545454545,-0.045454545454545525,193.73538581818198,True,family,Mondrian-similarity,cluster_2,cluster,extra_trees
Polysulfides,15,0.8666666666666667,-0.033333333333333326,221.48722933333337,True,family,Mondrian-similarity,cluster_2,cluster,extra_trees
Polyimides,1604,0.878428927680798,-0.021571072319201967,215.75860029925195,True,family,Mondrian-similarity,cluster_2,cluster,extra_trees
Polysulfones,151,0.8874172185430463,-0.012582781456953684,206.78186569536427,True,family,Mondrian-similarity,cluster_2,cluster,extra_trees
Polycarbonates,10,0.9,0.0,208.90548000000004,True,family,Mondrian-similarity,cluster_2,cluster,extra_trees
Polyethers,407,0.9213759213759214,0.02137592137592137,204.86852270270276,True,family,Mondrian-similarity,cluster_2,cluster,extra_trees
Polyamides,219,0.9223744292237442,0.02237442922374422,181.48113388127857,True,family,Mondrian-similarity,cluster_2,cluster,extra_trees
Polyvinyls,55,1.0,0.09999999999999998,228.71340218181817,True,family,Mondrian-similarity,cluster_2,cluster,extra_trees
Polysiloxanes,2,1.0,0.09999999999999998,189.05662000000007,False,family,Mondrian-similarity,cluster_2,cluster,extra_trees
Polyurethanes,4,1.0,0.09999999999999998,177.89747500000004,False,family,Mondrian-similarity,cluster_2,cluster,extra_trees
Polyimines,32,1.0,0.09999999999999998,212.60082500000007,True,family,Mondrian-similarity,cluster_2,cluster,extra_trees
0,1138,0.7706502636203867,-0.12934973637961333,197.2406923374341,True,similarity,Mondrian-family,cluster_2,cluster,extra_trees
1,1009,0.8771060455896927,-0.022893954410307282,202.97603012884042,True,similarity,Mondrian-family,cluster_2,cluster,extra_trees
2,380,0.9105263157894737,0.010526315789473717,182.55977894736841,True,similarity,Mondrian-family,cluster_2,cluster,extra_trees
3,98,0.9285714285714286,0.02857142857142858,149.7167989795918,True,similarity,Mondrian-family,cluster_2,cluster,extra_trees
4,13,1.0,0.09999999999999998,146.33066615384607,True,similarity,Mondrian-family,cluster_2,cluster,extra_trees
Polydienes,1,0.0,-0.9,134.14684000000003,False,family,Mondrian-family,cluster_2,cluster,extra_trees
Polyureas,4,0.25,-0.65,134.14684,False,family,Mondrian-family,cluster_2,cluster,extra_trees
Polyphenylenes,79,0.34177215189873417,-0.5582278481012659,167.2468800000001,True,family,Mondrian-family,cluster_2,cluster,extra_trees
Polyesters,55,0.5818181818181818,-0.31818181818181823,115.24259999999995,True,family,Mondrian-family,cluster_2,cluster,extra_trees
Polycarbonates,10,0.6,-0.30000000000000004,132.8369199999999,True,family,Mondrian-family,cluster_2,cluster,extra_trees
Polysulfones,151,0.6887417218543046,-0.21125827814569542,134.14683999999994,True,family,Mondrian-family,cluster_2,cluster,extra_trees
Polyethers,407,0.7321867321867321,-0.16781326781326789,125.8486,True,family,Mondrian-family,cluster_2,cluster,extra_trees
Polysulfides,15,0.7333333333333333,-0.16666666666666674,134.14683999999997,True,family,Mondrian-family,cluster_2,cluster,extra_trees
Polyurethanes,4,0.75,-0.15000000000000002,121.65545999999989,False,family,Mondrian-family,cluster_2,cluster,extra_trees
Polyamides,219,0.8584474885844748,-0.041552511415525184,153.95519999999988,True,family,Mondrian-family,cluster_2,cluster,extra_trees
Polyimides,1604,0.9077306733167082,0.007730673316708181,234.0612,True,family,Mondrian-family,cluster_2,cluster,extra_trees
Polyvinyls,55,0.9454545454545454,0.045454545454545414,107.43751999999986,True,family,Mondrian-family,cluster_2,cluster,extra_trees
Polysiloxanes,2,1.0,0.09999999999999998,166.26988,False,family,Mondrian-family,cluster_2,cluster,extra_trees
Polyimines,32,1.0,0.09999999999999998,134.14684,True,family,Mondrian-family,cluster_2,cluster,extra_trees
0,1138,0.672231985940246,-0.227768014059754,157.09562306316084,True,similarity,Normalised SCP,cluster_2,cluster,extra_trees
1,1009,0.7393458870168483,-0.1606541129831517,133.2208748021301,True,similarity,Normalised SCP,cluster_2,cluster,extra_trees
2,380,0.7894736842105263,-0.1105263157894737,126.95813661288399,True,similarity,Normalised SCP,cluster_2,cluster,extra_trees
3,98,0.8571428571428571,-0.04285714285714293,136.406028925924,True,similarity,Normalised SCP,cluster_2,cluster,extra_trees
4,13,1.0,0.09999999999999998,131.34372243427018,True,similarity,Normalised SCP,cluster_2,cluster,extra_trees
Polydienes,1,0.0,-0.9,258.89830629515785,False,family,Normalised SCP,cluster_2,cluster,extra_trees
Polyureas,4,0.25,-0.65,140.06447348625932,False,family,Normalised SCP,cluster_2,cluster,extra_trees
Polyphenylenes,79,0.4177215189873418,-0.48227848101265824,201.80428077186485,True,family,Normalised SCP,cluster_2,cluster,extra_trees
Polyimides,1604,0.6945137157107232,-0.20548628428927684,138.45380006852469,True,family,Normalised SCP,cluster_2,cluster,extra_trees
Polysulfones,151,0.7019867549668874,-0.19801324503311257,148.58600174378392,True,family,Normalised SCP,cluster_2,cluster,extra_trees
Polyesters,55,0.7272727272727273,-0.17272727272727273,149.4213560386627,True,family,Normalised SCP,cluster_2,cluster,extra_trees
Polyamides,219,0.7397260273972602,-0.1602739726027398,116.13748100178756,True,family,Normalised SCP,cluster_2,cluster,extra_trees
Polyurethanes,4,0.75,-0.15000000000000002,89.24802894238687,False,family,Normalised SCP,cluster_2,cluster,extra_trees
Polycarbonates,10,0.8,-0.09999999999999998,159.18703398693808,True,family,Normalised SCP,cluster_2,cluster,extra_trees
Polyethers,407,0.8353808353808354,-0.06461916461916462,156.41408325970784,True,family,Normalised SCP,cluster_2,cluster,extra_trees
Polysulfides,15,0.8666666666666667,-0.033333333333333326,168.07430691433262,True,family,Normalised SCP,cluster_2,cluster,extra_trees
Polyvinyls,55,0.9818181818181818,0.08181818181818179,157.70537783716279,True,family,Normalised SCP,cluster_2,cluster,extra_trees
Polysiloxanes,2,1.0,0.09999999999999998,180.09623546392237,False,family,Normalised SCP,cluster_2,cluster,extra_trees
Polyimines,32,1.0,0.09999999999999998,138.09927457878285,True,family,Normalised SCP,cluster_2,cluster,extra_trees
4,8,0.875,-0.025000000000000022,380.0,False,similarity,SCP,cluster_3,cluster,median
3,60,0.9,0.0,380.0,True,similarity,SCP,cluster_3,cluster,median
1,392,0.9183673469387755,0.01836734693877551,380.0,True,similarity,SCP,cluster_3,cluster,median
0,822,0.9306569343065694,0.03065693430656935,380.0,True,similarity,SCP,cluster_3,cluster,median
2,163,0.9447852760736196,0.044785276073619595,380.0,True,similarity,SCP,cluster_3,cluster,median
Polyethers,131,0.7938931297709924,-0.10610687022900767,380.0,True,family,SCP,cluster_3,cluster,median
Polyolefins,45,0.8,-0.09999999999999998,380.0,True,family,SCP,cluster_3,cluster,median
Polydienes,27,0.8518518518518519,-0.04814814814814816,380.0,True,family,SCP,cluster_3,cluster,median
Polyvinyls,39,0.8717948717948718,-0.028205128205128216,380.0,True,family,SCP,cluster_3,cluster,median
Polystyrenes,8,0.875,-0.025000000000000022,380.0,False,family,SCP,cluster_3,cluster,median
Other backbone,29,0.896551724137931,-0.0034482758620689724,380.0,True,family,SCP,cluster_3,cluster,median
Polyhalo-olefins,24,0.9166666666666666,0.016666666666666607,380.0,True,family,SCP,cluster_3,cluster,median
Polysulfones,27,0.9259259259259259,0.025925925925925908,380.0,True,family,SCP,cluster_3,cluster,median
Polyimines,14,0.9285714285714286,0.02857142857142858,380.0,True,family,SCP,cluster_3,cluster,median
Polyamides,365,0.9315068493150684,0.03150684931506842,380.0,True,family,SCP,cluster_3,cluster,median
Polyphenylenes,299,0.939799331103679,0.03979933110367895,380.0,True,family,SCP,cluster_3,cluster,median
Polysulfides,34,0.9411764705882353,0.04117647058823526,380.0,True,family,SCP,cluster_3,cluster,median
Polyimides,90,0.9444444444444444,0.0444444444444444,380.0,True,family,SCP,cluster_3,cluster,median
Polyesters,114,0.9912280701754386,0.09122807017543855,380.0,True,family,SCP,cluster_3,cluster,median
Polyphosphazenes,24,1.0,0.09999999999999998,380.0,True,family,SCP,cluster_3,cluster,median
Polyacrylics,38,1.0,0.09999999999999998,380.0,True,family,SCP,cluster_3,cluster,median
Polyanhydrides,20,1.0,0.09999999999999998,380.0,True,family,SCP,cluster_3,cluster,median
Polyurethanes,49,1.0,0.09999999999999998,380.0,True,family,SCP,cluster_3,cluster,median
Polycarbonates,33,1.0,0.09999999999999998,380.0,True,family,SCP,cluster_3,cluster,median
Polyureas,29,1.0,0.09999999999999998,380.0,True,family,SCP,cluster_3,cluster,median
Polysiloxanes,6,1.0,0.09999999999999998,380.0,False,family,SCP,cluster_3,cluster,median
4,8,0.875,-0.025000000000000022,366.0,False,similarity,Mondrian-similarity,cluster_3,cluster,median
3,60,0.9,0.0,374.0,True,similarity,Mondrian-similarity,cluster_3,cluster,median
0,822,0.9610705596107056,0.06107055961070562,404.0,True,similarity,Mondrian-similarity,cluster_3,cluster,median
2,163,0.9631901840490797,0.06319018404907972,395.8,True,similarity,Mondrian-similarity,cluster_3,cluster,median
1,392,0.9744897959183674,0.07448979591836735,428.0,True,similarity,Mondrian-similarity,cluster_3,cluster,median
Polydienes,27,0.8518518518518519,-0.04814814814814816,407.55555555555554,True,family,Mondrian-similarity,cluster_3,cluster,median
Polystyrenes,8,0.875,-0.025000000000000022,413.0,False,family,Mondrian-similarity,cluster_3,cluster,median
Polyvinyls,39,0.8974358974358975,-0.002564102564102555,407.0769230769231,True,family,Mondrian-similarity,cluster_3,cluster,median
Polyethers,131,0.9236641221374046,0.023664122137404542,409.0748091603054,True,family,Mondrian-similarity,cluster_3,cluster,median
Polyolefins,45,0.9333333333333333,0.033333333333333326,412.53333333333336,True,family,Mondrian-similarity,cluster_3,cluster,median
Polyimides,90,0.9444444444444444,0.0444444444444444,406.38000000000005,True,family,Mondrian-similarity,cluster_3,cluster,median
Polyamides,365,0.958904109589041,0.05890410958904102,406.9978082191781,True,family,Mondrian-similarity,cluster_3,cluster,median
Polyphenylenes,299,0.959866220735786,0.05986622073578596,406.8615384615385,True,family,Mondrian-similarity,cluster_3,cluster,median
Polysulfones,27,0.9629629629629629,0.06296296296296289,405.81481481481484,True,family,Mondrian-similarity,cluster_3,cluster,median
Polysulfides,34,1.0,0.09999999999999998,408.4882352941176,True,family,Mondrian-similarity,cluster_3,cluster,median
Other backbone,29,1.0,0.09999999999999998,410.05517241379306,True,family,Mondrian-similarity,cluster_3,cluster,median
Polyesters,114,1.0,0.09999999999999998,413.461403508772,True,family,Mondrian-similarity,cluster_3,cluster,median
Polyacrylics,38,1.0,0.09999999999999998,405.83157894736837,True,family,Mondrian-similarity,cluster_3,cluster,median
Polyimines,14,1.0,0.09999999999999998,406.84285714285716,True,family,Mondrian-similarity,cluster_3,cluster,median
Polyphosphazenes,24,1.0,0.09999999999999998,408.0,True,family,Mondrian-similarity,cluster_3,cluster,median
Polyhalo-olefins,24,1.0,0.09999999999999998,405.0,True,family,Mondrian-similarity,cluster_3,cluster,median
Polyanhydrides,20,1.0,0.09999999999999998,404.0,True,family,Mondrian-similarity,cluster_3,cluster,median
Polyurethanes,49,1.0,0.09999999999999998,407.6938775510204,True,family,Mondrian-similarity,cluster_3,cluster,median
Polycarbonates,33,1.0,0.09999999999999998,412.70909090909095,True,family,Mondrian-similarity,cluster_3,cluster,median
Polyureas,29,1.0,0.09999999999999998,416.3931034482758,True,family,Mondrian-similarity,cluster_3,cluster,median
Polysiloxanes,6,1.0,0.09999999999999998,396.26666666666665,False,family,Mondrian-similarity,cluster_3,cluster,median
3,60,0.75,-0.15000000000000002,323.9,True,similarity,Mondrian-family,cluster_3,cluster,median
4,8,0.75,-0.15000000000000002,255.5,False,similarity,Mondrian-family,cluster_3,cluster,median
1,392,0.7882653061224489,-0.11173469387755108,345.69642857142856,True,similarity,Mondrian-family,cluster_3,cluster,median
2,163,0.7914110429447853,-0.10858895705521476,319.86503067484665,True,similarity,Mondrian-family,cluster_3,cluster,median
0,822,0.9197080291970803,0.019708029197080257,398.30462287104626,True,similarity,Mondrian-family,cluster_3,cluster,median
Polyamides,365,0.6684931506849315,-0.23150684931506849,260.0,True,family,Mondrian-family,cluster_3,cluster,median
Polyethers,131,0.7480916030534351,-0.15190839694656488,352.0,True,family,Mondrian-family,cluster_3,cluster,median
Polyolefins,45,0.8,-0.09999999999999998,380.0,True,family,Mondrian-family,cluster_3,cluster,median
Polysulfones,27,0.8148148148148148,-0.08518518518518525,289.0,True,family,Mondrian-family,cluster_3,cluster,median
Polydienes,27,0.8518518518518519,-0.04814814814814816,380.0,True,family,Mondrian-family,cluster_3,cluster,median
Polyvinyls,39,0.8717948717948718,-0.028205128205128216,397.6000000000001,True,family,Mondrian-family,cluster_3,cluster,median
Polystyrenes,8,0.875,-0.025000000000000022,270.0,False,family,Mondrian-family,cluster_3,cluster,median
Other backbone,29,0.896551724137931,-0.0034482758620689724,380.0,True,family,Mondrian-family,cluster_3,cluster,median
Polyhalo-olefins,24,0.9166666666666666,0.016666666666666607,380.0,True,family,Mondrian-family,cluster_3,cluster,median
Polyimines,14,0.9285714285714286,0.02857142857142858,380.0,True,family,Mondrian-family,cluster_3,cluster,median
Polycarbonates,33,0.9393939393939394,0.039393939393939426,302.0,True,family,Mondrian-family,cluster_3,cluster,median
Polysulfides,34,0.9411764705882353,0.04117647058823526,380.0,True,family,Mondrian-family,cluster_3,cluster,median
Polyesters,114,0.956140350877193,0.056140350877192935,351.0,True,family,Mondrian-family,cluster_3,cluster,median
Polyimides,90,0.9666666666666667,0.06666666666666665,412.0,True,family,Mondrian-family,cluster_3,cluster,median
Polyurethanes,49,0.9795918367346939,0.07959183673469383,224.0,True,family,Mondrian-family,cluster_3,cluster,median
Polyphenylenes,299,0.9899665551839465,0.08996655518394647,542.0,True,family,Mondrian-family,cluster_3,cluster,median
Polyanhydrides,20,1.0,0.09999999999999998,380.0,True,family,Mondrian-family,cluster_3,cluster,median
Polyphosphazenes,24,1.0,0.09999999999999998,380.0,True,family,Mondrian-family,cluster_3,cluster,median
Polyacrylics,38,1.0,0.09999999999999998,356.0,True,family,Mondrian-family,cluster_3,cluster,median
Polyureas,29,1.0,0.09999999999999998,380.0,True,family,Mondrian-family,cluster_3,cluster,median
Polysiloxanes,6,1.0,0.09999999999999998,492.0,False,family,Mondrian-family,cluster_3,cluster,median
4,8,0.75,-0.15000000000000002,245.1981473065917,False,similarity,Normalised SCP,cluster_3,cluster,median
3,60,0.7666666666666667,-0.1333333333333333,297.5777558958435,True,similarity,Normalised SCP,cluster_3,cluster,median
1,392,0.7806122448979592,-0.1193877551020408,293.51810991017845,True,similarity,Normalised SCP,cluster_3,cluster,median
2,163,0.803680981595092,-0.09631901840490797,266.81288007055423,True,similarity,Normalised SCP,cluster_3,cluster,median
0,822,0.8150851581508516,-0.08491484184914844,270.3192704440379,True,similarity,Normalised SCP,cluster_3,cluster,median
Other backbone,29,0.3448275862068966,-0.5551724137931034,190.40731451676376,True,family,Normalised SCP,cluster_3,cluster,median
Polystyrenes,8,0.5,-0.4,242.65658963692673,False,family,Normalised SCP,cluster_3,cluster,median
Polyphosphazenes,24,0.5833333333333334,-0.31666666666666665,243.6488342864607,True,family,Normalised SCP,cluster_3,cluster,median
Polycarbonates,33,0.696969696969697,-0.203030303030303,237.11270682688308,True,family,Normalised SCP,cluster_3,cluster,median
Polyimines,14,0.7142857142857143,-0.18571428571428572,193.6943031124435,True,family,Normalised SCP,cluster_3,cluster,median
Polydienes,27,0.7407407407407407,-0.15925925925925932,263.54190579480655,True,family,Normalised SCP,cluster_3,cluster,median
Polyamides,365,0.7479452054794521,-0.15205479452054793,272.73897231426383,True,family,Normalised SCP,cluster_3,cluster,median
Polyphenylenes,299,0.7491638795986622,-0.15083612040133787,255.16751395901838,True,family,Normalised SCP,cluster_3,cluster,median
Polysiloxanes,6,0.8333333333333334,-0.06666666666666665,221.64494687613742,False,family,Normalised SCP,cluster_3,cluster,median
Polysulfides,34,0.8529411764705882,-0.04705882352941182,236.28720710422454,True,family,Normalised SCP,cluster_3,cluster,median
Polyimides,90,0.8555555555555555,-0.04444444444444451,276.7881449541507,True,family,Normalised SCP,cluster_3,cluster,median
Polyesters,114,0.8596491228070176,-0.04035087719298247,254.898943943716,True,family,Normalised SCP,cluster_3,cluster,median
Polyureas,29,0.8620689655172413,-0.037931034482758696,260.85813695314386,True,family,Normalised SCP,cluster_3,cluster,median
Polyethers,131,0.8778625954198473,-0.022137404580152675,337.2482199022907,True,family,Normalised SCP,cluster_3,cluster,median
Polysulfones,27,0.8888888888888888,-0.011111111111111183,266.6312061793717,True,family,Normalised SCP,cluster_3,cluster,median
Polyanhydrides,20,0.9,0.0,212.77039329293262,True,family,Normalised SCP,cluster_3,cluster,median
Polyacrylics,38,0.9473684210526315,0.047368421052631504,267.76365694701263,True,family,Normalised SCP,cluster_3,cluster,median
Polyurethanes,49,0.9591836734693877,0.05918367346938769,235.44868658289383,True,family,Normalised SCP,cluster_3,cluster,median
Polyolefins,45,0.9777777777777777,0.07777777777777772,518.3601436437519,True,family,Normalised SCP,cluster_3,cluster,median
Polyhalo-olefins,24,1.0,0.09999999999999998,418.9424566453963,True,family,Normalised SCP,cluster_3,cluster,median
Polyvinyls,39,1.0,0.09999999999999998,311.1804948450003,True,family,Normalised SCP,cluster_3,cluster,median
0,822,0.7092457420924574,-0.19075425790754263,140.94891405359058,True,similarity,SCP,cluster_3,cluster,svr
3,60,0.7666666666666667,-0.1333333333333333,140.94891405359056,True,similarity,SCP,cluster_3,cluster,svr
1,392,0.7857142857142857,-0.11428571428571432,140.94891405359058,True,similarity,SCP,cluster_3,cluster,svr
2,163,0.8404907975460123,-0.05950920245398772,140.94891405359058,True,similarity,SCP,cluster_3,cluster,svr
4,8,0.875,-0.025000000000000022,140.94891405359056,False,similarity,SCP,cluster_3,cluster,svr
Polyphosphazenes,24,0.125,-0.775,140.94891405359056,True,family,SCP,cluster_3,cluster,svr
Polydienes,27,0.4444444444444444,-0.4555555555555556,140.94891405359056,True,family,SCP,cluster_3,cluster,svr
Polyanhydrides,20,0.65,-0.25,140.94891405359058,True,family,SCP,cluster_3,cluster,svr
Polysulfones,27,0.6666666666666666,-0.2333333333333334,140.94891405359056,True,family,SCP,cluster_3,cluster,svr
Polysiloxanes,6,0.6666666666666666,-0.2333333333333334,140.94891405359056,False,family,SCP,cluster_3,cluster,svr
Polyphenylenes,299,0.6688963210702341,-0.2311036789297659,140.94891405359056,True,family,SCP,cluster_3,cluster,svr
Polyhalo-olefins,24,0.7083333333333334,-0.19166666666666665,140.94891405359056,True,family,SCP,cluster_3,cluster,svr
Polyimines,14,0.7142857142857143,-0.18571428571428572,140.9489140535906,True,family,SCP,cluster_3,cluster,svr
Polyamides,365,0.7534246575342466,-0.14657534246575343,140.94891405359058,True,family,SCP,cluster_3,cluster,svr
Polyureas,29,0.7586206896551724,-0.14137931034482765,140.94891405359058,True,family,SCP,cluster_3,cluster,svr
Polyimides,90,0.7666666666666667,-0.1333333333333333,140.94891405359056,True,family,SCP,cluster_3,cluster,svr
Polyolefins,45,0.7777777777777778,-0.12222222222222223,140.94891405359056,True,family,SCP,cluster_3,cluster,svr
Polyethers,131,0.7786259541984732,-0.12137404580152678,140.94891405359056,True,family,SCP,cluster_3,cluster,svr
Other backbone,29,0.7931034482758621,-0.10689655172413792,140.94891405359058,True,family,SCP,cluster_3,cluster,svr
Polyurethanes,49,0.7959183673469388,-0.10408163265306125,140.94891405359056,True,family,SCP,cluster_3,cluster,svr
Polyesters,114,0.868421052631579,-0.03157894736842104,140.94891405359058,True,family,SCP,cluster_3,cluster,svr
Polyacrylics,38,0.868421052631579,-0.03157894736842104,140.94891405359058,True,family,SCP,cluster_3,cluster,svr
Polysulfides,34,0.8823529411764706,-0.01764705882352946,140.94891405359056,True,family,SCP,cluster_3,cluster,svr
Polyvinyls,39,0.9230769230769231,0.023076923076923106,140.94891405359058,True,family,SCP,cluster_3,cluster,svr
Polystyrenes,8,1.0,0.09999999999999998,140.94891405359056,False,family,SCP,cluster_3,cluster,svr
Polycarbonates,33,1.0,0.09999999999999998,140.94891405359056,True,family,SCP,cluster_3,cluster,svr
4,8,0.875,-0.025000000000000022,136.0900135181397,False,similarity,Mondrian-similarity,cluster_3,cluster,svr
3,60,0.9,0.0,173.80148809397662,True,similarity,Mondrian-similarity,cluster_3,cluster,svr
2,163,0.9263803680981595,0.026380368098159468,229.149803949465,True,similarity,Mondrian-similarity,cluster_3,cluster,svr
0,822,0.9525547445255474,0.052554744525547425,304.6278388611276,True,similarity,Mondrian-similarity,cluster_3,cluster,svr
1,392,0.9668367346938775,0.06683673469387752,296.42536260007915,True,similarity,Mondrian-similarity,cluster_3,cluster,svr
Polyphosphazenes,24,0.7083333333333334,-0.19166666666666665,303.26075948428615,True,family,Mondrian-similarity,cluster_3,cluster,svr
Polyimines,14,0.7857142857142857,-0.11428571428571432,298.0647683301448,True,family,Mondrian-similarity,cluster_3,cluster,svr
Polysulfones,27,0.9259259259259259,0.025925925925925908,284.28602750443474,True,family,Mondrian-similarity,cluster_3,cluster,svr
Polyureas,29,0.9310344827586207,0.03103448275862064,292.29426214003234,True,family,Mondrian-similarity,cluster_3,cluster,svr
Polyphenylenes,299,0.9331103678929766,0.03311036789297661,298.1489690257298,True,family,Mondrian-similarity,cluster_3,cluster,svr
Polyolefins,45,0.9333333333333333,0.033333333333333326,301.71140285719923,True,family,Mondrian-similarity,cluster_3,cluster,svr
Polyimides,90,0.9444444444444444,0.0444444444444444,283.4459766601805,True,family,Mondrian-similarity,cluster_3,cluster,svr
Polyethers,131,0.9541984732824428,0.05419847328244276,293.9233418481239,True,family,Mondrian-similarity,cluster_3,cluster,svr
Polyamides,365,0.9561643835616438,0.05616438356164377,273.34164506619044,True,family,Mondrian-similarity,cluster_3,cluster,svr
Polydienes,27,0.9629629629629629,0.06296296296296289,303.4126571928241,True,family,Mondrian-similarity,cluster_3,cluster,svr
Polyesters,114,0.9649122807017544,0.06491228070175437,288.4832624590229,True,family,Mondrian-similarity,cluster_3,cluster,svr
Polysulfides,34,0.9705882352941176,0.07058823529411762,282.8279165740902,True,family,Mondrian-similarity,cluster_3,cluster,svr
Polyacrylics,38,0.9736842105263158,0.0736842105263158,264.43121946267667,True,family,Mondrian-similarity,cluster_3,cluster,svr
Other backbone,29,1.0,0.09999999999999998,297.1597050710685,True,family,Mondrian-similarity,cluster_3,cluster,svr
Polyhalo-olefins,24,1.0,0.09999999999999998,304.2860690169172,True,family,Mondrian-similarity,cluster_3,cluster,svr
Polyvinyls,39,1.0,0.09999999999999998,303.5762393404804,True,family,Mondrian-similarity,cluster_3,cluster,svr
Polyanhydrides,20,1.0,0.09999999999999998,304.6278388611275,True,family,Mondrian-similarity,cluster_3,cluster,svr
Polystyrenes,8,1.0,0.09999999999999998,301.5519102632344,False,family,Mondrian-similarity,cluster_3,cluster,svr
Polyurethanes,49,1.0,0.09999999999999998,267.05983939136735,True,family,Mondrian-similarity,cluster_3,cluster,svr
Polycarbonates,33,1.0,0.09999999999999998,294.534920796624,True,family,Mondrian-similarity,cluster_3,cluster,svr
Polysiloxanes,6,1.0,0.09999999999999998,257.6641020960482,False,family,Mondrian-similarity,cluster_3,cluster,svr
0,822,0.694647201946472,-0.20535279805352802,144.97167791373357,True,similarity,Mondrian-family,cluster_3,cluster,svr
1,392,0.75,-0.15000000000000002,140.83256821303164,True,similarity,Mondrian-family,cluster_3,cluster,svr
3,60,0.75,-0.15000000000000002,142.49894802011482,True,similarity,Mondrian-family,cluster_3,cluster,svr
2,163,0.8098159509202454,-0.09018404907975464,148.53482075411137,True,similarity,Mondrian-family,cluster_3,cluster,svr
4,8,0.875,-0.025000000000000022,145.03215913280195,False,similarity,Mondrian-family,cluster_3,cluster,svr
Polyphosphazenes,24,0.125,-0.775,140.94891405359056,True,family,Mondrian-family,cluster_3,cluster,svr
Polydienes,27,0.4444444444444444,-0.4555555555555556,140.94891405359056,True,family,Mondrian-family,cluster_3,cluster,svr
Polysulfones,27,0.4444444444444444,-0.4555555555555556,108.68058168508813,True,family,Mondrian-family,cluster_3,cluster,svr
Polyanhydrides,20,0.65,-0.25,140.94891405359058,True,family,Mondrian-family,cluster_3,cluster,svr
Polyamides,365,0.684931506849315,-0.215068493150685,118.81809442652683,True,family,Mondrian-family,cluster_3,cluster,svr
Polyhalo-olefins,24,0.7083333333333334,-0.19166666666666665,140.94891405359056,True,family,Mondrian-family,cluster_3,cluster,svr
Polyimines,14,0.7142857142857143,-0.18571428571428572,140.9489140535906,True,family,Mondrian-family,cluster_3,cluster,svr
Polyvinyls,39,0.717948717948718,-0.18205128205128207,100.1643648999478,True,family,Mondrian-family,cluster_3,cluster,svr
Polyphenylenes,299,0.725752508361204,-0.17424749163879605,174.95081629661263,True,family,Mondrian-family,cluster_3,cluster,svr
Polyethers,131,0.7480916030534351,-0.15190839694656488,129.3708216348876,True,family,Mondrian-family,cluster_3,cluster,svr
Polycarbonates,33,0.7575757575757576,-0.14242424242424245,111.83975250968484,True,family,Mondrian-family,cluster_3,cluster,svr
Polyureas,29,0.7586206896551724,-0.14137931034482765,140.94891405359058,True,family,Mondrian-family,cluster_3,cluster,svr
Polyesters,114,0.7631578947368421,-0.13684210526315788,111.01899852604399,True,family,Mondrian-family,cluster_3,cluster,svr
Polyolefins,45,0.7777777777777778,-0.12222222222222223,140.94891405359056,True,family,Mondrian-family,cluster_3,cluster,svr
Polyimides,90,0.7777777777777778,-0.12222222222222223,143.3115941638399,True,family,Mondrian-family,cluster_3,cluster,svr
Other backbone,29,0.7931034482758621,-0.10689655172413792,140.94891405359058,True,family,Mondrian-family,cluster_3,cluster,svr
Polysiloxanes,6,0.8333333333333334,-0.06666666666666665,235.95605166256436,False,family,Mondrian-family,cluster_3,cluster,svr
Polysulfides,34,0.8823529411764706,-0.01764705882352946,140.94891405359056,True,family,Mondrian-family,cluster_3,cluster,svr
Polyacrylics,38,0.9210526315789473,0.021052631578947323,154.0696572147163,True,family,Mondrian-family,cluster_3,cluster,svr
Polystyrenes,8,1.0,0.09999999999999998,192.55706750500227,False,family,Mondrian-family,cluster_3,cluster,svr
Polyurethanes,49,1.0,0.09999999999999998,328.5306120767277,True,family,Mondrian-family,cluster_3,cluster,svr
3,60,0.7,-0.20000000000000007,125.43929066263028,True,similarity,Normalised SCP,cluster_3,cluster,svr
0,822,0.7287104622871047,-0.17128953771289535,163.66253361348745,True,similarity,Normalised SCP,cluster_3,cluster,svr
1,392,0.7525510204081632,-0.14744897959183678,146.06981313477493,True,similarity,Normalised SCP,cluster_3,cluster,svr
2,163,0.8466257668711656,-0.05337423312883438,134.8370984920803,True,similarity,Normalised SCP,cluster_3,cluster,svr
4,8,0.875,-0.025000000000000022,95.17301615592746,False,similarity,Normalised SCP,cluster_3,cluster,svr
Polyphosphazenes,24,0.125,-0.775,149.7851505058495,True,family,Normalised SCP,cluster_3,cluster,svr
Polyimines,14,0.5714285714285714,-0.3285714285714286,169.7394838515481,True,family,Normalised SCP,cluster_3,cluster,svr
Polyureas,29,0.6551724137931034,-0.2448275862068966,144.79535162444728,True,family,Normalised SCP,cluster_3,cluster,svr
Polysulfones,27,0.6666666666666666,-0.2333333333333334,180.31923618856402,True,family,Normalised SCP,cluster_3,cluster,svr
Polysiloxanes,6,0.6666666666666666,-0.2333333333333334,161.95685786344785,False,family,Normalised SCP,cluster_3,cluster,svr
Polyphenylenes,299,0.7023411371237458,-0.19765886287625423,174.943265244952,True,family,Normalised SCP,cluster_3,cluster,svr
Polyamides,365,0.7123287671232876,-0.1876712328767124,128.9193368652504,True,family,Normalised SCP,cluster_3,cluster,svr
Polyurethanes,49,0.7551020408163265,-0.14489795918367354,114.79413836913876,True,family,Normalised SCP,cluster_3,cluster,svr
Polyesters,114,0.7719298245614035,-0.12807017543859656,109.36370460762551,True,family,Normalised SCP,cluster_3,cluster,svr
Polyolefins,45,0.7777777777777778,-0.12222222222222223,170.84942643732228,True,family,Normalised SCP,cluster_3,cluster,svr
Polydienes,27,0.7777777777777778,-0.12222222222222223,257.16393813381916,True,family,Normalised SCP,cluster_3,cluster,svr
Polyhalo-olefins,24,0.7916666666666666,-0.10833333333333339,163.74121881226645,True,family,Normalised SCP,cluster_3,cluster,svr
Polyimides,90,0.8,-0.09999999999999998,150.0562188055848,True,family,Normalised SCP,cluster_3,cluster,svr
Polyanhydrides,20,0.8,-0.09999999999999998,176.79640446590614,True,family,Normalised SCP,cluster_3,cluster,svr
Polyethers,131,0.8091603053435115,-0.09083969465648856,152.7465158814161,True,family,Normalised SCP,cluster_3,cluster,svr
Polyacrylics,38,0.868421052631579,-0.03157894736842104,157.84823419070892,True,family,Normalised SCP,cluster_3,cluster,svr
Polystyrenes,8,0.875,-0.025000000000000022,168.0075897422717,False,family,Normalised SCP,cluster_3,cluster,svr
Polycarbonates,33,0.8787878787878788,-0.021212121212121238,140.35034752315093,True,family,Normalised SCP,cluster_3,cluster,svr
Polyvinyls,39,0.9230769230769231,0.023076923076923106,154.46481846789766,True,family,Normalised SCP,cluster_3,cluster,svr
Polysulfides,34,0.9411764705882353,0.04117647058823526,184.9573220148709,True,family,Normalised SCP,cluster_3,cluster,svr
Other backbone,29,0.9655172413793104,0.06551724137931036,299.6832220068861,True,family,Normalised SCP,cluster_3,cluster,svr
3,60,0.7,-0.20000000000000007,134.10599999999977,True,similarity,SCP,cluster_3,cluster,random_forest
0,822,0.7068126520681265,-0.19318734793187353,134.10599999999977,True,similarity,SCP,cluster_3,cluster,random_forest
1,392,0.7295918367346939,-0.17040816326530617,134.10599999999977,True,similarity,SCP,cluster_3,cluster,random_forest
2,163,0.7484662576687117,-0.15153374233128836,134.10599999999977,True,similarity,SCP,cluster_3,cluster,random_forest
4,8,0.875,-0.025000000000000022,134.10599999999977,False,similarity,SCP,cluster_3,cluster,random_forest
Polyphosphazenes,24,0.375,-0.525,134.10599999999977,True,family,SCP,cluster_3,cluster,random_forest
Polydienes,27,0.4074074074074074,-0.49259259259259264,134.10599999999977,True,family,SCP,cluster_3,cluster,random_forest
Polyanhydrides,20,0.45,-0.45,134.10599999999977,True,family,SCP,cluster_3,cluster,random_forest
Polyimides,90,0.6,-0.30000000000000004,134.10599999999977,True,family,SCP,cluster_3,cluster,random_forest
Polyhalo-olefins,24,0.625,-0.275,134.10599999999977,True,family,SCP,cluster_3,cluster,random_forest
Polyamides,365,0.6465753424657534,-0.2534246575342466,134.10599999999977,True,family,SCP,cluster_3,cluster,random_forest
Polyureas,29,0.6551724137931034,-0.2448275862068966,134.10599999999977,True,family,SCP,cluster_3,cluster,random_forest
Polysiloxanes,6,0.6666666666666666,-0.2333333333333334,134.10599999999977,False,family,SCP,cluster_3,cluster,random_forest
Other backbone,29,0.6896551724137931,-0.21034482758620687,134.10599999999977,True,family,SCP,cluster_3,cluster,random_forest
Polysulfones,27,0.7037037037037037,-0.1962962962962963,134.10599999999977,True,family,SCP,cluster_3,cluster,random_forest
Polyacrylics,38,0.7105263157894737,-0.18947368421052635,134.10599999999977,True,family,SCP,cluster_3,cluster,random_forest
Polyethers,131,0.732824427480916,-0.167175572519084,134.10599999999977,True,family,SCP,cluster_3,cluster,random_forest
Polystyrenes,8,0.75,-0.15000000000000002,134.10599999999977,False,family,SCP,cluster_3,cluster,random_forest
Polysulfides,34,0.7647058823529411,-0.1352941176470589,134.10599999999977,True,family,SCP,cluster_3,cluster,random_forest
Polyphenylenes,299,0.7725752508361204,-0.12742474916387958,134.10599999999977,True,family,SCP,cluster_3,cluster,random_forest
Polyimines,14,0.7857142857142857,-0.11428571428571432,134.10599999999977,True,family,SCP,cluster_3,cluster,random_forest
Polyolefins,45,0.8,-0.09999999999999998,134.10599999999977,True,family,SCP,cluster_3,cluster,random_forest
Polyesters,114,0.868421052631579,-0.03157894736842104,134.10599999999977,True,family,SCP,cluster_3,cluster,random_forest
Polycarbonates,33,0.8787878787878788,-0.021212121212121238,134.10599999999977,True,family,SCP,cluster_3,cluster,random_forest
Polyurethanes,49,0.8979591836734694,-0.0020408163265306367,134.10599999999977,True,family,SCP,cluster_3,cluster,random_forest
Polyvinyls,39,0.9487179487179487,0.048717948717948656,134.10599999999977,True,family,SCP,cluster_3,cluster,random_forest
4,8,0.75,-0.15000000000000002,116.73623999999973,False,similarity,Mondrian-similarity,cluster_3,cluster,random_forest
3,60,0.7833333333333333,-0.1166666666666667,158.6920000000003,True,similarity,Mondrian-similarity,cluster_3,cluster,random_forest
2,163,0.8895705521472392,-0.010429447852760787,219.46039999999996,True,similarity,Mondrian-similarity,cluster_3,cluster,random_forest
1,392,0.9591836734693877,0.05918367346938769,289.72548,True,similarity,Mondrian-similarity,cluster_3,cluster,random_forest
0,822,0.9963503649635036,0.09635036496350358,471.9092,True,similarity,Mondrian-similarity,cluster_3,cluster,random_forest
Polyphosphazenes,24,0.9166666666666666,0.016666666666666607,441.54524666666657,True,family,Mondrian-similarity,cluster_3,cluster,random_forest
Polyamides,365,0.9205479452054794,0.020547945205479423,331.37557315068494,True,family,Mondrian-similarity,cluster_3,cluster,random_forest
Polysulfones,27,0.9259259259259259,0.025925925925925908,379.82105925925924,True,family,Mondrian-similarity,cluster_3,cluster,random_forest
Polyimides,90,0.9444444444444444,0.0444444444444444,374.288992888889,True,family,Mondrian-similarity,cluster_3,cluster,random_forest
Polyacrylics,38,0.9473684210526315,0.047368421052631504,301.68659368421044,True,family,Mondrian-similarity,cluster_3,cluster,random_forest
Polyureas,29,0.9655172413793104,0.06551724137931036,345.2786510344826,True,family,Mondrian-similarity,cluster_3,cluster,random_forest
Polyethers,131,0.9694656488549618,0.06946564885496176,398.32604946564885,True,family,Mondrian-similarity,cluster_3,cluster,random_forest
Polysulfides,34,0.9705882352941176,0.07058823529411762,357.13872941176464,True,family,Mondrian-similarity,cluster_3,cluster,random_forest
Polyurethanes,49,0.9795918367346939,0.07959183673469383,301.27933224489794,True,family,Mondrian-similarity,cluster_3,cluster,random_forest
Polyphenylenes,299,0.9866220735785953,0.0866220735785953,428.5114651505017,True,family,Mondrian-similarity,cluster_3,cluster,random_forest
Polyesters,114,0.9912280701754386,0.09122807017543855,348.41446105263157,True,family,Mondrian-similarity,cluster_3,cluster,random_forest
Polyhalo-olefins,24,1.0,0.09999999999999998,464.3182116666665,True,family,Mondrian-similarity,cluster_3,cluster,random_forest
Polyimines,14,1.0,0.09999999999999998,427.85089714285715,True,family,Mondrian-similarity,cluster_3,cluster,random_forest
Other backbone,29,1.0,0.09999999999999998,404.2413599999999,True,family,Mondrian-similarity,cluster_3,cluster,random_forest
Polydienes,27,1.0,0.09999999999999998,444.9190192592592,True,family,Mondrian-similarity,cluster_3,cluster,random_forest
Polyvinyls,39,1.0,0.09999999999999998,448.5523128205126,True,family,Mondrian-similarity,cluster_3,cluster,random_forest
Polyanhydrides,20,1.0,0.09999999999999998,471.90919999999994,True,family,Mondrian-similarity,cluster_3,cluster,random_forest
Polyolefins,45,1.0,0.09999999999999998,407.13276622222213,True,family,Mondrian-similarity,cluster_3,cluster,random_forest
Polystyrenes,8,1.0,0.09999999999999998,403.59030499999994,False,family,Mondrian-similarity,cluster_3,cluster,random_forest
Polycarbonates,33,1.0,0.09999999999999998,377.1899648484848,True,family,Mondrian-similarity,cluster_3,cluster,random_forest
Polysiloxanes,6,1.0,0.09999999999999998,335.5567333333333,False,family,Mondrian-similarity,cluster_3,cluster,random_forest
3,60,0.65,-0.25,138.20491466666655,True,similarity,Mondrian-family,cluster_3,cluster,random_forest
0,822,0.7092457420924574,-0.19075425790754263,141.37925980535275,True,similarity,Mondrian-family,cluster_3,cluster,random_forest
1,392,0.7295918367346939,-0.17040816326530617,139.68546520408154,True,similarity,Mondrian-family,cluster_3,cluster,random_forest
4,8,0.75,-0.15000000000000002,142.85240999999974,False,similarity,Mondrian-family,cluster_3,cluster,random_forest
2,163,0.7668711656441718,-0.13312883435582823,146.73032368098154,True,similarity,Mondrian-family,cluster_3,cluster,random_forest
Polyphosphazenes,24,0.375,-0.525,134.10599999999977,True,family,Mondrian-family,cluster_3,cluster,random_forest
Polydienes,27,0.4074074074074074,-0.49259259259259264,134.10599999999977,True,family,Mondrian-family,cluster_3,cluster,random_forest
Polyanhydrides,20,0.45,-0.45,134.10599999999977,True,family,Mondrian-family,cluster_3,cluster,random_forest
Polyamides,365,0.5972602739726027,-0.3027397260273973,116.73623999999974,True,family,Mondrian-family,cluster_3,cluster,random_forest
Polyhalo-olefins,24,0.625,-0.275,134.10599999999977,True,family,Mondrian-family,cluster_3,cluster,random_forest
Polyimides,90,0.6444444444444445,-0.25555555555555554,145.9424000000001,True,family,Mondrian-family,cluster_3,cluster,random_forest
Polyureas,29,0.6551724137931034,-0.2448275862068966,134.10599999999977,True,family,Mondrian-family,cluster_3,cluster,random_forest
Other backbone,29,0.6896551724137931,-0.21034482758620687,134.10599999999977,True,family,Mondrian-family,cluster_3,cluster,random_forest
Polyethers,131,0.7022900763358778,-0.1977099236641222,118.09539999999996,True,family,Mondrian-family,cluster_3,cluster,random_forest
Polysulfones,27,0.7037037037037037,-0.1962962962962963,136.1028400000017,True,family,Mondrian-family,cluster_3,cluster,random_forest
Polyacrylics,38,0.7105263157894737,-0.18947368421052635,138.46910000000005,True,family,Mondrian-family,cluster_3,cluster,random_forest
Polyvinyls,39,0.717948717948718,-0.18205128205128207,97.37784,True,family,Mondrian-family,cluster_3,cluster,random_forest
Polystyrenes,8,0.75,-0.15000000000000002,131.35160000000002,False,family,Mondrian-family,cluster_3,cluster,random_forest
Polysulfides,34,0.7647058823529411,-0.1352941176470589,134.10599999999977,True,family,Mondrian-family,cluster_3,cluster,random_forest
Polyimines,14,0.7857142857142857,-0.11428571428571432,134.10599999999977,True,family,Mondrian-family,cluster_3,cluster,random_forest
Polyolefins,45,0.8,-0.09999999999999998,134.10599999999977,True,family,Mondrian-family,cluster_3,cluster,random_forest
Polyphenylenes,299,0.8461538461538461,-0.05384615384615388,168.7808,True,family,Mondrian-family,cluster_3,cluster,random_forest
Polyesters,114,0.8508771929824561,-0.0491228070175439,123.67840000000004,True,family,Mondrian-family,cluster_3,cluster,random_forest
Polycarbonates,33,0.9090909090909091,0.009090909090909038,149.39959999999996,True,family,Mondrian-family,cluster_3,cluster,random_forest
Polyurethanes,49,1.0,0.09999999999999998,325.6656,True,family,Mondrian-family,cluster_3,cluster,random_forest
Polysiloxanes,6,1.0,0.09999999999999998,146.7908,False,family,Mondrian-family,cluster_3,cluster,random_forest
3,60,0.6166666666666667,-0.2833333333333333,127.04367133714008,True,similarity,Normalised SCP,cluster_3,cluster,random_forest
0,822,0.718978102189781,-0.18102189781021905,153.4054126401046,True,similarity,Normalised SCP,cluster_3,cluster,random_forest
1,392,0.7346938775510204,-0.16530612244897958,144.7697850888356,True,similarity,Normalised SCP,cluster_3,cluster,random_forest
4,8,0.75,-0.15000000000000002,109.89280060779403,False,similarity,Normalised SCP,cluster_3,cluster,random_forest
2,163,0.8159509202453987,-0.0840490797546013,138.8333263149904,True,similarity,Normalised SCP,cluster_3,cluster,random_forest
Polyphosphazenes,24,0.3333333333333333,-0.5666666666666667,139.80618923007847,True,family,Normalised SCP,cluster_3,cluster,random_forest
Polyanhydrides,20,0.45,-0.45,154.1077772306237,True,family,Normalised SCP,cluster_3,cluster,random_forest
Polydienes,27,0.5185185185185185,-0.38148148148148153,196.43560364902285,True,family,Normalised SCP,cluster_3,cluster,random_forest
Polyureas,29,0.6206896551724138,-0.2793103448275862,137.16274677485134,True,family,Normalised SCP,cluster_3,cluster,random_forest
Polyhalo-olefins,24,0.625,-0.275,119.32874976062965,True,family,Normalised SCP,cluster_3,cluster,random_forest
Polyamides,365,0.6383561643835617,-0.26164383561643834,134.84985441836656,True,family,Normalised SCP,cluster_3,cluster,random_forest
Polyimides,90,0.6666666666666666,-0.2333333333333334,147.28271903320152,True,family,Normalised SCP,cluster_3,cluster,random_forest
Polystyrenes,8,0.75,-0.15000000000000002,178.79023220130688,False,family,Normalised SCP,cluster_3,cluster,random_forest
Polyolefins,45,0.7555555555555555,-0.1444444444444445,147.06466197265254,True,family,Normalised SCP,cluster_3,cluster,random_forest
Polysulfones,27,0.7777777777777778,-0.12222222222222223,188.94393934789025,True,family,Normalised SCP,cluster_3,cluster,random_forest
Polyesters,114,0.7807017543859649,-0.11929824561403513,106.86224433860245,True,family,Normalised SCP,cluster_3,cluster,random_forest
Polyimines,14,0.7857142857142857,-0.11428571428571432,184.5159160270442,True,family,Normalised SCP,cluster_3,cluster,random_forest
Polyethers,131,0.7862595419847328,-0.11374045801526722,153.78170285796915,True,family,Normalised SCP,cluster_3,cluster,random_forest
Polyphenylenes,299,0.802675585284281,-0.09732441471571907,166.30783038084127,True,family,Normalised SCP,cluster_3,cluster,random_forest
Polyacrylics,38,0.8157894736842105,-0.08421052631578951,147.18509880110594,True,family,Normalised SCP,cluster_3,cluster,random_forest
Polyurethanes,49,0.8163265306122449,-0.0836734693877551,119.0368412494198,True,family,Normalised SCP,cluster_3,cluster,random_forest
Polycarbonates,33,0.8181818181818182,-0.08181818181818179,124.1310963998948,True,family,Normalised SCP,cluster_3,cluster,random_forest
Polysulfides,34,0.8235294117647058,-0.07647058823529418,179.57544185663457,True,family,Normalised SCP,cluster_3,cluster,random_forest
Polysiloxanes,6,0.8333333333333334,-0.06666666666666665,168.18262210082267,False,family,Normalised SCP,cluster_3,cluster,random_forest
Other backbone,29,0.896551724137931,-0.0034482758620689724,222.85782505903074,True,family,Normalised SCP,cluster_3,cluster,random_forest
Polyvinyls,39,0.9487179487179487,0.048717948717948656,154.76152110327763,True,family,Normalised SCP,cluster_3,cluster,random_forest
0,822,0.6630170316301703,-0.23698296836982968,126.87814862497052,True,similarity,SCP,cluster_3,cluster,hist_gbr
3,60,0.75,-0.15000000000000002,126.87814862497058,True,similarity,SCP,cluster_3,cluster,hist_gbr
1,392,0.7602040816326531,-0.13979591836734695,126.8781486249705,True,similarity,SCP,cluster_3,cluster,hist_gbr
2,163,0.7607361963190185,-0.13926380368098157,126.8781486249705,True,similarity,SCP,cluster_3,cluster,hist_gbr
4,8,0.875,-0.025000000000000022,126.87814862497055,False,similarity,SCP,cluster_3,cluster,hist_gbr
Polyphosphazenes,24,0.375,-0.525,126.87814862497055,True,family,SCP,cluster_3,cluster,hist_gbr
Polyanhydrides,20,0.4,-0.5,126.87814862497052,True,family,SCP,cluster_3,cluster,hist_gbr
Polyureas,29,0.4482758620689655,-0.4517241379310345,126.87814862497054,True,family,SCP,cluster_3,cluster,hist_gbr
Polydienes,27,0.48148148148148145,-0.41851851851851857,126.87814862497054,True,family,SCP,cluster_3,cluster,hist_gbr
Polysiloxanes,6,0.5,-0.4,126.87814862497055,False,family,SCP,cluster_3,cluster,hist_gbr
Polyimides,90,0.5555555555555556,-0.34444444444444444,126.8781486249705,True,family,SCP,cluster_3,cluster,hist_gbr
Polysulfones,27,0.5925925925925926,-0.30740740740740746,126.87814862497054,True,family,SCP,cluster_3,cluster,hist_gbr
Other backbone,29,0.6551724137931034,-0.2448275862068966,126.87814862497054,True,family,SCP,cluster_3,cluster,hist_gbr
Polyamides,365,0.6602739726027397,-0.23972602739726034,126.87814862497052,True,family,SCP,cluster_3,cluster,hist_gbr
Polyhalo-olefins,24,0.6666666666666666,-0.2333333333333334,126.87814862497055,True,family,SCP,cluster_3,cluster,hist_gbr
Polyolefins,45,0.7111111111111111,-0.18888888888888888,126.87814862497059,True,family,SCP,cluster_3,cluster,hist_gbr
Polyimines,14,0.7142857142857143,-0.18571428571428572,126.87814862497055,True,family,SCP,cluster_3,cluster,hist_gbr
Polyphenylenes,299,0.7391304347826086,-0.16086956521739137,126.87814862497054,True,family,SCP,cluster_3,cluster,hist_gbr
Polyvinyls,39,0.7435897435897436,-0.1564102564102564,126.8781486249706,True,family,SCP,cluster_3,cluster,hist_gbr
Polystyrenes,8,0.75,-0.15000000000000002,126.87814862497055,False,family,SCP,cluster_3,cluster,hist_gbr
Polyethers,131,0.7557251908396947,-0.14427480916030533,126.87814862497052,True,family,SCP,cluster_3,cluster,hist_gbr
Polyacrylics,38,0.8157894736842105,-0.08421052631578951,126.8781486249706,True,family,SCP,cluster_3,cluster,hist_gbr
Polysulfides,34,0.8235294117647058,-0.07647058823529418,126.87814862497056,True,family,SCP,cluster_3,cluster,hist_gbr
Polycarbonates,33,0.8787878787878788,-0.021212121212121238,126.87814862497056,True,family,SCP,cluster_3,cluster,hist_gbr
Polyesters,114,0.8859649122807017,-0.01403508771929829,126.8781486249705,True,family,SCP,cluster_3,cluster,hist_gbr
Polyurethanes,49,0.9183673469387755,0.01836734693877551,126.87814862497055,True,family,SCP,cluster_3,cluster,hist_gbr
3,60,0.8666666666666667,-0.033333333333333326,159.36671234827028,True,similarity,Mondrian-similarity,cluster_3,cluster,hist_gbr
4,8,0.875,-0.025000000000000022,115.35526570732526,False,similarity,Mondrian-similarity,cluster_3,cluster,hist_gbr
2,163,0.9325153374233128,0.03251533742331281,201.85912048052276,True,similarity,Mondrian-similarity,cluster_3,cluster,hist_gbr
1,392,0.9719387755102041,0.07193877551020411,261.8491580265968,True,similarity,Mondrian-similarity,cluster_3,cluster,hist_gbr
0,822,0.9987834549878345,0.09878345498783447,494.50563430999676,True,similarity,Mondrian-similarity,cluster_3,cluster,hist_gbr
Polyimides,90,0.9444444444444444,0.0444444444444444,378.5792734389535,True,family,Mondrian-similarity,cluster_3,cluster,hist_gbr
Polyacrylics,38,0.9473684210526315,0.047368421052631504,293.3426982783811,True,family,Mondrian-similarity,cluster_3,cluster,hist_gbr
Polyamides,365,0.9616438356164384,0.06164383561643838,327.59580063057064,True,family,Mondrian-similarity,cluster_3,cluster,hist_gbr
Polysulfones,27,0.9629629629629629,0.06296296296296289,384.8147501423635,True,family,Mondrian-similarity,cluster_3,cluster,hist_gbr
Polyureas,29,0.9655172413793104,0.06551724137931036,335.8696632057614,True,family,Mondrian-similarity,cluster_3,cluster,hist_gbr
Polyethers,131,0.9770992366412213,0.07709923664122131,404.3742843940587,True,family,Mondrian-similarity,cluster_3,cluster,hist_gbr
Polyphenylenes,299,0.9832775919732442,0.08327759197324414,441.3629898792317,True,family,Mondrian-similarity,cluster_3,cluster,hist_gbr
Polyesters,114,0.9912280701754386,0.09122807017543855,341.8015428731582,True,family,Mondrian-similarity,cluster_3,cluster,hist_gbr
Polysulfides,34,1.0,0.09999999999999998,355.9694789687601,True,family,Mondrian-similarity,cluster_3,cluster,hist_gbr
Other backbone,29,1.0,0.09999999999999998,410.142019209095,True,family,Mondrian-similarity,cluster_3,cluster,hist_gbr
Polyhalo-olefins,24,1.0,0.09999999999999998,484.8116144648549,True,family,Mondrian-similarity,cluster_3,cluster,hist_gbr
Polyimines,14,1.0,0.09999999999999998,440.3656724245485,True,family,Mondrian-similarity,cluster_3,cluster,hist_gbr
Polyphosphazenes,24,1.0,0.09999999999999998,455.7295549294299,True,family,Mondrian-similarity,cluster_3,cluster,hist_gbr
Polystyrenes,8,1.0,0.09999999999999998,407.25945570372164,False,family,Mondrian-similarity,cluster_3,cluster,hist_gbr
Polyvinyls,39,1.0,0.09999999999999998,464.67788094032994,True,family,Mondrian-similarity,cluster_3,cluster,hist_gbr
Polydienes,27,1.0,0.09999999999999998,460.03800819393734,True,family,Mondrian-similarity,cluster_3,cluster,hist_gbr
Polyanhydrides,20,1.0,0.09999999999999998,494.50563430999665,True,family,Mondrian-similarity,cluster_3,cluster,hist_gbr
Polyolefins,45,1.0,0.09999999999999998,411.78333163145453,True,family,Mondrian-similarity,cluster_3,cluster,hist_gbr
Polyurethanes,49,1.0,0.09999999999999998,291.197850329769,True,family,Mondrian-similarity,cluster_3,cluster,hist_gbr
Polycarbonates,33,1.0,0.09999999999999998,376.248854516887,True,family,Mondrian-similarity,cluster_3,cluster,hist_gbr
Polysiloxanes,6,1.0,0.09999999999999998,341.1003093732176,False,family,Mondrian-similarity,cluster_3,cluster,hist_gbr
3,60,0.6333333333333333,-0.2666666666666667,121.74720064863033,True,similarity,Mondrian-family,cluster_3,cluster,hist_gbr
0,822,0.6727493917274939,-0.2272506082725061,135.57235030443158,True,similarity,Mondrian-family,cluster_3,cluster,hist_gbr
1,392,0.7448979591836735,-0.1551020408163265,127.75579051223272,True,similarity,Mondrian-family,cluster_3,cluster,hist_gbr
2,163,0.7484662576687117,-0.15153374233128836,131.09876051582435,True,similarity,Mondrian-family,cluster_3,cluster,hist_gbr
4,8,0.875,-0.025000000000000022,119.06808230849713,False,similarity,Mondrian-family,cluster_3,cluster,hist_gbr
Polyphosphazenes,24,0.375,-0.525,126.87814862497055,True,family,Mondrian-family,cluster_3,cluster,hist_gbr
Polyanhydrides,20,0.4,-0.5,126.87814862497052,True,family,Mondrian-family,cluster_3,cluster,hist_gbr
Polyureas,29,0.4482758620689655,-0.4517241379310345,126.87814862497054,True,family,Mondrian-family,cluster_3,cluster,hist_gbr
Polydienes,27,0.48148148148148145,-0.41851851851851857,126.87814862497054,True,family,Mondrian-family,cluster_3,cluster,hist_gbr
Polysulfones,27,0.5185185185185185,-0.38148148148148153,94.07875296992363,True,family,Mondrian-family,cluster_3,cluster,hist_gbr
Polyamides,365,0.5561643835616439,-0.34383561643835614,94.17966217453326,True,family,Mondrian-family,cluster_3,cluster,hist_gbr
Polyimides,90,0.6111111111111112,-0.28888888888888886,132.14798941150278,True,family,Mondrian-family,cluster_3,cluster,hist_gbr
Other backbone,29,0.6551724137931034,-0.2448275862068966,126.87814862497054,True,family,Mondrian-family,cluster_3,cluster,hist_gbr
Polyhalo-olefins,24,0.6666666666666666,-0.2333333333333334,126.87814862497055,True,family,Mondrian-family,cluster_3,cluster,hist_gbr
Polyvinyls,39,0.6666666666666666,-0.2333333333333334,113.0693379841205,True,family,Mondrian-family,cluster_3,cluster,hist_gbr
Polyethers,131,0.7099236641221374,-0.19007633587786266,99.50968666459585,True,family,Mondrian-family,cluster_3,cluster,hist_gbr
Polyolefins,45,0.7111111111111111,-0.18888888888888888,126.87814862497059,True,family,Mondrian-family,cluster_3,cluster,hist_gbr
Polyimines,14,0.7142857142857143,-0.18571428571428572,126.87814862497055,True,family,Mondrian-family,cluster_3,cluster,hist_gbr
Polystyrenes,8,0.75,-0.15000000000000002,138.50430491268747,False,family,Mondrian-family,cluster_3,cluster,hist_gbr
Polyacrylics,38,0.8157894736842105,-0.08421052631578951,135.27837906992772,True,family,Mondrian-family,cluster_3,cluster,hist_gbr
Polysulfides,34,0.8235294117647058,-0.07647058823529418,126.87814862497056,True,family,Mondrian-family,cluster_3,cluster,hist_gbr
Polyphenylenes,299,0.842809364548495,-0.057190635451505045,180.31339489560762,True,family,Mondrian-family,cluster_3,cluster,hist_gbr
Polyesters,114,0.868421052631579,-0.03157894736842104,119.63547711595972,True,family,Mondrian-family,cluster_3,cluster,hist_gbr
Polycarbonates,33,0.9090909090909091,0.009090909090909038,136.49978591664552,True,family,Mondrian-family,cluster_3,cluster,hist_gbr
Polyurethanes,49,1.0,0.09999999999999998,293.28702324624396,True,family,Mondrian-family,cluster_3,cluster,hist_gbr
Polysiloxanes,6,1.0,0.09999999999999998,167.39622368495245,False,family,Mondrian-family,cluster_3,cluster,hist_gbr
3,60,0.6333333333333333,-0.2666666666666667,116.94847319884965,True,similarity,Normalised SCP,cluster_3,cluster,hist_gbr
0,822,0.6727493917274939,-0.2272506082725061,139.99217769988962,True,similarity,Normalised SCP,cluster_3,cluster,hist_gbr
1,392,0.7525510204081632,-0.14744897959183678,130.54099401024362,True,similarity,Normalised SCP,cluster_3,cluster,hist_gbr
2,163,0.7975460122699386,-0.10245398773006142,121.7894493055973,True,similarity,Normalised SCP,cluster_3,cluster,hist_gbr
4,8,0.875,-0.025000000000000022,103.17339243814968,False,similarity,Normalised SCP,cluster_3,cluster,hist_gbr
Polyphosphazenes,24,0.375,-0.525,120.52739123956633,True,family,Normalised SCP,cluster_3,cluster,hist_gbr
Polyanhydrides,20,0.4,-0.5,128.59485656405502,True,family,Normalised SCP,cluster_3,cluster,hist_gbr
Polyureas,29,0.5172413793103449,-0.38275862068965516,115.39113473572007,True,family,Normalised SCP,cluster_3,cluster,hist_gbr
Polyimides,90,0.5444444444444444,-0.3555555555555556,123.49926795646641,True,family,Normalised SCP,cluster_3,cluster,hist_gbr
Polyamides,365,0.6273972602739726,-0.27260273972602744,119.12804262460975,True,family,Normalised SCP,cluster_3,cluster,hist_gbr
Polyimines,14,0.6428571428571429,-0.2571428571428571,160.74821783521398,True,family,Normalised SCP,cluster_3,cluster,hist_gbr
Polysiloxanes,6,0.6666666666666666,-0.2333333333333334,144.72353639218514,False,family,Normalised SCP,cluster_3,cluster,hist_gbr
Polyolefins,45,0.6888888888888889,-0.21111111111111114,142.67494295573098,True,family,Normalised SCP,cluster_3,cluster,hist_gbr
Polyurethanes,49,0.7142857142857143,-0.18571428571428572,94.14721122925742,True,family,Normalised SCP,cluster_3,cluster,hist_gbr
Polysulfones,27,0.7407407407407407,-0.15925925925925932,158.74134844010516,True,family,Normalised SCP,cluster_3,cluster,hist_gbr
Polyhalo-olefins,24,0.75,-0.15000000000000002,144.82896513065657,True,family,Normalised SCP,cluster_3,cluster,hist_gbr
Polystyrenes,8,0.75,-0.15000000000000002,159.0608833689939,False,family,Normalised SCP,cluster_3,cluster,hist_gbr
Polyesters,114,0.7719298245614035,-0.12807017543859656,96.79551215557966,True,family,Normalised SCP,cluster_3,cluster,hist_gbr
Polyphenylenes,299,0.7725752508361204,-0.12742474916387958,157.4180388348309,True,family,Normalised SCP,cluster_3,cluster,hist_gbr
Polydienes,27,0.7777777777777778,-0.12222222222222223,190.62171904917938,True,family,Normalised SCP,cluster_3,cluster,hist_gbr
Polyethers,131,0.7786259541984732,-0.12137404580152678,137.7361521901696,True,family,Normalised SCP,cluster_3,cluster,hist_gbr
Polyvinyls,39,0.7948717948717948,-0.1051282051282052,140.9181465314942,True,family,Normalised SCP,cluster_3,cluster,hist_gbr
Polycarbonates,33,0.8181818181818182,-0.08181818181818179,101.05850515160117,True,family,Normalised SCP,cluster_3,cluster,hist_gbr
Polyacrylics,38,0.8421052631578947,-0.05789473684210533,124.88699203470895,True,family,Normalised SCP,cluster_3,cluster,hist_gbr
Polysulfides,34,0.9117647058823529,0.0117647058823529,163.2336999499517,True,family,Normalised SCP,cluster_3,cluster,hist_gbr
Other backbone,29,0.9310344827586207,0.03103448275862064,238.82598168776053,True,family,Normalised SCP,cluster_3,cluster,hist_gbr
3,60,0.6666666666666666,-0.2333333333333334,127.00119999999991,True,similarity,SCP,cluster_3,cluster,extra_trees
0,822,0.694647201946472,-0.20535279805352802,127.00119999999993,True,similarity,SCP,cluster_3,cluster,extra_trees
1,392,0.7193877551020408,-0.18061224489795924,127.00119999999993,True,similarity,SCP,cluster_3,cluster,extra_trees
2,163,0.7423312883435583,-0.1576687116564417,127.00119999999995,True,similarity,SCP,cluster_3,cluster,extra_trees
4,8,0.875,-0.025000000000000022,127.00119999999993,False,similarity,SCP,cluster_3,cluster,extra_trees
Polydienes,27,0.2962962962962963,-0.6037037037037037,127.00119999999991,True,family,SCP,cluster_3,cluster,extra_trees
Polyphosphazenes,24,0.4583333333333333,-0.4416666666666667,127.00119999999993,True,family,SCP,cluster_3,cluster,extra_trees
Polysiloxanes,6,0.5,-0.4,127.00119999999993,False,family,SCP,cluster_3,cluster,extra_trees
Polyanhydrides,20,0.55,-0.35,127.00119999999993,True,family,SCP,cluster_3,cluster,extra_trees
Polyureas,29,0.6206896551724138,-0.2793103448275862,127.00119999999995,True,family,SCP,cluster_3,cluster,extra_trees
Polystyrenes,8,0.625,-0.275,127.00119999999993,False,family,SCP,cluster_3,cluster,extra_trees
Polyacrylics,38,0.631578947368421,-0.268421052631579,127.00119999999988,True,family,SCP,cluster_3,cluster,extra_trees
Polyamides,365,0.6356164383561644,-0.2643835616438356,127.00119999999994,True,family,SCP,cluster_3,cluster,extra_trees
Polyimines,14,0.6428571428571429,-0.2571428571428571,127.00119999999993,True,family,SCP,cluster_3,cluster,extra_trees
Polyimides,90,0.6444444444444445,-0.25555555555555554,127.00119999999994,True,family,SCP,cluster_3,cluster,extra_trees
Polyhalo-olefins,24,0.6666666666666666,-0.2333333333333334,127.00119999999993,True,family,SCP,cluster_3,cluster,extra_trees
Other backbone,29,0.6896551724137931,-0.21034482758620687,127.00119999999988,True,family,SCP,cluster_3,cluster,extra_trees
Polysulfones,27,0.7037037037037037,-0.1962962962962963,127.00119999999994,True,family,SCP,cluster_3,cluster,extra_trees
Polyphenylenes,299,0.7324414715719063,-0.1675585284280937,127.00119999999993,True,family,SCP,cluster_3,cluster,extra_trees
Polyethers,131,0.732824427480916,-0.167175572519084,127.00119999999995,True,family,SCP,cluster_3,cluster,extra_trees
Polyolefins,45,0.8,-0.09999999999999998,127.0011999999999,True,family,SCP,cluster_3,cluster,extra_trees
Polyesters,114,0.8508771929824561,-0.0491228070175439,127.00119999999994,True,family,SCP,cluster_3,cluster,extra_trees
Polysulfides,34,0.8529411764705882,-0.04705882352941182,127.00119999999991,True,family,SCP,cluster_3,cluster,extra_trees
Polyurethanes,49,0.8571428571428571,-0.04285714285714293,127.00119999999993,True,family,SCP,cluster_3,cluster,extra_trees
Polycarbonates,33,0.9393939393939394,0.039393939393939426,127.00119999999993,True,family,SCP,cluster_3,cluster,extra_trees
Polyvinyls,39,0.9487179487179487,0.048717948717948656,127.00119999999988,True,family,SCP,cluster_3,cluster,extra_trees
3,60,0.8,-0.09999999999999998,168.5658000000001,True,similarity,Mondrian-similarity,cluster_3,cluster,extra_trees
4,8,0.875,-0.025000000000000022,121.03279999999995,False,similarity,Mondrian-similarity,cluster_3,cluster,extra_trees
2,163,0.8773006134969326,-0.022699386503067465,201.99540000000002,True,similarity,Mondrian-similarity,cluster_3,cluster,extra_trees
1,392,0.9591836734693877,0.05918367346938769,277.2334,True,similarity,Mondrian-similarity,cluster_3,cluster,extra_trees
0,822,0.9927007299270073,0.09270072992700729,406.18359999999996,True,similarity,Mondrian-similarity,cluster_3,cluster,extra_trees
Polyacrylics,38,0.8947368421052632,-0.0052631578947368585,275.9695999999999,True,family,Mondrian-similarity,cluster_3,cluster,extra_trees
Polyamides,365,0.915068493150685,0.015068493150684925,299.8924575342466,True,family,Mondrian-similarity,cluster_3,cluster,extra_trees
Polysulfides,34,0.9411764705882353,0.04117647058823526,319.2295647058823,True,family,Mondrian-similarity,cluster_3,cluster,extra_trees
Polyimides,90,0.9555555555555556,0.05555555555555558,333.12203777777773,True,family,Mondrian-similarity,cluster_3,cluster,extra_trees
Polydienes,27,0.9629629629629629,0.06296296296296289,387.0798666666666,True,family,Mondrian-similarity,cluster_3,cluster,extra_trees
Polysulfones,27,0.9629629629629629,0.06296296296296289,335.69064444444444,True,family,Mondrian-similarity,cluster_3,cluster,extra_trees
Polyureas,29,0.9655172413793104,0.06551724137931036,313.91574482758614,True,family,Mondrian-similarity,cluster_3,cluster,extra_trees
Polyethers,131,0.9694656488549618,0.06946564885496176,352.32539083969465,True,family,Mondrian-similarity,cluster_3,cluster,extra_trees
Polyurethanes,49,0.9795918367346939,0.07959183673469383,275.94011428571423,True,family,Mondrian-similarity,cluster_3,cluster,extra_trees
Polyphenylenes,299,0.9832775919732442,0.08327759197324414,374.1767217391304,True,family,Mondrian-similarity,cluster_3,cluster,extra_trees
Polyesters,114,0.9912280701754386,0.09122807017543855,314.8307263157894,True,family,Mondrian-similarity,cluster_3,cluster,extra_trees
Polyhalo-olefins,24,1.0,0.09999999999999998,400.810675,True,family,Mondrian-similarity,cluster_3,cluster,extra_trees
Polyphosphazenes,24,1.0,0.09999999999999998,384.6919,True,family,Mondrian-similarity,cluster_3,cluster,extra_trees
Other backbone,29,1.0,0.09999999999999998,356.52918620689644,True,family,Mondrian-similarity,cluster_3,cluster,extra_trees
Polyvinyls,39,1.0,0.09999999999999998,389.65152307692307,True,family,Mondrian-similarity,cluster_3,cluster,extra_trees
Polyimines,14,1.0,0.09999999999999998,373.1772714285715,True,family,Mondrian-similarity,cluster_3,cluster,extra_trees
Polyanhydrides,20,1.0,0.09999999999999998,406.1836,True,family,Mondrian-similarity,cluster_3,cluster,extra_trees
Polyolefins,45,1.0,0.09999999999999998,360.3346399999999,True,family,Mondrian-similarity,cluster_3,cluster,extra_trees
Polystyrenes,8,1.0,0.09999999999999998,357.827275,False,family,Mondrian-similarity,cluster_3,cluster,extra_trees
Polycarbonates,33,1.0,0.09999999999999998,336.8224727272727,True,family,Mondrian-similarity,cluster_3,cluster,extra_trees
Polysiloxanes,6,1.0,0.09999999999999998,298.5179,False,family,Mondrian-similarity,cluster_3,cluster,extra_trees
3,60,0.6166666666666667,-0.2833333333333333,126.92378266666668,True,similarity,Mondrian-family,cluster_3,cluster,extra_trees
0,822,0.6824817518248175,-0.2175182481751825,127.16679206812655,True,similarity,Mondrian-family,cluster_3,cluster,extra_trees
1,392,0.6989795918367347,-0.20102040816326527,127.60394015306122,True,similarity,Mondrian-family,cluster_3,cluster,extra_trees
2,163,0.7300613496932515,-0.16993865030674848,134.65916233128834,True,similarity,Mondrian-family,cluster_3,cluster,extra_trees
4,8,0.875,-0.025000000000000022,128.9482175,False,similarity,Mondrian-family,cluster_3,cluster,extra_trees
Polydienes,27,0.2962962962962963,-0.6037037037037037,127.00119999999991,True,family,Mondrian-family,cluster_3,cluster,extra_trees
Polyphosphazenes,24,0.4583333333333333,-0.4416666666666667,127.00119999999993,True,family,Mondrian-family,cluster_3,cluster,extra_trees
Polyanhydrides,20,0.55,-0.35,127.00119999999993,True,family,Mondrian-family,cluster_3,cluster,extra_trees
Polyamides,365,0.5534246575342465,-0.3465753424657535,103.75522,True,family,Mondrian-family,cluster_3,cluster,extra_trees
Polyureas,29,0.6206896551724138,-0.2793103448275862,127.00119999999995,True,family,Mondrian-family,cluster_3,cluster,extra_trees
Polystyrenes,8,0.625,-0.275,125.24400000000009,False,family,Mondrian-family,cluster_3,cluster,extra_trees
Polyimines,14,0.6428571428571429,-0.2571428571428571,127.00119999999993,True,family,Mondrian-family,cluster_3,cluster,extra_trees
Polyhalo-olefins,24,0.6666666666666666,-0.2333333333333334,127.00119999999993,True,family,Mondrian-family,cluster_3,cluster,extra_trees
Polysiloxanes,6,0.6666666666666666,-0.2333333333333334,165.24826000000007,False,family,Mondrian-family,cluster_3,cluster,extra_trees
Polyimides,90,0.6777777777777778,-0.2222222222222222,133.69199999999998,True,family,Mondrian-family,cluster_3,cluster,extra_trees
Other backbone,29,0.6896551724137931,-0.21034482758620687,127.00119999999988,True,family,Mondrian-family,cluster_3,cluster,extra_trees
Polysulfones,27,0.7037037037037037,-0.1962962962962963,116.72280000000006,True,family,Mondrian-family,cluster_3,cluster,extra_trees
Polyethers,131,0.7175572519083969,-0.1824427480916031,122.99199999999996,True,family,Mondrian-family,cluster_3,cluster,extra_trees
Polyvinyls,39,0.717948717948718,-0.18205128205128207,94.82319999999997,True,family,Mondrian-family,cluster_3,cluster,extra_trees
Polyacrylics,38,0.7368421052631579,-0.16315789473684217,145.39580000000004,True,family,Mondrian-family,cluster_3,cluster,extra_trees
Polyphenylenes,299,0.7658862876254181,-0.13411371237458192,139.08740000000014,True,family,Mondrian-family,cluster_3,cluster,extra_trees
Polyesters,114,0.7894736842105263,-0.1105263157894737,112.62908000000007,True,family,Mondrian-family,cluster_3,cluster,extra_trees
Polyolefins,45,0.8,-0.09999999999999998,127.0011999999999,True,family,Mondrian-family,cluster_3,cluster,extra_trees
Polysulfides,34,0.8529411764705882,-0.04705882352941182,127.00119999999991,True,family,Mondrian-family,cluster_3,cluster,extra_trees
Polycarbonates,33,0.9393939393939394,0.039393939393939426,125.34879999999998,True,family,Mondrian-family,cluster_3,cluster,extra_trees
Polyurethanes,49,1.0,0.09999999999999998,305.2991999999999,True,family,Mondrian-family,cluster_3,cluster,extra_trees
3,60,0.5666666666666667,-0.33333333333333337,111.37381958197209,True,similarity,Normalised SCP,cluster_3,cluster,extra_trees
0,822,0.7007299270072993,-0.19927007299270072,143.9596211826306,True,similarity,Normalised SCP,cluster_3,cluster,extra_trees
1,392,0.7040816326530612,-0.1959183673469388,132.87930386305638,True,similarity,Normalised SCP,cluster_3,cluster,extra_trees
2,163,0.7607361963190185,-0.13926380368098157,124.32396719050159,True,similarity,Normalised SCP,cluster_3,cluster,extra_trees
4,8,0.875,-0.025000000000000022,97.21764407053071,False,similarity,Normalised SCP,cluster_3,cluster,extra_trees
Polyphosphazenes,24,0.3333333333333333,-0.5666666666666667,126.30474347997024,True,family,Normalised SCP,cluster_3,cluster,extra_trees
Polyureas,29,0.4827586206896552,-0.41724137931034483,116.22856261632816,True,family,Normalised SCP,cluster_3,cluster,extra_trees
Polysiloxanes,6,0.5,-0.4,153.56474246808799,False,family,Normalised SCP,cluster_3,cluster,extra_trees
Polydienes,27,0.5185185185185185,-0.38148148148148153,193.81875748792797,True,family,Normalised SCP,cluster_3,cluster,extra_trees
Polyamides,365,0.5972602739726027,-0.3027397260273973,115.4376472201951,True,family,Normalised SCP,cluster_3,cluster,extra_trees
Polystyrenes,8,0.625,-0.275,168.7894772814914,False,family,Normalised SCP,cluster_3,cluster,extra_trees
Polyimines,14,0.6428571428571429,-0.2571428571428571,151.38844333948163,True,family,Normalised SCP,cluster_3,cluster,extra_trees
Polyanhydrides,20,0.65,-0.25,163.48768532075792,True,family,Normalised SCP,cluster_3,cluster,extra_trees
Polyimides,90,0.6777777777777778,-0.2222222222222222,134.98286939331678,True,family,Normalised SCP,cluster_3,cluster,extra_trees
Polyesters,114,0.7192982456140351,-0.18070175438596492,99.60099420446893,True,family,Normalised SCP,cluster_3,cluster,extra_trees
Polyphenylenes,299,0.7224080267558528,-0.17759197324414722,142.03498309163135,True,family,Normalised SCP,cluster_3,cluster,extra_trees
Polysulfones,27,0.7777777777777778,-0.12222222222222223,162.2453002308049,True,family,Normalised SCP,cluster_3,cluster,extra_trees
Polycarbonates,33,0.7878787878787878,-0.11212121212121218,135.34470012168566,True,family,Normalised SCP,cluster_3,cluster,extra_trees
Polyacrylics,38,0.7894736842105263,-0.1105263157894737,145.4455573758416,True,family,Normalised SCP,cluster_3,cluster,extra_trees
Polyhalo-olefins,24,0.7916666666666666,-0.10833333333333339,164.11806106517122,True,family,Normalised SCP,cluster_3,cluster,extra_trees
Polyurethanes,49,0.8163265306122449,-0.0836734693877551,105.03227648041744,True,family,Normalised SCP,cluster_3,cluster,extra_trees
Polyethers,131,0.8244274809160306,-0.07557251908396945,164.45146199333917,True,family,Normalised SCP,cluster_3,cluster,extra_trees
Polyolefins,45,0.8666666666666667,-0.033333333333333326,170.83605340645542,True,family,Normalised SCP,cluster_3,cluster,extra_trees
Polyvinyls,39,0.8717948717948718,-0.028205128205128216,141.21131718117633,True,family,Normalised SCP,cluster_3,cluster,extra_trees
Polysulfides,34,0.8823529411764706,-0.01764705882352946,170.00317844788017,True,family,Normalised SCP,cluster_3,cluster,extra_trees
Other backbone,29,0.9310344827586207,0.03103448275862064,233.41025442610365,True,family,Normalised SCP,cluster_3,cluster,extra_trees
0,1479,0.9215686274509803,0.021568627450980316,399.0,True,similarity,SCP,cluster_4,cluster,median
1,913,0.9342825848849945,0.03428258488499447,399.0,True,similarity,SCP,cluster_4,cluster,median
2,343,0.9446064139941691,0.04460641399416909,399.0,True,similarity,SCP,cluster_4,cluster,median
3,120,1.0,0.09999999999999998,399.0,True,similarity,SCP,cluster_4,cluster,median
4,12,1.0,0.09999999999999998,399.0,True,similarity,SCP,cluster_4,cluster,median
Other backbone,20,0.05,-0.85,399.0,True,family,SCP,cluster_4,cluster,median
Polysulfides,9,0.3333333333333333,-0.5666666666666667,399.0,False,family,SCP,cluster_4,cluster,median
Polyhalo-olefins,12,0.5833333333333334,-0.31666666666666665,399.0,True,family,SCP,cluster_4,cluster,median
Polyolefins,16,0.75,-0.15000000000000002,399.0,True,family,SCP,cluster_4,cluster,median
Polysiloxanes,4,0.75,-0.15000000000000002,399.0,False,family,SCP,cluster_4,cluster,median
Polyesters,664,0.8659638554216867,-0.03403614457831328,399.0,True,family,SCP,cluster_4,cluster,median
Polydienes,9,0.8888888888888888,-0.011111111111111183,399.0,False,family,SCP,cluster_4,cluster,median
Polycarbonates,175,0.9257142857142857,0.02571428571428569,399.0,True,family,SCP,cluster_4,cluster,median
Polyvinyls,98,0.9387755102040817,0.038775510204081653,399.0,True,family,SCP,cluster_4,cluster,median
Polyethers,205,0.9463414634146341,0.046341463414634076,399.0,True,family,SCP,cluster_4,cluster,median
Polyphenylenes,102,0.9509803921568627,0.050980392156862675,399.0,True,family,SCP,cluster_4,cluster,median
Polystyrenes,21,0.9523809523809523,0.052380952380952306,399.0,True,family,SCP,cluster_4,cluster,median
Polyurethanes,172,0.9534883720930233,0.05348837209302326,399.0,True,family,SCP,cluster_4,cluster,median
Polyacrylics,437,0.9588100686498856,0.05881006864988558,399.0,True,family,SCP,cluster_4,cluster,median
Polyureas,40,0.975,0.07499999999999996,399.0,True,family,SCP,cluster_4,cluster,median
Polyamides,763,0.9908256880733946,0.09082568807339453,399.0,True,family,SCP,cluster_4,cluster,median
Polyanhydrides,33,1.0,0.09999999999999998,399.0,True,family,SCP,cluster_4,cluster,median
Polyimides,26,1.0,0.09999999999999998,399.0,True,family,SCP,cluster_4,cluster,median
Polysulfones,49,1.0,0.09999999999999998,399.0,True,family,SCP,cluster_4,cluster,median
Polyimines,8,1.0,0.09999999999999998,399.0,False,family,SCP,cluster_4,cluster,median
Polyphosphazenes,4,1.0,0.09999999999999998,399.0,False,family,SCP,cluster_4,cluster,median
4,12,0.8333333333333334,-0.06666666666666665,326.0,True,similarity,Mondrian-similarity,cluster_4,cluster,median
0,1479,0.9641649763353617,0.06416497633536167,454.0,True,similarity,Mondrian-similarity,cluster_4,cluster,median
2,343,0.9650145772594753,0.06501457725947524,430.3000000000001,True,similarity,Mondrian-similarity,cluster_4,cluster,median
1,913,0.9846659364731654,0.08466593647316534,484.0,True,similarity,Mondrian-similarity,cluster_4,cluster,median
3,120,1.0,0.09999999999999998,432.0,True,similarity,Mondrian-similarity,cluster_4,cluster,median
Other backbone,20,0.55,-0.35,459.4449999999999,True,family,Mondrian-similarity,cluster_4,cluster,median
Polysulfides,9,0.5555555555555556,-0.34444444444444444,454.70000000000005,False,family,Mondrian-similarity,cluster_4,cluster,median
Polysiloxanes,4,0.75,-0.15000000000000002,442.575,False,family,Mondrian-similarity,cluster_4,cluster,median
Polyolefins,16,0.875,-0.025000000000000022,454.0,True,family,Mondrian-similarity,cluster_4,cluster,median
Polydienes,9,0.8888888888888888,-0.011111111111111183,449.4333333333333,False,family,Mondrian-similarity,cluster_4,cluster,median
Polyhalo-olefins,12,0.9166666666666666,0.016666666666666607,456.5,True,family,Mondrian-similarity,cluster_4,cluster,median
Polyimides,26,0.9230769230769231,0.023076923076923106,430.9961538461538,True,family,Mondrian-similarity,cluster_4,cluster,median
Polyesters,664,0.947289156626506,0.04728915662650601,460.5655120481928,True,family,Mondrian-similarity,cluster_4,cluster,median
Polystyrenes,21,0.9523809523809523,0.052380952380952306,453.9238095238095,True,family,Mondrian-similarity,cluster_4,cluster,median
Polyethers,205,0.9707317073170731,0.07073170731707312,456.6736585365853,True,family,Mondrian-similarity,cluster_4,cluster,median
Polyureas,40,0.975,0.07499999999999996,455.2225,True,family,Mondrian-similarity,cluster_4,cluster,median
Polyacrylics,437,0.977116704805492,0.07711670480549193,459.3318077803204,True,family,Mondrian-similarity,cluster_4,cluster,median
Polyurethanes,172,0.9825581395348837,0.08255813953488367,461.4441860465117,True,family,Mondrian-similarity,cluster_4,cluster,median
Polyvinyls,98,0.9897959183673469,0.0897959183673469,457.14285714285717,True,family,Mondrian-similarity,cluster_4,cluster,median
Polyphenylenes,102,0.9901960784313726,0.09019607843137256,462.54411764705884,True,family,Mondrian-similarity,cluster_4,cluster,median
Polyamides,763,0.9960681520314548,0.0960681520314548,457.98492791612057,True,family,Mondrian-similarity,cluster_4,cluster,median
Polyanhydrides,33,1.0,0.09999999999999998,481.27272727272725,True,family,Mondrian-similarity,cluster_4,cluster,median
Polycarbonates,175,1.0,0.09999999999999998,461.91542857142866,True,family,Mondrian-similarity,cluster_4,cluster,median
Polysulfones,49,1.0,0.09999999999999998,462.8591836734694,True,family,Mondrian-similarity,cluster_4,cluster,median
Polyimines,8,1.0,0.09999999999999998,454.0,False,family,Mondrian-similarity,cluster_4,cluster,median
Polyphosphazenes,4,1.0,0.09999999999999998,484.0,False,family,Mondrian-similarity,cluster_4,cluster,median
4,12,0.75,-0.15000000000000002,276.0833333333333,True,similarity,Mondrian-family,cluster_4,cluster,median
1,913,0.8313253012048193,-0.06867469879518073,375.8652792990142,True,similarity,Mondrian-family,cluster_4,cluster,median
0,1479,0.8701825557809331,-0.029817444219066958,379.3637592968222,True,similarity,Mondrian-family,cluster_4,cluster,median
2,343,0.9037900874635568,0.0037900874635568016,380.33527696793004,True,similarity,Mondrian-family,cluster_4,cluster,median
3,120,0.9583333333333334,0.05833333333333335,359.8,True,similarity,Mondrian-family,cluster_4,cluster,median
Other backbone,20,0.05,-0.85,399.0,True,family,Mondrian-family,cluster_4,cluster,median
Polysulfides,9,0.3333333333333333,-0.5666666666666667,399.0,False,family,Mondrian-family,cluster_4,cluster,median
Polyhalo-olefins,12,0.5833333333333334,-0.31666666666666665,399.0,True,family,Mondrian-family,cluster_4,cluster,median
Polyamides,763,0.7313237221494102,-0.1686762778505898,258.0,True,family,Mondrian-family,cluster_4,cluster,median
Polysulfones,49,0.7551020408163265,-0.14489795918367354,226.0,True,family,Mondrian-family,cluster_4,cluster,median
Polyesters,664,0.8659638554216867,-0.03403614457831328,399.0,True,family,Mondrian-family,cluster_4,cluster,median
Polyolefins,16,0.875,-0.025000000000000022,469.0,True,family,Mondrian-family,cluster_4,cluster,median
Polyimides,26,0.8846153846153846,-0.015384615384615441,296.0,True,family,Mondrian-family,cluster_4,cluster,median
Polydienes,9,0.8888888888888888,-0.011111111111111183,399.0,False,family,Mondrian-family,cluster_4,cluster,median
Polyphenylenes,102,0.9215686274509803,0.021568627450980316,346.0,True,family,Mondrian-family,cluster_4,cluster,median
Polycarbonates,175,0.9257142857142857,0.02571428571428569,399.0,True,family,Mondrian-family,cluster_4,cluster,median
Polyethers,205,0.9512195121951219,0.051219512195121886,424.0,True,family,Mondrian-family,cluster_4,cluster,median
Polystyrenes,21,0.9523809523809523,0.052380952380952306,382.0,True,family,Mondrian-family,cluster_4,cluster,median
Polyurethanes,172,0.9534883720930233,0.05348837209302326,399.0,True,family,Mondrian-family,cluster_4,cluster,median
Polyureas,40,0.975,0.07499999999999996,399.0,True,family,Mondrian-family,cluster_4,cluster,median
Polyvinyls,98,0.9897959183673469,0.0897959183673469,484.0,True,family,Mondrian-family,cluster_4,cluster,median
Polyacrylics,437,0.9931350114416476,0.0931350114416476,504.0,True,family,Mondrian-family,cluster_4,cluster,median
Polyanhydrides,33,1.0,0.09999999999999998,399.0,True,family,Mondrian-family,cluster_4,cluster,median
Polyimines,8,1.0,0.09999999999999998,399.0,False,family,Mondrian-family,cluster_4,cluster,median
Polysiloxanes,4,1.0,0.09999999999999998,548.0,False,family,Mondrian-family,cluster_4,cluster,median
Polyphosphazenes,4,1.0,0.09999999999999998,574.0,False,family,Mondrian-family,cluster_4,cluster,median
4,12,0.4166666666666667,-0.48333333333333334,167.7005551215657,True,similarity,Normalised SCP,cluster_4,cluster,median
2,343,0.8658892128279884,-0.03411078717201166,315.2284489272546,True,similarity,Normalised SCP,cluster_4,cluster,median
3,120,0.8666666666666667,-0.033333333333333326,273.5750803029125,True,similarity,Normalised SCP,cluster_4,cluster,median
1,913,0.8795180722891566,-0.02048192771084345,361.0130375634201,True,similarity,Normalised SCP,cluster_4,cluster,median
0,1479,0.8830290736984449,-0.016970926301555167,366.06395159823774,True,similarity,Normalised SCP,cluster_4,cluster,median
Polyphosphazenes,4,0.0,-0.9,187.584105287377,False,family,Normalised SCP,cluster_4,cluster,median
Polysulfides,9,0.4444444444444444,-0.4555555555555556,381.55557661013086,False,family,Normalised SCP,cluster_4,cluster,median
Polyimines,8,0.75,-0.15000000000000002,332.93757296031856,False,family,Normalised SCP,cluster_4,cluster,median
Polysiloxanes,4,0.75,-0.15000000000000002,355.4597075080478,False,family,Normalised SCP,cluster_4,cluster,median
Polyimides,26,0.7692307692307693,-0.13076923076923075,236.42626915381186,True,family,Normalised SCP,cluster_4,cluster,median
Polyureas,40,0.775,-0.125,235.9022166911298,True,family,Normalised SCP,cluster_4,cluster,median
Polydienes,9,0.7777777777777778,-0.12222222222222223,326.021903592236,False,family,Normalised SCP,cluster_4,cluster,median
Polysulfones,49,0.7959183673469388,-0.10408163265306125,259.9480289216006,True,family,Normalised SCP,cluster_4,cluster,median
Polyurethanes,172,0.8023255813953488,-0.0976744186046512,341.9574612762046,True,family,Normalised SCP,cluster_4,cluster,median
Polyethers,205,0.8439024390243902,-0.056097560975609806,329.00066185154816,True,family,Normalised SCP,cluster_4,cluster,median
Other backbone,20,0.85,-0.050000000000000044,664.9493668951311,True,family,Normalised SCP,cluster_4,cluster,median
Polyesters,664,0.8509036144578314,-0.04909638554216866,339.91177207120995,True,family,Normalised SCP,cluster_4,cluster,median
Polyphenylenes,102,0.8627450980392157,-0.03725490196078429,302.1977839227726,True,family,Normalised SCP,cluster_4,cluster,median
Polyamides,763,0.8754914809960681,-0.024508519003931917,313.9560233934247,True,family,Normalised SCP,cluster_4,cluster,median
Polyvinyls,98,0.9183673469387755,0.01836734693877551,415.1712618415551,True,family,Normalised SCP,cluster_4,cluster,median
Polycarbonates,175,0.9485714285714286,0.0485714285714286,380.8297687016158,True,family,Normalised SCP,cluster_4,cluster,median
Polystyrenes,21,0.9523809523809523,0.052380952380952306,387.4150636347773,True,family,Normalised SCP,cluster_4,cluster,median
Polyacrylics,437,0.9588100686498856,0.05881006864988558,452.717889568631,True,family,Normalised SCP,cluster_4,cluster,median
Polyhalo-olefins,12,1.0,0.09999999999999998,478.44508228214914,True,family,Normalised SCP,cluster_4,cluster,median
Polyolefins,16,1.0,0.09999999999999998,499.60054156358325,True,family,Normalised SCP,cluster_4,cluster,median
Polyanhydrides,33,1.0,0.09999999999999998,356.9255761975083,True,family,Normalised SCP,cluster_4,cluster,median
4,12,0.75,-0.15000000000000002,139.0934280379113,True,similarity,SCP,cluster_4,cluster,svr
0,1479,0.7917511832319134,-0.10824881676808662,139.0934280379113,True,similarity,SCP,cluster_4,cluster,svr
3,120,0.825,-0.07500000000000007,139.09342803791134,True,similarity,SCP,cluster_4,cluster,svr
2,343,0.8775510204081632,-0.022448979591836782,139.0934280379113,True,similarity,SCP,cluster_4,cluster,svr
1,913,0.8784227820372399,-0.02157721796276013,139.0934280379113,True,similarity,SCP,cluster_4,cluster,svr
Polyhalo-olefins,12,0.5,-0.4,139.0934280379113,True,family,SCP,cluster_4,cluster,svr
Polyimines,8,0.5,-0.4,139.09342803791134,False,family,SCP,cluster_4,cluster,svr
Polydienes,9,0.5555555555555556,-0.34444444444444444,139.09342803791134,False,family,SCP,cluster_4,cluster,svr
Polyphenylenes,102,0.5784313725490197,-0.32156862745098036,139.0934280379113,True,family,SCP,cluster_4,cluster,svr
Polysulfides,9,0.6666666666666666,-0.2333333333333334,139.09342803791134,False,family,SCP,cluster_4,cluster,svr
Polyureas,40,0.725,-0.17500000000000004,139.09342803791134,True,family,SCP,cluster_4,cluster,svr
Polysulfones,49,0.7346938775510204,-0.16530612244897958,139.0934280379113,True,family,SCP,cluster_4,cluster,svr
Polyurethanes,172,0.7441860465116279,-0.15581395348837213,139.0934280379113,True,family,SCP,cluster_4,cluster,svr
Polyphosphazenes,4,0.75,-0.15000000000000002,139.09342803791134,False,family,SCP,cluster_4,cluster,svr
Polysiloxanes,4,0.75,-0.15000000000000002,139.09342803791134,False,family,SCP,cluster_4,cluster,svr
Polystyrenes,21,0.7619047619047619,-0.13809523809523816,139.09342803791137,True,family,SCP,cluster_4,cluster,svr
Polyimides,26,0.7692307692307693,-0.13076923076923075,139.09342803791137,True,family,SCP,cluster_4,cluster,svr
Other backbone,20,0.8,-0.09999999999999998,139.09342803791137,True,family,SCP,cluster_4,cluster,svr
Polyacrylics,437,0.8100686498855835,-0.08993135011441655,139.0934280379113,True,family,SCP,cluster_4,cluster,svr
Polyamides,763,0.8374836173001311,-0.06251638269986892,139.0934280379113,True,family,SCP,cluster_4,cluster,svr
Polyethers,205,0.8585365853658536,-0.04146341463414638,139.0934280379113,True,family,SCP,cluster_4,cluster,svr
Polyolefins,16,0.875,-0.025000000000000022,139.09342803791134,True,family,SCP,cluster_4,cluster,svr
Polyesters,664,0.8780120481927711,-0.0219879518072289,139.09342803791128,True,family,SCP,cluster_4,cluster,svr
Polycarbonates,175,0.9257142857142857,0.02571428571428569,139.0934280379113,True,family,SCP,cluster_4,cluster,svr
Polyvinyls,98,0.9387755102040817,0.038775510204081653,139.0934280379113,True,family,SCP,cluster_4,cluster,svr
Polyanhydrides,33,0.9393939393939394,0.039393939393939426,139.09342803791134,True,family,SCP,cluster_4,cluster,svr
4,12,0.5833333333333334,-0.31666666666666665,120.59886296224988,True,similarity,Mondrian-similarity,cluster_4,cluster,svr
0,1479,0.933739012846518,0.033739012846517924,224.10937637567272,True,similarity,Mondrian-similarity,cluster_4,cluster,svr
3,120,0.9416666666666667,0.04166666666666663,202.19188893458994,True,similarity,Mondrian-similarity,cluster_4,cluster,svr
2,343,0.967930029154519,0.06793002915451896,204.1863698583148,True,similarity,Mondrian-similarity,cluster_4,cluster,svr
1,913,0.9824753559693319,0.08247535596933186,246.31760723325127,True,similarity,Mondrian-similarity,cluster_4,cluster,svr
Polyphenylenes,102,0.7647058823529411,-0.1352941176470589,230.3177742748227,True,family,Mondrian-similarity,cluster_4,cluster,svr
Polysulfides,9,0.7777777777777778,-0.12222222222222223,224.36329019125282,False,family,Mondrian-similarity,cluster_4,cluster,svr
Polyimines,8,0.875,-0.025000000000000022,224.10937637567275,False,family,Mondrian-similarity,cluster_4,cluster,svr
Polyimides,26,0.8846153846153846,-0.015384615384615441,203.70131482914337,True,family,Mondrian-similarity,cluster_4,cluster,svr
Polydienes,9,0.8888888888888888,-0.011111111111111183,219.93595540961772,False,family,Mondrian-similarity,cluster_4,cluster,svr
Polyureas,40,0.9,0.0,224.83597397262875,True,family,Mondrian-similarity,cluster_4,cluster,svr
Polyurethanes,172,0.9011627906976745,0.0011627906976744429,229.5094883517337,True,family,Mondrian-similarity,cluster_4,cluster,svr
Polyhalo-olefins,12,0.9166666666666666,0.016666666666666607,225.96006228047096,True,family,Mondrian-similarity,cluster_4,cluster,svr
Polyolefins,16,0.9375,0.03749999999999998,224.10937637567275,True,family,Mondrian-similarity,cluster_4,cluster,svr
Polysulfones,49,0.9387755102040817,0.038775510204081653,230.3278166109802,True,family,Mondrian-similarity,cluster_4,cluster,svr
Other backbone,20,0.95,0.04999999999999993,227.78339465534265,True,family,Mondrian-similarity,cluster_4,cluster,svr
Polyacrylics,437,0.9519450800915332,0.0519450800915332,227.4849631875294,True,family,Mondrian-similarity,cluster_4,cluster,svr
Polyamides,763,0.9554390563564875,0.05543905635648749,226.39011361628457,True,family,Mondrian-similarity,cluster_4,cluster,svr
Polyesters,664,0.9698795180722891,0.06987951807228909,228.3089566523135,True,family,Mondrian-similarity,cluster_4,cluster,svr
Polyethers,205,0.9804878048780488,0.08048780487804874,225.61052787381075,True,family,Mondrian-similarity,cluster_4,cluster,svr
Polystyrenes,21,1.0,0.09999999999999998,222.8787133482015,True,family,Mondrian-similarity,cluster_4,cluster,svr
Polyanhydrides,33,1.0,0.09999999999999998,244.29867715528962,True,family,Mondrian-similarity,cluster_4,cluster,svr
Polycarbonates,175,1.0,0.09999999999999998,229.38533257534596,True,family,Mondrian-similarity,cluster_4,cluster,svr
Polyvinyls,98,1.0,0.09999999999999998,226.3784891511042,True,family,Mondrian-similarity,cluster_4,cluster,svr
Polysiloxanes,4,1.0,0.09999999999999998,213.64925288606258,False,family,Mondrian-similarity,cluster_4,cluster,svr
Polyphosphazenes,4,1.0,0.09999999999999998,246.3176072332513,False,family,Mondrian-similarity,cluster_4,cluster,svr
4,12,0.75,-0.15000000000000002,139.10889344920804,True,similarity,Mondrian-family,cluster_4,cluster,svr
0,1479,0.7924273157538878,-0.10757268424611222,141.23260392703855,True,similarity,Mondrian-family,cluster_4,cluster,svr
3,120,0.8416666666666667,-0.05833333333333335,141.27027434317205,True,similarity,Mondrian-family,cluster_4,cluster,svr
2,343,0.8833819241982507,-0.016618075801749344,141.7951444460069,True,similarity,Mondrian-family,cluster_4,cluster,svr
1,913,0.8849945235487404,-0.015005476451259603,142.64421388196047,True,similarity,Mondrian-family,cluster_4,cluster,svr
Polyhalo-olefins,12,0.5,-0.4,139.0934280379113,True,family,Mondrian-family,cluster_4,cluster,svr
Polyimines,8,0.5,-0.4,139.09342803791134,False,family,Mondrian-family,cluster_4,cluster,svr
Polydienes,9,0.5555555555555556,-0.34444444444444444,139.09342803791134,False,family,Mondrian-family,cluster_4,cluster,svr
Polysulfones,49,0.5918367346938775,-0.3081632653061225,111.71480128826829,True,family,Mondrian-family,cluster_4,cluster,svr
Polyphenylenes,102,0.6470588235294118,-0.2529411764705882,176.61768182899473,True,family,Mondrian-family,cluster_4,cluster,svr
Polysulfides,9,0.6666666666666666,-0.2333333333333334,139.09342803791134,False,family,Mondrian-family,cluster_4,cluster,svr
Polyimides,26,0.6923076923076923,-0.20769230769230773,120.16452956912563,True,family,Mondrian-family,cluster_4,cluster,svr
Polyureas,40,0.725,-0.17500000000000004,139.09342803791134,True,family,Mondrian-family,cluster_4,cluster,svr
Polyurethanes,172,0.7441860465116279,-0.15581395348837213,139.0934280379113,True,family,Mondrian-family,cluster_4,cluster,svr
Polyvinyls,98,0.7755102040816326,-0.1244897959183674,105.94616355506344,True,family,Mondrian-family,cluster_4,cluster,svr
Other backbone,20,0.8,-0.09999999999999998,139.09342803791137,True,family,Mondrian-family,cluster_4,cluster,svr
Polyacrylics,437,0.8421052631578947,-0.05789473684210533,147.71829188422637,True,family,Mondrian-family,cluster_4,cluster,svr
Polyethers,205,0.8439024390243902,-0.056097560975609806,124.52306835387024,True,family,Mondrian-family,cluster_4,cluster,svr
Polyamides,763,0.8492791612057667,-0.05072083879423328,143.3204704682593,True,family,Mondrian-family,cluster_4,cluster,svr
Polyesters,664,0.8780120481927711,-0.0219879518072289,139.09342803791128,True,family,Mondrian-family,cluster_4,cluster,svr
Polycarbonates,175,0.9257142857142857,0.02571428571428569,139.0934280379113,True,family,Mondrian-family,cluster_4,cluster,svr
Polyanhydrides,33,0.9393939393939394,0.039393939393939426,139.09342803791134,True,family,Mondrian-family,cluster_4,cluster,svr
Polystyrenes,21,1.0,0.09999999999999998,221.3033249983334,True,family,Mondrian-family,cluster_4,cluster,svr
Polyolefins,16,1.0,0.09999999999999998,259.4144060773824,True,family,Mondrian-family,cluster_4,cluster,svr
Polysiloxanes,4,1.0,0.09999999999999998,217.08747713172545,False,family,Mondrian-family,cluster_4,cluster,svr
Polyphosphazenes,4,1.0,0.09999999999999998,358.4863699346025,False,family,Mondrian-family,cluster_4,cluster,svr
4,12,0.75,-0.15000000000000002,135.32062274770007,True,similarity,Normalised SCP,cluster_4,cluster,svr
0,1479,0.7890466531440162,-0.11095334685598379,146.86989168902278,True,similarity,Normalised SCP,cluster_4,cluster,svr
3,120,0.8166666666666667,-0.08333333333333337,125.86955070960943,True,similarity,Normalised SCP,cluster_4,cluster,svr
2,343,0.8192419825072886,-0.08075801749271139,128.91995307272967,True,similarity,Normalised SCP,cluster_4,cluster,svr
1,913,0.8335158817086528,-0.06648411829134726,132.7674342219279,True,similarity,Normalised SCP,cluster_4,cluster,svr
Polyimines,8,0.375,-0.525,114.0956625807449,False,family,Normalised SCP,cluster_4,cluster,svr
Polyphosphazenes,4,0.5,-0.4,144.1741899813264,False,family,Normalised SCP,cluster_4,cluster,svr
Polyureas,40,0.55,-0.35,144.88836909865785,True,family,Normalised SCP,cluster_4,cluster,svr
Polydienes,9,0.5555555555555556,-0.34444444444444444,129.18623611569524,False,family,Normalised SCP,cluster_4,cluster,svr
Polyphenylenes,102,0.6372549019607843,-0.26274509803921575,155.9613429708765,True,family,Normalised SCP,cluster_4,cluster,svr
Polyimides,26,0.6538461538461539,-0.24615384615384617,140.2581944522024,True,family,Normalised SCP,cluster_4,cluster,svr
Polysulfides,9,0.6666666666666666,-0.2333333333333334,201.69075021648825,False,family,Normalised SCP,cluster_4,cluster,svr
Polyurethanes,172,0.6976744186046512,-0.20232558139534884,126.34790836012559,True,family,Normalised SCP,cluster_4,cluster,svr
Polysiloxanes,4,0.75,-0.15000000000000002,140.71529620103354,False,family,Normalised SCP,cluster_4,cluster,svr
Polyacrylics,437,0.8032036613272311,-0.09679633867276893,135.88942448227036,True,family,Normalised SCP,cluster_4,cluster,svr
Polyamides,763,0.8086500655307994,-0.09134993446920059,137.3124582477832,True,family,Normalised SCP,cluster_4,cluster,svr
Polystyrenes,21,0.8095238095238095,-0.09047619047619049,149.22163825955317,True,family,Normalised SCP,cluster_4,cluster,svr
Polyesters,664,0.8132530120481928,-0.08674698795180724,126.33788741916351,True,family,Normalised SCP,cluster_4,cluster,svr
Polysulfones,49,0.8163265306122449,-0.0836734693877551,148.96093751075642,True,family,Normalised SCP,cluster_4,cluster,svr
Polyethers,205,0.8634146341463415,-0.03658536585365857,138.2133563430603,True,family,Normalised SCP,cluster_4,cluster,svr
Polyolefins,16,0.875,-0.025000000000000022,175.8821606450798,True,family,Normalised SCP,cluster_4,cluster,svr
Polyhalo-olefins,12,0.9166666666666666,0.016666666666666607,221.21727522313495,True,family,Normalised SCP,cluster_4,cluster,svr
Polyvinyls,98,0.9285714285714286,0.02857142857142858,183.10796372654266,True,family,Normalised SCP,cluster_4,cluster,svr
Polyanhydrides,33,0.9393939393939394,0.039393939393939426,141.3475816705297,True,family,Normalised SCP,cluster_4,cluster,svr
Polycarbonates,175,0.9428571428571428,0.042857142857142816,155.54032708304817,True,family,Normalised SCP,cluster_4,cluster,svr
Other backbone,20,0.95,0.04999999999999993,258.36820094578746,True,family,Normalised SCP,cluster_4,cluster,svr
4,12,0.8333333333333334,-0.06666666666666665,144.2766,True,similarity,SCP,cluster_4,cluster,random_forest
0,1479,0.8485463150777552,-0.05145368492224478,144.27659999999997,True,similarity,SCP,cluster_4,cluster,random_forest
2,343,0.8571428571428571,-0.04285714285714293,144.27659999999997,True,similarity,SCP,cluster_4,cluster,random_forest
1,913,0.8718510405257394,-0.02814895947426066,144.27659999999997,True,similarity,SCP,cluster_4,cluster,random_forest
3,120,0.875,-0.025000000000000022,144.2766,True,similarity,SCP,cluster_4,cluster,random_forest
Polyphosphazenes,4,0.0,-0.9,144.27660000000003,False,family,SCP,cluster_4,cluster,random_forest
Polysiloxanes,4,0.5,-0.4,144.27660000000003,False,family,SCP,cluster_4,cluster,random_forest
Polystyrenes,21,0.6666666666666666,-0.2333333333333334,144.2766,True,family,SCP,cluster_4,cluster,random_forest
Polysulfides,9,0.6666666666666666,-0.2333333333333334,144.2766,False,family,SCP,cluster_4,cluster,random_forest
Other backbone,20,0.75,-0.15000000000000002,144.27660000000003,True,family,SCP,cluster_4,cluster,random_forest
Polyhalo-olefins,12,0.75,-0.15000000000000002,144.27659999999997,True,family,SCP,cluster_4,cluster,random_forest
Polyureas,40,0.75,-0.15000000000000002,144.2766,True,family,SCP,cluster_4,cluster,random_forest
Polydienes,9,0.7777777777777778,-0.12222222222222223,144.27659999999997,False,family,SCP,cluster_4,cluster,random_forest
Polyamides,763,0.7955439056356488,-0.10445609436435122,144.2766,True,family,SCP,cluster_4,cluster,random_forest
Polyurethanes,172,0.8197674418604651,-0.08023255813953489,144.2766,True,family,SCP,cluster_4,cluster,random_forest
Polyphenylenes,102,0.8333333333333334,-0.06666666666666665,144.27659999999997,True,family,SCP,cluster_4,cluster,random_forest
Polyimines,8,0.875,-0.025000000000000022,144.27659999999997,False,family,SCP,cluster_4,cluster,random_forest
Polyacrylics,437,0.8787185354691075,-0.021281464530892524,144.27659999999997,True,family,SCP,cluster_4,cluster,random_forest
Polycarbonates,175,0.88,-0.020000000000000018,144.27659999999995,True,family,SCP,cluster_4,cluster,random_forest
Polyimides,26,0.8846153846153846,-0.015384615384615441,144.2766,True,family,SCP,cluster_4,cluster,random_forest
Polyesters,664,0.9066265060240963,0.0066265060240963125,144.2766,True,family,SCP,cluster_4,cluster,random_forest
Polyvinyls,98,0.9285714285714286,0.02857142857142858,144.27659999999997,True,family,SCP,cluster_4,cluster,random_forest
Polyethers,205,0.9317073170731708,0.03170731707317076,144.27659999999997,True,family,SCP,cluster_4,cluster,random_forest
Polyolefins,16,0.9375,0.03749999999999998,144.27659999999997,True,family,SCP,cluster_4,cluster,random_forest
Polysulfones,49,0.9387755102040817,0.038775510204081653,144.2766,True,family,SCP,cluster_4,cluster,random_forest
Polyanhydrides,33,0.9393939393939394,0.039393939393939426,144.27660000000003,True,family,SCP,cluster_4,cluster,random_forest
4,12,0.6666666666666666,-0.2333333333333334,121.31279999999997,True,similarity,Mondrian-similarity,cluster_4,cluster,random_forest
3,120,0.9333333333333333,0.033333333333333326,198.8988,True,similarity,Mondrian-similarity,cluster_4,cluster,random_forest
0,1479,0.9519945909398242,0.05199459093982417,238.90255999999997,True,similarity,Mondrian-similarity,cluster_4,cluster,random_forest
1,913,0.9660460021905805,0.06604600219058043,229.17360000000005,True,similarity,Mondrian-similarity,cluster_4,cluster,random_forest
2,343,0.9766763848396501,0.07667638483965011,241.76040000000006,True,similarity,Mondrian-similarity,cluster_4,cluster,random_forest
Polyphosphazenes,4,0.5,-0.4,229.1736,False,family,Mondrian-similarity,cluster_4,cluster,random_forest
Polysulfides,9,0.7777777777777778,-0.12222222222222223,238.13910222222225,False,family,Mondrian-similarity,cluster_4,cluster,random_forest
Polyimides,26,0.8846153846153846,-0.015384615384615441,219.0191076923077,True,family,Mondrian-similarity,cluster_4,cluster,random_forest
Polydienes,9,0.8888888888888888,-0.011111111111111183,238.77417777777777,False,family,Mondrian-similarity,cluster_4,cluster,random_forest
Other backbone,20,0.9,0.0,236.41254800000002,True,family,Mondrian-similarity,cluster_4,cluster,random_forest
Polyhalo-olefins,12,0.9166666666666666,0.016666666666666607,238.09181333333333,True,family,Mondrian-similarity,cluster_4,cluster,random_forest
Polyphenylenes,102,0.9215686274509803,0.021568627450980316,235.895045490196,True,family,Mondrian-similarity,cluster_4,cluster,random_forest
Polyurethanes,172,0.9244186046511628,0.024418604651162745,236.26386046511624,True,family,Mondrian-similarity,cluster_4,cluster,random_forest
Polyureas,40,0.925,0.025000000000000022,238.144002,True,family,Mondrian-similarity,cluster_4,cluster,random_forest
Polyamides,763,0.9331585845347313,0.033158584534731306,232.47889321100917,True,family,Mondrian-similarity,cluster_4,cluster,random_forest
Polystyrenes,21,0.9523809523809523,0.052380952380952306,234.84333333333333,True,family,Mondrian-similarity,cluster_4,cluster,random_forest
Polycarbonates,175,0.9542857142857143,0.05428571428571427,233.51857097142855,True,family,Mondrian-similarity,cluster_4,cluster,random_forest
Polyacrylics,437,0.965675057208238,0.06567505720823796,234.4610806407323,True,family,Mondrian-similarity,cluster_4,cluster,random_forest
Polysulfones,49,0.9795918367346939,0.07959183673469383,235.33981877551017,True,family,Mondrian-similarity,cluster_4,cluster,random_forest
Polyesters,664,0.9864457831325302,0.08644578313253015,233.49856807228917,True,family,Mondrian-similarity,cluster_4,cluster,random_forest
Polyethers,205,0.9902439024390244,0.09024390243902436,236.01994965853658,True,family,Mondrian-similarity,cluster_4,cluster,random_forest
Polyanhydrides,33,1.0,0.09999999999999998,230.0580509090909,True,family,Mondrian-similarity,cluster_4,cluster,random_forest
Polyvinyls,98,1.0,0.09999999999999998,237.40233224489793,True,family,Mondrian-similarity,cluster_4,cluster,random_forest
Polyolefins,16,1.0,0.09999999999999998,238.90256,True,family,Mondrian-similarity,cluster_4,cluster,random_forest
Polyimines,8,1.0,0.09999999999999998,238.90256,False,family,Mondrian-similarity,cluster_4,cluster,random_forest
Polysiloxanes,4,1.0,0.09999999999999998,229.61608,False,family,Mondrian-similarity,cluster_4,cluster,random_forest
4,12,0.6666666666666666,-0.2333333333333334,154.53593500000008,True,similarity,Mondrian-family,cluster_4,cluster,random_forest
0,1479,0.861392832995267,-0.03860716700473299,158.27069663286005,True,similarity,Mondrian-family,cluster_4,cluster,random_forest
2,343,0.8746355685131195,-0.0253644314868805,153.831189212828,True,similarity,Mondrian-family,cluster_4,cluster,random_forest
3,120,0.875,-0.025000000000000022,158.2512641666667,True,similarity,Mondrian-family,cluster_4,cluster,random_forest
1,913,0.8904709748083242,-0.009529025191675866,155.87407601314354,True,similarity,Mondrian-family,cluster_4,cluster,random_forest
Polyphosphazenes,4,0.5,-0.4,208.5274,False,family,Mondrian-family,cluster_4,cluster,random_forest
Polysulfones,49,0.5918367346938775,-0.3081632653061225,91.22320000000002,True,family,Mondrian-family,cluster_4,cluster,random_forest
Polystyrenes,21,0.6190476190476191,-0.28095238095238095,106.25340000000001,True,family,Mondrian-family,cluster_4,cluster,random_forest
Polysulfides,9,0.6666666666666666,-0.2333333333333334,144.2766,False,family,Mondrian-family,cluster_4,cluster,random_forest
Polyureas,40,0.75,-0.15000000000000002,144.2766,True,family,Mondrian-family,cluster_4,cluster,random_forest
Other backbone,20,0.75,-0.15000000000000002,144.27660000000003,True,family,Mondrian-family,cluster_4,cluster,random_forest
Polyhalo-olefins,12,0.75,-0.15000000000000002,144.27659999999997,True,family,Mondrian-family,cluster_4,cluster,random_forest
Polyimides,26,0.7692307692307693,-0.13076923076923075,121.3128,True,family,Mondrian-family,cluster_4,cluster,random_forest
Polydienes,9,0.7777777777777778,-0.12222222222222223,144.27659999999997,False,family,Mondrian-family,cluster_4,cluster,random_forest
Polyurethanes,172,0.8197674418604651,-0.08023255813953489,144.2766,True,family,Mondrian-family,cluster_4,cluster,random_forest
Polyamides,763,0.8335517693315858,-0.06644823066841421,163.05878000000007,True,family,Mondrian-family,cluster_4,cluster,random_forest
Polyphenylenes,102,0.8431372549019608,-0.056862745098039236,151.86008000000007,True,family,Mondrian-family,cluster_4,cluster,random_forest
Polyimines,8,0.875,-0.025000000000000022,144.27659999999997,False,family,Mondrian-family,cluster_4,cluster,random_forest
Polycarbonates,175,0.88,-0.020000000000000018,144.27659999999995,True,family,Mondrian-family,cluster_4,cluster,random_forest
Polyethers,205,0.8829268292682927,-0.017073170731707332,120.43899999999998,True,family,Mondrian-family,cluster_4,cluster,random_forest
Polyesters,664,0.9066265060240963,0.0066265060240963125,144.2766,True,family,Mondrian-family,cluster_4,cluster,random_forest
Polyanhydrides,33,0.9393939393939394,0.039393939393939426,144.27660000000003,True,family,Mondrian-family,cluster_4,cluster,random_forest
Polyacrylics,437,0.9473684210526315,0.047368421052631504,200.57219999999998,True,family,Mondrian-family,cluster_4,cluster,random_forest
Polyvinyls,98,0.9897959183673469,0.0897959183673469,177.606,True,family,Mondrian-family,cluster_4,cluster,random_forest
Polyolefins,16,1.0,0.09999999999999998,252.63324000000011,True,family,Mondrian-family,cluster_4,cluster,random_forest
Polysiloxanes,4,1.0,0.09999999999999998,214.8877999999998,False,family,Mondrian-family,cluster_4,cluster,random_forest
4,12,0.6666666666666666,-0.2333333333333334,150.52444124950122,True,similarity,Normalised SCP,cluster_4,cluster,random_forest
3,120,0.775,-0.125,130.18240746194377,True,similarity,Normalised SCP,cluster_4,cluster,random_forest
2,343,0.8279883381924198,-0.07201166180758023,128.36781181375514,True,similarity,Normalised SCP,cluster_4,cluster,random_forest
1,913,0.836801752464403,-0.063198247535597,130.3755298405337,True,similarity,Normalised SCP,cluster_4,cluster,random_forest
0,1479,0.8451656524678837,-0.054834347532116356,145.73392658462555,True,similarity,Normalised SCP,cluster_4,cluster,random_forest
Polyphosphazenes,4,0.0,-0.9,90.16653503981183,False,family,Normalised SCP,cluster_4,cluster,random_forest
Polydienes,9,0.6666666666666666,-0.2333333333333334,129.61795596084818,False,family,Normalised SCP,cluster_4,cluster,random_forest
Polystyrenes,21,0.6666666666666666,-0.2333333333333334,133.47038323174098,True,family,Normalised SCP,cluster_4,cluster,random_forest
Polyureas,40,0.75,-0.15000000000000002,169.52935852893296,True,family,Normalised SCP,cluster_4,cluster,random_forest
Polysiloxanes,4,0.75,-0.15000000000000002,167.5378681749322,False,family,Normalised SCP,cluster_4,cluster,random_forest
Polysulfides,9,0.7777777777777778,-0.12222222222222223,167.50940016686235,False,family,Normalised SCP,cluster_4,cluster,random_forest
Polyurethanes,172,0.8023255813953488,-0.0976744186046512,127.66736483786778,True,family,Normalised SCP,cluster_4,cluster,random_forest
Polyesters,664,0.8268072289156626,-0.07319277108433742,117.60810770730887,True,family,Normalised SCP,cluster_4,cluster,random_forest
Polycarbonates,175,0.8285714285714286,-0.0714285714285714,138.1618014087137,True,family,Normalised SCP,cluster_4,cluster,random_forest
Polyacrylics,437,0.8329519450800915,-0.0670480549199085,131.06659784517095,True,family,Normalised SCP,cluster_4,cluster,random_forest
Polyamides,763,0.8348623853211009,-0.06513761467889911,153.0991428609205,True,family,Normalised SCP,cluster_4,cluster,random_forest
Polyphenylenes,102,0.8431372549019608,-0.056862745098039236,168.17721319679717,True,family,Normalised SCP,cluster_4,cluster,random_forest
Polyimides,26,0.8461538461538461,-0.05384615384615388,137.16567029654206,True,family,Normalised SCP,cluster_4,cluster,random_forest
Other backbone,20,0.85,-0.050000000000000044,179.49926625357546,True,family,Normalised SCP,cluster_4,cluster,random_forest
Polyimines,8,0.875,-0.025000000000000022,128.6618318587672,False,family,Normalised SCP,cluster_4,cluster,random_forest
Polyethers,205,0.8780487804878049,-0.02195121951219514,122.38253387703506,True,family,Normalised SCP,cluster_4,cluster,random_forest
Polyvinyls,98,0.9081632653061225,0.008163265306122436,164.24921531303568,True,family,Normalised SCP,cluster_4,cluster,random_forest
Polyhalo-olefins,12,0.9166666666666666,0.016666666666666607,226.5416065724163,True,family,Normalised SCP,cluster_4,cluster,random_forest
Polyolefins,16,0.9375,0.03749999999999998,174.6591562411578,True,family,Normalised SCP,cluster_4,cluster,random_forest
Polysulfones,49,0.9591836734693877,0.05918367346938769,158.2192461319198,True,family,Normalised SCP,cluster_4,cluster,random_forest
Polyanhydrides,33,0.9696969696969697,0.0696969696969697,140.3858267479349,True,family,Normalised SCP,cluster_4,cluster,random_forest
4,12,0.6666666666666666,-0.2333333333333334,133.0417105635181,True,similarity,SCP,cluster_4,cluster,hist_gbr
3,120,0.8,-0.09999999999999998,133.0417105635181,True,similarity,SCP,cluster_4,cluster,hist_gbr
0,1479,0.8255578093306288,-0.07444219066937119,133.04171056351814,True,similarity,SCP,cluster_4,cluster,hist_gbr
2,343,0.8279883381924198,-0.07201166180758023,133.04171056351814,True,similarity,SCP,cluster_4,cluster,hist_gbr
1,913,0.8565169769989047,-0.0434830230010953,133.0417105635181,True,similarity,SCP,cluster_4,cluster,hist_gbr
Other backbone,20,0.5,-0.4,133.04171056351805,True,family,SCP,cluster_4,cluster,hist_gbr
Polyphosphazenes,4,0.5,-0.4,133.0417105635181,False,family,SCP,cluster_4,cluster,hist_gbr
Polysiloxanes,4,0.5,-0.4,133.0417105635181,False,family,SCP,cluster_4,cluster,hist_gbr
Polyhalo-olefins,12,0.6666666666666666,-0.2333333333333334,133.0417105635181,True,family,SCP,cluster_4,cluster,hist_gbr
Polysulfides,9,0.6666666666666666,-0.2333333333333334,133.0417105635181,False,family,SCP,cluster_4,cluster,hist_gbr
Polyureas,40,0.7,-0.20000000000000007,133.0417105635181,True,family,SCP,cluster_4,cluster,hist_gbr
Polyphenylenes,102,0.7647058823529411,-0.1352941176470589,133.04171056351814,True,family,SCP,cluster_4,cluster,hist_gbr
Polysulfones,49,0.7959183673469388,-0.10408163265306125,133.0417105635181,True,family,SCP,cluster_4,cluster,hist_gbr
Polystyrenes,21,0.8095238095238095,-0.09047619047619049,133.04171056351805,True,family,SCP,cluster_4,cluster,hist_gbr
Polyolefins,16,0.8125,-0.08750000000000002,133.0417105635181,True,family,SCP,cluster_4,cluster,hist_gbr
Polyamides,763,0.817824377457405,-0.08217562254259503,133.0417105635181,True,family,SCP,cluster_4,cluster,hist_gbr
Polyurethanes,172,0.8313953488372093,-0.06860465116279069,133.0417105635181,True,family,SCP,cluster_4,cluster,hist_gbr
Polyacrylics,437,0.8375286041189931,-0.06247139588100692,133.04171056351814,True,family,SCP,cluster_4,cluster,hist_gbr
Polycarbonates,175,0.8571428571428571,-0.04285714285714293,133.04171056351814,True,family,SCP,cluster_4,cluster,hist_gbr
Polyethers,205,0.8585365853658536,-0.04146341463414638,133.04171056351814,True,family,SCP,cluster_4,cluster,hist_gbr
Polyesters,664,0.8599397590361446,-0.04006024096385541,133.0417105635181,True,family,SCP,cluster_4,cluster,hist_gbr
Polyimines,8,0.875,-0.025000000000000022,133.0417105635181,False,family,SCP,cluster_4,cluster,hist_gbr
Polydienes,9,0.8888888888888888,-0.011111111111111183,133.0417105635181,False,family,SCP,cluster_4,cluster,hist_gbr
Polyvinyls,98,0.9081632653061225,0.008163265306122436,133.0417105635181,True,family,SCP,cluster_4,cluster,hist_gbr
Polyanhydrides,33,0.9090909090909091,0.009090909090909038,133.0417105635181,True,family,SCP,cluster_4,cluster,hist_gbr
Polyimides,26,0.9230769230769231,0.023076923076923106,133.04171056351808,True,family,SCP,cluster_4,cluster,hist_gbr
4,12,0.5833333333333334,-0.31666666666666665,102.47704709077901,True,similarity,Mondrian-similarity,cluster_4,cluster,hist_gbr
3,120,0.9,0.0,177.75761976120594,True,similarity,Mondrian-similarity,cluster_4,cluster,hist_gbr
0,1479,0.9445571331981069,0.044557133198106835,210.64218144382042,True,similarity,Mondrian-similarity,cluster_4,cluster,hist_gbr
2,343,0.9475218658892128,0.04752186588921281,205.75862417728152,True,similarity,Mondrian-similarity,cluster_4,cluster,hist_gbr
1,913,0.968236582694414,0.06823658269441402,221.4051644812938,True,similarity,Mondrian-similarity,cluster_4,cluster,hist_gbr
Polysulfides,9,0.6666666666666666,-0.2333333333333334,211.29545097392423,False,family,Mondrian-similarity,cluster_4,cluster,hist_gbr
Polyhalo-olefins,12,0.8333333333333334,-0.06666666666666665,211.53909669694318,True,family,Mondrian-similarity,cluster_4,cluster,hist_gbr
Polyimines,8,0.875,-0.025000000000000022,210.6421814438204,False,family,Mondrian-similarity,cluster_4,cluster,hist_gbr
Polydienes,9,0.8888888888888888,-0.011111111111111183,210.21021602580447,False,family,Mondrian-similarity,cluster_4,cluster,hist_gbr
Other backbone,20,0.9,0.0,213.13854276508158,True,family,Mondrian-similarity,cluster_4,cluster,hist_gbr
Polyamides,763,0.9134993446920052,0.0134993446920052,210.21944721683272,True,family,Mondrian-similarity,cluster_4,cluster,hist_gbr
Polyimides,26,0.9230769230769231,0.023076923076923106,192.68231556691674,True,family,Mondrian-similarity,cluster_4,cluster,hist_gbr
Polyolefins,16,0.9375,0.03749999999999998,210.6421814438204,True,family,Mondrian-similarity,cluster_4,cluster,hist_gbr
Polyphenylenes,102,0.9411764705882353,0.04117647058823526,213.88493295268242,True,family,Mondrian-similarity,cluster_4,cluster,hist_gbr
Polyurethanes,172,0.9476744186046512,0.04767441860465116,213.4812379014011,True,family,Mondrian-similarity,cluster_4,cluster,hist_gbr
Polyureas,40,0.95,0.04999999999999993,211.35221295257733,True,family,Mondrian-similarity,cluster_4,cluster,hist_gbr
Polystyrenes,21,0.9523809523809523,0.052380952380952306,210.8035081794103,True,family,Mondrian-similarity,cluster_4,cluster,hist_gbr
Polyacrylics,437,0.9565217391304348,0.05652173913043479,211.9653725977032,True,family,Mondrian-similarity,cluster_4,cluster,hist_gbr
Polysulfones,49,0.9591836734693877,0.05918367346938769,214.3375847067529,True,family,Mondrian-similarity,cluster_4,cluster,hist_gbr
Polyesters,664,0.9698795180722891,0.06987951807228909,212.27181854684733,True,family,Mondrian-similarity,cluster_4,cluster,hist_gbr
Polycarbonates,175,0.9714285714285714,0.0714285714285714,212.83583817412187,True,family,Mondrian-similarity,cluster_4,cluster,hist_gbr
Polyethers,205,0.9804878048780488,0.08048780487804874,211.34660991873062,True,family,Mondrian-similarity,cluster_4,cluster,hist_gbr
Polyvinyls,98,1.0,0.09999999999999998,211.51471462473467,True,family,Mondrian-similarity,cluster_4,cluster,hist_gbr
Polyanhydrides,33,1.0,0.09999999999999998,220.42671147788707,True,family,Mondrian-similarity,cluster_4,cluster,hist_gbr
Polysiloxanes,4,1.0,0.09999999999999998,201.20015170653207,False,family,Mondrian-similarity,cluster_4,cluster,hist_gbr
Polyphosphazenes,4,1.0,0.09999999999999998,221.40516448129375,False,family,Mondrian-similarity,cluster_4,cluster,hist_gbr
4,12,0.5833333333333334,-0.31666666666666665,111.274177484635,True,similarity,Mondrian-family,cluster_4,cluster,hist_gbr
3,120,0.7833333333333333,-0.1166666666666667,131.6228346650911,True,similarity,Mondrian-family,cluster_4,cluster,hist_gbr
0,1479,0.8208248816768087,-0.07917511832319135,136.60203690573385,True,similarity,Mondrian-family,cluster_4,cluster,hist_gbr
2,343,0.8250728862973761,-0.07492711370262395,135.65446409813532,True,similarity,Mondrian-family,cluster_4,cluster,hist_gbr
1,913,0.8608981380065718,-0.039101861993428244,135.50280431334605,True,similarity,Mondrian-family,cluster_4,cluster,hist_gbr
Other backbone,20,0.5,-0.4,133.04171056351805,True,family,Mondrian-family,cluster_4,cluster,hist_gbr
Polysulfones,49,0.6122448979591837,-0.28775510204081634,83.97713344607308,True,family,Mondrian-family,cluster_4,cluster,hist_gbr
Polysulfides,9,0.6666666666666666,-0.2333333333333334,133.0417105635181,False,family,Mondrian-family,cluster_4,cluster,hist_gbr
Polyhalo-olefins,12,0.6666666666666666,-0.2333333333333334,133.0417105635181,True,family,Mondrian-family,cluster_4,cluster,hist_gbr
Polyureas,40,0.7,-0.20000000000000007,133.0417105635181,True,family,Mondrian-family,cluster_4,cluster,hist_gbr
Polyamides,763,0.7496723460026212,-0.1503276539973788,110.00381398979627,True,family,Mondrian-family,cluster_4,cluster,hist_gbr
Polyphosphazenes,4,0.75,-0.15000000000000002,148.23047265395488,False,family,Mondrian-family,cluster_4,cluster,hist_gbr
Polysiloxanes,4,0.75,-0.15000000000000002,154.9298015650546,False,family,Mondrian-family,cluster_4,cluster,hist_gbr
Polyimides,26,0.8076923076923077,-0.09230769230769231,106.10704667196772,True,family,Mondrian-family,cluster_4,cluster,hist_gbr
Polystyrenes,21,0.8095238095238095,-0.09047619047619049,136.82619865506794,True,family,Mondrian-family,cluster_4,cluster,hist_gbr
Polyethers,205,0.8195121951219512,-0.08048780487804885,119.28558554224756,True,family,Mondrian-family,cluster_4,cluster,hist_gbr
Polyurethanes,172,0.8313953488372093,-0.06860465116279069,133.0417105635181,True,family,Mondrian-family,cluster_4,cluster,hist_gbr
Polyphenylenes,102,0.8431372549019608,-0.056862745098039236,164.2397044273349,True,family,Mondrian-family,cluster_4,cluster,hist_gbr
Polycarbonates,175,0.8571428571428571,-0.04285714285714293,133.04171056351814,True,family,Mondrian-family,cluster_4,cluster,hist_gbr
Polyesters,664,0.8599397590361446,-0.04006024096385541,133.0417105635181,True,family,Mondrian-family,cluster_4,cluster,hist_gbr
Polyimines,8,0.875,-0.025000000000000022,133.0417105635181,False,family,Mondrian-family,cluster_4,cluster,hist_gbr
Polydienes,9,0.8888888888888888,-0.011111111111111183,133.0417105635181,False,family,Mondrian-family,cluster_4,cluster,hist_gbr
Polyanhydrides,33,0.9090909090909091,0.009090909090909038,133.0417105635181,True,family,Mondrian-family,cluster_4,cluster,hist_gbr
Polyacrylics,437,0.9450800915331807,0.04508009153318071,191.05639033579124,True,family,Mondrian-family,cluster_4,cluster,hist_gbr
Polyvinyls,98,0.9591836734693877,0.05918367346938769,142.60985117195926,True,family,Mondrian-family,cluster_4,cluster,hist_gbr
Polyolefins,16,1.0,0.09999999999999998,244.273997431069,True,family,Mondrian-family,cluster_4,cluster,hist_gbr
3,120,0.75,-0.15000000000000002,118.30503621719636,True,similarity,Normalised SCP,cluster_4,cluster,hist_gbr
4,12,0.75,-0.15000000000000002,137.81835329971895,True,similarity,Normalised SCP,cluster_4,cluster,hist_gbr
0,1479,0.8133874239350912,-0.0866125760649088,127.21145422046995,True,similarity,Normalised SCP,cluster_4,cluster,hist_gbr
1,913,0.8181818181818182,-0.08181818181818179,118.21865195539255,True,similarity,Normalised SCP,cluster_4,cluster,hist_gbr
2,343,0.8221574344023324,-0.07784256559766767,121.70504688012237,True,similarity,Normalised SCP,cluster_4,cluster,hist_gbr
Polyphosphazenes,4,0.25,-0.65,105.77351198174375,False,family,Normalised SCP,cluster_4,cluster,hist_gbr
Polysulfides,9,0.6666666666666666,-0.2333333333333334,143.2616180414363,False,family,Normalised SCP,cluster_4,cluster,hist_gbr
Polyhalo-olefins,12,0.75,-0.15000000000000002,171.96667145883444,True,family,Normalised SCP,cluster_4,cluster,hist_gbr
Other backbone,20,0.75,-0.15000000000000002,181.02796756013524,True,family,Normalised SCP,cluster_4,cluster,hist_gbr
Polyimines,8,0.75,-0.15000000000000002,120.16314511069749,False,family,Normalised SCP,cluster_4,cluster,hist_gbr
Polysiloxanes,4,0.75,-0.15000000000000002,153.9655330567564,False,family,Normalised SCP,cluster_4,cluster,hist_gbr
Polyacrylics,437,0.7505720823798627,-0.1494279176201373,112.41687102269104,True,family,Normalised SCP,cluster_4,cluster,hist_gbr
Polysulfones,49,0.7755102040816326,-0.1244897959183674,137.56223357950782,True,family,Normalised SCP,cluster_4,cluster,hist_gbr
Polyphenylenes,102,0.7843137254901961,-0.11568627450980395,152.27942054901786,True,family,Normalised SCP,cluster_4,cluster,hist_gbr
Polyesters,664,0.7981927710843374,-0.10180722891566263,110.07190114462526,True,family,Normalised SCP,cluster_4,cluster,hist_gbr
Polyureas,40,0.8,-0.09999999999999998,154.2077398512236,True,family,Normalised SCP,cluster_4,cluster,hist_gbr
Polyimides,26,0.8076923076923077,-0.09230769230769231,114.27041056561266,True,family,Normalised SCP,cluster_4,cluster,hist_gbr
Polyurethanes,172,0.8081395348837209,-0.0918604651162791,110.18641811197168,True,family,Normalised SCP,cluster_4,cluster,hist_gbr
Polystyrenes,21,0.8095238095238095,-0.09047619047619049,149.7232040576938,True,family,Normalised SCP,cluster_4,cluster,hist_gbr
Polycarbonates,175,0.8342857142857143,-0.06571428571428573,124.64216247541536,True,family,Normalised SCP,cluster_4,cluster,hist_gbr
Polyamides,763,0.8440366972477065,-0.05596330275229355,132.32941078454877,True,family,Normalised SCP,cluster_4,cluster,hist_gbr
Polyethers,205,0.848780487804878,-0.051219512195122,119.06069232586361,True,family,Normalised SCP,cluster_4,cluster,hist_gbr
Polyolefins,16,0.875,-0.025000000000000022,135.80793212377023,True,family,Normalised SCP,cluster_4,cluster,hist_gbr
Polydienes,9,0.8888888888888888,-0.011111111111111183,135.99552820216337,False,family,Normalised SCP,cluster_4,cluster,hist_gbr
Polyanhydrides,33,0.9090909090909091,0.009090909090909038,118.99604496689811,True,family,Normalised SCP,cluster_4,cluster,hist_gbr
Polyvinyls,98,0.9183673469387755,0.01836734693877551,147.62629217227644,True,family,Normalised SCP,cluster_4,cluster,hist_gbr
4,12,0.75,-0.15000000000000002,132.67100000000005,True,similarity,SCP,cluster_4,cluster,extra_trees
2,343,0.8338192419825073,-0.06618075801749268,132.67100000000005,True,similarity,SCP,cluster_4,cluster,extra_trees
0,1479,0.835023664638269,-0.06497633536173097,132.67100000000002,True,similarity,SCP,cluster_4,cluster,extra_trees
1,913,0.8466593647316539,-0.05334063526834609,132.67100000000005,True,similarity,SCP,cluster_4,cluster,extra_trees
3,120,0.85,-0.050000000000000044,132.67100000000005,True,similarity,SCP,cluster_4,cluster,extra_trees
Polyphosphazenes,4,0.25,-0.65,132.67100000000005,False,family,SCP,cluster_4,cluster,extra_trees
Polysiloxanes,4,0.5,-0.4,132.67100000000005,False,family,SCP,cluster_4,cluster,extra_trees
Polyhalo-olefins,12,0.5833333333333334,-0.31666666666666665,132.67100000000005,True,family,SCP,cluster_4,cluster,extra_trees
Other backbone,20,0.6,-0.30000000000000004,132.6710000000001,True,family,SCP,cluster_4,cluster,extra_trees
Polystyrenes,21,0.6190476190476191,-0.28095238095238095,132.6710000000001,True,family,SCP,cluster_4,cluster,extra_trees
Polyureas,40,0.625,-0.275,132.67100000000005,True,family,SCP,cluster_4,cluster,extra_trees
Polyimines,8,0.75,-0.15000000000000002,132.67100000000005,False,family,SCP,cluster_4,cluster,extra_trees
Polydienes,9,0.7777777777777778,-0.12222222222222223,132.67100000000005,False,family,SCP,cluster_4,cluster,extra_trees
Polysulfides,9,0.7777777777777778,-0.12222222222222223,132.67100000000005,False,family,SCP,cluster_4,cluster,extra_trees
Polyurethanes,172,0.7790697674418605,-0.1209302325581395,132.67100000000008,True,family,SCP,cluster_4,cluster,extra_trees
Polysulfones,49,0.7959183673469388,-0.10408163265306125,132.67100000000005,True,family,SCP,cluster_4,cluster,extra_trees
Polyamides,763,0.8125819134993447,-0.0874180865006553,132.67100000000005,True,family,SCP,cluster_4,cluster,extra_trees
Polyacrylics,437,0.8146453089244852,-0.08535469107551485,132.67100000000005,True,family,SCP,cluster_4,cluster,extra_trees
Polyphenylenes,102,0.8333333333333334,-0.06666666666666665,132.67100000000005,True,family,SCP,cluster_4,cluster,extra_trees
Polycarbonates,175,0.8628571428571429,-0.037142857142857144,132.67100000000005,True,family,SCP,cluster_4,cluster,extra_trees
Polyolefins,16,0.875,-0.025000000000000022,132.67100000000005,True,family,SCP,cluster_4,cluster,extra_trees
Polyethers,205,0.8926829268292683,-0.007317073170731714,132.67100000000005,True,family,SCP,cluster_4,cluster,extra_trees
Polyvinyls,98,0.8979591836734694,-0.0020408163265306367,132.67100000000005,True,family,SCP,cluster_4,cluster,extra_trees
Polyesters,664,0.9006024096385542,0.00060240963855418,132.67100000000005,True,family,SCP,cluster_4,cluster,extra_trees
Polyimides,26,0.9615384615384616,0.06153846153846154,132.67100000000008,True,family,SCP,cluster_4,cluster,extra_trees
Polyanhydrides,33,0.9696969696969697,0.0696969696969697,132.67100000000005,True,family,SCP,cluster_4,cluster,extra_trees
4,12,0.5833333333333334,-0.31666666666666665,102.519,True,similarity,Mondrian-similarity,cluster_4,cluster,extra_trees
3,120,0.925,0.025000000000000022,174.1624000000001,True,similarity,Mondrian-similarity,cluster_4,cluster,extra_trees
1,913,0.9485213581599123,0.04852135815991232,209.57736000000003,True,similarity,Mondrian-similarity,cluster_4,cluster,extra_trees
0,1479,0.9587559161595672,0.05875591615956721,232.62160000000006,True,similarity,Mondrian-similarity,cluster_4,cluster,extra_trees
2,343,0.9620991253644315,0.06209912536443152,210.91659999999996,True,similarity,Mondrian-similarity,cluster_4,cluster,extra_trees
Polysulfides,9,0.7777777777777778,-0.12222222222222223,227.6494622222223,False,family,Mondrian-similarity,cluster_4,cluster,extra_trees
Polyimides,26,0.8846153846153846,-0.015384615384615441,192.4769246153846,True,family,Mondrian-similarity,cluster_4,cluster,extra_trees
Polydienes,9,0.8888888888888888,-0.011111111111111183,222.82612888888895,False,family,Mondrian-similarity,cluster_4,cluster,extra_trees
Other backbone,20,0.9,0.0,222.45257800000005,True,family,Mondrian-similarity,cluster_4,cluster,extra_trees
Polyphenylenes,102,0.9215686274509803,0.021568627450980316,224.10214000000002,True,family,Mondrian-similarity,cluster_4,cluster,extra_trees
Polyamides,763,0.9239842726081258,0.023984272608125745,218.49876110091748,True,family,Mondrian-similarity,cluster_4,cluster,extra_trees
Polycarbonates,175,0.9257142857142857,0.02571428571428569,217.62311634285717,True,family,Mondrian-similarity,cluster_4,cluster,extra_trees
Polyurethanes,172,0.9302325581395349,0.03023255813953485,225.0471362790698,True,family,Mondrian-similarity,cluster_4,cluster,extra_trees
Polystyrenes,21,0.9523809523809523,0.052380952380952306,213.88784380952382,True,family,Mondrian-similarity,cluster_4,cluster,extra_trees
Polyacrylics,437,0.9588100686498856,0.05881006864988558,219.76994288329522,True,family,Mondrian-similarity,cluster_4,cluster,extra_trees
Polysulfones,49,0.9591836734693877,0.05918367346938769,220.11507346938782,True,family,Mondrian-similarity,cluster_4,cluster,extra_trees
Polyureas,40,0.975,0.07499999999999996,228.68930100000006,True,family,Mondrian-similarity,cluster_4,cluster,extra_trees
Polyesters,664,0.983433734939759,0.08343373493975903,217.29155867469882,True,family,Mondrian-similarity,cluster_4,cluster,extra_trees
Polyethers,205,0.9853658536585366,0.08536585365853655,223.10581092682935,True,family,Mondrian-similarity,cluster_4,cluster,extra_trees
Polyhalo-olefins,12,1.0,0.09999999999999998,230.70124666666672,True,family,Mondrian-similarity,cluster_4,cluster,extra_trees
Polyolefins,16,1.0,0.09999999999999998,232.62160000000011,True,family,Mondrian-similarity,cluster_4,cluster,extra_trees
Polyanhydrides,33,1.0,0.09999999999999998,211.67229090909092,True,family,Mondrian-similarity,cluster_4,cluster,extra_trees
Polyvinyls,98,1.0,0.09999999999999998,229.43847918367354,True,family,Mondrian-similarity,cluster_4,cluster,extra_trees
Polyimines,8,1.0,0.09999999999999998,232.62160000000011,False,family,Mondrian-similarity,cluster_4,cluster,extra_trees
Polysiloxanes,4,1.0,0.09999999999999998,212.58055000000007,False,family,Mondrian-similarity,cluster_4,cluster,extra_trees
Polyphosphazenes,4,1.0,0.09999999999999998,209.57736,False,family,Mondrian-similarity,cluster_4,cluster,extra_trees
4,12,0.6666666666666666,-0.2333333333333334,143.24238333333312,True,similarity,Mondrian-family,cluster_4,cluster,extra_trees
0,1479,0.8559837728194726,-0.044016227180527445,148.68148251521293,True,similarity,Mondrian-family,cluster_4,cluster,extra_trees
2,343,0.8658892128279884,-0.03411078717201166,144.66513072886298,True,similarity,Mondrian-family,cluster_4,cluster,extra_trees
1,913,0.8707557502738226,-0.02924424972617745,145.9521788828039,True,similarity,Mondrian-family,cluster_4,cluster,extra_trees
3,120,0.8833333333333333,-0.01666666666666672,148.28020499999994,True,similarity,Mondrian-family,cluster_4,cluster,extra_trees
Polyphosphazenes,4,0.5,-0.4,166.24291999999997,False,family,Mondrian-family,cluster_4,cluster,extra_trees
Polysulfones,49,0.5510204081632653,-0.34897959183673477,90.29536000000051,True,family,Mondrian-family,cluster_4,cluster,extra_trees
Polystyrenes,21,0.5714285714285714,-0.3285714285714286,113.45987999999997,True,family,Mondrian-family,cluster_4,cluster,extra_trees
Polyhalo-olefins,12,0.5833333333333334,-0.31666666666666665,132.67100000000005,True,family,Mondrian-family,cluster_4,cluster,extra_trees
Other backbone,20,0.6,-0.30000000000000004,132.6710000000001,True,family,Mondrian-family,cluster_4,cluster,extra_trees
Polyureas,40,0.625,-0.275,132.67100000000005,True,family,Mondrian-family,cluster_4,cluster,extra_trees
Polyimines,8,0.75,-0.15000000000000002,132.67100000000005,False,family,Mondrian-family,cluster_4,cluster,extra_trees
Polysiloxanes,4,0.75,-0.15000000000000002,181.72636000000003,False,family,Mondrian-family,cluster_4,cluster,extra_trees
Polydienes,9,0.7777777777777778,-0.12222222222222223,132.67100000000005,False,family,Mondrian-family,cluster_4,cluster,extra_trees
Polysulfides,9,0.7777777777777778,-0.12222222222222223,132.67100000000005,False,family,Mondrian-family,cluster_4,cluster,extra_trees
Polyurethanes,172,0.7790697674418605,-0.1209302325581395,132.67100000000008,True,family,Mondrian-family,cluster_4,cluster,extra_trees
Polyphenylenes,102,0.8431372549019608,-0.056862745098039236,138.64628000000005,True,family,Mondrian-family,cluster_4,cluster,extra_trees
Polyethers,205,0.8439024390243902,-0.056097560975609806,112.40576000000003,True,family,Mondrian-family,cluster_4,cluster,extra_trees
Polyamides,763,0.8453473132372215,-0.05465268676277857,151.48039999999972,True,family,Mondrian-family,cluster_4,cluster,extra_trees
Polyimides,26,0.8461538461538461,-0.05384615384615388,111.45699999999998,True,family,Mondrian-family,cluster_4,cluster,extra_trees
Polycarbonates,175,0.8628571428571429,-0.037142857142857144,132.67100000000005,True,family,Mondrian-family,cluster_4,cluster,extra_trees
Polyesters,664,0.9006024096385542,0.00060240963855418,132.67100000000005,True,family,Mondrian-family,cluster_4,cluster,extra_trees
Polyacrylics,437,0.9427917620137299,0.04279176201372992,197.6312,True,family,Mondrian-family,cluster_4,cluster,extra_trees
Polyvinyls,98,0.9693877551020408,0.06938775510204076,165.354,True,family,Mondrian-family,cluster_4,cluster,extra_trees
Polyanhydrides,33,0.9696969696969697,0.0696969696969697,132.67100000000005,True,family,Mondrian-family,cluster_4,cluster,extra_trees
Polyolefins,16,1.0,0.09999999999999998,271.5987999999998,True,family,Mondrian-family,cluster_4,cluster,extra_trees
4,12,0.6666666666666666,-0.2333333333333334,128.73943785209215,True,similarity,Normalised SCP,cluster_4,cluster,extra_trees
3,120,0.7583333333333333,-0.14166666666666672,106.03442705930269,True,similarity,Normalised SCP,cluster_4,cluster,extra_trees
1,913,0.7743702081051479,-0.12562979189485213,115.27979441717969,True,similarity,Normalised SCP,cluster_4,cluster,extra_trees
0,1479,0.7890466531440162,-0.11095334685598379,123.90802938455461,True,similarity,Normalised SCP,cluster_4,cluster,extra_trees
2,343,0.793002915451895,-0.10699708454810497,114.60926684702035,True,similarity,Normalised SCP,cluster_4,cluster,extra_trees
Polyphosphazenes,4,0.0,-0.9,85.74902172080736,False,family,Normalised SCP,cluster_4,cluster,extra_trees
Polysiloxanes,4,0.5,-0.4,116.15804740030022,False,family,Normalised SCP,cluster_4,cluster,extra_trees
Polydienes,9,0.5555555555555556,-0.34444444444444444,98.12435978601117,False,family,Normalised SCP,cluster_4,cluster,extra_trees
Polystyrenes,21,0.6190476190476191,-0.28095238095238095,113.41884622300938,True,family,Normalised SCP,cluster_4,cluster,extra_trees
Polyureas,40,0.65,-0.25,143.67507107201112,True,family,Normalised SCP,cluster_4,cluster,extra_trees
Other backbone,20,0.65,-0.25,154.11216980145704,True,family,Normalised SCP,cluster_4,cluster,extra_trees
Polysulfones,49,0.6530612244897959,-0.24693877551020416,122.65546272858592,True,family,Normalised SCP,cluster_4,cluster,extra_trees
Polysulfides,9,0.6666666666666666,-0.2333333333333334,142.40081642353667,False,family,Normalised SCP,cluster_4,cluster,extra_trees
Polyimides,26,0.6923076923076923,-0.20769230769230773,110.75063506966558,True,family,Normalised SCP,cluster_4,cluster,extra_trees
Polyurethanes,172,0.7093023255813954,-0.19069767441860463,115.59777232977721,True,family,Normalised SCP,cluster_4,cluster,extra_trees
Polyimines,8,0.75,-0.15000000000000002,113.70066602776322,False,family,Normalised SCP,cluster_4,cluster,extra_trees
Polycarbonates,175,0.7542857142857143,-0.14571428571428569,127.85160704624083,True,family,Normalised SCP,cluster_4,cluster,extra_trees
Polyacrylics,437,0.7780320366132724,-0.12196796338672766,118.419026328948,True,family,Normalised SCP,cluster_4,cluster,extra_trees
Polyamides,763,0.7903014416775884,-0.1096985583224116,123.36121988758886,True,family,Normalised SCP,cluster_4,cluster,extra_trees
Polyphenylenes,102,0.7941176470588235,-0.10588235294117654,147.15648169925032,True,family,Normalised SCP,cluster_4,cluster,extra_trees
Polyesters,664,0.8057228915662651,-0.09427710843373494,107.04126319299232,True,family,Normalised SCP,cluster_4,cluster,extra_trees
Polyethers,205,0.8146341463414634,-0.08536585365853666,104.95252948590175,True,family,Normalised SCP,cluster_4,cluster,extra_trees
Polyolefins,16,0.875,-0.025000000000000022,142.66145475291023,True,family,Normalised SCP,cluster_4,cluster,extra_trees
Polyvinyls,98,0.8979591836734694,-0.0020408163265306367,136.93821238685388,True,family,Normalised SCP,cluster_4,cluster,extra_trees
Polyhalo-olefins,12,0.9166666666666666,0.016666666666666607,200.31172159642074,True,family,Normalised SCP,cluster_4,cluster,extra_trees
Polyanhydrides,33,0.9393939393939394,0.039393939393939426,129.40314744919635,True,family,Normalised SCP,cluster_4,cluster,extra_trees
2,393,0.905852417302799,0.005852417302798951,380.3600000000001,True,similarity,SCP,cluster_5,cluster,median
1,730,0.9383561643835616,0.0383561643835616,380.36000000000007,True,similarity,SCP,cluster_5,cluster,median
0,736,0.9456521739130435,0.04565217391304344,380.3600000000001,True,similarity,SCP,cluster_5,cluster,median
4,5,1.0,0.09999999999999998,380.36,False,similarity,SCP,cluster_5,cluster,median
3,85,1.0,0.09999999999999998,380.3600000000001,True,similarity,SCP,cluster_5,cluster,median
Polyesters,571,0.8528896672504378,-0.04711033274956222,380.36000000000007,True,family,SCP,cluster_5,cluster,median
Polycarbonates,150,0.9266666666666666,0.026666666666666616,380.36000000000007,True,family,SCP,cluster_5,cluster,median
Polyurethanes,128,0.9375,0.03749999999999998,380.35999999999996,True,family,SCP,cluster_5,cluster,median
Polyacrylics,433,0.9607390300230947,0.060739030023094664,380.36,True,family,SCP,cluster_5,cluster,median
Polyamides,392,0.9948979591836735,0.0948979591836735,380.36,True,family,SCP,cluster_5,cluster,median
Polyethers,144,1.0,0.09999999999999998,380.36000000000007,True,family,SCP,cluster_5,cluster,median
Polyimides,13,1.0,0.09999999999999998,380.35999999999996,True,family,SCP,cluster_5,cluster,median
Polydienes,5,1.0,0.09999999999999998,380.36,False,family,SCP,cluster_5,cluster,median
Polyhalo-olefins,1,1.0,0.09999999999999998,380.36,False,family,SCP,cluster_5,cluster,median
Polyvinyls,18,1.0,0.09999999999999998,380.35999999999996,True,family,SCP,cluster_5,cluster,median
Polystyrenes,12,1.0,0.09999999999999998,380.35999999999996,True,family,SCP,cluster_5,cluster,median
Polyanhydrides,33,1.0,0.09999999999999998,380.36,True,family,SCP,cluster_5,cluster,median
Polysulfones,23,1.0,0.09999999999999998,380.35999999999996,True,family,SCP,cluster_5,cluster,median
Polyureas,10,1.0,0.09999999999999998,380.36,True,family,SCP,cluster_5,cluster,median
Polyimines,6,1.0,0.09999999999999998,380.36000000000007,False,family,SCP,cluster_5,cluster,median
Polyphenylenes,3,1.0,0.09999999999999998,380.35999999999996,False,family,SCP,cluster_5,cluster,median
Polysiloxanes,1,1.0,0.09999999999999998,380.36,False,family,SCP,cluster_5,cluster,median
Polyphosphazenes,4,1.0,0.09999999999999998,380.36,False,family,SCP,cluster_5,cluster,median
Polysulfides,2,1.0,0.09999999999999998,380.36,False,family,SCP,cluster_5,cluster,median
2,393,0.8676844783715013,-0.03231552162849871,358.6399999999999,True,similarity,Mondrian-similarity,cluster_5,cluster,median
0,736,0.9456521739130435,0.04565217391304344,382.6399999999999,True,similarity,Mondrian-similarity,cluster_5,cluster,median
1,730,0.9821917808219178,0.0821917808219178,448.6400000000001,True,similarity,Mondrian-similarity,cluster_5,cluster,median
4,5,1.0,0.09999999999999998,366.36,False,similarity,Mondrian-similarity,cluster_5,cluster,median
3,85,1.0,0.09999999999999998,419.63999999999993,True,similarity,Mondrian-similarity,cluster_5,cluster,median
Polyesters,571,0.8861646234676007,-0.013835376532399302,407.5892119089316,True,family,Mondrian-similarity,cluster_5,cluster,median
Polycarbonates,150,0.9,0.0,401.48666666666657,True,family,Mondrian-similarity,cluster_5,cluster,median
Polyurethanes,128,0.9453125,0.04531249999999998,394.208125,True,family,Mondrian-similarity,cluster_5,cluster,median
Polyacrylics,433,0.9630484988452656,0.06304849884526553,401.2206928406466,True,family,Mondrian-similarity,cluster_5,cluster,median
Polyamides,392,0.9948979591836735,0.0948979591836735,408.18010204081634,True,family,Mondrian-similarity,cluster_5,cluster,median
Polyethers,144,1.0,0.09999999999999998,400.11222222222216,True,family,Mondrian-similarity,cluster_5,cluster,median
Polyimides,13,1.0,0.09999999999999998,384.1015384615385,True,family,Mondrian-similarity,cluster_5,cluster,median
Polydienes,5,1.0,0.09999999999999998,368.23999999999995,False,family,Mondrian-similarity,cluster_5,cluster,median
Polyhalo-olefins,1,1.0,0.09999999999999998,448.64,False,family,Mondrian-similarity,cluster_5,cluster,median
Polyvinyls,18,1.0,0.09999999999999998,402.40222222222224,True,family,Mondrian-similarity,cluster_5,cluster,median
Polystyrenes,12,1.0,0.09999999999999998,388.64000000000004,True,family,Mondrian-similarity,cluster_5,cluster,median
Polyanhydrides,33,1.0,0.09999999999999998,419.73090909090905,True,family,Mondrian-similarity,cluster_5,cluster,median
Polysulfones,23,1.0,0.09999999999999998,396.46608695652174,True,family,Mondrian-similarity,cluster_5,cluster,median
Polyureas,10,1.0,0.09999999999999998,415.64,True,family,Mondrian-similarity,cluster_5,cluster,median
Polyimines,6,1.0,0.09999999999999998,393.63999999999993,False,family,Mondrian-similarity,cluster_5,cluster,median
Polyphenylenes,3,1.0,0.09999999999999998,374.64000000000004,False,family,Mondrian-similarity,cluster_5,cluster,median
Polysiloxanes,1,1.0,0.09999999999999998,448.64,False,family,Mondrian-similarity,cluster_5,cluster,median
Polyphosphazenes,4,1.0,0.09999999999999998,448.64,False,family,Mondrian-similarity,cluster_5,cluster,median
Polysulfides,2,1.0,0.09999999999999998,382.64,False,family,Mondrian-similarity,cluster_5,cluster,median
2,393,0.9236641221374046,0.023664122137404542,392.8776081424936,True,similarity,Mondrian-family,cluster_5,cluster,median
1,730,0.9383561643835616,0.0383561643835616,390.63416438356154,True,similarity,Mondrian-family,cluster_5,cluster,median
0,736,0.9470108695652174,0.047010869565217384,394.1716304347826,True,similarity,Mondrian-family,cluster_5,cluster,median
4,5,1.0,0.09999999999999998,428.3280000000001,False,similarity,Mondrian-family,cluster_5,cluster,median
3,85,1.0,0.09999999999999998,399.24211764705876,True,similarity,Mondrian-family,cluster_5,cluster,median
Polyesters,571,0.8791593695271454,-0.02084063047285467,399.63999999999993,True,family,Mondrian-family,cluster_5,cluster,median
Polycarbonates,150,0.9266666666666666,0.026666666666666616,380.36000000000007,True,family,Mondrian-family,cluster_5,cluster,median
Polyurethanes,128,0.9375,0.03749999999999998,380.35999999999996,True,family,Mondrian-family,cluster_5,cluster,median
Polyamides,392,0.9464285714285714,0.046428571428571375,320.36000000000007,True,family,Mondrian-family,cluster_5,cluster,median
Polyacrylics,433,0.9884526558891455,0.08845265588914553,469.64000000000004,True,family,Mondrian-family,cluster_5,cluster,median
Polyethers,144,1.0,0.09999999999999998,379.63999999999993,True,family,Mondrian-family,cluster_5,cluster,median
Polyimides,13,1.0,0.09999999999999998,312.86000000000007,True,family,Mondrian-family,cluster_5,cluster,median
Polydienes,5,1.0,0.09999999999999998,380.36,False,family,Mondrian-family,cluster_5,cluster,median
Polyhalo-olefins,1,1.0,0.09999999999999998,380.36,False,family,Mondrian-family,cluster_5,cluster,median
Polyvinyls,18,1.0,0.09999999999999998,501.63999999999993,True,family,Mondrian-family,cluster_5,cluster,median
Polystyrenes,12,1.0,0.09999999999999998,353.63999999999993,True,family,Mondrian-family,cluster_5,cluster,median
Polyanhydrides,33,1.0,0.09999999999999998,380.36,True,family,Mondrian-family,cluster_5,cluster,median
Polysulfones,23,1.0,0.09999999999999998,240.35999999999996,True,family,Mondrian-family,cluster_5,cluster,median
Polyureas,10,1.0,0.09999999999999998,380.36,True,family,Mondrian-family,cluster_5,cluster,median
Polyimines,6,1.0,0.09999999999999998,380.36000000000007,False,family,Mondrian-family,cluster_5,cluster,median
Polyphenylenes,3,1.0,0.09999999999999998,355.35999999999996,False,family,Mondrian-family,cluster_5,cluster,median
Polysiloxanes,1,1.0,0.09999999999999998,535.64,False,family,Mondrian-family,cluster_5,cluster,median
Polyphosphazenes,4,1.0,0.09999999999999998,515.64,False,family,Mondrian-family,cluster_5,cluster,median
Polysulfides,2,1.0,0.09999999999999998,380.36,False,family,Mondrian-family,cluster_5,cluster,median
2,393,0.7938931297709924,-0.10610687022900767,323.84485714271966,True,similarity,Normalised SCP,cluster_5,cluster,median
1,730,0.8383561643835616,-0.06164383561643838,315.0616025222161,True,similarity,Normalised SCP,cluster_5,cluster,median
0,736,0.845108695652174,-0.054891304347826075,317.63795481063056,True,similarity,Normalised SCP,cluster_5,cluster,median
3,85,0.8705882352941177,-0.02941176470588236,267.76225371057313,True,similarity,Normalised SCP,cluster_5,cluster,median
4,5,1.0,0.09999999999999998,283.9241249648426,False,similarity,Normalised SCP,cluster_5,cluster,median
Polyphosphazenes,4,0.0,-0.9,153.7472815688639,False,family,Normalised SCP,cluster_5,cluster,median
Polyphenylenes,3,0.6666666666666666,-0.2333333333333334,300.41537296390595,False,family,Normalised SCP,cluster_5,cluster,median
Polyvinyls,18,0.6666666666666666,-0.2333333333333334,358.3022242044567,True,family,Normalised SCP,cluster_5,cluster,median
Polyethers,144,0.6736111111111112,-0.22638888888888886,219.26939560167773,True,family,Normalised SCP,cluster_5,cluster,median
Polyimides,13,0.6923076923076923,-0.20769230769230773,254.96009743247942,True,family,Normalised SCP,cluster_5,cluster,median
Polyurethanes,128,0.7265625,-0.17343750000000002,327.92593125607635,True,family,Normalised SCP,cluster_5,cluster,median
Polysulfones,23,0.7391304347826086,-0.16086956521739137,179.2187002178229,True,family,Normalised SCP,cluster_5,cluster,median
Polycarbonates,150,0.8,-0.09999999999999998,283.0092008823573,True,family,Normalised SCP,cluster_5,cluster,median
Polydienes,5,0.8,-0.09999999999999998,346.844245656386,False,family,Normalised SCP,cluster_5,cluster,median
Polyesters,571,0.8056042031523643,-0.09439579684763577,307.7805339195009,True,family,Normalised SCP,cluster_5,cluster,median
Polyanhydrides,33,0.8181818181818182,-0.08181818181818179,310.272303259043,True,family,Normalised SCP,cluster_5,cluster,median
Polyimines,6,0.8333333333333334,-0.06666666666666665,327.9249286812407,False,family,Normalised SCP,cluster_5,cluster,median
Polyacrylics,433,0.8960739030023095,-0.003926096997690531,373.0543885924945,True,family,Normalised SCP,cluster_5,cluster,median
Polyamides,392,0.9311224489795918,0.03112244897959182,313.24263817101496,True,family,Normalised SCP,cluster_5,cluster,median
Polystyrenes,12,1.0,0.09999999999999998,394.69110883294337,True,family,Normalised SCP,cluster_5,cluster,median
Polyhalo-olefins,1,1.0,0.09999999999999998,469.3939727494675,False,family,Normalised SCP,cluster_5,cluster,median
Polyureas,10,1.0,0.09999999999999998,379.1540653752478,True,family,Normalised SCP,cluster_5,cluster,median
Polysiloxanes,1,1.0,0.09999999999999998,394.14384695208093,False,family,Normalised SCP,cluster_5,cluster,median
Polysulfides,2,1.0,0.09999999999999998,212.79439895547574,False,family,Normalised SCP,cluster_5,cluster,median
0,736,0.8301630434782609,-0.06983695652173916,149.96932735847585,True,similarity,SCP,cluster_5,cluster,svr
3,85,0.8823529411764706,-0.01764705882352946,149.96932735847588,True,similarity,SCP,cluster_5,cluster,svr
1,730,0.9095890410958904,0.009589041095890427,149.96932735847585,True,similarity,SCP,cluster_5,cluster,svr
2,393,0.9236641221374046,0.023664122137404542,149.96932735847582,True,similarity,SCP,cluster_5,cluster,svr
4,5,1.0,0.09999999999999998,149.96932735847588,False,similarity,SCP,cluster_5,cluster,svr
Polysulfides,2,0.5,-0.4,149.96932735847588,False,family,SCP,cluster_5,cluster,svr
Polyvinyls,18,0.6111111111111112,-0.28888888888888886,149.96932735847588,True,family,SCP,cluster_5,cluster,svr
Polyurethanes,128,0.6953125,-0.20468750000000002,149.96932735847582,True,family,SCP,cluster_5,cluster,svr
Polyphosphazenes,4,0.75,-0.15000000000000002,149.96932735847588,False,family,SCP,cluster_5,cluster,svr
Polysulfones,23,0.782608695652174,-0.11739130434782608,149.96932735847585,True,family,SCP,cluster_5,cluster,svr
Polydienes,5,0.8,-0.09999999999999998,149.96932735847588,False,family,SCP,cluster_5,cluster,svr
Polyimines,6,0.8333333333333334,-0.06666666666666665,149.96932735847588,False,family,SCP,cluster_5,cluster,svr
Polyacrylics,433,0.8429561200923787,-0.057043879907621275,149.96932735847585,True,family,SCP,cluster_5,cluster,svr
Polyethers,144,0.8680555555555556,-0.03194444444444444,149.96932735847588,True,family,SCP,cluster_5,cluster,svr
Polycarbonates,150,0.8933333333333333,-0.00666666666666671,149.96932735847588,True,family,SCP,cluster_5,cluster,svr
Polyureas,10,0.9,0.0,149.96932735847585,True,family,SCP,cluster_5,cluster,svr
Polyesters,571,0.9124343257443083,0.01243432574430825,149.96932735847585,True,family,SCP,cluster_5,cluster,svr
Polyamides,392,0.9464285714285714,0.046428571428571375,149.96932735847585,True,family,SCP,cluster_5,cluster,svr
Polyanhydrides,33,0.9696969696969697,0.0696969696969697,149.96932735847588,True,family,SCP,cluster_5,cluster,svr
Polyhalo-olefins,1,1.0,0.09999999999999998,149.96932735847588,False,family,SCP,cluster_5,cluster,svr
Polyimides,13,1.0,0.09999999999999998,149.96932735847582,True,family,SCP,cluster_5,cluster,svr
Polyphenylenes,3,1.0,0.09999999999999998,149.96932735847588,False,family,SCP,cluster_5,cluster,svr
Polystyrenes,12,1.0,0.09999999999999998,149.96932735847585,True,family,SCP,cluster_5,cluster,svr
Polysiloxanes,1,1.0,0.09999999999999998,149.96932735847588,False,family,SCP,cluster_5,cluster,svr
3,85,0.9411764705882353,0.04117647058823526,185.26949338604638,True,similarity,Mondrian-similarity,cluster_5,cluster,svr
2,393,0.9491094147582697,0.04910941475826969,179.4341431039084,True,similarity,Mondrian-similarity,cluster_5,cluster,svr
0,736,0.9578804347826086,0.057880434782608625,241.35732833331534,True,similarity,Mondrian-similarity,cluster_5,cluster,svr
1,730,0.989041095890411,0.08904109589041098,259.07341243973724,True,similarity,Mondrian-similarity,cluster_5,cluster,svr
4,5,1.0,0.09999999999999998,129.55569903898663,False,similarity,Mondrian-similarity,cluster_5,cluster,svr
Polyurethanes,128,0.84375,-0.05625000000000002,218.23638400995426,True,family,Mondrian-similarity,cluster_5,cluster,svr
Polyethers,144,0.9652777777777778,0.06527777777777777,233.51801994869876,True,family,Mondrian-similarity,cluster_5,cluster,svr
Polyacrylics,433,0.9653579676674365,0.06535796766743651,233.70189510873772,True,family,Mondrian-similarity,cluster_5,cluster,svr
Polyesters,571,0.9719789842381786,0.07197898423817861,230.4463539073458,True,family,Mondrian-similarity,cluster_5,cluster,svr
Polyamides,392,0.9846938775510204,0.08469387755102042,239.77818409851767,True,family,Mondrian-similarity,cluster_5,cluster,svr
Polycarbonates,150,0.9866666666666667,0.08666666666666667,233.03056371916003,True,family,Mondrian-similarity,cluster_5,cluster,svr
Polyimides,13,1.0,0.09999999999999998,198.26130912618726,True,family,Mondrian-similarity,cluster_5,cluster,svr
Polydienes,5,1.0,0.09999999999999998,204.20341719567122,False,family,Mondrian-similarity,cluster_5,cluster,svr
Polyhalo-olefins,1,1.0,0.09999999999999998,259.0734124397373,False,family,Mondrian-similarity,cluster_5,cluster,svr
Polyvinyls,18,1.0,0.09999999999999998,237.6113111174707,True,family,Mondrian-similarity,cluster_5,cluster,svr
Polystyrenes,12,1.0,0.09999999999999998,205.98056621585135,True,family,Mondrian-similarity,cluster_5,cluster,svr
Polyanhydrides,33,1.0,0.09999999999999998,244.5885083700066,True,family,Mondrian-similarity,cluster_5,cluster,svr
Polysulfones,23,1.0,0.09999999999999998,230.59530561020713,True,family,Mondrian-similarity,cluster_5,cluster,svr
Polyureas,10,1.0,0.09999999999999998,250.21537038652633,True,family,Mondrian-similarity,cluster_5,cluster,svr
Polyimines,6,1.0,0.09999999999999998,244.31000901771904,False,family,Mondrian-similarity,cluster_5,cluster,svr
Polyphenylenes,3,1.0,0.09999999999999998,220.71626659017974,False,family,Mondrian-similarity,cluster_5,cluster,svr
Polysiloxanes,1,1.0,0.09999999999999998,259.0734124397373,False,family,Mondrian-similarity,cluster_5,cluster,svr
Polyphosphazenes,4,1.0,0.09999999999999998,259.0734124397373,False,family,Mondrian-similarity,cluster_5,cluster,svr
Polysulfides,2,1.0,0.09999999999999998,241.35732833331537,False,family,Mondrian-similarity,cluster_5,cluster,svr
0,736,0.7676630434782609,-0.13233695652173916,132.29843401181378,True,similarity,Mondrian-family,cluster_5,cluster,svr
3,85,0.8588235294117647,-0.04117647058823537,130.1012629604927,True,similarity,Mondrian-family,cluster_5,cluster,svr
1,730,0.8712328767123287,-0.02876712328767128,135.91768679936587,True,similarity,Mondrian-family,cluster_5,cluster,svr
2,393,0.8727735368956743,-0.02722646310432575,135.9878789690022,True,similarity,Mondrian-family,cluster_5,cluster,svr
4,5,1.0,0.09999999999999998,139.37289036343913,False,similarity,Mondrian-family,cluster_5,cluster,svr
Polysulfides,2,0.5,-0.4,149.96932735847588,False,family,Mondrian-family,cluster_5,cluster,svr
Polyacrylics,433,0.648960739030023,-0.251039260969977,92.77571835610185,True,family,Mondrian-family,cluster_5,cluster,svr
Polyurethanes,128,0.6953125,-0.20468750000000002,149.96932735847582,True,family,Mondrian-family,cluster_5,cluster,svr
Polydienes,5,0.8,-0.09999999999999998,149.96932735847588,False,family,Mondrian-family,cluster_5,cluster,svr
Polysulfones,23,0.8260869565217391,-0.07391304347826089,168.71707084500352,True,family,Mondrian-family,cluster_5,cluster,svr
Polyimines,6,0.8333333333333334,-0.06666666666666665,149.96932735847588,False,family,Mondrian-family,cluster_5,cluster,svr
Polyethers,144,0.8680555555555556,-0.03194444444444444,148.54082881128417,True,family,Mondrian-family,cluster_5,cluster,svr
Polyesters,571,0.8791593695271454,-0.02084063047285467,136.87608381069043,True,family,Mondrian-family,cluster_5,cluster,svr
Polyvinyls,18,0.8888888888888888,-0.011111111111111183,212.951418185874,True,family,Mondrian-family,cluster_5,cluster,svr
Polycarbonates,150,0.8933333333333333,-0.00666666666666671,149.96932735847588,True,family,Mondrian-family,cluster_5,cluster,svr
Polyureas,10,0.9,0.0,149.96932735847585,True,family,Mondrian-family,cluster_5,cluster,svr
Polyamides,392,0.9464285714285714,0.046428571428571375,148.39226956064195,True,family,Mondrian-family,cluster_5,cluster,svr
Polyanhydrides,33,0.9696969696969697,0.0696969696969697,149.96932735847588,True,family,Mondrian-family,cluster_5,cluster,svr
Polyhalo-olefins,1,1.0,0.09999999999999998,149.96932735847588,False,family,Mondrian-family,cluster_5,cluster,svr
Polystyrenes,12,1.0,0.09999999999999998,188.47004815568388,True,family,Mondrian-family,cluster_5,cluster,svr
Polyimides,13,1.0,0.09999999999999998,136.10608594044356,True,family,Mondrian-family,cluster_5,cluster,svr
Polyphenylenes,3,1.0,0.09999999999999998,235.49716289735545,False,family,Mondrian-family,cluster_5,cluster,svr
Polysiloxanes,1,1.0,0.09999999999999998,144.22764346440124,False,family,Mondrian-family,cluster_5,cluster,svr
Polyphosphazenes,4,1.0,0.09999999999999998,266.8516161738459,False,family,Mondrian-family,cluster_5,cluster,svr
0,736,0.7880434782608695,-0.11195652173913051,138.74297291689965,True,similarity,Normalised SCP,cluster_5,cluster,svr
1,730,0.8808219178082192,-0.019178082191780854,134.9547321752295,True,similarity,Normalised SCP,cluster_5,cluster,svr
3,85,0.8941176470588236,-0.00588235294117645,127.979075576905,True,similarity,Normalised SCP,cluster_5,cluster,svr
2,393,0.8982188295165394,-0.0017811704834606035,133.34059619076027,True,similarity,Normalised SCP,cluster_5,cluster,svr
4,5,1.0,0.09999999999999998,139.37363657640893,False,similarity,Normalised SCP,cluster_5,cluster,svr
Polyphenylenes,3,0.3333333333333333,-0.5666666666666667,129.97870861493013,False,family,Normalised SCP,cluster_5,cluster,svr
Polyvinyls,18,0.5,-0.4,131.17914800572433,True,family,Normalised SCP,cluster_5,cluster,svr
Polysulfides,2,0.5,-0.4,166.9182040106437,False,family,Normalised SCP,cluster_5,cluster,svr
Polydienes,5,0.6,-0.30000000000000004,116.28253689149619,False,family,Normalised SCP,cluster_5,cluster,svr
Polysulfones,23,0.6521739130434783,-0.24782608695652175,106.65443799694485,True,family,Normalised SCP,cluster_5,cluster,svr
Polyurethanes,128,0.6640625,-0.23593750000000002,154.2666229279341,True,family,Normalised SCP,cluster_5,cluster,svr
Polyimines,6,0.6666666666666666,-0.2333333333333334,115.96018558052151,False,family,Normalised SCP,cluster_5,cluster,svr
Polyphosphazenes,4,0.75,-0.15000000000000002,134.7931181218337,False,family,Normalised SCP,cluster_5,cluster,svr
Polyacrylics,433,0.7967667436489607,-0.1032332563510393,134.8065935419644,True,family,Normalised SCP,cluster_5,cluster,svr
Polyimides,13,0.8461538461538461,-0.05384615384615388,106.52979931373018,True,family,Normalised SCP,cluster_5,cluster,svr
Polyethers,144,0.8680555555555556,-0.03194444444444444,132.61006435988782,True,family,Normalised SCP,cluster_5,cluster,svr
Polycarbonates,150,0.8733333333333333,-0.026666666666666727,139.3526722403338,True,family,Normalised SCP,cluster_5,cluster,svr
Polyesters,571,0.8774080560420315,-0.022591943957968486,137.65305455038816,True,family,Normalised SCP,cluster_5,cluster,svr
Polyureas,10,0.9,0.0,133.3798260177867,True,family,Normalised SCP,cluster_5,cluster,svr
Polystyrenes,12,0.9166666666666666,0.016666666666666607,132.33933928034756,True,family,Normalised SCP,cluster_5,cluster,svr
Polyanhydrides,33,0.9393939393939394,0.039393939393939426,151.69576153320799,True,family,Normalised SCP,cluster_5,cluster,svr
Polyamides,392,0.9438775510204082,0.043877551020408134,129.70745971505798,True,family,Normalised SCP,cluster_5,cluster,svr
Polyhalo-olefins,1,1.0,0.09999999999999998,196.92948620051612,False,family,Normalised SCP,cluster_5,cluster,svr
Polysiloxanes,1,1.0,0.09999999999999998,184.33238400533105,False,family,Normalised SCP,cluster_5,cluster,svr
0,736,0.8872282608695652,-0.012771739130434834,145.38999999999996,True,similarity,SCP,cluster_5,cluster,random_forest
1,730,0.8945205479452055,-0.005479452054794498,145.38999999999993,True,similarity,SCP,cluster_5,cluster,random_forest
2,393,0.9007633587786259,0.0007633587786258778,145.38999999999993,True,similarity,SCP,cluster_5,cluster,random_forest
3,85,0.9058823529411765,0.00588235294117645,145.38999999999993,True,similarity,SCP,cluster_5,cluster,random_forest
4,5,1.0,0.09999999999999998,145.39,False,similarity,SCP,cluster_5,cluster,random_forest
Polyhalo-olefins,1,0.0,-0.9,145.39,False,family,SCP,cluster_5,cluster,random_forest
Polyphosphazenes,4,0.5,-0.4,145.39,False,family,SCP,cluster_5,cluster,random_forest
Polyphenylenes,3,0.6666666666666666,-0.2333333333333334,145.39,False,family,SCP,cluster_5,cluster,random_forest
Polyurethanes,128,0.7578125,-0.14218750000000002,145.38999999999993,True,family,SCP,cluster_5,cluster,random_forest
Polycarbonates,150,0.8133333333333334,-0.08666666666666667,145.38999999999996,True,family,SCP,cluster_5,cluster,random_forest
Polystyrenes,12,0.8333333333333334,-0.06666666666666665,145.38999999999996,True,family,SCP,cluster_5,cluster,random_forest
Polyimines,6,0.8333333333333334,-0.06666666666666665,145.39,False,family,SCP,cluster_5,cluster,random_forest
Polyacrylics,433,0.8498845265588915,-0.05011547344110856,145.38999999999993,True,family,SCP,cluster_5,cluster,random_forest
Polyvinyls,18,0.8888888888888888,-0.011111111111111183,145.39,True,family,SCP,cluster_5,cluster,random_forest
Polyureas,10,0.9,0.0,145.38999999999996,True,family,SCP,cluster_5,cluster,random_forest
Polyesters,571,0.9141856392294221,0.014185639229422065,145.39,True,family,SCP,cluster_5,cluster,random_forest
Polyethers,144,0.9375,0.03749999999999998,145.39,True,family,SCP,cluster_5,cluster,random_forest
Polyanhydrides,33,0.9393939393939394,0.039393939393939426,145.39,True,family,SCP,cluster_5,cluster,random_forest
Polysulfones,23,0.9565217391304348,0.05652173913043479,145.38999999999996,True,family,SCP,cluster_5,cluster,random_forest
Polyamides,392,0.9693877551020408,0.06938775510204076,145.38999999999993,True,family,SCP,cluster_5,cluster,random_forest
Polyimides,13,1.0,0.09999999999999998,145.38999999999993,True,family,SCP,cluster_5,cluster,random_forest
Polydienes,5,1.0,0.09999999999999998,145.39,False,family,SCP,cluster_5,cluster,random_forest
Polysiloxanes,1,1.0,0.09999999999999998,145.39,False,family,SCP,cluster_5,cluster,random_forest
Polysulfides,2,1.0,0.09999999999999998,145.39,False,family,SCP,cluster_5,cluster,random_forest
3,85,0.9058823529411765,0.00588235294117645,162.20296000000005,True,similarity,Mondrian-similarity,cluster_5,cluster,random_forest
2,393,0.9669211195928753,0.06692111959287528,195.4171600000005,True,similarity,Mondrian-similarity,cluster_5,cluster,random_forest
0,736,0.9741847826086957,0.07418478260869565,240.1302600000002,True,similarity,Mondrian-similarity,cluster_5,cluster,random_forest
1,730,0.9849315068493151,0.08493150684931505,265.3807999999999,True,similarity,Mondrian-similarity,cluster_5,cluster,random_forest
4,5,1.0,0.09999999999999998,113.10640000000001,False,similarity,Mondrian-similarity,cluster_5,cluster,random_forest
Polyurethanes,128,0.90625,0.006249999999999978,226.1868684375002,True,family,Mondrian-similarity,cluster_5,cluster,random_forest
Polycarbonates,150,0.9266666666666666,0.026666666666666616,238.43621933333353,True,family,Mondrian-similarity,cluster_5,cluster,random_forest
Polyacrylics,433,0.9653579676674365,0.06535796766743651,236.60162295612022,True,family,Mondrian-similarity,cluster_5,cluster,random_forest
Polyesters,571,0.9842381786339754,0.08423817863397542,235.08457306479872,True,family,Mondrian-similarity,cluster_5,cluster,random_forest
Polyamides,392,0.9923469387755102,0.09234693877551015,242.58840464285726,True,family,Mondrian-similarity,cluster_5,cluster,random_forest
Polyethers,144,0.9930555555555556,0.09305555555555556,236.02403069444458,True,family,Mondrian-similarity,cluster_5,cluster,random_forest
Polyimides,13,1.0,0.09999999999999998,209.00767692307727,True,family,Mondrian-similarity,cluster_5,cluster,random_forest
Polydienes,5,1.0,0.09999999999999998,213.3024000000004,False,family,Mondrian-similarity,cluster_5,cluster,random_forest
Polyhalo-olefins,1,1.0,0.09999999999999998,265.38079999999997,False,family,Mondrian-similarity,cluster_5,cluster,random_forest
Polyvinyls,18,1.0,0.09999999999999998,239.00616444444455,True,family,Mondrian-similarity,cluster_5,cluster,random_forest
Polystyrenes,12,1.0,0.09999999999999998,218.73837333333367,True,family,Mondrian-similarity,cluster_5,cluster,random_forest
Polyanhydrides,33,1.0,0.09999999999999998,250.01384787878803,True,family,Mondrian-similarity,cluster_5,cluster,random_forest
Polysulfones,23,1.0,0.09999999999999998,236.15092000000024,True,family,Mondrian-similarity,cluster_5,cluster,random_forest
Polyureas,10,1.0,0.09999999999999998,252.75553000000008,True,family,Mondrian-similarity,cluster_5,cluster,random_forest
Polyimines,6,1.0,0.09999999999999998,244.33868333333342,False,family,Mondrian-similarity,cluster_5,cluster,random_forest
Polyphenylenes,3,1.0,0.09999999999999998,225.22589333333363,False,family,Mondrian-similarity,cluster_5,cluster,random_forest
Polysiloxanes,1,1.0,0.09999999999999998,265.38079999999997,False,family,Mondrian-similarity,cluster_5,cluster,random_forest
Polyphosphazenes,4,1.0,0.09999999999999998,265.38079999999997,False,family,Mondrian-similarity,cluster_5,cluster,random_forest
Polysulfides,2,1.0,0.09999999999999998,240.13026000000016,False,family,Mondrian-similarity,cluster_5,cluster,random_forest
0,736,0.8369565217391305,-0.06304347826086953,136.19684516304306,True,similarity,Mondrian-family,cluster_5,cluster,random_forest
1,730,0.8753424657534247,-0.024657534246575352,140.97822443835577,True,similarity,Mondrian-family,cluster_5,cluster,random_forest
2,393,0.8804071246819338,-0.019592875318066194,139.76809536895655,True,similarity,Mondrian-family,cluster_5,cluster,random_forest
3,85,0.9058823529411765,0.00588235294117645,137.07047105882316,True,similarity,Mondrian-family,cluster_5,cluster,random_forest
4,5,1.0,0.09999999999999998,129.02208799999968,False,similarity,Mondrian-family,cluster_5,cluster,random_forest
Polyhalo-olefins,1,0.0,-0.9,145.39,False,family,Mondrian-family,cluster_5,cluster,random_forest
Polyacrylics,433,0.7043879907621247,-0.19561200923787536,102.60331999999995,True,family,Mondrian-family,cluster_5,cluster,random_forest
Polyurethanes,128,0.7578125,-0.14218750000000002,145.38999999999993,True,family,Mondrian-family,cluster_5,cluster,random_forest
Polycarbonates,150,0.8133333333333334,-0.08666666666666667,145.38999999999996,True,family,Mondrian-family,cluster_5,cluster,random_forest
Polystyrenes,12,0.8333333333333334,-0.06666666666666665,150.0254399999999,True,family,Mondrian-family,cluster_5,cluster,random_forest
Polyimines,6,0.8333333333333334,-0.06666666666666665,145.39,False,family,Mondrian-family,cluster_5,cluster,random_forest
Polyvinyls,18,0.8888888888888888,-0.011111111111111183,133.7832,True,family,Mondrian-family,cluster_5,cluster,random_forest
Polyureas,10,0.9,0.0,145.38999999999996,True,family,Mondrian-family,cluster_5,cluster,random_forest
Polyethers,144,0.9027777777777778,0.002777777777777768,118.50507999999985,True,family,Mondrian-family,cluster_5,cluster,random_forest
Polyesters,571,0.9194395796847635,0.01943957968476351,149.67039999999986,True,family,Mondrian-family,cluster_5,cluster,random_forest
Polyimides,13,0.9230769230769231,0.023076923076923106,131.61940000000024,True,family,Mondrian-family,cluster_5,cluster,random_forest
Polyanhydrides,33,0.9393939393939394,0.039393939393939426,145.39,True,family,Mondrian-family,cluster_5,cluster,random_forest
Polyamides,392,0.9770408163265306,0.07704081632653059,160.7305999999985,True,family,Mondrian-family,cluster_5,cluster,random_forest
Polydienes,5,1.0,0.09999999999999998,145.39,False,family,Mondrian-family,cluster_5,cluster,random_forest
Polysulfones,23,1.0,0.09999999999999998,192.42659999999995,True,family,Mondrian-family,cluster_5,cluster,random_forest
Polyphenylenes,3,1.0,0.09999999999999998,197.32900000000018,False,family,Mondrian-family,cluster_5,cluster,random_forest
Polysiloxanes,1,1.0,0.09999999999999998,128.0654399999999,False,family,Mondrian-family,cluster_5,cluster,random_forest
Polyphosphazenes,4,1.0,0.09999999999999998,162.20295999999996,False,family,Mondrian-family,cluster_5,cluster,random_forest
Polysulfides,2,1.0,0.09999999999999998,145.39,False,family,Mondrian-family,cluster_5,cluster,random_forest
2,393,0.8422391857506362,-0.05776081424936386,129.53357211693967,True,similarity,Normalised SCP,cluster_5,cluster,random_forest
1,730,0.8452054794520548,-0.0547945205479452,132.66984110193795,True,similarity,Normalised SCP,cluster_5,cluster,random_forest
0,736,0.8573369565217391,-0.04266304347826089,136.98796438553546,True,similarity,Normalised SCP,cluster_5,cluster,random_forest
3,85,0.8823529411764706,-0.01764705882352946,132.19576240919798,True,similarity,Normalised SCP,cluster_5,cluster,random_forest
4,5,1.0,0.09999999999999998,116.86518118778613,False,similarity,Normalised SCP,cluster_5,cluster,random_forest
Polyhalo-olefins,1,0.0,-0.9,176.04274269905233,False,family,Normalised SCP,cluster_5,cluster,random_forest
Polyphosphazenes,4,0.5,-0.4,100.4341641797958,False,family,Normalised SCP,cluster_5,cluster,random_forest
Polyureas,10,0.6,-0.30000000000000004,108.12775093482063,True,family,Normalised SCP,cluster_5,cluster,random_forest
Polyphenylenes,3,0.6666666666666666,-0.2333333333333334,123.5240076823546,False,family,Normalised SCP,cluster_5,cluster,random_forest
Polyimides,13,0.6923076923076923,-0.20769230769230773,115.25213806406792,True,family,Normalised SCP,cluster_5,cluster,random_forest
Polyvinyls,18,0.7222222222222222,-0.1777777777777778,101.80314237233807,True,family,Normalised SCP,cluster_5,cluster,random_forest
Polyurethanes,128,0.7578125,-0.14218750000000002,144.93445673284225,True,family,Normalised SCP,cluster_5,cluster,random_forest
Polycarbonates,150,0.8,-0.09999999999999998,158.36652850792805,True,family,Normalised SCP,cluster_5,cluster,random_forest
Polystyrenes,12,0.8333333333333334,-0.06666666666666665,107.46553419459407,True,family,Normalised SCP,cluster_5,cluster,random_forest
Polyimines,6,0.8333333333333334,-0.06666666666666665,102.07819162725421,False,family,Normalised SCP,cluster_5,cluster,random_forest
Polyacrylics,433,0.8521939953810623,-0.04780600461893769,148.464373103519,True,family,Normalised SCP,cluster_5,cluster,random_forest
Polyamides,392,0.8596938775510204,-0.040306122448979576,109.97011161937709,True,family,Normalised SCP,cluster_5,cluster,random_forest
Polyesters,571,0.8739054290718039,-0.026094570928196115,135.98071963928396,True,family,Normalised SCP,cluster_5,cluster,random_forest
Polyethers,144,0.9027777777777778,0.002777777777777768,118.05161326321597,True,family,Normalised SCP,cluster_5,cluster,random_forest
Polyanhydrides,33,0.9090909090909091,0.009090909090909038,157.7115837435017,True,family,Normalised SCP,cluster_5,cluster,random_forest
Polysulfones,23,0.9565217391304348,0.05652173913043479,112.04445054613323,True,family,Normalised SCP,cluster_5,cluster,random_forest
Polydienes,5,1.0,0.09999999999999998,118.50714507512302,False,family,Normalised SCP,cluster_5,cluster,random_forest
Polysiloxanes,1,1.0,0.09999999999999998,107.98780583801434,False,family,Normalised SCP,cluster_5,cluster,random_forest
Polysulfides,2,1.0,0.09999999999999998,155.48403377133803,False,family,Normalised SCP,cluster_5,cluster,random_forest
3,85,0.8705882352941177,-0.02941176470588236,139.22399827017364,True,similarity,SCP,cluster_5,cluster,hist_gbr
0,736,0.8817934782608695,-0.01820652173913051,139.2239982701736,True,similarity,SCP,cluster_5,cluster,hist_gbr
1,730,0.8972602739726028,-0.002739726027397249,139.2239982701736,True,similarity,SCP,cluster_5,cluster,hist_gbr
2,393,0.9134860050890585,0.013486005089058506,139.2239982701736,True,similarity,SCP,cluster_5,cluster,hist_gbr
4,5,1.0,0.09999999999999998,139.22399827017364,False,similarity,SCP,cluster_5,cluster,hist_gbr
Polyhalo-olefins,1,0.0,-0.9,139.22399827017364,False,family,SCP,cluster_5,cluster,hist_gbr
Polyphenylenes,3,0.6666666666666666,-0.2333333333333334,139.22399827017364,False,family,SCP,cluster_5,cluster,hist_gbr
Polyphosphazenes,4,0.75,-0.15000000000000002,139.22399827017364,False,family,SCP,cluster_5,cluster,hist_gbr
Polyurethanes,128,0.7578125,-0.14218750000000002,139.22399827017358,True,family,SCP,cluster_5,cluster,hist_gbr
Polyimines,6,0.8333333333333334,-0.06666666666666665,139.22399827017364,False,family,SCP,cluster_5,cluster,hist_gbr
Polyacrylics,433,0.8452655889145496,-0.05473441108545041,139.2239982701736,True,family,SCP,cluster_5,cluster,hist_gbr
Polyimides,13,0.8461538461538461,-0.05384615384615388,139.22399827017358,True,family,SCP,cluster_5,cluster,hist_gbr
Polycarbonates,150,0.8466666666666667,-0.053333333333333344,139.22399827017364,True,family,SCP,cluster_5,cluster,hist_gbr
Polyanhydrides,33,0.8787878787878788,-0.021212121212121238,139.22399827017364,True,family,SCP,cluster_5,cluster,hist_gbr
Polyvinyls,18,0.8888888888888888,-0.011111111111111183,139.22399827017364,True,family,SCP,cluster_5,cluster,hist_gbr
Polyureas,10,0.9,0.0,139.2239982701736,True,family,SCP,cluster_5,cluster,hist_gbr
Polyesters,571,0.9141856392294221,0.014185639229422065,139.22399827017364,True,family,SCP,cluster_5,cluster,hist_gbr
Polystyrenes,12,0.9166666666666666,0.016666666666666607,139.2239982701736,True,family,SCP,cluster_5,cluster,hist_gbr
Polyethers,144,0.9375,0.03749999999999998,139.22399827017364,True,family,SCP,cluster_5,cluster,hist_gbr
Polysulfones,23,0.9565217391304348,0.05652173913043479,139.2239982701736,True,family,SCP,cluster_5,cluster,hist_gbr
Polyamides,392,0.9668367346938775,0.06683673469387752,139.2239982701736,True,family,SCP,cluster_5,cluster,hist_gbr
Polydienes,5,1.0,0.09999999999999998,139.22399827017364,False,family,SCP,cluster_5,cluster,hist_gbr
Polysiloxanes,1,1.0,0.09999999999999998,139.22399827017364,False,family,SCP,cluster_5,cluster,hist_gbr
Polysulfides,2,1.0,0.09999999999999998,139.22399827017364,False,family,SCP,cluster_5,cluster,hist_gbr
3,85,0.9411764705882353,0.04117647058823526,184.9048631832527,True,similarity,Mondrian-similarity,cluster_5,cluster,hist_gbr
2,393,0.9567430025445293,0.05674300254452924,185.21006783254188,True,similarity,Mondrian-similarity,cluster_5,cluster,hist_gbr
0,736,0.9850543478260869,0.0850543478260869,286.53599858144446,True,similarity,Mondrian-similarity,cluster_5,cluster,hist_gbr
1,730,0.9863013698630136,0.08630136986301362,240.49695850830375,True,similarity,Mondrian-similarity,cluster_5,cluster,hist_gbr
4,5,1.0,0.09999999999999998,107.1902191291232,False,similarity,Mondrian-similarity,cluster_5,cluster,hist_gbr
Polyurethanes,128,0.90625,0.006249999999999978,224.4675140514811,True,family,Mondrian-similarity,cluster_5,cluster,hist_gbr
Polystyrenes,12,0.9166666666666666,0.016666666666666607,203.63903139112918,True,family,Mondrian-similarity,cluster_5,cluster,hist_gbr
Polycarbonates,150,0.9733333333333334,0.07333333333333336,245.3347591438944,True,family,Mondrian-similarity,cluster_5,cluster,hist_gbr
Polyacrylics,433,0.9745958429561201,0.0745958429561201,249.832063615946,True,family,Mondrian-similarity,cluster_5,cluster,hist_gbr
Polyesters,571,0.9807355516637478,0.0807355516637478,235.96535846790965,True,family,Mondrian-similarity,cluster_5,cluster,hist_gbr
Polyamides,392,0.9923469387755102,0.09234693877551015,253.17693682797153,True,family,Mondrian-similarity,cluster_5,cluster,hist_gbr
Polyethers,144,0.9930555555555556,0.09305555555555556,251.2777682100403,True,family,Mondrian-similarity,cluster_5,cluster,hist_gbr
Polydienes,5,1.0,0.09999999999999998,225.74044013210295,False,family,Mondrian-similarity,cluster_5,cluster,hist_gbr
Polyhalo-olefins,1,1.0,0.09999999999999998,240.49695850830375,False,family,Mondrian-similarity,cluster_5,cluster,hist_gbr
Polyimides,13,1.0,0.09999999999999998,197.9451037846955,True,family,Mondrian-similarity,cluster_5,cluster,hist_gbr
Polyvinyls,18,1.0,0.09999999999999998,255.59677910144072,True,family,Mondrian-similarity,cluster_5,cluster,hist_gbr
Polyanhydrides,33,1.0,0.09999999999999998,246.3516190524013,True,family,Mondrian-similarity,cluster_5,cluster,hist_gbr
Polysulfones,23,1.0,0.09999999999999998,246.09126532034023,True,family,Mondrian-similarity,cluster_5,cluster,hist_gbr
Polyureas,10,1.0,0.09999999999999998,263.5164785448741,True,family,Mondrian-similarity,cluster_5,cluster,hist_gbr
Polyimines,6,1.0,0.09999999999999998,278.8628252359211,False,family,Mondrian-similarity,cluster_5,cluster,hist_gbr
Polyphenylenes,3,1.0,0.09999999999999998,252.76068833181031,False,family,Mondrian-similarity,cluster_5,cluster,hist_gbr
Polysiloxanes,1,1.0,0.09999999999999998,240.49695850830375,False,family,Mondrian-similarity,cluster_5,cluster,hist_gbr
Polyphosphazenes,4,1.0,0.09999999999999998,240.49695850830375,False,family,Mondrian-similarity,cluster_5,cluster,hist_gbr
Polysulfides,2,1.0,0.09999999999999998,286.5359985814445,False,family,Mondrian-similarity,cluster_5,cluster,hist_gbr
0,736,0.8478260869565217,-0.05217391304347829,135.86248347193177,True,similarity,Mondrian-family,cluster_5,cluster,hist_gbr
3,85,0.8823529411764706,-0.01764705882352946,139.60946900631046,True,similarity,Mondrian-family,cluster_5,cluster,hist_gbr
1,730,0.8863013698630137,-0.013698630136986356,140.67136942660196,True,similarity,Mondrian-family,cluster_5,cluster,hist_gbr
2,393,0.905852417302799,0.005852417302798951,140.25864938569612,True,similarity,Mondrian-family,cluster_5,cluster,hist_gbr
4,5,1.0,0.09999999999999998,120.56524082147048,False,similarity,Mondrian-family,cluster_5,cluster,hist_gbr
Polyhalo-olefins,1,0.0,-0.9,139.22399827017364,False,family,Mondrian-family,cluster_5,cluster,hist_gbr
Polyacrylics,433,0.7228637413394919,-0.17713625866050808,101.6734217544009,True,family,Mondrian-family,cluster_5,cluster,hist_gbr
Polyphosphazenes,4,0.75,-0.15000000000000002,137.67116474952604,False,family,Mondrian-family,cluster_5,cluster,hist_gbr
Polyurethanes,128,0.7578125,-0.14218750000000002,139.22399827017358,True,family,Mondrian-family,cluster_5,cluster,hist_gbr
Polyimines,6,0.8333333333333334,-0.06666666666666665,139.22399827017364,False,family,Mondrian-family,cluster_5,cluster,hist_gbr
Polyimides,13,0.8461538461538461,-0.05384615384615388,129.18034018268216,True,family,Mondrian-family,cluster_5,cluster,hist_gbr
Polycarbonates,150,0.8466666666666667,-0.053333333333333344,139.22399827017364,True,family,Mondrian-family,cluster_5,cluster,hist_gbr
Polyanhydrides,33,0.8787878787878788,-0.021212121212121238,139.22399827017364,True,family,Mondrian-family,cluster_5,cluster,hist_gbr
Polyvinyls,18,0.8888888888888888,-0.011111111111111183,106.82382247316913,True,family,Mondrian-family,cluster_5,cluster,hist_gbr
Polyureas,10,0.9,0.0,139.2239982701736,True,family,Mondrian-family,cluster_5,cluster,hist_gbr
Polystyrenes,12,0.9166666666666666,0.016666666666666607,157.32191304473324,True,family,Mondrian-family,cluster_5,cluster,hist_gbr
Polyethers,144,0.9375,0.03749999999999998,138.64429561924837,True,family,Mondrian-family,cluster_5,cluster,hist_gbr
Polyesters,571,0.9404553415061296,0.040455341506129616,155.00168879626565,True,family,Mondrian-family,cluster_5,cluster,hist_gbr
Polyamides,392,0.9693877551020408,0.06938775510204076,153.4315398552078,True,family,Mondrian-family,cluster_5,cluster,hist_gbr
Polysulfones,23,1.0,0.09999999999999998,182.43500594546313,True,family,Mondrian-family,cluster_5,cluster,hist_gbr
Polydienes,5,1.0,0.09999999999999998,139.22399827017364,False,family,Mondrian-family,cluster_5,cluster,hist_gbr
Polyphenylenes,3,1.0,0.09999999999999998,215.73459806295762,False,family,Mondrian-family,cluster_5,cluster,hist_gbr
Polysiloxanes,1,1.0,0.09999999999999998,111.70048637753001,False,family,Mondrian-family,cluster_5,cluster,hist_gbr
Polysulfides,2,1.0,0.09999999999999998,139.22399827017364,False,family,Mondrian-family,cluster_5,cluster,hist_gbr
3,85,0.8235294117647058,-0.07647058823529418,127.53431624078976,True,similarity,Normalised SCP,cluster_5,cluster,hist_gbr
0,736,0.8369565217391305,-0.06304347826086953,125.18256526050952,True,similarity,Normalised SCP,cluster_5,cluster,hist_gbr
1,730,0.8424657534246576,-0.05753424657534245,121.0088225592046,True,similarity,Normalised SCP,cluster_5,cluster,hist_gbr
2,393,0.8651399491094147,-0.034860050890585303,120.03108149195809,True,similarity,Normalised SCP,cluster_5,cluster,hist_gbr
4,5,1.0,0.09999999999999998,131.9571525076363,False,similarity,Normalised SCP,cluster_5,cluster,hist_gbr
Polyhalo-olefins,1,0.0,-0.9,178.05129899588198,False,family,Normalised SCP,cluster_5,cluster,hist_gbr
Polyphosphazenes,4,0.5,-0.4,87.5767315808613,False,family,Normalised SCP,cluster_5,cluster,hist_gbr
Polydienes,5,0.6,-0.30000000000000004,101.6758364288755,False,family,Normalised SCP,cluster_5,cluster,hist_gbr
Polyphenylenes,3,0.6666666666666666,-0.2333333333333334,107.86184824996384,False,family,Normalised SCP,cluster_5,cluster,hist_gbr
Polyimides,13,0.6923076923076923,-0.20769230769230773,122.379817106077,True,family,Normalised SCP,cluster_5,cluster,hist_gbr
Polyurethanes,128,0.7109375,-0.18906250000000002,124.60098484969076,True,family,Normalised SCP,cluster_5,cluster,hist_gbr
Polystyrenes,12,0.75,-0.15000000000000002,101.19355780376638,True,family,Normalised SCP,cluster_5,cluster,hist_gbr
Polyacrylics,433,0.7990762124711316,-0.10092378752886844,127.95968198014971,True,family,Normalised SCP,cluster_5,cluster,hist_gbr
Polyureas,10,0.8,-0.09999999999999998,113.43503233065891,True,family,Normalised SCP,cluster_5,cluster,hist_gbr
Polyimines,6,0.8333333333333334,-0.06666666666666665,98.45214774112435,False,family,Normalised SCP,cluster_5,cluster,hist_gbr
Polyamides,392,0.8596938775510204,-0.040306122448979576,105.80131908690323,True,family,Normalised SCP,cluster_5,cluster,hist_gbr
Polycarbonates,150,0.8733333333333333,-0.026666666666666727,145.57449545040592,True,family,Normalised SCP,cluster_5,cluster,hist_gbr
Polyesters,571,0.8739054290718039,-0.026094570928196115,125.60159069839285,True,family,Normalised SCP,cluster_5,cluster,hist_gbr
Polyanhydrides,33,0.8787878787878788,-0.021212121212121238,133.71618902034868,True,family,Normalised SCP,cluster_5,cluster,hist_gbr
Polyvinyls,18,0.8888888888888888,-0.011111111111111183,106.77226498098422,True,family,Normalised SCP,cluster_5,cluster,hist_gbr
Polyethers,144,0.9236111111111112,0.023611111111111138,120.60486293226768,True,family,Normalised SCP,cluster_5,cluster,hist_gbr
Polysulfones,23,1.0,0.09999999999999998,118.3471014156563,True,family,Normalised SCP,cluster_5,cluster,hist_gbr
Polysiloxanes,1,1.0,0.09999999999999998,110.98158949687532,False,family,Normalised SCP,cluster_5,cluster,hist_gbr
Polysulfides,2,1.0,0.09999999999999998,166.8557265503997,False,family,Normalised SCP,cluster_5,cluster,hist_gbr
0,736,0.8654891304347826,-0.03451086956521743,134.1301999999998,True,similarity,SCP,cluster_5,cluster,extra_trees
1,730,0.8849315068493151,-0.015068493150684925,134.1301999999998,True,similarity,SCP,cluster_5,cluster,extra_trees
2,393,0.8854961832061069,-0.01450381679389312,134.13019999999983,True,similarity,SCP,cluster_5,cluster,extra_trees
3,85,0.8941176470588236,-0.00588235294117645,134.13019999999977,True,similarity,SCP,cluster_5,cluster,extra_trees
4,5,1.0,0.09999999999999998,134.13019999999977,False,similarity,SCP,cluster_5,cluster,extra_trees
Polyhalo-olefins,1,0.0,-0.9,134.13019999999977,False,family,SCP,cluster_5,cluster,extra_trees
Polyphosphazenes,4,0.5,-0.4,134.13019999999977,False,family,SCP,cluster_5,cluster,extra_trees
Polyurethanes,128,0.6328125,-0.2671875,134.1301999999998,True,family,SCP,cluster_5,cluster,extra_trees
Polyphenylenes,3,0.6666666666666666,-0.2333333333333334,134.13019999999977,False,family,SCP,cluster_5,cluster,extra_trees
Polystyrenes,12,0.75,-0.15000000000000002,134.1301999999998,True,family,SCP,cluster_5,cluster,extra_trees
Polyacrylics,433,0.8221709006928406,-0.07782909930715942,134.1301999999998,True,family,SCP,cluster_5,cluster,extra_trees
Polyimines,6,0.8333333333333334,-0.06666666666666665,134.1301999999998,False,family,SCP,cluster_5,cluster,extra_trees
Polycarbonates,150,0.8533333333333334,-0.046666666666666634,134.1301999999998,True,family,SCP,cluster_5,cluster,extra_trees
Polyvinyls,18,0.8888888888888888,-0.011111111111111183,134.13019999999975,True,family,SCP,cluster_5,cluster,extra_trees
Polyesters,571,0.9176882661996497,0.017688266199649694,134.1301999999998,True,family,SCP,cluster_5,cluster,extra_trees
Polyethers,144,0.9236111111111112,0.023611111111111138,134.1301999999998,True,family,SCP,cluster_5,cluster,extra_trees
Polyamides,392,0.9438775510204082,0.043877551020408134,134.13019999999983,True,family,SCP,cluster_5,cluster,extra_trees
Polysulfones,23,0.9565217391304348,0.05652173913043479,134.13019999999972,True,family,SCP,cluster_5,cluster,extra_trees
Polyimides,13,1.0,0.09999999999999998,134.1301999999998,True,family,SCP,cluster_5,cluster,extra_trees
Polyanhydrides,33,1.0,0.09999999999999998,134.13019999999977,True,family,SCP,cluster_5,cluster,extra_trees
Polydienes,5,1.0,0.09999999999999998,134.13019999999977,False,family,SCP,cluster_5,cluster,extra_trees
Polyureas,10,1.0,0.09999999999999998,134.13019999999977,True,family,SCP,cluster_5,cluster,extra_trees
Polysiloxanes,1,1.0,0.09999999999999998,134.13019999999977,False,family,SCP,cluster_5,cluster,extra_trees
Polysulfides,2,1.0,0.09999999999999998,134.13019999999977,False,family,SCP,cluster_5,cluster,extra_trees
4,5,0.8,-0.09999999999999998,114.11211999999996,False,similarity,Mondrian-similarity,cluster_5,cluster,extra_trees
3,85,0.9411764705882353,0.04117647058823526,161.9741199999998,True,similarity,Mondrian-similarity,cluster_5,cluster,extra_trees
2,393,0.9465648854961832,0.046564885496183206,171.97579999999996,True,similarity,Mondrian-similarity,cluster_5,cluster,extra_trees
0,736,0.970108695652174,0.07010869565217392,229.44944000000015,True,similarity,Mondrian-similarity,cluster_5,cluster,extra_trees
1,730,0.9835616438356164,0.08356164383561637,272.97389999999996,True,similarity,Mondrian-similarity,cluster_5,cluster,extra_trees
Polyphenylenes,3,0.6666666666666666,-0.2333333333333334,210.2915600000001,False,family,Mondrian-similarity,cluster_5,cluster,extra_trees
Polyurethanes,128,0.8203125,-0.07968750000000002,216.21263828125,True,family,Mondrian-similarity,cluster_5,cluster,extra_trees
Polycarbonates,150,0.9533333333333334,0.053333333333333344,231.54805720000004,True,family,Mondrian-similarity,cluster_5,cluster,extra_trees
Polyacrylics,433,0.9653579676674365,0.06535796766743651,230.14699551963056,True,family,Mondrian-similarity,cluster_5,cluster,extra_trees
Polyesters,571,0.9824868651488616,0.08248686514886161,229.86886388791592,True,family,Mondrian-similarity,cluster_5,cluster,extra_trees
Polyamides,392,0.9897959183673469,0.0897959183673469,238.38815964285718,True,family,Mondrian-similarity,cluster_5,cluster,extra_trees
Polyethers,144,0.9930555555555556,0.09305555555555556,229.21562777777783,True,family,Mondrian-similarity,cluster_5,cluster,extra_trees
Polydienes,5,1.0,0.09999999999999998,194.96525600000004,False,family,Mondrian-similarity,cluster_5,cluster,extra_trees
Polyhalo-olefins,1,1.0,0.09999999999999998,272.97389999999996,False,family,Mondrian-similarity,cluster_5,cluster,extra_trees
Polyimides,13,1.0,0.09999999999999998,194.51369384615384,True,family,Mondrian-similarity,cluster_5,cluster,extra_trees
Polystyrenes,12,1.0,0.09999999999999998,205.64183333333335,True,family,Mondrian-similarity,cluster_5,cluster,extra_trees
Polyvinyls,18,1.0,0.09999999999999998,234.3569844444445,True,family,Mondrian-similarity,cluster_5,cluster,extra_trees
Polyanhydrides,33,1.0,0.09999999999999998,248.86139878787876,True,family,Mondrian-similarity,cluster_5,cluster,extra_trees
Polysulfones,23,1.0,0.09999999999999998,227.70289130434787,True,family,Mondrian-similarity,cluster_5,cluster,extra_trees
Polyureas,10,1.0,0.09999999999999998,251.21167000000005,True,family,Mondrian-similarity,cluster_5,cluster,extra_trees
Polyimines,6,1.0,0.09999999999999998,236.70351666666673,False,family,Mondrian-similarity,cluster_5,cluster,extra_trees
Polysiloxanes,1,1.0,0.09999999999999998,272.97389999999996,False,family,Mondrian-similarity,cluster_5,cluster,extra_trees
Polyphosphazenes,4,1.0,0.09999999999999998,272.97389999999996,False,family,Mondrian-similarity,cluster_5,cluster,extra_trees
Polysulfides,2,1.0,0.09999999999999998,229.4494400000001,False,family,Mondrian-similarity,cluster_5,cluster,extra_trees
0,736,0.811141304347826,-0.08885869565217397,120.37506779891307,True,similarity,Mondrian-family,cluster_5,cluster,extra_trees
1,730,0.8438356164383561,-0.05616438356164388,121.70551805479451,True,similarity,Mondrian-family,cluster_5,cluster,extra_trees
2,393,0.8549618320610687,-0.04503816793893134,122.4333843256997,True,similarity,Mondrian-family,cluster_5,cluster,extra_trees
3,85,0.8823529411764706,-0.01764705882352946,117.7739058823529,True,similarity,Mondrian-family,cluster_5,cluster,extra_trees
4,5,1.0,0.09999999999999998,117.50621600000002,False,similarity,Mondrian-family,cluster_5,cluster,extra_trees
Polyhalo-olefins,1,0.0,-0.9,134.13019999999977,False,family,Mondrian-family,cluster_5,cluster,extra_trees
Polyphosphazenes,4,0.5,-0.4,113.93639999999994,False,family,Mondrian-family,cluster_5,cluster,extra_trees
Polyurethanes,128,0.6328125,-0.2671875,134.1301999999998,True,family,Mondrian-family,cluster_5,cluster,extra_trees
Polyacrylics,433,0.674364896073903,-0.22563510392609698,97.0522800000001,True,family,Mondrian-family,cluster_5,cluster,extra_trees
Polystyrenes,12,0.75,-0.15000000000000002,160.6014,True,family,Mondrian-family,cluster_5,cluster,extra_trees
Polyimines,6,0.8333333333333334,-0.06666666666666665,134.1301999999998,False,family,Mondrian-family,cluster_5,cluster,extra_trees
Polycarbonates,150,0.8533333333333334,-0.046666666666666634,134.1301999999998,True,family,Mondrian-family,cluster_5,cluster,extra_trees
Polyesters,571,0.8844133099824869,-0.015586690017513116,118.7211399999999,True,family,Mondrian-family,cluster_5,cluster,extra_trees
Polyvinyls,18,0.8888888888888888,-0.011111111111111183,124.87960000000004,True,family,Mondrian-family,cluster_5,cluster,extra_trees
Polyethers,144,0.9166666666666666,0.016666666666666607,126.98799999999999,True,family,Mondrian-family,cluster_5,cluster,extra_trees
Polyimides,13,0.9230769230769231,0.023076923076923106,124.07420000000002,True,family,Mondrian-family,cluster_5,cluster,extra_trees
Polyamides,392,0.9464285714285714,0.046428571428571375,134.41672000000017,True,family,Mondrian-family,cluster_5,cluster,extra_trees
Polysulfones,23,0.9565217391304348,0.05652173913043479,151.19700000000003,True,family,Mondrian-family,cluster_5,cluster,extra_trees
Polydienes,5,1.0,0.09999999999999998,134.13019999999977,False,family,Mondrian-family,cluster_5,cluster,extra_trees
Polyureas,10,1.0,0.09999999999999998,134.13019999999977,True,family,Mondrian-family,cluster_5,cluster,extra_trees
Polyanhydrides,33,1.0,0.09999999999999998,134.13019999999977,True,family,Mondrian-family,cluster_5,cluster,extra_trees
Polyphenylenes,3,1.0,0.09999999999999998,203.55359999999996,False,family,Mondrian-family,cluster_5,cluster,extra_trees
Polysiloxanes,1,1.0,0.09999999999999998,99.10817999999978,False,family,Mondrian-family,cluster_5,cluster,extra_trees
Polysulfides,2,1.0,0.09999999999999998,134.13019999999977,False,family,Mondrian-family,cluster_5,cluster,extra_trees
0,736,0.7866847826086957,-0.11331521739130435,119.7096689349919,True,similarity,Normalised SCP,cluster_5,cluster,extra_trees
1,730,0.7958904109589041,-0.1041095890410959,115.87790815359227,True,similarity,Normalised SCP,cluster_5,cluster,extra_trees
2,393,0.8473282442748091,-0.052671755725190894,117.8749653359036,True,similarity,Normalised SCP,cluster_5,cluster,extra_trees
3,85,0.8705882352941177,-0.02941176470588236,114.29222479096431,True,similarity,Normalised SCP,cluster_5,cluster,extra_trees
4,5,1.0,0.09999999999999998,114.73684264383414,False,similarity,Normalised SCP,cluster_5,cluster,extra_trees
Polyhalo-olefins,1,0.0,-0.9,185.4507228017157,False,family,Normalised SCP,cluster_5,cluster,extra_trees
Polyphosphazenes,4,0.25,-0.65,92.70835203454244,False,family,Normalised SCP,cluster_5,cluster,extra_trees
Polyphenylenes,3,0.3333333333333333,-0.5666666666666667,104.2371900141912,False,family,Normalised SCP,cluster_5,cluster,extra_trees
Polyurethanes,128,0.65625,-0.24375000000000002,135.80220628625125,True,family,Normalised SCP,cluster_5,cluster,extra_trees
Polystyrenes,12,0.6666666666666666,-0.2333333333333334,99.9765338059495,True,family,Normalised SCP,cluster_5,cluster,extra_trees
Polyimides,13,0.6923076923076923,-0.20769230769230773,101.87740837358385,True,family,Normalised SCP,cluster_5,cluster,extra_trees
Polyvinyls,18,0.7222222222222222,-0.1777777777777778,97.56670196583862,True,family,Normalised SCP,cluster_5,cluster,extra_trees
Polyamides,392,0.7602040816326531,-0.13979591836734695,105.76235666420258,True,family,Normalised SCP,cluster_5,cluster,extra_trees
Polyacrylics,433,0.7875288683602771,-0.11247113163972289,120.89661411027471,True,family,Normalised SCP,cluster_5,cluster,extra_trees
Polycarbonates,150,0.8,-0.09999999999999998,136.58697151369128,True,family,Normalised SCP,cluster_5,cluster,extra_trees
Polyimines,6,0.8333333333333334,-0.06666666666666665,104.32033915304588,False,family,Normalised SCP,cluster_5,cluster,extra_trees
Polyesters,571,0.8581436077057794,-0.04185639229422067,116.95884707787998,True,family,Normalised SCP,cluster_5,cluster,extra_trees
Polysulfones,23,0.8695652173913043,-0.0304347826086957,99.61590010886083,True,family,Normalised SCP,cluster_5,cluster,extra_trees
Polyureas,10,0.9,0.0,108.12366606259431,True,family,Normalised SCP,cluster_5,cluster,extra_trees
Polyethers,144,0.9236111111111112,0.023611111111111138,115.82254567424891,True,family,Normalised SCP,cluster_5,cluster,extra_trees
Polyanhydrides,33,0.9696969696969697,0.0696969696969697,125.42932705864165,True,family,Normalised SCP,cluster_5,cluster,extra_trees
Polydienes,5,1.0,0.09999999999999998,96.26645138126194,False,family,Normalised SCP,cluster_5,cluster,extra_trees
Polysiloxanes,1,1.0,0.09999999999999998,95.97477540818707,False,family,Normalised SCP,cluster_5,cluster,extra_trees
Polysulfides,2,1.0,0.09999999999999998,153.34979958645042,False,family,Normalised SCP,cluster_5,cluster,extra_trees
0,1497,0.45424181696726784,-0.4457581830327322,311.0,True,similarity,SCP,cluster_6,cluster,median
1,1076,0.5232342007434945,-0.37676579925650555,311.0,True,similarity,SCP,cluster_6,cluster,median
3,102,0.7254901960784313,-0.17450980392156867,311.0,True,similarity,SCP,cluster_6,cluster,median
2,301,0.7275747508305648,-0.17242524916943525,311.0,True,similarity,SCP,cluster_6,cluster,median
4,10,0.9,0.0,311.0,True,similarity,SCP,cluster_6,cluster,median
Polyureas,4,0.25,-0.65,311.0,False,family,SCP,cluster_6,cluster,median
Polyimides,1608,0.3712686567164179,-0.5287313432835821,311.0,True,family,SCP,cluster_6,cluster,median
Polycarbonates,10,0.5,-0.4,311.0,True,family,SCP,cluster_6,cluster,median
Polyolefins,31,0.5806451612903226,-0.3193548387096774,311.0,True,family,SCP,cluster_6,cluster,median
Polyamides,225,0.6,-0.30000000000000004,311.0,True,family,SCP,cluster_6,cluster,median
Polyesters,80,0.6125,-0.2875,311.0,True,family,SCP,cluster_6,cluster,median
Polysulfones,154,0.6168831168831169,-0.2831168831168831,311.0,True,family,SCP,cluster_6,cluster,median
Polyethers,459,0.6492374727668845,-0.25076252723311554,311.0,True,family,SCP,cluster_6,cluster,median
Polydienes,3,0.6666666666666666,-0.2333333333333334,311.0,False,family,SCP,cluster_6,cluster,median
Polyphosphazenes,3,0.6666666666666666,-0.2333333333333334,311.0,False,family,SCP,cluster_6,cluster,median
Polyphenylenes,248,0.7741935483870968,-0.12580645161290327,311.0,True,family,SCP,cluster_6,cluster,median
Polysulfides,32,0.8125,-0.08750000000000002,311.0,True,family,SCP,cluster_6,cluster,median
Polyhalo-olefins,7,0.8571428571428571,-0.04285714285714293,311.0,False,family,SCP,cluster_6,cluster,median
Polyimines,36,0.9166666666666666,0.016666666666666607,311.0,True,family,SCP,cluster_6,cluster,median
Other backbone,28,1.0,0.09999999999999998,311.0,True,family,SCP,cluster_6,cluster,median
Polyacrylics,34,1.0,0.09999999999999998,311.0,True,family,SCP,cluster_6,cluster,median
Polyvinyls,2,1.0,0.09999999999999998,311.0,False,family,SCP,cluster_6,cluster,median
Polystyrenes,10,1.0,0.09999999999999998,311.0,True,family,SCP,cluster_6,cluster,median
Polyurethanes,8,1.0,0.09999999999999998,311.0,False,family,SCP,cluster_6,cluster,median
Polysiloxanes,4,1.0,0.09999999999999998,311.0,False,family,SCP,cluster_6,cluster,median
0,1497,0.49632598530394123,-0.4036740146960588,328.0,True,similarity,Mondrian-similarity,cluster_6,cluster,median
2,301,0.717607973421927,-0.18239202657807307,309.19999999999993,True,similarity,Mondrian-similarity,cluster_6,cluster,median
3,102,0.7254901960784313,-0.17450980392156867,310.0,True,similarity,Mondrian-similarity,cluster_6,cluster,median
1,1076,0.7899628252788105,-0.11003717472118957,404.0,True,similarity,Mondrian-similarity,cluster_6,cluster,median
4,10,1.0,0.09999999999999998,332.0,True,similarity,Mondrian-similarity,cluster_6,cluster,median
Polyureas,4,0.5,-0.4,347.0,False,family,Mondrian-similarity,cluster_6,cluster,median
Polyimides,1608,0.5323383084577115,-0.36766169154228856,358.868407960199,True,family,Mondrian-similarity,cluster_6,cluster,median
Polycarbonates,10,0.6,-0.30000000000000004,339.6,True,family,Mondrian-similarity,cluster_6,cluster,median
Polydienes,3,0.6666666666666666,-0.2333333333333334,328.0,False,family,Mondrian-similarity,cluster_6,cluster,median
Polyphosphazenes,3,0.6666666666666666,-0.2333333333333334,328.0,False,family,Mondrian-similarity,cluster_6,cluster,median
Polyolefins,31,0.6774193548387096,-0.2225806451612904,344.5548387096774,True,family,Mondrian-similarity,cluster_6,cluster,median
Polyamides,225,0.68,-0.21999999999999997,336.68622222222217,True,family,Mondrian-similarity,cluster_6,cluster,median
Polyesters,80,0.6875,-0.21250000000000002,354.38,True,family,Mondrian-similarity,cluster_6,cluster,median
Polysulfones,154,0.7337662337662337,-0.1662337662337663,355.9324675324675,True,family,Mondrian-similarity,cluster_6,cluster,median
Polyethers,459,0.7363834422657952,-0.1636165577342048,347.83355119825706,True,family,Mondrian-similarity,cluster_6,cluster,median
Polyphenylenes,248,0.782258064516129,-0.11774193548387102,337.1209677419355,True,family,Mondrian-similarity,cluster_6,cluster,median
Polysulfides,32,0.8125,-0.08750000000000002,331.575,True,family,Mondrian-similarity,cluster_6,cluster,median
Polyhalo-olefins,7,0.8571428571428571,-0.04285714285714293,338.85714285714283,False,family,Mondrian-similarity,cluster_6,cluster,median
Polyimines,36,0.9166666666666666,0.016666666666666607,374.4888888888888,True,family,Mondrian-similarity,cluster_6,cluster,median
Other backbone,28,1.0,0.09999999999999998,349.7142857142857,True,family,Mondrian-similarity,cluster_6,cluster,median
Polyacrylics,34,1.0,0.09999999999999998,357.1764705882353,True,family,Mondrian-similarity,cluster_6,cluster,median
Polyvinyls,2,1.0,0.09999999999999998,366.0,False,family,Mondrian-similarity,cluster_6,cluster,median
Polystyrenes,10,1.0,0.09999999999999998,364.12,True,family,Mondrian-similarity,cluster_6,cluster,median
Polyurethanes,8,1.0,0.09999999999999998,364.15,False,family,Mondrian-similarity,cluster_6,cluster,median
Polysiloxanes,4,1.0,0.09999999999999998,342.3,False,family,Mondrian-similarity,cluster_6,cluster,median
0,1497,0.8323313293253173,-0.06766867067468274,497.80160320641284,True,similarity,Mondrian-family,cluster_6,cluster,median
1,1076,0.8903345724907064,-0.009665427509293667,485.9172862453532,True,similarity,Mondrian-family,cluster_6,cluster,median
4,10,0.9,0.0,386.6,True,similarity,Mondrian-family,cluster_6,cluster,median
2,301,0.9102990033222591,0.010299003322259082,426.063122923588,True,similarity,Mondrian-family,cluster_6,cluster,median
3,102,0.9215686274509803,0.021568627450980316,376.47058823529414,True,similarity,Mondrian-family,cluster_6,cluster,median
Polyureas,4,0.25,-0.65,311.0,False,family,Mondrian-family,cluster_6,cluster,median
Polycarbonates,10,0.5,-0.4,346.0,True,family,Mondrian-family,cluster_6,cluster,median
Polyesters,80,0.5375,-0.36250000000000004,272.0,True,family,Mondrian-family,cluster_6,cluster,median
Polyolefins,31,0.5806451612903226,-0.3193548387096774,311.0,True,family,Mondrian-family,cluster_6,cluster,median
Polysulfones,154,0.6168831168831169,-0.2831168831168831,311.0,True,family,Mondrian-family,cluster_6,cluster,median
Polyphosphazenes,3,0.6666666666666666,-0.2333333333333334,362.0,False,family,Mondrian-family,cluster_6,cluster,median
Polydienes,3,0.6666666666666666,-0.2333333333333334,311.0,False,family,Mondrian-family,cluster_6,cluster,median
Polyethers,459,0.6710239651416122,-0.2289760348583878,322.0,True,family,Mondrian-family,cluster_6,cluster,median
Polystyrenes,10,0.7,-0.20000000000000007,226.0,True,family,Mondrian-family,cluster_6,cluster,median
Polyurethanes,8,0.75,-0.15000000000000002,218.0,False,family,Mondrian-family,cluster_6,cluster,median
Polysulfides,32,0.8125,-0.08750000000000002,311.0,True,family,Mondrian-family,cluster_6,cluster,median
Polyhalo-olefins,7,0.8571428571428571,-0.04285714285714293,311.0,False,family,Mondrian-family,cluster_6,cluster,median
Polyphenylenes,248,0.9153225806451613,0.015322580645161232,606.0,True,family,Mondrian-family,cluster_6,cluster,median
Polyimines,36,0.9166666666666666,0.016666666666666607,311.0,True,family,Mondrian-family,cluster_6,cluster,median
Polyamides,225,0.9244444444444444,0.02444444444444438,422.0,True,family,Mondrian-family,cluster_6,cluster,median
Polyimides,1608,0.9490049751243781,0.04900497512437807,568.0,True,family,Mondrian-family,cluster_6,cluster,median
Polyvinyls,2,1.0,0.09999999999999998,302.0,False,family,Mondrian-family,cluster_6,cluster,median
Other backbone,28,1.0,0.09999999999999998,311.0,True,family,Mondrian-family,cluster_6,cluster,median
Polyacrylics,34,1.0,0.09999999999999998,240.0,True,family,Mondrian-family,cluster_6,cluster,median
Polysiloxanes,4,1.0,0.09999999999999998,342.0,False,family,Mondrian-family,cluster_6,cluster,median
0,1497,0.822311289245157,-0.07768871075484307,451.5903066039511,True,similarity,Normalised SCP,cluster_6,cluster,median
2,301,0.9036544850498339,0.0036544850498339,418.0299276600055,True,similarity,Normalised SCP,cluster_6,cluster,median
1,1076,0.904275092936803,0.004275092936802949,485.4534170880278,True,similarity,Normalised SCP,cluster_6,cluster,median
3,102,0.9411764705882353,0.04117647058823526,497.9598209071168,True,similarity,Normalised SCP,cluster_6,cluster,median
4,10,1.0,0.09999999999999998,636.6558226296627,True,similarity,Normalised SCP,cluster_6,cluster,median
Polystyrenes,10,0.4,-0.5,220.55650526473664,True,family,Normalised SCP,cluster_6,cluster,median
Polyureas,4,0.5,-0.4,371.41290605829863,False,family,Normalised SCP,cluster_6,cluster,median
Polycarbonates,10,0.5,-0.4,343.7127887036024,True,family,Normalised SCP,cluster_6,cluster,median
Polyolefins,31,0.5161290322580645,-0.3838709677419355,311.3368147142702,True,family,Normalised SCP,cluster_6,cluster,median
Polyurethanes,8,0.625,-0.275,221.50566976972854,False,family,Normalised SCP,cluster_6,cluster,median
Polyphosphazenes,3,0.6666666666666666,-0.2333333333333334,256.2841586216659,False,family,Normalised SCP,cluster_6,cluster,median
Polydienes,3,0.6666666666666666,-0.2333333333333334,321.26366940916273,False,family,Normalised SCP,cluster_6,cluster,median
Polyhalo-olefins,7,0.7142857142857143,-0.18571428571428572,274.9164836127362,False,family,Normalised SCP,cluster_6,cluster,median
Polyesters,80,0.825,-0.07500000000000007,386.8523858259472,True,family,Normalised SCP,cluster_6,cluster,median
Polyimides,1608,0.8544776119402985,-0.045522388059701546,507.6184185898464,True,family,Normalised SCP,cluster_6,cluster,median
Polysulfones,154,0.8636363636363636,-0.036363636363636376,413.15980084310394,True,family,Normalised SCP,cluster_6,cluster,median
Polyamides,225,0.8711111111111111,-0.028888888888888964,506.5986724151072,True,family,Normalised SCP,cluster_6,cluster,median
Polyphenylenes,248,0.8951612903225806,-0.004838709677419395,355.83729730874774,True,family,Normalised SCP,cluster_6,cluster,median
Polysulfides,32,0.90625,0.006249999999999978,351.502560259427,True,family,Normalised SCP,cluster_6,cluster,median
Polyimines,36,0.9166666666666666,0.016666666666666607,370.3082471420025,True,family,Normalised SCP,cluster_6,cluster,median
Polyethers,459,0.9215686274509803,0.021568627450980316,447.4421311526626,True,family,Normalised SCP,cluster_6,cluster,median
Other backbone,28,0.9285714285714286,0.02857142857142858,260.81645172068136,True,family,Normalised SCP,cluster_6,cluster,median
Polyacrylics,34,0.9705882352941176,0.07058823529411762,212.35751588304456,True,family,Normalised SCP,cluster_6,cluster,median
Polyvinyls,2,1.0,0.09999999999999998,260.01890098635363,False,family,Normalised SCP,cluster_6,cluster,median
Polysiloxanes,4,1.0,0.09999999999999998,274.8511451754822,False,family,Normalised SCP,cluster_6,cluster,median
0,1497,0.5691382765531062,-0.3308617234468938,150.07880546401603,True,similarity,SCP,cluster_6,cluster,svr
1,1076,0.6105947955390335,-0.2894052044609665,150.07880546401603,True,similarity,SCP,cluster_6,cluster,svr
2,301,0.8239202657807309,-0.07607973421926917,150.078805464016,True,similarity,SCP,cluster_6,cluster,svr
3,102,0.9313725490196079,0.03137254901960784,150.07880546401603,True,similarity,SCP,cluster_6,cluster,svr
4,10,1.0,0.09999999999999998,150.07880546401603,True,similarity,SCP,cluster_6,cluster,svr
Polyureas,4,0.25,-0.65,150.078805464016,False,family,SCP,cluster_6,cluster,svr
Polyhalo-olefins,7,0.2857142857142857,-0.6142857142857143,150.07880546401597,False,family,SCP,cluster_6,cluster,svr
Polyvinyls,2,0.5,-0.4,150.078805464016,False,family,SCP,cluster_6,cluster,svr
Polyolefins,31,0.5161290322580645,-0.3838709677419355,150.07880546401603,True,family,SCP,cluster_6,cluster,svr
Polyimides,1608,0.5379353233830846,-0.36206467661691544,150.07880546401603,True,family,SCP,cluster_6,cluster,svr
Polystyrenes,10,0.6,-0.30000000000000004,150.07880546401603,True,family,SCP,cluster_6,cluster,svr
Polycarbonates,10,0.6,-0.30000000000000004,150.07880546401603,True,family,SCP,cluster_6,cluster,svr
Polyurethanes,8,0.625,-0.275,150.078805464016,False,family,SCP,cluster_6,cluster,svr
Polyphenylenes,248,0.6491935483870968,-0.25080645161290327,150.07880546401606,True,family,SCP,cluster_6,cluster,svr
Polyesters,80,0.6625,-0.23750000000000004,150.07880546401603,True,family,SCP,cluster_6,cluster,svr
Polydienes,3,0.6666666666666666,-0.2333333333333334,150.078805464016,False,family,SCP,cluster_6,cluster,svr
Polyphosphazenes,3,0.6666666666666666,-0.2333333333333334,150.078805464016,False,family,SCP,cluster_6,cluster,svr
Other backbone,28,0.6785714285714286,-0.22142857142857142,150.07880546401603,True,family,SCP,cluster_6,cluster,svr
Polyethers,459,0.7015250544662309,-0.1984749455337691,150.07880546401603,True,family,SCP,cluster_6,cluster,svr
Polysulfones,154,0.7402597402597403,-0.15974025974025974,150.07880546401603,True,family,SCP,cluster_6,cluster,svr
Polysiloxanes,4,0.75,-0.15000000000000002,150.078805464016,False,family,SCP,cluster_6,cluster,svr
Polyimines,36,0.8333333333333334,-0.06666666666666665,150.078805464016,True,family,SCP,cluster_6,cluster,svr
Polyamides,225,0.8666666666666667,-0.033333333333333326,150.07880546401603,True,family,SCP,cluster_6,cluster,svr
Polysulfides,32,0.875,-0.025000000000000022,150.078805464016,True,family,SCP,cluster_6,cluster,svr
Polyacrylics,34,0.9117647058823529,0.0117647058823529,150.078805464016,True,family,SCP,cluster_6,cluster,svr
1,1076,0.921003717472119,0.021003717472118932,310.86546259955276,True,similarity,Mondrian-similarity,cluster_6,cluster,svr
2,301,0.9235880398671097,0.023588039867109667,231.1674781200764,True,similarity,Mondrian-similarity,cluster_6,cluster,svr
0,1497,0.9425517702070808,0.042551770207080786,382.64672264573505,True,similarity,Mondrian-similarity,cluster_6,cluster,svr
3,102,0.9607843137254902,0.0607843137254902,196.62631195188513,True,similarity,Mondrian-similarity,cluster_6,cluster,svr
4,10,1.0,0.09999999999999998,124.50600861559246,True,similarity,Mondrian-similarity,cluster_6,cluster,svr
Polydienes,3,0.6666666666666666,-0.2333333333333334,382.64672264573505,False,family,Mondrian-similarity,cluster_6,cluster,svr
Polyphenylenes,248,0.8991935483870968,-0.0008064516129032695,370.6200481132353,True,family,Mondrian-similarity,cluster_6,cluster,svr
Polycarbonates,10,0.9,0.0,266.7706812996661,True,family,Mondrian-similarity,cluster_6,cluster,svr
Polysulfides,32,0.90625,0.006249999999999978,368.692941109995,True,family,Mondrian-similarity,cluster_6,cluster,svr
Polyimines,36,0.9166666666666666,0.016666666666666607,318.99596916426236,True,family,Mondrian-similarity,cluster_6,cluster,svr
Polyimides,1608,0.9210199004975125,0.021019900497512456,342.272888332366,True,family,Mondrian-similarity,cluster_6,cluster,svr
Polyolefins,31,0.9354838709677419,0.03548387096774186,361.5516237796404,True,family,Mondrian-similarity,cluster_6,cluster,svr
Polyethers,459,0.9564270152505446,0.05642701525054461,329.70217850821535,True,family,Mondrian-similarity,cluster_6,cluster,svr
Polyesters,80,0.9625,0.0625,301.6769330502161,True,family,Mondrian-similarity,cluster_6,cluster,svr
Polyamides,225,0.9644444444444444,0.06444444444444442,266.87821009249006,True,family,Mondrian-similarity,cluster_6,cluster,svr
Polysulfones,154,0.9675324675324676,0.06753246753246755,318.68167470390114,True,family,Mondrian-similarity,cluster_6,cluster,svr
Polyacrylics,34,1.0,0.09999999999999998,293.3722100756409,True,family,Mondrian-similarity,cluster_6,cluster,svr
Other backbone,28,1.0,0.09999999999999998,362.13779120396873,True,family,Mondrian-similarity,cluster_6,cluster,svr
Polyurethanes,8,1.0,0.09999999999999998,295.5535978031688,False,family,Mondrian-similarity,cluster_6,cluster,svr
Polystyrenes,10,1.0,0.09999999999999998,331.6081681700781,True,family,Mondrian-similarity,cluster_6,cluster,svr
Polyhalo-olefins,7,1.0,0.09999999999999998,372.3922569248519,False,family,Mondrian-similarity,cluster_6,cluster,svr
Polyvinyls,2,1.0,0.09999999999999998,346.75609262264396,False,family,Mondrian-similarity,cluster_6,cluster,svr
Polysiloxanes,4,1.0,0.09999999999999998,326.8315965027748,False,family,Mondrian-similarity,cluster_6,cluster,svr
Polyphosphazenes,3,1.0,0.09999999999999998,382.64672264573505,False,family,Mondrian-similarity,cluster_6,cluster,svr
Polyureas,4,1.0,0.09999999999999998,364.7014076341895,False,family,Mondrian-similarity,cluster_6,cluster,svr
0,1497,0.824315297261189,-0.075684702738811,281.62893496516966,True,similarity,Mondrian-family,cluster_6,cluster,svr
1,1076,0.8559479553903345,-0.0440520446096655,275.8697127960176,True,similarity,Mondrian-family,cluster_6,cluster,svr
3,102,0.8725490196078431,-0.027450980392156876,157.0616548818586,True,similarity,Mondrian-family,cluster_6,cluster,svr
2,301,0.8770764119601329,-0.02292358803986716,211.12662749836915,True,similarity,Mondrian-family,cluster_6,cluster,svr
4,10,0.9,0.0,124.16726288204373,True,similarity,Mondrian-family,cluster_6,cluster,svr
Polyvinyls,2,0.0,-0.9,97.84046987385395,False,family,Mondrian-family,cluster_6,cluster,svr
Polyureas,4,0.25,-0.65,150.078805464016,False,family,Mondrian-family,cluster_6,cluster,svr
Polyhalo-olefins,7,0.2857142857142857,-0.6142857142857143,150.07880546401597,False,family,Mondrian-family,cluster_6,cluster,svr
Polystyrenes,10,0.5,-0.4,115.25594309077533,True,family,Mondrian-family,cluster_6,cluster,svr
Polycarbonates,10,0.5,-0.4,119.22842940408464,True,family,Mondrian-family,cluster_6,cluster,svr
Polyolefins,31,0.5161290322580645,-0.3838709677419355,150.07880546401603,True,family,Mondrian-family,cluster_6,cluster,svr
Polyesters,80,0.5875,-0.3125,123.62739425413312,True,family,Mondrian-family,cluster_6,cluster,svr
Polydienes,3,0.6666666666666666,-0.2333333333333334,150.078805464016,False,family,Mondrian-family,cluster_6,cluster,svr
Polyphosphazenes,3,0.6666666666666666,-0.2333333333333334,197.85717230442143,False,family,Mondrian-family,cluster_6,cluster,svr
Polyamides,225,0.6755555555555556,-0.22444444444444445,112.99147415878178,True,family,Mondrian-family,cluster_6,cluster,svr
Other backbone,28,0.6785714285714286,-0.22142857142857142,150.07880546401603,True,family,Mondrian-family,cluster_6,cluster,svr
Polysulfones,154,0.7402597402597403,-0.15974025974025974,150.07880546401603,True,family,Mondrian-family,cluster_6,cluster,svr
Polyethers,459,0.7712418300653595,-0.1287581699346405,197.04160572532038,True,family,Mondrian-family,cluster_6,cluster,svr
Polyimines,36,0.8333333333333334,-0.06666666666666665,150.078805464016,True,family,Mondrian-family,cluster_6,cluster,svr
Polyphenylenes,248,0.8669354838709677,-0.03306451612903227,310.0360547484283,True,family,Mondrian-family,cluster_6,cluster,svr
Polysulfides,32,0.875,-0.025000000000000022,150.078805464016,True,family,Mondrian-family,cluster_6,cluster,svr
Polyacrylics,34,0.8823529411764706,-0.01764705882352946,125.2201887862376,True,family,Mondrian-family,cluster_6,cluster,svr
Polyimides,1608,0.9222636815920398,0.02226368159203973,337.15357038168963,True,family,Mondrian-family,cluster_6,cluster,svr
Polyurethanes,8,1.0,0.09999999999999998,214.11344129604998,False,family,Mondrian-family,cluster_6,cluster,svr
Polysiloxanes,4,1.0,0.09999999999999998,270.10304180312374,False,family,Mondrian-family,cluster_6,cluster,svr
0,1497,0.7374749498997996,-0.16252505010020046,208.33138995623753,True,similarity,Normalised SCP,cluster_6,cluster,svr
1,1076,0.7509293680297398,-0.14907063197026027,198.68552655441465,True,similarity,Normalised SCP,cluster_6,cluster,svr
2,301,0.8471760797342193,-0.052823920265780755,182.96880553494566,True,similarity,Normalised SCP,cluster_6,cluster,svr
3,102,0.9215686274509803,0.021568627450980316,194.97069972512634,True,similarity,Normalised SCP,cluster_6,cluster,svr
4,10,1.0,0.09999999999999998,208.09586626565948,True,similarity,Normalised SCP,cluster_6,cluster,svr
Polyvinyls,2,0.5,-0.4,144.92499042269077,False,family,Normalised SCP,cluster_6,cluster,svr
Polysiloxanes,4,0.5,-0.4,159.84383960567385,False,family,Normalised SCP,cluster_6,cluster,svr
Polyureas,4,0.5,-0.4,179.95821514546125,False,family,Normalised SCP,cluster_6,cluster,svr
Polyhalo-olefins,7,0.5714285714285714,-0.3285714285714286,224.10143224828556,False,family,Normalised SCP,cluster_6,cluster,svr
Polystyrenes,10,0.6,-0.30000000000000004,161.94183540028658,True,family,Normalised SCP,cluster_6,cluster,svr
Polyurethanes,8,0.625,-0.275,146.01440623719276,False,family,Normalised SCP,cluster_6,cluster,svr
Polyolefins,31,0.6451612903225806,-0.2548387096774194,184.95297054191659,True,family,Normalised SCP,cluster_6,cluster,svr
Polydienes,3,0.6666666666666666,-0.2333333333333334,205.20900267382785,False,family,Normalised SCP,cluster_6,cluster,svr
Polyphosphazenes,3,0.6666666666666666,-0.2333333333333334,201.27190053340792,False,family,Normalised SCP,cluster_6,cluster,svr
Polycarbonates,10,0.7,-0.20000000000000007,165.6247545668597,True,family,Normalised SCP,cluster_6,cluster,svr
Polyimides,1608,0.7145522388059702,-0.18544776119402984,204.57164118205802,True,family,Normalised SCP,cluster_6,cluster,svr
Polyesters,80,0.7375,-0.16249999999999998,170.44035042466467,True,family,Normalised SCP,cluster_6,cluster,svr
Polyphenylenes,248,0.7459677419354839,-0.15403225806451615,210.4618906573194,True,family,Normalised SCP,cluster_6,cluster,svr
Polysulfones,154,0.8051948051948052,-0.09480519480519478,189.8683168539519,True,family,Normalised SCP,cluster_6,cluster,svr
Polyethers,459,0.8518518518518519,-0.04814814814814816,218.76151649476455,True,family,Normalised SCP,cluster_6,cluster,svr
Polyacrylics,34,0.8529411764705882,-0.04705882352941182,135.3087477025556,True,family,Normalised SCP,cluster_6,cluster,svr
Polysulfides,32,0.875,-0.025000000000000022,187.55736929681163,True,family,Normalised SCP,cluster_6,cluster,svr
Polyamides,225,0.88,-0.020000000000000018,181.12219651614583,True,family,Normalised SCP,cluster_6,cluster,svr
Polyimines,36,0.8888888888888888,-0.011111111111111183,182.39918266424579,True,family,Normalised SCP,cluster_6,cluster,svr
Other backbone,28,0.8928571428571429,-0.0071428571428571175,204.69045822586082,True,family,Normalised SCP,cluster_6,cluster,svr
0,1497,0.6800267201068805,-0.21997327989311954,138.40770000000003,True,similarity,SCP,cluster_6,cluster,random_forest
1,1076,0.7704460966542751,-0.12955390334572492,138.4077,True,similarity,SCP,cluster_6,cluster,random_forest
2,301,0.8338870431893688,-0.06611295681063123,138.4077,True,similarity,SCP,cluster_6,cluster,random_forest
3,102,0.8627450980392157,-0.03725490196078429,138.4077,True,similarity,SCP,cluster_6,cluster,random_forest
4,10,0.9,0.0,138.40770000000003,True,similarity,SCP,cluster_6,cluster,random_forest
Polyvinyls,2,0.0,-0.9,138.40770000000003,False,family,SCP,cluster_6,cluster,random_forest
Polyureas,4,0.25,-0.65,138.40770000000003,False,family,SCP,cluster_6,cluster,random_forest
Polyphosphazenes,3,0.3333333333333333,-0.5666666666666667,138.40770000000003,False,family,SCP,cluster_6,cluster,random_forest
Polyhalo-olefins,7,0.42857142857142855,-0.4714285714285715,138.4077,False,family,SCP,cluster_6,cluster,random_forest
Other backbone,28,0.4642857142857143,-0.4357142857142857,138.40770000000006,True,family,SCP,cluster_6,cluster,random_forest
Polysiloxanes,4,0.5,-0.4,138.40770000000003,False,family,SCP,cluster_6,cluster,random_forest
Polycarbonates,10,0.5,-0.4,138.40770000000003,True,family,SCP,cluster_6,cluster,random_forest
Polystyrenes,10,0.5,-0.4,138.40770000000003,True,family,SCP,cluster_6,cluster,random_forest
Polyolefins,31,0.5161290322580645,-0.3838709677419355,138.40770000000003,True,family,SCP,cluster_6,cluster,random_forest
Polydienes,3,0.6666666666666666,-0.2333333333333334,138.40770000000003,False,family,SCP,cluster_6,cluster,random_forest
Polysulfones,154,0.6753246753246753,-0.2246753246753247,138.4077,True,family,SCP,cluster_6,cluster,random_forest
Polyphenylenes,248,0.6975806451612904,-0.20241935483870965,138.4077,True,family,SCP,cluster_6,cluster,random_forest
Polyesters,80,0.725,-0.17500000000000004,138.40770000000003,True,family,SCP,cluster_6,cluster,random_forest
Polyimides,1608,0.7356965174129353,-0.16430348258706473,138.4077,True,family,SCP,cluster_6,cluster,random_forest
Polyacrylics,34,0.7647058823529411,-0.1352941176470589,138.4077,True,family,SCP,cluster_6,cluster,random_forest
Polyamides,225,0.7688888888888888,-0.13111111111111118,138.4077,True,family,SCP,cluster_6,cluster,random_forest
Polyethers,459,0.7908496732026143,-0.10915032679738568,138.4077,True,family,SCP,cluster_6,cluster,random_forest
Polysulfides,32,0.8125,-0.08750000000000002,138.40770000000003,True,family,SCP,cluster_6,cluster,random_forest
Polyimines,36,0.9166666666666666,0.016666666666666607,138.4077,True,family,SCP,cluster_6,cluster,random_forest
Polyurethanes,8,1.0,0.09999999999999998,138.40770000000003,False,family,SCP,cluster_6,cluster,random_forest
4,10,0.9,0.0,137.30320000000003,True,similarity,Mondrian-similarity,cluster_6,cluster,random_forest
2,301,0.9302325581395349,0.03023255813953485,181.64943999999997,True,similarity,Mondrian-similarity,cluster_6,cluster,random_forest
3,102,0.9509803921568627,0.050980392156862675,190.96688000000003,True,similarity,Mondrian-similarity,cluster_6,cluster,random_forest
0,1497,0.9853039412157648,0.08530394121576479,363.3814000000001,True,similarity,Mondrian-similarity,cluster_6,cluster,random_forest
1,1076,0.991635687732342,0.09163568773234199,307.97219999999993,True,similarity,Mondrian-similarity,cluster_6,cluster,random_forest
Polyolefins,31,0.8709677419354839,-0.029032258064516148,345.00732387096775,True,family,Mondrian-similarity,cluster_6,cluster,random_forest
Polycarbonates,10,0.9,0.0,238.65120799999994,True,family,Mondrian-similarity,cluster_6,cluster,random_forest
Polyacrylics,34,0.9411764705882353,0.04117647058823526,273.71387529411766,True,family,Mondrian-similarity,cluster_6,cluster,random_forest
Polyesters,80,0.95,0.04999999999999993,289.4698585,True,family,Mondrian-similarity,cluster_6,cluster,random_forest
Polyamides,225,0.96,0.05999999999999994,245.1229736888889,True,family,Mondrian-similarity,cluster_6,cluster,random_forest
Polysulfides,32,0.96875,0.06874999999999998,348.5600775,True,family,Mondrian-similarity,cluster_6,cluster,random_forest
Polyphenylenes,248,0.9717741935483871,0.0717741935483871,352.7912991935485,True,family,Mondrian-similarity,cluster_6,cluster,random_forest
Polyimines,36,0.9722222222222222,0.07222222222222219,308.0474555555555,True,family,Mondrian-similarity,cluster_6,cluster,random_forest
Polysulfones,154,0.9805194805194806,0.08051948051948055,299.9322623376623,True,family,Mondrian-similarity,cluster_6,cluster,random_forest
Polyimides,1608,0.986318407960199,0.08631840796019896,328.16363689054725,True,family,Mondrian-similarity,cluster_6,cluster,random_forest
Polyethers,459,0.9912854030501089,0.0912854030501089,312.50302971677564,True,family,Mondrian-similarity,cluster_6,cluster,random_forest
Polyhalo-olefins,7,1.0,0.09999999999999998,355.46579999999994,False,family,Mondrian-similarity,cluster_6,cluster,random_forest
Other backbone,28,1.0,0.09999999999999998,347.5502,True,family,Mondrian-similarity,cluster_6,cluster,random_forest
Polyurethanes,8,1.0,0.09999999999999998,284.70052999999996,False,family,Mondrian-similarity,cluster_6,cluster,random_forest
Polystyrenes,10,1.0,0.09999999999999998,317.503604,True,family,Mondrian-similarity,cluster_6,cluster,random_forest
Polydienes,3,1.0,0.09999999999999998,363.3814,False,family,Mondrian-similarity,cluster_6,cluster,random_forest
Polyvinyls,2,1.0,0.09999999999999998,335.67679999999996,False,family,Mondrian-similarity,cluster_6,cluster,random_forest
Polysiloxanes,4,1.0,0.09999999999999998,304.09610999999995,False,family,Mondrian-similarity,cluster_6,cluster,random_forest
Polyphosphazenes,3,1.0,0.09999999999999998,363.3814,False,family,Mondrian-similarity,cluster_6,cluster,random_forest
Polyureas,4,1.0,0.09999999999999998,349.52909999999997,False,family,Mondrian-similarity,cluster_6,cluster,random_forest
0,1497,0.8162992651970608,-0.08370073480293927,200.10290348697393,True,similarity,Mondrian-family,cluster_6,cluster,random_forest
1,1076,0.8615241635687733,-0.03847583643122676,185.28146594795535,True,similarity,Mondrian-family,cluster_6,cluster,random_forest
2,301,0.893687707641196,-0.006312292358804039,166.04661514950163,True,similarity,Mondrian-family,cluster_6,cluster,random_forest
3,102,0.9019607843137255,0.0019607843137254832,148.06494999999998,True,similarity,Mondrian-family,cluster_6,cluster,random_forest
4,10,1.0,0.09999999999999998,147.60852000000003,True,similarity,Mondrian-family,cluster_6,cluster,random_forest
Polyvinyls,2,0.0,-0.9,124.3320799999999,False,family,Mondrian-family,cluster_6,cluster,random_forest
Polyureas,4,0.25,-0.65,138.40770000000003,False,family,Mondrian-family,cluster_6,cluster,random_forest
Polyhalo-olefins,7,0.42857142857142855,-0.4714285714285715,138.4077,False,family,Mondrian-family,cluster_6,cluster,random_forest
Other backbone,28,0.4642857142857143,-0.4357142857142857,138.40770000000006,True,family,Mondrian-family,cluster_6,cluster,random_forest
Polycarbonates,10,0.5,-0.4,122.73141999999999,True,family,Mondrian-family,cluster_6,cluster,random_forest
Polystyrenes,10,0.5,-0.4,137.3032,True,family,Mondrian-family,cluster_6,cluster,random_forest
Polyolefins,31,0.5161290322580645,-0.3838709677419355,138.40770000000003,True,family,Mondrian-family,cluster_6,cluster,random_forest
Polyesters,80,0.6,-0.30000000000000004,113.39699999999998,True,family,Mondrian-family,cluster_6,cluster,random_forest
Polyacrylics,34,0.6176470588235294,-0.2823529411764706,105.6964,True,family,Mondrian-family,cluster_6,cluster,random_forest
Polyphosphazenes,3,0.6666666666666666,-0.2333333333333334,175.961,False,family,Mondrian-family,cluster_6,cluster,random_forest
Polydienes,3,0.6666666666666666,-0.2333333333333334,138.40770000000003,False,family,Mondrian-family,cluster_6,cluster,random_forest
Polysulfones,154,0.6753246753246753,-0.2246753246753247,138.4077,True,family,Mondrian-family,cluster_6,cluster,random_forest
Polysulfides,32,0.8125,-0.08750000000000002,138.40770000000003,True,family,Mondrian-family,cluster_6,cluster,random_forest
Polyamides,225,0.8311111111111111,-0.06888888888888889,149.2816,True,family,Mondrian-family,cluster_6,cluster,random_forest
Polyethers,459,0.8366013071895425,-0.06339869281045751,153.48851999999988,True,family,Mondrian-family,cluster_6,cluster,random_forest
Polyimides,1608,0.8868159203980099,-0.013184079601990084,202.7364,True,family,Mondrian-family,cluster_6,cluster,random_forest
Polyimines,36,0.9166666666666666,0.016666666666666607,138.4077,True,family,Mondrian-family,cluster_6,cluster,random_forest
Polyphenylenes,248,0.9354838709677419,0.03548387096774186,307.97220000000004,True,family,Mondrian-family,cluster_6,cluster,random_forest
Polyurethanes,8,1.0,0.09999999999999998,168.43540000000007,False,family,Mondrian-family,cluster_6,cluster,random_forest
Polysiloxanes,4,1.0,0.09999999999999998,209.683,False,family,Mondrian-family,cluster_6,cluster,random_forest
0,1497,0.7768871075484302,-0.12311289245156987,178.2339371220766,True,similarity,Normalised SCP,cluster_6,cluster,random_forest
1,1076,0.7955390334572491,-0.10446096654275094,163.91478861090044,True,similarity,Normalised SCP,cluster_6,cluster,random_forest
2,301,0.8571428571428571,-0.04285714285714293,167.77444701649924,True,similarity,Normalised SCP,cluster_6,cluster,random_forest
3,102,0.9019607843137255,0.0019607843137254832,190.06838673269903,True,similarity,Normalised SCP,cluster_6,cluster,random_forest
4,10,1.0,0.09999999999999998,180.55192956434854,True,similarity,Normalised SCP,cluster_6,cluster,random_forest
Polyvinyls,2,0.0,-0.9,114.14258050670524,False,family,Normalised SCP,cluster_6,cluster,random_forest
Polyureas,4,0.25,-0.65,165.2308529374585,False,family,Normalised SCP,cluster_6,cluster,random_forest
Polyhalo-olefins,7,0.42857142857142855,-0.4714285714285715,151.55242115985806,False,family,Normalised SCP,cluster_6,cluster,random_forest
Polysiloxanes,4,0.5,-0.4,188.63149488710664,False,family,Normalised SCP,cluster_6,cluster,random_forest
Polyolefins,31,0.5483870967741935,-0.3516129032258065,174.53766819559897,True,family,Normalised SCP,cluster_6,cluster,random_forest
Polystyrenes,10,0.6,-0.30000000000000004,156.15868014194197,True,family,Normalised SCP,cluster_6,cluster,random_forest
Polydienes,3,0.6666666666666666,-0.2333333333333334,178.39495473627153,False,family,Normalised SCP,cluster_6,cluster,random_forest
Polyphosphazenes,3,0.6666666666666666,-0.2333333333333334,223.10473034577558,False,family,Normalised SCP,cluster_6,cluster,random_forest
Polycarbonates,10,0.7,-0.20000000000000007,178.5403169124824,True,family,Normalised SCP,cluster_6,cluster,random_forest
Polyacrylics,34,0.7352941176470589,-0.16470588235294115,128.94240344583957,True,family,Normalised SCP,cluster_6,cluster,random_forest
Polyesters,80,0.7625,-0.13750000000000007,170.58643314154625,True,family,Normalised SCP,cluster_6,cluster,random_forest
Polyamides,225,0.7733333333333333,-0.1266666666666667,153.79889257066208,True,family,Normalised SCP,cluster_6,cluster,random_forest
Polyimides,1608,0.7854477611940298,-0.11455223880597021,166.74597699033245,True,family,Normalised SCP,cluster_6,cluster,random_forest
Other backbone,28,0.7857142857142857,-0.11428571428571432,191.2223511695224,True,family,Normalised SCP,cluster_6,cluster,random_forest
Polyphenylenes,248,0.8185483870967742,-0.08145161290322578,193.00623039955937,True,family,Normalised SCP,cluster_6,cluster,random_forest
Polysulfides,32,0.84375,-0.05625000000000002,191.64598857766157,True,family,Normalised SCP,cluster_6,cluster,random_forest
Polyethers,459,0.8496732026143791,-0.05032679738562096,184.7890028654505,True,family,Normalised SCP,cluster_6,cluster,random_forest
Polysulfones,154,0.8701298701298701,-0.029870129870129936,192.08998871111774,True,family,Normalised SCP,cluster_6,cluster,random_forest
Polyurethanes,8,0.875,-0.025000000000000022,114.98193945290343,False,family,Normalised SCP,cluster_6,cluster,random_forest
Polyimines,36,0.9166666666666666,0.016666666666666607,188.30040486396013,True,family,Normalised SCP,cluster_6,cluster,random_forest
0,1497,0.7247828991315965,-0.17521710086840347,125.71890305694822,True,similarity,SCP,cluster_6,cluster,hist_gbr
1,1076,0.8131970260223048,-0.08680297397769521,125.7189030569482,True,similarity,SCP,cluster_6,cluster,hist_gbr
2,301,0.8471760797342193,-0.052823920265780755,125.71890305694821,True,similarity,SCP,cluster_6,cluster,hist_gbr
3,102,0.8529411764705882,-0.04705882352941182,125.71890305694818,True,similarity,SCP,cluster_6,cluster,hist_gbr
4,10,0.9,0.0,125.7189030569482,True,similarity,SCP,cluster_6,cluster,hist_gbr
Polyvinyls,2,0.0,-0.9,125.7189030569482,False,family,SCP,cluster_6,cluster,hist_gbr
Other backbone,28,0.32142857142857145,-0.5785714285714285,125.71890305694816,True,family,SCP,cluster_6,cluster,hist_gbr
Polyhalo-olefins,7,0.42857142857142855,-0.4714285714285715,125.7189030569482,False,family,SCP,cluster_6,cluster,hist_gbr
Polyureas,4,0.5,-0.4,125.7189030569482,False,family,SCP,cluster_6,cluster,hist_gbr
Polycarbonates,10,0.5,-0.4,125.7189030569482,True,family,SCP,cluster_6,cluster,hist_gbr
Polyolefins,31,0.5483870967741935,-0.3516129032258065,125.71890305694814,True,family,SCP,cluster_6,cluster,hist_gbr
Polydienes,3,0.6666666666666666,-0.2333333333333334,125.7189030569482,False,family,SCP,cluster_6,cluster,hist_gbr
Polyesters,80,0.675,-0.22499999999999998,125.7189030569482,True,family,SCP,cluster_6,cluster,hist_gbr
Polyphenylenes,248,0.6854838709677419,-0.21451612903225814,125.71890305694821,True,family,SCP,cluster_6,cluster,hist_gbr
Polystyrenes,10,0.7,-0.20000000000000007,125.7189030569482,True,family,SCP,cluster_6,cluster,hist_gbr
Polysiloxanes,4,0.75,-0.15000000000000002,125.7189030569482,False,family,SCP,cluster_6,cluster,hist_gbr
Polyamides,225,0.7511111111111111,-0.14888888888888896,125.7189030569482,True,family,SCP,cluster_6,cluster,hist_gbr
Polysulfides,32,0.78125,-0.11875000000000002,125.7189030569482,True,family,SCP,cluster_6,cluster,hist_gbr
Polyimides,1608,0.7935323383084577,-0.10646766169154231,125.7189030569482,True,family,SCP,cluster_6,cluster,hist_gbr
Polysulfones,154,0.8116883116883117,-0.08831168831168834,125.71890305694818,True,family,SCP,cluster_6,cluster,hist_gbr
Polyethers,459,0.8126361655773421,-0.08736383442265794,125.71890305694818,True,family,SCP,cluster_6,cluster,hist_gbr
Polyacrylics,34,0.8529411764705882,-0.04705882352941182,125.71890305694818,True,family,SCP,cluster_6,cluster,hist_gbr
Polyimines,36,0.8611111111111112,-0.03888888888888886,125.71890305694816,True,family,SCP,cluster_6,cluster,hist_gbr
Polyurethanes,8,1.0,0.09999999999999998,125.7189030569482,False,family,SCP,cluster_6,cluster,hist_gbr
Polyphosphazenes,3,1.0,0.09999999999999998,125.7189030569482,False,family,SCP,cluster_6,cluster,hist_gbr
4,10,0.8,-0.09999999999999998,107.42946169098343,True,similarity,Mondrian-similarity,cluster_6,cluster,hist_gbr
2,301,0.8837209302325582,-0.016279069767441867,142.27272847174592,True,similarity,Mondrian-similarity,cluster_6,cluster,hist_gbr
3,102,0.9313725490196079,0.03137254901960784,168.09821060601016,True,similarity,Mondrian-similarity,cluster_6,cluster,hist_gbr
1,1076,0.9702602230483272,0.07026022304832713,226.61032287068326,True,similarity,Mondrian-similarity,cluster_6,cluster,hist_gbr
0,1497,0.9973279893119572,0.09732798931195719,414.6148128086552,True,similarity,Mondrian-similarity,cluster_6,cluster,hist_gbr
Polycarbonates,10,0.9,0.0,197.39076343854444,True,family,Mondrian-similarity,cluster_6,cluster,hist_gbr
Polyacrylics,34,0.9117647058823529,0.0117647058823529,231.54052202095124,True,family,Mondrian-similarity,cluster_6,cluster,hist_gbr
Polyamides,225,0.9244444444444444,0.02444444444444438,215.23118014825133,True,family,Mondrian-similarity,cluster_6,cluster,hist_gbr
Polyesters,80,0.925,0.025000000000000022,263.17134852779543,True,family,Mondrian-similarity,cluster_6,cluster,hist_gbr
Polysulfones,154,0.9545454545454546,0.054545454545454564,275.30249312496153,True,family,Mondrian-similarity,cluster_6,cluster,hist_gbr
Polyolefins,31,0.967741935483871,0.06774193548387097,363.3769575214709,True,family,Mondrian-similarity,cluster_6,cluster,hist_gbr
Polyphenylenes,248,0.9758064516129032,0.07580645161290323,385.62348373703554,True,family,Mondrian-similarity,cluster_6,cluster,hist_gbr
Polyethers,459,0.9760348583877996,0.07603485838779955,306.8730798311574,True,family,Mondrian-similarity,cluster_6,cluster,hist_gbr
Polyimides,1608,0.9825870646766169,0.08258706467661692,317.5722980908789,True,family,Mondrian-similarity,cluster_6,cluster,hist_gbr
Polyhalo-olefins,7,1.0,0.09999999999999998,387.75702853180206,False,family,Mondrian-similarity,cluster_6,cluster,hist_gbr
Polysulfides,32,1.0,0.09999999999999998,385.8431519164751,True,family,Mondrian-similarity,cluster_6,cluster,hist_gbr
Polydienes,3,1.0,0.09999999999999998,414.6148128086552,False,family,Mondrian-similarity,cluster_6,cluster,hist_gbr
Other backbone,28,1.0,0.09999999999999998,360.89924425494894,True,family,Mondrian-similarity,cluster_6,cluster,hist_gbr
Polyimines,36,1.0,0.09999999999999998,264.95797603680165,True,family,Mondrian-similarity,cluster_6,cluster,hist_gbr
Polystyrenes,10,1.0,0.09999999999999998,293.37835940597836,True,family,Mondrian-similarity,cluster_6,cluster,hist_gbr
Polyurethanes,8,1.0,0.09999999999999998,248.17163840784661,False,family,Mondrian-similarity,cluster_6,cluster,hist_gbr
Polyvinyls,2,1.0,0.09999999999999998,320.6125678396693,False,family,Mondrian-similarity,cluster_6,cluster,hist_gbr
Polysiloxanes,4,1.0,0.09999999999999998,299.52816923993487,False,family,Mondrian-similarity,cluster_6,cluster,hist_gbr
Polyphosphazenes,3,1.0,0.09999999999999998,414.6148128086552,False,family,Mondrian-similarity,cluster_6,cluster,hist_gbr
Polyureas,4,1.0,0.09999999999999998,367.61369032416223,False,family,Mondrian-similarity,cluster_6,cluster,hist_gbr
0,1497,0.7561790247160989,-0.14382097528390114,141.55970769264832,True,similarity,Mondrian-family,cluster_6,cluster,hist_gbr
1,1076,0.8029739776951673,-0.0970260223048327,127.31874902953973,True,similarity,Mondrian-family,cluster_6,cluster,hist_gbr
3,102,0.8431372549019608,-0.056862745098039236,119.6410441104418,True,similarity,Mondrian-family,cluster_6,cluster,hist_gbr
2,301,0.8438538205980066,-0.0561461794019934,124.5607201244966,True,similarity,Mondrian-family,cluster_6,cluster,hist_gbr
4,10,0.9,0.0,124.00642339563372,True,similarity,Mondrian-family,cluster_6,cluster,hist_gbr
Polyvinyls,2,0.0,-0.9,105.40786282157791,False,family,Mondrian-family,cluster_6,cluster,hist_gbr
Other backbone,28,0.32142857142857145,-0.5785714285714285,125.71890305694816,True,family,Mondrian-family,cluster_6,cluster,hist_gbr
Polyhalo-olefins,7,0.42857142857142855,-0.4714285714285715,125.7189030569482,False,family,Mondrian-family,cluster_6,cluster,hist_gbr
Polyureas,4,0.5,-0.4,125.7189030569482,False,family,Mondrian-family,cluster_6,cluster,hist_gbr
Polycarbonates,10,0.5,-0.4,106.47481041993326,True,family,Mondrian-family,cluster_6,cluster,hist_gbr
Polyolefins,31,0.5483870967741935,-0.3516129032258065,125.71890305694814,True,family,Mondrian-family,cluster_6,cluster,hist_gbr
Polyesters,80,0.6125,-0.2875,107.88844677682846,True,family,Mondrian-family,cluster_6,cluster,hist_gbr
Polydienes,3,0.6666666666666666,-0.2333333333333334,125.7189030569482,False,family,Mondrian-family,cluster_6,cluster,hist_gbr
Polyacrylics,34,0.7352941176470589,-0.16470588235294115,101.76590731264211,True,family,Mondrian-family,cluster_6,cluster,hist_gbr
Polyamides,225,0.7511111111111111,-0.14888888888888896,124.12640732645268,True,family,Mondrian-family,cluster_6,cluster,hist_gbr
Polysulfides,32,0.78125,-0.11875000000000002,125.7189030569482,True,family,Mondrian-family,cluster_6,cluster,hist_gbr
Polyethers,459,0.7821350762527233,-0.11786492374727675,118.3508900795714,True,family,Mondrian-family,cluster_6,cluster,hist_gbr
Polyimides,1608,0.7935323383084577,-0.10646766169154231,125.7189030569482,True,family,Mondrian-family,cluster_6,cluster,hist_gbr
Polystyrenes,10,0.8,-0.09999999999999998,133.39830756018893,True,family,Mondrian-family,cluster_6,cluster,hist_gbr
Polysulfones,154,0.8116883116883117,-0.08831168831168834,125.71890305694818,True,family,Mondrian-family,cluster_6,cluster,hist_gbr
Polyimines,36,0.8611111111111112,-0.03888888888888886,125.71890305694816,True,family,Mondrian-family,cluster_6,cluster,hist_gbr
Polyphenylenes,248,0.907258064516129,0.007258064516128981,247.43566068742163,True,family,Mondrian-family,cluster_6,cluster,hist_gbr
Polyurethanes,8,1.0,0.09999999999999998,139.16452856788715,False,family,Mondrian-family,cluster_6,cluster,hist_gbr
Polyphosphazenes,3,1.0,0.09999999999999998,180.5924439308831,False,family,Mondrian-family,cluster_6,cluster,hist_gbr
Polysiloxanes,4,1.0,0.09999999999999998,157.92756074745364,False,family,Mondrian-family,cluster_6,cluster,hist_gbr
0,1497,0.822311289245157,-0.07768871075484307,164.41141620125163,True,similarity,Normalised SCP,cluster_6,cluster,hist_gbr
1,1076,0.8596654275092936,-0.04033457249070638,151.2191468085184,True,similarity,Normalised SCP,cluster_6,cluster,hist_gbr
2,301,0.9003322259136213,0.00033222591362125353,153.53953605670307,True,similarity,Normalised SCP,cluster_6,cluster,hist_gbr
3,102,0.9509803921568627,0.050980392156862675,167.31569726550987,True,similarity,Normalised SCP,cluster_6,cluster,hist_gbr
4,10,1.0,0.09999999999999998,181.63080736110666,True,similarity,Normalised SCP,cluster_6,cluster,hist_gbr
Polyvinyls,2,0.0,-0.9,149.34741652946204,False,family,Normalised SCP,cluster_6,cluster,hist_gbr
Polyureas,4,0.5,-0.4,180.54884628667787,False,family,Normalised SCP,cluster_6,cluster,hist_gbr
Polyolefins,31,0.5806451612903226,-0.3193548387096774,193.14569812073998,True,family,Normalised SCP,cluster_6,cluster,hist_gbr
Polydienes,3,0.6666666666666666,-0.2333333333333334,182.08347208348764,False,family,Normalised SCP,cluster_6,cluster,hist_gbr
Polycarbonates,10,0.7,-0.20000000000000007,140.96528815717542,True,family,Normalised SCP,cluster_6,cluster,hist_gbr
Other backbone,28,0.7142857142857143,-0.18571428571428572,195.40688894654042,True,family,Normalised SCP,cluster_6,cluster,hist_gbr
Polyesters,80,0.8,-0.09999999999999998,148.845903494778,True,family,Normalised SCP,cluster_6,cluster,hist_gbr
Polyphenylenes,248,0.8185483870967742,-0.08145161290322578,188.10129276522605,True,family,Normalised SCP,cluster_6,cluster,hist_gbr
Polyimides,1608,0.8414179104477612,-0.05858208955223887,148.63798239944134,True,family,Normalised SCP,cluster_6,cluster,hist_gbr
Polyamides,225,0.8444444444444444,-0.05555555555555558,155.94854810369213,True,family,Normalised SCP,cluster_6,cluster,hist_gbr
Polyacrylics,34,0.8529411764705882,-0.04705882352941182,128.78394157041672,True,family,Normalised SCP,cluster_6,cluster,hist_gbr
Polyhalo-olefins,7,0.8571428571428571,-0.04285714285714293,278.78189992965196,False,family,Normalised SCP,cluster_6,cluster,hist_gbr
Polyimines,36,0.8611111111111112,-0.03888888888888886,169.97898099839512,True,family,Normalised SCP,cluster_6,cluster,hist_gbr
Polysulfones,154,0.8831168831168831,-0.016883116883116944,160.21011555591508,True,family,Normalised SCP,cluster_6,cluster,hist_gbr
Polyethers,459,0.9106753812636166,0.010675381263616557,173.74604454608814,True,family,Normalised SCP,cluster_6,cluster,hist_gbr
Polysulfides,32,0.9375,0.03749999999999998,186.7463134726396,True,family,Normalised SCP,cluster_6,cluster,hist_gbr
Polystyrenes,10,1.0,0.09999999999999998,186.30155677075467,True,family,Normalised SCP,cluster_6,cluster,hist_gbr
Polyurethanes,8,1.0,0.09999999999999998,114.02841982368703,False,family,Normalised SCP,cluster_6,cluster,hist_gbr
Polyphosphazenes,3,1.0,0.09999999999999998,202.72519632760918,False,family,Normalised SCP,cluster_6,cluster,hist_gbr
Polysiloxanes,4,1.0,0.09999999999999998,153.08579855547197,False,family,Normalised SCP,cluster_6,cluster,hist_gbr
0,1497,0.6325985303941216,-0.2674014696058784,127.88270000000001,True,similarity,SCP,cluster_6,cluster,extra_trees
1,1076,0.7611524163568774,-0.13884758364312266,127.88269999999999,True,similarity,SCP,cluster_6,cluster,extra_trees
2,301,0.8372093023255814,-0.06279069767441858,127.88270000000003,True,similarity,SCP,cluster_6,cluster,extra_trees
3,102,0.8529411764705882,-0.04705882352941182,127.88270000000004,True,similarity,SCP,cluster_6,cluster,extra_trees
4,10,0.9,0.0,127.88269999999997,True,similarity,SCP,cluster_6,cluster,extra_trees
Polyvinyls,2,0.0,-0.9,127.8827,False,family,SCP,cluster_6,cluster,extra_trees
Polyureas,4,0.25,-0.65,127.8827,False,family,SCP,cluster_6,cluster,extra_trees
Other backbone,28,0.35714285714285715,-0.5428571428571429,127.88270000000001,True,family,SCP,cluster_6,cluster,extra_trees
Polystyrenes,10,0.4,-0.5,127.88270000000003,True,family,SCP,cluster_6,cluster,extra_trees
Polyhalo-olefins,7,0.42857142857142855,-0.4714285714285715,127.8827,False,family,SCP,cluster_6,cluster,extra_trees
Polyolefins,31,0.5483870967741935,-0.3516129032258065,127.88270000000003,True,family,SCP,cluster_6,cluster,extra_trees
Polycarbonates,10,0.6,-0.30000000000000004,127.88270000000003,True,family,SCP,cluster_6,cluster,extra_trees
Polyesters,80,0.6,-0.30000000000000004,127.88270000000003,True,family,SCP,cluster_6,cluster,extra_trees
Polyphenylenes,248,0.6532258064516129,-0.24677419354838714,127.88270000000003,True,family,SCP,cluster_6,cluster,extra_trees
Polysulfones,154,0.6558441558441559,-0.24415584415584413,127.88270000000001,True,family,SCP,cluster_6,cluster,extra_trees
Polydienes,3,0.6666666666666666,-0.2333333333333334,127.8827,False,family,SCP,cluster_6,cluster,extra_trees
Polyphosphazenes,3,0.6666666666666666,-0.2333333333333334,127.8827,False,family,SCP,cluster_6,cluster,extra_trees
Polyimides,1608,0.6996268656716418,-0.20037313432835824,127.88270000000001,True,family,SCP,cluster_6,cluster,extra_trees
Polyacrylics,34,0.7058823529411765,-0.1941176470588235,127.8827,True,family,SCP,cluster_6,cluster,extra_trees
Polysiloxanes,4,0.75,-0.15000000000000002,127.8827,False,family,SCP,cluster_6,cluster,extra_trees
Polysulfides,32,0.78125,-0.11875000000000002,127.8827,True,family,SCP,cluster_6,cluster,extra_trees
Polyethers,459,0.7886710239651417,-0.11132897603485836,127.88270000000003,True,family,SCP,cluster_6,cluster,extra_trees
Polyamides,225,0.7911111111111111,-0.10888888888888892,127.88270000000003,True,family,SCP,cluster_6,cluster,extra_trees
Polyimines,36,0.9166666666666666,0.016666666666666607,127.88270000000001,True,family,SCP,cluster_6,cluster,extra_trees
Polyurethanes,8,1.0,0.09999999999999998,127.8827,False,family,SCP,cluster_6,cluster,extra_trees
4,10,0.9,0.0,112.33999999999996,True,similarity,Mondrian-similarity,cluster_6,cluster,extra_trees
2,301,0.9036544850498339,0.0036544850498339,158.43000000000004,True,similarity,Mondrian-similarity,cluster_6,cluster,extra_trees
3,102,0.9117647058823529,0.0117647058823529,166.09920000000002,True,similarity,Mondrian-similarity,cluster_6,cluster,extra_trees
1,1076,0.9814126394052045,0.08141263940520449,270.26140000000015,True,similarity,Mondrian-similarity,cluster_6,cluster,extra_trees
0,1497,0.9826319305277221,0.08263193052772211,363.01220000000006,True,similarity,Mondrian-similarity,cluster_6,cluster,extra_trees
Polyolefins,31,0.8709677419354839,-0.029032258064516148,335.4690451612902,True,family,Mondrian-similarity,cluster_6,cluster,extra_trees
Polystyrenes,10,0.9,0.0,296.17858000000007,True,family,Mondrian-similarity,cluster_6,cluster,extra_trees
Polycarbonates,10,0.9,0.0,213.20456000000004,True,family,Mondrian-similarity,cluster_6,cluster,extra_trees
Polyacrylics,34,0.9117647058823529,0.0117647058823529,247.61041176470596,True,family,Mondrian-similarity,cluster_6,cluster,extra_trees
Other backbone,28,0.9285714285714286,0.02857142857142858,336.51197142857137,True,family,Mondrian-similarity,cluster_6,cluster,extra_trees
Polyesters,80,0.9375,0.03749999999999998,266.79696250000006,True,family,Mondrian-similarity,cluster_6,cluster,extra_trees
Polyamides,225,0.9422222222222222,0.04222222222222216,222.03181777777783,True,family,Mondrian-similarity,cluster_6,cluster,extra_trees
Polysulfides,32,0.96875,0.06874999999999998,344.42888750000003,True,family,Mondrian-similarity,cluster_6,cluster,extra_trees
Polyphenylenes,248,0.9717741935483871,0.0717741935483871,347.2937088709678,True,family,Mondrian-similarity,cluster_6,cluster,extra_trees
Polyimines,36,0.9722222222222222,0.07222222222222219,281.2364222222222,True,family,Mondrian-similarity,cluster_6,cluster,extra_trees
Polysulfones,154,0.974025974025974,0.074025974025974,278.7464363636364,True,family,Mondrian-similarity,cluster_6,cluster,extra_trees
Polyimides,1608,0.9757462686567164,0.07574626865671641,310.5261486318409,True,family,Mondrian-similarity,cluster_6,cluster,extra_trees
Polyethers,459,0.9912854030501089,0.0912854030501089,296.22765228758175,True,family,Mondrian-similarity,cluster_6,cluster,extra_trees
Polyhalo-olefins,7,1.0,0.09999999999999998,349.7620857142857,False,family,Mondrian-similarity,cluster_6,cluster,extra_trees
Polyurethanes,8,1.0,0.09999999999999998,259.73,False,family,Mondrian-similarity,cluster_6,cluster,extra_trees
Polydienes,3,1.0,0.09999999999999998,363.01219999999995,False,family,Mondrian-similarity,cluster_6,cluster,extra_trees
Polyvinyls,2,1.0,0.09999999999999998,316.63680000000005,False,family,Mondrian-similarity,cluster_6,cluster,extra_trees
Polysiloxanes,4,1.0,0.09999999999999998,288.67895,False,family,Mondrian-similarity,cluster_6,cluster,extra_trees
Polyphosphazenes,3,1.0,0.09999999999999998,363.01219999999995,False,family,Mondrian-similarity,cluster_6,cluster,extra_trees
Polyureas,4,1.0,0.09999999999999998,339.82450000000006,False,family,Mondrian-similarity,cluster_6,cluster,extra_trees
0,1497,0.8056112224448898,-0.09438877755511021,188.46109839679355,True,similarity,Mondrian-family,cluster_6,cluster,extra_trees
1,1076,0.8596654275092936,-0.04033457249070638,176.29673763940517,True,similarity,Mondrian-family,cluster_6,cluster,extra_trees
3,102,0.8725490196078431,-0.027450980392156876,138.08501176470583,True,similarity,Mondrian-family,cluster_6,cluster,extra_trees
2,301,0.8803986710963455,-0.019601328903654514,156.01768272425244,True,similarity,Mondrian-family,cluster_6,cluster,extra_trees
4,10,0.9,0.0,126.95269999999998,True,similarity,Mondrian-family,cluster_6,cluster,extra_trees
Polyvinyls,2,0.0,-0.9,110.97040000000001,False,family,Mondrian-family,cluster_6,cluster,extra_trees
Polyureas,4,0.25,-0.65,127.8827,False,family,Mondrian-family,cluster_6,cluster,extra_trees
Other backbone,28,0.35714285714285715,-0.5428571428571429,127.88270000000001,True,family,Mondrian-family,cluster_6,cluster,extra_trees
Polystyrenes,10,0.4,-0.5,122.31380000000001,True,family,Mondrian-family,cluster_6,cluster,extra_trees
Polyhalo-olefins,7,0.42857142857142855,-0.4714285714285715,127.8827,False,family,Mondrian-family,cluster_6,cluster,extra_trees
Polyesters,80,0.525,-0.375,107.40979999999999,True,family,Mondrian-family,cluster_6,cluster,extra_trees
Polyolefins,31,0.5483870967741935,-0.3516129032258065,127.88270000000003,True,family,Mondrian-family,cluster_6,cluster,extra_trees
Polycarbonates,10,0.6,-0.30000000000000004,122.74859999999994,True,family,Mondrian-family,cluster_6,cluster,extra_trees
Polyacrylics,34,0.6470588235294118,-0.2529411764705882,98.96159999999999,True,family,Mondrian-family,cluster_6,cluster,extra_trees
Polysulfones,154,0.6558441558441559,-0.24415584415584413,127.88270000000001,True,family,Mondrian-family,cluster_6,cluster,extra_trees
Polydienes,3,0.6666666666666666,-0.2333333333333334,127.8827,False,family,Mondrian-family,cluster_6,cluster,extra_trees
Polyphosphazenes,3,0.6666666666666666,-0.2333333333333334,142.1336,False,family,Mondrian-family,cluster_6,cluster,extra_trees
Polysulfides,32,0.78125,-0.11875000000000002,127.8827,True,family,Mondrian-family,cluster_6,cluster,extra_trees
Polyamides,225,0.7911111111111111,-0.10888888888888892,128.04619999999997,True,family,Mondrian-family,cluster_6,cluster,extra_trees
Polyethers,459,0.8583877995642701,-0.041612200435729885,158.208,True,family,Mondrian-family,cluster_6,cluster,extra_trees
Polyimides,1608,0.8824626865671642,-0.01753731343283582,193.3719999999999,True,family,Mondrian-family,cluster_6,cluster,extra_trees
Polyphenylenes,248,0.8991935483870968,-0.0008064516129032695,270.2614000000002,True,family,Mondrian-family,cluster_6,cluster,extra_trees
Polyimines,36,0.9166666666666666,0.016666666666666607,127.88270000000001,True,family,Mondrian-family,cluster_6,cluster,extra_trees
Polyurethanes,8,1.0,0.09999999999999998,137.74760000000015,False,family,Mondrian-family,cluster_6,cluster,extra_trees
Polysiloxanes,4,1.0,0.09999999999999998,214.59580000000005,False,family,Mondrian-family,cluster_6,cluster,extra_trees
0,1497,0.7167668670674683,-0.18323313293253174,153.2811012471979,True,similarity,Normalised SCP,cluster_6,cluster,extra_trees
1,1076,0.8057620817843866,-0.09423791821561345,145.31941038444032,True,similarity,Normalised SCP,cluster_6,cluster,extra_trees
2,301,0.840531561461794,-0.05946843853820605,150.958855494277,True,similarity,Normalised SCP,cluster_6,cluster,extra_trees
3,102,0.9215686274509803,0.021568627450980316,159.73399463466586,True,similarity,Normalised SCP,cluster_6,cluster,extra_trees
4,10,1.0,0.09999999999999998,158.5912777029561,True,similarity,Normalised SCP,cluster_6,cluster,extra_trees
Polyvinyls,2,0.0,-0.9,151.92613098663406,False,family,Normalised SCP,cluster_6,cluster,extra_trees
Polyureas,4,0.25,-0.65,142.09049162268036,False,family,Normalised SCP,cluster_6,cluster,extra_trees
Polystyrenes,10,0.5,-0.4,159.99424335805875,True,family,Normalised SCP,cluster_6,cluster,extra_trees
Polyolefins,31,0.6451612903225806,-0.2548387096774194,194.43156343338688,True,family,Normalised SCP,cluster_6,cluster,extra_trees
Polyesters,80,0.65,-0.25,140.58558927424684,True,family,Normalised SCP,cluster_6,cluster,extra_trees
Polydienes,3,0.6666666666666666,-0.2333333333333334,195.70618426732594,False,family,Normalised SCP,cluster_6,cluster,extra_trees
Polyphosphazenes,3,0.6666666666666666,-0.2333333333333334,207.53739685732214,False,family,Normalised SCP,cluster_6,cluster,extra_trees
Polycarbonates,10,0.7,-0.20000000000000007,148.97468804174218,True,family,Normalised SCP,cluster_6,cluster,extra_trees
Polyimides,1608,0.7431592039800995,-0.15684079601990053,142.21423474229272,True,family,Normalised SCP,cluster_6,cluster,extra_trees
Polysiloxanes,4,0.75,-0.15000000000000002,155.7548259410891,False,family,Normalised SCP,cluster_6,cluster,extra_trees
Polyphenylenes,248,0.7701612903225806,-0.1298387096774194,169.50438599929083,True,family,Normalised SCP,cluster_6,cluster,extra_trees
Polysulfides,32,0.78125,-0.11875000000000002,171.61895309439342,True,family,Normalised SCP,cluster_6,cluster,extra_trees
Other backbone,28,0.7857142857142857,-0.11428571428571432,200.12531906424738,True,family,Normalised SCP,cluster_6,cluster,extra_trees
Polyamides,225,0.7955555555555556,-0.10444444444444445,135.0805925685316,True,family,Normalised SCP,cluster_6,cluster,extra_trees
Polysulfones,154,0.8051948051948052,-0.09480519480519478,169.94172501513825,True,family,Normalised SCP,cluster_6,cluster,extra_trees
Polyethers,459,0.8562091503267973,-0.04379084967320268,162.5157855748353,True,family,Normalised SCP,cluster_6,cluster,extra_trees
Polyhalo-olefins,7,0.8571428571428571,-0.04285714285714293,190.63930714375738,False,family,Normalised SCP,cluster_6,cluster,extra_trees
Polyurethanes,8,0.875,-0.025000000000000022,112.9641273709369,False,family,Normalised SCP,cluster_6,cluster,extra_trees
Polyacrylics,34,0.8823529411764706,-0.01764705882352946,141.71469720214063,True,family,Normalised SCP,cluster_6,cluster,extra_trees
Polyimines,36,0.9166666666666666,0.016666666666666607,167.9368226967677,True,family,Normalised SCP,cluster_6,cluster,extra_trees
0,960,0.896875,-0.0031250000000000444,380.0,True,similarity,SCP,cluster_7,cluster,median
1,758,0.9129287598944591,0.012928759894459074,380.0,True,similarity,SCP,cluster_7,cluster,median
2,344,0.9273255813953488,0.027325581395348797,380.0,True,similarity,SCP,cluster_7,cluster,median
3,118,0.9915254237288136,0.09152542372881356,380.0,True,similarity,SCP,cluster_7,cluster,median
4,6,1.0,0.09999999999999998,380.0,False,similarity,SCP,cluster_7,cluster,median
Polyphosphazenes,94,0.46808510638297873,-0.4319148936170213,380.0,True,family,SCP,cluster_7,cluster,median
Polyesters,593,0.8414839797639123,-0.05851602023608771,380.0,True,family,SCP,cluster_7,cluster,median
Polycarbonates,176,0.9204545454545454,0.020454545454545392,380.0,True,family,SCP,cluster_7,cluster,median
Polyurethanes,130,0.9307692307692308,0.03076923076923077,380.0,True,family,SCP,cluster_7,cluster,median
Polyacrylics,464,0.959051724137931,0.05905172413793103,380.0,True,family,SCP,cluster_7,cluster,median
Polyamides,431,0.9907192575406032,0.09071925754060317,380.0,True,family,SCP,cluster_7,cluster,median
Polyethers,154,0.9935064935064936,0.09350649350649354,380.0,True,family,SCP,cluster_7,cluster,median
Polyimines,9,1.0,0.09999999999999998,380.0,False,family,SCP,cluster_7,cluster,median
Other backbone,5,1.0,0.09999999999999998,380.0,False,family,SCP,cluster_7,cluster,median
Polyolefins,2,1.0,0.09999999999999998,380.0,False,family,SCP,cluster_7,cluster,median
Polyhalo-olefins,1,1.0,0.09999999999999998,380.0,False,family,SCP,cluster_7,cluster,median
Polyimides,13,1.0,0.09999999999999998,380.0,True,family,SCP,cluster_7,cluster,median
Polyvinyls,19,1.0,0.09999999999999998,380.0,True,family,SCP,cluster_7,cluster,median
Polystyrenes,12,1.0,0.09999999999999998,380.0,True,family,SCP,cluster_7,cluster,median
Polyanhydrides,33,1.0,0.09999999999999998,380.0,True,family,SCP,cluster_7,cluster,median
Polydienes,11,1.0,0.09999999999999998,380.0,True,family,SCP,cluster_7,cluster,median
Polysulfones,23,1.0,0.09999999999999998,380.0,True,family,SCP,cluster_7,cluster,median
Polyureas,10,1.0,0.09999999999999998,380.0,True,family,SCP,cluster_7,cluster,median
Polyphenylenes,3,1.0,0.09999999999999998,380.0,False,family,SCP,cluster_7,cluster,median
Polysiloxanes,1,1.0,0.09999999999999998,380.0,False,family,SCP,cluster_7,cluster,median
Polysulfides,2,1.0,0.09999999999999998,380.0,False,family,SCP,cluster_7,cluster,median
0,960,0.9677083333333333,0.06770833333333326,488.0,True,similarity,Mondrian-similarity,cluster_7,cluster,median
2,344,0.9709302325581395,0.07093023255813946,411.6000000000001,True,similarity,Mondrian-similarity,cluster_7,cluster,median
1,758,0.9854881266490765,0.08548812664907646,478.0,True,similarity,Mondrian-similarity,cluster_7,cluster,median
4,6,1.0,0.09999999999999998,369.0,False,similarity,Mondrian-similarity,cluster_7,cluster,median
3,118,1.0,0.09999999999999998,438.0,True,similarity,Mondrian-similarity,cluster_7,cluster,median
Polyphosphazenes,94,0.7446808510638298,-0.15531914893617027,486.82978723404256,True,family,Mondrian-similarity,cluster_7,cluster,median
Polyesters,593,0.9662731871838112,0.06627318718381114,463.7460370994941,True,family,Mondrian-similarity,cluster_7,cluster,median
Polyurethanes,130,0.9846153846153847,0.08461538461538465,463.1353846153846,True,family,Mondrian-similarity,cluster_7,cluster,median
Polyacrylics,464,0.9870689655172413,0.0870689655172413,470.2146551724138,True,family,Mondrian-similarity,cluster_7,cluster,median
Polyimines,9,1.0,0.09999999999999998,484.6666666666667,False,family,Mondrian-similarity,cluster_7,cluster,median
Other backbone,5,1.0,0.09999999999999998,486.0,False,family,Mondrian-similarity,cluster_7,cluster,median
Polyamides,431,1.0,0.09999999999999998,476.74199535962873,True,family,Mondrian-similarity,cluster_7,cluster,median
Polydienes,11,1.0,0.09999999999999998,466.25454545454545,True,family,Mondrian-similarity,cluster_7,cluster,median
Polyolefins,2,1.0,0.09999999999999998,488.0,False,family,Mondrian-similarity,cluster_7,cluster,median
Polyimides,13,1.0,0.09999999999999998,433.0153846153847,True,family,Mondrian-similarity,cluster_7,cluster,median
Polyhalo-olefins,1,1.0,0.09999999999999998,478.0,False,family,Mondrian-similarity,cluster_7,cluster,median
Polyvinyls,19,1.0,0.09999999999999998,481.1578947368421,True,family,Mondrian-similarity,cluster_7,cluster,median
Polystyrenes,12,1.0,0.09999999999999998,435.9333333333334,True,family,Mondrian-similarity,cluster_7,cluster,median
Polycarbonates,176,1.0,0.09999999999999998,463.1045454545454,True,family,Mondrian-similarity,cluster_7,cluster,median
Polyanhydrides,33,1.0,0.09999999999999998,473.17575757575753,True,family,Mondrian-similarity,cluster_7,cluster,median
Polyethers,154,1.0,0.09999999999999998,472.68831168831167,True,family,Mondrian-similarity,cluster_7,cluster,median
Polysulfones,23,1.0,0.09999999999999998,467.4782608695652,True,family,Mondrian-similarity,cluster_7,cluster,median
Polyureas,10,1.0,0.09999999999999998,478.0,True,family,Mondrian-similarity,cluster_7,cluster,median
Polyphenylenes,3,1.0,0.09999999999999998,462.5333333333333,False,family,Mondrian-similarity,cluster_7,cluster,median
Polysiloxanes,1,1.0,0.09999999999999998,478.0,False,family,Mondrian-similarity,cluster_7,cluster,median
Polysulfides,2,1.0,0.09999999999999998,488.0,False,family,Mondrian-similarity,cluster_7,cluster,median
0,960,0.896875,-0.0031250000000000444,389.771875,True,similarity,Mondrian-family,cluster_7,cluster,median
1,758,0.9221635883905013,0.022163588390501254,403.1379947229551,True,similarity,Mondrian-family,cluster_7,cluster,median
2,344,0.9534883720930233,0.05348837209302326,408.67151162790697,True,similarity,Mondrian-family,cluster_7,cluster,median
4,6,1.0,0.09999999999999998,410.6666666666667,False,similarity,Mondrian-family,cluster_7,cluster,median
3,118,1.0,0.09999999999999998,411.26779661016946,True,similarity,Mondrian-family,cluster_7,cluster,median
Polyphosphazenes,94,0.46808510638297873,-0.4319148936170213,380.0,True,family,Mondrian-family,cluster_7,cluster,median
Polyamides,431,0.888631090487239,-0.011368909512761038,298.0,True,family,Mondrian-family,cluster_7,cluster,median
Polycarbonates,176,0.9204545454545454,0.020454545454545392,380.0,True,family,Mondrian-family,cluster_7,cluster,median
Polyesters,593,0.927487352445194,0.027487352445193958,440.0,True,family,Mondrian-family,cluster_7,cluster,median
Polyurethanes,130,0.9307692307692308,0.03076923076923077,380.0,True,family,Mondrian-family,cluster_7,cluster,median
Polyethers,154,0.9675324675324676,0.06753246753246755,347.0,True,family,Mondrian-family,cluster_7,cluster,median
Polyacrylics,464,0.9892241379310345,0.08922413793103445,483.0,True,family,Mondrian-family,cluster_7,cluster,median
Polyimines,9,1.0,0.09999999999999998,380.0,False,family,Mondrian-family,cluster_7,cluster,median
Other backbone,5,1.0,0.09999999999999998,380.0,False,family,Mondrian-family,cluster_7,cluster,median
Polyolefins,2,1.0,0.09999999999999998,402.0,False,family,Mondrian-family,cluster_7,cluster,median
Polyhalo-olefins,1,1.0,0.09999999999999998,380.0,False,family,Mondrian-family,cluster_7,cluster,median
Polyimides,13,1.0,0.09999999999999998,312.0,True,family,Mondrian-family,cluster_7,cluster,median
Polyvinyls,19,1.0,0.09999999999999998,411.6000000000001,True,family,Mondrian-family,cluster_7,cluster,median
Polystyrenes,12,1.0,0.09999999999999998,344.0,True,family,Mondrian-family,cluster_7,cluster,median
Polyanhydrides,33,1.0,0.09999999999999998,380.0,True,family,Mondrian-family,cluster_7,cluster,median
Polydienes,11,1.0,0.09999999999999998,380.0,True,family,Mondrian-family,cluster_7,cluster,median
Polysulfones,23,1.0,0.09999999999999998,294.0,True,family,Mondrian-family,cluster_7,cluster,median
Polyureas,10,1.0,0.09999999999999998,380.0,True,family,Mondrian-family,cluster_7,cluster,median
Polyphenylenes,3,1.0,0.09999999999999998,424.0,False,family,Mondrian-family,cluster_7,cluster,median
Polysiloxanes,1,1.0,0.09999999999999998,605.8,False,family,Mondrian-family,cluster_7,cluster,median
Polysulfides,2,1.0,0.09999999999999998,380.0,False,family,Mondrian-family,cluster_7,cluster,median
2,344,0.7412790697674418,-0.15872093023255818,287.0354209201159,True,similarity,Normalised SCP,cluster_7,cluster,median
3,118,0.7542372881355932,-0.1457627118644068,268.89799003671806,True,similarity,Normalised SCP,cluster_7,cluster,median
1,758,0.7994722955145118,-0.1005277044854882,313.9993578856529,True,similarity,Normalised SCP,cluster_7,cluster,median
0,960,0.8177083333333334,-0.08229166666666665,351.2150753269832,True,similarity,Normalised SCP,cluster_7,cluster,median
4,6,0.8333333333333334,-0.06666666666666665,245.88724403664153,False,similarity,Normalised SCP,cluster_7,cluster,median
Other backbone,5,0.0,-0.9,170.34310253602757,False,family,Normalised SCP,cluster_7,cluster,median
Polyphenylenes,3,0.3333333333333333,-0.5666666666666667,239.37606780370845,False,family,Normalised SCP,cluster_7,cluster,median
Polyimines,9,0.4444444444444444,-0.4555555555555556,291.2233769372956,False,family,Normalised SCP,cluster_7,cluster,median
Polyolefins,2,0.5,-0.4,215.8556625064166,False,family,Normalised SCP,cluster_7,cluster,median
Polyvinyls,19,0.5263157894736842,-0.37368421052631584,367.76938794404026,True,family,Normalised SCP,cluster_7,cluster,median
Polyphosphazenes,94,0.5425531914893617,-0.35744680851063837,439.96580594574027,True,family,Normalised SCP,cluster_7,cluster,median
Polyethers,154,0.6233766233766234,-0.27662337662337666,213.69227448414435,True,family,Normalised SCP,cluster_7,cluster,median
Polyanhydrides,33,0.6666666666666666,-0.2333333333333334,275.76470142820165,True,family,Normalised SCP,cluster_7,cluster,median
Polyurethanes,130,0.6846153846153846,-0.2153846153846154,300.93484175807185,True,family,Normalised SCP,cluster_7,cluster,median
Polyimides,13,0.6923076923076923,-0.20769230769230773,243.15529792234832,True,family,Normalised SCP,cluster_7,cluster,median
Polysulfones,23,0.6956521739130435,-0.20434782608695656,184.8545095485451,True,family,Normalised SCP,cluster_7,cluster,median
Polydienes,11,0.7272727272727273,-0.17272727272727273,267.86650586662734,True,family,Normalised SCP,cluster_7,cluster,median
Polyesters,593,0.7588532883642496,-0.14114671163575043,303.34554476696314,True,family,Normalised SCP,cluster_7,cluster,median
Polycarbonates,176,0.8125,-0.08750000000000002,297.3347719832114,True,family,Normalised SCP,cluster_7,cluster,median
Polyamides,431,0.8747099767981439,-0.025290023201856138,322.0342987074739,True,family,Normalised SCP,cluster_7,cluster,median
Polyacrylics,464,0.9418103448275862,0.041810344827586166,393.1864837796121,True,family,Normalised SCP,cluster_7,cluster,median
Polystyrenes,12,1.0,0.09999999999999998,333.7233592108978,True,family,Normalised SCP,cluster_7,cluster,median
Polyhalo-olefins,1,1.0,0.09999999999999998,515.5767847518028,False,family,Normalised SCP,cluster_7,cluster,median
Polyureas,10,1.0,0.09999999999999998,382.19738719800455,True,family,Normalised SCP,cluster_7,cluster,median
Polysiloxanes,1,1.0,0.09999999999999998,403.82049842467814,False,family,Normalised SCP,cluster_7,cluster,median
Polysulfides,2,1.0,0.09999999999999998,235.35875567198218,False,family,Normalised SCP,cluster_7,cluster,median
0,960,0.83125,-0.06874999999999998,155.34239980921237,True,similarity,SCP,cluster_7,cluster,svr
2,344,0.9127906976744186,0.012790697674418539,155.34239980921234,True,similarity,SCP,cluster_7,cluster,svr
1,758,0.9142480211081794,0.014248021108179354,155.34239980921234,True,similarity,SCP,cluster_7,cluster,svr
3,118,0.9152542372881356,0.015254237288135575,155.34239980921228,True,similarity,SCP,cluster_7,cluster,svr
4,6,1.0,0.09999999999999998,155.34239980921234,False,similarity,SCP,cluster_7,cluster,svr
Other backbone,5,0.0,-0.9,155.34239980921234,False,family,SCP,cluster_7,cluster,svr
Polyhalo-olefins,1,0.0,-0.9,155.34239980921234,False,family,SCP,cluster_7,cluster,svr
Polyolefins,2,0.5,-0.4,155.34239980921234,False,family,SCP,cluster_7,cluster,svr
Polysulfides,2,0.5,-0.4,155.34239980921234,False,family,SCP,cluster_7,cluster,svr
Polyphosphazenes,94,0.5851063829787234,-0.3148936170212766,155.3423998092124,True,family,SCP,cluster_7,cluster,svr
Polyurethanes,130,0.7461538461538462,-0.15384615384615385,155.34239980921234,True,family,SCP,cluster_7,cluster,svr
Polyimines,9,0.7777777777777778,-0.12222222222222223,155.34239980921234,False,family,SCP,cluster_7,cluster,svr
Polysulfones,23,0.782608695652174,-0.11739130434782608,155.34239980921228,True,family,SCP,cluster_7,cluster,svr
Polyacrylics,464,0.8426724137931034,-0.0573275862068966,155.34239980921234,True,family,SCP,cluster_7,cluster,svr
Polyimides,13,0.8461538461538461,-0.05384615384615388,155.34239980921234,True,family,SCP,cluster_7,cluster,svr
Polyureas,10,0.9,0.0,155.34239980921234,True,family,SCP,cluster_7,cluster,svr
Polyethers,154,0.9025974025974026,0.0025974025974025983,155.34239980921234,True,family,SCP,cluster_7,cluster,svr
Polydienes,11,0.9090909090909091,0.009090909090909038,155.34239980921234,True,family,SCP,cluster_7,cluster,svr
Polycarbonates,176,0.9204545454545454,0.020454545454545392,155.34239980921234,True,family,SCP,cluster_7,cluster,svr
Polyesters,593,0.9207419898819561,0.02074198988195608,155.34239980921234,True,family,SCP,cluster_7,cluster,svr
Polyamides,431,0.9396751740139211,0.039675174013921066,155.34239980921234,True,family,SCP,cluster_7,cluster,svr
Polyanhydrides,33,0.9696969696969697,0.0696969696969697,155.34239980921234,True,family,SCP,cluster_7,cluster,svr
Polyvinyls,19,1.0,0.09999999999999998,155.3423998092123,True,family,SCP,cluster_7,cluster,svr
Polystyrenes,12,1.0,0.09999999999999998,155.34239980921234,True,family,SCP,cluster_7,cluster,svr
Polyphenylenes,3,1.0,0.09999999999999998,155.34239980921234,False,family,SCP,cluster_7,cluster,svr
Polysiloxanes,1,1.0,0.09999999999999998,155.34239980921234,False,family,SCP,cluster_7,cluster,svr
3,118,0.9152542372881356,0.015254237288135575,155.41219311713877,True,similarity,Mondrian-similarity,cluster_7,cluster,svr
2,344,0.9709302325581395,0.07093023255813946,210.05645082511867,True,similarity,Mondrian-similarity,cluster_7,cluster,svr
0,960,0.9864583333333333,0.0864583333333333,325.354224474367,True,similarity,Mondrian-similarity,cluster_7,cluster,svr
1,758,0.9907651715039578,0.0907651715039578,272.37970689038775,True,similarity,Mondrian-similarity,cluster_7,cluster,svr
4,6,1.0,0.09999999999999998,131.21912215410688,False,similarity,Mondrian-similarity,cluster_7,cluster,svr
Polyurethanes,130,0.9,0.0,263.16569254306586,True,family,Mondrian-similarity,cluster_7,cluster,svr
Polyimides,13,0.9230769230769231,0.023076923076923106,211.8285273691085,True,family,Mondrian-similarity,cluster_7,cluster,svr
Polyphosphazenes,94,0.9468085106382979,0.04680851063829783,319.1550787996461,True,family,Mondrian-similarity,cluster_7,cluster,svr
Polyethers,154,0.9805194805194806,0.08051948051948055,286.1443118995842,True,family,Mondrian-similarity,cluster_7,cluster,svr
Polyesters,593,0.984822934232715,0.08482293423271503,265.01048244172216,True,family,Mondrian-similarity,cluster_7,cluster,svr
Polyacrylics,464,0.9870689655172413,0.0870689655172413,282.01066976090493,True,family,Mondrian-similarity,cluster_7,cluster,svr
Polyamides,431,0.9930394431554525,0.09303944315545243,294.4482345596728,True,family,Mondrian-similarity,cluster_7,cluster,svr
Polyimines,9,1.0,0.09999999999999998,307.6960519463739,False,family,Mondrian-similarity,cluster_7,cluster,svr
Other backbone,5,1.0,0.09999999999999998,314.75932095757116,False,family,Mondrian-similarity,cluster_7,cluster,svr
Polyolefins,2,1.0,0.09999999999999998,325.354224474367,False,family,Mondrian-similarity,cluster_7,cluster,svr
Polyhalo-olefins,1,1.0,0.09999999999999998,272.37970689038787,False,family,Mondrian-similarity,cluster_7,cluster,svr
Polyvinyls,19,1.0,0.09999999999999998,294.1048469991532,True,family,Mondrian-similarity,cluster_7,cluster,svr
Polystyrenes,12,1.0,0.09999999999999998,226.27718137121008,True,family,Mondrian-similarity,cluster_7,cluster,svr
Polycarbonates,176,1.0,0.09999999999999998,270.14366548782465,True,family,Mondrian-similarity,cluster_7,cluster,svr
Polyanhydrides,33,1.0,0.09999999999999998,273.1351099855427,True,family,Mondrian-similarity,cluster_7,cluster,svr
Polydienes,11,1.0,0.09999999999999998,289.09351188057394,True,family,Mondrian-similarity,cluster_7,cluster,svr
Polysulfones,23,1.0,0.09999999999999998,279.560332017756,True,family,Mondrian-similarity,cluster_7,cluster,svr
Polyureas,10,1.0,0.09999999999999998,272.37970689038787,True,family,Mondrian-similarity,cluster_7,cluster,svr
Polyphenylenes,3,1.0,0.09999999999999998,286.9216332579509,False,family,Mondrian-similarity,cluster_7,cluster,svr
Polysiloxanes,1,1.0,0.09999999999999998,272.37970689038787,False,family,Mondrian-similarity,cluster_7,cluster,svr
Polysulfides,2,1.0,0.09999999999999998,325.354224474367,False,family,Mondrian-similarity,cluster_7,cluster,svr
0,960,0.796875,-0.10312500000000002,154.3423520893772,True,similarity,Mondrian-family,cluster_7,cluster,svr
2,344,0.8837209302325582,-0.016279069767441867,166.38002683414732,True,similarity,Mondrian-family,cluster_7,cluster,svr
1,758,0.9010554089709762,0.0010554089709762238,167.21436027398653,True,similarity,Mondrian-family,cluster_7,cluster,svr
3,118,0.940677966101695,0.04067796610169494,166.27785036862454,True,similarity,Mondrian-family,cluster_7,cluster,svr
4,6,1.0,0.09999999999999998,153.16523528844746,False,similarity,Mondrian-family,cluster_7,cluster,svr
Other backbone,5,0.0,-0.9,155.34239980921234,False,family,Mondrian-family,cluster_7,cluster,svr
Polyhalo-olefins,1,0.0,-0.9,155.34239980921234,False,family,Mondrian-family,cluster_7,cluster,svr
Polyolefins,2,0.5,-0.4,232.68477595899617,False,family,Mondrian-family,cluster_7,cluster,svr
Polysulfides,2,0.5,-0.4,155.34239980921234,False,family,Mondrian-family,cluster_7,cluster,svr
Polyphosphazenes,94,0.5851063829787234,-0.3148936170212766,155.3423998092124,True,family,Mondrian-family,cluster_7,cluster,svr
Polyimides,13,0.6153846153846154,-0.2846153846153846,120.48787909990142,True,family,Mondrian-family,cluster_7,cluster,svr
Polyethers,154,0.6883116883116883,-0.2116883116883117,91.9838714152097,True,family,Mondrian-family,cluster_7,cluster,svr
Polyacrylics,464,0.7370689655172413,-0.1629310344827587,114.8929722604035,True,family,Mondrian-family,cluster_7,cluster,svr
Polyurethanes,130,0.7461538461538462,-0.15384615384615385,155.34239980921234,True,family,Mondrian-family,cluster_7,cluster,svr
Polyimines,9,0.7777777777777778,-0.12222222222222223,155.34239980921234,False,family,Mondrian-family,cluster_7,cluster,svr
Polyureas,10,0.9,0.0,155.34239980921234,True,family,Mondrian-family,cluster_7,cluster,svr
Polydienes,11,0.9090909090909091,0.009090909090909038,155.34239980921234,True,family,Mondrian-family,cluster_7,cluster,svr
Polysulfones,23,0.9130434782608695,0.01304347826086949,175.19851093125905,True,family,Mondrian-family,cluster_7,cluster,svr
Polycarbonates,176,0.9204545454545454,0.020454545454545392,155.34239980921234,True,family,Mondrian-family,cluster_7,cluster,svr
Polyamides,431,0.9443155452436195,0.04431554524361947,164.18606956534543,True,family,Mondrian-family,cluster_7,cluster,svr
Polyanhydrides,33,0.9696969696969697,0.0696969696969697,155.34239980921234,True,family,Mondrian-family,cluster_7,cluster,svr
Polyesters,593,0.9713322091062394,0.07133220910623939,214.33459802610741,True,family,Mondrian-family,cluster_7,cluster,svr
Polyvinyls,19,1.0,0.09999999999999998,248.05762743261857,True,family,Mondrian-family,cluster_7,cluster,svr
Polystyrenes,12,1.0,0.09999999999999998,206.31921181718602,True,family,Mondrian-family,cluster_7,cluster,svr
Polyphenylenes,3,1.0,0.09999999999999998,228.13739590339392,False,family,Mondrian-family,cluster_7,cluster,svr
Polysiloxanes,1,1.0,0.09999999999999998,250.29644823301572,False,family,Mondrian-family,cluster_7,cluster,svr
0,960,0.7552083333333334,-0.14479166666666665,128.6991839115876,True,similarity,Normalised SCP,cluster_7,cluster,svr
2,344,0.813953488372093,-0.086046511627907,109.99629428077947,True,similarity,Normalised SCP,cluster_7,cluster,svr
1,758,0.8311345646437994,-0.0688654353562006,111.1410446389269,True,similarity,Normalised SCP,cluster_7,cluster,svr
3,118,0.847457627118644,-0.05254237288135599,101.88483174092052,True,similarity,Normalised SCP,cluster_7,cluster,svr
4,6,1.0,0.09999999999999998,113.15490968590647,False,similarity,Normalised SCP,cluster_7,cluster,svr
Polyhalo-olefins,1,0.0,-0.9,192.61067647393878,False,family,Normalised SCP,cluster_7,cluster,svr
Polysulfides,2,0.5,-0.4,132.03409851249876,False,family,Normalised SCP,cluster_7,cluster,svr
Polyphosphazenes,94,0.5851063829787234,-0.3148936170212766,152.76728672447518,True,family,Normalised SCP,cluster_7,cluster,svr
Polyurethanes,130,0.6307692307692307,-0.2692307692307693,111.94097728464045,True,family,Normalised SCP,cluster_7,cluster,svr
Polysulfones,23,0.6521739130434783,-0.24782608695652175,111.75577757522423,True,family,Normalised SCP,cluster_7,cluster,svr
Polyphenylenes,3,0.6666666666666666,-0.2333333333333334,96.20065688454923,False,family,Normalised SCP,cluster_7,cluster,svr
Polyimines,9,0.6666666666666666,-0.2333333333333334,114.25815504300554,False,family,Normalised SCP,cluster_7,cluster,svr
Polystyrenes,12,0.75,-0.15000000000000002,105.4529116673808,True,family,Normalised SCP,cluster_7,cluster,svr
Polyacrylics,464,0.7629310344827587,-0.13706896551724135,116.32821146983852,True,family,Normalised SCP,cluster_7,cluster,svr
Polyimides,13,0.7692307692307693,-0.13076923076923075,130.8774679659084,True,family,Normalised SCP,cluster_7,cluster,svr
Polyvinyls,19,0.7894736842105263,-0.1105263157894737,115.59990889820668,True,family,Normalised SCP,cluster_7,cluster,svr
Other backbone,5,0.8,-0.09999999999999998,234.83987281038443,False,family,Normalised SCP,cluster_7,cluster,svr
Polyethers,154,0.8051948051948052,-0.09480519480519478,114.97206517518536,True,family,Normalised SCP,cluster_7,cluster,svr
Polyesters,593,0.8145025295109612,-0.08549747048903877,110.04310910086882,True,family,Normalised SCP,cluster_7,cluster,svr
Polydienes,11,0.8181818181818182,-0.08181818181818179,196.92279242661652,True,family,Normalised SCP,cluster_7,cluster,svr
Polycarbonates,176,0.8693181818181818,-0.030681818181818254,128.72206874573178,True,family,Normalised SCP,cluster_7,cluster,svr
Polyamides,431,0.8747099767981439,-0.025290023201856138,118.99401892619775,True,family,Normalised SCP,cluster_7,cluster,svr
Polyureas,10,0.9,0.0,136.71957942412604,True,family,Normalised SCP,cluster_7,cluster,svr
Polyanhydrides,33,0.9090909090909091,0.009090909090909038,111.4147303022143,True,family,Normalised SCP,cluster_7,cluster,svr
Polyolefins,2,1.0,0.09999999999999998,273.5748467481271,False,family,Normalised SCP,cluster_7,cluster,svr
Polysiloxanes,1,1.0,0.09999999999999998,106.07403136370434,False,family,Normalised SCP,cluster_7,cluster,svr
0,960,0.8395833333333333,-0.060416666666666674,137.23759999999993,True,similarity,SCP,cluster_7,cluster,random_forest
2,344,0.8662790697674418,-0.03372093023255818,137.23759999999993,True,similarity,SCP,cluster_7,cluster,random_forest
1,758,0.8707124010554089,-0.029287598944591098,137.23759999999993,True,similarity,SCP,cluster_7,cluster,random_forest
3,118,0.9152542372881356,0.015254237288135575,137.23759999999996,True,similarity,SCP,cluster_7,cluster,random_forest
4,6,1.0,0.09999999999999998,137.23759999999993,False,similarity,SCP,cluster_7,cluster,random_forest
Polyhalo-olefins,1,0.0,-0.9,137.23759999999993,False,family,SCP,cluster_7,cluster,random_forest
Polyolefins,2,0.0,-0.9,137.23759999999993,False,family,SCP,cluster_7,cluster,random_forest
Polyphenylenes,3,0.3333333333333333,-0.5666666666666667,137.23759999999993,False,family,SCP,cluster_7,cluster,random_forest
Other backbone,5,0.4,-0.5,137.23759999999993,False,family,SCP,cluster_7,cluster,random_forest
Polyphosphazenes,94,0.46808510638297873,-0.4319148936170213,137.23759999999996,True,family,SCP,cluster_7,cluster,random_forest
Polyimines,9,0.6666666666666666,-0.2333333333333334,137.23759999999993,False,family,SCP,cluster_7,cluster,random_forest
Polyanhydrides,33,0.696969696969697,-0.203030303030303,137.23759999999993,True,family,SCP,cluster_7,cluster,random_forest
Polyurethanes,130,0.7461538461538462,-0.15384615384615385,137.23759999999993,True,family,SCP,cluster_7,cluster,random_forest
Polycarbonates,176,0.7954545454545454,-0.10454545454545461,137.23759999999993,True,family,SCP,cluster_7,cluster,random_forest
Polystyrenes,12,0.8333333333333334,-0.06666666666666665,137.23759999999993,True,family,SCP,cluster_7,cluster,random_forest
Polyacrylics,464,0.8663793103448276,-0.0336206896551724,137.23759999999993,True,family,SCP,cluster_7,cluster,random_forest
Polyvinyls,19,0.8947368421052632,-0.0052631578947368585,137.23759999999993,True,family,SCP,cluster_7,cluster,random_forest
Polyesters,593,0.8954468802698144,-0.004553119730185573,137.23759999999993,True,family,SCP,cluster_7,cluster,random_forest
Polyureas,10,0.9,0.0,137.23759999999993,True,family,SCP,cluster_7,cluster,random_forest
Polyethers,154,0.9025974025974026,0.0025974025974025983,137.23759999999993,True,family,SCP,cluster_7,cluster,random_forest
Polydienes,11,0.9090909090909091,0.009090909090909038,137.23759999999993,True,family,SCP,cluster_7,cluster,random_forest
Polysulfones,23,0.9130434782608695,0.01304347826086949,137.23759999999993,True,family,SCP,cluster_7,cluster,random_forest
Polyamides,431,0.951276102088167,0.05127610208816702,137.23759999999993,True,family,SCP,cluster_7,cluster,random_forest
Polyimides,13,1.0,0.09999999999999998,137.23759999999993,True,family,SCP,cluster_7,cluster,random_forest
Polysiloxanes,1,1.0,0.09999999999999998,137.23759999999993,False,family,SCP,cluster_7,cluster,random_forest
Polysulfides,2,1.0,0.09999999999999998,137.23759999999993,False,family,SCP,cluster_7,cluster,random_forest
3,118,0.9152542372881356,0.015254237288135575,136.5553199999999,True,similarity,Mondrian-similarity,cluster_7,cluster,random_forest
2,344,0.9680232558139535,0.06802325581395352,201.34839999999997,True,similarity,Mondrian-similarity,cluster_7,cluster,random_forest
0,960,0.975,0.07499999999999996,292.27320000000003,True,similarity,Mondrian-similarity,cluster_7,cluster,random_forest
1,758,0.9868073878627969,0.08680738786279685,251.80742000000006,True,similarity,Mondrian-similarity,cluster_7,cluster,random_forest
4,6,1.0,0.09999999999999998,117.70607999999997,False,similarity,Mondrian-similarity,cluster_7,cluster,random_forest
Polyolefins,2,0.5,-0.4,292.2732,False,family,Mondrian-similarity,cluster_7,cluster,random_forest
Polyurethanes,130,0.8846153846153846,-0.015384615384615441,239.52046138461537,True,family,Mondrian-similarity,cluster_7,cluster,random_forest
Polyphosphazenes,94,0.925531914893617,0.025531914893616947,287.5378427659576,True,family,Mondrian-similarity,cluster_7,cluster,random_forest
Polyacrylics,464,0.9741379310344828,0.07413793103448274,257.3305737068966,True,family,Mondrian-similarity,cluster_7,cluster,random_forest
Polycarbonates,176,0.9772727272727273,0.07727272727272727,248.2089238636364,True,family,Mondrian-similarity,cluster_7,cluster,random_forest
Polyesters,593,0.9831365935919055,0.0831365935919055,243.65924202360875,True,family,Mondrian-similarity,cluster_7,cluster,random_forest
Polyethers,154,0.987012987012987,0.08701298701298699,260.77398831168836,True,family,Mondrian-similarity,cluster_7,cluster,random_forest
Polyamides,431,0.9907192575406032,0.09071925754060317,267.751536287703,True,family,Mondrian-similarity,cluster_7,cluster,random_forest
Other backbone,5,1.0,0.09999999999999998,284.180044,False,family,Mondrian-similarity,cluster_7,cluster,random_forest
Polyimines,9,1.0,0.09999999999999998,278.78460666666666,False,family,Mondrian-similarity,cluster_7,cluster,random_forest
Polyhalo-olefins,1,1.0,0.09999999999999998,251.80742,False,family,Mondrian-similarity,cluster_7,cluster,random_forest
Polyimides,13,1.0,0.09999999999999998,198.04053999999996,True,family,Mondrian-similarity,cluster_7,cluster,random_forest
Polyvinyls,19,1.0,0.09999999999999998,267.0392989473683,True,family,Mondrian-similarity,cluster_7,cluster,random_forest
Polystyrenes,12,1.0,0.09999999999999998,212.76864999999998,True,family,Mondrian-similarity,cluster_7,cluster,random_forest
Polyanhydrides,33,1.0,0.09999999999999998,252.1251793939394,True,family,Mondrian-similarity,cluster_7,cluster,random_forest
Polydienes,11,1.0,0.09999999999999998,263.79681999999997,True,family,Mondrian-similarity,cluster_7,cluster,random_forest
Polysulfones,23,1.0,0.09999999999999998,256.6725034782608,True,family,Mondrian-similarity,cluster_7,cluster,random_forest
Polyureas,10,1.0,0.09999999999999998,251.80742000000004,True,family,Mondrian-similarity,cluster_7,cluster,random_forest
Polyphenylenes,3,1.0,0.09999999999999998,261.9649333333333,False,family,Mondrian-similarity,cluster_7,cluster,random_forest
Polysiloxanes,1,1.0,0.09999999999999998,251.80742000000004,False,family,Mondrian-similarity,cluster_7,cluster,random_forest
Polysulfides,2,1.0,0.09999999999999998,292.2732,False,family,Mondrian-similarity,cluster_7,cluster,random_forest
0,960,0.85625,-0.04375000000000007,148.2940689791667,True,similarity,Mondrian-family,cluster_7,cluster,random_forest
1,758,0.8918205804749341,-0.008179419525065956,154.7879487862797,True,similarity,Mondrian-family,cluster_7,cluster,random_forest
2,344,0.9011627906976745,0.0011627906976744429,155.81164720930238,True,similarity,Mondrian-family,cluster_7,cluster,random_forest
3,118,0.940677966101695,0.04067796610169494,154.13311237288138,True,similarity,Mondrian-family,cluster_7,cluster,random_forest
4,6,1.0,0.09999999999999998,153.75404000000003,False,similarity,Mondrian-family,cluster_7,cluster,random_forest
Polyhalo-olefins,1,0.0,-0.9,137.23759999999993,False,family,Mondrian-family,cluster_7,cluster,random_forest
Polyolefins,2,0.0,-0.9,180.68936000000002,False,family,Mondrian-family,cluster_7,cluster,random_forest
Other backbone,5,0.4,-0.5,137.23759999999993,False,family,Mondrian-family,cluster_7,cluster,random_forest
Polyphosphazenes,94,0.46808510638297873,-0.4319148936170213,137.23759999999996,True,family,Mondrian-family,cluster_7,cluster,random_forest
Polyimines,9,0.6666666666666666,-0.2333333333333334,137.23759999999993,False,family,Mondrian-family,cluster_7,cluster,random_forest
Polyanhydrides,33,0.696969696969697,-0.203030303030303,137.23759999999993,True,family,Mondrian-family,cluster_7,cluster,random_forest
Polyethers,154,0.7207792207792207,-0.17922077922077928,78.13470000000001,True,family,Mondrian-family,cluster_7,cluster,random_forest
Polyurethanes,130,0.7461538461538462,-0.15384615384615385,137.23759999999993,True,family,Mondrian-family,cluster_7,cluster,random_forest
Polycarbonates,176,0.7954545454545454,-0.10454545454545461,137.23759999999993,True,family,Mondrian-family,cluster_7,cluster,random_forest
Polyureas,10,0.9,0.0,137.23759999999993,True,family,Mondrian-family,cluster_7,cluster,random_forest
Polydienes,11,0.9090909090909091,0.009090909090909038,137.23759999999993,True,family,Mondrian-family,cluster_7,cluster,random_forest
Polystyrenes,12,0.9166666666666666,0.016666666666666607,167.69080000000005,True,family,Mondrian-family,cluster_7,cluster,random_forest
Polyacrylics,464,0.9310344827586207,0.03103448275862064,164.35500000000008,True,family,Mondrian-family,cluster_7,cluster,random_forest
Polyamides,431,0.9559164733178654,0.05591647331786542,143.37195999999994,True,family,Mondrian-family,cluster_7,cluster,random_forest
Polyesters,593,0.9561551433389545,0.05615514333895444,175.9670800000001,True,family,Mondrian-family,cluster_7,cluster,random_forest
Polyimides,13,1.0,0.09999999999999998,128.78184000000002,True,family,Mondrian-family,cluster_7,cluster,random_forest
Polysulfones,23,1.0,0.09999999999999998,210.23844000000005,True,family,Mondrian-family,cluster_7,cluster,random_forest
Polyvinyls,19,1.0,0.09999999999999998,189.13099999999994,True,family,Mondrian-family,cluster_7,cluster,random_forest
Polyphenylenes,3,1.0,0.09999999999999998,228.88496000000046,False,family,Mondrian-family,cluster_7,cluster,random_forest
Polysiloxanes,1,1.0,0.09999999999999998,163.3827,False,family,Mondrian-family,cluster_7,cluster,random_forest
Polysulfides,2,1.0,0.09999999999999998,137.23759999999993,False,family,Mondrian-family,cluster_7,cluster,random_forest
2,344,0.7848837209302325,-0.11511627906976751,111.692586099111,True,similarity,Normalised SCP,cluster_7,cluster,random_forest
1,758,0.7955145118733509,-0.10448548812664915,116.34601035199768,True,similarity,Normalised SCP,cluster_7,cluster,random_forest
0,960,0.7979166666666667,-0.1020833333333333,122.715897381337,True,similarity,Normalised SCP,cluster_7,cluster,random_forest
3,118,0.8305084745762712,-0.06949152542372883,109.55460818039184,True,similarity,Normalised SCP,cluster_7,cluster,random_forest
4,6,0.8333333333333334,-0.06666666666666665,116.59566205356263,False,similarity,Normalised SCP,cluster_7,cluster,random_forest
Polyolefins,2,0.0,-0.9,163.96357561862405,False,family,Normalised SCP,cluster_7,cluster,random_forest
Polyphenylenes,3,0.0,-0.9,83.90858836750665,False,family,Normalised SCP,cluster_7,cluster,random_forest
Polyphosphazenes,94,0.4148936170212766,-0.48510638297872344,136.82895947626272,True,family,Normalised SCP,cluster_7,cluster,random_forest
Polyanhydrides,33,0.5454545454545454,-0.3545454545454546,129.1083742803538,True,family,Normalised SCP,cluster_7,cluster,random_forest
Other backbone,5,0.6,-0.30000000000000004,166.2623653201654,False,family,Normalised SCP,cluster_7,cluster,random_forest
Polyimines,9,0.6666666666666666,-0.2333333333333334,115.76804912366381,False,family,Normalised SCP,cluster_7,cluster,random_forest
Polyurethanes,130,0.7,-0.20000000000000007,124.3175005350476,True,family,Normalised SCP,cluster_7,cluster,random_forest
Polycarbonates,176,0.7272727272727273,-0.17272727272727273,120.83270578624966,True,family,Normalised SCP,cluster_7,cluster,random_forest
Polystyrenes,12,0.75,-0.15000000000000002,87.12817555159944,True,family,Normalised SCP,cluster_7,cluster,random_forest
Polyimides,13,0.7692307692307693,-0.13076923076923075,127.23466680478474,True,family,Normalised SCP,cluster_7,cluster,random_forest
Polyvinyls,19,0.7894736842105263,-0.1105263157894737,103.41206116771473,True,family,Normalised SCP,cluster_7,cluster,random_forest
Polyacrylics,464,0.7952586206896551,-0.10474137931034488,110.16270121885263,True,family,Normalised SCP,cluster_7,cluster,random_forest
Polydienes,11,0.8181818181818182,-0.08181818181818179,138.65566035603445,True,family,Normalised SCP,cluster_7,cluster,random_forest
Polyesters,593,0.8229342327150084,-0.0770657672849916,115.1538889775928,True,family,Normalised SCP,cluster_7,cluster,random_forest
Polysulfones,23,0.8695652173913043,-0.0304347826086957,112.57123931260303,True,family,Normalised SCP,cluster_7,cluster,random_forest
Polyethers,154,0.8766233766233766,-0.023376623376623384,112.49671059171705,True,family,Normalised SCP,cluster_7,cluster,random_forest
Polyureas,10,0.9,0.0,132.29430579569686,True,family,Normalised SCP,cluster_7,cluster,random_forest
Polyamides,431,0.9025522041763341,0.002552204176334061,124.43996888135726,True,family,Normalised SCP,cluster_7,cluster,random_forest
Polyhalo-olefins,1,1.0,0.09999999999999998,208.41141333855114,False,family,Normalised SCP,cluster_7,cluster,random_forest
Polysiloxanes,1,1.0,0.09999999999999998,97.2013305461254,False,family,Normalised SCP,cluster_7,cluster,random_forest
Polysulfides,2,1.0,0.09999999999999998,138.2018090620302,False,family,Normalised SCP,cluster_7,cluster,random_forest
0,960,0.8197916666666667,-0.08020833333333333,126.65420407861961,True,similarity,SCP,cluster_7,cluster,hist_gbr
4,6,0.8333333333333334,-0.06666666666666665,126.65420407861961,False,similarity,SCP,cluster_7,cluster,hist_gbr
1,758,0.8509234828496042,-0.04907651715039585,126.6542040786196,True,similarity,SCP,cluster_7,cluster,hist_gbr
2,344,0.8546511627906976,-0.045348837209302384,126.65420407861961,True,similarity,SCP,cluster_7,cluster,hist_gbr
3,118,0.8559322033898306,-0.04406779661016946,126.65420407861959,True,similarity,SCP,cluster_7,cluster,hist_gbr
Other backbone,5,0.0,-0.9,126.65420407861961,False,family,SCP,cluster_7,cluster,hist_gbr
Polyolefins,2,0.0,-0.9,126.65420407861963,False,family,SCP,cluster_7,cluster,hist_gbr
Polyhalo-olefins,1,0.0,-0.9,126.65420407861961,False,family,SCP,cluster_7,cluster,hist_gbr
Polyphosphazenes,94,0.5,-0.4,126.65420407861957,True,family,SCP,cluster_7,cluster,hist_gbr
Polyphenylenes,3,0.6666666666666666,-0.2333333333333334,126.65420407861961,False,family,SCP,cluster_7,cluster,hist_gbr
Polyimines,9,0.6666666666666666,-0.2333333333333334,126.65420407861961,False,family,SCP,cluster_7,cluster,hist_gbr
Polyurethanes,130,0.7230769230769231,-0.17692307692307696,126.6542040786196,True,family,SCP,cluster_7,cluster,hist_gbr
Polyanhydrides,33,0.7272727272727273,-0.17272727272727273,126.65420407861961,True,family,SCP,cluster_7,cluster,hist_gbr
Polydienes,11,0.8181818181818182,-0.08181818181818179,126.65420407861961,True,family,SCP,cluster_7,cluster,hist_gbr
Polystyrenes,12,0.8333333333333334,-0.06666666666666665,126.65420407861961,True,family,SCP,cluster_7,cluster,hist_gbr
Polyacrylics,464,0.8362068965517241,-0.06379310344827593,126.65420407861963,True,family,SCP,cluster_7,cluster,hist_gbr
Polycarbonates,176,0.8465909090909091,-0.05340909090909096,126.65420407861961,True,family,SCP,cluster_7,cluster,hist_gbr
Polyesters,593,0.8566610455311973,-0.04333895446880276,126.65420407861961,True,family,SCP,cluster_7,cluster,hist_gbr
Polyethers,154,0.8766233766233766,-0.023376623376623384,126.6542040786196,True,family,SCP,cluster_7,cluster,hist_gbr
Polyureas,10,0.9,0.0,126.65420407861961,True,family,SCP,cluster_7,cluster,hist_gbr
Polyamides,431,0.9187935034802784,0.018793503480278417,126.65420407861961,True,family,SCP,cluster_7,cluster,hist_gbr
Polyimides,13,0.9230769230769231,0.023076923076923106,126.65420407861961,True,family,SCP,cluster_7,cluster,hist_gbr
Polyvinyls,19,0.9473684210526315,0.047368421052631504,126.65420407861966,True,family,SCP,cluster_7,cluster,hist_gbr
Polysulfones,23,0.9565217391304348,0.05652173913043479,126.65420407861964,True,family,SCP,cluster_7,cluster,hist_gbr
Polysiloxanes,1,1.0,0.09999999999999998,126.65420407861961,False,family,SCP,cluster_7,cluster,hist_gbr
Polysulfides,2,1.0,0.09999999999999998,126.65420407861963,False,family,SCP,cluster_7,cluster,hist_gbr
4,6,0.8333333333333334,-0.06666666666666665,107.66020725198757,False,similarity,Mondrian-similarity,cluster_7,cluster,hist_gbr
3,118,0.847457627118644,-0.05254237288135599,123.5154029952613,True,similarity,Mondrian-similarity,cluster_7,cluster,hist_gbr
2,344,0.9476744186046512,0.04767441860465116,167.6222946411649,True,similarity,Mondrian-similarity,cluster_7,cluster,hist_gbr
0,960,0.98125,0.08124999999999993,295.0620801464174,True,similarity,Mondrian-similarity,cluster_7,cluster,hist_gbr
1,758,0.9894459102902374,0.08944591029023741,266.31962212576394,True,similarity,Mondrian-similarity,cluster_7,cluster,hist_gbr
Polyolefins,2,0.5,-0.4,295.0620801464173,False,family,Mondrian-similarity,cluster_7,cluster,hist_gbr
Polyurethanes,130,0.8384615384615385,-0.06153846153846154,236.14979229008242,True,family,Mondrian-similarity,cluster_7,cluster,hist_gbr
Polyphosphazenes,94,0.9574468085106383,0.057446808510638325,291.69860101634094,True,family,Mondrian-similarity,cluster_7,cluster,hist_gbr
Polyesters,593,0.9713322091062394,0.07133220910623939,242.86233088756754,True,family,Mondrian-similarity,cluster_7,cluster,hist_gbr
Polyacrylics,464,0.9719827586206896,0.07198275862068959,257.3303645297957,True,family,Mondrian-similarity,cluster_7,cluster,hist_gbr
Polyethers,154,0.987012987012987,0.08701298701298699,261.75519420385564,True,family,Mondrian-similarity,cluster_7,cluster,hist_gbr
Polyamides,431,0.9907192575406032,0.09071925754060317,270.54159891590115,True,family,Mondrian-similarity,cluster_7,cluster,hist_gbr
Polycarbonates,176,0.9943181818181818,0.09431818181818175,245.27937346050336,True,family,Mondrian-similarity,cluster_7,cluster,hist_gbr
Other backbone,5,1.0,0.09999999999999998,289.31358854228665,False,family,Mondrian-similarity,cluster_7,cluster,hist_gbr
Polyimines,9,1.0,0.09999999999999998,285.48126080619954,False,family,Mondrian-similarity,cluster_7,cluster,hist_gbr
Polyhalo-olefins,1,1.0,0.09999999999999998,266.3196221257639,False,family,Mondrian-similarity,cluster_7,cluster,hist_gbr
Polyimides,13,1.0,0.09999999999999998,180.22008752701765,True,family,Mondrian-similarity,cluster_7,cluster,hist_gbr
Polyvinyls,19,1.0,0.09999999999999998,273.93122007713396,True,family,Mondrian-similarity,cluster_7,cluster,hist_gbr
Polystyrenes,12,1.0,0.09999999999999998,196.8458294988726,True,family,Mondrian-similarity,cluster_7,cluster,hist_gbr
Polyanhydrides,33,1.0,0.09999999999999998,260.83107211451596,True,family,Mondrian-similarity,cluster_7,cluster,hist_gbr
Polydienes,11,1.0,0.09999999999999998,257.69282427947087,True,family,Mondrian-similarity,cluster_7,cluster,hist_gbr
Polysulfones,23,1.0,0.09999999999999998,256.11073015893277,True,family,Mondrian-similarity,cluster_7,cluster,hist_gbr
Polyureas,10,1.0,0.09999999999999998,266.3196221257639,True,family,Mondrian-similarity,cluster_7,cluster,hist_gbr
Polyphenylenes,3,1.0,0.09999999999999998,252.5821516446665,False,family,Mondrian-similarity,cluster_7,cluster,hist_gbr
Polysiloxanes,1,1.0,0.09999999999999998,266.3196221257639,False,family,Mondrian-similarity,cluster_7,cluster,hist_gbr
Polysulfides,2,1.0,0.09999999999999998,295.0620801464173,False,family,Mondrian-similarity,cluster_7,cluster,hist_gbr
4,6,0.8333333333333334,-0.06666666666666665,146.25364823340172,False,similarity,Mondrian-family,cluster_7,cluster,hist_gbr
0,960,0.834375,-0.06562500000000004,136.7299737129425,True,similarity,Mondrian-family,cluster_7,cluster,hist_gbr
3,118,0.8813559322033898,-0.01864406779661021,148.59649957260007,True,similarity,Mondrian-family,cluster_7,cluster,hist_gbr
1,758,0.8931398416886543,-0.0068601583113456766,146.2267184520271,True,similarity,Mondrian-family,cluster_7,cluster,hist_gbr
2,344,0.9069767441860465,0.006976744186046435,149.31048755052237,True,similarity,Mondrian-family,cluster_7,cluster,hist_gbr
Other backbone,5,0.0,-0.9,126.65420407861961,False,family,Mondrian-family,cluster_7,cluster,hist_gbr
Polyolefins,2,0.0,-0.9,187.1630514890099,False,family,Mondrian-family,cluster_7,cluster,hist_gbr
Polyhalo-olefins,1,0.0,-0.9,126.65420407861961,False,family,Mondrian-family,cluster_7,cluster,hist_gbr
Polyphosphazenes,94,0.5,-0.4,126.65420407861957,True,family,Mondrian-family,cluster_7,cluster,hist_gbr
Polyimines,9,0.6666666666666666,-0.2333333333333334,126.65420407861961,False,family,Mondrian-family,cluster_7,cluster,hist_gbr
Polyethers,154,0.7077922077922078,-0.19220779220779227,73.89616851692,True,family,Mondrian-family,cluster_7,cluster,hist_gbr
Polyurethanes,130,0.7230769230769231,-0.17692307692307696,126.6542040786196,True,family,Mondrian-family,cluster_7,cluster,hist_gbr
Polyanhydrides,33,0.7272727272727273,-0.17272727272727273,126.65420407861961,True,family,Mondrian-family,cluster_7,cluster,hist_gbr
Polydienes,11,0.8181818181818182,-0.08181818181818179,126.65420407861961,True,family,Mondrian-family,cluster_7,cluster,hist_gbr
Polystyrenes,12,0.8333333333333334,-0.06666666666666665,145.6735770465779,True,family,Mondrian-family,cluster_7,cluster,hist_gbr
Polyimides,13,0.8461538461538461,-0.05384615384615388,111.8354302274089,True,family,Mondrian-family,cluster_7,cluster,hist_gbr
Polycarbonates,176,0.8465909090909091,-0.05340909090909096,126.65420407861961,True,family,Mondrian-family,cluster_7,cluster,hist_gbr
Polyamides,431,0.8747099767981439,-0.025290023201856138,106.56824311246238,True,family,Mondrian-family,cluster_7,cluster,hist_gbr
Polyureas,10,0.9,0.0,126.65420407861961,True,family,Mondrian-family,cluster_7,cluster,hist_gbr
Polyacrylics,464,0.9375,0.03749999999999998,170.5813361886421,True,family,Mondrian-family,cluster_7,cluster,hist_gbr
Polyesters,593,0.9629005059021922,0.0629005059021922,176.48256575342464,True,family,Mondrian-family,cluster_7,cluster,hist_gbr
Polysulfones,23,1.0,0.09999999999999998,156.67127346342767,True,family,Mondrian-family,cluster_7,cluster,hist_gbr
Polyvinyls,19,1.0,0.09999999999999998,158.50428900032824,True,family,Mondrian-family,cluster_7,cluster,hist_gbr
Polyphenylenes,3,1.0,0.09999999999999998,261.81017813243454,False,family,Mondrian-family,cluster_7,cluster,hist_gbr
Polysiloxanes,1,1.0,0.09999999999999998,129.66863443506122,False,family,Mondrian-family,cluster_7,cluster,hist_gbr
Polysulfides,2,1.0,0.09999999999999998,126.65420407861963,False,family,Mondrian-family,cluster_7,cluster,hist_gbr
3,118,0.7288135593220338,-0.17118644067796618,98.80194884147589,True,similarity,Normalised SCP,cluster_7,cluster,hist_gbr
0,960,0.759375,-0.140625,109.91178330284126,True,similarity,Normalised SCP,cluster_7,cluster,hist_gbr
1,758,0.7823218997361477,-0.11767810026385228,102.92532802690822,True,similarity,Normalised SCP,cluster_7,cluster,hist_gbr
2,344,0.813953488372093,-0.086046511627907,101.30493766782553,True,similarity,Normalised SCP,cluster_7,cluster,hist_gbr
4,6,0.8333333333333334,-0.06666666666666665,103.21192348648458,False,similarity,Normalised SCP,cluster_7,cluster,hist_gbr
Polyhalo-olefins,1,0.0,-0.9,201.39490308623343,False,family,Normalised SCP,cluster_7,cluster,hist_gbr
Polyolefins,2,0.0,-0.9,148.53339179525094,False,family,Normalised SCP,cluster_7,cluster,hist_gbr
Polyphenylenes,3,0.3333333333333333,-0.5666666666666667,86.59171555841594,False,family,Normalised SCP,cluster_7,cluster,hist_gbr
Polyphosphazenes,94,0.425531914893617,-0.474468085106383,121.01247627204681,True,family,Normalised SCP,cluster_7,cluster,hist_gbr
Polyimines,9,0.4444444444444444,-0.4555555555555556,111.95720962850687,False,family,Normalised SCP,cluster_7,cluster,hist_gbr
Polyanhydrides,33,0.48484848484848486,-0.41515151515151516,94.85294652869845,True,family,Normalised SCP,cluster_7,cluster,hist_gbr
Polyurethanes,130,0.6461538461538462,-0.25384615384615383,113.87685888386324,True,family,Normalised SCP,cluster_7,cluster,hist_gbr
Polydienes,11,0.7272727272727273,-0.17272727272727273,119.70506517148009,True,family,Normalised SCP,cluster_7,cluster,hist_gbr
Polystyrenes,12,0.75,-0.15000000000000002,85.94821204875599,True,family,Normalised SCP,cluster_7,cluster,hist_gbr
Polyacrylics,464,0.7650862068965517,-0.1349137931034483,103.34446437287573,True,family,Normalised SCP,cluster_7,cluster,hist_gbr
Polyesters,593,0.7841483979763912,-0.11585160202360878,103.0126033800772,True,family,Normalised SCP,cluster_7,cluster,hist_gbr
Polyvinyls,19,0.7894736842105263,-0.1105263157894737,97.46909458793428,True,family,Normalised SCP,cluster_7,cluster,hist_gbr
Other backbone,5,0.8,-0.09999999999999998,215.81268423481825,False,family,Normalised SCP,cluster_7,cluster,hist_gbr
Polyethers,154,0.8181818181818182,-0.08181818181818179,101.19469438277773,True,family,Normalised SCP,cluster_7,cluster,hist_gbr
Polycarbonates,176,0.8238636363636364,-0.07613636363636367,105.39997064739936,True,family,Normalised SCP,cluster_7,cluster,hist_gbr
Polyimides,13,0.8461538461538461,-0.05384615384615388,109.54298197051754,True,family,Normalised SCP,cluster_7,cluster,hist_gbr
Polysulfones,23,0.8695652173913043,-0.0304347826086957,98.2922662325708,True,family,Normalised SCP,cluster_7,cluster,hist_gbr
Polyamides,431,0.877030162412993,-0.02296983758700699,106.36009002487347,True,family,Normalised SCP,cluster_7,cluster,hist_gbr
Polyureas,10,0.9,0.0,128.6912709821269,True,family,Normalised SCP,cluster_7,cluster,hist_gbr
Polysiloxanes,1,1.0,0.09999999999999998,98.58399752756954,False,family,Normalised SCP,cluster_7,cluster,hist_gbr
Polysulfides,2,1.0,0.09999999999999998,110.53868899865702,False,family,Normalised SCP,cluster_7,cluster,hist_gbr
0,960,0.803125,-0.09687500000000004,125.28659999999994,True,similarity,SCP,cluster_7,cluster,extra_trees
2,344,0.813953488372093,-0.086046511627907,125.28659999999996,True,similarity,SCP,cluster_7,cluster,extra_trees
4,6,0.8333333333333334,-0.06666666666666665,125.28659999999998,False,similarity,SCP,cluster_7,cluster,extra_trees
1,758,0.8522427440633246,-0.04775725593667546,125.28659999999994,True,similarity,SCP,cluster_7,cluster,extra_trees
3,118,0.8898305084745762,-0.01016949152542379,125.28659999999992,True,similarity,SCP,cluster_7,cluster,extra_trees
Polyhalo-olefins,1,0.0,-0.9,125.28659999999996,False,family,SCP,cluster_7,cluster,extra_trees
Polyolefins,2,0.0,-0.9,125.28659999999998,False,family,SCP,cluster_7,cluster,extra_trees
Other backbone,5,0.4,-0.5,125.28659999999995,False,family,SCP,cluster_7,cluster,extra_trees
Polyphosphazenes,94,0.46808510638297873,-0.4319148936170213,125.2865999999999,True,family,SCP,cluster_7,cluster,extra_trees
Polysulfides,2,0.5,-0.4,125.28659999999996,False,family,SCP,cluster_7,cluster,extra_trees
Polyimines,9,0.5555555555555556,-0.34444444444444444,125.28659999999996,False,family,SCP,cluster_7,cluster,extra_trees
Polyphenylenes,3,0.6666666666666666,-0.2333333333333334,125.28659999999995,False,family,SCP,cluster_7,cluster,extra_trees
Polyurethanes,130,0.7153846153846154,-0.18461538461538463,125.28659999999994,True,family,SCP,cluster_7,cluster,extra_trees
Polystyrenes,12,0.75,-0.15000000000000002,125.28659999999995,True,family,SCP,cluster_7,cluster,extra_trees
Polycarbonates,176,0.7897727272727273,-0.11022727272727273,125.28659999999995,True,family,SCP,cluster_7,cluster,extra_trees
Polyacrylics,464,0.8103448275862069,-0.08965517241379317,125.28659999999994,True,family,SCP,cluster_7,cluster,extra_trees
Polydienes,11,0.8181818181818182,-0.08181818181818179,125.28659999999995,True,family,SCP,cluster_7,cluster,extra_trees
Polyvinyls,19,0.8421052631578947,-0.05789473684210533,125.28659999999995,True,family,SCP,cluster_7,cluster,extra_trees
Polyimides,13,0.8461538461538461,-0.05384615384615388,125.28659999999994,True,family,SCP,cluster_7,cluster,extra_trees
Polyesters,593,0.8617200674536256,-0.03827993254637441,125.28659999999995,True,family,SCP,cluster_7,cluster,extra_trees
Polysulfones,23,0.8695652173913043,-0.0304347826086957,125.28659999999995,True,family,SCP,cluster_7,cluster,extra_trees
Polyethers,154,0.8961038961038961,-0.003896103896103953,125.28659999999995,True,family,SCP,cluster_7,cluster,extra_trees
Polyureas,10,0.9,0.0,125.28659999999995,True,family,SCP,cluster_7,cluster,extra_trees
Polyamides,431,0.9025522041763341,0.002552204176334061,125.28659999999994,True,family,SCP,cluster_7,cluster,extra_trees
Polyanhydrides,33,0.9696969696969697,0.0696969696969697,125.28659999999998,True,family,SCP,cluster_7,cluster,extra_trees
Polysiloxanes,1,1.0,0.09999999999999998,125.28659999999996,False,family,SCP,cluster_7,cluster,extra_trees
4,6,0.8333333333333334,-0.06666666666666665,105.94320000000005,False,similarity,Mondrian-similarity,cluster_7,cluster,extra_trees
3,118,0.8813559322033898,-0.01864406779661021,121.70319999999992,True,similarity,Mondrian-similarity,cluster_7,cluster,extra_trees
2,344,0.9593023255813954,0.059302325581395365,201.5472000000002,True,similarity,Mondrian-similarity,cluster_7,cluster,extra_trees
1,758,0.9802110817941952,0.08021108179419523,245.21959999999999,True,similarity,Mondrian-similarity,cluster_7,cluster,extra_trees
0,960,0.9895833333333334,0.08958333333333335,341.5819199999999,True,similarity,Mondrian-similarity,cluster_7,cluster,extra_trees
Polyolefins,2,0.5,-0.4,341.58191999999997,False,family,Mondrian-similarity,cluster_7,cluster,extra_trees
Polyurethanes,130,0.8692307692307693,-0.03076923076923077,256.6292609230769,True,family,Mondrian-similarity,cluster_7,cluster,extra_trees
Polyphosphazenes,94,0.9680851063829787,0.06808510638297871,330.3054782978723,True,family,Mondrian-similarity,cluster_7,cluster,extra_trees
Polyesters,593,0.9747048903878583,0.07470489038785832,253.05851116357508,True,family,Mondrian-similarity,cluster_7,cluster,extra_trees
Polyacrylics,464,0.9806034482758621,0.08060344827586208,278.3338010344828,True,family,Mondrian-similarity,cluster_7,cluster,extra_trees
Polycarbonates,176,0.9829545454545454,0.08295454545454539,262.6329354545455,True,family,Mondrian-similarity,cluster_7,cluster,extra_trees
Polyethers,154,0.987012987012987,0.08701298701298699,283.3660966233766,True,family,Mondrian-similarity,cluster_7,cluster,extra_trees
Polyamides,431,0.9907192575406032,0.09071925754060317,293.8512150348028,True,family,Mondrian-similarity,cluster_7,cluster,extra_trees
Other backbone,5,1.0,0.09999999999999998,322.30945599999995,False,family,Mondrian-similarity,cluster_7,cluster,extra_trees
Polyimines,9,1.0,0.09999999999999998,309.46114666666665,False,family,Mondrian-similarity,cluster_7,cluster,extra_trees
Polyhalo-olefins,1,1.0,0.09999999999999998,245.21960000000007,False,family,Mondrian-similarity,cluster_7,cluster,extra_trees
Polyimides,13,1.0,0.09999999999999998,193.19990769230773,True,family,Mondrian-similarity,cluster_7,cluster,extra_trees
Polyvinyls,19,1.0,0.09999999999999998,289.43574736842095,True,family,Mondrian-similarity,cluster_7,cluster,extra_trees
Polystyrenes,12,1.0,0.09999999999999998,209.4510000000001,True,family,Mondrian-similarity,cluster_7,cluster,extra_trees
Polyanhydrides,33,1.0,0.09999999999999998,252.92966303030306,True,family,Mondrian-similarity,cluster_7,cluster,extra_trees
Polydienes,11,1.0,0.09999999999999998,294.6304218181819,True,family,Mondrian-similarity,cluster_7,cluster,extra_trees
Polysulfones,23,1.0,0.09999999999999998,273.4325947826087,True,family,Mondrian-similarity,cluster_7,cluster,extra_trees
Polyureas,10,1.0,0.09999999999999998,245.21960000000004,True,family,Mondrian-similarity,cluster_7,cluster,extra_trees
Polyphenylenes,3,1.0,0.09999999999999998,294.90368,False,family,Mondrian-similarity,cluster_7,cluster,extra_trees
Polysiloxanes,1,1.0,0.09999999999999998,245.21960000000004,False,family,Mondrian-similarity,cluster_7,cluster,extra_trees
Polysulfides,2,1.0,0.09999999999999998,341.5819199999999,False,family,Mondrian-similarity,cluster_7,cluster,extra_trees
0,960,0.803125,-0.09687500000000004,128.9179822083333,True,similarity,Mondrian-family,cluster_7,cluster,extra_trees
4,6,0.8333333333333334,-0.06666666666666665,131.2696333333333,False,similarity,Mondrian-family,cluster_7,cluster,extra_trees
2,344,0.8343023255813954,-0.06569767441860463,141.83310488372092,True,similarity,Mondrian-family,cluster_7,cluster,extra_trees
1,758,0.8641160949868074,-0.03588390501319261,140.5359297097625,True,similarity,Mondrian-family,cluster_7,cluster,extra_trees
3,118,0.923728813559322,0.023728813559321993,141.03454813559318,True,similarity,Mondrian-family,cluster_7,cluster,extra_trees
Polyhalo-olefins,1,0.0,-0.9,125.28659999999996,False,family,Mondrian-family,cluster_7,cluster,extra_trees
Polyolefins,2,0.0,-0.9,186.8578000000004,False,family,Mondrian-family,cluster_7,cluster,extra_trees
Other backbone,5,0.4,-0.5,125.28659999999995,False,family,Mondrian-family,cluster_7,cluster,extra_trees
Polyphosphazenes,94,0.46808510638297873,-0.4319148936170213,125.2865999999999,True,family,Mondrian-family,cluster_7,cluster,extra_trees
Polysulfides,2,0.5,-0.4,125.28659999999996,False,family,Mondrian-family,cluster_7,cluster,extra_trees
Polyimines,9,0.5555555555555556,-0.34444444444444444,125.28659999999996,False,family,Mondrian-family,cluster_7,cluster,extra_trees
Polyethers,154,0.7012987012987013,-0.1987012987012987,71.56788,True,family,Mondrian-family,cluster_7,cluster,extra_trees
Polyurethanes,130,0.7153846153846154,-0.18461538461538463,125.28659999999994,True,family,Mondrian-family,cluster_7,cluster,extra_trees
Polyimides,13,0.7692307692307693,-0.13076923076923075,113.11880000000009,True,family,Mondrian-family,cluster_7,cluster,extra_trees
Polyacrylics,464,0.7823275862068966,-0.11767241379310345,118.57860000000004,True,family,Mondrian-family,cluster_7,cluster,extra_trees
Polycarbonates,176,0.7897727272727273,-0.11022727272727273,125.28659999999995,True,family,Mondrian-family,cluster_7,cluster,extra_trees
Polydienes,11,0.8181818181818182,-0.08181818181818179,125.28659999999995,True,family,Mondrian-family,cluster_7,cluster,extra_trees
Polyamides,431,0.8863109048723898,-0.013689095127610185,119.74559999999997,True,family,Mondrian-family,cluster_7,cluster,extra_trees
Polyureas,10,0.9,0.0,125.28659999999995,True,family,Mondrian-family,cluster_7,cluster,extra_trees
Polystyrenes,12,0.9166666666666666,0.016666666666666607,165.68912,True,family,Mondrian-family,cluster_7,cluster,extra_trees
Polyesters,593,0.9662731871838112,0.06627318718381114,180.1418,True,family,Mondrian-family,cluster_7,cluster,extra_trees
Polyanhydrides,33,0.9696969696969697,0.0696969696969697,125.28659999999998,True,family,Mondrian-family,cluster_7,cluster,extra_trees
Polyvinyls,19,1.0,0.09999999999999998,206.59679999999994,True,family,Mondrian-family,cluster_7,cluster,extra_trees
Polysulfones,23,1.0,0.09999999999999998,188.03187999999994,True,family,Mondrian-family,cluster_7,cluster,extra_trees
Polyphenylenes,3,1.0,0.09999999999999998,265.07043999999985,False,family,Mondrian-family,cluster_7,cluster,extra_trees
Polysiloxanes,1,1.0,0.09999999999999998,143.61347999999998,False,family,Mondrian-family,cluster_7,cluster,extra_trees
0,960,0.6958333333333333,-0.20416666666666672,108.23988613850211,True,similarity,Normalised SCP,cluster_7,cluster,extra_trees
1,758,0.7216358839050132,-0.1783641160949868,99.36119126716413,True,similarity,Normalised SCP,cluster_7,cluster,extra_trees
2,344,0.7238372093023255,-0.1761627906976745,100.24089597439207,True,similarity,Normalised SCP,cluster_7,cluster,extra_trees
3,118,0.788135593220339,-0.11186440677966103,96.17373050308765,True,similarity,Normalised SCP,cluster_7,cluster,extra_trees
4,6,0.8333333333333334,-0.06666666666666665,108.83473704997944,False,similarity,Normalised SCP,cluster_7,cluster,extra_trees
Polyhalo-olefins,1,0.0,-0.9,198.30669551346801,False,family,Normalised SCP,cluster_7,cluster,extra_trees
Polyphenylenes,3,0.0,-0.9,75.1299248029118,False,family,Normalised SCP,cluster_7,cluster,extra_trees
Polyphosphazenes,94,0.39361702127659576,-0.5063829787234042,128.87993941980562,True,family,Normalised SCP,cluster_7,cluster,extra_trees
Polyolefins,2,0.5,-0.4,215.01208865553278,False,family,Normalised SCP,cluster_7,cluster,extra_trees
Polyimines,9,0.5555555555555556,-0.34444444444444444,112.63888744976514,False,family,Normalised SCP,cluster_7,cluster,extra_trees
Polystyrenes,12,0.5833333333333334,-0.31666666666666665,79.62783713173518,True,family,Normalised SCP,cluster_7,cluster,extra_trees
Polyurethanes,130,0.6538461538461539,-0.24615384615384617,105.14055049269233,True,family,Normalised SCP,cluster_7,cluster,extra_trees
Polycarbonates,176,0.6988636363636364,-0.20113636363636367,104.32691769545255,True,family,Normalised SCP,cluster_7,cluster,extra_trees
Polyesters,593,0.7116357504215851,-0.1883642495784149,99.29388336316904,True,family,Normalised SCP,cluster_7,cluster,extra_trees
Polyacrylics,464,0.7241379310344828,-0.17586206896551726,102.77951461978418,True,family,Normalised SCP,cluster_7,cluster,extra_trees
Polyamides,431,0.740139211136891,-0.15986078886310906,99.78761382252101,True,family,Normalised SCP,cluster_7,cluster,extra_trees
Polysulfones,23,0.782608695652174,-0.11739130434782608,95.78926620330287,True,family,Normalised SCP,cluster_7,cluster,extra_trees
Polyanhydrides,33,0.7878787878787878,-0.11212121212121218,104.44515249918538,True,family,Normalised SCP,cluster_7,cluster,extra_trees
Polyvinyls,19,0.7894736842105263,-0.1105263157894737,95.99000661135332,True,family,Normalised SCP,cluster_7,cluster,extra_trees
Polydienes,11,0.8181818181818182,-0.08181818181818179,137.32569412632685,True,family,Normalised SCP,cluster_7,cluster,extra_trees
Polyimides,13,0.8461538461538461,-0.05384615384615388,127.51538577164298,True,family,Normalised SCP,cluster_7,cluster,extra_trees
Polyethers,154,0.8506493506493507,-0.04935064935064937,103.4425966953678,True,family,Normalised SCP,cluster_7,cluster,extra_trees
Polyureas,10,0.9,0.0,112.5069418781,True,family,Normalised SCP,cluster_7,cluster,extra_trees
Other backbone,5,1.0,0.09999999999999998,226.29558054056724,False,family,Normalised SCP,cluster_7,cluster,extra_trees
Polysiloxanes,1,1.0,0.09999999999999998,77.98391774950856,False,family,Normalised SCP,cluster_7,cluster,extra_trees
Polysulfides,2,1.0,0.09999999999999998,128.43310480138535,False,family,Normalised SCP,cluster_7,cluster,extra_trees
4,2,0.0,-0.9,263.0,False,similarity,SCP,cluster_8,cluster,median
0,2327,0.37086377309840995,-0.52913622690159,263.0,True,similarity,SCP,cluster_8,cluster,median
1,1120,0.42232142857142857,-0.47767857142857145,263.0,True,similarity,SCP,cluster_8,cluster,median
3,63,0.5873015873015873,-0.3126984126984127,263.0,True,similarity,SCP,cluster_8,cluster,median
2,315,0.5968253968253968,-0.3031746031746032,263.0,True,similarity,SCP,cluster_8,cluster,median
Polyimides,1614,0.1976456009913259,-0.7023543990086741,263.0,True,family,SCP,cluster_8,cluster,median
Polyamides,583,0.42538593481989706,-0.47461406518010296,263.0,True,family,SCP,cluster_8,cluster,median
Polysulfones,194,0.4536082474226804,-0.4463917525773196,263.0,True,family,SCP,cluster_8,cluster,median
Polyphenylenes,250,0.46,-0.44,263.0,True,family,SCP,cluster_8,cluster,median
Polyethers,513,0.4834307992202729,-0.41656920077972714,263.0,True,family,SCP,cluster_8,cluster,median
Polyurethanes,9,0.5555555555555556,-0.34444444444444444,263.0,False,family,SCP,cluster_8,cluster,median
Polyureas,33,0.5757575757575758,-0.3242424242424242,263.0,True,family,SCP,cluster_8,cluster,median
Polyphosphazenes,3,0.6666666666666666,-0.2333333333333334,263.0,False,family,SCP,cluster_8,cluster,median
Polyesters,135,0.6962962962962963,-0.20370370370370372,263.0,True,family,SCP,cluster_8,cluster,median
Polysulfides,38,0.7105263157894737,-0.18947368421052635,263.0,True,family,SCP,cluster_8,cluster,median
Polyolefins,76,0.7105263157894737,-0.18947368421052635,263.0,True,family,SCP,cluster_8,cluster,median
Polystyrenes,15,0.7333333333333333,-0.16666666666666674,263.0,True,family,SCP,cluster_8,cluster,median
Polydienes,45,0.7777777777777778,-0.12222222222222223,263.0,True,family,SCP,cluster_8,cluster,median
Polycarbonates,34,0.7941176470588235,-0.10588235294117654,263.0,True,family,SCP,cluster_8,cluster,median
Polyacrylics,67,0.8955223880597015,-0.004477611940298498,263.0,True,family,SCP,cluster_8,cluster,median
Polyimines,35,0.9142857142857143,0.014285714285714235,263.0,True,family,SCP,cluster_8,cluster,median
Other backbone,47,0.9148936170212766,0.014893617021276562,263.0,True,family,SCP,cluster_8,cluster,median
Polyhalo-olefins,52,0.9615384615384616,0.06153846153846154,263.0,True,family,SCP,cluster_8,cluster,median
Polysiloxanes,8,1.0,0.09999999999999998,263.0,False,family,SCP,cluster_8,cluster,median
Polyvinyls,76,1.0,0.09999999999999998,263.0,True,family,SCP,cluster_8,cluster,median
4,2,0.0,-0.9,270.4,False,similarity,Mondrian-similarity,cluster_8,cluster,median
0,2327,0.37086377309840995,-0.52913622690159,263.0,True,similarity,Mondrian-similarity,cluster_8,cluster,median
1,1120,0.5830357142857143,-0.3169642857142857,317.0,True,similarity,Mondrian-similarity,cluster_8,cluster,median
3,63,0.5873015873015873,-0.3126984126984127,255.0,True,similarity,Mondrian-similarity,cluster_8,cluster,median
2,315,0.6571428571428571,-0.24285714285714288,283.0,True,similarity,Mondrian-similarity,cluster_8,cluster,median
Polyimides,1614,0.2620817843866171,-0.6379182156133829,281.64312267657994,True,family,Mondrian-similarity,cluster_8,cluster,median
Polyphenylenes,250,0.472,-0.42800000000000005,269.312,True,family,Mondrian-similarity,cluster_8,cluster,median
Polyamides,583,0.483704974271012,-0.416295025728988,283.20377358490566,True,family,Mondrian-similarity,cluster_8,cluster,median
Polyethers,513,0.5360623781676414,-0.36393762183235867,277.9317738791423,True,family,Mondrian-similarity,cluster_8,cluster,median
Polysulfones,194,0.5360824742268041,-0.3639175257731959,283.3298969072165,True,family,Mondrian-similarity,cluster_8,cluster,median
Polyureas,33,0.6060606060606061,-0.29393939393939394,284.45454545454544,True,family,Mondrian-similarity,cluster_8,cluster,median
Polyphosphazenes,3,0.6666666666666666,-0.2333333333333334,263.0,False,family,Mondrian-similarity,cluster_8,cluster,median
Polyurethanes,9,0.6666666666666666,-0.2333333333333334,291.44444444444446,False,family,Mondrian-similarity,cluster_8,cluster,median
Polyesters,135,0.7111111111111111,-0.18888888888888888,286.5111111111111,True,family,Mondrian-similarity,cluster_8,cluster,median
Polysulfides,38,0.7631578947368421,-0.13684210526315788,270.63157894736844,True,family,Mondrian-similarity,cluster_8,cluster,median
Polyolefins,76,0.7763157894736842,-0.12368421052631584,277.92105263157896,True,family,Mondrian-similarity,cluster_8,cluster,median
Polycarbonates,34,0.7941176470588235,-0.10588235294117654,289.94117647058823,True,family,Mondrian-similarity,cluster_8,cluster,median
Polystyrenes,15,0.8,-0.09999999999999998,269.26666666666665,True,family,Mondrian-similarity,cluster_8,cluster,median
Polydienes,45,0.8,-0.09999999999999998,269.0,True,family,Mondrian-similarity,cluster_8,cluster,median
Polyacrylics,67,0.8955223880597015,-0.004477611940298498,289.0,True,family,Mondrian-similarity,cluster_8,cluster,median
Other backbone,47,0.9361702127659575,0.036170212765957444,278.48936170212767,True,family,Mondrian-similarity,cluster_8,cluster,median
Polyimines,35,0.9428571428571428,0.042857142857142816,301.74285714285713,True,family,Mondrian-similarity,cluster_8,cluster,median
Polyhalo-olefins,52,0.9615384615384616,0.06153846153846154,266.11538461538464,True,family,Mondrian-similarity,cluster_8,cluster,median
Polysiloxanes,8,1.0,0.09999999999999998,273.75,False,family,Mondrian-similarity,cluster_8,cluster,median
Polyvinyls,76,1.0,0.09999999999999998,267.2631578947368,True,family,Mondrian-similarity,cluster_8,cluster,median
4,2,0.0,-0.9,243.0,False,similarity,Mondrian-family,cluster_8,cluster,median
0,2327,0.4409110442629996,-0.4590889557370004,295.0849162011174,True,similarity,Mondrian-family,cluster_8,cluster,median
1,1120,0.55625,-0.34375,298.9039285714286,True,similarity,Mondrian-family,cluster_8,cluster,median
3,63,0.6349206349206349,-0.26507936507936514,275.4984126984127,True,similarity,Mondrian-family,cluster_8,cluster,median
2,315,0.6571428571428571,-0.24285714285714288,285.1593650793651,True,similarity,Mondrian-family,cluster_8,cluster,median
Polyamides,583,0.38250428816466553,-0.5174957118353345,243.0,True,family,Mondrian-family,cluster_8,cluster,median
Polyimides,1614,0.40148698884758366,-0.49851301115241636,341.0,True,family,Mondrian-family,cluster_8,cluster,median
Polyphenylenes,250,0.432,-0.468,239.0,True,family,Mondrian-family,cluster_8,cluster,median
Polysulfones,194,0.4536082474226804,-0.4463917525773196,263.0,True,family,Mondrian-family,cluster_8,cluster,median
Polystyrenes,15,0.5333333333333333,-0.3666666666666667,221.0,True,family,Mondrian-family,cluster_8,cluster,median
Polyurethanes,9,0.5555555555555556,-0.34444444444444444,243.0,False,family,Mondrian-family,cluster_8,cluster,median
Polyethers,513,0.5633528265107213,-0.33664717348927875,291.0,True,family,Mondrian-family,cluster_8,cluster,median
Polyureas,33,0.5757575757575758,-0.3242424242424242,263.0,True,family,Mondrian-family,cluster_8,cluster,median
Polyphosphazenes,3,0.6666666666666666,-0.2333333333333334,263.0,False,family,Mondrian-family,cluster_8,cluster,median
Polyesters,135,0.7037037037037037,-0.1962962962962963,271.0,True,family,Mondrian-family,cluster_8,cluster,median
Polysulfides,38,0.7105263157894737,-0.18947368421052635,263.0,True,family,Mondrian-family,cluster_8,cluster,median
Polyolefins,76,0.7105263157894737,-0.18947368421052635,263.0,True,family,Mondrian-family,cluster_8,cluster,median
Polydienes,45,0.7777777777777778,-0.12222222222222223,263.0,True,family,Mondrian-family,cluster_8,cluster,median
Polycarbonates,34,0.7941176470588235,-0.10588235294117654,270.4,True,family,Mondrian-family,cluster_8,cluster,median
Polyacrylics,67,0.8955223880597015,-0.004477611940298498,259.0,True,family,Mondrian-family,cluster_8,cluster,median
Polyimines,35,0.9142857142857143,0.014285714285714235,263.0,True,family,Mondrian-family,cluster_8,cluster,median
Other backbone,47,0.9148936170212766,0.014893617021276562,263.0,True,family,Mondrian-family,cluster_8,cluster,median
Polyhalo-olefins,52,0.9615384615384616,0.06153846153846154,263.0,True,family,Mondrian-family,cluster_8,cluster,median
Polyvinyls,76,0.9868421052631579,0.08684210526315783,257.0,True,family,Mondrian-family,cluster_8,cluster,median
Polysiloxanes,8,1.0,0.09999999999999998,289.0,False,family,Mondrian-family,cluster_8,cluster,median
4,2,0.0,-0.9,283.92217139991874,False,similarity,Normalised SCP,cluster_8,cluster,median
0,2327,0.3532445208422862,-0.5467554791577138,256.83391869346883,True,similarity,Normalised SCP,cluster_8,cluster,median
1,1120,0.38571428571428573,-0.5142857142857142,240.08350396376818,True,similarity,Normalised SCP,cluster_8,cluster,median
2,315,0.5714285714285714,-0.3285714285714286,255.19377365940673,True,similarity,Normalised SCP,cluster_8,cluster,median
3,63,0.6825396825396826,-0.21746031746031746,316.0922244724948,True,similarity,Normalised SCP,cluster_8,cluster,median
Polyimides,1614,0.12267657992565056,-0.7773234200743495,214.51087289867067,True,family,Normalised SCP,cluster_8,cluster,median
Polyamides,583,0.32075471698113206,-0.5792452830188679,225.6868133977789,True,family,Normalised SCP,cluster_8,cluster,median
Polyureas,33,0.42424242424242425,-0.47575757575757577,228.14664305916472,True,family,Normalised SCP,cluster_8,cluster,median
Polysulfones,194,0.520618556701031,-0.37938144329896906,270.83048173111126,True,family,Normalised SCP,cluster_8,cluster,median
Polyurethanes,9,0.5555555555555556,-0.34444444444444444,215.60219169783093,False,family,Normalised SCP,cluster_8,cluster,median
Polyphenylenes,250,0.56,-0.33999999999999997,320.72490930839325,True,family,Normalised SCP,cluster_8,cluster,median
Polyethers,513,0.5614035087719298,-0.33859649122807023,320.19351351359063,True,family,Normalised SCP,cluster_8,cluster,median
Polystyrenes,15,0.6666666666666666,-0.2333333333333334,268.5650610636132,True,family,Normalised SCP,cluster_8,cluster,median
Polyphosphazenes,3,0.6666666666666666,-0.2333333333333334,241.97089576553992,False,family,Normalised SCP,cluster_8,cluster,median
Polyesters,135,0.7111111111111111,-0.18888888888888888,243.7612191430215,True,family,Normalised SCP,cluster_8,cluster,median
Polycarbonates,34,0.7941176470588235,-0.10588235294117654,243.87986761696234,True,family,Normalised SCP,cluster_8,cluster,median
Polysulfides,38,0.8157894736842105,-0.08421052631578951,313.426901410661,True,family,Normalised SCP,cluster_8,cluster,median
Polyolefins,76,0.8421052631578947,-0.05789473684210533,361.5235958049941,True,family,Normalised SCP,cluster_8,cluster,median
Polysiloxanes,8,0.875,-0.025000000000000022,344.5215365629309,False,family,Normalised SCP,cluster_8,cluster,median
Polydienes,45,0.9111111111111111,0.011111111111111072,293.83069751998477,True,family,Normalised SCP,cluster_8,cluster,median
Polyacrylics,67,0.9253731343283582,0.025373134328358193,267.2433113753218,True,family,Normalised SCP,cluster_8,cluster,median
Other backbone,47,0.9361702127659575,0.036170212765957444,340.1652955249609,True,family,Normalised SCP,cluster_8,cluster,median
Polyimines,35,0.9714285714285714,0.0714285714285714,296.645816732659,True,family,Normalised SCP,cluster_8,cluster,median
Polyhalo-olefins,52,0.9807692307692307,0.0807692307692307,380.6287368140355,True,family,Normalised SCP,cluster_8,cluster,median
Polyvinyls,76,0.9868421052631579,0.08684210526315783,233.94614001827003,True,family,Normalised SCP,cluster_8,cluster,median
0,2327,0.3734422002578427,-0.5265577997421573,136.67763595452448,True,similarity,SCP,cluster_8,cluster,svr
1,1120,0.4767857142857143,-0.4232142857142857,136.67763595452448,True,similarity,SCP,cluster_8,cluster,svr
2,315,0.7428571428571429,-0.15714285714285714,136.67763595452445,True,similarity,SCP,cluster_8,cluster,svr
3,63,0.746031746031746,-0.15396825396825398,136.67763595452445,True,similarity,SCP,cluster_8,cluster,svr
4,2,1.0,0.09999999999999998,136.67763595452448,False,similarity,SCP,cluster_8,cluster,svr
Polyimides,1614,0.2620817843866171,-0.6379182156133829,136.67763595452448,True,family,SCP,cluster_8,cluster,svr
Polyphosphazenes,3,0.3333333333333333,-0.5666666666666667,136.67763595452448,False,family,SCP,cluster_8,cluster,svr
Polyureas,33,0.3939393939393939,-0.5060606060606061,136.67763595452448,True,family,SCP,cluster_8,cluster,svr
Polydienes,45,0.4444444444444444,-0.4555555555555556,136.6776359545245,True,family,SCP,cluster_8,cluster,svr
Polyphenylenes,250,0.5,-0.4,136.67763595452445,True,family,SCP,cluster_8,cluster,svr
Polyamides,583,0.5060034305317325,-0.39399656946826755,136.67763595452448,True,family,SCP,cluster_8,cluster,svr
Polyethers,513,0.5282651072124757,-0.37173489278752436,136.67763595452448,True,family,SCP,cluster_8,cluster,svr
Polysulfones,194,0.5309278350515464,-0.36907216494845363,136.67763595452448,True,family,SCP,cluster_8,cluster,svr
Polystyrenes,15,0.5333333333333333,-0.3666666666666667,136.67763595452445,True,family,SCP,cluster_8,cluster,svr
Polyhalo-olefins,52,0.6538461538461539,-0.24615384615384617,136.6776359545245,True,family,SCP,cluster_8,cluster,svr
Polyolefins,76,0.6578947368421053,-0.2421052631578947,136.67763595452445,True,family,SCP,cluster_8,cluster,svr
Polyesters,135,0.6666666666666666,-0.2333333333333334,136.67763595452442,True,family,SCP,cluster_8,cluster,svr
Polycarbonates,34,0.6764705882352942,-0.22352941176470587,136.67763595452448,True,family,SCP,cluster_8,cluster,svr
Other backbone,47,0.7021276595744681,-0.19787234042553192,136.6776359545245,True,family,SCP,cluster_8,cluster,svr
Polysulfides,38,0.7105263157894737,-0.18947368421052635,136.6776359545245,True,family,SCP,cluster_8,cluster,svr
Polysiloxanes,8,0.75,-0.15000000000000002,136.67763595452448,False,family,SCP,cluster_8,cluster,svr
Polyacrylics,67,0.7761194029850746,-0.12388059701492538,136.67763595452445,True,family,SCP,cluster_8,cluster,svr
Polyurethanes,9,0.7777777777777778,-0.12222222222222223,136.67763595452448,False,family,SCP,cluster_8,cluster,svr
Polyimines,35,0.9428571428571428,0.042857142857142816,136.6776359545245,True,family,SCP,cluster_8,cluster,svr
Polyvinyls,76,0.9473684210526315,0.047368421052631504,136.67763595452445,True,family,SCP,cluster_8,cluster,svr
0,2327,0.3734422002578427,-0.5265577997421573,136.67763595452448,True,similarity,Mondrian-similarity,cluster_8,cluster,svr
4,2,0.5,-0.4,117.40295885579206,False,similarity,Mondrian-similarity,cluster_8,cluster,svr
1,1120,0.7616071428571428,-0.1383928571428572,214.00860223894458,True,similarity,Mondrian-similarity,cluster_8,cluster,svr
2,315,0.8285714285714286,-0.0714285714285714,187.5154524887275,True,similarity,Mondrian-similarity,cluster_8,cluster,svr
3,63,0.8571428571428571,-0.04285714285714293,156.13159089448834,True,similarity,Mondrian-similarity,cluster_8,cluster,svr
Polyphosphazenes,3,0.3333333333333333,-0.5666666666666667,136.67763595452448,False,family,Mondrian-similarity,cluster_8,cluster,svr
Polyimides,1614,0.38166047087980176,-0.5183395291201982,164.6953514102645,True,family,Mondrian-similarity,cluster_8,cluster,svr
Polydienes,45,0.4666666666666667,-0.43333333333333335,145.26996554168227,True,family,Mondrian-similarity,cluster_8,cluster,svr
Polyureas,33,0.48484848484848486,-0.41515151515151516,169.41960701560475,True,family,Mondrian-similarity,cluster_8,cluster,svr
Polyphenylenes,250,0.5,-0.4,146.24948791006273,True,family,Mondrian-similarity,cluster_8,cluster,svr
Polyethers,513,0.5769980506822612,-0.32300194931773885,162.16482652123264,True,family,Mondrian-similarity,cluster_8,cluster,svr
Polysulfones,194,0.6082474226804123,-0.2917525773195877,167.96507043350167,True,family,Mondrian-similarity,cluster_8,cluster,svr
Polyamides,583,0.6226415094339622,-0.2773584905660378,169.6687605253454,True,family,Mondrian-similarity,cluster_8,cluster,svr
Polystyrenes,15,0.6666666666666666,-0.2333333333333334,148.61140924471286,True,family,Mondrian-similarity,cluster_8,cluster,svr
Polyhalo-olefins,52,0.6730769230769231,-0.2269230769230769,141.13903785554874,True,family,Mondrian-similarity,cluster_8,cluster,svr
Polyolefins,76,0.7105263157894737,-0.18947368421052635,158.04540295416683,True,family,Mondrian-similarity,cluster_8,cluster,svr
Other backbone,47,0.7446808510638298,-0.15531914893617027,160.74833513643622,True,family,Mondrian-similarity,cluster_8,cluster,svr
Polysiloxanes,8,0.75,-0.15000000000000002,161.4852052411232,False,family,Mondrian-similarity,cluster_8,cluster,svr
Polysulfides,38,0.7631578947368421,-0.13684210526315788,148.19060037442722,True,family,Mondrian-similarity,cluster_8,cluster,svr
Polyurethanes,9,0.7777777777777778,-0.12222222222222223,182.3442468663118,False,family,Mondrian-similarity,cluster_8,cluster,svr
Polyesters,135,0.7851851851851852,-0.11481481481481481,177.03440084862768,True,family,Mondrian-similarity,cluster_8,cluster,svr
Polycarbonates,34,0.8823529411764706,-0.01764705882352946,178.126543751386,True,family,Mondrian-similarity,cluster_8,cluster,svr
Polyacrylics,67,0.9402985074626866,0.040298507462686595,178.60805464721253,True,family,Mondrian-similarity,cluster_8,cluster,svr
Polyvinyls,76,0.9473684210526315,0.047368421052631504,142.78271224013656,True,family,Mondrian-similarity,cluster_8,cluster,svr
Polyimines,35,1.0,0.09999999999999998,194.06211139534417,True,family,Mondrian-similarity,cluster_8,cluster,svr
4,2,0.0,-0.9,64.44367309158238,False,similarity,Mondrian-family,cluster_8,cluster,svr
0,2327,0.31198968629136226,-0.5880103137086378,109.48333877329034,True,similarity,Mondrian-family,cluster_8,cluster,svr
1,1120,0.3357142857142857,-0.5642857142857143,98.24518213751217,True,similarity,Mondrian-family,cluster_8,cluster,svr
2,315,0.5587301587301587,-0.3412698412698413,100.19955893569164,True,similarity,Mondrian-family,cluster_8,cluster,svr
3,63,0.6666666666666666,-0.2333333333333334,110.27709373017922,True,similarity,Mondrian-family,cluster_8,cluster,svr
Polyimides,1614,0.13197026022304834,-0.7680297397769517,80.0207054931361,True,family,Mondrian-family,cluster_8,cluster,svr
Polyamides,583,0.22469982847341338,-0.6753001715265866,64.44367309158237,True,family,Mondrian-family,cluster_8,cluster,svr
Polyphosphazenes,3,0.3333333333333333,-0.5666666666666667,136.67763595452448,False,family,Mondrian-family,cluster_8,cluster,svr
Polyureas,33,0.3939393939393939,-0.5060606060606061,136.67763595452448,True,family,Mondrian-family,cluster_8,cluster,svr
Polydienes,45,0.4444444444444444,-0.4555555555555556,136.6776359545245,True,family,Mondrian-family,cluster_8,cluster,svr
Polyethers,513,0.5087719298245614,-0.3912280701754386,125.34016925599485,True,family,Mondrian-family,cluster_8,cluster,svr
Polysulfones,194,0.5309278350515464,-0.36907216494845363,136.67763595452448,True,family,Mondrian-family,cluster_8,cluster,svr
Polystyrenes,15,0.6,-0.30000000000000004,144.98568472696263,True,family,Mondrian-family,cluster_8,cluster,svr
Polyphenylenes,250,0.616,-0.28400000000000003,235.54370447661844,True,family,Mondrian-family,cluster_8,cluster,svr
Polycarbonates,34,0.6470588235294118,-0.2529411764705882,116.28858021218457,True,family,Mondrian-family,cluster_8,cluster,svr
Polyhalo-olefins,52,0.6538461538461539,-0.24615384615384617,136.6776359545245,True,family,Mondrian-family,cluster_8,cluster,svr
Polyolefins,76,0.6578947368421053,-0.2421052631578947,136.67763595452445,True,family,Mondrian-family,cluster_8,cluster,svr
Polyesters,135,0.6666666666666666,-0.2333333333333334,135.37140631174537,True,family,Mondrian-family,cluster_8,cluster,svr
Polyacrylics,67,0.7014925373134329,-0.19850746268656716,118.73616704765611,True,family,Mondrian-family,cluster_8,cluster,svr
Other backbone,47,0.7021276595744681,-0.19787234042553192,136.6776359545245,True,family,Mondrian-family,cluster_8,cluster,svr
Polysulfides,38,0.7105263157894737,-0.18947368421052635,136.6776359545245,True,family,Mondrian-family,cluster_8,cluster,svr
Polyurethanes,9,0.7777777777777778,-0.12222222222222223,162.12145739056712,False,family,Mondrian-family,cluster_8,cluster,svr
Polyvinyls,76,0.8421052631578947,-0.05789473684210533,83.50456542237043,True,family,Mondrian-family,cluster_8,cluster,svr
Polyimines,35,0.9428571428571428,0.042857142857142816,136.6776359545245,True,family,Mondrian-family,cluster_8,cluster,svr
Polysiloxanes,8,1.0,0.09999999999999998,235.64023429557193,False,family,Mondrian-family,cluster_8,cluster,svr
0,2327,0.3493768801031371,-0.550623119896863,130.07215941381222,True,similarity,Normalised SCP,cluster_8,cluster,svr
1,1120,0.35535714285714287,-0.5446428571428572,102.74858653286041,True,similarity,Normalised SCP,cluster_8,cluster,svr
2,315,0.5873015873015873,-0.3126984126984127,110.42697882937082,True,similarity,Normalised SCP,cluster_8,cluster,svr
3,63,0.6825396825396826,-0.21746031746031746,128.30232487806458,True,similarity,Normalised SCP,cluster_8,cluster,svr
4,2,1.0,0.09999999999999998,147.13641887325534,False,similarity,Normalised SCP,cluster_8,cluster,svr
Polyimides,1614,0.11833952912019827,-0.7816604708798017,78.25175018524982,True,family,Normalised SCP,cluster_8,cluster,svr
Polyureas,33,0.15151515151515152,-0.7484848484848485,107.16335140527173,True,family,Normalised SCP,cluster_8,cluster,svr
Polyamides,583,0.3379073756432247,-0.5620926243567753,99.2600000961908,True,family,Normalised SCP,cluster_8,cluster,svr
Polyethers,513,0.5594541910331384,-0.3405458089668616,145.62021804125365,True,family,Normalised SCP,cluster_8,cluster,svr
Polyphenylenes,250,0.572,-0.32800000000000007,200.79398166984973,True,family,Normalised SCP,cluster_8,cluster,svr
Polyesters,135,0.5851851851851851,-0.3148148148148149,118.61220297710666,True,family,Normalised SCP,cluster_8,cluster,svr
Polycarbonates,34,0.6176470588235294,-0.2823529411764706,127.78356730267421,True,family,Normalised SCP,cluster_8,cluster,svr
Polydienes,45,0.6222222222222222,-0.2777777777777778,241.73711051462533,True,family,Normalised SCP,cluster_8,cluster,svr
Polysulfones,194,0.6237113402061856,-0.27628865979381445,173.7757644686921,True,family,Normalised SCP,cluster_8,cluster,svr
Polyurethanes,9,0.6666666666666666,-0.2333333333333334,101.88318830735005,False,family,Normalised SCP,cluster_8,cluster,svr
Polysulfides,38,0.7631578947368421,-0.13684210526315788,190.2031304269963,True,family,Normalised SCP,cluster_8,cluster,svr
Polyolefins,76,0.8026315789473685,-0.09736842105263155,222.07244294019793,True,family,Normalised SCP,cluster_8,cluster,svr
Polyacrylics,67,0.8059701492537313,-0.09402985074626868,177.79315548266152,True,family,Normalised SCP,cluster_8,cluster,svr
Polysiloxanes,8,0.875,-0.025000000000000022,184.75189183833484,False,family,Normalised SCP,cluster_8,cluster,svr
Polyimines,35,0.8857142857142857,-0.014285714285714346,139.7930945081048,True,family,Normalised SCP,cluster_8,cluster,svr
Polyhalo-olefins,52,0.9038461538461539,0.0038461538461538325,246.34687966379212,True,family,Normalised SCP,cluster_8,cluster,svr
Polystyrenes,15,0.9333333333333333,0.033333333333333326,246.28227211309422,True,family,Normalised SCP,cluster_8,cluster,svr
Polyvinyls,76,0.9473684210526315,0.047368421052631504,165.92338180803418,True,family,Normalised SCP,cluster_8,cluster,svr
Other backbone,47,0.9574468085106383,0.057446808510638325,217.57184028726658,True,family,Normalised SCP,cluster_8,cluster,svr
Polyphosphazenes,3,1.0,0.09999999999999998,239.93876843431852,False,family,Normalised SCP,cluster_8,cluster,svr
4,2,0.0,-0.9,125.43759999999995,False,similarity,SCP,cluster_8,cluster,random_forest
0,2327,0.4052428018908466,-0.4947571981091534,125.43759999999997,True,similarity,SCP,cluster_8,cluster,random_forest
1,1120,0.5473214285714286,-0.3526785714285714,125.43759999999995,True,similarity,SCP,cluster_8,cluster,random_forest
2,315,0.6698412698412698,-0.23015873015873023,125.43759999999995,True,similarity,SCP,cluster_8,cluster,random_forest
3,63,0.7777777777777778,-0.12222222222222223,125.43759999999997,True,similarity,SCP,cluster_8,cluster,random_forest
Polystyrenes,15,0.2,-0.7,125.43759999999996,True,family,SCP,cluster_8,cluster,random_forest
Polyphosphazenes,3,0.3333333333333333,-0.5666666666666667,125.43759999999993,False,family,SCP,cluster_8,cluster,random_forest
Polyimides,1614,0.3742255266418835,-0.5257744733581164,125.43759999999995,True,family,SCP,cluster_8,cluster,random_forest
Polysulfones,194,0.4072164948453608,-0.4927835051546392,125.43759999999995,True,family,SCP,cluster_8,cluster,random_forest
Polyamides,583,0.4305317324185249,-0.46946826758147514,125.43759999999996,True,family,SCP,cluster_8,cluster,random_forest
Polyphenylenes,250,0.452,-0.448,125.43759999999995,True,family,SCP,cluster_8,cluster,random_forest
Polydienes,45,0.4666666666666667,-0.43333333333333335,125.43759999999996,True,family,SCP,cluster_8,cluster,random_forest
Polysiloxanes,8,0.5,-0.4,125.43759999999995,False,family,SCP,cluster_8,cluster,random_forest
Polyethers,513,0.571150097465887,-0.32884990253411306,125.43759999999996,True,family,SCP,cluster_8,cluster,random_forest
Polyureas,33,0.5757575757575758,-0.3242424242424242,125.43759999999996,True,family,SCP,cluster_8,cluster,random_forest
Polyhalo-olefins,52,0.5961538461538461,-0.3038461538461539,125.43759999999997,True,family,SCP,cluster_8,cluster,random_forest
Polyolefins,76,0.6052631578947368,-0.2947368421052632,125.43759999999992,True,family,SCP,cluster_8,cluster,random_forest
Polysulfides,38,0.6578947368421053,-0.2421052631578947,125.43759999999999,True,family,SCP,cluster_8,cluster,random_forest
Polyesters,135,0.6962962962962963,-0.20370370370370372,125.43759999999995,True,family,SCP,cluster_8,cluster,random_forest
Polyurethanes,9,0.7777777777777778,-0.12222222222222223,125.43759999999995,False,family,SCP,cluster_8,cluster,random_forest
Other backbone,47,0.7872340425531915,-0.1127659574468085,125.43759999999997,True,family,SCP,cluster_8,cluster,random_forest
Polyacrylics,67,0.8059701492537313,-0.09402985074626868,125.43759999999995,True,family,SCP,cluster_8,cluster,random_forest
Polycarbonates,34,0.8235294117647058,-0.07647058823529418,125.43759999999996,True,family,SCP,cluster_8,cluster,random_forest
Polyvinyls,76,0.9342105263157895,0.03421052631578947,125.43759999999992,True,family,SCP,cluster_8,cluster,random_forest
Polyimines,35,1.0,0.09999999999999998,125.43759999999997,True,family,SCP,cluster_8,cluster,random_forest
4,2,0.0,-0.9,107.55583999999973,False,similarity,Mondrian-similarity,cluster_8,cluster,random_forest
0,2327,0.4052428018908466,-0.4947571981091534,125.43759999999997,True,similarity,Mondrian-similarity,cluster_8,cluster,random_forest
1,1120,0.7491071428571429,-0.15089285714285716,183.0326,True,similarity,Mondrian-similarity,cluster_8,cluster,random_forest
3,63,0.8095238095238095,-0.09047619047619049,155.7212,True,similarity,Mondrian-similarity,cluster_8,cluster,random_forest
2,315,0.819047619047619,-0.080952380952381,164.8072,True,similarity,Mondrian-similarity,cluster_8,cluster,random_forest
Polystyrenes,15,0.26666666666666666,-0.6333333333333333,134.52654666666663,True,family,Mondrian-similarity,cluster_8,cluster,random_forest
Polyphosphazenes,3,0.3333333333333333,-0.5666666666666667,125.43759999999993,False,family,Mondrian-similarity,cluster_8,cluster,random_forest
Polyimides,1614,0.45724907063197023,-0.4427509293680298,146.43678674101608,True,family,Mondrian-similarity,cluster_8,cluster,random_forest
Polydienes,45,0.4666666666666667,-0.43333333333333335,131.83704444444444,True,family,Mondrian-similarity,cluster_8,cluster,random_forest
Polyphenylenes,250,0.476,-0.42400000000000004,132.60273039999998,True,family,Mondrian-similarity,cluster_8,cluster,random_forest
Polysiloxanes,8,0.5,-0.4,146.26482499999997,False,family,Mondrian-similarity,cluster_8,cluster,random_forest
Polysulfones,194,0.5154639175257731,-0.3845360824742269,148.88756082474222,True,family,Mondrian-similarity,cluster_8,cluster,random_forest
Polyamides,583,0.5420240137221269,-0.3579759862778731,150.6550773241852,True,family,Mondrian-similarity,cluster_8,cluster,random_forest
Polyhalo-olefins,52,0.5961538461538461,-0.3038461538461539,128.76038846153844,True,family,Mondrian-similarity,cluster_8,cluster,random_forest
Polyethers,513,0.6140350877192983,-0.28596491228070176,145.2326003898635,True,family,Mondrian-similarity,cluster_8,cluster,random_forest
Polyolefins,76,0.6447368421052632,-0.25526315789473686,141.35200789473683,True,family,Mondrian-similarity,cluster_8,cluster,random_forest
Polyureas,33,0.696969696969697,-0.203030303030303,149.96029090909087,True,family,Mondrian-similarity,cluster_8,cluster,random_forest
Polysulfides,38,0.7105263157894737,-0.18947368421052635,134.05193157894735,True,family,Mondrian-similarity,cluster_8,cluster,random_forest
Polyesters,135,0.7555555555555555,-0.1444444444444445,157.6733733333333,True,family,Mondrian-similarity,cluster_8,cluster,random_forest
Polyurethanes,9,0.7777777777777778,-0.12222222222222223,159.78417777777776,False,family,Mondrian-similarity,cluster_8,cluster,random_forest
Other backbone,47,0.8085106382978723,-0.09148936170212774,143.49331063829786,True,family,Mondrian-similarity,cluster_8,cluster,random_forest
Polycarbonates,34,0.8529411764705882,-0.04705882352941182,156.90561176470587,True,family,Mondrian-similarity,cluster_8,cluster,random_forest
Polyacrylics,67,0.8955223880597015,-0.004477611940298498,157.5988208955224,True,family,Mondrian-similarity,cluster_8,cluster,random_forest
Polyvinyls,76,0.9473684210526315,0.047368421052631504,129.98457368421043,True,family,Mondrian-similarity,cluster_8,cluster,random_forest
Polyimines,35,1.0,0.09999999999999998,168.30585142857143,True,family,Mondrian-similarity,cluster_8,cluster,random_forest
4,2,0.0,-0.9,99.82900000000001,False,similarity,Mondrian-family,cluster_8,cluster,random_forest
0,2327,0.36613665663944994,-0.5338633433605501,113.64755887408683,True,similarity,Mondrian-family,cluster_8,cluster,random_forest
1,1120,0.4625,-0.4375,109.69529803571429,True,similarity,Mondrian-family,cluster_8,cluster,random_forest
2,315,0.6222222222222222,-0.2777777777777778,108.62141873015877,True,similarity,Mondrian-family,cluster_8,cluster,random_forest
3,63,0.746031746031746,-0.15396825396825398,110.85550952380956,True,similarity,Mondrian-family,cluster_8,cluster,random_forest
Polystyrenes,15,0.2,-0.7,109.3553999999999,True,family,Mondrian-family,cluster_8,cluster,random_forest
Polyimides,1614,0.28810408921933084,-0.6118959107806692,101.9002,True,family,Mondrian-family,cluster_8,cluster,random_forest
Polyphosphazenes,3,0.3333333333333333,-0.5666666666666667,125.43759999999993,False,family,Mondrian-family,cluster_8,cluster,random_forest
Polyamides,583,0.3602058319039451,-0.539794168096055,99.82900000000001,True,family,Mondrian-family,cluster_8,cluster,random_forest
Polysulfones,194,0.4072164948453608,-0.4927835051546392,125.43759999999995,True,family,Mondrian-family,cluster_8,cluster,random_forest
Polyethers,513,0.46393762183235865,-0.4360623781676414,97.52760000000009,True,family,Mondrian-family,cluster_8,cluster,random_forest
Polydienes,45,0.4666666666666667,-0.43333333333333335,125.43759999999996,True,family,Mondrian-family,cluster_8,cluster,random_forest
Polyphenylenes,250,0.552,-0.348,182.27890000000008,True,family,Mondrian-family,cluster_8,cluster,random_forest
Polyureas,33,0.5757575757575758,-0.3242424242424242,125.43759999999996,True,family,Mondrian-family,cluster_8,cluster,random_forest
Polyhalo-olefins,52,0.5961538461538461,-0.3038461538461539,125.43759999999997,True,family,Mondrian-family,cluster_8,cluster,random_forest
Polyolefins,76,0.6052631578947368,-0.2947368421052632,125.43759999999992,True,family,Mondrian-family,cluster_8,cluster,random_forest
Polysulfides,38,0.6578947368421053,-0.2421052631578947,125.43759999999999,True,family,Mondrian-family,cluster_8,cluster,random_forest
Polyesters,135,0.6962962962962963,-0.20370370370370372,125.06150000000001,True,family,Mondrian-family,cluster_8,cluster,random_forest
Polysiloxanes,8,0.75,-0.15000000000000002,183.147,False,family,Mondrian-family,cluster_8,cluster,random_forest
Other backbone,47,0.7872340425531915,-0.1127659574468085,125.43759999999997,True,family,Mondrian-family,cluster_8,cluster,random_forest
Polycarbonates,34,0.8235294117647058,-0.07647058823529418,150.22399999999993,True,family,Mondrian-family,cluster_8,cluster,random_forest
Polyvinyls,76,0.8947368421052632,-0.0052631578947368585,101.74059999999997,True,family,Mondrian-family,cluster_8,cluster,random_forest
Polyacrylics,67,0.8955223880597015,-0.004477611940298498,155.7212,True,family,Mondrian-family,cluster_8,cluster,random_forest
Polyurethanes,9,1.0,0.09999999999999998,175.7106,False,family,Mondrian-family,cluster_8,cluster,random_forest
Polyimines,35,1.0,0.09999999999999998,125.43759999999997,True,family,Mondrian-family,cluster_8,cluster,random_forest
0,2327,0.44305973356252687,-0.45694026643747315,145.15033667925908,True,similarity,Normalised SCP,cluster_8,cluster,random_forest
4,2,0.5,-0.4,136.71797811964498,False,similarity,Normalised SCP,cluster_8,cluster,random_forest
1,1120,0.5241071428571429,-0.37589285714285714,127.35769067710442,True,similarity,Normalised SCP,cluster_8,cluster,random_forest
2,315,0.6603174603174603,-0.23968253968253972,123.94979061251146,True,similarity,Normalised SCP,cluster_8,cluster,random_forest
3,63,0.7777777777777778,-0.12222222222222223,129.1436670222591,True,similarity,Normalised SCP,cluster_8,cluster,random_forest
Polyphosphazenes,3,0.3333333333333333,-0.5666666666666667,182.56895869328378,False,family,Normalised SCP,cluster_8,cluster,random_forest
Polyimides,1614,0.34572490706319703,-0.554275092936803,126.27682215720354,True,family,Normalised SCP,cluster_8,cluster,random_forest
Polyamides,583,0.4305317324185249,-0.46946826758147514,118.86175080268465,True,family,Normalised SCP,cluster_8,cluster,random_forest
Polysiloxanes,8,0.5,-0.4,140.6206302583646,False,family,Normalised SCP,cluster_8,cluster,random_forest
Polyethers,513,0.5516569200779727,-0.3483430799220273,127.0282038378362,True,family,Normalised SCP,cluster_8,cluster,random_forest
Polyphenylenes,250,0.564,-0.3360000000000001,184.6903436612425,True,family,Normalised SCP,cluster_8,cluster,random_forest
Polyureas,33,0.5757575757575758,-0.3242424242424242,122.26581832039493,True,family,Normalised SCP,cluster_8,cluster,random_forest
Polydienes,45,0.6222222222222222,-0.2777777777777778,212.0073618857649,True,family,Normalised SCP,cluster_8,cluster,random_forest
Polysulfones,194,0.6288659793814433,-0.27113402061855674,187.33836576041853,True,family,Normalised SCP,cluster_8,cluster,random_forest
Polyesters,135,0.6444444444444445,-0.25555555555555554,115.67351507182417,True,family,Normalised SCP,cluster_8,cluster,random_forest
Polyurethanes,9,0.6666666666666666,-0.2333333333333334,101.18919450507332,False,family,Normalised SCP,cluster_8,cluster,random_forest
Polysulfides,38,0.7368421052631579,-0.16315789473684217,153.39357491895075,True,family,Normalised SCP,cluster_8,cluster,random_forest
Polyhalo-olefins,52,0.75,-0.15000000000000002,167.93199864581942,True,family,Normalised SCP,cluster_8,cluster,random_forest
Polyolefins,76,0.7631578947368421,-0.13684210526315788,216.49505160740296,True,family,Normalised SCP,cluster_8,cluster,random_forest
Polystyrenes,15,0.8,-0.09999999999999998,210.1955345918948,True,family,Normalised SCP,cluster_8,cluster,random_forest
Polycarbonates,34,0.8235294117647058,-0.07647058823529418,108.37104822751698,True,family,Normalised SCP,cluster_8,cluster,random_forest
Polyacrylics,67,0.8955223880597015,-0.004477611940298498,163.8578082458901,True,family,Normalised SCP,cluster_8,cluster,random_forest
Polyvinyls,76,0.9342105263157895,0.03421052631578947,157.5131117005324,True,family,Normalised SCP,cluster_8,cluster,random_forest
Other backbone,47,0.9574468085106383,0.057446808510638325,212.6396416642474,True,family,Normalised SCP,cluster_8,cluster,random_forest
Polyimines,35,1.0,0.09999999999999998,128.56289317733922,True,family,Normalised SCP,cluster_8,cluster,random_forest
0,2327,0.3944993553932101,-0.5055006446067899,109.97680159653126,True,similarity,SCP,cluster_8,cluster,hist_gbr
4,2,0.5,-0.4,109.97680159653123,False,similarity,SCP,cluster_8,cluster,hist_gbr
1,1120,0.5491071428571429,-0.3508928571428571,109.97680159653126,True,similarity,SCP,cluster_8,cluster,hist_gbr
2,315,0.6285714285714286,-0.27142857142857146,109.97680159653123,True,similarity,SCP,cluster_8,cluster,hist_gbr
3,63,0.7777777777777778,-0.12222222222222223,109.97680159653123,True,similarity,SCP,cluster_8,cluster,hist_gbr
Polyphosphazenes,3,0.0,-0.9,109.97680159653127,False,family,SCP,cluster_8,cluster,hist_gbr
Polyimides,1614,0.379182156133829,-0.520817843866171,109.97680159653123,True,family,SCP,cluster_8,cluster,hist_gbr
Polystyrenes,15,0.4,-0.5,109.97680159653125,True,family,SCP,cluster_8,cluster,hist_gbr
Polyamides,583,0.40308747855917665,-0.4969125214408234,109.97680159653126,True,family,SCP,cluster_8,cluster,hist_gbr
Polyphenylenes,250,0.42,-0.48000000000000004,109.97680159653125,True,family,SCP,cluster_8,cluster,hist_gbr
Polydienes,45,0.4222222222222222,-0.4777777777777778,109.97680159653125,True,family,SCP,cluster_8,cluster,hist_gbr
Polyureas,33,0.42424242424242425,-0.47575757575757577,109.97680159653126,True,family,SCP,cluster_8,cluster,hist_gbr
Polysulfones,194,0.4742268041237113,-0.4257731958762887,109.97680159653123,True,family,SCP,cluster_8,cluster,hist_gbr
Polysiloxanes,8,0.5,-0.4,109.97680159653126,False,family,SCP,cluster_8,cluster,hist_gbr
Polyolefins,76,0.5526315789473685,-0.34736842105263155,109.97680159653122,True,family,SCP,cluster_8,cluster,hist_gbr
Polyurethanes,9,0.5555555555555556,-0.34444444444444444,109.97680159653126,False,family,SCP,cluster_8,cluster,hist_gbr
Polyethers,513,0.5653021442495126,-0.3346978557504874,109.97680159653125,True,family,SCP,cluster_8,cluster,hist_gbr
Polysulfides,38,0.631578947368421,-0.268421052631579,109.97680159653127,True,family,SCP,cluster_8,cluster,hist_gbr
Polyhalo-olefins,52,0.6346153846153846,-0.26538461538461544,109.97680159653123,True,family,SCP,cluster_8,cluster,hist_gbr
Other backbone,47,0.6382978723404256,-0.26170212765957446,109.97680159653123,True,family,SCP,cluster_8,cluster,hist_gbr
Polyesters,135,0.6592592592592592,-0.2407407407407408,109.97680159653123,True,family,SCP,cluster_8,cluster,hist_gbr
Polycarbonates,34,0.7941176470588235,-0.10588235294117654,109.97680159653127,True,family,SCP,cluster_8,cluster,hist_gbr
Polyacrylics,67,0.8059701492537313,-0.09402985074626868,109.97680159653125,True,family,SCP,cluster_8,cluster,hist_gbr
Polyvinyls,76,0.8552631578947368,-0.044736842105263186,109.97680159653125,True,family,SCP,cluster_8,cluster,hist_gbr
Polyimines,35,1.0,0.09999999999999998,109.97680159653127,True,family,SCP,cluster_8,cluster,hist_gbr
0,2327,0.3944993553932101,-0.5055006446067899,109.97680159653126,True,similarity,Mondrian-similarity,cluster_8,cluster,hist_gbr
4,2,0.5,-0.4,101.2552811810321,False,similarity,Mondrian-similarity,cluster_8,cluster,hist_gbr
1,1120,0.6232142857142857,-0.2767857142857143,130.2791590806748,True,similarity,Mondrian-similarity,cluster_8,cluster,hist_gbr
2,315,0.7682539682539683,-0.13174603174603172,137.87322882705143,True,similarity,Mondrian-similarity,cluster_8,cluster,hist_gbr
3,63,0.7777777777777778,-0.12222222222222223,127.32782760166467,True,similarity,Mondrian-similarity,cluster_8,cluster,hist_gbr
Polyphosphazenes,3,0.0,-0.9,109.97680159653127,False,family,Mondrian-similarity,cluster_8,cluster,hist_gbr
Polystyrenes,15,0.4,-0.5,115.04981572621018,True,family,Mondrian-similarity,cluster_8,cluster,hist_gbr
Polyimides,1614,0.4200743494423792,-0.4799256505576208,118.1727587419571,True,family,Mondrian-similarity,cluster_8,cluster,hist_gbr
Polydienes,45,0.4222222222222222,-0.4777777777777778,112.2326190947694,True,family,Mondrian-similarity,cluster_8,cluster,hist_gbr
Polyphenylenes,250,0.428,-0.47200000000000003,112.83897045835124,True,family,Mondrian-similarity,cluster_8,cluster,hist_gbr
Polyamides,583,0.451114922813036,-0.448885077186964,121.1329006554084,True,family,Mondrian-similarity,cluster_8,cluster,hist_gbr
Polyureas,33,0.48484848484848486,-0.41515151515151516,119.89551588444894,True,family,Mondrian-similarity,cluster_8,cluster,hist_gbr
Polysulfones,194,0.5154639175257731,-0.3845360824742269,119.61591351062073,True,family,Mondrian-similarity,cluster_8,cluster,hist_gbr
Polyolefins,76,0.5657894736842105,-0.3342105263157895,115.58666353293935,True,family,Mondrian-similarity,cluster_8,cluster,hist_gbr
Polyethers,513,0.5847953216374269,-0.31520467836257315,119.04573735217404,True,family,Mondrian-similarity,cluster_8,cluster,hist_gbr
Polysiloxanes,8,0.625,-0.275,121.65758134032092,False,family,Mondrian-similarity,cluster_8,cluster,hist_gbr
Polysulfides,38,0.631578947368421,-0.268421052631579,113.38228092945859,True,family,Mondrian-similarity,cluster_8,cluster,hist_gbr
Polyhalo-olefins,52,0.6346153846153846,-0.26538461538461544,111.14809145138567,True,family,Mondrian-similarity,cluster_8,cluster,hist_gbr
Other backbone,47,0.6595744680851063,-0.2404255319148937,117.53454625039937,True,family,Mondrian-similarity,cluster_8,cluster,hist_gbr
Polyurethanes,9,0.6666666666666666,-0.2333333333333334,125.19927764071066,False,family,Mondrian-similarity,cluster_8,cluster,hist_gbr
Polyesters,135,0.6814814814814815,-0.21851851851851856,123.9459598678943,True,family,Mondrian-similarity,cluster_8,cluster,hist_gbr
Polycarbonates,34,0.7941176470588235,-0.10588235294117654,122.5026259330898,True,family,Mondrian-similarity,cluster_8,cluster,hist_gbr
Polyacrylics,67,0.835820895522388,-0.06417910447761199,123.70494663176653,True,family,Mondrian-similarity,cluster_8,cluster,hist_gbr
Polyvinyls,76,0.881578947368421,-0.018421052631579005,111.57961929264782,True,family,Mondrian-similarity,cluster_8,cluster,hist_gbr
Polyimines,35,1.0,0.09999999999999998,126.28954049113139,True,family,Mondrian-similarity,cluster_8,cluster,hist_gbr
4,2,0.0,-0.9,95.20234175896076,False,similarity,Mondrian-family,cluster_8,cluster,hist_gbr
0,2327,0.3575418994413408,-0.5424581005586593,98.20244506594862,True,similarity,Mondrian-family,cluster_8,cluster,hist_gbr
1,1120,0.4419642857142857,-0.4580357142857143,91.58994746539733,True,similarity,Mondrian-family,cluster_8,cluster,hist_gbr
2,315,0.5555555555555556,-0.34444444444444444,94.10612563493281,True,similarity,Mondrian-family,cluster_8,cluster,hist_gbr
3,63,0.7301587301587301,-0.1698412698412699,95.09493917627003,True,similarity,Mondrian-family,cluster_8,cluster,hist_gbr
Polyphosphazenes,3,0.0,-0.9,109.97680159653127,False,family,Mondrian-family,cluster_8,cluster,hist_gbr
Polyimides,1614,0.2552664188351921,-0.644733581164808,76.72283780304599,True,family,Mondrian-family,cluster_8,cluster,hist_gbr
Polystyrenes,15,0.26666666666666666,-0.6333333333333333,91.5058552644901,True,family,Mondrian-family,cluster_8,cluster,hist_gbr
Polyamides,583,0.34991423670668953,-0.5500857632933105,95.20234175896076,True,family,Mondrian-family,cluster_8,cluster,hist_gbr
Polydienes,45,0.4222222222222222,-0.4777777777777778,109.97680159653125,True,family,Mondrian-family,cluster_8,cluster,hist_gbr
Polyureas,33,0.42424242424242425,-0.47575757575757577,109.97680159653126,True,family,Mondrian-family,cluster_8,cluster,hist_gbr
Polysulfones,194,0.4742268041237113,-0.4257731958762887,109.97680159653123,True,family,Mondrian-family,cluster_8,cluster,hist_gbr
Polyethers,513,0.4756335282651072,-0.42436647173489284,90.53521720779337,True,family,Mondrian-family,cluster_8,cluster,hist_gbr
Polyolefins,76,0.5526315789473685,-0.34736842105263155,109.97680159653122,True,family,Mondrian-family,cluster_8,cluster,hist_gbr
Polyphenylenes,250,0.6,-0.30000000000000004,187.89015378955605,True,family,Mondrian-family,cluster_8,cluster,hist_gbr
Polyesters,135,0.6222222222222222,-0.2777777777777778,95.03346675237141,True,family,Mondrian-family,cluster_8,cluster,hist_gbr
Polysulfides,38,0.631578947368421,-0.268421052631579,109.97680159653127,True,family,Mondrian-family,cluster_8,cluster,hist_gbr
Polyhalo-olefins,52,0.6346153846153846,-0.26538461538461544,109.97680159653123,True,family,Mondrian-family,cluster_8,cluster,hist_gbr
Other backbone,47,0.6382978723404256,-0.26170212765957446,109.97680159653123,True,family,Mondrian-family,cluster_8,cluster,hist_gbr
Polysiloxanes,8,0.75,-0.15000000000000002,149.79095198970492,False,family,Mondrian-family,cluster_8,cluster,hist_gbr
Polycarbonates,34,0.7941176470588235,-0.10588235294117654,103.93106651398642,True,family,Mondrian-family,cluster_8,cluster,hist_gbr
Polyvinyls,76,0.8289473684210527,-0.07105263157894737,97.64683614321036,True,family,Mondrian-family,cluster_8,cluster,hist_gbr
Polyacrylics,67,0.8507462686567164,-0.04925373134328359,134.71140449884538,True,family,Mondrian-family,cluster_8,cluster,hist_gbr
Polyurethanes,9,0.8888888888888888,-0.011111111111111183,141.45948005930353,False,family,Mondrian-family,cluster_8,cluster,hist_gbr
Polyimines,35,1.0,0.09999999999999998,109.97680159653127,True,family,Mondrian-family,cluster_8,cluster,hist_gbr
0,2327,0.4894714224323163,-0.41052857756768374,145.30661934897466,True,similarity,Normalised SCP,cluster_8,cluster,hist_gbr
4,2,0.5,-0.4,143.0514565398426,False,similarity,Normalised SCP,cluster_8,cluster,hist_gbr
1,1120,0.5919642857142857,-0.3080357142857143,124.76898310481158,True,similarity,Normalised SCP,cluster_8,cluster,hist_gbr
2,315,0.7111111111111111,-0.18888888888888888,126.55009018143932,True,similarity,Normalised SCP,cluster_8,cluster,hist_gbr
3,63,0.7936507936507936,-0.10634920634920642,135.09567225550182,True,similarity,Normalised SCP,cluster_8,cluster,hist_gbr
Polyphosphazenes,3,0.0,-0.9,165.07437982227853,False,family,Normalised SCP,cluster_8,cluster,hist_gbr
Polyamides,583,0.39451114922813035,-0.5054888507718697,111.75486901739455,True,family,Normalised SCP,cluster_8,cluster,hist_gbr
Polyimides,1614,0.4708798017348203,-0.4291201982651797,135.7060722690072,True,family,Normalised SCP,cluster_8,cluster,hist_gbr
Polydienes,45,0.5111111111111111,-0.38888888888888895,167.540447162787,True,family,Normalised SCP,cluster_8,cluster,hist_gbr
Polyureas,33,0.5151515151515151,-0.3848484848484849,115.5542616313165,True,family,Normalised SCP,cluster_8,cluster,hist_gbr
Polyurethanes,9,0.5555555555555556,-0.34444444444444444,103.64269217194575,False,family,Normalised SCP,cluster_8,cluster,hist_gbr
Polyphenylenes,250,0.56,-0.33999999999999997,169.00749504482073,True,family,Normalised SCP,cluster_8,cluster,hist_gbr
Polyethers,513,0.6179337231968811,-0.2820662768031189,138.79579916187453,True,family,Normalised SCP,cluster_8,cluster,hist_gbr
Polysiloxanes,8,0.625,-0.275,138.18574427400154,False,family,Normalised SCP,cluster_8,cluster,hist_gbr
Polysulfones,194,0.6494845360824743,-0.25051546391752577,161.51249364576725,True,family,Normalised SCP,cluster_8,cluster,hist_gbr
Polyesters,135,0.6814814814814815,-0.21851851851851856,112.01540662854379,True,family,Normalised SCP,cluster_8,cluster,hist_gbr
Polysulfides,38,0.7105263157894737,-0.18947368421052635,162.43584099272059,True,family,Normalised SCP,cluster_8,cluster,hist_gbr
Polyolefins,76,0.7236842105263158,-0.1763157894736842,172.51861873349807,True,family,Normalised SCP,cluster_8,cluster,hist_gbr
Polystyrenes,15,0.7333333333333333,-0.16666666666666674,173.9877842195889,True,family,Normalised SCP,cluster_8,cluster,hist_gbr
Polycarbonates,34,0.7647058823529411,-0.1352941176470589,105.56923944807151,True,family,Normalised SCP,cluster_8,cluster,hist_gbr
Polyacrylics,67,0.8208955223880597,-0.07910447761194028,140.9366012203517,True,family,Normalised SCP,cluster_8,cluster,hist_gbr
Polyhalo-olefins,52,0.8269230769230769,-0.07307692307692315,197.67522656820924,True,family,Normalised SCP,cluster_8,cluster,hist_gbr
Other backbone,47,0.8936170212765957,-0.00638297872340432,163.4578403276007,True,family,Normalised SCP,cluster_8,cluster,hist_gbr
Polyvinyls,76,0.9210526315789473,0.021052631578947323,148.3604850720718,True,family,Normalised SCP,cluster_8,cluster,hist_gbr
Polyimines,35,0.9428571428571428,0.042857142857142816,125.3951403582048,True,family,Normalised SCP,cluster_8,cluster,hist_gbr
4,2,0.0,-0.9,119.64040000000006,False,similarity,SCP,cluster_8,cluster,extra_trees
0,2327,0.3914911903738719,-0.5085088096261281,119.64040000000003,True,similarity,SCP,cluster_8,cluster,extra_trees
1,1120,0.5294642857142857,-0.3705357142857143,119.64040000000001,True,similarity,SCP,cluster_8,cluster,extra_trees
2,315,0.707936507936508,-0.19206349206349205,119.64040000000003,True,similarity,SCP,cluster_8,cluster,extra_trees
3,63,0.7777777777777778,-0.12222222222222223,119.64040000000006,True,similarity,SCP,cluster_8,cluster,extra_trees
Polyphosphazenes,3,0.0,-0.9,119.64040000000006,False,family,SCP,cluster_8,cluster,extra_trees
Polystyrenes,15,0.26666666666666666,-0.6333333333333333,119.64040000000003,True,family,SCP,cluster_8,cluster,extra_trees
Polyimides,1614,0.3562577447335812,-0.5437422552664188,119.6404,True,family,SCP,cluster_8,cluster,extra_trees
Polysiloxanes,8,0.375,-0.525,119.64040000000006,False,family,SCP,cluster_8,cluster,extra_trees
Polyamides,583,0.42538593481989706,-0.47461406518010296,119.64040000000003,True,family,SCP,cluster_8,cluster,extra_trees
Polyphenylenes,250,0.436,-0.464,119.64040000000003,True,family,SCP,cluster_8,cluster,extra_trees
Polydienes,45,0.4444444444444444,-0.4555555555555556,119.64040000000007,True,family,SCP,cluster_8,cluster,extra_trees
Polyureas,33,0.45454545454545453,-0.4454545454545455,119.64040000000006,True,family,SCP,cluster_8,cluster,extra_trees
Polysulfones,194,0.5,-0.4,119.64040000000004,True,family,SCP,cluster_8,cluster,extra_trees
Polyethers,513,0.5633528265107213,-0.33664717348927875,119.64040000000004,True,family,SCP,cluster_8,cluster,extra_trees
Polyolefins,76,0.631578947368421,-0.268421052631579,119.64040000000004,True,family,SCP,cluster_8,cluster,extra_trees
Polysulfides,38,0.631578947368421,-0.268421052631579,119.64040000000008,True,family,SCP,cluster_8,cluster,extra_trees
Polyurethanes,9,0.6666666666666666,-0.2333333333333334,119.64040000000006,False,family,SCP,cluster_8,cluster,extra_trees
Polyhalo-olefins,52,0.6730769230769231,-0.2269230769230769,119.64040000000006,True,family,SCP,cluster_8,cluster,extra_trees
Polyesters,135,0.674074074074074,-0.22592592592592597,119.64040000000006,True,family,SCP,cluster_8,cluster,extra_trees
Other backbone,47,0.6808510638297872,-0.2191489361702128,119.64040000000007,True,family,SCP,cluster_8,cluster,extra_trees
Polyacrylics,67,0.6865671641791045,-0.21343283582089556,119.64040000000006,True,family,SCP,cluster_8,cluster,extra_trees
Polycarbonates,34,0.8235294117647058,-0.07647058823529418,119.64040000000007,True,family,SCP,cluster_8,cluster,extra_trees
Polyvinyls,76,0.9342105263157895,0.03421052631578947,119.64040000000004,True,family,SCP,cluster_8,cluster,extra_trees
Polyimines,35,1.0,0.09999999999999998,119.64040000000007,True,family,SCP,cluster_8,cluster,extra_trees
4,2,0.0,-0.9,96.26499999999999,False,similarity,Mondrian-similarity,cluster_8,cluster,extra_trees
0,2327,0.3914911903738719,-0.5085088096261281,119.64040000000003,True,similarity,Mondrian-similarity,cluster_8,cluster,extra_trees
1,1120,0.7491071428571429,-0.15089285714285716,179.09259999999995,True,similarity,Mondrian-similarity,cluster_8,cluster,extra_trees
3,63,0.7777777777777778,-0.12222222222222223,143.49079999999998,True,similarity,Mondrian-similarity,cluster_8,cluster,extra_trees
2,315,0.8095238095238095,-0.09047619047619049,151.37580000000003,True,similarity,Mondrian-similarity,cluster_8,cluster,extra_trees
Polyphosphazenes,3,0.0,-0.9,119.64040000000006,False,family,Mondrian-similarity,cluster_8,cluster,extra_trees
Polystyrenes,15,0.26666666666666666,-0.6333333333333333,127.83526666666668,True,family,Mondrian-similarity,cluster_8,cluster,extra_trees
Polysiloxanes,8,0.375,-0.525,137.987075,False,family,Mondrian-similarity,cluster_8,cluster,extra_trees
Polyimides,1614,0.4436183395291202,-0.4563816604708798,140.80279628252788,True,family,Mondrian-similarity,cluster_8,cluster,extra_trees
Polyphenylenes,250,0.444,-0.456,126.82288720000001,True,family,Mondrian-similarity,cluster_8,cluster,extra_trees
Polydienes,45,0.4444444444444444,-0.4555555555555556,126.24620000000007,True,family,Mondrian-similarity,cluster_8,cluster,extra_trees
Polyamides,583,0.5283018867924528,-0.3716981132075472,144.12213070325902,True,family,Mondrian-similarity,cluster_8,cluster,extra_trees
Polysulfones,194,0.5721649484536082,-0.3278350515463918,142.974512371134,True,family,Mondrian-similarity,cluster_8,cluster,extra_trees
Polyureas,33,0.5757575757575758,-0.3242424242424242,144.1444181818182,True,family,Mondrian-similarity,cluster_8,cluster,extra_trees
Polyethers,513,0.6159844054580896,-0.2840155945419104,138.62196686159848,True,family,Mondrian-similarity,cluster_8,cluster,extra_trees
Polyurethanes,9,0.6666666666666666,-0.2333333333333334,153.1159111111111,False,family,Mondrian-similarity,cluster_8,cluster,extra_trees
Polyolefins,76,0.6842105263157895,-0.21578947368421053,136.06798157894738,True,family,Mondrian-similarity,cluster_8,cluster,extra_trees
Polyhalo-olefins,52,0.6923076923076923,-0.20769230769230773,123.07033461538467,True,family,Mondrian-similarity,cluster_8,cluster,extra_trees
Polysulfides,38,0.7105263157894737,-0.18947368421052635,128.29820000000007,True,family,Mondrian-similarity,cluster_8,cluster,extra_trees
Polyesters,135,0.7185185185185186,-0.18148148148148147,150.86136000000002,True,family,Mondrian-similarity,cluster_8,cluster,extra_trees
Other backbone,47,0.723404255319149,-0.17659574468085104,137.52057021276596,True,family,Mondrian-similarity,cluster_8,cluster,extra_trees
Polycarbonates,34,0.8235294117647058,-0.07647058823529418,151.1195705882353,True,family,Mondrian-similarity,cluster_8,cluster,extra_trees
Polyacrylics,67,0.8955223880597015,-0.004477611940298498,151.17799701492538,True,family,Mondrian-similarity,cluster_8,cluster,extra_trees
Polyvinyls,76,0.9342105263157895,0.03421052631578947,124.33399473684217,True,family,Mondrian-similarity,cluster_8,cluster,extra_trees
Polyimines,35,1.0,0.09999999999999998,163.12779999999998,True,family,Mondrian-similarity,cluster_8,cluster,extra_trees
4,2,0.0,-0.9,106.74960000000004,False,similarity,Mondrian-family,cluster_8,cluster,extra_trees
0,2327,0.35883111302105714,-0.5411688869789428,109.85846239793727,True,similarity,Mondrian-family,cluster_8,cluster,extra_trees
1,1120,0.45535714285714285,-0.4446428571428572,103.5877353571429,True,similarity,Mondrian-family,cluster_8,cluster,extra_trees
2,315,0.6349206349206349,-0.26507936507936514,107.13146984126986,True,similarity,Mondrian-family,cluster_8,cluster,extra_trees
3,63,0.746031746031746,-0.15396825396825398,109.74363174603175,True,similarity,Mondrian-family,cluster_8,cluster,extra_trees
Polyphosphazenes,3,0.0,-0.9,119.64040000000006,False,family,Mondrian-family,cluster_8,cluster,extra_trees
Polyimides,1614,0.24473358116480792,-0.6552664188351921,87.63580000000005,True,family,Mondrian-family,cluster_8,cluster,extra_trees
Polystyrenes,15,0.26666666666666666,-0.6333333333333333,111.6799999999999,True,family,Mondrian-family,cluster_8,cluster,extra_trees
Polyamides,583,0.37735849056603776,-0.5226415094339623,106.74960000000007,True,family,Mondrian-family,cluster_8,cluster,extra_trees
Polydienes,45,0.4444444444444444,-0.4555555555555556,119.64040000000007,True,family,Mondrian-family,cluster_8,cluster,extra_trees
Polyureas,33,0.45454545454545453,-0.4454545454545455,119.64040000000006,True,family,Mondrian-family,cluster_8,cluster,extra_trees
Polysulfones,194,0.5,-0.4,119.64040000000004,True,family,Mondrian-family,cluster_8,cluster,extra_trees
Polysiloxanes,8,0.5,-0.4,158.50520000000006,False,family,Mondrian-family,cluster_8,cluster,extra_trees
Polyethers,513,0.5243664717348928,-0.3756335282651072,108.89599999999999,True,family,Mondrian-family,cluster_8,cluster,extra_trees
Polyphenylenes,250,0.588,-0.31200000000000006,201.20799999999983,True,family,Mondrian-family,cluster_8,cluster,extra_trees
Polyolefins,76,0.631578947368421,-0.268421052631579,119.64040000000004,True,family,Mondrian-family,cluster_8,cluster,extra_trees
Polysulfides,38,0.631578947368421,-0.268421052631579,119.64040000000008,True,family,Mondrian-family,cluster_8,cluster,extra_trees
Polyesters,135,0.6518518518518519,-0.24814814814814812,109.9968,True,family,Mondrian-family,cluster_8,cluster,extra_trees
Polyhalo-olefins,52,0.6730769230769231,-0.2269230769230769,119.64040000000006,True,family,Mondrian-family,cluster_8,cluster,extra_trees
Other backbone,47,0.6808510638297872,-0.2191489361702128,119.64040000000007,True,family,Mondrian-family,cluster_8,cluster,extra_trees
Polyacrylics,67,0.8208955223880597,-0.07910447761194028,145.44180000000003,True,family,Mondrian-family,cluster_8,cluster,extra_trees
Polycarbonates,34,0.8235294117647058,-0.07647058823529418,124.97999999999999,True,family,Mondrian-family,cluster_8,cluster,extra_trees
Polyvinyls,76,0.881578947368421,-0.018421052631579005,90.20600000000009,True,family,Mondrian-family,cluster_8,cluster,extra_trees
Polyurethanes,9,1.0,0.09999999999999998,163.7228,False,family,Mondrian-family,cluster_8,cluster,extra_trees
Polyimines,35,1.0,0.09999999999999998,119.64040000000007,True,family,Mondrian-family,cluster_8,cluster,extra_trees
0,2327,0.41383755908895575,-0.48616244091104427,137.48446528522072,True,similarity,Normalised SCP,cluster_8,cluster,extra_trees
1,1120,0.45982142857142855,-0.4401785714285715,113.04424333413733,True,similarity,Normalised SCP,cluster_8,cluster,extra_trees
4,2,0.5,-0.4,144.73813428050116,False,similarity,Normalised SCP,cluster_8,cluster,extra_trees
2,315,0.6444444444444445,-0.25555555555555554,113.5297349913054,True,similarity,Normalised SCP,cluster_8,cluster,extra_trees
3,63,0.746031746031746,-0.15396825396825398,120.66015754515126,True,similarity,Normalised SCP,cluster_8,cluster,extra_trees
Polyimides,1614,0.2942998760842627,-0.6057001239157374,115.0745469353311,True,family,Normalised SCP,cluster_8,cluster,extra_trees
Polyamides,583,0.3602058319039451,-0.539794168096055,105.55634010359204,True,family,Normalised SCP,cluster_8,cluster,extra_trees
Polyureas,33,0.48484848484848486,-0.41515151515151516,112.12545767505529,True,family,Normalised SCP,cluster_8,cluster,extra_trees
Polysiloxanes,8,0.5,-0.4,159.221639878562,False,family,Normalised SCP,cluster_8,cluster,extra_trees
Polyphenylenes,250,0.528,-0.372,172.83310994321062,True,family,Normalised SCP,cluster_8,cluster,extra_trees
Polystyrenes,15,0.5333333333333333,-0.3666666666666667,167.15879162602948,True,family,Normalised SCP,cluster_8,cluster,extra_trees
Polydienes,45,0.5555555555555556,-0.34444444444444444,194.5232852971824,True,family,Normalised SCP,cluster_8,cluster,extra_trees
Polyethers,513,0.5692007797270955,-0.33079922027290454,123.7233813545365,True,family,Normalised SCP,cluster_8,cluster,extra_trees
Polyesters,135,0.5851851851851851,-0.3148148148148149,111.73528680974069,True,family,Normalised SCP,cluster_8,cluster,extra_trees
Polysulfones,194,0.6030927835051546,-0.2969072164948454,164.9265085408732,True,family,Normalised SCP,cluster_8,cluster,extra_trees
Polyphosphazenes,3,0.6666666666666666,-0.2333333333333334,188.257597781291,False,family,Normalised SCP,cluster_8,cluster,extra_trees
Polyurethanes,9,0.6666666666666666,-0.2333333333333334,100.32128176577423,False,family,Normalised SCP,cluster_8,cluster,extra_trees
Polysulfides,38,0.7368421052631579,-0.16315789473684217,157.9439383934354,True,family,Normalised SCP,cluster_8,cluster,extra_trees
Polycarbonates,34,0.7647058823529411,-0.1352941176470589,118.15297761290046,True,family,Normalised SCP,cluster_8,cluster,extra_trees
Polyolefins,76,0.7894736842105263,-0.1105263157894737,206.38501999550232,True,family,Normalised SCP,cluster_8,cluster,extra_trees
Polyacrylics,67,0.8208955223880597,-0.07910447761194028,146.1854709596573,True,family,Normalised SCP,cluster_8,cluster,extra_trees
Polyhalo-olefins,52,0.8269230769230769,-0.07307692307692315,190.29348708706908,True,family,Normalised SCP,cluster_8,cluster,extra_trees
Other backbone,47,0.9361702127659575,0.036170212765957444,213.12072029527948,True,family,Normalised SCP,cluster_8,cluster,extra_trees
Polyvinyls,76,0.9605263157894737,0.06052631578947365,153.4260248673932,True,family,Normalised SCP,cluster_8,cluster,extra_trees
Polyimines,35,0.9714285714285714,0.0714285714285714,125.34894656541546,True,family,Normalised SCP,cluster_8,cluster,extra_trees
1,336,0.8125,-0.08750000000000002,348.0,True,similarity,SCP,cluster_9,cluster,median
0,1079,0.8220574606116775,-0.07794253938832252,348.0,True,similarity,SCP,cluster_9,cluster,median
2,158,0.8227848101265823,-0.07721518987341769,348.0,True,similarity,SCP,cluster_9,cluster,median
3,25,0.96,0.05999999999999994,348.0,True,similarity,SCP,cluster_9,cluster,median
4,3,1.0,0.09999999999999998,348.0,False,similarity,SCP,cluster_9,cluster,median
Polysiloxanes,202,0.504950495049505,-0.39504950495049507,348.0,True,family,SCP,cluster_9,cluster,median
Polyethers,71,0.5774647887323944,-0.32253521126760565,348.0,True,family,SCP,cluster_9,cluster,median
Polyhalo-olefins,38,0.6578947368421053,-0.2421052631578947,348.0,True,family,SCP,cluster_9,cluster,median
Other backbone,15,0.7333333333333333,-0.16666666666666674,348.0,True,family,SCP,cluster_9,cluster,median
Polyvinyls,95,0.7789473684210526,-0.12105263157894741,348.0,True,family,SCP,cluster_9,cluster,median
Polyesters,66,0.7878787878787878,-0.11212121212121218,348.0,True,family,SCP,cluster_9,cluster,median
Polydienes,33,0.7878787878787878,-0.11212121212121218,348.0,True,family,SCP,cluster_9,cluster,median
Polyacrylics,223,0.8026905829596412,-0.09730941704035878,348.0,True,family,SCP,cluster_9,cluster,median
Polysulfides,34,0.8235294117647058,-0.07647058823529418,348.0,True,family,SCP,cluster_9,cluster,median
Polyphosphazenes,15,0.8666666666666667,-0.033333333333333326,348.0,True,family,SCP,cluster_9,cluster,median
Polyamides,88,0.8977272727272727,-0.002272727272727315,348.0,True,family,SCP,cluster_9,cluster,median
Polyolefins,79,0.8987341772151899,-0.0012658227848101333,348.0,True,family,SCP,cluster_9,cluster,median
Polycarbonates,30,0.9333333333333333,0.033333333333333326,348.0,True,family,SCP,cluster_9,cluster,median
Polystyrenes,235,0.948936170212766,0.04893617021276597,348.0,True,family,SCP,cluster_9,cluster,median
Polyphenylenes,242,0.9586776859504132,0.05867768595041323,348.0,True,family,SCP,cluster_9,cluster,median
Polysulfones,43,0.9767441860465116,0.07674418604651156,348.0,True,family,SCP,cluster_9,cluster,median
Polyimides,68,0.9852941176470589,0.08529411764705885,348.0,True,family,SCP,cluster_9,cluster,median
Polyureas,1,1.0,0.09999999999999998,348.0,False,family,SCP,cluster_9,cluster,median
Polyurethanes,11,1.0,0.09999999999999998,348.0,True,family,SCP,cluster_9,cluster,median
Polyimines,9,1.0,0.09999999999999998,348.0,False,family,SCP,cluster_9,cluster,median
Polyanhydrides,3,1.0,0.09999999999999998,348.0,False,family,SCP,cluster_9,cluster,median
2,158,0.8164556962025317,-0.08354430379746836,334.0,True,similarity,Mondrian-similarity,cluster_9,cluster,median
0,1079,0.8220574606116775,-0.07794253938832252,348.0,True,similarity,Mondrian-similarity,cluster_9,cluster,median
1,336,0.9375,0.03749999999999998,446.0,True,similarity,Mondrian-similarity,cluster_9,cluster,median
3,25,0.96,0.05999999999999994,370.0,True,similarity,Mondrian-similarity,cluster_9,cluster,median
4,3,1.0,0.09999999999999998,349.79999999999995,False,similarity,Mondrian-similarity,cluster_9,cluster,median
Polysiloxanes,202,0.5544554455445545,-0.3455445544554455,366.8910891089109,True,family,Mondrian-similarity,cluster_9,cluster,median
Polyethers,71,0.6197183098591549,-0.28028169014084514,366.92957746478874,True,family,Mondrian-similarity,cluster_9,cluster,median
Polyhalo-olefins,38,0.7105263157894737,-0.18947368421052635,355.7368421052632,True,family,Mondrian-similarity,cluster_9,cluster,median
Polydienes,33,0.7878787878787878,-0.11212121212121218,362.8484848484849,True,family,Mondrian-similarity,cluster_9,cluster,median
Polyvinyls,95,0.8,-0.09999999999999998,374.5452631578948,True,family,Mondrian-similarity,cluster_9,cluster,median
Other backbone,15,0.8,-0.09999999999999998,372.26666666666665,True,family,Mondrian-similarity,cluster_9,cluster,median
Polysulfides,34,0.8235294117647058,-0.07647058823529418,355.2352941176471,True,family,Mondrian-similarity,cluster_9,cluster,median
Polyacrylics,223,0.8385650224215246,-0.06143497757847538,373.8286995515695,True,family,Mondrian-similarity,cluster_9,cluster,median
Polyphosphazenes,15,0.8666666666666667,-0.033333333333333326,374.1333333333333,True,family,Mondrian-similarity,cluster_9,cluster,median
Polyesters,66,0.9090909090909091,0.009090909090909038,392.1212121212121,True,family,Mondrian-similarity,cluster_9,cluster,median
Polyolefins,79,0.9113924050632911,0.011392405063291089,356.50632911392404,True,family,Mondrian-similarity,cluster_9,cluster,median
Polycarbonates,30,0.9333333333333333,0.033333333333333326,371.8,True,family,Mondrian-similarity,cluster_9,cluster,median
Polyamides,88,0.9431818181818182,0.04318181818181821,364.36136363636365,True,family,Mondrian-similarity,cluster_9,cluster,median
Polystyrenes,235,0.9574468085106383,0.057446808510638325,359.79574468085104,True,family,Mondrian-similarity,cluster_9,cluster,median
Polyphenylenes,242,0.9586776859504132,0.05867768595041323,365.6776859504132,True,family,Mondrian-similarity,cluster_9,cluster,median
Polysulfones,43,0.9767441860465116,0.07674418604651156,389.6744186046512,True,family,Mondrian-similarity,cluster_9,cluster,median
Polyimides,68,0.9852941176470589,0.08529411764705885,360.88235294117646,True,family,Mondrian-similarity,cluster_9,cluster,median
Polyureas,1,1.0,0.09999999999999998,348.0,False,family,Mondrian-similarity,cluster_9,cluster,median
Polyurethanes,11,1.0,0.09999999999999998,383.6363636363636,True,family,Mondrian-similarity,cluster_9,cluster,median
Polyimines,9,1.0,0.09999999999999998,358.8888888888889,False,family,Mondrian-similarity,cluster_9,cluster,median
Polyanhydrides,3,1.0,0.09999999999999998,380.6666666666667,False,family,Mondrian-similarity,cluster_9,cluster,median
1,336,0.7976190476190477,-0.10238095238095235,355.125,True,similarity,Mondrian-family,cluster_9,cluster,median
2,158,0.810126582278481,-0.08987341772151902,349.0759493670886,True,similarity,Mondrian-family,cluster_9,cluster,median
0,1079,0.8164967562557924,-0.08350324374420759,366.5755329008341,True,similarity,Mondrian-family,cluster_9,cluster,median
3,25,0.92,0.020000000000000018,332.08,True,similarity,Mondrian-family,cluster_9,cluster,median
4,3,1.0,0.09999999999999998,307.3333333333333,False,similarity,Mondrian-family,cluster_9,cluster,median
Polyethers,71,0.49295774647887325,-0.4070422535211268,320.0,True,family,Mondrian-family,cluster_9,cluster,median
Polysiloxanes,202,0.504950495049505,-0.39504950495049507,348.0,True,family,Mondrian-family,cluster_9,cluster,median
Polyhalo-olefins,38,0.6578947368421053,-0.2421052631578947,348.0,True,family,Mondrian-family,cluster_9,cluster,median
Polyvinyls,95,0.6842105263157895,-0.21578947368421053,294.0,True,family,Mondrian-family,cluster_9,cluster,median
Other backbone,15,0.7333333333333333,-0.16666666666666674,348.0,True,family,Mondrian-family,cluster_9,cluster,median
Polyesters,66,0.7727272727272727,-0.12727272727272732,342.0,True,family,Mondrian-family,cluster_9,cluster,median
Polyacrylics,223,0.7757847533632287,-0.1242152466367713,324.0,True,family,Mondrian-family,cluster_9,cluster,median
Polydienes,33,0.7878787878787878,-0.11212121212121218,348.0,True,family,Mondrian-family,cluster_9,cluster,median
Polysulfides,34,0.8235294117647058,-0.07647058823529418,348.0,True,family,Mondrian-family,cluster_9,cluster,median
Polyamides,88,0.8522727272727273,-0.04772727272727273,304.0,True,family,Mondrian-family,cluster_9,cluster,median
Polyolefins,79,0.8987341772151899,-0.0012658227848101333,348.0,True,family,Mondrian-family,cluster_9,cluster,median
Polystyrenes,235,0.948936170212766,0.04893617021276597,348.0,True,family,Mondrian-family,cluster_9,cluster,median
Polysulfones,43,0.9534883720930233,0.05348837209302326,264.0,True,family,Mondrian-family,cluster_9,cluster,median
Polycarbonates,30,0.9666666666666667,0.06666666666666665,364.0,True,family,Mondrian-family,cluster_9,cluster,median
Polyimides,68,0.9852941176470589,0.08529411764705885,348.0,True,family,Mondrian-family,cluster_9,cluster,median
Polyphenylenes,242,1.0,0.09999999999999998,514.0,True,family,Mondrian-family,cluster_9,cluster,median
Polyureas,1,1.0,0.09999999999999998,348.0,False,family,Mondrian-family,cluster_9,cluster,median
Polyphosphazenes,15,1.0,0.09999999999999998,478.0,True,family,Mondrian-family,cluster_9,cluster,median
Polyurethanes,11,1.0,0.09999999999999998,333.0,True,family,Mondrian-family,cluster_9,cluster,median
Polyimines,9,1.0,0.09999999999999998,348.0,False,family,Mondrian-family,cluster_9,cluster,median
Polyanhydrides,3,1.0,0.09999999999999998,348.0,False,family,Mondrian-family,cluster_9,cluster,median
4,3,0.6666666666666666,-0.2333333333333334,284.9614530602443,False,similarity,Normalised SCP,cluster_9,cluster,median
3,25,0.76,-0.14,262.1909362984391,True,similarity,Normalised SCP,cluster_9,cluster,median
0,1079,0.8081556997219648,-0.09184430027803525,299.9670822051157,True,similarity,Normalised SCP,cluster_9,cluster,median
1,336,0.8154761904761905,-0.08452380952380956,314.33067330125107,True,similarity,Normalised SCP,cluster_9,cluster,median
2,158,0.8354430379746836,-0.06455696202531647,314.6440351860736,True,similarity,Normalised SCP,cluster_9,cluster,median
Polyphosphazenes,15,0.4666666666666667,-0.43333333333333335,214.70531711802232,True,family,Normalised SCP,cluster_9,cluster,median
Other backbone,15,0.6,-0.30000000000000004,297.61938106612854,True,family,Normalised SCP,cluster_9,cluster,median
Polysiloxanes,202,0.6237623762376238,-0.27623762376237626,366.0678661943785,True,family,Normalised SCP,cluster_9,cluster,median
Polyimines,9,0.6666666666666666,-0.2333333333333334,159.84314612371995,False,family,Normalised SCP,cluster_9,cluster,median
Polycarbonates,30,0.6666666666666666,-0.2333333333333334,277.2582944266602,True,family,Normalised SCP,cluster_9,cluster,median
Polyhalo-olefins,38,0.7894736842105263,-0.1105263157894737,366.90750901339203,True,family,Normalised SCP,cluster_9,cluster,median
Polyolefins,79,0.7974683544303798,-0.10253164556962024,299.24349797269736,True,family,Normalised SCP,cluster_9,cluster,median
Polyphenylenes,242,0.8057851239669421,-0.09421487603305789,245.98513021765038,True,family,Normalised SCP,cluster_9,cluster,median
Polydienes,33,0.8181818181818182,-0.08181818181818179,290.20260174017926,True,family,Normalised SCP,cluster_9,cluster,median
Polyamides,88,0.8295454545454546,-0.07045454545454544,255.00140494127115,True,family,Normalised SCP,cluster_9,cluster,median
Polyethers,71,0.8309859154929577,-0.06901408450704227,430.42939519153396,True,family,Normalised SCP,cluster_9,cluster,median
Polyacrylics,223,0.852017937219731,-0.047982062780269064,343.30419505814626,True,family,Normalised SCP,cluster_9,cluster,median
Polyimides,68,0.8676470588235294,-0.032352941176470584,202.03577221086397,True,family,Normalised SCP,cluster_9,cluster,median
Polystyrenes,235,0.8765957446808511,-0.023404255319148914,271.33523826384607,True,family,Normalised SCP,cluster_9,cluster,median
Polyvinyls,95,0.8947368421052632,-0.0052631578947368585,383.1078746004388,True,family,Normalised SCP,cluster_9,cluster,median
Polysulfones,43,0.9069767441860465,0.006976744186046435,225.60557986417908,True,family,Normalised SCP,cluster_9,cluster,median
Polyurethanes,11,0.9090909090909091,0.009090909090909038,224.9717441684905,True,family,Normalised SCP,cluster_9,cluster,median
Polyesters,66,0.9090909090909091,0.009090909090909038,335.63426340868125,True,family,Normalised SCP,cluster_9,cluster,median
Polysulfides,34,0.9117647058823529,0.0117647058823529,290.3711344937381,True,family,Normalised SCP,cluster_9,cluster,median
Polyureas,1,1.0,0.09999999999999998,224.82731158975142,False,family,Normalised SCP,cluster_9,cluster,median
Polyanhydrides,3,1.0,0.09999999999999998,149.4444800158882,False,family,Normalised SCP,cluster_9,cluster,median
0,1079,0.6635773864689527,-0.23642261353104732,128.8896061697532,True,similarity,SCP,cluster_9,cluster,svr
1,336,0.7351190476190477,-0.16488095238095235,128.8896061697532,True,similarity,SCP,cluster_9,cluster,svr
3,25,0.84,-0.06000000000000005,128.88960616975316,True,similarity,SCP,cluster_9,cluster,svr
2,158,0.8417721518987342,-0.0582278481012658,128.88960616975316,True,similarity,SCP,cluster_9,cluster,svr
4,3,1.0,0.09999999999999998,128.88960616975316,False,similarity,SCP,cluster_9,cluster,svr
Polyureas,1,0.0,-0.9,128.88960616975316,False,family,SCP,cluster_9,cluster,svr
Polyphosphazenes,15,0.2,-0.7,128.88960616975322,True,family,SCP,cluster_9,cluster,svr
Polydienes,33,0.36363636363636365,-0.5363636363636364,128.88960616975316,True,family,SCP,cluster_9,cluster,svr
Polyhalo-olefins,38,0.4473684210526316,-0.45263157894736844,128.8896061697532,True,family,SCP,cluster_9,cluster,svr
Polysiloxanes,202,0.49504950495049505,-0.404950495049505,128.8896061697532,True,family,SCP,cluster_9,cluster,svr
Polyolefins,79,0.5569620253164557,-0.34303797468354436,128.8896061697531,True,family,SCP,cluster_9,cluster,svr
Polysulfones,43,0.5813953488372093,-0.3186046511627907,128.88960616975316,True,family,SCP,cluster_9,cluster,svr
Polyimines,9,0.6666666666666666,-0.2333333333333334,128.88960616975316,False,family,SCP,cluster_9,cluster,svr
Polyanhydrides,3,0.6666666666666666,-0.2333333333333334,128.88960616975316,False,family,SCP,cluster_9,cluster,svr
Polystyrenes,235,0.6893617021276596,-0.21063829787234045,128.8896061697532,True,family,SCP,cluster_9,cluster,svr
Polyamides,88,0.7159090909090909,-0.18409090909090908,128.8896061697532,True,family,SCP,cluster_9,cluster,svr
Polyphenylenes,242,0.71900826446281,-0.18099173553719006,128.88960616975322,True,family,SCP,cluster_9,cluster,svr
Polyesters,66,0.7575757575757576,-0.14242424242424245,128.88960616975314,True,family,SCP,cluster_9,cluster,svr
Polyimides,68,0.7794117647058824,-0.12058823529411766,128.8896061697531,True,family,SCP,cluster_9,cluster,svr
Polycarbonates,30,0.8,-0.09999999999999998,128.8896061697532,True,family,SCP,cluster_9,cluster,svr
Polyethers,71,0.8028169014084507,-0.09718309859154928,128.88960616975308,True,family,SCP,cluster_9,cluster,svr
Polyacrylics,223,0.8071748878923767,-0.09282511210762334,128.8896061697532,True,family,SCP,cluster_9,cluster,svr
Polysulfides,34,0.9117647058823529,0.0117647058823529,128.88960616975316,True,family,SCP,cluster_9,cluster,svr
Other backbone,15,0.9333333333333333,0.033333333333333326,128.88960616975322,True,family,SCP,cluster_9,cluster,svr
Polyvinyls,95,0.968421052631579,0.06842105263157894,128.88960616975314,True,family,SCP,cluster_9,cluster,svr
Polyurethanes,11,1.0,0.09999999999999998,128.8896061697532,True,family,SCP,cluster_9,cluster,svr
0,1079,0.6635773864689527,-0.23642261353104732,128.8896061697532,True,similarity,Mondrian-similarity,cluster_9,cluster,svr
3,25,0.88,-0.020000000000000018,161.7666784864149,True,similarity,Mondrian-similarity,cluster_9,cluster,svr
2,158,0.9050632911392406,0.005063291139240533,163.37319333975213,True,similarity,Mondrian-similarity,cluster_9,cluster,svr
1,336,0.9642857142857143,0.06428571428571428,310.2418126686727,True,similarity,Mondrian-similarity,cluster_9,cluster,svr
4,3,1.0,0.09999999999999998,131.3213565837848,False,similarity,Mondrian-similarity,cluster_9,cluster,svr
Polyureas,1,0.0,-0.9,128.88960616975316,False,family,Mondrian-similarity,cluster_9,cluster,svr
Polyphosphazenes,15,0.4,-0.5,177.2501945694651,True,family,Mondrian-similarity,cluster_9,cluster,svr
Polydienes,33,0.42424242424242425,-0.47575757575757577,156.36721321504402,True,family,Mondrian-similarity,cluster_9,cluster,svr
Polyhalo-olefins,38,0.4473684210526316,-0.45263157894736844,143.20688563019422,True,family,Mondrian-similarity,cluster_9,cluster,svr
Polysiloxanes,202,0.5841584158415841,-0.3158415841584159,172.77836640178376,True,family,Mondrian-similarity,cluster_9,cluster,svr
Polyolefins,79,0.6075949367088608,-0.29240506329113924,145.39529012750552,True,family,Mondrian-similarity,cluster_9,cluster,svr
Polyimines,9,0.6666666666666666,-0.2333333333333334,149.03985133629982,False,family,Mondrian-similarity,cluster_9,cluster,svr
Polyanhydrides,3,0.6666666666666666,-0.2333333333333334,189.34034166939304,False,family,Mondrian-similarity,cluster_9,cluster,svr
Polystyrenes,235,0.7021276595744681,-0.19787234042553192,153.80181570595565,True,family,Mondrian-similarity,cluster_9,cluster,svr
Polyamides,88,0.75,-0.15000000000000002,168.4972026666477,True,family,Mondrian-similarity,cluster_9,cluster,svr
Polyphenylenes,242,0.768595041322314,-0.13140495867768598,166.06226377441,True,family,Mondrian-similarity,cluster_9,cluster,svr
Polysulfones,43,0.7906976744186046,-0.10930232558139541,222.8627963097155,True,family,Mondrian-similarity,cluster_9,cluster,svr
Polyethers,71,0.8169014084507042,-0.08309859154929577,165.6205648363006,True,family,Mondrian-similarity,cluster_9,cluster,svr
Polyimides,68,0.8382352941176471,-0.061764705882352944,154.3898135983846,True,family,Mondrian-similarity,cluster_9,cluster,svr
Polyesters,66,0.8636363636363636,-0.036363636363636376,218.77249535151833,True,family,Mondrian-similarity,cluster_9,cluster,svr
Polyacrylics,223,0.8834080717488789,-0.016591928251121102,187.96575632234504,True,family,Mondrian-similarity,cluster_9,cluster,svr
Polysulfides,34,0.9117647058823529,0.0117647058823529,150.92935992455952,True,family,Mondrian-similarity,cluster_9,cluster,svr
Other backbone,15,0.9333333333333333,0.033333333333333326,181.84800619213158,True,family,Mondrian-similarity,cluster_9,cluster,svr
Polycarbonates,30,0.9666666666666667,0.06666666666666665,182.9974590977982,True,family,Mondrian-similarity,cluster_9,cluster,svr
Polyvinyls,95,0.968421052631579,0.06842105263157894,179.27440926160511,True,family,Mondrian-similarity,cluster_9,cluster,svr
Polyurethanes,11,1.0,0.09999999999999998,194.83586307845118,True,family,Mondrian-similarity,cluster_9,cluster,svr
0,1079,0.6830398517145505,-0.21696014828544952,143.34725634603853,True,similarity,Mondrian-family,cluster_9,cluster,svr
1,336,0.7380952380952381,-0.16190476190476188,140.4118183934665,True,similarity,Mondrian-family,cluster_9,cluster,svr
2,158,0.8291139240506329,-0.07088607594936713,135.55793541762867,True,similarity,Mondrian-family,cluster_9,cluster,svr
3,25,0.84,-0.06000000000000005,125.08950810502391,True,similarity,Mondrian-family,cluster_9,cluster,svr
4,3,1.0,0.09999999999999998,121.43945128042931,False,similarity,Mondrian-family,cluster_9,cluster,svr
Polyureas,1,0.0,-0.9,128.88960616975316,False,family,Mondrian-family,cluster_9,cluster,svr
Polydienes,33,0.36363636363636365,-0.5363636363636364,128.88960616975316,True,family,Mondrian-family,cluster_9,cluster,svr
Polyhalo-olefins,38,0.4473684210526316,-0.45263157894736844,128.8896061697532,True,family,Mondrian-family,cluster_9,cluster,svr
Polysiloxanes,202,0.49504950495049505,-0.404950495049505,128.8896061697532,True,family,Mondrian-family,cluster_9,cluster,svr
Polyolefins,79,0.5569620253164557,-0.34303797468354436,128.8896061697531,True,family,Mondrian-family,cluster_9,cluster,svr
Polysulfones,43,0.5581395348837209,-0.3418604651162791,118.76207717503621,True,family,Mondrian-family,cluster_9,cluster,svr
Polyimines,9,0.6666666666666666,-0.2333333333333334,128.88960616975316,False,family,Mondrian-family,cluster_9,cluster,svr
Polyanhydrides,3,0.6666666666666666,-0.2333333333333334,128.88960616975316,False,family,Mondrian-family,cluster_9,cluster,svr
Polyamides,88,0.6704545454545454,-0.2295454545454546,121.28171935865753,True,family,Mondrian-family,cluster_9,cluster,svr
Polystyrenes,235,0.6893617021276596,-0.21063829787234045,128.8896061697532,True,family,Mondrian-family,cluster_9,cluster,svr
Polyethers,71,0.6901408450704225,-0.20985915492957752,105.89925117478137,True,family,Mondrian-family,cluster_9,cluster,svr
Polyimides,68,0.7352941176470589,-0.16470588235294115,113.25142813867275,True,family,Mondrian-family,cluster_9,cluster,svr
Polyacrylics,223,0.7488789237668162,-0.15112107623318383,120.22944537476427,True,family,Mondrian-family,cluster_9,cluster,svr
Polyesters,66,0.7575757575757576,-0.14242424242424245,130.3723603530264,True,family,Mondrian-family,cluster_9,cluster,svr
Polycarbonates,30,0.8,-0.09999999999999998,119.0095884008239,True,family,Mondrian-family,cluster_9,cluster,svr
Polyphosphazenes,15,0.8666666666666667,-0.033333333333333326,292.0650156760866,True,family,Mondrian-family,cluster_9,cluster,svr
Polyphenylenes,242,0.8801652892561983,-0.01983471074380172,228.23188732568929,True,family,Mondrian-family,cluster_9,cluster,svr
Polysulfides,34,0.9117647058823529,0.0117647058823529,128.88960616975316,True,family,Mondrian-family,cluster_9,cluster,svr
Other backbone,15,0.9333333333333333,0.033333333333333326,128.88960616975322,True,family,Mondrian-family,cluster_9,cluster,svr
Polyvinyls,95,0.968421052631579,0.06842105263157894,122.80718910786604,True,family,Mondrian-family,cluster_9,cluster,svr
Polyurethanes,11,1.0,0.09999999999999998,167.73697907570815,True,family,Mondrian-family,cluster_9,cluster,svr
1,336,0.7470238095238095,-0.1529761904761905,144.22399347929135,True,similarity,Normalised SCP,cluster_9,cluster,svr
0,1079,0.758109360518999,-0.141890639481001,173.03123769675204,True,similarity,Normalised SCP,cluster_9,cluster,svr
2,158,0.8164556962025317,-0.08354430379746836,122.36218687508632,True,similarity,Normalised SCP,cluster_9,cluster,svr
3,25,0.88,-0.020000000000000018,112.39108971967248,True,similarity,Normalised SCP,cluster_9,cluster,svr
4,3,1.0,0.09999999999999998,105.40986053607998,False,similarity,Normalised SCP,cluster_9,cluster,svr
Polyureas,1,0.0,-0.9,177.82563334427647,False,family,Normalised SCP,cluster_9,cluster,svr
Polyphosphazenes,15,0.2,-0.7,135.14660212472768,True,family,Normalised SCP,cluster_9,cluster,svr
Polyhalo-olefins,38,0.5789473684210527,-0.32105263157894737,218.09230960638706,True,family,Normalised SCP,cluster_9,cluster,svr
Polysulfones,43,0.6046511627906976,-0.2953488372093024,128.14774843202474,True,family,Normalised SCP,cluster_9,cluster,svr
Polysiloxanes,202,0.6089108910891089,-0.2910891089108911,161.26381392538826,True,family,Normalised SCP,cluster_9,cluster,svr
Polyamides,88,0.6477272727272727,-0.2522727272727273,113.40030556628216,True,family,Normalised SCP,cluster_9,cluster,svr
Polyanhydrides,3,0.6666666666666666,-0.2333333333333334,150.01085451979063,False,family,Normalised SCP,cluster_9,cluster,svr
Polyimines,9,0.6666666666666666,-0.2333333333333334,182.26145667505577,False,family,Normalised SCP,cluster_9,cluster,svr
Polyesters,66,0.7424242424242424,-0.1575757575757576,121.2750941139114,True,family,Normalised SCP,cluster_9,cluster,svr
Polyolefins,79,0.759493670886076,-0.14050632911392402,208.06118181445166,True,family,Normalised SCP,cluster_9,cluster,svr
Polycarbonates,30,0.7666666666666667,-0.1333333333333333,122.08764002138611,True,family,Normalised SCP,cluster_9,cluster,svr
Polyacrylics,223,0.7982062780269058,-0.10179372197309422,137.31007221857686,True,family,Normalised SCP,cluster_9,cluster,svr
Polyethers,71,0.8028169014084507,-0.09718309859154928,157.6593416221441,True,family,Normalised SCP,cluster_9,cluster,svr
Polystyrenes,235,0.8085106382978723,-0.09148936170212774,167.82252550341985,True,family,Normalised SCP,cluster_9,cluster,svr
Polyimides,68,0.8088235294117647,-0.0911764705882353,142.34119072530717,True,family,Normalised SCP,cluster_9,cluster,svr
Polyphenylenes,242,0.8140495867768595,-0.08595041322314056,181.97968351600065,True,family,Normalised SCP,cluster_9,cluster,svr
Polydienes,33,0.8484848484848485,-0.051515151515151514,245.7067200379225,True,family,Normalised SCP,cluster_9,cluster,svr
Other backbone,15,0.8666666666666667,-0.033333333333333326,204.28534660010584,True,family,Normalised SCP,cluster_9,cluster,svr
Polyurethanes,11,0.9090909090909091,0.009090909090909038,131.09980361295268,True,family,Normalised SCP,cluster_9,cluster,svr
Polysulfides,34,0.9411764705882353,0.04117647058823526,202.44651646662297,True,family,Normalised SCP,cluster_9,cluster,svr
Polyvinyls,95,0.968421052631579,0.06842105263157894,151.57235449153933,True,family,Normalised SCP,cluster_9,cluster,svr
0,1079,0.6311399443929564,-0.2688600556070436,123.08612000000016,True,similarity,SCP,cluster_9,cluster,random_forest
1,336,0.6994047619047619,-0.20059523809523816,123.08612000000015,True,similarity,SCP,cluster_9,cluster,random_forest
2,158,0.759493670886076,-0.14050632911392402,123.08612000000016,True,similarity,SCP,cluster_9,cluster,random_forest
3,25,0.84,-0.06000000000000005,123.08612000000015,True,similarity,SCP,cluster_9,cluster,random_forest
4,3,1.0,0.09999999999999998,123.08612000000016,False,similarity,SCP,cluster_9,cluster,random_forest
Polyureas,1,0.0,-0.9,123.08612000000016,False,family,SCP,cluster_9,cluster,random_forest
Polyphosphazenes,15,0.06666666666666667,-0.8333333333333334,123.08612000000016,True,family,SCP,cluster_9,cluster,random_forest
Polydienes,33,0.45454545454545453,-0.4454545454545455,123.08612000000016,True,family,SCP,cluster_9,cluster,random_forest
Polysiloxanes,202,0.47029702970297027,-0.42970297029702975,123.08612000000015,True,family,SCP,cluster_9,cluster,random_forest
Polysulfones,43,0.4883720930232558,-0.41162790697674423,123.08612000000015,True,family,SCP,cluster_9,cluster,random_forest
Polyhalo-olefins,38,0.5526315789473685,-0.34736842105263155,123.08612000000012,True,family,SCP,cluster_9,cluster,random_forest
Polysulfides,34,0.6470588235294118,-0.2529411764705882,123.08612000000015,True,family,SCP,cluster_9,cluster,random_forest
Polyethers,71,0.647887323943662,-0.252112676056338,123.08612000000014,True,family,SCP,cluster_9,cluster,random_forest
Polyanhydrides,3,0.6666666666666666,-0.2333333333333334,123.08612000000016,False,family,SCP,cluster_9,cluster,random_forest
Polyimines,9,0.6666666666666666,-0.2333333333333334,123.08612000000016,False,family,SCP,cluster_9,cluster,random_forest
Polystyrenes,235,0.676595744680851,-0.22340425531914898,123.08612000000015,True,family,SCP,cluster_9,cluster,random_forest
Polyolefins,79,0.6835443037974683,-0.2164556962025317,123.08612000000015,True,family,SCP,cluster_9,cluster,random_forest
Polyacrylics,223,0.6995515695067265,-0.20044843049327354,123.08612000000016,True,family,SCP,cluster_9,cluster,random_forest
Polyphenylenes,242,0.7148760330578512,-0.18512396694214883,123.08612000000016,True,family,SCP,cluster_9,cluster,random_forest
Polyimides,68,0.7205882352941176,-0.17941176470588238,123.08612000000015,True,family,SCP,cluster_9,cluster,random_forest
Polyesters,66,0.7424242424242424,-0.1575757575757576,123.08612000000016,True,family,SCP,cluster_9,cluster,random_forest
Polyamides,88,0.7613636363636364,-0.13863636363636367,123.08612000000016,True,family,SCP,cluster_9,cluster,random_forest
Other backbone,15,0.8,-0.09999999999999998,123.08612000000016,True,family,SCP,cluster_9,cluster,random_forest
Polyurethanes,11,0.8181818181818182,-0.08181818181818179,123.08612000000016,True,family,SCP,cluster_9,cluster,random_forest
Polyvinyls,95,0.8210526315789474,-0.07894736842105265,123.08612000000015,True,family,SCP,cluster_9,cluster,random_forest
Polycarbonates,30,0.8333333333333334,-0.06666666666666665,123.08612000000012,True,family,SCP,cluster_9,cluster,random_forest
0,1079,0.6311399443929564,-0.2688600556070436,123.08612000000016,True,similarity,Mondrian-similarity,cluster_9,cluster,random_forest
3,25,0.88,-0.020000000000000018,150.33114,True,similarity,Mondrian-similarity,cluster_9,cluster,random_forest
2,158,0.8987341772151899,-0.0012658227848101333,203.79880000000006,True,similarity,Mondrian-similarity,cluster_9,cluster,random_forest
1,336,0.9732142857142857,0.07321428571428568,255.01684000000006,True,similarity,Mondrian-similarity,cluster_9,cluster,random_forest
4,3,1.0,0.09999999999999998,123.81269999999988,False,similarity,Mondrian-similarity,cluster_9,cluster,random_forest
Polyureas,1,0.0,-0.9,123.08612000000016,False,family,Mondrian-similarity,cluster_9,cluster,random_forest
Polyphosphazenes,15,0.2,-0.7,158.2676453333334,True,family,Mondrian-similarity,cluster_9,cluster,random_forest
Polydienes,33,0.48484848484848486,-0.41515151515151516,143.07562303030318,True,family,Mondrian-similarity,cluster_9,cluster,random_forest
Polyhalo-olefins,38,0.5526315789473685,-0.34736842105263155,133.50170315789484,True,family,Mondrian-similarity,cluster_9,cluster,random_forest
Polysiloxanes,202,0.5891089108910891,-0.31089108910891095,163.2922901980199,True,family,Mondrian-similarity,cluster_9,cluster,random_forest
Polyimines,9,0.6666666666666666,-0.2333333333333334,137.74508888888903,False,family,Mondrian-similarity,cluster_9,cluster,random_forest
Polysulfides,34,0.6764705882352942,-0.22352941176470587,147.39790176470598,True,family,Mondrian-similarity,cluster_9,cluster,random_forest
Polystyrenes,235,0.6936170212765957,-0.20638297872340428,144.0498381276597,True,family,Mondrian-similarity,cluster_9,cluster,random_forest
Polysulfones,43,0.6976744186046512,-0.20232558139534884,206.97371441860471,True,family,Mondrian-similarity,cluster_9,cluster,random_forest
Polyethers,71,0.704225352112676,-0.19577464788732402,151.3742247887325,True,family,Mondrian-similarity,cluster_9,cluster,random_forest
Polyolefins,79,0.7215189873417721,-0.1784810126582279,135.7978632911394,True,family,Mondrian-similarity,cluster_9,cluster,random_forest
Polyimides,68,0.7647058823529411,-0.1352941176470589,143.32210323529426,True,family,Mondrian-similarity,cluster_9,cluster,random_forest
Polyphenylenes,242,0.7892561983471075,-0.11074380165289255,154.27986537190094,True,family,Mondrian-similarity,cluster_9,cluster,random_forest
Polyacrylics,223,0.8026905829596412,-0.09730941704035878,177.30257192825118,True,family,Mondrian-similarity,cluster_9,cluster,random_forest
Polyamides,88,0.8409090909090909,-0.05909090909090908,160.85124136363646,True,family,Mondrian-similarity,cluster_9,cluster,random_forest
Polyvinyls,95,0.8421052631578947,-0.05789473684210533,160.90033747368432,True,family,Mondrian-similarity,cluster_9,cluster,random_forest
Polyesters,66,0.8484848484848485,-0.051515151515151514,196.059853939394,True,family,Mondrian-similarity,cluster_9,cluster,random_forest
Polyurethanes,11,0.9090909090909091,0.009090909090909038,171.06092727272738,True,family,Mondrian-similarity,cluster_9,cluster,random_forest
Other backbone,15,0.9333333333333333,0.033333333333333326,169.0293360000001,True,family,Mondrian-similarity,cluster_9,cluster,random_forest
Polycarbonates,30,0.9333333333333333,0.033333333333333326,171.71975866666673,True,family,Mondrian-similarity,cluster_9,cluster,random_forest
Polyanhydrides,3,1.0,0.09999999999999998,167.0630266666668,False,family,Mondrian-similarity,cluster_9,cluster,random_forest
0,1079,0.6348470806302131,-0.2651529193697869,138.3397479332715,True,similarity,Mondrian-family,cluster_9,cluster,random_forest
1,336,0.7023809523809523,-0.1976190476190477,134.62899148809512,True,similarity,Mondrian-family,cluster_9,cluster,random_forest
2,158,0.7468354430379747,-0.15316455696202536,132.26483696202519,True,similarity,Mondrian-family,cluster_9,cluster,random_forest
3,25,0.84,-0.06000000000000005,110.22546639999999,True,similarity,Mondrian-family,cluster_9,cluster,random_forest
4,3,1.0,0.09999999999999998,92.70810666666664,False,similarity,Mondrian-family,cluster_9,cluster,random_forest
Polyureas,1,0.0,-0.9,123.08612000000016,False,family,Mondrian-family,cluster_9,cluster,random_forest
Polyphosphazenes,15,0.26666666666666666,-0.6333333333333333,176.93724000000006,True,family,Mondrian-family,cluster_9,cluster,random_forest
Polydienes,33,0.45454545454545453,-0.4454545454545455,123.08612000000016,True,family,Mondrian-family,cluster_9,cluster,random_forest
Polysiloxanes,202,0.47029702970297027,-0.42970297029702975,123.08612000000015,True,family,Mondrian-family,cluster_9,cluster,random_forest
Polyvinyls,95,0.5052631578947369,-0.39473684210526316,67.37391999999998,True,family,Mondrian-family,cluster_9,cluster,random_forest
Polyhalo-olefins,38,0.5526315789473685,-0.34736842105263155,123.08612000000012,True,family,Mondrian-family,cluster_9,cluster,random_forest
Polyacrylics,223,0.5964125560538116,-0.3035874439461884,101.03720000000003,True,family,Mondrian-family,cluster_9,cluster,random_forest
Polysulfones,43,0.6046511627906976,-0.2953488372093024,144.99961999999869,True,family,Mondrian-family,cluster_9,cluster,random_forest
Polysulfides,34,0.6470588235294118,-0.2529411764705882,123.08612000000015,True,family,Mondrian-family,cluster_9,cluster,random_forest
Polyimines,9,0.6666666666666666,-0.2333333333333334,123.08612000000016,False,family,Mondrian-family,cluster_9,cluster,random_forest
Polyanhydrides,3,0.6666666666666666,-0.2333333333333334,123.08612000000016,False,family,Mondrian-family,cluster_9,cluster,random_forest
Polyethers,71,0.676056338028169,-0.22394366197183102,130.55040000000005,True,family,Mondrian-family,cluster_9,cluster,random_forest
Polystyrenes,235,0.676595744680851,-0.22340425531914898,123.08612000000015,True,family,Mondrian-family,cluster_9,cluster,random_forest
Polyolefins,79,0.6835443037974683,-0.2164556962025317,123.08612000000015,True,family,Mondrian-family,cluster_9,cluster,random_forest
Polyamides,88,0.7045454545454546,-0.19545454545454544,109.71319999999992,True,family,Mondrian-family,cluster_9,cluster,random_forest
Polyimides,68,0.7205882352941176,-0.17941176470588238,122.1991,True,family,Mondrian-family,cluster_9,cluster,random_forest
Polyesters,66,0.7424242424242424,-0.1575757575757576,132.88479999999993,True,family,Mondrian-family,cluster_9,cluster,random_forest
Other backbone,15,0.8,-0.09999999999999998,123.08612000000016,True,family,Mondrian-family,cluster_9,cluster,random_forest
Polyurethanes,11,0.8181818181818182,-0.08181818181818179,138.78359999999998,True,family,Mondrian-family,cluster_9,cluster,random_forest
Polyphenylenes,242,0.9132231404958677,0.013223140495867702,239.45611999999937,True,family,Mondrian-family,cluster_9,cluster,random_forest
Polycarbonates,30,0.9333333333333333,0.033333333333333326,175.10019999999997,True,family,Mondrian-family,cluster_9,cluster,random_forest
1,336,0.7023809523809523,-0.1976190476190477,127.01390376322294,True,similarity,Normalised SCP,cluster_9,cluster,random_forest
0,1079,0.7025023169601483,-0.1974976830398517,147.9944552554665,True,similarity,Normalised SCP,cluster_9,cluster,random_forest
2,158,0.7088607594936709,-0.19113924050632913,115.25960425399857,True,similarity,Normalised SCP,cluster_9,cluster,random_forest
3,25,0.8,-0.09999999999999998,105.74198553197894,True,similarity,Normalised SCP,cluster_9,cluster,random_forest
4,3,1.0,0.09999999999999998,104.39963960800615,False,similarity,Normalised SCP,cluster_9,cluster,random_forest
Polyureas,1,0.0,-0.9,159.40558321602015,False,family,Normalised SCP,cluster_9,cluster,random_forest
Polyphosphazenes,15,0.06666666666666667,-0.8333333333333334,116.86350294642622,True,family,Normalised SCP,cluster_9,cluster,random_forest
Polysulfones,43,0.4883720930232558,-0.41162790697674423,130.12891248568087,True,family,Normalised SCP,cluster_9,cluster,random_forest
Polysiloxanes,202,0.49504950495049505,-0.404950495049505,139.7451342986844,True,family,Normalised SCP,cluster_9,cluster,random_forest
Polyacrylics,223,0.6502242152466368,-0.24977578475336326,113.70837579212778,True,family,Normalised SCP,cluster_9,cluster,random_forest
Other backbone,15,0.6666666666666666,-0.2333333333333334,178.12757392343462,True,family,Normalised SCP,cluster_9,cluster,random_forest
Polyanhydrides,3,0.6666666666666666,-0.2333333333333334,90.75676402576973,False,family,Normalised SCP,cluster_9,cluster,random_forest
Polyimines,9,0.6666666666666666,-0.2333333333333334,119.33333752145884,False,family,Normalised SCP,cluster_9,cluster,random_forest
Polyethers,71,0.676056338028169,-0.22394366197183102,130.10327338048188,True,family,Normalised SCP,cluster_9,cluster,random_forest
Polyamides,88,0.7045454545454546,-0.19545454545454544,109.7142245485431,True,family,Normalised SCP,cluster_9,cluster,random_forest
Polydienes,33,0.7272727272727273,-0.17272727272727273,227.99206393432806,True,family,Normalised SCP,cluster_9,cluster,random_forest
Polyesters,66,0.7575757575757576,-0.14242424242424245,111.67424509797002,True,family,Normalised SCP,cluster_9,cluster,random_forest
Polyolefins,79,0.759493670886076,-0.14050632911392402,196.86867405384444,True,family,Normalised SCP,cluster_9,cluster,random_forest
Polystyrenes,235,0.7659574468085106,-0.1340425531914894,144.73905043288153,True,family,Normalised SCP,cluster_9,cluster,random_forest
Polyphenylenes,242,0.768595041322314,-0.13140495867768598,145.7340212166251,True,family,Normalised SCP,cluster_9,cluster,random_forest
Polyimides,68,0.7941176470588235,-0.10588235294117654,140.22619812139203,True,family,Normalised SCP,cluster_9,cluster,random_forest
Polyurethanes,11,0.8181818181818182,-0.08181818181818179,126.28110820317046,True,family,Normalised SCP,cluster_9,cluster,random_forest
Polysulfides,34,0.8235294117647058,-0.07647058823529418,170.997460361676,True,family,Normalised SCP,cluster_9,cluster,random_forest
Polycarbonates,30,0.8333333333333334,-0.06666666666666665,116.4985859380566,True,family,Normalised SCP,cluster_9,cluster,random_forest
Polyhalo-olefins,38,0.868421052631579,-0.03157894736842104,198.70728204523192,True,family,Normalised SCP,cluster_9,cluster,random_forest
Polyvinyls,95,0.8947368421052632,-0.0052631578947368585,126.46637239803275,True,family,Normalised SCP,cluster_9,cluster,random_forest
0,1079,0.6320667284522706,-0.2679332715477294,112.73852840387906,True,similarity,SCP,cluster_9,cluster,hist_gbr
1,336,0.7113095238095238,-0.1886904761904762,112.73852840387904,True,similarity,SCP,cluster_9,cluster,hist_gbr
2,158,0.7531645569620253,-0.1468354430379747,112.73852840387906,True,similarity,SCP,cluster_9,cluster,hist_gbr
3,25,0.88,-0.020000000000000018,112.73852840387906,True,similarity,SCP,cluster_9,cluster,hist_gbr
4,3,1.0,0.09999999999999998,112.73852840387906,False,similarity,SCP,cluster_9,cluster,hist_gbr
Polyureas,1,0.0,-0.9,112.73852840387906,False,family,SCP,cluster_9,cluster,hist_gbr
Polyphosphazenes,15,0.2,-0.7,112.73852840387909,True,family,SCP,cluster_9,cluster,hist_gbr
Polyanhydrides,3,0.3333333333333333,-0.5666666666666667,112.73852840387906,False,family,SCP,cluster_9,cluster,hist_gbr
Polydienes,33,0.42424242424242425,-0.47575757575757577,112.73852840387906,True,family,SCP,cluster_9,cluster,hist_gbr
Polyhalo-olefins,38,0.4473684210526316,-0.45263157894736844,112.73852840387907,True,family,SCP,cluster_9,cluster,hist_gbr
Other backbone,15,0.4666666666666667,-0.43333333333333335,112.73852840387909,True,family,SCP,cluster_9,cluster,hist_gbr
Polysiloxanes,202,0.49504950495049505,-0.404950495049505,112.73852840387906,True,family,SCP,cluster_9,cluster,hist_gbr
Polysulfones,43,0.5116279069767442,-0.3883720930232558,112.73852840387907,True,family,SCP,cluster_9,cluster,hist_gbr
Polyolefins,79,0.5189873417721519,-0.38101265822784813,112.73852840387906,True,family,SCP,cluster_9,cluster,hist_gbr
Polyethers,71,0.6197183098591549,-0.28028169014084514,112.73852840387907,True,family,SCP,cluster_9,cluster,hist_gbr
Polysulfides,34,0.6470588235294118,-0.2529411764705882,112.73852840387906,True,family,SCP,cluster_9,cluster,hist_gbr
Polyimines,9,0.6666666666666666,-0.2333333333333334,112.73852840387906,False,family,SCP,cluster_9,cluster,hist_gbr
Polyamides,88,0.6704545454545454,-0.2295454545454546,112.73852840387904,True,family,SCP,cluster_9,cluster,hist_gbr
Polyphenylenes,242,0.6859504132231405,-0.21404958677685948,112.73852840387906,True,family,SCP,cluster_9,cluster,hist_gbr
Polyurethanes,11,0.7272727272727273,-0.17272727272727273,112.73852840387904,True,family,SCP,cluster_9,cluster,hist_gbr
Polyacrylics,223,0.7399103139013453,-0.1600896860986547,112.73852840387906,True,family,SCP,cluster_9,cluster,hist_gbr
Polystyrenes,235,0.7702127659574468,-0.1297872340425532,112.73852840387906,True,family,SCP,cluster_9,cluster,hist_gbr
Polyesters,66,0.7727272727272727,-0.12727272727272732,112.73852840387906,True,family,SCP,cluster_9,cluster,hist_gbr
Polyimides,68,0.7794117647058824,-0.12058823529411766,112.73852840387906,True,family,SCP,cluster_9,cluster,hist_gbr
Polycarbonates,30,0.8333333333333334,-0.06666666666666665,112.73852840387909,True,family,SCP,cluster_9,cluster,hist_gbr
Polyvinyls,95,0.8421052631578947,-0.05789473684210533,112.73852840387906,True,family,SCP,cluster_9,cluster,hist_gbr
0,1079,0.6320667284522706,-0.2679332715477294,112.73852840387906,True,similarity,Mondrian-similarity,cluster_9,cluster,hist_gbr
3,25,0.88,-0.020000000000000018,136.79673913794127,True,similarity,Mondrian-similarity,cluster_9,cluster,hist_gbr
2,158,0.9050632911392406,0.005063291139240533,182.63533546337888,True,similarity,Mondrian-similarity,cluster_9,cluster,hist_gbr
1,336,0.9553571428571429,0.05535714285714288,225.5785348605894,True,similarity,Mondrian-similarity,cluster_9,cluster,hist_gbr
4,3,1.0,0.09999999999999998,107.79587612518117,False,similarity,Mondrian-similarity,cluster_9,cluster,hist_gbr
Polyureas,1,0.0,-0.9,112.73852840387906,False,family,Mondrian-similarity,cluster_9,cluster,hist_gbr
Polyphosphazenes,15,0.3333333333333333,-0.5666666666666667,142.82919679233518,True,family,Mondrian-similarity,cluster_9,cluster,hist_gbr
Polyhalo-olefins,38,0.4473684210526316,-0.45263157894736844,121.64694996625094,True,family,Mondrian-similarity,cluster_9,cluster,hist_gbr
Polydienes,33,0.45454545454545453,-0.4454545454545455,129.8354990791382,True,family,Mondrian-similarity,cluster_9,cluster,hist_gbr
Polyolefins,79,0.5443037974683544,-0.3556962025316456,123.62177969826482,True,family,Mondrian-similarity,cluster_9,cluster,hist_gbr
Polysiloxanes,202,0.6386138613861386,-0.2613861386138614,147.2587397907979,True,family,Mondrian-similarity,cluster_9,cluster,hist_gbr
Polyethers,71,0.6619718309859155,-0.23802816901408452,136.9575946646248,True,family,Mondrian-similarity,cluster_9,cluster,hist_gbr
Polyimines,9,0.6666666666666666,-0.2333333333333334,125.27630689906908,False,family,Mondrian-similarity,cluster_9,cluster,hist_gbr
Polyanhydrides,3,0.6666666666666666,-0.2333333333333334,150.3518638894492,False,family,Mondrian-similarity,cluster_9,cluster,hist_gbr
Polysulfones,43,0.6744186046511628,-0.22558139534883725,184.72833802825593,True,family,Mondrian-similarity,cluster_9,cluster,hist_gbr
Polysulfides,34,0.6764705882352942,-0.22352941176470587,133.6815362098112,True,family,Mondrian-similarity,cluster_9,cluster,hist_gbr
Other backbone,15,0.7333333333333333,-0.16666666666666674,152.14877106693515,True,family,Mondrian-similarity,cluster_9,cluster,hist_gbr
Polyphenylenes,242,0.7396694214876033,-0.16033057851239674,139.48580540724163,True,family,Mondrian-similarity,cluster_9,cluster,hist_gbr
Polyamides,88,0.7727272727272727,-0.12727272727272732,145.13883956369557,True,family,Mondrian-similarity,cluster_9,cluster,hist_gbr
Polystyrenes,235,0.7872340425531915,-0.1127659574468085,130.71283426947613,True,family,Mondrian-similarity,cluster_9,cluster,hist_gbr
Polyimides,68,0.8088235294117647,-0.0911764705882353,130.08282080040047,True,family,Mondrian-similarity,cluster_9,cluster,hist_gbr
Polyurethanes,11,0.8181818181818182,-0.08181818181818179,153.77125802450104,True,family,Mondrian-similarity,cluster_9,cluster,hist_gbr
Polyacrylics,223,0.820627802690583,-0.07937219730941703,159.31612950438017,True,family,Mondrian-similarity,cluster_9,cluster,hist_gbr
Polyesters,66,0.8484848484848485,-0.051515151515151514,175.2705202780233,True,family,Mondrian-similarity,cluster_9,cluster,hist_gbr
Polyvinyls,95,0.8526315789473684,-0.047368421052631615,145.0405402956135,True,family,Mondrian-similarity,cluster_9,cluster,hist_gbr
Polycarbonates,30,0.9333333333333333,0.033333333333333326,154.47866463558515,True,family,Mondrian-similarity,cluster_9,cluster,hist_gbr
0,1079,0.6533827618164968,-0.24661723818350323,123.19937816843634,True,similarity,Mondrian-family,cluster_9,cluster,hist_gbr
1,336,0.7172619047619048,-0.18273809523809526,121.52314547034551,True,similarity,Mondrian-family,cluster_9,cluster,hist_gbr
2,158,0.7468354430379747,-0.15316455696202536,119.46550463581981,True,similarity,Mondrian-family,cluster_9,cluster,hist_gbr
3,25,0.84,-0.06000000000000005,104.19519120105828,True,similarity,Mondrian-family,cluster_9,cluster,hist_gbr
4,3,1.0,0.09999999999999998,94.69874186666077,False,similarity,Mondrian-family,cluster_9,cluster,hist_gbr
Polyureas,1,0.0,-0.9,112.73852840387906,False,family,Mondrian-family,cluster_9,cluster,hist_gbr
Polyanhydrides,3,0.3333333333333333,-0.5666666666666667,112.73852840387906,False,family,Mondrian-family,cluster_9,cluster,hist_gbr
Polydienes,33,0.42424242424242425,-0.47575757575757577,112.73852840387906,True,family,Mondrian-family,cluster_9,cluster,hist_gbr
Polyhalo-olefins,38,0.4473684210526316,-0.45263157894736844,112.73852840387907,True,family,Mondrian-family,cluster_9,cluster,hist_gbr
Other backbone,15,0.4666666666666667,-0.43333333333333335,112.73852840387909,True,family,Mondrian-family,cluster_9,cluster,hist_gbr
Polysiloxanes,202,0.49504950495049505,-0.404950495049505,112.73852840387906,True,family,Mondrian-family,cluster_9,cluster,hist_gbr
Polyolefins,79,0.5189873417721519,-0.38101265822784813,112.73852840387906,True,family,Mondrian-family,cluster_9,cluster,hist_gbr
Polyphosphazenes,15,0.6,-0.30000000000000004,178.72535910109895,True,family,Mondrian-family,cluster_9,cluster,hist_gbr
Polysulfones,43,0.6046511627906976,-0.2953488372093024,138.0002788361322,True,family,Mondrian-family,cluster_9,cluster,hist_gbr
Polyethers,71,0.6197183098591549,-0.28028169014084514,114.67948423559166,True,family,Mondrian-family,cluster_9,cluster,hist_gbr
Polysulfides,34,0.6470588235294118,-0.2529411764705882,112.73852840387906,True,family,Mondrian-family,cluster_9,cluster,hist_gbr
Polyvinyls,95,0.6526315789473685,-0.24736842105263157,78.52065963579939,True,family,Mondrian-family,cluster_9,cluster,hist_gbr
Polyamides,88,0.6590909090909091,-0.24090909090909096,107.79587612518117,True,family,Mondrian-family,cluster_9,cluster,hist_gbr
Polyimines,9,0.6666666666666666,-0.2333333333333334,112.73852840387906,False,family,Mondrian-family,cluster_9,cluster,hist_gbr
Polyacrylics,223,0.6681614349775785,-0.2318385650224215,97.77968983900175,True,family,Mondrian-family,cluster_9,cluster,hist_gbr
Polyimides,68,0.7058823529411765,-0.1941176470588235,102.56071209970742,True,family,Mondrian-family,cluster_9,cluster,hist_gbr
Polyurethanes,11,0.7272727272727273,-0.17272727272727273,128.47066034347733,True,family,Mondrian-family,cluster_9,cluster,hist_gbr
Polystyrenes,235,0.7702127659574468,-0.1297872340425532,112.73852840387906,True,family,Mondrian-family,cluster_9,cluster,hist_gbr
Polyesters,66,0.7878787878787878,-0.11212121212121218,122.51178948338381,True,family,Mondrian-family,cluster_9,cluster,hist_gbr
Polycarbonates,30,0.8333333333333334,-0.06666666666666665,119.09682974504398,True,family,Mondrian-family,cluster_9,cluster,hist_gbr
Polyphenylenes,242,0.9008264462809917,0.0008264462809917106,193.419965641417,True,family,Mondrian-family,cluster_9,cluster,hist_gbr
0,1079,0.7191844300278035,-0.1808155699721965,142.2638283831945,True,similarity,Normalised SCP,cluster_9,cluster,hist_gbr
1,336,0.7440476190476191,-0.15595238095238095,124.93776745525126,True,similarity,Normalised SCP,cluster_9,cluster,hist_gbr
2,158,0.759493670886076,-0.14050632911392402,117.15265389782572,True,similarity,Normalised SCP,cluster_9,cluster,hist_gbr
3,25,0.8,-0.09999999999999998,106.91233225341473,True,similarity,Normalised SCP,cluster_9,cluster,hist_gbr
4,3,1.0,0.09999999999999998,121.36248928283295,False,similarity,Normalised SCP,cluster_9,cluster,hist_gbr
Polyureas,1,0.0,-0.9,155.25360967402185,False,family,Normalised SCP,cluster_9,cluster,hist_gbr
Polyphosphazenes,15,0.2,-0.7,108.96574389844184,True,family,Normalised SCP,cluster_9,cluster,hist_gbr
Polysulfones,43,0.5348837209302325,-0.3651162790697675,126.36610868664425,True,family,Normalised SCP,cluster_9,cluster,hist_gbr
Polysiloxanes,202,0.5742574257425742,-0.3257425742574258,128.36528382466219,True,family,Normalised SCP,cluster_9,cluster,hist_gbr
Polyamides,88,0.5795454545454546,-0.32045454545454544,110.01266945895372,True,family,Normalised SCP,cluster_9,cluster,hist_gbr
Polyethers,71,0.6197183098591549,-0.28028169014084514,124.82851905529867,True,family,Normalised SCP,cluster_9,cluster,hist_gbr
Polyhalo-olefins,38,0.631578947368421,-0.268421052631579,174.92832833092896,True,family,Normalised SCP,cluster_9,cluster,hist_gbr
Polyolefins,79,0.6582278481012658,-0.24177215189873424,177.11033757200826,True,family,Normalised SCP,cluster_9,cluster,hist_gbr
Polyimines,9,0.6666666666666666,-0.2333333333333334,133.51366798621495,False,family,Normalised SCP,cluster_9,cluster,hist_gbr
Polyanhydrides,3,0.6666666666666666,-0.2333333333333334,122.35867389043598,False,family,Normalised SCP,cluster_9,cluster,hist_gbr
Polyurethanes,11,0.7272727272727273,-0.17272727272727273,123.06255315247327,True,family,Normalised SCP,cluster_9,cluster,hist_gbr
Other backbone,15,0.7333333333333333,-0.16666666666666674,156.81647183226266,True,family,Normalised SCP,cluster_9,cluster,hist_gbr
Polyacrylics,223,0.7399103139013453,-0.1600896860986547,115.12811134009337,True,family,Normalised SCP,cluster_9,cluster,hist_gbr
Polydienes,33,0.7575757575757576,-0.14242424242424245,204.2130255182972,True,family,Normalised SCP,cluster_9,cluster,hist_gbr
Polyphenylenes,242,0.7975206611570248,-0.10247933884297522,147.07990799475942,True,family,Normalised SCP,cluster_9,cluster,hist_gbr
Polyesters,66,0.8181818181818182,-0.08181818181818179,110.04824364887155,True,family,Normalised SCP,cluster_9,cluster,hist_gbr
Polystyrenes,235,0.8297872340425532,-0.07021276595744685,141.73041815509353,True,family,Normalised SCP,cluster_9,cluster,hist_gbr
Polyvinyls,95,0.8526315789473684,-0.047368421052631615,129.51198982730176,True,family,Normalised SCP,cluster_9,cluster,hist_gbr
Polycarbonates,30,0.8666666666666667,-0.033333333333333326,114.08945652251356,True,family,Normalised SCP,cluster_9,cluster,hist_gbr
Polysulfides,34,0.8823529411764706,-0.01764705882352946,172.44277717739615,True,family,Normalised SCP,cluster_9,cluster,hist_gbr
Polyimides,68,0.8823529411764706,-0.01764705882352946,136.0704852084939,True,family,Normalised SCP,cluster_9,cluster,hist_gbr
0,1079,0.6320667284522706,-0.2679332715477294,116.1578,True,similarity,SCP,cluster_9,cluster,extra_trees
1,336,0.6994047619047619,-0.20059523809523816,116.1578,True,similarity,SCP,cluster_9,cluster,extra_trees
2,158,0.7278481012658228,-0.17215189873417724,116.15780000000004,True,similarity,SCP,cluster_9,cluster,extra_trees
3,25,0.8,-0.09999999999999998,116.15780000000001,True,similarity,SCP,cluster_9,cluster,extra_trees
4,3,1.0,0.09999999999999998,116.15780000000002,False,similarity,SCP,cluster_9,cluster,extra_trees
Polyureas,1,0.0,-0.9,116.15780000000001,False,family,SCP,cluster_9,cluster,extra_trees
Polyphosphazenes,15,0.13333333333333333,-0.7666666666666667,116.15779999999998,True,family,SCP,cluster_9,cluster,extra_trees
Polysiloxanes,202,0.4306930693069307,-0.46930693069306934,116.1578,True,family,SCP,cluster_9,cluster,extra_trees
Polydienes,33,0.45454545454545453,-0.4454545454545455,116.15780000000001,True,family,SCP,cluster_9,cluster,extra_trees
Polyhalo-olefins,38,0.5263157894736842,-0.37368421052631584,116.1578,True,family,SCP,cluster_9,cluster,extra_trees
Polysulfones,43,0.627906976744186,-0.27209302325581397,116.1578,True,family,SCP,cluster_9,cluster,extra_trees
Polyolefins,79,0.6455696202531646,-0.25443037974683547,116.15780000000008,True,family,SCP,cluster_9,cluster,extra_trees
Polyethers,71,0.647887323943662,-0.252112676056338,116.1578,True,family,SCP,cluster_9,cluster,extra_trees
Polyimines,9,0.6666666666666666,-0.2333333333333334,116.15780000000001,False,family,SCP,cluster_9,cluster,extra_trees
Polyanhydrides,3,0.6666666666666666,-0.2333333333333334,116.15780000000001,False,family,SCP,cluster_9,cluster,extra_trees
Other backbone,15,0.6666666666666666,-0.2333333333333334,116.15779999999998,True,family,SCP,cluster_9,cluster,extra_trees
Polyphenylenes,242,0.6818181818181818,-0.21818181818181825,116.1578,True,family,SCP,cluster_9,cluster,extra_trees
Polyacrylics,223,0.6860986547085202,-0.21390134529147986,116.15780000000001,True,family,SCP,cluster_9,cluster,extra_trees
Polyimides,68,0.7058823529411765,-0.1941176470588235,116.1578,True,family,SCP,cluster_9,cluster,extra_trees
Polystyrenes,235,0.7063829787234043,-0.19361702127659575,116.1578,True,family,SCP,cluster_9,cluster,extra_trees
Polyesters,66,0.7272727272727273,-0.17272727272727273,116.15779999999998,True,family,SCP,cluster_9,cluster,extra_trees
Polyamides,88,0.75,-0.15000000000000002,116.1578,True,family,SCP,cluster_9,cluster,extra_trees
Polysulfides,34,0.7647058823529411,-0.1352941176470589,116.15780000000001,True,family,SCP,cluster_9,cluster,extra_trees
Polyvinyls,95,0.8421052631578947,-0.05789473684210533,116.15780000000005,True,family,SCP,cluster_9,cluster,extra_trees
Polycarbonates,30,0.8666666666666667,-0.033333333333333326,116.1578,True,family,SCP,cluster_9,cluster,extra_trees
Polyurethanes,11,1.0,0.09999999999999998,116.1578,True,family,SCP,cluster_9,cluster,extra_trees
0,1079,0.6320667284522706,-0.2679332715477294,116.1578,True,similarity,Mondrian-similarity,cluster_9,cluster,extra_trees
3,25,0.84,-0.06000000000000005,133.91055999999998,True,similarity,Mondrian-similarity,cluster_9,cluster,extra_trees
2,158,0.8987341772151899,-0.0012658227848101333,187.71099999999998,True,similarity,Mondrian-similarity,cluster_9,cluster,extra_trees
1,336,0.9613095238095238,0.061309523809523814,244.9347199999997,True,similarity,Mondrian-similarity,cluster_9,cluster,extra_trees
4,3,1.0,0.09999999999999998,110.33024000000012,False,similarity,Mondrian-similarity,cluster_9,cluster,extra_trees
Polyureas,1,0.0,-0.9,116.15780000000001,False,family,Mondrian-similarity,cluster_9,cluster,extra_trees
Polyphosphazenes,15,0.26666666666666666,-0.6333333333333333,150.49831199999986,True,family,Mondrian-similarity,cluster_9,cluster,extra_trees
Polydienes,33,0.45454545454545453,-0.4454545454545455,135.66945454545447,True,family,Mondrian-similarity,cluster_9,cluster,extra_trees
Polyhalo-olefins,38,0.5263157894736842,-0.37368421052631584,126.3243989473684,True,family,Mondrian-similarity,cluster_9,cluster,extra_trees
Polysiloxanes,202,0.5643564356435643,-0.3356435643564357,154.2853065346534,True,family,Mondrian-similarity,cluster_9,cluster,extra_trees
Polyimines,9,0.6666666666666666,-0.2333333333333334,130.46634666666665,False,family,Mondrian-similarity,cluster_9,cluster,extra_trees
Polyethers,71,0.676056338028169,-0.22394366197183102,143.5660152112676,True,family,Mondrian-similarity,cluster_9,cluster,extra_trees
Polyolefins,79,0.6835443037974683,-0.2164556962025317,128.4741498734177,True,family,Mondrian-similarity,cluster_9,cluster,extra_trees
Polystyrenes,235,0.723404255319149,-0.17659574468085104,136.2511872340425,True,family,Mondrian-similarity,cluster_9,cluster,extra_trees
Polyphenylenes,242,0.743801652892562,-0.15619834710743807,146.03155487603297,True,family,Mondrian-similarity,cluster_9,cluster,extra_trees
Polyimides,68,0.75,-0.15000000000000002,135.56737999999993,True,family,Mondrian-similarity,cluster_9,cluster,extra_trees
Polysulfides,34,0.7647058823529411,-0.1352941176470589,138.5651388235294,True,family,Mondrian-similarity,cluster_9,cluster,extra_trees
Polysulfones,43,0.7674418604651163,-0.1325581395348837,196.02237674418586,True,family,Mondrian-similarity,cluster_9,cluster,extra_trees
Polyacrylics,223,0.8116591928251121,-0.0883408071748879,166.90871946188335,True,family,Mondrian-similarity,cluster_9,cluster,extra_trees
Polyamides,88,0.8295454545454546,-0.07045454545454544,151.49423454545447,True,family,Mondrian-similarity,cluster_9,cluster,extra_trees
Polyvinyls,95,0.8631578947368421,-0.0368421052631579,152.84705010526312,True,family,Mondrian-similarity,cluster_9,cluster,extra_trees
Other backbone,15,0.8666666666666667,-0.033333333333333326,160.03873866666657,True,family,Mondrian-similarity,cluster_9,cluster,extra_trees
Polyesters,66,0.8787878787878788,-0.021212121212121238,186.40118363636344,True,family,Mondrian-similarity,cluster_9,cluster,extra_trees
Polycarbonates,30,0.9666666666666667,0.06666666666666665,162.42384533333322,True,family,Mondrian-similarity,cluster_9,cluster,extra_trees
Polyurethanes,11,1.0,0.09999999999999998,162.98577090909077,True,family,Mondrian-similarity,cluster_9,cluster,extra_trees
Polyanhydrides,3,1.0,0.09999999999999998,159.08343999999988,False,family,Mondrian-similarity,cluster_9,cluster,extra_trees
0,1079,0.6496756255792401,-0.25032437442075994,124.6174536237257,True,similarity,Mondrian-family,cluster_9,cluster,extra_trees
1,336,0.7083333333333334,-0.19166666666666665,122.66075940476193,True,similarity,Mondrian-family,cluster_9,cluster,extra_trees
2,158,0.740506329113924,-0.15949367088607602,119.25147177215197,True,similarity,Mondrian-family,cluster_9,cluster,extra_trees
3,25,0.8,-0.09999999999999998,104.52152800000009,True,similarity,Mondrian-family,cluster_9,cluster,extra_trees
4,3,1.0,0.09999999999999998,107.99546666666674,False,similarity,Mondrian-family,cluster_9,cluster,extra_trees
Polyureas,1,0.0,-0.9,116.15780000000001,False,family,Mondrian-family,cluster_9,cluster,extra_trees
Polyphosphazenes,15,0.3333333333333333,-0.5666666666666667,162.58916000000002,True,family,Mondrian-family,cluster_9,cluster,extra_trees
Polysiloxanes,202,0.4306930693069307,-0.46930693069306934,116.1578,True,family,Mondrian-family,cluster_9,cluster,extra_trees
Polydienes,33,0.45454545454545453,-0.4454545454545455,116.15780000000001,True,family,Mondrian-family,cluster_9,cluster,extra_trees
Polyhalo-olefins,38,0.5263157894736842,-0.37368421052631584,116.1578,True,family,Mondrian-family,cluster_9,cluster,extra_trees
Polyacrylics,223,0.5874439461883408,-0.3125560538116592,97.4528000000001,True,family,Mondrian-family,cluster_9,cluster,extra_trees
Polyolefins,79,0.6455696202531646,-0.25443037974683547,116.15780000000008,True,family,Mondrian-family,cluster_9,cluster,extra_trees
Polysulfones,43,0.6511627906976745,-0.24883720930232556,133.08011999999994,True,family,Mondrian-family,cluster_9,cluster,extra_trees
Other backbone,15,0.6666666666666666,-0.2333333333333334,116.15779999999998,True,family,Mondrian-family,cluster_9,cluster,extra_trees
Polyanhydrides,3,0.6666666666666666,-0.2333333333333334,116.15780000000001,False,family,Mondrian-family,cluster_9,cluster,extra_trees
Polyimines,9,0.6666666666666666,-0.2333333333333334,116.15780000000001,False,family,Mondrian-family,cluster_9,cluster,extra_trees
Polyethers,71,0.676056338028169,-0.22394366197183102,120.01859999999999,True,family,Mondrian-family,cluster_9,cluster,extra_trees
Polyimides,68,0.7058823529411765,-0.1941176470588235,108.08920000000018,True,family,Mondrian-family,cluster_9,cluster,extra_trees
Polystyrenes,235,0.7063829787234043,-0.19361702127659575,116.1578,True,family,Mondrian-family,cluster_9,cluster,extra_trees
Polyamides,88,0.75,-0.15000000000000002,114.08120000000008,True,family,Mondrian-family,cluster_9,cluster,extra_trees
Polyesters,66,0.7575757575757576,-0.14242424242424245,119.8592000000001,True,family,Mondrian-family,cluster_9,cluster,extra_trees
Polysulfides,34,0.7647058823529411,-0.1352941176470589,116.15780000000001,True,family,Mondrian-family,cluster_9,cluster,extra_trees
Polyvinyls,95,0.8105263157894737,-0.08947368421052637,112.45240000000008,True,family,Mondrian-family,cluster_9,cluster,extra_trees
Polyphenylenes,242,0.8512396694214877,-0.04876033057851237,176.23940000000013,True,family,Mondrian-family,cluster_9,cluster,extra_trees
Polycarbonates,30,0.8666666666666667,-0.033333333333333326,123.93174000000003,True,family,Mondrian-family,cluster_9,cluster,extra_trees
Polyurethanes,11,1.0,0.09999999999999998,118.47559999999999,True,family,Mondrian-family,cluster_9,cluster,extra_trees
1,336,0.6696428571428571,-0.23035714285714293,123.84771173098753,True,similarity,Normalised SCP,cluster_9,cluster,extra_trees
0,1079,0.6876737720111215,-0.21232622798887857,137.01302603115514,True,similarity,Normalised SCP,cluster_9,cluster,extra_trees
2,158,0.7151898734177216,-0.18481012658227847,115.0912374463684,True,similarity,Normalised SCP,cluster_9,cluster,extra_trees
3,25,0.8,-0.09999999999999998,105.94053656720769,True,similarity,Normalised SCP,cluster_9,cluster,extra_trees
4,3,1.0,0.09999999999999998,108.54245739468519,False,similarity,Normalised SCP,cluster_9,cluster,extra_trees
Polyphosphazenes,15,0.2,-0.7,106.52727806337136,True,family,Normalised SCP,cluster_9,cluster,extra_trees
Polyanhydrides,3,0.3333333333333333,-0.5666666666666667,87.1733644435971,False,family,Normalised SCP,cluster_9,cluster,extra_trees
Polysiloxanes,202,0.5247524752475248,-0.37524752475247525,134.92504639330164,True,family,Normalised SCP,cluster_9,cluster,extra_trees
Polysulfones,43,0.5813953488372093,-0.3186046511627907,126.37980324508888,True,family,Normalised SCP,cluster_9,cluster,extra_trees
Polydienes,33,0.6060606060606061,-0.29393939393939394,193.55991934713384,True,family,Normalised SCP,cluster_9,cluster,extra_trees
Polyacrylics,223,0.6278026905829597,-0.27219730941704035,114.98927385854702,True,family,Normalised SCP,cluster_9,cluster,extra_trees
Polyesters,66,0.6515151515151515,-0.24848484848484853,104.1185695091453,True,family,Normalised SCP,cluster_9,cluster,extra_trees
Polyimines,9,0.6666666666666666,-0.2333333333333334,94.08037889537074,False,family,Normalised SCP,cluster_9,cluster,extra_trees
Polyamides,88,0.6931818181818182,-0.2068181818181818,103.2212820306363,True,family,Normalised SCP,cluster_9,cluster,extra_trees
Polyphenylenes,242,0.7066115702479339,-0.19338842975206616,130.02691581152,True,family,Normalised SCP,cluster_9,cluster,extra_trees
Polyethers,71,0.7183098591549296,-0.1816901408450704,121.68531425213307,True,family,Normalised SCP,cluster_9,cluster,extra_trees
Polyolefins,79,0.7341772151898734,-0.16582278481012658,176.8547146718073,True,family,Normalised SCP,cluster_9,cluster,extra_trees
Polyimides,68,0.75,-0.15000000000000002,134.2691037982668,True,family,Normalised SCP,cluster_9,cluster,extra_trees
Polycarbonates,30,0.7666666666666667,-0.1333333333333333,110.4313399497714,True,family,Normalised SCP,cluster_9,cluster,extra_trees
Polystyrenes,235,0.7787234042553192,-0.12127659574468086,137.69566539601996,True,family,Normalised SCP,cluster_9,cluster,extra_trees
Polysulfides,34,0.7941176470588235,-0.10588235294117654,149.60140243993578,True,family,Normalised SCP,cluster_9,cluster,extra_trees
Other backbone,15,0.8,-0.09999999999999998,165.33323845928825,True,family,Normalised SCP,cluster_9,cluster,extra_trees
Polyhalo-olefins,38,0.8157894736842105,-0.08421052631578951,193.68984941751876,True,family,Normalised SCP,cluster_9,cluster,extra_trees
Polyvinyls,95,0.8421052631578947,-0.05789473684210533,125.27623438882577,True,family,Normalised SCP,cluster_9,cluster,extra_trees
Polyurethanes,11,0.9090909090909091,0.009090909090909038,124.16369717444087,True,family,Normalised SCP,cluster_9,cluster,extra_trees
Polyureas,1,1.0,0.09999999999999998,154.59763581004225,False,family,Normalised SCP,cluster_9,cluster,extra_trees
