group,n,coverage,coverage_error,mean_width,reliable,taxonomy,conformal,split,regime,model
0,62,0.5967741935483871,-0.3032258064516129,185.85457136820486,True,similarity,SCP,random_0,random,group_contribution
1,80,0.6375,-0.26250000000000007,185.85457136820477,True,similarity,SCP,random_0,random,group_contribution
2,146,0.815068493150685,-0.08493150684931505,185.8545713682048,True,similarity,SCP,random_0,random,group_contribution
3,210,0.9095238095238095,0.00952380952380949,185.85457136820474,True,similarity,SCP,random_0,random,group_contribution
4,284,0.9295774647887324,0.029577464788732355,185.8545713682048,True,similarity,SCP,random_0,random,group_contribution
5,653,0.9356814701378254,0.03568147013782541,185.85457136820477,True,similarity,SCP,random_0,random,group_contribution
Polyanhydrides,14,0.5,-0.4,185.85457136820474,True,family,SCP,random_0,random,group_contribution
Other backbone,13,0.5384615384615384,-0.3615384615384616,185.85457136820474,True,family,SCP,random_0,random,group_contribution
Polyphosphazenes,21,0.5714285714285714,-0.3285714285714286,185.85457136820477,True,family,SCP,random_0,random,group_contribution
Polydienes,20,0.6,-0.30000000000000004,185.85457136820477,True,family,SCP,random_0,random,group_contribution
Polyhalo-olefins,12,0.75,-0.15000000000000002,185.85457136820477,True,family,SCP,random_0,random,group_contribution
Polyolefins,24,0.75,-0.15000000000000002,185.8545713682048,True,family,SCP,random_0,random,group_contribution
Polyurethanes,43,0.7906976744186046,-0.10930232558139541,185.85457136820483,True,family,SCP,random_0,random,group_contribution
Polyureas,10,0.8,-0.09999999999999998,185.85457136820477,True,family,SCP,random_0,random,group_contribution
Polyvinyls,42,0.8095238095238095,-0.09047619047619049,185.85457136820483,True,family,SCP,random_0,random,group_contribution
Polysulfides,16,0.8125,-0.08750000000000002,185.8545713682048,True,family,SCP,random_0,random,group_contribution
Polyphenylenes,85,0.8470588235294118,-0.05294117647058827,185.8545713682048,True,family,SCP,random_0,random,group_contribution
Polyacrylics,122,0.8524590163934426,-0.04754098360655745,185.85457136820472,True,family,SCP,random_0,random,group_contribution
Polyimines,8,0.875,-0.025000000000000022,185.8545713682048,False,family,SCP,random_0,random,group_contribution
Polystyrenes,57,0.8771929824561403,-0.02280701754385972,185.85457136820483,True,family,SCP,random_0,random,group_contribution
Polysiloxanes,48,0.8958333333333334,-0.004166666666666652,185.8545713682048,True,family,SCP,random_0,random,group_contribution
Polyethers,144,0.9097222222222222,0.009722222222222188,185.8545713682048,True,family,SCP,random_0,random,group_contribution
Polyamides,200,0.92,0.020000000000000018,185.85457136820477,True,family,SCP,random_0,random,group_contribution
Polyimides,331,0.9395770392749244,0.0395770392749244,185.85457136820474,True,family,SCP,random_0,random,group_contribution
Polycarbonates,43,0.9534883720930233,0.05348837209302326,185.85457136820483,True,family,SCP,random_0,random,group_contribution
Polyesters,142,0.9647887323943662,0.06478873239436622,185.8545713682048,True,family,SCP,random_0,random,group_contribution
Polysulfones,40,0.975,0.07499999999999996,185.8545713682048,True,family,SCP,random_0,random,group_contribution
5,653,0.8667687595712098,-0.03323124042879022,146.18022153145034,True,similarity,Mondrian-similarity,random_0,random,group_contribution
2,146,0.8904109589041096,-0.009589041095890427,234.50841394438197,True,similarity,Mondrian-similarity,random_0,random,group_contribution
4,284,0.8908450704225352,-0.009154929577464777,161.92502629705612,True,similarity,Mondrian-similarity,random_0,random,group_contribution
1,80,0.9,0.0,318.117831344965,True,similarity,Mondrian-similarity,random_0,random,group_contribution
0,62,0.9032258064516129,0.003225806451612856,333.3556153664238,True,similarity,Mondrian-similarity,random_0,random,group_contribution
3,210,0.9380952380952381,0.03809523809523807,222.03001520819817,True,similarity,Mondrian-similarity,random_0,random,group_contribution
Polyureas,10,0.5,-0.4,173.78128223065553,True,family,Mondrian-similarity,random_0,random,group_contribution
Polyanhydrides,14,0.5714285714285714,-0.3285714285714286,210.11650363436277,True,family,Mondrian-similarity,random_0,random,group_contribution
Polydienes,20,0.7,-0.20000000000000007,275.92355228008336,True,family,Mondrian-similarity,random_0,random,group_contribution
Polyurethanes,43,0.7441860465116279,-0.15581395348837213,187.73490914869302,True,family,Mondrian-similarity,random_0,random,group_contribution
Polyimines,8,0.75,-0.15000000000000002,171.04697173773945,False,family,Mondrian-similarity,random_0,random,group_contribution
Polyphosphazenes,21,0.7619047619047619,-0.13809523809523816,227.62482216472299,True,family,Mondrian-similarity,random_0,random,group_contribution
Polyolefins,24,0.7916666666666666,-0.10833333333333339,242.02874674274054,True,family,Mondrian-similarity,random_0,random,group_contribution
Polysiloxanes,48,0.8541666666666666,-0.04583333333333339,186.6875421333606,True,family,Mondrian-similarity,random_0,random,group_contribution
Polyacrylics,122,0.8688524590163934,-0.031147540983606614,198.71034348061949,True,family,Mondrian-similarity,random_0,random,group_contribution
Polyphenylenes,85,0.8705882352941177,-0.02941176470588236,206.02429212149787,True,family,Mondrian-similarity,random_0,random,group_contribution
Polystyrenes,57,0.8771929824561403,-0.02280701754385972,206.28263210906977,True,family,Mondrian-similarity,random_0,random,group_contribution
Polyvinyls,42,0.8809523809523809,-0.01904761904761909,222.44795880232687,True,family,Mondrian-similarity,random_0,random,group_contribution
Polyamides,200,0.89,-0.010000000000000009,167.5543463334999,True,family,Mondrian-similarity,random_0,random,group_contribution
Polyimides,331,0.9003021148036254,0.00030211480362540843,164.746158348867,True,family,Mondrian-similarity,random_0,random,group_contribution
Polyhalo-olefins,12,0.9166666666666666,0.016666666666666607,256.12406990136407,True,family,Mondrian-similarity,random_0,random,group_contribution
Other backbone,13,0.9230769230769231,0.023076923076923106,249.0902500306692,True,family,Mondrian-similarity,random_0,random,group_contribution
Polysulfides,16,0.9375,0.03749999999999998,254.00313263395807,True,family,Mondrian-similarity,random_0,random,group_contribution
Polyesters,142,0.9436619718309859,0.04366197183098586,181.72507019174967,True,family,Mondrian-similarity,random_0,random,group_contribution
Polyethers,144,0.9513888888888888,0.05138888888888882,185.53241272637723,True,family,Mondrian-similarity,random_0,random,group_contribution
Polycarbonates,43,0.9534883720930233,0.05348837209302326,188.8401308335812,True,family,Mondrian-similarity,random_0,random,group_contribution
Polysulfones,40,1.0,0.09999999999999998,183.0182367616213,True,family,Mondrian-similarity,random_0,random,group_contribution
0,62,0.6935483870967742,-0.20645161290322578,212.25132478210136,True,similarity,Mondrian-family,random_0,random,group_contribution
1,80,0.7,-0.20000000000000007,203.29545996868154,True,similarity,Mondrian-family,random_0,random,group_contribution
2,146,0.821917808219178,-0.07808219178082199,196.6733972237327,True,similarity,Mondrian-family,random_0,random,group_contribution
3,210,0.8666666666666667,-0.033333333333333326,190.07456026295057,True,similarity,Mondrian-family,random_0,random,group_contribution
4,284,0.9154929577464789,0.015492957746478853,183.45118284080348,True,similarity,Mondrian-family,random_0,random,group_contribution
5,653,0.9295558958652373,0.029555895865237325,182.60508545108326,True,similarity,Mondrian-family,random_0,random,group_contribution
Polyanhydrides,14,0.5,-0.4,185.85457136820474,True,family,Mondrian-family,random_0,random,group_contribution
Other backbone,13,0.5384615384615384,-0.3615384615384616,185.85457136820474,True,family,Mondrian-family,random_0,random,group_contribution
Polydienes,20,0.6,-0.30000000000000004,185.85457136820477,True,family,Mondrian-family,random_0,random,group_contribution
Polyhalo-olefins,12,0.75,-0.15000000000000002,185.85457136820477,True,family,Mondrian-family,random_0,random,group_contribution
Polyolefins,24,0.75,-0.15000000000000002,185.8545713682048,True,family,Mondrian-family,random_0,random,group_contribution
Polyvinyls,42,0.7857142857142857,-0.11428571428571432,156.87563372433226,True,family,Mondrian-family,random_0,random,group_contribution
Polyureas,10,0.8,-0.09999999999999998,185.85457136820477,True,family,Mondrian-family,random_0,random,group_contribution
Polysulfides,16,0.8125,-0.08750000000000002,185.8545713682048,True,family,Mondrian-family,random_0,random,group_contribution
Polyesters,142,0.8169014084507042,-0.08309859154929577,118.36174513092782,True,family,Mondrian-family,random_0,random,group_contribution
Polyurethanes,43,0.8372093023255814,-0.06279069767441858,234.7562243565561,True,family,Mondrian-family,random_0,random,group_contribution
Polyimines,8,0.875,-0.025000000000000022,185.8545713682048,False,family,Mondrian-family,random_0,random,group_contribution
Polyimides,331,0.8761329305135952,-0.023867069486404824,153.577494627674,True,family,Mondrian-family,random_0,random,group_contribution
Polycarbonates,43,0.8837209302325582,-0.016279069767441867,126.46735259082674,True,family,Mondrian-family,random_0,random,group_contribution
Polyamides,200,0.92,0.020000000000000018,185.6152476739393,True,family,Mondrian-family,random_0,random,group_contribution
Polyacrylics,122,0.9344262295081968,0.03442622950819674,243.67973728958617,True,family,Mondrian-family,random_0,random,group_contribution
Polysiloxanes,48,0.9375,0.03749999999999998,203.9078602174011,True,family,Mondrian-family,random_0,random,group_contribution
Polyphenylenes,85,0.9411764705882353,0.04117647058823526,267.92742959327046,True,family,Mondrian-family,random_0,random,group_contribution
Polyethers,144,0.9444444444444444,0.0444444444444444,215.11447684855807,True,family,Mondrian-family,random_0,random,group_contribution
Polystyrenes,57,0.9649122807017544,0.06491228070175437,274.8335549908454,True,family,Mondrian-family,random_0,random,group_contribution
Polysulfones,40,0.975,0.07499999999999996,150.76882568926408,True,family,Mondrian-family,random_0,random,group_contribution
Polyphosphazenes,21,1.0,0.09999999999999998,276.2104231620012,True,family,Mondrian-family,random_0,random,group_contribution
1,80,0.775,-0.125,240.08421705587824,True,similarity,Normalised SCP,random_0,random,group_contribution
0,62,0.7903225806451613,-0.10967741935483877,260.88393048509334,True,similarity,Normalised SCP,random_0,random,group_contribution
2,146,0.8698630136986302,-0.03013698630136985,215.64397531100045,True,similarity,Normalised SCP,random_0,random,group_contribution
3,210,0.8952380952380953,-0.004761904761904745,189.38527241746772,True,similarity,Normalised SCP,random_0,random,group_contribution
4,284,0.9190140845070423,0.019014084507042228,169.62746618961197,True,similarity,Normalised SCP,random_0,random,group_contribution
5,653,0.9310872894333844,0.031087289433384346,171.99705590454198,True,similarity,Normalised SCP,random_0,random,group_contribution
Polyanhydrides,14,0.42857142857142855,-0.4714285714285715,164.9205644341334,True,family,Normalised SCP,random_0,random,group_contribution
Polyphosphazenes,21,0.5714285714285714,-0.3285714285714286,184.31198222831432,True,family,Normalised SCP,random_0,random,group_contribution
Polyurethanes,43,0.7209302325581395,-0.17906976744186054,165.91453514141952,True,family,Normalised SCP,random_0,random,group_contribution
Polyolefins,24,0.8333333333333334,-0.06666666666666665,322.0583074948662,True,family,Normalised SCP,random_0,random,group_contribution
Polysulfides,16,0.875,-0.025000000000000022,213.54532341017895,True,family,Normalised SCP,random_0,random,group_contribution
Polyimines,8,0.875,-0.025000000000000022,178.90771360064193,False,family,Normalised SCP,random_0,random,group_contribution
Polyphenylenes,85,0.8823529411764706,-0.01764705882352946,211.88975719607637,True,family,Normalised SCP,random_0,random,group_contribution
Polyacrylics,122,0.8852459016393442,-0.014754098360655776,239.2592598680357,True,family,Normalised SCP,random_0,random,group_contribution
Polystyrenes,57,0.8947368421052632,-0.0052631578947368585,196.53967628432574,True,family,Normalised SCP,random_0,random,group_contribution
Polydienes,20,0.9,0.0,344.59661542529545,True,family,Normalised SCP,random_0,random,group_contribution
Polyimides,331,0.9033232628398792,0.0033232628398791597,154.35159804158354,True,family,Normalised SCP,random_0,random,group_contribution
Polyethers,144,0.9097222222222222,0.009722222222222188,165.63248253013873,True,family,Normalised SCP,random_0,random,group_contribution
Other backbone,13,0.9230769230769231,0.023076923076923106,281.8354328822244,True,family,Normalised SCP,random_0,random,group_contribution
Polyesters,142,0.9366197183098591,0.036619718309859106,164.89444756202977,True,family,Normalised SCP,random_0,random,group_contribution
Polysulfones,40,0.95,0.04999999999999993,125.8028752905282,True,family,Normalised SCP,random_0,random,group_contribution
Polyvinyls,42,0.9523809523809523,0.052380952380952306,232.68829676031524,True,family,Normalised SCP,random_0,random,group_contribution
Polycarbonates,43,0.9534883720930233,0.05348837209302326,136.81039937807378,True,family,Normalised SCP,random_0,random,group_contribution
Polyamides,200,0.955,0.05499999999999994,180.684233260657,True,family,Normalised SCP,random_0,random,group_contribution
Polysiloxanes,48,0.9583333333333334,0.05833333333333335,217.77367842417462,True,family,Normalised SCP,random_0,random,group_contribution
Polyhalo-olefins,12,1.0,0.09999999999999998,330.12762227075035,True,family,Normalised SCP,random_0,random,group_contribution
Polyureas,10,1.0,0.09999999999999998,267.89288857248295,True,family,Normalised SCP,random_0,random,group_contribution
0,49,0.7142857142857143,-0.18571428571428572,190.6661533891405,True,similarity,SCP,random_1,random,group_contribution
1,80,0.7375,-0.16249999999999998,190.66615338914053,True,similarity,SCP,random_1,random,group_contribution
2,163,0.8588957055214724,-0.04110429447852759,190.66615338914053,True,similarity,SCP,random_1,random,group_contribution
3,230,0.8608695652173913,-0.03913043478260869,190.6661533891406,True,similarity,SCP,random_1,random,group_contribution
4,246,0.9105691056910569,0.010569105691056846,190.6661533891406,True,similarity,SCP,random_1,random,group_contribution
5,667,0.9490254872563718,0.04902548725637179,190.66615338914053,True,similarity,SCP,random_1,random,group_contribution
Polydienes,15,0.5333333333333333,-0.3666666666666667,190.66615338914056,True,family,SCP,random_1,random,group_contribution
Polyolefins,19,0.6842105263157895,-0.21578947368421053,190.66615338914053,True,family,SCP,random_1,random,group_contribution
Other backbone,16,0.6875,-0.21250000000000002,190.6661533891405,True,family,SCP,random_1,random,group_contribution
Polyphosphazenes,20,0.7,-0.20000000000000007,190.66615338914053,True,family,SCP,random_1,random,group_contribution
Polyanhydrides,10,0.8,-0.09999999999999998,190.66615338914053,True,family,SCP,random_1,random,group_contribution
Polyacrylics,153,0.8235294117647058,-0.07647058823529418,190.66615338914053,True,family,SCP,random_1,random,group_contribution
Polysulfides,12,0.8333333333333334,-0.06666666666666665,190.66615338914053,True,family,SCP,random_1,random,group_contribution
Polyphenylenes,84,0.8333333333333334,-0.06666666666666665,190.6661533891405,True,family,SCP,random_1,random,group_contribution
Polyureas,6,0.8333333333333334,-0.06666666666666665,190.6661533891405,False,family,SCP,random_1,random,group_contribution
Polyurethanes,37,0.8378378378378378,-0.06216216216216219,190.66615338914045,True,family,SCP,random_1,random,group_contribution
Polyvinyls,41,0.8536585365853658,-0.04634146341463419,190.6661533891405,True,family,SCP,random_1,random,group_contribution
Polysiloxanes,47,0.8936170212765957,-0.00638297872340432,190.66615338914048,True,family,SCP,random_1,random,group_contribution
Polyethers,122,0.9016393442622951,0.0016393442622950616,190.6661533891406,True,family,SCP,random_1,random,group_contribution
Polystyrenes,54,0.9259259259259259,0.025925925925925908,190.66615338914048,True,family,SCP,random_1,random,group_contribution
Polyamides,209,0.937799043062201,0.03779904306220094,190.66615338914053,True,family,SCP,random_1,random,group_contribution
Polyesters,149,0.9395973154362416,0.039597315436241565,190.6661533891405,True,family,SCP,random_1,random,group_contribution
Polyimides,349,0.9426934097421203,0.042693409742120325,190.66615338914053,True,family,SCP,random_1,random,group_contribution
Polycarbonates,34,0.9705882352941176,0.07058823529411762,190.66615338914048,True,family,SCP,random_1,random,group_contribution
Polyimines,8,1.0,0.09999999999999998,190.6661533891405,False,family,SCP,random_1,random,group_contribution
Polyhalo-olefins,11,1.0,0.09999999999999998,190.66615338914053,True,family,SCP,random_1,random,group_contribution
Polysulfones,39,1.0,0.09999999999999998,190.66615338914045,True,family,SCP,random_1,random,group_contribution
1,80,0.8,-0.09999999999999998,225.80747280514015,True,similarity,Mondrian-similarity,random_1,random,group_contribution
0,49,0.8163265306122449,-0.0836734693877551,298.55702463474415,True,similarity,Mondrian-similarity,random_1,random,group_contribution
4,246,0.8617886178861789,-0.038211382113821135,150.31442176057786,True,similarity,Mondrian-similarity,random_1,random,group_contribution
5,667,0.8845577211394303,-0.015442278860569703,147.88941466750836,True,similarity,Mondrian-similarity,random_1,random,group_contribution
2,163,0.9386503067484663,0.03865030674846626,271.26347173733427,True,similarity,Mondrian-similarity,random_1,random,group_contribution
3,230,0.9391304347826087,0.03913043478260869,239.71748469748326,True,similarity,Mondrian-similarity,random_1,random,group_contribution
Polydienes,15,0.6,-0.30000000000000004,226.764133516831,True,family,Mondrian-similarity,random_1,random,group_contribution
Polyureas,6,0.6666666666666666,-0.2333333333333334,148.6977503651982,False,family,Mondrian-similarity,random_1,random,group_contribution
Polyolefins,19,0.7368421052631579,-0.16315789473684217,222.7338074812327,True,family,Mondrian-similarity,random_1,random,group_contribution
Polyurethanes,37,0.7837837837837838,-0.11621621621621625,188.85509126411307,True,family,Mondrian-similarity,random_1,random,group_contribution
Polyphosphazenes,20,0.8,-0.09999999999999998,222.50228940954813,True,family,Mondrian-similarity,random_1,random,group_contribution
Polyacrylics,153,0.8169934640522876,-0.08300653594771246,196.55320182375618,True,family,Mondrian-similarity,random_1,random,group_contribution
Polyphenylenes,84,0.8214285714285714,-0.07857142857142863,209.45727180917146,True,family,Mondrian-similarity,random_1,random,group_contribution
Polysiloxanes,47,0.8297872340425532,-0.07021276595744685,197.467337763595,True,family,Mondrian-similarity,random_1,random,group_contribution
Polystyrenes,54,0.8703703703703703,-0.029629629629629672,203.20214424136714,True,family,Mondrian-similarity,random_1,random,group_contribution
Polyimides,349,0.8939828080229226,-0.006017191977077396,167.3451178858116,True,family,Mondrian-similarity,random_1,random,group_contribution
Polyanhydrides,10,0.9,0.0,226.36831331424483,True,family,Mondrian-similarity,random_1,random,group_contribution
Polyvinyls,41,0.9024390243902439,0.0024390243902439046,219.36256930135073,True,family,Mondrian-similarity,random_1,random,group_contribution
Polysulfides,12,0.9166666666666666,0.016666666666666607,239.51506028475023,True,family,Mondrian-similarity,random_1,random,group_contribution
Polyethers,122,0.9262295081967213,0.02622950819672132,182.4000985696106,True,family,Mondrian-similarity,random_1,random,group_contribution
Polyesters,149,0.9328859060402684,0.03288590604026842,181.50745745340345,True,family,Mondrian-similarity,random_1,random,group_contribution
Other backbone,16,0.9375,0.03749999999999998,235.0188193985833,True,family,Mondrian-similarity,random_1,random,group_contribution
Polyamides,209,0.937799043062201,0.03779904306220094,172.6441296687278,True,family,Mondrian-similarity,random_1,random,group_contribution
Polycarbonates,34,0.9705882352941176,0.07058823529411762,206.12780532653477,True,family,Mondrian-similarity,random_1,random,group_contribution
Polyimines,8,1.0,0.09999999999999998,190.5145635753454,False,family,Mondrian-similarity,random_1,random,group_contribution
Polyhalo-olefins,11,1.0,0.09999999999999998,214.76278051114525,True,family,Mondrian-similarity,random_1,random,group_contribution
Polysulfones,39,1.0,0.09999999999999998,184.86833697155913,True,family,Mondrian-similarity,random_1,random,group_contribution
0,49,0.7346938775510204,-0.16530612244897958,198.7796581358001,True,similarity,Mondrian-family,random_1,random,group_contribution
1,80,0.7375,-0.16249999999999998,203.8819543651103,True,similarity,Mondrian-family,random_1,random,group_contribution
2,163,0.8343558282208589,-0.06564417177914117,193.14416951918284,True,similarity,Mondrian-family,random_1,random,group_contribution
3,230,0.8739130434782608,-0.026086956521739202,186.11849393434196,True,similarity,Mondrian-family,random_1,random,group_contribution
4,246,0.8861788617886179,-0.013821138211382089,175.9300933606979,True,similarity,Mondrian-family,random_1,random,group_contribution
5,667,0.9235382308845578,0.023538230884557754,169.88930748190302,True,similarity,Mondrian-family,random_1,random,group_contribution
Polydienes,15,0.5333333333333333,-0.3666666666666667,190.66615338914056,True,family,Mondrian-family,random_1,random,group_contribution
Polyolefins,19,0.6842105263157895,-0.21578947368421053,190.66615338914053,True,family,Mondrian-family,random_1,random,group_contribution
Other backbone,16,0.6875,-0.21250000000000002,190.6661533891405,True,family,Mondrian-family,random_1,random,group_contribution
Polycarbonates,34,0.7941176470588235,-0.10588235294117654,126.21069812530914,True,family,Mondrian-family,random_1,random,group_contribution
Polyanhydrides,10,0.8,-0.09999999999999998,190.66615338914053,True,family,Mondrian-family,random_1,random,group_contribution
Polysulfides,12,0.8333333333333334,-0.06666666666666665,190.66615338914053,True,family,Mondrian-family,random_1,random,group_contribution
Polyureas,6,0.8333333333333334,-0.06666666666666665,190.6661533891405,False,family,Mondrian-family,random_1,random,group_contribution
Polyphenylenes,84,0.8690476190476191,-0.030952380952380953,218.48654091704435,True,family,Mondrian-family,random_1,random,group_contribution
Polyimides,349,0.8710601719197708,-0.028939828080229213,148.0247686188436,True,family,Mondrian-family,random_1,random,group_contribution
Polyacrylics,153,0.8758169934640523,-0.024183006535947738,241.41909713172916,True,family,Mondrian-family,random_1,random,group_contribution
Polyesters,149,0.8859060402684564,-0.014093959731543593,128.72989462951506,True,family,Mondrian-family,random_1,random,group_contribution
Polyurethanes,37,0.8918918918918919,-0.008108108108108136,260.4384286160344,True,family,Mondrian-family,random_1,random,group_contribution
Polysiloxanes,47,0.8936170212765957,-0.00638297872340432,194.78072489042535,True,family,Mondrian-family,random_1,random,group_contribution
Polyethers,122,0.9016393442622951,0.0016393442622950616,177.68962697973672,True,family,Mondrian-family,random_1,random,group_contribution
Polyamides,209,0.9043062200956937,0.0043062200956937025,160.83437378300147,True,family,Mondrian-family,random_1,random,group_contribution
Polyvinyls,41,0.926829268292683,0.02682926829268295,251.084133147601,True,family,Mondrian-family,random_1,random,group_contribution
Polysulfones,39,0.9487179487179487,0.048717948717948656,120.94176491180242,True,family,Mondrian-family,random_1,random,group_contribution
Polystyrenes,54,0.9814814814814815,0.08148148148148149,237.8327449156488,True,family,Mondrian-family,random_1,random,group_contribution
Polyhalo-olefins,11,1.0,0.09999999999999998,190.66615338914053,True,family,Mondrian-family,random_1,random,group_contribution
Polyimines,8,1.0,0.09999999999999998,190.6661533891405,False,family,Mondrian-family,random_1,random,group_contribution
Polyphosphazenes,20,1.0,0.09999999999999998,304.03661868532333,True,family,Mondrian-family,random_1,random,group_contribution
0,49,0.8163265306122449,-0.0836734693877551,256.73794325918357,True,similarity,Normalised SCP,random_1,random,group_contribution
1,80,0.85,-0.050000000000000044,263.85513082566297,True,similarity,Normalised SCP,random_1,random,group_contribution
2,163,0.8773006134969326,-0.022699386503067465,236.5008896527616,True,similarity,Normalised SCP,random_1,random,group_contribution
3,230,0.908695652173913,0.008695652173912993,211.1165225981276,True,similarity,Normalised SCP,random_1,random,group_contribution
4,246,0.926829268292683,0.02682926829268295,195.49210525254296,True,similarity,Normalised SCP,random_1,random,group_contribution
5,667,0.9325337331334332,0.03253373313343322,167.73747750900705,True,similarity,Normalised SCP,random_1,random,group_contribution
Polydienes,15,0.7333333333333333,-0.16666666666666674,342.3447610241747,True,family,Normalised SCP,random_1,random,group_contribution
Polysulfides,12,0.75,-0.15000000000000002,228.4364079592435,True,family,Normalised SCP,random_1,random,group_contribution
Polyurethanes,37,0.7567567567567568,-0.14324324324324322,159.77834756573142,True,family,Normalised SCP,random_1,random,group_contribution
Polyanhydrides,10,0.8,-0.09999999999999998,134.55079661225037,True,family,Normalised SCP,random_1,random,group_contribution
Polyureas,6,0.8333333333333334,-0.06666666666666665,188.18623990475882,False,family,Normalised SCP,random_1,random,group_contribution
Polyphenylenes,84,0.8452380952380952,-0.05476190476190479,221.56970612276987,True,family,Normalised SCP,random_1,random,group_contribution
Polyacrylics,153,0.8823529411764706,-0.01764705882352946,241.93857430151718,True,family,Normalised SCP,random_1,random,group_contribution
Polyethers,122,0.9098360655737705,0.00983606557377048,200.0190513385423,True,family,Normalised SCP,random_1,random,group_contribution
Polyimides,349,0.9140401146131805,0.014040114613180443,157.75995595319785,True,family,Normalised SCP,random_1,random,group_contribution
Polystyrenes,54,0.9259259259259259,0.025925925925925908,215.93253071106247,True,family,Normalised SCP,random_1,random,group_contribution
Polyesters,149,0.9328859060402684,0.03288590604026842,176.6883095332052,True,family,Normalised SCP,random_1,random,group_contribution
Polyamides,209,0.9330143540669856,0.03301435406698561,160.61523210339706,True,family,Normalised SCP,random_1,random,group_contribution
Polycarbonates,34,0.9411764705882353,0.04117647058823526,177.61138475487968,True,family,Normalised SCP,random_1,random,group_contribution
Polyolefins,19,0.9473684210526315,0.047368421052631504,352.5939679465131,True,family,Normalised SCP,random_1,random,group_contribution
Polyphosphazenes,20,0.95,0.04999999999999993,280.0009436068991,True,family,Normalised SCP,random_1,random,group_contribution
Polysulfones,39,0.9743589743589743,0.07435897435897432,141.49733223235992,True,family,Normalised SCP,random_1,random,group_contribution
Polysiloxanes,47,0.9787234042553191,0.0787234042553191,268.352564632164,True,family,Normalised SCP,random_1,random,group_contribution
Polyhalo-olefins,11,1.0,0.09999999999999998,227.89520415424985,True,family,Normalised SCP,random_1,random,group_contribution
Other backbone,16,1.0,0.09999999999999998,332.9106311931436,True,family,Normalised SCP,random_1,random,group_contribution
Polyimines,8,1.0,0.09999999999999998,157.79767030119382,False,family,Normalised SCP,random_1,random,group_contribution
Polyvinyls,41,1.0,0.09999999999999998,299.87260493593186,True,family,Normalised SCP,random_1,random,group_contribution
1,84,0.7261904761904762,-0.17380952380952386,187.79017653670104,True,similarity,SCP,random_2,random,group_contribution
0,37,0.7837837837837838,-0.11621621621621625,187.79017653670115,True,similarity,SCP,random_2,random,group_contribution
2,146,0.815068493150685,-0.08493150684931505,187.79017653670107,True,similarity,SCP,random_2,random,group_contribution
3,241,0.8381742738589212,-0.06182572614107884,187.79017653670107,True,similarity,SCP,random_2,random,group_contribution
4,265,0.9018867924528302,0.0018867924528301883,187.79017653670107,True,similarity,SCP,random_2,random,group_contribution
5,662,0.9441087613293051,0.04410876132930508,187.7901765367011,True,similarity,SCP,random_2,random,group_contribution
Other backbone,14,0.5714285714285714,-0.3285714285714286,187.79017653670104,True,family,SCP,random_2,random,group_contribution
Polyolefins,24,0.625,-0.275,187.7901765367011,True,family,SCP,random_2,random,group_contribution
Polyphosphazenes,27,0.6296296296296297,-0.27037037037037037,187.79017653670113,True,family,SCP,random_2,random,group_contribution
Polyimines,6,0.6666666666666666,-0.2333333333333334,187.7901765367011,False,family,SCP,random_2,random,group_contribution
Polyureas,4,0.75,-0.15000000000000002,187.7901765367011,False,family,SCP,random_2,random,group_contribution
Polystyrenes,50,0.78,-0.12,187.79017653670107,True,family,SCP,random_2,random,group_contribution
Polydienes,14,0.7857142857142857,-0.11428571428571432,187.79017653670104,True,family,SCP,random_2,random,group_contribution
Polyacrylics,126,0.7936507936507936,-0.10634920634920642,187.7901765367011,True,family,SCP,random_2,random,group_contribution
Polyphenylenes,99,0.8282828282828283,-0.07171717171717173,187.7901765367011,True,family,SCP,random_2,random,group_contribution
Polyurethanes,39,0.8461538461538461,-0.05384615384615388,187.79017653670115,True,family,SCP,random_2,random,group_contribution
Polysiloxanes,36,0.8611111111111112,-0.03888888888888886,187.79017653670113,True,family,SCP,random_2,random,group_contribution
Polyanhydrides,17,0.8823529411764706,-0.01764705882352946,187.7901765367011,True,family,SCP,random_2,random,group_contribution
Polyethers,138,0.8985507246376812,-0.0014492753623188692,187.79017653670107,True,family,SCP,random_2,random,group_contribution
Polyhalo-olefins,10,0.9,0.0,187.79017653670107,True,family,SCP,random_2,random,group_contribution
Polyvinyls,46,0.9130434782608695,0.01304347826086949,187.79017653670107,True,family,SCP,random_2,random,group_contribution
Polyesters,164,0.9390243902439024,0.03902439024390236,187.79017653670107,True,family,SCP,random_2,random,group_contribution
Polyimides,334,0.9401197604790419,0.040119760479041866,187.7901765367011,True,family,SCP,random_2,random,group_contribution
Polyamides,195,0.9435897435897436,0.043589743589743546,187.7901765367011,True,family,SCP,random_2,random,group_contribution
Polycarbonates,41,0.975609756097561,0.07560975609756093,187.7901765367011,True,family,SCP,random_2,random,group_contribution
Polysulfones,42,0.9761904761904762,0.07619047619047614,187.79017653670113,True,family,SCP,random_2,random,group_contribution
Polysulfides,9,1.0,0.09999999999999998,187.7901765367011,False,family,SCP,random_2,random,group_contribution
2,146,0.815068493150685,-0.08493150684931505,193.57201451489607,True,similarity,Mondrian-similarity,random_2,random,group_contribution
3,241,0.8713692946058091,-0.02863070539419088,207.16477206632774,True,similarity,Mondrian-similarity,random_2,random,group_contribution
4,265,0.8754716981132076,-0.024528301886792447,171.8488156955263,True,similarity,Mondrian-similarity,random_2,random,group_contribution
5,662,0.904833836858006,0.00483383685800598,159.99345500656642,True,similarity,Mondrian-similarity,random_2,random,group_contribution
0,37,0.918918918918919,0.018918918918918948,324.6952690469647,True,similarity,Mondrian-similarity,random_2,random,group_contribution
1,84,0.9404761904761905,0.04047619047619044,345.3929269069593,True,similarity,Mondrian-similarity,random_2,random,group_contribution
Polyphosphazenes,27,0.7037037037037037,-0.1962962962962963,207.62512838320805,True,family,Mondrian-similarity,random_2,random,group_contribution
Polyolefins,24,0.7083333333333334,-0.19166666666666665,249.6943622437062,True,family,Mondrian-similarity,random_2,random,group_contribution
Other backbone,14,0.7142857142857143,-0.18571428571428572,226.89889788128662,True,family,Mondrian-similarity,random_2,random,group_contribution
Polyureas,4,0.75,-0.15000000000000002,212.52738856598842,False,family,Mondrian-similarity,random_2,random,group_contribution
Polysiloxanes,36,0.7777777777777778,-0.12222222222222223,178.0820271178857,True,family,Mondrian-similarity,random_2,random,group_contribution
Polyacrylics,126,0.7777777777777778,-0.12222222222222223,181.96925726511708,True,family,Mondrian-similarity,random_2,random,group_contribution
Polyphenylenes,99,0.8080808080808081,-0.09191919191919196,211.06539572649436,True,family,Mondrian-similarity,random_2,random,group_contribution
Polyurethanes,39,0.8205128205128205,-0.07948717948717954,192.56752512386115,True,family,Mondrian-similarity,random_2,random,group_contribution
Polyimines,6,0.8333333333333334,-0.06666666666666665,204.68293351107206,False,family,Mondrian-similarity,random_2,random,group_contribution
Polydienes,14,0.8571428571428571,-0.04285714285714293,288.0970367851469,True,family,Mondrian-similarity,random_2,random,group_contribution
Polystyrenes,50,0.86,-0.040000000000000036,196.48961602299732,True,family,Mondrian-similarity,random_2,random,group_contribution
Polyesters,164,0.9085365853658537,0.008536585365853666,180.5594371329718,True,family,Mondrian-similarity,random_2,random,group_contribution
Polyimides,334,0.9191616766467066,0.019161676646706538,171.95695886562007,True,family,Mondrian-similarity,random_2,random,group_contribution
Polyethers,138,0.927536231884058,0.02753623188405796,190.88331870640124,True,family,Mondrian-similarity,random_2,random,group_contribution
Polyvinyls,46,0.9347826086956522,0.034782608695652195,216.12769883090098,True,family,Mondrian-similarity,random_2,random,group_contribution
Polyanhydrides,17,0.9411764705882353,0.04117647058823526,201.76589843725932,True,family,Mondrian-similarity,random_2,random,group_contribution
Polyamides,195,0.9435897435897436,0.043589743589743546,178.68527829422,True,family,Mondrian-similarity,random_2,random,group_contribution
Polysulfones,42,0.9523809523809523,0.052380952380952306,179.76145862114276,True,family,Mondrian-similarity,random_2,random,group_contribution
Polycarbonates,41,0.975609756097561,0.07560975609756093,192.7791045386968,True,family,Mondrian-similarity,random_2,random,group_contribution
Polyhalo-olefins,10,1.0,0.09999999999999998,281.173816102422,True,family,Mondrian-similarity,random_2,random,group_contribution
Polysulfides,9,1.0,0.09999999999999998,260.69342185567416,False,family,Mondrian-similarity,random_2,random,group_contribution
1,84,0.7261904761904762,-0.17380952380952386,196.87922921623863,True,similarity,Mondrian-family,random_2,random,group_contribution
2,146,0.7876712328767124,-0.11232876712328765,191.3333273595897,True,similarity,Mondrian-family,random_2,random,group_contribution
0,37,0.8108108108108109,-0.08918918918918917,203.67117033614173,True,similarity,Mondrian-family,random_2,random,group_contribution
3,241,0.8506224066390041,-0.0493775933609959,186.85481879284578,True,similarity,Mondrian-family,random_2,random,group_contribution
4,265,0.8905660377358491,-0.009433962264150941,178.23603371246543,True,similarity,Mondrian-family,random_2,random,group_contribution
5,662,0.9335347432024169,0.033534743202416895,173.88150555575507,True,similarity,Mondrian-family,random_2,random,group_contribution
Other backbone,14,0.5714285714285714,-0.3285714285714286,187.79017653670104,True,family,Mondrian-family,random_2,random,group_contribution
Polyolefins,24,0.625,-0.275,187.7901765367011,True,family,Mondrian-family,random_2,random,group_contribution
Polyimines,6,0.6666666666666666,-0.2333333333333334,187.7901765367011,False,family,Mondrian-family,random_2,random,group_contribution
Polyureas,4,0.75,-0.15000000000000002,187.7901765367011,False,family,Mondrian-family,random_2,random,group_contribution
Polystyrenes,50,0.78,-0.12,169.63937326969724,True,family,Mondrian-family,random_2,random,group_contribution
Polydienes,14,0.7857142857142857,-0.11428571428571432,187.79017653670104,True,family,Mondrian-family,random_2,random,group_contribution
Polyacrylics,126,0.8015873015873016,-0.0984126984126984,213.70014156757318,True,family,Mondrian-family,random_2,random,group_contribution
Polyphosphazenes,27,0.8148148148148148,-0.08518518518518525,250.9503654320133,True,family,Mondrian-family,random_2,random,group_contribution
Polyanhydrides,17,0.8823529411764706,-0.01764705882352946,187.7901765367011,True,family,Mondrian-family,random_2,random,group_contribution
Polyesters,164,0.8841463414634146,-0.01585365853658538,153.08393400854357,True,family,Mondrian-family,random_2,random,group_contribution
Polyimides,334,0.8982035928143712,-0.00179640718562879,151.8212209055639,True,family,Mondrian-family,random_2,random,group_contribution
Polyethers,138,0.8985507246376812,-0.0014492753623188692,184.25681185287004,True,family,Mondrian-family,random_2,random,group_contribution
Polyphenylenes,99,0.898989898989899,-0.0010101010101010166,244.3205692006082,True,family,Mondrian-family,random_2,random,group_contribution
Polyhalo-olefins,10,0.9,0.0,187.79017653670107,True,family,Mondrian-family,random_2,random,group_contribution
Polyamides,195,0.9076923076923077,0.007692307692307665,149.8347516595968,True,family,Mondrian-family,random_2,random,group_contribution
Polysiloxanes,36,0.9166666666666666,0.016666666666666607,218.77558975855305,True,family,Mondrian-family,random_2,random,group_contribution
Polyvinyls,46,0.9347826086956522,0.034782608695652195,219.28580606928455,True,family,Mondrian-family,random_2,random,group_contribution
Polysulfones,42,0.9523809523809523,0.052380952380952306,159.18033962614277,True,family,Mondrian-family,random_2,random,group_contribution
Polyurethanes,39,0.9743589743589743,0.07435897435897432,302.56774078962513,True,family,Mondrian-family,random_2,random,group_contribution
Polycarbonates,41,0.975609756097561,0.07560975609756093,187.7901765367011,True,family,Mondrian-family,random_2,random,group_contribution
Polysulfides,9,1.0,0.09999999999999998,187.7901765367011,False,family,Mondrian-family,random_2,random,group_contribution
0,37,0.7837837837837838,-0.11621621621621625,236.1269484473776,True,similarity,Normalised SCP,random_2,random,group_contribution
1,84,0.8095238095238095,-0.09047619047619049,240.0461576697721,True,similarity,Normalised SCP,random_2,random,group_contribution
2,146,0.8493150684931506,-0.050684931506849384,226.02573908736085,True,similarity,Normalised SCP,random_2,random,group_contribution
3,241,0.8755186721991701,-0.0244813278008299,207.44526636353535,True,similarity,Normalised SCP,random_2,random,group_contribution
4,265,0.8905660377358491,-0.009433962264150941,178.51083137423484,True,similarity,Normalised SCP,random_2,random,group_contribution
5,662,0.9350453172205438,0.035045317220543826,165.3539324125147,True,similarity,Normalised SCP,random_2,random,group_contribution
Polyimines,6,0.5,-0.4,140.64399368287414,False,family,Normalised SCP,random_2,random,group_contribution
Polyolefins,24,0.75,-0.15000000000000002,266.4416953935856,True,family,Normalised SCP,random_2,random,group_contribution
Polyanhydrides,17,0.7647058823529411,-0.1352941176470589,165.5882134256899,True,family,Normalised SCP,random_2,random,group_contribution
Polydienes,14,0.7857142857142857,-0.11428571428571432,302.9325837831606,True,family,Normalised SCP,random_2,random,group_contribution
Polyphenylenes,99,0.8181818181818182,-0.08181818181818179,213.2883002058411,True,family,Normalised SCP,random_2,random,group_contribution
Polysulfones,42,0.8333333333333334,-0.06666666666666665,142.3437637878603,True,family,Normalised SCP,random_2,random,group_contribution
Polyethers,138,0.8478260869565217,-0.05217391304347829,158.99178743770022,True,family,Normalised SCP,random_2,random,group_contribution
Other backbone,14,0.8571428571428571,-0.04285714285714293,300.03088303636645,True,family,Normalised SCP,random_2,random,group_contribution
Polysiloxanes,36,0.8611111111111112,-0.03888888888888886,220.5048910583324,True,family,Normalised SCP,random_2,random,group_contribution
Polyacrylics,126,0.8650793650793651,-0.03492063492063491,254.60910370713992,True,family,Normalised SCP,random_2,random,group_contribution
Polyurethanes,39,0.8717948717948718,-0.028205128205128216,182.95339067209736,True,family,Normalised SCP,random_2,random,group_contribution
Polyvinyls,46,0.8913043478260869,-0.008695652173913104,218.91056214455563,True,family,Normalised SCP,random_2,random,group_contribution
Polystyrenes,50,0.92,0.020000000000000018,214.760009577908,True,family,Normalised SCP,random_2,random,group_contribution
Polyesters,164,0.9207317073170732,0.02073170731707319,163.9570118165972,True,family,Normalised SCP,random_2,random,group_contribution
Polycarbonates,41,0.926829268292683,0.02682926829268295,178.89849108040795,True,family,Normalised SCP,random_2,random,group_contribution
Polyamides,195,0.9333333333333333,0.033333333333333326,158.90614546148439,True,family,Normalised SCP,random_2,random,group_contribution
Polyimides,334,0.9431137724550899,0.04311377245508985,156.1928507982603,True,family,Normalised SCP,random_2,random,group_contribution
Polyphosphazenes,27,1.0,0.09999999999999998,361.0204307938987,True,family,Normalised SCP,random_2,random,group_contribution
Polyhalo-olefins,10,1.0,0.09999999999999998,258.59543074852957,True,family,Normalised SCP,random_2,random,group_contribution
Polysulfides,9,1.0,0.09999999999999998,286.20409299510123,False,family,Normalised SCP,random_2,random,group_contribution
Polyureas,4,1.0,0.09999999999999998,221.0706571632891,False,family,Normalised SCP,random_2,random,group_contribution
0,45,0.7777777777777778,-0.12222222222222223,190.55385920588228,True,similarity,SCP,random_3,random,group_contribution
1,79,0.8227848101265823,-0.07721518987341769,190.55385920588228,True,similarity,SCP,random_3,random,group_contribution
2,139,0.8633093525179856,-0.03669064748201445,190.5538592058823,True,similarity,SCP,random_3,random,group_contribution
3,217,0.880184331797235,-0.019815668202765035,190.55385920588236,True,similarity,SCP,random_3,random,group_contribution
4,301,0.9302325581395349,0.03023255813953485,190.55385920588233,True,similarity,SCP,random_3,random,group_contribution
5,654,0.944954128440367,0.04495412844036695,190.55385920588236,True,similarity,SCP,random_3,random,group_contribution
Polyphosphazenes,29,0.7241379310344828,-0.17586206896551726,190.55385920588225,True,family,SCP,random_3,random,group_contribution
Other backbone,13,0.7692307692307693,-0.13076923076923075,190.55385920588236,True,family,SCP,random_3,random,group_contribution
Polyhalo-olefins,13,0.7692307692307693,-0.13076923076923075,190.55385920588236,True,family,SCP,random_3,random,group_contribution
Polystyrenes,50,0.8,-0.09999999999999998,190.5538592058823,True,family,SCP,random_3,random,group_contribution
Polyolefins,17,0.8235294117647058,-0.07647058823529418,190.5538592058823,True,family,SCP,random_3,random,group_contribution
Polyphenylenes,83,0.8313253012048193,-0.06867469879518073,190.5538592058823,True,family,SCP,random_3,random,group_contribution
Polyureas,6,0.8333333333333334,-0.06666666666666665,190.5538592058823,False,family,SCP,random_3,random,group_contribution
Polyimines,7,0.8571428571428571,-0.04285714285714293,190.55385920588228,False,family,SCP,random_3,random,group_contribution
Polyvinyls,48,0.875,-0.025000000000000022,190.5538592058823,True,family,SCP,random_3,random,group_contribution
Polyacrylics,129,0.8837209302325582,-0.016279069767441867,190.55385920588228,True,family,SCP,random_3,random,group_contribution
Polydienes,19,0.8947368421052632,-0.0052631578947368585,190.55385920588233,True,family,SCP,random_3,random,group_contribution
Polyethers,153,0.9084967320261438,0.00849673202614376,190.55385920588233,True,family,SCP,random_3,random,group_contribution
Polysiloxanes,41,0.926829268292683,0.02682926829268295,190.5538592058823,True,family,SCP,random_3,random,group_contribution
Polyamides,211,0.9289099526066351,0.028909952606635092,190.5538592058824,True,family,SCP,random_3,random,group_contribution
Polyimides,330,0.9393939393939394,0.039393939393939426,190.55385920588236,True,family,SCP,random_3,random,group_contribution
Polysulfones,51,0.9607843137254902,0.0607843137254902,190.55385920588228,True,family,SCP,random_3,random,group_contribution
Polyurethanes,34,0.9705882352941176,0.07058823529411762,190.55385920588228,True,family,SCP,random_3,random,group_contribution
Polycarbonates,35,0.9714285714285714,0.0714285714285714,190.55385920588228,True,family,SCP,random_3,random,group_contribution
Polyesters,153,0.9738562091503268,0.07385620915032676,190.55385920588233,True,family,SCP,random_3,random,group_contribution
Polyanhydrides,4,1.0,0.09999999999999998,190.5538592058823,False,family,SCP,random_3,random,group_contribution
Polysulfides,9,1.0,0.09999999999999998,190.5538592058823,False,family,SCP,random_3,random,group_contribution
0,45,0.8444444444444444,-0.05555555555555558,292.14843986468753,True,similarity,Mondrian-similarity,random_3,random,group_contribution
5,654,0.8883792048929664,-0.011620795107033621,154.9886185757451,True,similarity,Mondrian-similarity,random_3,random,group_contribution
3,217,0.8894009216589862,-0.010599078341013812,203.71970219904182,True,similarity,Mondrian-similarity,random_3,random,group_contribution
1,79,0.9113924050632911,0.011392405063291089,297.34313237744124,True,similarity,Mondrian-similarity,random_3,random,group_contribution
4,301,0.9136212624584718,0.013621262458471728,170.97382161249857,True,similarity,Mondrian-similarity,random_3,random,group_contribution
2,139,0.9568345323741008,0.056834532374100744,265.27850304165986,True,similarity,Mondrian-similarity,random_3,random,group_contribution
Polyureas,6,0.5,-0.4,178.69866699898208,False,family,Mondrian-similarity,random_3,random,group_contribution
Polyphosphazenes,29,0.7931034482758621,-0.10689655172413792,194.72679835870724,True,family,Mondrian-similarity,random_3,random,group_contribution
Polystyrenes,50,0.82,-0.08000000000000007,203.13221903741345,True,family,Mondrian-similarity,random_3,random,group_contribution
Polyurethanes,34,0.8235294117647058,-0.07647058823529418,173.25402901282422,True,family,Mondrian-similarity,random_3,random,group_contribution
Polyolefins,17,0.8235294117647058,-0.07647058823529418,227.70650412856205,True,family,Mondrian-similarity,random_3,random,group_contribution
Polyphenylenes,83,0.8433734939759037,-0.05662650602409636,207.77972172903804,True,family,Mondrian-similarity,random_3,random,group_contribution
Other backbone,13,0.8461538461538461,-0.05384615384615388,239.77045061832362,True,family,Mondrian-similarity,random_3,random,group_contribution
Polyhalo-olefins,13,0.8461538461538461,-0.05384615384615388,268.99431087154,True,family,Mondrian-similarity,random_3,random,group_contribution
Polyimines,7,0.8571428571428571,-0.04285714285714293,189.13736236649558,False,family,Mondrian-similarity,random_3,random,group_contribution
Polyacrylics,129,0.8682170542635659,-0.03178294573643414,192.20258722177462,True,family,Mondrian-similarity,random_3,random,group_contribution
Polyethers,153,0.8954248366013072,-0.004575163398692794,189.99613736940512,True,family,Mondrian-similarity,random_3,random,group_contribution
Polyvinyls,48,0.8958333333333334,-0.004166666666666652,218.68819552864667,True,family,Mondrian-similarity,random_3,random,group_contribution
Polyimides,330,0.9151515151515152,0.015151515151515138,175.02885622669692,True,family,Mondrian-similarity,random_3,random,group_contribution
Polyamides,211,0.919431279620853,0.019431279620853004,170.76846046328475,True,family,Mondrian-similarity,random_3,random,group_contribution
Polysiloxanes,41,0.926829268292683,0.02682926829268295,196.00327493656656,True,family,Mondrian-similarity,random_3,random,group_contribution
Polycarbonates,35,0.9428571428571428,0.042857142857142816,187.4785531857374,True,family,Mondrian-similarity,random_3,random,group_contribution
Polydienes,19,0.9473684210526315,0.047368421052631504,253.91721698330218,True,family,Mondrian-similarity,random_3,random,group_contribution
Polyesters,153,0.9477124183006536,0.047712418300653536,184.6498531012562,True,family,Mondrian-similarity,random_3,random,group_contribution
Polysulfones,51,0.9803921568627451,0.08039215686274503,196.9915042973404,True,family,Mondrian-similarity,random_3,random,group_contribution
Polyanhydrides,4,1.0,0.09999999999999998,179.35416038739345,False,family,Mondrian-similarity,random_3,random,group_contribution
Polysulfides,9,1.0,0.09999999999999998,236.9153216026132,False,family,Mondrian-similarity,random_3,random,group_contribution
0,45,0.7333333333333333,-0.16666666666666674,181.69653973773939,True,similarity,Mondrian-family,random_3,random,group_contribution
1,79,0.7974683544303798,-0.10253164556962024,199.71289436176278,True,similarity,Mondrian-family,random_3,random,group_contribution
2,139,0.8633093525179856,-0.03669064748201445,187.20169783188936,True,similarity,Mondrian-family,random_3,random,group_contribution
3,217,0.8709677419354839,-0.029032258064516148,186.5783024687801,True,similarity,Mondrian-family,random_3,random,group_contribution
5,654,0.908256880733945,0.008256880733944927,170.7640833856272,True,similarity,Mondrian-family,random_3,random,group_contribution
4,301,0.9269102990033222,0.026910299003322202,172.82372531802864,True,similarity,Mondrian-family,random_3,random,group_contribution
Other backbone,13,0.7692307692307693,-0.13076923076923075,190.55385920588236,True,family,Mondrian-family,random_3,random,group_contribution
Polyhalo-olefins,13,0.7692307692307693,-0.13076923076923075,190.55385920588236,True,family,Mondrian-family,random_3,random,group_contribution
Polystyrenes,50,0.82,-0.08000000000000007,200.71786295655545,True,family,Mondrian-family,random_3,random,group_contribution
Polyolefins,17,0.8235294117647058,-0.07647058823529418,190.5538592058823,True,family,Mondrian-family,random_3,random,group_contribution
Polyureas,6,0.8333333333333334,-0.06666666666666665,190.5538592058823,False,family,Mondrian-family,random_3,random,group_contribution
Polyethers,153,0.8431372549019608,-0.056862745098039236,150.03350564069817,True,family,Mondrian-family,random_3,random,group_contribution
Polyimines,7,0.8571428571428571,-0.04285714285714293,190.55385920588228,False,family,Mondrian-family,random_3,random,group_contribution
Polyimides,330,0.8636363636363636,-0.036363636363636376,151.40688591816024,True,family,Mondrian-family,random_3,random,group_contribution
Polyphenylenes,83,0.8674698795180723,-0.032530120481927716,222.3396105188444,True,family,Mondrian-family,random_3,random,group_contribution
Polysulfones,51,0.8823529411764706,-0.01764705882352946,131.8404850152642,True,family,Mondrian-family,random_3,random,group_contribution
Polyamides,211,0.8909952606635071,-0.009004739336492928,148.02428742133412,True,family,Mondrian-family,random_3,random,group_contribution
Polydienes,19,0.8947368421052632,-0.0052631578947368585,190.55385920588233,True,family,Mondrian-family,random_3,random,group_contribution
Polyesters,153,0.9084967320261438,0.00849673202614376,144.12312437866368,True,family,Mondrian-family,random_3,random,group_contribution
Polysiloxanes,41,0.926829268292683,0.02682926829268295,191.82007329497662,True,family,Mondrian-family,random_3,random,group_contribution
Polycarbonates,35,0.9428571428571428,0.042857142857142816,170.9738216124986,True,family,Mondrian-family,random_3,random,group_contribution
Polyvinyls,48,0.9583333333333334,0.05833333333333335,260.7143662706062,True,family,Mondrian-family,random_3,random,group_contribution
Polyacrylics,129,0.9612403100775194,0.0612403100775194,254.81677731865457,True,family,Mondrian-family,random_3,random,group_contribution
Polyanhydrides,4,1.0,0.09999999999999998,190.5538592058823,False,family,Mondrian-family,random_3,random,group_contribution
Polyphosphazenes,29,1.0,0.09999999999999998,303.70916004855883,True,family,Mondrian-family,random_3,random,group_contribution
Polyurethanes,34,1.0,0.09999999999999998,233.34910633477284,True,family,Mondrian-family,random_3,random,group_contribution
Polysulfides,9,1.0,0.09999999999999998,190.5538592058823,False,family,Mondrian-family,random_3,random,group_contribution
0,45,0.8444444444444444,-0.05555555555555558,244.67126001402568,True,similarity,Normalised SCP,random_3,random,group_contribution
2,139,0.8920863309352518,-0.007913669064748219,201.81915782927774,True,similarity,Normalised SCP,random_3,random,group_contribution
1,79,0.9113924050632911,0.011392405063291089,250.0506777019417,True,similarity,Normalised SCP,random_3,random,group_contribution
4,301,0.9136212624584718,0.013621262458471728,168.204220027869,True,similarity,Normalised SCP,random_3,random,group_contribution
3,217,0.9170506912442397,0.017050691244239635,200.0835364534885,True,similarity,Normalised SCP,random_3,random,group_contribution
5,654,0.9235474006116208,0.02354740061162075,162.89313478188228,True,similarity,Normalised SCP,random_3,random,group_contribution
Polyureas,6,0.5,-0.4,174.98219877971576,False,family,Normalised SCP,random_3,random,group_contribution
Polystyrenes,50,0.84,-0.06000000000000005,214.83641975921105,True,family,Normalised SCP,random_3,random,group_contribution
Polyhalo-olefins,13,0.8461538461538461,-0.05384615384615388,237.3429618608005,True,family,Normalised SCP,random_3,random,group_contribution
Polyethers,153,0.8562091503267973,-0.04379084967320268,162.64859346828175,True,family,Normalised SCP,random_3,random,group_contribution
Polyimines,7,0.8571428571428571,-0.04285714285714293,157.73078846203074,False,family,Normalised SCP,random_3,random,group_contribution
Polyphosphazenes,29,0.8620689655172413,-0.037931034482758696,236.436428592976,True,family,Normalised SCP,random_3,random,group_contribution
Polyolefins,17,0.8823529411764706,-0.01764705882352946,311.6063330496065,True,family,Normalised SCP,random_3,random,group_contribution
Polysulfides,9,0.8888888888888888,-0.011111111111111183,180.7177511312041,False,family,Normalised SCP,random_3,random,group_contribution
Polyimides,330,0.896969696969697,-0.00303030303030305,156.28907772230687,True,family,Normalised SCP,random_3,random,group_contribution
Polyphenylenes,83,0.9036144578313253,0.0036144578313253017,221.6320169251678,True,family,Normalised SCP,random_3,random,group_contribution
Polycarbonates,35,0.9142857142857143,0.014285714285714235,151.2757585251566,True,family,Normalised SCP,random_3,random,group_contribution
Other backbone,13,0.9230769230769231,0.023076923076923106,315.42749649739085,True,family,Normalised SCP,random_3,random,group_contribution
Polysiloxanes,41,0.926829268292683,0.02682926829268295,214.93076208410127,True,family,Normalised SCP,random_3,random,group_contribution
Polyamides,211,0.933649289099526,0.033649289099526025,166.02913231221356,True,family,Normalised SCP,random_3,random,group_contribution
Polysulfones,51,0.9411764705882353,0.04117647058823526,138.42764516113175,True,family,Normalised SCP,random_3,random,group_contribution
Polyacrylics,129,0.9457364341085271,0.045736434108527124,209.08068019729635,True,family,Normalised SCP,random_3,random,group_contribution
Polyesters,153,0.9607843137254902,0.0607843137254902,152.1316923731523,True,family,Normalised SCP,random_3,random,group_contribution
Polyurethanes,34,0.9705882352941176,0.07058823529411762,180.61977819908478,True,family,Normalised SCP,random_3,random,group_contribution
Polyanhydrides,4,1.0,0.09999999999999998,186.3859695057609,False,family,Normalised SCP,random_3,random,group_contribution
Polydienes,19,1.0,0.09999999999999998,282.8101695082552,True,family,Normalised SCP,random_3,random,group_contribution
Polyvinyls,48,1.0,0.09999999999999998,249.41849477161864,True,family,Normalised SCP,random_3,random,group_contribution
0,65,0.6461538461538462,-0.25384615384615383,179.03642034595168,True,similarity,SCP,random_4,random,group_contribution
1,86,0.7441860465116279,-0.15581395348837213,179.0364203459517,True,similarity,SCP,random_4,random,group_contribution
2,164,0.8048780487804879,-0.09512195121951217,179.03642034595168,True,similarity,SCP,random_4,random,group_contribution
3,206,0.8786407766990292,-0.021359223300970842,179.03642034595163,True,similarity,SCP,random_4,random,group_contribution
4,296,0.902027027027027,0.002027027027026951,179.03642034595168,True,similarity,SCP,random_4,random,group_contribution
5,618,0.9368932038834952,0.03689320388349515,179.03642034595168,True,similarity,SCP,random_4,random,group_contribution
Polydienes,18,0.5,-0.4,179.03642034595168,True,family,SCP,random_4,random,group_contribution
Other backbone,9,0.5555555555555556,-0.34444444444444444,179.03642034595168,False,family,SCP,random_4,random,group_contribution
Polyphosphazenes,33,0.5757575757575758,-0.3242424242424242,179.03642034595168,True,family,SCP,random_4,random,group_contribution
Polyhalo-olefins,11,0.6363636363636364,-0.26363636363636367,179.03642034595168,True,family,SCP,random_4,random,group_contribution
Polyolefins,26,0.6923076923076923,-0.20769230769230773,179.0364203459517,True,family,SCP,random_4,random,group_contribution
Polyacrylics,123,0.7886178861788617,-0.11138211382113827,179.03642034595165,True,family,SCP,random_4,random,group_contribution
Polyurethanes,45,0.8444444444444444,-0.05555555555555558,179.03642034595174,True,family,SCP,random_4,random,group_contribution
Polyvinyls,48,0.8541666666666666,-0.04583333333333339,179.03642034595168,True,family,SCP,random_4,random,group_contribution
Polyureas,7,0.8571428571428571,-0.04285714285714293,179.03642034595168,False,family,SCP,random_4,random,group_contribution
Polyphenylenes,85,0.8588235294117647,-0.04117647058823537,179.0364203459517,True,family,SCP,random_4,random,group_contribution
Polyethers,132,0.8939393939393939,-0.0060606060606061,179.03642034595168,True,family,SCP,random_4,random,group_contribution
Polystyrenes,52,0.9038461538461539,0.0038461538461538325,179.0364203459517,True,family,SCP,random_4,random,group_contribution
Polyesters,151,0.9205298013245033,0.020529801324503327,179.03642034595168,True,family,SCP,random_4,random,group_contribution
Polysulfides,13,0.9230769230769231,0.023076923076923106,179.03642034595168,True,family,SCP,random_4,random,group_contribution
Polyimines,13,0.9230769230769231,0.023076923076923106,179.03642034595168,True,family,SCP,random_4,random,group_contribution
Polyamides,208,0.9278846153846154,0.027884615384615397,179.03642034595168,True,family,SCP,random_4,random,group_contribution
Polyimides,334,0.9281437125748503,0.028143712574850266,179.03642034595168,True,family,SCP,random_4,random,group_contribution
Polysiloxanes,31,0.9354838709677419,0.03548387096774186,179.0364203459518,True,family,SCP,random_4,random,group_contribution
Polysulfones,49,0.9387755102040817,0.038775510204081653,179.03642034595168,True,family,SCP,random_4,random,group_contribution
Polycarbonates,36,0.9722222222222222,0.07222222222222219,179.03642034595174,True,family,SCP,random_4,random,group_contribution
Polyanhydrides,11,1.0,0.09999999999999998,179.03642034595168,True,family,SCP,random_4,random,group_contribution
1,86,0.8255813953488372,-0.07441860465116279,243.73015431590593,True,similarity,Mondrian-similarity,random_4,random,group_contribution
5,618,0.8867313915857605,-0.013268608414239491,146.36913477251252,True,similarity,Mondrian-similarity,random_4,random,group_contribution
4,296,0.8918918918918919,-0.008108108108108136,172.82442500703587,True,similarity,Mondrian-similarity,random_4,random,group_contribution
0,65,0.8923076923076924,-0.007692307692307665,306.04070773940884,True,similarity,Mondrian-similarity,random_4,random,group_contribution
3,206,0.912621359223301,0.012621359223300987,194.77860370792516,True,similarity,Mondrian-similarity,random_4,random,group_contribution
2,164,0.9146341463414634,0.014634146341463428,253.61700462172143,True,similarity,Mondrian-similarity,random_4,random,group_contribution
Polyphosphazenes,33,0.5757575757575758,-0.3242424242424242,206.11181049512788,True,family,Mondrian-similarity,random_4,random,group_contribution
Polydienes,18,0.7222222222222222,-0.1777777777777778,249.69829757401754,True,family,Mondrian-similarity,random_4,random,group_contribution
Other backbone,9,0.7777777777777778,-0.12222222222222223,237.6922136703032,False,family,Mondrian-similarity,random_4,random,group_contribution
Polyhalo-olefins,11,0.8181818181818182,-0.08181818181818179,259.60151482494115,True,family,Mondrian-similarity,random_4,random,group_contribution
Polyurethanes,45,0.8222222222222222,-0.07777777777777783,184.72471150714637,True,family,Mondrian-similarity,random_4,random,group_contribution
Polyacrylics,123,0.8536585365853658,-0.04634146341463419,188.80590258120426,True,family,Mondrian-similarity,random_4,random,group_contribution
Polyureas,7,0.8571428571428571,-0.04285714285714293,195.19544934194695,False,family,Mondrian-similarity,random_4,random,group_contribution
Polyphenylenes,85,0.8588235294117647,-0.04117647058823537,197.8286370915514,True,family,Mondrian-similarity,random_4,random,group_contribution
Polyvinyls,48,0.8958333333333334,-0.004166666666666652,205.76278178603957,True,family,Mondrian-similarity,random_4,random,group_contribution
Polyimides,334,0.9041916167664671,0.004191616766467066,166.90710945270044,True,family,Mondrian-similarity,random_4,random,group_contribution
Polyesters,151,0.9072847682119205,0.007284768211920478,174.62336969885473,True,family,Mondrian-similarity,random_4,random,group_contribution
Polyanhydrides,11,0.9090909090909091,0.009090909090909038,205.2028674189248,True,family,Mondrian-similarity,random_4,random,group_contribution
Polyethers,132,0.9090909090909091,0.009090909090909038,185.80286048733004,True,family,Mondrian-similarity,random_4,random,group_contribution
Polyamides,208,0.9182692307692307,0.018269230769230704,169.93511226853505,True,family,Mondrian-similarity,random_4,random,group_contribution
Polystyrenes,52,0.9230769230769231,0.023076923076923106,206.4204930612487,True,family,Mondrian-similarity,random_4,random,group_contribution
Polyolefins,26,0.9230769230769231,0.023076923076923106,249.99797115544047,True,family,Mondrian-similarity,random_4,random,group_contribution
Polysulfides,13,0.9230769230769231,0.023076923076923106,226.4387164119101,True,family,Mondrian-similarity,random_4,random,group_contribution
Polysiloxanes,31,0.9354838709677419,0.03548387096774186,174.64015034169458,True,family,Mondrian-similarity,random_4,random,group_contribution
Polysulfones,49,0.9387755102040817,0.038775510204081653,186.02237077840851,True,family,Mondrian-similarity,random_4,random,group_contribution
Polycarbonates,36,0.9722222222222222,0.07222222222222219,186.9390657849638,True,family,Mondrian-similarity,random_4,random,group_contribution
Polyimines,13,1.0,0.09999999999999998,201.29512926396487,True,family,Mondrian-similarity,random_4,random,group_contribution
0,65,0.676923076923077,-0.22307692307692306,188.19193851559257,True,similarity,Mondrian-family,random_4,random,group_contribution
1,86,0.7325581395348837,-0.16744186046511633,188.92254332003995,True,similarity,Mondrian-family,random_4,random,group_contribution
2,164,0.7987804878048781,-0.10121951219512193,186.39739936232036,True,similarity,Mondrian-family,random_4,random,group_contribution
4,296,0.875,-0.025000000000000022,176.68626743711107,True,similarity,Mondrian-family,random_4,random,group_contribution
3,206,0.9029126213592233,0.002912621359223322,188.22199579292658,True,similarity,Mondrian-family,random_4,random,group_contribution
5,618,0.9223300970873787,0.022330097087378653,169.82446263810402,True,similarity,Mondrian-family,random_4,random,group_contribution
Polydienes,18,0.5,-0.4,179.03642034595168,True,family,Mondrian-family,random_4,random,group_contribution
Other backbone,9,0.5555555555555556,-0.34444444444444444,179.03642034595168,False,family,Mondrian-family,random_4,random,group_contribution
Polyphosphazenes,33,0.5757575757575758,-0.3242424242424242,179.03642034595168,True,family,Mondrian-family,random_4,random,group_contribution
Polyhalo-olefins,11,0.6363636363636364,-0.26363636363636367,179.03642034595168,True,family,Mondrian-family,random_4,random,group_contribution
Polyolefins,26,0.6923076923076923,-0.20769230769230773,179.0364203459517,True,family,Mondrian-family,random_4,random,group_contribution
Polysulfones,49,0.8571428571428571,-0.04285714285714293,141.54741950095877,True,family,Mondrian-family,random_4,random,group_contribution
Polyureas,7,0.8571428571428571,-0.04285714285714293,179.03642034595168,False,family,Mondrian-family,random_4,random,group_contribution
Polyamides,208,0.8605769230769231,-0.039423076923076894,140.39959177969126,True,family,Mondrian-family,random_4,random,group_contribution
Polyurethanes,45,0.8666666666666667,-0.033333333333333326,277.38149086425585,True,family,Mondrian-family,random_4,random,group_contribution
Polyacrylics,123,0.8780487804878049,-0.02195121951219514,203.34547862165385,True,family,Mondrian-family,random_4,random,group_contribution
Polyesters,151,0.8874172185430463,-0.012582781456953684,150.02334600184292,True,family,Mondrian-family,random_4,random,group_contribution
Polyphenylenes,85,0.8941176470588236,-0.00588235294117645,206.98968074944747,True,family,Mondrian-family,random_4,random,group_contribution
Polyimides,334,0.8952095808383234,-0.004790419161676662,161.395935431909,True,family,Mondrian-family,random_4,random,group_contribution
Polyethers,132,0.9090909090909091,0.009090909090909038,194.7786037079252,True,family,Mondrian-family,random_4,random,group_contribution
Polycarbonates,36,0.9166666666666666,0.016666666666666607,161.26003170727785,True,family,Mondrian-family,random_4,random,group_contribution
Polyimines,13,0.9230769230769231,0.023076923076923106,179.03642034595168,True,family,Mondrian-family,random_4,random,group_contribution
Polysulfides,13,0.9230769230769231,0.023076923076923106,179.03642034595168,True,family,Mondrian-family,random_4,random,group_contribution
Polysiloxanes,31,0.9354838709677419,0.03548387096774186,187.3691675053494,True,family,Mondrian-family,random_4,random,group_contribution
Polystyrenes,52,0.9423076923076923,0.04230769230769227,195.51667053218827,True,family,Mondrian-family,random_4,random,group_contribution
Polyvinyls,48,0.9583333333333334,0.05833333333333335,303.1520650039574,True,family,Mondrian-family,random_4,random,group_contribution
Polyanhydrides,11,1.0,0.09999999999999998,179.03642034595168,True,family,Mondrian-family,random_4,random,group_contribution
1,86,0.813953488372093,-0.086046511627907,255.86834165747698,True,similarity,Normalised SCP,random_4,random,group_contribution
2,164,0.8170731707317073,-0.08292682926829276,201.90421650552614,True,similarity,Normalised SCP,random_4,random,group_contribution
4,296,0.875,-0.025000000000000022,165.32510238267946,True,similarity,Normalised SCP,random_4,random,group_contribution
0,65,0.8923076923076924,-0.007692307692307665,277.0319073252451,True,similarity,Normalised SCP,random_4,random,group_contribution
3,206,0.9174757281553398,0.01747572815533982,197.52209580788025,True,similarity,Normalised SCP,random_4,random,group_contribution
5,618,0.9223300970873787,0.022330097087378653,163.06343588894626,True,similarity,Normalised SCP,random_4,random,group_contribution
Polydienes,18,0.7222222222222222,-0.1777777777777778,251.00039054511248,True,family,Normalised SCP,random_4,random,group_contribution
Polyurethanes,45,0.7333333333333333,-0.16666666666666674,186.56878500962597,True,family,Normalised SCP,random_4,random,group_contribution
Polyphosphazenes,33,0.7575757575757576,-0.14242424242424245,256.9640301902718,True,family,Normalised SCP,random_4,random,group_contribution
Polyanhydrides,11,0.8181818181818182,-0.08181818181818179,202.63041241300397,True,family,Normalised SCP,random_4,random,group_contribution
Polyolefins,26,0.8461538461538461,-0.05384615384615388,290.7626388154507,True,family,Normalised SCP,random_4,random,group_contribution
Polysulfides,13,0.8461538461538461,-0.05384615384615388,178.4784564516096,True,family,Normalised SCP,random_4,random,group_contribution
Polyacrylics,123,0.8699186991869918,-0.030081300813008194,220.27625278960173,True,family,Normalised SCP,random_4,random,group_contribution
Other backbone,9,0.8888888888888888,-0.011111111111111183,298.43242358864745,False,family,Normalised SCP,random_4,random,group_contribution
Polyethers,132,0.8939393939393939,-0.0060606060606061,183.9679682492283,True,family,Normalised SCP,random_4,random,group_contribution
Polyphenylenes,85,0.8941176470588236,-0.00588235294117645,204.8929960642525,True,family,Normalised SCP,random_4,random,group_contribution
Polyamides,208,0.8942307692307693,-0.005769230769230749,156.5076492441994,True,family,Normalised SCP,random_4,random,group_contribution
Polyimides,334,0.9011976047904192,0.0011976047904191933,150.42875063909906,True,family,Normalised SCP,random_4,random,group_contribution
Polysiloxanes,31,0.9032258064516129,0.003225806451612856,218.7143613404574,True,family,Normalised SCP,random_4,random,group_contribution
Polyesters,151,0.9139072847682119,0.013907284768211903,157.6120275399482,True,family,Normalised SCP,random_4,random,group_contribution
Polyvinyls,48,0.9375,0.03749999999999998,242.60349547755655,True,family,Normalised SCP,random_4,random,group_contribution
Polysulfones,49,0.9387755102040817,0.038775510204081653,183.19396322911527,True,family,Normalised SCP,random_4,random,group_contribution
Polystyrenes,52,0.9423076923076923,0.04230769230769227,196.62279593471567,True,family,Normalised SCP,random_4,random,group_contribution
Polycarbonates,36,0.9444444444444444,0.0444444444444444,171.4818561076643,True,family,Normalised SCP,random_4,random,group_contribution
Polyhalo-olefins,11,1.0,0.09999999999999998,402.628796835058,True,family,Normalised SCP,random_4,random,group_contribution
Polyimines,13,1.0,0.09999999999999998,165.98504020939782,True,family,Normalised SCP,random_4,random,group_contribution
Polyureas,7,1.0,0.09999999999999998,222.685840265706,False,family,Normalised SCP,random_4,random,group_contribution
0,53,0.6981132075471698,-0.20188679245283025,186.29486556250762,True,similarity,SCP,random_5,random,group_contribution
1,78,0.782051282051282,-0.11794871794871797,186.29486556250768,True,similarity,SCP,random_5,random,group_contribution
2,153,0.803921568627451,-0.09607843137254901,186.29486556250768,True,similarity,SCP,random_5,random,group_contribution
3,222,0.8693693693693694,-0.03063063063063065,186.2948655625077,True,similarity,SCP,random_5,random,group_contribution
5,630,0.9317460317460318,0.031746031746031744,186.29486556250768,True,similarity,SCP,random_5,random,group_contribution
4,299,0.9364548494983278,0.03645484949832778,186.29486556250768,True,similarity,SCP,random_5,random,group_contribution
Polyureas,13,0.5384615384615384,-0.3615384615384616,186.2948655625077,True,family,SCP,random_5,random,group_contribution
Other backbone,11,0.7272727272727273,-0.17272727272727273,186.29486556250768,True,family,SCP,random_5,random,group_contribution
Polyurethanes,43,0.7441860465116279,-0.15581395348837213,186.29486556250765,True,family,SCP,random_5,random,group_contribution
Polydienes,13,0.7692307692307693,-0.13076923076923075,186.2948655625077,True,family,SCP,random_5,random,group_contribution
Polyphosphazenes,18,0.7777777777777778,-0.12222222222222223,186.29486556250765,True,family,SCP,random_5,random,group_contribution
Polyphenylenes,100,0.78,-0.12,186.29486556250768,True,family,SCP,random_5,random,group_contribution
Polyolefins,19,0.7894736842105263,-0.1105263157894737,186.29486556250768,True,family,SCP,random_5,random,group_contribution
Polyanhydrides,11,0.8181818181818182,-0.08181818181818179,186.29486556250768,True,family,SCP,random_5,random,group_contribution
Polystyrenes,54,0.8333333333333334,-0.06666666666666665,186.29486556250765,True,family,SCP,random_5,random,group_contribution
Polyimines,12,0.8333333333333334,-0.06666666666666665,186.29486556250768,True,family,SCP,random_5,random,group_contribution
Polyvinyls,33,0.8484848484848485,-0.051515151515151514,186.29486556250765,True,family,SCP,random_5,random,group_contribution
Polyacrylics,137,0.8540145985401459,-0.04598540145985408,186.29486556250765,True,family,SCP,random_5,random,group_contribution
Polyethers,146,0.8972602739726028,-0.002739726027397249,186.29486556250765,True,family,SCP,random_5,random,group_contribution
Polyhalo-olefins,10,0.9,0.0,186.29486556250768,True,family,SCP,random_5,random,group_contribution
Polysulfides,11,0.9090909090909091,0.009090909090909038,186.29486556250768,True,family,SCP,random_5,random,group_contribution
Polyesters,148,0.9324324324324325,0.032432432432432434,186.29486556250768,True,family,SCP,random_5,random,group_contribution
Polyimides,330,0.9333333333333333,0.033333333333333326,186.29486556250768,True,family,SCP,random_5,random,group_contribution
Polycarbonates,40,0.95,0.04999999999999993,186.29486556250765,True,family,SCP,random_5,random,group_contribution
Polysiloxanes,41,0.9512195121951219,0.051219512195121886,186.29486556250765,True,family,SCP,random_5,random,group_contribution
Polyamides,195,0.9538461538461539,0.05384615384615388,186.29486556250768,True,family,SCP,random_5,random,group_contribution
Polysulfones,50,0.98,0.07999999999999996,186.29486556250765,True,family,SCP,random_5,random,group_contribution
1,78,0.8589743589743589,-0.0410256410256411,260.7836916391897,True,similarity,Mondrian-similarity,random_5,random,group_contribution
2,153,0.8758169934640523,-0.024183006535947738,246.31736953711106,True,similarity,Mondrian-similarity,random_5,random,group_contribution
5,630,0.8920634920634921,-0.007936507936507908,156.31523244118648,True,similarity,Mondrian-similarity,random_5,random,group_contribution
0,53,0.9056603773584906,0.005660377358490565,332.36031935797786,True,similarity,Mondrian-similarity,random_5,random,group_contribution
3,222,0.9099099099099099,0.00990990990990992,201.60816704017458,True,similarity,Mondrian-similarity,random_5,random,group_contribution
4,299,0.9130434782608695,0.01304347826086949,154.51959869940455,True,similarity,Mondrian-similarity,random_5,random,group_contribution
Polyureas,13,0.6923076923076923,-0.20769230769230773,180.1546512612954,True,family,Mondrian-similarity,random_5,random,group_contribution
Polyolefins,19,0.7368421052631579,-0.16315789473684217,195.76202379055374,True,family,Mondrian-similarity,random_5,random,group_contribution
Polydienes,13,0.7692307692307693,-0.13076923076923075,261.0704413144245,True,family,Mondrian-similarity,random_5,random,group_contribution
Polyphosphazenes,18,0.7777777777777778,-0.12222222222222223,218.52026421825144,True,family,Mondrian-similarity,random_5,random,group_contribution
Polyurethanes,43,0.7906976744186046,-0.10930232558139541,195.20248771840386,True,family,Mondrian-similarity,random_5,random,group_contribution
Polyphenylenes,100,0.81,-0.08999999999999997,204.3350299940665,True,family,Mondrian-similarity,random_5,random,group_contribution
Polyanhydrides,11,0.8181818181818182,-0.08181818181818179,196.06879078720587,True,family,Mondrian-similarity,random_5,random,group_contribution
Polyimines,12,0.8333333333333334,-0.06666666666666665,188.47637054171506,True,family,Mondrian-similarity,random_5,random,group_contribution
Polystyrenes,54,0.8518518518518519,-0.04814814814814816,205.44487635507616,True,family,Mondrian-similarity,random_5,random,group_contribution
Polyacrylics,137,0.8540145985401459,-0.04598540145985408,187.27495707035388,True,family,Mondrian-similarity,random_5,random,group_contribution
Polyhalo-olefins,10,0.9,0.0,266.08167840439955,True,family,Mondrian-similarity,random_5,random,group_contribution
Other backbone,11,0.9090909090909091,0.009090909090909038,206.14215554328715,True,family,Mondrian-similarity,random_5,random,group_contribution
Polyimides,330,0.9090909090909091,0.009090909090909038,168.138103347691,True,family,Mondrian-similarity,random_5,random,group_contribution
Polyvinyls,33,0.9090909090909091,0.009090909090909038,205.00959311756375,True,family,Mondrian-similarity,random_5,random,group_contribution
Polysulfides,11,0.9090909090909091,0.009090909090909038,229.91527414652413,True,family,Mondrian-similarity,random_5,random,group_contribution
Polysiloxanes,41,0.926829268292683,0.02682926829268295,197.9080143471803,True,family,Mondrian-similarity,random_5,random,group_contribution
Polyethers,146,0.9315068493150684,0.03150684931506842,187.923032613546,True,family,Mondrian-similarity,random_5,random,group_contribution
Polyesters,148,0.9324324324324325,0.032432432432432434,179.6295345982637,True,family,Mondrian-similarity,random_5,random,group_contribution
Polyamides,195,0.9384615384615385,0.038461538461538436,171.98763501927428,True,family,Mondrian-similarity,random_5,random,group_contribution
Polycarbonates,40,0.975,0.07499999999999996,188.97875031620512,True,family,Mondrian-similarity,random_5,random,group_contribution
Polysulfones,50,0.98,0.07999999999999996,175.0673295056115,True,family,Mondrian-similarity,random_5,random,group_contribution
0,53,0.7735849056603774,-0.1264150943396226,209.47341450299507,True,similarity,Mondrian-family,random_5,random,group_contribution
1,78,0.8205128205128205,-0.07948717948717954,205.9962890467635,True,similarity,Mondrian-family,random_5,random,group_contribution
2,153,0.8300653594771242,-0.06993464052287579,197.766749791145,True,similarity,Mondrian-family,random_5,random,group_contribution
3,222,0.8648648648648649,-0.03513513513513511,196.55967873302802,True,similarity,Mondrian-family,random_5,random,group_contribution
5,630,0.9206349206349206,0.02063492063492056,176.16507431870605,True,similarity,Mondrian-family,random_5,random,group_contribution
4,299,0.9297658862876255,0.029765886287625443,181.09223058859172,True,similarity,Mondrian-family,random_5,random,group_contribution
Polyureas,13,0.5384615384615384,-0.3615384615384616,186.2948655625077,True,family,Mondrian-family,random_5,random,group_contribution
Polycarbonates,40,0.675,-0.22499999999999998,102.38011754482159,True,family,Mondrian-family,random_5,random,group_contribution
Other backbone,11,0.7272727272727273,-0.17272727272727273,186.29486556250768,True,family,Mondrian-family,random_5,random,group_contribution
Polydienes,13,0.7692307692307693,-0.13076923076923075,186.2948655625077,True,family,Mondrian-family,random_5,random,group_contribution
Polyolefins,19,0.7894736842105263,-0.1105263157894737,186.29486556250768,True,family,Mondrian-family,random_5,random,group_contribution
Polyanhydrides,11,0.8181818181818182,-0.08181818181818179,186.29486556250768,True,family,Mondrian-family,random_5,random,group_contribution
Polyimines,12,0.8333333333333334,-0.06666666666666665,186.29486556250768,True,family,Mondrian-family,random_5,random,group_contribution
Polyvinyls,33,0.8484848484848485,-0.051515151515151514,192.07894251689095,True,family,Mondrian-family,random_5,random,group_contribution
Polyacrylics,137,0.8540145985401459,-0.04598540145985408,197.99045314727277,True,family,Mondrian-family,random_5,random,group_contribution
Polyesters,148,0.8716216216216216,-0.02837837837837842,144.05924523240418,True,family,Mondrian-family,random_5,random,group_contribution
Polyimides,330,0.9,0.0,156.63763154999833,True,family,Mondrian-family,random_5,random,group_contribution
Polyhalo-olefins,10,0.9,0.0,186.29486556250768,True,family,Mondrian-family,random_5,random,group_contribution
Polysulfides,11,0.9090909090909091,0.009090909090909038,186.29486556250768,True,family,Mondrian-family,random_5,random,group_contribution
Polyphenylenes,100,0.91,0.010000000000000009,233.6849176805077,True,family,Mondrian-family,random_5,random,group_contribution
Polyamides,195,0.9282051282051282,0.028205128205128216,157.28239583004273,True,family,Mondrian-family,random_5,random,group_contribution
Polyurethanes,43,0.9302325581395349,0.03023255813953485,286.55889499515973,True,family,Mondrian-family,random_5,random,group_contribution
Polyethers,146,0.9315068493150684,0.03150684931506842,227.99269679422943,True,family,Mondrian-family,random_5,random,group_contribution
Polysulfones,50,0.94,0.039999999999999925,117.58049847956114,True,family,Mondrian-family,random_5,random,group_contribution
Polyphosphazenes,18,0.9444444444444444,0.0444444444444444,281.8428220525206,True,family,Mondrian-family,random_5,random,group_contribution
Polysiloxanes,41,0.975609756097561,0.07560975609756093,237.7776395176378,True,family,Mondrian-family,random_5,random,group_contribution
Polystyrenes,54,1.0,0.09999999999999998,308.2806929051799,True,family,Mondrian-family,random_5,random,group_contribution
2,153,0.8169934640522876,-0.08300653594771246,207.09933557716755,True,similarity,Normalised SCP,random_5,random,group_contribution
0,53,0.8301886792452831,-0.06981132075471697,255.18465781269856,True,similarity,Normalised SCP,random_5,random,group_contribution
1,78,0.8333333333333334,-0.06666666666666665,231.66779588521882,True,similarity,Normalised SCP,random_5,random,group_contribution
3,222,0.8828828828828829,-0.017117117117117164,193.10661764147864,True,similarity,Normalised SCP,random_5,random,group_contribution
4,299,0.9096989966555183,0.009698996655518322,158.07948949399932,True,similarity,Normalised SCP,random_5,random,group_contribution
5,630,0.9174603174603174,0.0174603174603174,156.67435434671512,True,similarity,Normalised SCP,random_5,random,group_contribution
Polyureas,13,0.6153846153846154,-0.2846153846153846,211.3152068933527,True,family,Normalised SCP,random_5,random,group_contribution
Polyanhydrides,11,0.6363636363636364,-0.26363636363636367,142.94920428544958,True,family,Normalised SCP,random_5,random,group_contribution
Polyurethanes,43,0.6976744186046512,-0.20232558139534884,175.65050403465986,True,family,Normalised SCP,random_5,random,group_contribution
Polyphenylenes,100,0.82,-0.08000000000000007,213.50587578193543,True,family,Normalised SCP,random_5,random,group_contribution
Polyimines,12,0.8333333333333334,-0.06666666666666665,168.47402901423342,True,family,Normalised SCP,random_5,random,group_contribution
Polyesters,148,0.8716216216216216,-0.02837837837837842,140.44867730695915,True,family,Normalised SCP,random_5,random,group_contribution
Polyimides,330,0.8848484848484849,-0.015151515151515138,146.52139820287135,True,family,Normalised SCP,random_5,random,group_contribution
Polyolefins,19,0.8947368421052632,-0.0052631578947368585,264.8937143237576,True,family,Normalised SCP,random_5,random,group_contribution
Polyethers,146,0.8972602739726028,-0.002739726027397249,175.17562444857447,True,family,Normalised SCP,random_5,random,group_contribution
Polyacrylics,137,0.8978102189781022,-0.0021897810218978186,202.9221672150257,True,family,Normalised SCP,random_5,random,group_contribution
Polysulfides,11,0.9090909090909091,0.009090909090909038,205.74888555480484,True,family,Normalised SCP,random_5,random,group_contribution
Polydienes,13,0.9230769230769231,0.023076923076923106,326.5883723616062,True,family,Normalised SCP,random_5,random,group_contribution
Polycarbonates,40,0.925,0.025000000000000022,152.10036635780818,True,family,Normalised SCP,random_5,random,group_contribution
Polyamides,195,0.9435897435897436,0.043589743589743546,155.8632430716568,True,family,Normalised SCP,random_5,random,group_contribution
Polyphosphazenes,18,0.9444444444444444,0.0444444444444444,292.58743675673537,True,family,Normalised SCP,random_5,random,group_contribution
Polystyrenes,54,0.9444444444444444,0.0444444444444444,221.38327518182038,True,family,Normalised SCP,random_5,random,group_contribution
Polysiloxanes,41,0.9512195121951219,0.051219512195121886,210.05090900398332,True,family,Normalised SCP,random_5,random,group_contribution
Polysulfones,50,0.96,0.05999999999999994,136.25279811288507,True,family,Normalised SCP,random_5,random,group_contribution
Polyvinyls,33,0.9696969696969697,0.0696969696969697,246.7265354963487,True,family,Normalised SCP,random_5,random,group_contribution
Other backbone,11,1.0,0.09999999999999998,262.1917006153524,True,family,Normalised SCP,random_5,random,group_contribution
Polyhalo-olefins,10,1.0,0.09999999999999998,267.082625539914,True,family,Normalised SCP,random_5,random,group_contribution
0,41,0.6585365853658537,-0.24146341463414633,197.60899966779488,True,similarity,SCP,random_6,random,group_contribution
1,77,0.8051948051948052,-0.09480519480519478,197.6089996677949,True,similarity,SCP,random_6,random,group_contribution
2,156,0.8589743589743589,-0.0410256410256411,197.6089996677949,True,similarity,SCP,random_6,random,group_contribution
3,236,0.902542372881356,0.0025423728813559476,197.60899966779482,True,similarity,SCP,random_6,random,group_contribution
4,285,0.9403508771929825,0.04035087719298247,197.6089996677949,True,similarity,SCP,random_6,random,group_contribution
5,640,0.9484375,0.04843750000000002,197.60899966779488,True,similarity,SCP,random_6,random,group_contribution
Other backbone,8,0.5,-0.4,197.60899966779488,False,family,SCP,random_6,random,group_contribution
Polyphosphazenes,18,0.5555555555555556,-0.34444444444444444,197.60899966779485,True,family,SCP,random_6,random,group_contribution
Polyureas,14,0.7142857142857143,-0.18571428571428572,197.60899966779485,True,family,SCP,random_6,random,group_contribution
Polyolefins,20,0.75,-0.15000000000000002,197.60899966779485,True,family,SCP,random_6,random,group_contribution
Polyacrylics,141,0.8368794326241135,-0.06312056737588656,197.60899966779488,True,family,SCP,random_6,random,group_contribution
Polydienes,14,0.8571428571428571,-0.04285714285714293,197.60899966779485,True,family,SCP,random_6,random,group_contribution
Polyurethanes,37,0.8648648648648649,-0.03513513513513511,197.60899966779485,True,family,SCP,random_6,random,group_contribution
Polyvinyls,54,0.8703703703703703,-0.029629629629629672,197.60899966779485,True,family,SCP,random_6,random,group_contribution
Polyphenylenes,93,0.8709677419354839,-0.029032258064516148,197.60899966779488,True,family,SCP,random_6,random,group_contribution
Polystyrenes,54,0.8888888888888888,-0.011111111111111183,197.60899966779485,True,family,SCP,random_6,random,group_contribution
Polysiloxanes,38,0.8947368421052632,-0.0052631578947368585,197.60899966779485,True,family,SCP,random_6,random,group_contribution
Polyamides,187,0.93048128342246,0.030481283422459926,197.60899966779488,True,family,SCP,random_6,random,group_contribution
Polysulfones,35,0.9428571428571428,0.042857142857142816,197.60899966779485,True,family,SCP,random_6,random,group_contribution
Polyesters,144,0.9513888888888888,0.05138888888888882,197.6089996677949,True,family,SCP,random_6,random,group_contribution
Polycarbonates,44,0.9545454545454546,0.054545454545454564,197.60899966779488,True,family,SCP,random_6,random,group_contribution
Polyimides,338,0.9585798816568047,0.05857988165680472,197.60899966779493,True,family,SCP,random_6,random,group_contribution
Polyethers,163,0.9631901840490797,0.06319018404907972,197.6089996677949,True,family,SCP,random_6,random,group_contribution
Polyanhydrides,6,1.0,0.09999999999999998,197.6089996677949,False,family,SCP,random_6,random,group_contribution
Polyhalo-olefins,12,1.0,0.09999999999999998,197.60899966779485,True,family,SCP,random_6,random,group_contribution
Polyimines,8,1.0,0.09999999999999998,197.60899966779488,False,family,SCP,random_6,random,group_contribution
Polysulfides,7,1.0,0.09999999999999998,197.6089996677949,False,family,SCP,random_6,random,group_contribution
0,41,0.8780487804878049,-0.02195121951219514,341.6672469773878,True,similarity,Mondrian-similarity,random_6,random,group_contribution
2,156,0.8910256410256411,-0.008974358974358942,217.67303511751038,True,similarity,Mondrian-similarity,random_6,random,group_contribution
4,285,0.9087719298245615,0.00877192982456143,175.85727940977316,True,similarity,Mondrian-similarity,random_6,random,group_contribution
5,640,0.9171875,0.017187500000000022,162.98645867160403,True,similarity,Mondrian-similarity,random_6,random,group_contribution
1,77,0.922077922077922,0.02207792207792203,264.71082762847226,True,similarity,Mondrian-similarity,random_6,random,group_contribution
3,236,0.9491525423728814,0.04915254237288136,240.64280533283775,True,similarity,Mondrian-similarity,random_6,random,group_contribution
Polyphosphazenes,18,0.5,-0.4,196.1073454305829,True,family,Mondrian-similarity,random_6,random,group_contribution
Other backbone,8,0.75,-0.15000000000000002,262.43365040930786,False,family,Mondrian-similarity,random_6,random,group_contribution
Polydienes,14,0.7857142857142857,-0.11428571428571432,244.5394521684421,True,family,Mondrian-similarity,random_6,random,group_contribution
Polyolefins,20,0.8,-0.09999999999999998,249.78359111622004,True,family,Mondrian-similarity,random_6,random,group_contribution
Polyurethanes,37,0.8378378378378378,-0.06216216216216219,191.28063483636979,True,family,Mondrian-similarity,random_6,random,group_contribution
Polyacrylics,141,0.851063829787234,-0.04893617021276597,203.50283270350616,True,family,Mondrian-similarity,random_6,random,group_contribution
Polystyrenes,54,0.8518518518518519,-0.04814814814814816,209.02771339124192,True,family,Mondrian-similarity,random_6,random,group_contribution
Polysiloxanes,38,0.868421052631579,-0.03157894736842104,192.3608073814602,True,family,Mondrian-similarity,random_6,random,group_contribution
Polyphenylenes,93,0.9032258064516129,0.003225806451612856,205.24155730334758,True,family,Mondrian-similarity,random_6,random,group_contribution
Polyvinyls,54,0.9074074074074074,0.007407407407407418,209.9529523147671,True,family,Mondrian-similarity,random_6,random,group_contribution
Polyhalo-olefins,12,0.9166666666666666,0.016666666666666607,226.92488922753373,True,family,Mondrian-similarity,random_6,random,group_contribution
Polyureas,14,0.9285714285714286,0.02857142857142858,200.30001141029717,True,family,Mondrian-similarity,random_6,random,group_contribution
Polyimides,338,0.9408284023668639,0.040828402366863914,177.71621043755482,True,family,Mondrian-similarity,random_6,random,group_contribution
Polyamides,187,0.9411764705882353,0.04117647058823526,182.48104444743663,True,family,Mondrian-similarity,random_6,random,group_contribution
Polysulfones,35,0.9428571428571428,0.042857142857142816,192.54614622756284,True,family,Mondrian-similarity,random_6,random,group_contribution
Polyesters,144,0.9444444444444444,0.0444444444444444,195.5964777855528,True,family,Mondrian-similarity,random_6,random,group_contribution
Polycarbonates,44,0.9772727272727273,0.07727272727272727,205.03845590490664,True,family,Mondrian-similarity,random_6,random,group_contribution
Polyethers,163,0.9815950920245399,0.08159509202453985,199.4392113323044,True,family,Mondrian-similarity,random_6,random,group_contribution
Polyanhydrides,6,1.0,0.09999999999999998,220.79717573267408,False,family,Mondrian-similarity,random_6,random,group_contribution
Polyimines,8,1.0,0.09999999999999998,209.0467285615842,False,family,Mondrian-similarity,random_6,random,group_contribution
Polysulfides,7,1.0,0.09999999999999998,225.23186589804968,False,family,Mondrian-similarity,random_6,random,group_contribution
0,41,0.7073170731707317,-0.19268292682926835,203.24633918199012,True,similarity,Mondrian-family,random_6,random,group_contribution
1,77,0.7662337662337663,-0.13376623376623376,196.47628669782276,True,similarity,Mondrian-family,random_6,random,group_contribution
2,156,0.8653846153846154,-0.0346153846153846,199.7636109183116,True,similarity,Mondrian-family,random_6,random,group_contribution
3,236,0.885593220338983,-0.014406779661017,194.6669137849778,True,similarity,Mondrian-family,random_6,random,group_contribution
4,285,0.9192982456140351,0.019298245614035037,187.6039018179692,True,similarity,Mondrian-family,random_6,random,group_contribution
5,640,0.934375,0.03437499999999993,183.73172980401327,True,similarity,Mondrian-family,random_6,random,group_contribution
Other backbone,8,0.5,-0.4,197.60899966779488,False,family,Mondrian-family,random_6,random,group_contribution
Polyureas,14,0.7142857142857143,-0.18571428571428572,197.60899966779485,True,family,Mondrian-family,random_6,random,group_contribution
Polyolefins,20,0.75,-0.15000000000000002,197.60899966779485,True,family,Mondrian-family,random_6,random,group_contribution
Polycarbonates,44,0.7954545454545454,-0.10454545454545461,138.5457518027013,True,family,Mondrian-family,random_6,random,group_contribution
Polyphosphazenes,18,0.8333333333333334,-0.06666666666666665,275.71248539904053,True,family,Mondrian-family,random_6,random,group_contribution
Polysiloxanes,38,0.8421052631578947,-0.05789473684210533,179.26840923878453,True,family,Mondrian-family,random_6,random,group_contribution
Polyvinyls,54,0.8518518518518519,-0.04814814814814816,190.89503462084951,True,family,Mondrian-family,random_6,random,group_contribution
Polydienes,14,0.8571428571428571,-0.04285714285714293,197.60899966779485,True,family,Mondrian-family,random_6,random,group_contribution
Polyacrylics,141,0.8723404255319149,-0.02765957446808509,240.58430020808325,True,family,Mondrian-family,random_6,random,group_contribution
Polyesters,144,0.875,-0.025000000000000022,131.6775942051322,True,family,Mondrian-family,random_6,random,group_contribution
Polyphenylenes,93,0.9139784946236559,0.013978494623655857,220.71201500751664,True,family,Mondrian-family,random_6,random,group_contribution
Polysulfones,35,0.9142857142857143,0.014285714285714235,133.96912262533837,True,family,Mondrian-family,random_6,random,group_contribution
Polyimides,338,0.9171597633136095,0.017159763313609466,162.95970643209216,True,family,Mondrian-family,random_6,random,group_contribution
Polyurethanes,37,0.918918918918919,0.018918918918918948,287.12687440130696,True,family,Mondrian-family,random_6,random,group_contribution
Polyamides,187,0.9197860962566845,0.019786096256684482,178.806473132714,True,family,Mondrian-family,random_6,random,group_contribution
Polystyrenes,54,0.9259259259259259,0.025925925925925908,270.7505541602637,True,family,Mondrian-family,random_6,random,group_contribution
Polyethers,163,0.9693251533742331,0.06932515337423306,208.55598597563244,True,family,Mondrian-family,random_6,random,group_contribution
Polyanhydrides,6,1.0,0.09999999999999998,197.6089996677949,False,family,Mondrian-family,random_6,random,group_contribution
Polyhalo-olefins,12,1.0,0.09999999999999998,197.60899966779485,True,family,Mondrian-family,random_6,random,group_contribution
Polyimines,8,1.0,0.09999999999999998,197.60899966779488,False,family,Mondrian-family,random_6,random,group_contribution
Polysulfides,7,1.0,0.09999999999999998,197.6089996677949,False,family,Mondrian-family,random_6,random,group_contribution
0,41,0.7317073170731707,-0.1682926829268293,228.3236199509006,True,similarity,Normalised SCP,random_6,random,group_contribution
1,77,0.7662337662337663,-0.13376623376623376,241.49532624817357,True,similarity,Normalised SCP,random_6,random,group_contribution
2,156,0.8525641025641025,-0.04743589743589749,209.039829959375,True,similarity,Normalised SCP,random_6,random,group_contribution
3,236,0.902542372881356,0.0025423728813559476,214.39146275806226,True,similarity,Normalised SCP,random_6,random,group_contribution
5,640,0.9359375,0.035937499999999956,176.34221870073736,True,similarity,Normalised SCP,random_6,random,group_contribution
4,285,0.9368421052631579,0.0368421052631579,191.92379297220006,True,similarity,Normalised SCP,random_6,random,group_contribution
Polyanhydrides,6,0.5,-0.4,113.41386447020705,False,family,Normalised SCP,random_6,random,group_contribution
Polyurethanes,37,0.7027027027027027,-0.19729729729729728,169.74257859244182,True,family,Normalised SCP,random_6,random,group_contribution
Polyphosphazenes,18,0.7222222222222222,-0.1777777777777778,315.871420311919,True,family,Normalised SCP,random_6,random,group_contribution
Other backbone,8,0.75,-0.15000000000000002,309.45740369273625,False,family,Normalised SCP,random_6,random,group_contribution
Polyureas,14,0.7857142857142857,-0.11428571428571432,248.58132453238764,True,family,Normalised SCP,random_6,random,group_contribution
Polyolefins,20,0.85,-0.050000000000000044,272.2541919530605,True,family,Normalised SCP,random_6,random,group_contribution
Polydienes,14,0.8571428571428571,-0.04285714285714293,251.675344621925,True,family,Normalised SCP,random_6,random,group_contribution
Polyacrylics,141,0.8794326241134752,-0.020567375886524797,216.56804082962395,True,family,Normalised SCP,random_6,random,group_contribution
Polyphenylenes,93,0.8817204301075269,-0.018279569892473146,225.05970533651282,True,family,Normalised SCP,random_6,random,group_contribution
Polycarbonates,44,0.8863636363636364,-0.013636363636363669,161.90187383905845,True,family,Normalised SCP,random_6,random,group_contribution
Polyvinyls,54,0.8888888888888888,-0.011111111111111183,232.52175548860083,True,family,Normalised SCP,random_6,random,group_contribution
Polysulfones,35,0.9142857142857143,0.014285714285714235,152.88592766357127,True,family,Normalised SCP,random_6,random,group_contribution
Polyamides,187,0.9144385026737968,0.01443850267379676,172.80657998270917,True,family,Normalised SCP,random_6,random,group_contribution
Polyesters,144,0.9236111111111112,0.023611111111111138,183.209472480308,True,family,Normalised SCP,random_6,random,group_contribution
Polystyrenes,54,0.9259259259259259,0.025925925925925908,243.78141914835618,True,family,Normalised SCP,random_6,random,group_contribution
Polyimides,338,0.9260355029585798,0.026035502958579815,160.3933682110171,True,family,Normalised SCP,random_6,random,group_contribution
Polysiloxanes,38,0.9473684210526315,0.047368421052631504,239.30775342076154,True,family,Normalised SCP,random_6,random,group_contribution
Polyethers,163,0.9693251533742331,0.06932515337423306,198.4462498853958,True,family,Normalised SCP,random_6,random,group_contribution
Polyimines,8,1.0,0.09999999999999998,192.95297113467853,False,family,Normalised SCP,random_6,random,group_contribution
Polyhalo-olefins,12,1.0,0.09999999999999998,317.0951899744291,True,family,Normalised SCP,random_6,random,group_contribution
Polysulfides,7,1.0,0.09999999999999998,255.4953617064437,False,family,Normalised SCP,random_6,random,group_contribution
0,47,0.7021276595744681,-0.19787234042553192,196.07562863728162,True,similarity,SCP,random_7,random,group_contribution
1,94,0.776595744680851,-0.123404255319149,196.07562863728162,True,similarity,SCP,random_7,random,group_contribution
3,218,0.8440366972477065,-0.05596330275229355,196.07562863728162,True,similarity,SCP,random_7,random,group_contribution
2,154,0.8961038961038961,-0.003896103896103953,196.07562863728162,True,similarity,SCP,random_7,random,group_contribution
5,639,0.945226917057903,0.04522691705790294,196.07562863728162,True,similarity,SCP,random_7,random,group_contribution
4,283,0.950530035335689,0.050530035335689005,196.07562863728162,True,similarity,SCP,random_7,random,group_contribution
Polydienes,18,0.6111111111111112,-0.28888888888888886,196.07562863728162,True,family,SCP,random_7,random,group_contribution
Polyphosphazenes,26,0.6538461538461539,-0.24615384615384617,196.07562863728162,True,family,SCP,random_7,random,group_contribution
Other backbone,13,0.6923076923076923,-0.20769230769230773,196.07562863728162,True,family,SCP,random_7,random,group_contribution
Polyolefins,20,0.7,-0.20000000000000007,196.07562863728162,True,family,SCP,random_7,random,group_contribution
Polyurethanes,37,0.7567567567567568,-0.14324324324324322,196.07562863728162,True,family,SCP,random_7,random,group_contribution
Polyanhydrides,13,0.7692307692307693,-0.13076923076923075,196.07562863728162,True,family,SCP,random_7,random,group_contribution
Polyphenylenes,92,0.7934782608695652,-0.10652173913043483,196.07562863728162,True,family,SCP,random_7,random,group_contribution
Polysulfides,11,0.8181818181818182,-0.08181818181818179,196.07562863728162,True,family,SCP,random_7,random,group_contribution
Polyvinyls,46,0.8260869565217391,-0.07391304347826089,196.07562863728162,True,family,SCP,random_7,random,group_contribution
Polyhalo-olefins,14,0.8571428571428571,-0.04285714285714293,196.07562863728162,True,family,SCP,random_7,random,group_contribution
Polyacrylics,135,0.8814814814814815,-0.01851851851851849,196.07562863728162,True,family,SCP,random_7,random,group_contribution
Polystyrenes,49,0.9183673469387755,0.01836734693877551,196.07562863728162,True,family,SCP,random_7,random,group_contribution
Polyethers,141,0.9290780141843972,0.02907801418439715,196.07562863728162,True,family,SCP,random_7,random,group_contribution
Polyureas,17,0.9411764705882353,0.04117647058823526,196.07562863728162,True,family,SCP,random_7,random,group_contribution
Polyamides,171,0.9415204678362573,0.04152046783625729,196.07562863728165,True,family,SCP,random_7,random,group_contribution
Polyimides,339,0.943952802359882,0.04395280235988197,196.07562863728162,True,family,SCP,random_7,random,group_contribution
Polysulfones,55,0.9636363636363636,0.0636363636363636,196.07562863728162,True,family,SCP,random_7,random,group_contribution
Polycarbonates,34,0.9705882352941176,0.07058823529411762,196.07562863728162,True,family,SCP,random_7,random,group_contribution
Polyesters,157,0.9872611464968153,0.08726114649681527,196.07562863728162,True,family,SCP,random_7,random,group_contribution
Polysiloxanes,41,1.0,0.09999999999999998,196.07562863728162,True,family,SCP,random_7,random,group_contribution
Polyimines,6,1.0,0.09999999999999998,196.07562863728162,False,family,SCP,random_7,random,group_contribution
3,218,0.8715596330275229,-0.028440366972477094,216.88869895947707,True,similarity,Mondrian-similarity,random_7,random,group_contribution
4,283,0.872791519434629,-0.027208480565371063,151.51773268635,True,similarity,Mondrian-similarity,random_7,random,group_contribution
1,94,0.8829787234042553,-0.017021276595744705,309.3649362594312,True,similarity,Mondrian-similarity,random_7,random,group_contribution
0,47,0.8936170212765957,-0.00638297872340432,357.74155557716807,True,similarity,Mondrian-similarity,random_7,random,group_contribution
5,639,0.8998435054773083,-0.00015649452269173025,163.38244758215714,True,similarity,Mondrian-similarity,random_7,random,group_contribution
2,154,0.987012987012987,0.08701298701298699,292.1267638474481,True,similarity,Mondrian-similarity,random_7,random,group_contribution
Polyphosphazenes,26,0.6538461538461539,-0.24615384615384617,223.56055221299755,True,family,Mondrian-similarity,random_7,random,group_contribution
Polyurethanes,37,0.7027027027027027,-0.19729729729729728,188.53700692265383,True,family,Mondrian-similarity,random_7,random,group_contribution
Polydienes,18,0.7222222222222222,-0.1777777777777778,300.5869053518518,True,family,Mondrian-similarity,random_7,random,group_contribution
Polyolefins,20,0.8,-0.09999999999999998,257.3880305066491,True,family,Mondrian-similarity,random_7,random,group_contribution
Polyphenylenes,92,0.8152173913043478,-0.08478260869565224,222.56871568737088,True,family,Mondrian-similarity,random_7,random,group_contribution
Polysulfides,11,0.8181818181818182,-0.08181818181818179,246.10506167169078,True,family,Mondrian-similarity,random_7,random,group_contribution
Polyureas,17,0.8235294117647058,-0.07647058823529418,272.9114869739423,True,family,Mondrian-similarity,random_7,random,group_contribution
Polyimines,6,0.8333333333333334,-0.06666666666666665,198.72034578687658,False,family,Mondrian-similarity,random_7,random,group_contribution
Polystyrenes,49,0.8571428571428571,-0.04285714285714293,217.5435714237693,True,family,Mondrian-similarity,random_7,random,group_contribution
Polyacrylics,135,0.8740740740740741,-0.025925925925925908,205.34397380571335,True,family,Mondrian-similarity,random_7,random,group_contribution
Polyvinyls,46,0.8913043478260869,-0.008695652173913104,233.3562544603036,True,family,Mondrian-similarity,random_7,random,group_contribution
Polysiloxanes,41,0.9024390243902439,0.0024390243902439046,193.07294064159007,True,family,Mondrian-similarity,random_7,random,group_contribution
Polyimides,339,0.911504424778761,0.011504424778761013,175.52586230669212,True,family,Mondrian-similarity,random_7,random,group_contribution
Polyanhydrides,13,0.9230769230769231,0.023076923076923106,227.72878790817782,True,family,Mondrian-similarity,random_7,random,group_contribution
Polyhalo-olefins,14,0.9285714285714286,0.02857142857142858,276.9361712901523,True,family,Mondrian-similarity,random_7,random,group_contribution
Polyamides,171,0.935672514619883,0.03567251461988297,180.73151408022085,True,family,Mondrian-similarity,random_7,random,group_contribution
Polycarbonates,34,0.9411764705882353,0.04117647058823526,201.7673572732878,True,family,Mondrian-similarity,random_7,random,group_contribution
Polyethers,141,0.950354609929078,0.05035460992907803,196.23056873506448,True,family,Mondrian-similarity,random_7,random,group_contribution
Polyesters,157,0.9554140127388535,0.05541401273885349,186.76168881674846,True,family,Mondrian-similarity,random_7,random,group_contribution
Polysulfones,55,0.9636363636363636,0.0636363636363636,209.62100032316565,True,family,Mondrian-similarity,random_7,random,group_contribution
Other backbone,13,1.0,0.09999999999999998,263.5020753742279,True,family,Mondrian-similarity,random_7,random,group_contribution
0,47,0.7446808510638298,-0.15531914893617027,207.81213136251873,True,similarity,Mondrian-family,random_7,random,group_contribution
1,94,0.7872340425531915,-0.1127659574468085,224.37726077557195,True,similarity,Mondrian-family,random_7,random,group_contribution
3,218,0.8532110091743119,-0.046788990825688104,197.87392525095854,True,similarity,Mondrian-family,random_7,random,group_contribution
2,154,0.9025974025974026,0.0025974025974025983,199.9605752757548,True,similarity,Mondrian-family,random_7,random,group_contribution
4,283,0.9257950530035336,0.025795053003533575,185.62544936053865,True,similarity,Mondrian-family,random_7,random,group_contribution
5,639,0.9342723004694836,0.034272300469483596,180.70464309279,True,similarity,Mondrian-family,random_7,random,group_contribution
Polydienes,18,0.6111111111111112,-0.28888888888888886,196.07562863728162,True,family,Mondrian-family,random_7,random,group_contribution
Polyphosphazenes,26,0.6538461538461539,-0.24615384615384617,196.07562863728162,True,family,Mondrian-family,random_7,random,group_contribution
Other backbone,13,0.6923076923076923,-0.20769230769230773,196.07562863728162,True,family,Mondrian-family,random_7,random,group_contribution
Polyanhydrides,13,0.7692307692307693,-0.13076923076923075,196.07562863728162,True,family,Mondrian-family,random_7,random,group_contribution
Polyphenylenes,92,0.7934782608695652,-0.10652173913043483,200.5922452325574,True,family,Mondrian-family,random_7,random,group_contribution
Polysulfides,11,0.8181818181818182,-0.08181818181818179,196.07562863728162,True,family,Mondrian-family,random_7,random,group_contribution
Polyhalo-olefins,14,0.8571428571428571,-0.04285714285714293,196.07562863728162,True,family,Mondrian-family,random_7,random,group_contribution
Polysulfones,55,0.8909090909090909,-0.00909090909090915,161.0259592954106,True,family,Mondrian-family,random_7,random,group_contribution
Polyimides,339,0.8967551622418879,-0.003244837758112129,153.8154418559559,True,family,Mondrian-family,random_7,random,group_contribution
Polystyrenes,49,0.8979591836734694,-0.0020408163265306367,189.282752864161,True,family,Mondrian-family,random_7,random,group_contribution
Polyvinyls,46,0.9130434782608695,0.01304347826086949,257.67772441067973,True,family,Mondrian-family,random_7,random,group_contribution
Polyurethanes,37,0.918918918918919,0.018918918918918948,318.9053397424341,True,family,Mondrian-family,random_7,random,group_contribution
Polyethers,141,0.9290780141843972,0.02907801418439715,191.4363249112968,True,family,Mondrian-family,random_7,random,group_contribution
Polyamides,171,0.9298245614035088,0.029824561403508754,163.2835589086527,True,family,Mondrian-family,random_7,random,group_contribution
Polyacrylics,135,0.9333333333333333,0.033333333333333326,252.68226082678922,True,family,Mondrian-family,random_7,random,group_contribution
Polyesters,157,0.9363057324840764,0.036305732484076425,154.8325308499916,True,family,Mondrian-family,random_7,random,group_contribution
Polyureas,17,0.9411764705882353,0.04117647058823526,196.07562863728162,True,family,Mondrian-family,random_7,random,group_contribution
Polycarbonates,34,0.9705882352941176,0.07058823529411762,165.1729675014219,True,family,Mondrian-family,random_7,random,group_contribution
Polyolefins,20,1.0,0.09999999999999998,486.48455437749897,True,family,Mondrian-family,random_7,random,group_contribution
Polysiloxanes,41,1.0,0.09999999999999998,209.56463637049328,True,family,Mondrian-family,random_7,random,group_contribution
Polyimines,6,1.0,0.09999999999999998,196.07562863728162,False,family,Mondrian-family,random_7,random,group_contribution
0,47,0.7659574468085106,-0.1340425531914894,221.48235993504778,True,similarity,Normalised SCP,random_7,random,group_contribution
1,94,0.8297872340425532,-0.07021276595744685,239.34459241681472,True,similarity,Normalised SCP,random_7,random,group_contribution
3,218,0.8440366972477065,-0.05596330275229355,195.05590054188602,True,similarity,Normalised SCP,random_7,random,group_contribution
4,283,0.8939929328621908,-0.0060070671378091856,174.5224890564998,True,similarity,Normalised SCP,random_7,random,group_contribution
5,639,0.917057902973396,0.017057902973395933,164.79959856434638,True,similarity,Normalised SCP,random_7,random,group_contribution
2,154,0.9415584415584416,0.04155844155844157,214.45488784207413,True,similarity,Normalised SCP,random_7,random,group_contribution
Polyurethanes,37,0.6486486486486487,-0.25135135135135134,180.43157519381418,True,family,Normalised SCP,random_7,random,group_contribution
Polydienes,18,0.6666666666666666,-0.2333333333333334,307.1346844259261,True,family,Normalised SCP,random_7,random,group_contribution
Polyanhydrides,13,0.6923076923076923,-0.20769230769230773,153.98715025453728,True,family,Normalised SCP,random_7,random,group_contribution
Other backbone,13,0.7692307692307693,-0.13076923076923075,216.80016505588517,True,family,Normalised SCP,random_7,random,group_contribution
Polyphenylenes,92,0.7934782608695652,-0.10652173913043483,195.89147907080448,True,family,Normalised SCP,random_7,random,group_contribution
Polyolefins,20,0.8,-0.09999999999999998,278.06029336816357,True,family,Normalised SCP,random_7,random,group_contribution
Polyimines,6,0.8333333333333334,-0.06666666666666665,151.06263202385978,False,family,Normalised SCP,random_7,random,group_contribution
Polystyrenes,49,0.8571428571428571,-0.04285714285714293,195.82326980391744,True,family,Normalised SCP,random_7,random,group_contribution
Polyimides,339,0.8908554572271387,-0.009144542772861364,166.7084914849388,True,family,Normalised SCP,random_7,random,group_contribution
Polysulfones,55,0.8909090909090909,-0.00909090909090915,134.63815933405226,True,family,Normalised SCP,random_7,random,group_contribution
Polysiloxanes,41,0.9024390243902439,0.0024390243902439046,202.37899974641874,True,family,Normalised SCP,random_7,random,group_contribution
Polysulfides,11,0.9090909090909091,0.009090909090909038,216.05687821533576,True,family,Normalised SCP,random_7,random,group_contribution
Polyacrylics,135,0.9111111111111111,0.011111111111111072,228.85472938843023,True,family,Normalised SCP,random_7,random,group_contribution
Polyphosphazenes,26,0.9230769230769231,0.023076923076923106,276.190331144198,True,family,Normalised SCP,random_7,random,group_contribution
Polyamides,171,0.9239766081871345,0.02397660818713443,150.01121236440363,True,family,Normalised SCP,random_7,random,group_contribution
Polyvinyls,46,0.9347826086956522,0.034782608695652195,242.90198793332706,True,family,Normalised SCP,random_7,random,group_contribution
Polyureas,17,0.9411764705882353,0.04117647058823526,185.25672406001857,True,family,Normalised SCP,random_7,random,group_contribution
Polycarbonates,34,0.9411764705882353,0.04117647058823526,158.9128445936295,True,family,Normalised SCP,random_7,random,group_contribution
Polyethers,141,0.9432624113475178,0.04326241134751774,174.6195599399595,True,family,Normalised SCP,random_7,random,group_contribution
Polyesters,157,0.9554140127388535,0.05541401273885349,164.88783411462632,True,family,Normalised SCP,random_7,random,group_contribution
Polyhalo-olefins,14,1.0,0.09999999999999998,249.08622031092054,True,family,Normalised SCP,random_7,random,group_contribution
0,53,0.7735849056603774,-0.1264150943396226,187.36845378045837,True,similarity,SCP,random_8,random,group_contribution
1,85,0.8117647058823529,-0.08823529411764708,187.36845378045837,True,similarity,SCP,random_8,random,group_contribution
2,145,0.8137931034482758,-0.0862068965517242,187.36845378045837,True,similarity,SCP,random_8,random,group_contribution
3,215,0.9209302325581395,0.020930232558139528,187.36845378045837,True,similarity,SCP,random_8,random,group_contribution
4,272,0.9375,0.03749999999999998,187.36845378045837,True,similarity,SCP,random_8,random,group_contribution
5,665,0.9473684210526315,0.047368421052631504,187.36845378045837,True,similarity,SCP,random_8,random,group_contribution
Polydienes,12,0.5833333333333334,-0.31666666666666665,187.36845378045837,True,family,SCP,random_8,random,group_contribution
Polyureas,10,0.8,-0.09999999999999998,187.36845378045837,True,family,SCP,random_8,random,group_contribution
Polyimines,5,0.8,-0.09999999999999998,187.36845378045837,False,family,SCP,random_8,random,group_contribution
Polysiloxanes,44,0.8181818181818182,-0.08181818181818179,187.36845378045837,True,family,SCP,random_8,random,group_contribution
Polyolefins,23,0.8260869565217391,-0.07391304347826089,187.36845378045837,True,family,SCP,random_8,random,group_contribution
Polyphosphazenes,25,0.84,-0.06000000000000005,187.36845378045837,True,family,SCP,random_8,random,group_contribution
Other backbone,13,0.8461538461538461,-0.05384615384615388,187.36845378045837,True,family,SCP,random_8,random,group_contribution
Polyphenylenes,85,0.8470588235294118,-0.05294117647058827,187.36845378045837,True,family,SCP,random_8,random,group_contribution
Polystyrenes,53,0.8490566037735849,-0.05094339622641508,187.36845378045837,True,family,SCP,random_8,random,group_contribution
Polyanhydrides,14,0.8571428571428571,-0.04285714285714293,187.36845378045837,True,family,SCP,random_8,random,group_contribution
Polyvinyls,45,0.8666666666666667,-0.033333333333333326,187.36845378045837,True,family,SCP,random_8,random,group_contribution
Polyacrylics,122,0.8770491803278688,-0.022950819672131195,187.36845378045837,True,family,SCP,random_8,random,group_contribution
Polyethers,151,0.8874172185430463,-0.012582781456953684,187.36845378045837,True,family,SCP,random_8,random,group_contribution
Polysulfides,12,0.9166666666666666,0.016666666666666607,187.36845378045837,True,family,SCP,random_8,random,group_contribution
Polyesters,163,0.9447852760736196,0.044785276073619595,187.36845378045837,True,family,SCP,random_8,random,group_contribution
Polyimides,340,0.95,0.04999999999999993,187.36845378045837,True,family,SCP,random_8,random,group_contribution
Polysulfones,49,0.9591836734693877,0.05918367346938769,187.36845378045837,True,family,SCP,random_8,random,group_contribution
Polyurethanes,29,0.9655172413793104,0.06551724137931036,187.36845378045837,True,family,SCP,random_8,random,group_contribution
Polyamides,189,0.9682539682539683,0.06825396825396823,187.36845378045837,True,family,SCP,random_8,random,group_contribution
Polycarbonates,43,0.9767441860465116,0.07674418604651156,187.36845378045837,True,family,SCP,random_8,random,group_contribution
Polyhalo-olefins,8,1.0,0.09999999999999998,187.36845378045837,False,family,SCP,random_8,random,group_contribution
5,665,0.8827067669172932,-0.017293233082706805,143.70564143623162,True,similarity,Mondrian-similarity,random_8,random,group_contribution
2,145,0.8896551724137931,-0.010344827586206917,232.63112744737364,True,similarity,Mondrian-similarity,random_8,random,group_contribution
1,85,0.8941176470588236,-0.00588235294117645,263.5463231103953,True,similarity,Mondrian-similarity,random_8,random,group_contribution
4,272,0.9227941176470589,0.022794117647058854,175.6875138083892,True,similarity,Mondrian-similarity,random_8,random,group_contribution
3,215,0.9488372093023256,0.0488372093023256,236.73296643517136,True,similarity,Mondrian-similarity,random_8,random,group_contribution
0,53,0.9811320754716981,0.0811320754716981,327.19881693902363,True,similarity,Mondrian-similarity,random_8,random,group_contribution
Polydienes,12,0.6666666666666666,-0.2333333333333334,244.43563326426911,True,family,Mondrian-similarity,random_8,random,group_contribution
Polyphenylenes,85,0.788235294117647,-0.11176470588235299,199.46394229925323,True,family,Mondrian-similarity,random_8,random,group_contribution
Polyurethanes,29,0.7931034482758621,-0.10689655172413792,185.77969509962844,True,family,Mondrian-similarity,random_8,random,group_contribution
Polyureas,10,0.8,-0.09999999999999998,177.18984561278552,True,family,Mondrian-similarity,random_8,random,group_contribution
Polyimines,5,0.8,-0.09999999999999998,180.40427653679004,False,family,Mondrian-similarity,random_8,random,group_contribution
Polysiloxanes,44,0.8409090909090909,-0.05909090909090908,185.78446397996834,True,family,Mondrian-similarity,random_8,random,group_contribution
Other backbone,13,0.8461538461538461,-0.05384615384615388,209.56813538334944,True,family,Mondrian-similarity,random_8,random,group_contribution
Polystyrenes,53,0.8490566037735849,-0.05094339622641508,203.99366796140808,True,family,Mondrian-similarity,random_8,random,group_contribution
Polyvinyls,45,0.8666666666666667,-0.033333333333333326,214.69103650440832,True,family,Mondrian-similarity,random_8,random,group_contribution
Polyolefins,23,0.8695652173913043,-0.0304347826086957,244.9005142382257,True,family,Mondrian-similarity,random_8,random,group_contribution
Polyacrylics,122,0.8770491803278688,-0.022950819672131195,195.44394293765848,True,family,Mondrian-similarity,random_8,random,group_contribution
Polyphosphazenes,25,0.88,-0.020000000000000018,222.78835932584033,True,family,Mondrian-similarity,random_8,random,group_contribution
Polysulfides,12,0.9166666666666666,0.016666666666666607,226.59420657675864,True,family,Mondrian-similarity,random_8,random,group_contribution
Polyesters,163,0.9202453987730062,0.02024539877300613,182.13991048376585,True,family,Mondrian-similarity,random_8,random,group_contribution
Polyimides,340,0.9264705882352942,0.026470588235294135,165.6505120740229,True,family,Mondrian-similarity,random_8,random,group_contribution
Polyethers,151,0.9337748344370861,0.033774834437086065,191.55750370414415,True,family,Mondrian-similarity,random_8,random,group_contribution
Polyamides,189,0.9417989417989417,0.041798941798941724,171.14090676971065,True,family,Mondrian-similarity,random_8,random,group_contribution
Polysulfones,49,0.9795918367346939,0.07959183673469383,197.56004376263553,True,family,Mondrian-similarity,random_8,random,group_contribution
Polyanhydrides,14,1.0,0.09999999999999998,201.06702684663574,True,family,Mondrian-similarity,random_8,random,group_contribution
Polyhalo-olefins,8,1.0,0.09999999999999998,276.33553979597247,False,family,Mondrian-similarity,random_8,random,group_contribution
Polycarbonates,43,1.0,0.09999999999999998,201.1605420032946,True,family,Mondrian-similarity,random_8,random,group_contribution
0,53,0.7547169811320755,-0.1452830188679245,199.20102505842604,True,similarity,Mondrian-family,random_8,random,group_contribution
1,85,0.7764705882352941,-0.12352941176470589,192.71804216293418,True,similarity,Mondrian-family,random_8,random,group_contribution
2,145,0.8344827586206897,-0.06551724137931036,193.44116554917264,True,similarity,Mondrian-family,random_8,random,group_contribution
3,215,0.8976744186046511,-0.0023255813953488857,189.65960998001825,True,similarity,Mondrian-family,random_8,random,group_contribution
4,272,0.9375,0.03749999999999998,177.8131544625698,True,similarity,Mondrian-family,random_8,random,group_contribution
5,665,0.9383458646616541,0.03834586466165413,178.77397063067517,True,similarity,Mondrian-family,random_8,random,group_contribution
Polydienes,12,0.5833333333333334,-0.31666666666666665,187.36845378045837,True,family,Mondrian-family,random_8,random,group_contribution
Polyvinyls,45,0.7333333333333333,-0.16666666666666674,163.3431097544327,True,family,Mondrian-family,random_8,random,group_contribution
Polyureas,10,0.8,-0.09999999999999998,187.36845378045837,True,family,Mondrian-family,random_8,random,group_contribution
Polyimines,5,0.8,-0.09999999999999998,187.36845378045837,False,family,Mondrian-family,random_8,random,group_contribution
Polysulfones,49,0.8163265306122449,-0.0836734693877551,118.53819356550048,True,family,Mondrian-family,random_8,random,group_contribution
Polyolefins,23,0.8260869565217391,-0.07391304347826089,187.36845378045837,True,family,Mondrian-family,random_8,random,group_contribution
Other backbone,13,0.8461538461538461,-0.05384615384615388,187.36845378045837,True,family,Mondrian-family,random_8,random,group_contribution
Polyanhydrides,14,0.8571428571428571,-0.04285714285714293,187.36845378045837,True,family,Mondrian-family,random_8,random,group_contribution
Polystyrenes,53,0.8679245283018868,-0.0320754716981132,198.06380193715702,True,family,Mondrian-family,random_8,random,group_contribution
Polyphosphazenes,25,0.88,-0.020000000000000018,245.29581515671418,True,family,Mondrian-family,random_8,random,group_contribution
Polyimides,340,0.9058823529411765,0.00588235294117645,150.2070066418337,True,family,Mondrian-family,random_8,random,group_contribution
Polyethers,151,0.9072847682119205,0.007284768211920478,212.78352051981597,True,family,Mondrian-family,random_8,random,group_contribution
Polysiloxanes,44,0.9090909090909091,0.009090909090909038,194.67157796789004,True,family,Mondrian-family,random_8,random,group_contribution
Polysulfides,12,0.9166666666666666,0.016666666666666607,187.36845378045837,True,family,Mondrian-family,random_8,random,group_contribution
Polyesters,163,0.9263803680981595,0.026380368098159468,163.17840112780524,True,family,Mondrian-family,random_8,random,group_contribution
Polyphenylenes,85,0.9294117647058824,0.02941176470588236,257.50429687138836,True,family,Mondrian-family,random_8,random,group_contribution
Polyacrylics,122,0.9344262295081968,0.03442622950819674,231.00801556749997,True,family,Mondrian-family,random_8,random,group_contribution
Polyamides,189,0.9470899470899471,0.04708994708994707,169.9013982143201,True,family,Mondrian-family,random_8,random,group_contribution
Polyurethanes,29,0.9655172413793104,0.06551724137931036,240.37073881591033,True,family,Mondrian-family,random_8,random,group_contribution
Polycarbonates,43,0.9767441860465116,0.07674418604651156,175.2030635102622,True,family,Mondrian-family,random_8,random,group_contribution
Polyhalo-olefins,8,1.0,0.09999999999999998,187.36845378045837,False,family,Mondrian-family,random_8,random,group_contribution
0,53,0.8490566037735849,-0.05094339622641508,250.38579384879426,True,similarity,Normalised SCP,random_8,random,group_contribution
2,145,0.8827586206896552,-0.017241379310344862,224.5316474569087,True,similarity,Normalised SCP,random_8,random,group_contribution
4,272,0.8933823529411765,-0.006617647058823506,165.48887714298212,True,similarity,Normalised SCP,random_8,random,group_contribution
1,85,0.9058823529411765,0.00588235294117645,239.91251371174042,True,similarity,Normalised SCP,random_8,random,group_contribution
5,665,0.924812030075188,0.024812030075187952,160.02088529391708,True,similarity,Normalised SCP,random_8,random,group_contribution
3,215,0.9302325581395349,0.03023255813953485,200.26353918382122,True,similarity,Normalised SCP,random_8,random,group_contribution
Polyanhydrides,14,0.7142857142857143,-0.18571428571428572,145.93360104255376,True,family,Normalised SCP,random_8,random,group_contribution
Polydienes,12,0.75,-0.15000000000000002,294.29988114841814,True,family,Normalised SCP,random_8,random,group_contribution
Polyimines,5,0.8,-0.09999999999999998,154.43039289258013,False,family,Normalised SCP,random_8,random,group_contribution
Polyurethanes,29,0.8275862068965517,-0.07241379310344831,156.47803462285,True,family,Normalised SCP,random_8,random,group_contribution
Polysiloxanes,44,0.8636363636363636,-0.036363636363636376,207.40578745397133,True,family,Normalised SCP,random_8,random,group_contribution
Polystyrenes,53,0.8679245283018868,-0.0320754716981132,200.9743860977515,True,family,Normalised SCP,random_8,random,group_contribution
Polyolefins,23,0.8695652173913043,-0.0304347826086957,316.3290909213151,True,family,Normalised SCP,random_8,random,group_contribution
Polyphenylenes,85,0.8705882352941177,-0.02941176470588236,218.79947609902865,True,family,Normalised SCP,random_8,random,group_contribution
Polysulfones,49,0.8979591836734694,-0.0020408163265306367,120.60749817997383,True,family,Normalised SCP,random_8,random,group_contribution
Polyureas,10,0.9,0.0,211.24256972510867,True,family,Normalised SCP,random_8,random,group_contribution
Polyimides,340,0.9029411764705882,0.002941176470588225,156.6812106182786,True,family,Normalised SCP,random_8,random,group_contribution
Polyethers,151,0.9072847682119205,0.007284768211920478,165.78621773187567,True,family,Normalised SCP,random_8,random,group_contribution
Polyesters,163,0.9141104294478528,0.01411042944785279,157.86754125126978,True,family,Normalised SCP,random_8,random,group_contribution
Polysulfides,12,0.9166666666666666,0.016666666666666607,178.5416740637338,True,family,Normalised SCP,random_8,random,group_contribution
Polyacrylics,122,0.9344262295081968,0.03442622950819674,224.37867923382944,True,family,Normalised SCP,random_8,random,group_contribution
Polycarbonates,43,0.9534883720930233,0.05348837209302326,146.14373431367315,True,family,Normalised SCP,random_8,random,group_contribution
Polyvinyls,45,0.9555555555555556,0.05555555555555558,266.88216694288525,True,family,Normalised SCP,random_8,random,group_contribution
Polyamides,189,0.9629629629629629,0.06296296296296289,159.11412449091785,True,family,Normalised SCP,random_8,random,group_contribution
Other backbone,13,1.0,0.09999999999999998,277.4931870173866,True,family,Normalised SCP,random_8,random,group_contribution
Polyhalo-olefins,8,1.0,0.09999999999999998,314.68856015145406,False,family,Normalised SCP,random_8,random,group_contribution
Polyphosphazenes,25,1.0,0.09999999999999998,323.99675667008495,True,family,Normalised SCP,random_8,random,group_contribution
0,38,0.7105263157894737,-0.18947368421052635,188.11211785468038,True,similarity,SCP,random_9,random,group_contribution
1,81,0.7901234567901234,-0.10987654320987661,188.11211785468043,True,similarity,SCP,random_9,random,group_contribution
2,151,0.8344370860927153,-0.06556291390728475,188.11211785468043,True,similarity,SCP,random_9,random,group_contribution
3,215,0.8604651162790697,-0.03953488372093028,188.1121178546805,True,similarity,SCP,random_9,random,group_contribution
4,282,0.9219858156028369,0.021985815602836856,188.11211785468046,True,similarity,SCP,random_9,random,group_contribution
5,668,0.9416167664670658,0.0416167664670658,188.1121178546805,True,similarity,SCP,random_9,random,group_contribution
Polyureas,8,0.5,-0.4,188.11211785468043,False,family,SCP,random_9,random,group_contribution
Other backbone,12,0.5833333333333334,-0.31666666666666665,188.11211785468046,True,family,SCP,random_9,random,group_contribution
Polydienes,14,0.7142857142857143,-0.18571428571428572,188.11211785468046,True,family,SCP,random_9,random,group_contribution
Polyphosphazenes,29,0.7241379310344828,-0.17586206896551726,188.11211785468035,True,family,SCP,random_9,random,group_contribution
Polyolefins,33,0.7575757575757576,-0.14242424242424245,188.11211785468043,True,family,SCP,random_9,random,group_contribution
Polyhalo-olefins,11,0.8181818181818182,-0.08181818181818179,188.11211785468046,True,family,SCP,random_9,random,group_contribution
Polyacrylics,135,0.8518518518518519,-0.04814814814814816,188.11211785468043,True,family,SCP,random_9,random,group_contribution
Polysiloxanes,49,0.8571428571428571,-0.04285714285714293,188.11211785468043,True,family,SCP,random_9,random,group_contribution
Polyimines,7,0.8571428571428571,-0.04285714285714293,188.11211785468046,False,family,SCP,random_9,random,group_contribution
Polyethers,129,0.8682170542635659,-0.03178294573643414,188.11211785468043,True,family,SCP,random_9,random,group_contribution
Polyvinyls,40,0.875,-0.025000000000000022,188.11211785468043,True,family,SCP,random_9,random,group_contribution
Polyphenylenes,73,0.8767123287671232,-0.023287671232876783,188.11211785468043,True,family,SCP,random_9,random,group_contribution
Polyanhydrides,9,0.8888888888888888,-0.011111111111111183,188.11211785468043,False,family,SCP,random_9,random,group_contribution
Polyurethanes,41,0.9024390243902439,0.0024390243902439046,188.11211785468043,True,family,SCP,random_9,random,group_contribution
Polysulfones,43,0.9302325581395349,0.03023255813953485,188.1121178546804,True,family,SCP,random_9,random,group_contribution
Polysulfides,15,0.9333333333333333,0.033333333333333326,188.11211785468046,True,family,SCP,random_9,random,group_contribution
Polyimides,325,0.9353846153846154,0.03538461538461535,188.11211785468043,True,family,SCP,random_9,random,group_contribution
Polyamides,227,0.9383259911894273,0.038325991189427255,188.1121178546805,True,family,SCP,random_9,random,group_contribution
Polyesters,158,0.9493670886075949,0.04936708860759487,188.11211785468043,True,family,SCP,random_9,random,group_contribution
Polycarbonates,36,0.9722222222222222,0.07222222222222219,188.11211785468038,True,family,SCP,random_9,random,group_contribution
Polystyrenes,41,0.975609756097561,0.07560975609756093,188.11211785468043,True,family,SCP,random_9,random,group_contribution
1,81,0.8395061728395061,-0.060493827160493896,225.30947483024508,True,similarity,Mondrian-similarity,random_9,random,group_contribution
0,38,0.868421052631579,-0.03157894736842104,295.0268984722928,True,similarity,Mondrian-similarity,random_9,random,group_contribution
5,668,0.8847305389221557,-0.015269461077844326,146.14278592500213,True,similarity,Mondrian-similarity,random_9,random,group_contribution
2,151,0.8874172185430463,-0.012582781456953684,215.27980693026487,True,similarity,Mondrian-similarity,random_9,random,group_contribution
4,282,0.8936170212765957,-0.00638297872340432,164.69014974690393,True,similarity,Mondrian-similarity,random_9,random,group_contribution
3,215,0.9348837209302325,0.03488372093023251,244.54839890964092,True,similarity,Mondrian-similarity,random_9,random,group_contribution
Polyureas,8,0.375,-0.525,165.74546165405553,False,family,Mondrian-similarity,random_9,random,group_contribution
Other backbone,12,0.6666666666666666,-0.2333333333333334,217.61456493573203,True,family,Mondrian-similarity,random_9,random,group_contribution
Polydienes,14,0.7142857142857143,-0.18571428571428572,221.66164087660792,True,family,Mondrian-similarity,random_9,random,group_contribution
Polyolefins,33,0.7878787878787878,-0.11212121212121218,220.68405492399563,True,family,Mondrian-similarity,random_9,random,group_contribution
Polyphosphazenes,29,0.7931034482758621,-0.10689655172413792,213.77138252067317,True,family,Mondrian-similarity,random_9,random,group_contribution
Polysiloxanes,49,0.8163265306122449,-0.0836734693877551,183.15254238761685,True,family,Mondrian-similarity,random_9,random,group_contribution
Polyhalo-olefins,11,0.8181818181818182,-0.08181818181818179,209.98192439440456,True,family,Mondrian-similarity,random_9,random,group_contribution
Polyurethanes,41,0.8292682926829268,-0.07073170731707323,172.00147702616363,True,family,Mondrian-similarity,random_9,random,group_contribution
Polyacrylics,135,0.8444444444444444,-0.05555555555555558,189.00538850145776,True,family,Mondrian-similarity,random_9,random,group_contribution
Polyimines,7,0.8571428571428571,-0.04285714285714293,186.76913637867827,False,family,Mondrian-similarity,random_9,random,group_contribution
Polysulfides,15,0.8666666666666667,-0.033333333333333326,190.04514807855008,True,family,Mondrian-similarity,random_9,random,group_contribution
Polyvinyls,40,0.875,-0.025000000000000022,202.10369345991165,True,family,Mondrian-similarity,random_9,random,group_contribution
Polyphenylenes,73,0.8767123287671232,-0.023287671232876783,188.98602191747386,True,family,Mondrian-similarity,random_9,random,group_contribution
Polyanhydrides,9,0.8888888888888888,-0.011111111111111183,187.48376792532406,False,family,Mondrian-similarity,random_9,random,group_contribution
Polyethers,129,0.9069767441860465,0.006976744186046435,180.33233878990015,True,family,Mondrian-similarity,random_9,random,group_contribution
Polyimides,325,0.9107692307692308,0.010769230769230753,164.09284346716456,True,family,Mondrian-similarity,random_9,random,group_contribution
Polyamides,227,0.9162995594713657,0.016299559471365632,170.73008215657848,True,family,Mondrian-similarity,random_9,random,group_contribution
Polysulfones,43,0.9302325581395349,0.03023255813953485,177.91274976925823,True,family,Mondrian-similarity,random_9,random,group_contribution
Polycarbonates,36,0.9444444444444444,0.0444444444444444,176.7637163992735,True,family,Mondrian-similarity,random_9,random,group_contribution
Polyesters,158,0.9493670886075949,0.04936708860759487,181.86094148121114,True,family,Mondrian-similarity,random_9,random,group_contribution
Polystyrenes,41,1.0,0.09999999999999998,205.2573817087951,True,family,Mondrian-similarity,random_9,random,group_contribution
0,38,0.6842105263157895,-0.21578947368421053,198.87445860132527,True,similarity,Mondrian-family,random_9,random,group_contribution
1,81,0.7530864197530864,-0.1469135802469136,200.6690143234537,True,similarity,Mondrian-family,random_9,random,group_contribution
2,151,0.847682119205298,-0.05231788079470201,194.5713331707363,True,similarity,Mondrian-family,random_9,random,group_contribution
3,215,0.8697674418604651,-0.03023255813953496,196.9699027168704,True,similarity,Mondrian-family,random_9,random,group_contribution
4,282,0.8936170212765957,-0.00638297872340432,181.48865459077086,True,similarity,Mondrian-family,random_9,random,group_contribution
5,668,0.9281437125748503,0.028143712574850266,174.2012866721079,True,similarity,Mondrian-family,random_9,random,group_contribution
Polyureas,8,0.5,-0.4,188.11211785468043,False,family,Mondrian-family,random_9,random,group_contribution
Other backbone,12,0.5833333333333334,-0.31666666666666665,188.11211785468046,True,family,Mondrian-family,random_9,random,group_contribution
Polydienes,14,0.7142857142857143,-0.18571428571428572,188.11211785468046,True,family,Mondrian-family,random_9,random,group_contribution
Polyolefins,33,0.7575757575757576,-0.14242424242424245,188.11211785468043,True,family,Mondrian-family,random_9,random,group_contribution
Polycarbonates,36,0.8055555555555556,-0.09444444444444444,105.8094298699518,True,family,Mondrian-family,random_9,random,group_contribution
Polyhalo-olefins,11,0.8181818181818182,-0.08181818181818179,188.11211785468046,True,family,Mondrian-family,random_9,random,group_contribution
Polyimides,325,0.8553846153846154,-0.04461538461538461,140.74018463714106,True,family,Mondrian-family,random_9,random,group_contribution
Polyimines,7,0.8571428571428571,-0.04285714285714293,188.11211785468046,False,family,Mondrian-family,random_9,random,group_contribution
Polyethers,129,0.8604651162790697,-0.03953488372093028,178.20805661498548,True,family,Mondrian-family,random_9,random,group_contribution
Polyanhydrides,9,0.8888888888888888,-0.011111111111111183,188.11211785468043,False,family,Mondrian-family,random_9,random,group_contribution
Polyacrylics,135,0.8962962962962963,-0.0037037037037037646,236.2026943188296,True,family,Mondrian-family,random_9,random,group_contribution
Polyphosphazenes,29,0.896551724137931,-0.0034482758620689724,262.9433722005315,True,family,Mondrian-family,random_9,random,group_contribution
Polyurethanes,41,0.9024390243902439,0.0024390243902439046,208.4841840236095,True,family,Mondrian-family,random_9,random,group_contribution
Polyamides,227,0.9030837004405287,0.003083700440528636,160.59147309559972,True,family,Mondrian-family,random_9,random,group_contribution
Polyphenylenes,73,0.9041095890410958,0.004109589041095818,199.41510475643244,True,family,Mondrian-family,random_9,random,group_contribution
Polysulfides,15,0.9333333333333333,0.033333333333333326,188.11211785468046,True,family,Mondrian-family,random_9,random,group_contribution
Polyesters,158,0.9430379746835443,0.04303797468354431,183.26870325547296,True,family,Mondrian-family,random_9,random,group_contribution
Polysiloxanes,49,0.9591836734693877,0.05918367346938769,244.96940371249633,True,family,Mondrian-family,random_9,random,group_contribution
Polyvinyls,40,0.975,0.07499999999999996,286.4472383785161,True,family,Mondrian-family,random_9,random,group_contribution
Polysulfones,43,0.9767441860465116,0.07674418604651156,200.53541966237069,True,family,Mondrian-family,random_9,random,group_contribution
Polystyrenes,41,1.0,0.09999999999999998,242.2124841706285,True,family,Mondrian-family,random_9,random,group_contribution
0,38,0.8157894736842105,-0.08421052631578951,272.14818710982894,True,similarity,Normalised SCP,random_9,random,group_contribution
1,81,0.8518518518518519,-0.04814814814814816,257.4795504104283,True,similarity,Normalised SCP,random_9,random,group_contribution
2,151,0.8940397350993378,-0.00596026490066226,222.400116293306,True,similarity,Normalised SCP,random_9,random,group_contribution
3,215,0.8976744186046511,-0.0023255813953488857,200.79679530593816,True,similarity,Normalised SCP,random_9,random,group_contribution
4,282,0.9042553191489362,0.004255319148936176,173.1920944748125,True,similarity,Normalised SCP,random_9,random,group_contribution
5,668,0.9341317365269461,0.03413173652694612,172.9649317099476,True,similarity,Normalised SCP,random_9,random,group_contribution
Polyolefins,33,0.7575757575757576,-0.14242424242424245,291.8109549035674,True,family,Normalised SCP,random_9,random,group_contribution
Polyimines,7,0.8571428571428571,-0.04285714285714293,155.55442374871896,False,family,Normalised SCP,random_9,random,group_contribution
Polyureas,8,0.875,-0.025000000000000022,267.23005426343383,False,family,Normalised SCP,random_9,random,group_contribution
Polyimides,325,0.8769230769230769,-0.023076923076923106,155.1704883380015,True,family,Normalised SCP,random_9,random,group_contribution
Polyurethanes,41,0.8780487804878049,-0.02195121951219514,192.32692906683178,True,family,Normalised SCP,random_9,random,group_contribution
Polyanhydrides,9,0.8888888888888888,-0.011111111111111183,187.14246784508146,False,family,Normalised SCP,random_9,random,group_contribution
Polyacrylics,135,0.8962962962962963,-0.0037037037037037646,232.74350494952733,True,family,Normalised SCP,random_9,random,group_contribution
Polyphenylenes,73,0.9041095890410958,0.004109589041095818,224.29649832177913,True,family,Normalised SCP,random_9,random,group_contribution
Polyhalo-olefins,11,0.9090909090909091,0.009090909090909038,302.5124559572912,True,family,Normalised SCP,random_9,random,group_contribution
Polyamides,227,0.9251101321585903,0.02511013215859026,163.4340077937398,True,family,Normalised SCP,random_9,random,group_contribution
Polydienes,14,0.9285714285714286,0.02857142857142858,330.5571947149834,True,family,Normalised SCP,random_9,random,group_contribution
Polyethers,129,0.9302325581395349,0.03023255813953485,193.50579324077358,True,family,Normalised SCP,random_9,random,group_contribution
Polysulfones,43,0.9302325581395349,0.03023255813953485,142.24931456534472,True,family,Normalised SCP,random_9,random,group_contribution
Polyphosphazenes,29,0.9310344827586207,0.03103448275862064,270.3539788501981,True,family,Normalised SCP,random_9,random,group_contribution
Polysulfides,15,0.9333333333333333,0.033333333333333326,208.148097563641,True,family,Normalised SCP,random_9,random,group_contribution
Polyesters,158,0.9367088607594937,0.036708860759493644,162.6431133420653,True,family,Normalised SCP,random_9,random,group_contribution
Polysiloxanes,49,0.9387755102040817,0.038775510204081653,233.13092006925916,True,family,Normalised SCP,random_9,random,group_contribution
Polycarbonates,36,0.9444444444444444,0.0444444444444444,148.381342591481,True,family,Normalised SCP,random_9,random,group_contribution
Polyvinyls,40,0.95,0.04999999999999993,222.20727076291763,True,family,Normalised SCP,random_9,random,group_contribution
Other backbone,12,1.0,0.09999999999999998,306.47159823738497,True,family,Normalised SCP,random_9,random,group_contribution
Polystyrenes,41,1.0,0.09999999999999998,233.0789085192702,True,family,Normalised SCP,random_9,random,group_contribution
