group,n,coverage,coverage_error,mean_width,reliable,taxonomy,conformal,split,regime,model
0,1406,0.7809388335704125,-0.11906116642958753,189.41683388657796,True,similarity,SCP,cluster_0,cluster,group_contribution
1,837,0.8757467144563919,-0.024253285543608172,189.41683388657793,True,similarity,SCP,cluster_0,cluster,group_contribution
2,382,0.9162303664921466,0.016230366492146597,189.41683388657793,True,similarity,SCP,cluster_0,cluster,group_contribution
3,86,0.9418604651162791,0.041860465116279055,189.41683388657796,True,similarity,SCP,cluster_0,cluster,group_contribution
4,5,1.0,0.09999999999999998,189.41683388657793,False,similarity,SCP,cluster_0,cluster,group_contribution
Polyhalo-olefins,1,0.0,-0.9,189.41683388657793,False,family,SCP,cluster_0,cluster,group_contribution
Polyphosphazenes,104,0.5384615384615384,-0.3615384615384616,189.41683388657793,True,family,SCP,cluster_0,cluster,group_contribution
Polyureas,11,0.5454545454545454,-0.3545454545454546,189.41683388657793,True,family,SCP,cluster_0,cluster,group_contribution
Polysulfides,5,0.6,-0.30000000000000004,189.41683388657793,False,family,SCP,cluster_0,cluster,group_contribution
Other backbone,37,0.6216216216216216,-0.2783783783783784,189.416833886578,True,family,SCP,cluster_0,cluster,group_contribution
Polyolefins,32,0.625,-0.275,189.41683388657793,True,family,SCP,cluster_0,cluster,group_contribution
Polysiloxanes,203,0.625615763546798,-0.274384236453202,189.41683388657793,True,family,SCP,cluster_0,cluster,group_contribution
Polyphenylenes,42,0.7380952380952381,-0.16190476190476188,189.41683388657796,True,family,SCP,cluster_0,cluster,group_contribution
Polyacrylics,498,0.7891566265060241,-0.11084337349397588,189.41683388657793,True,family,SCP,cluster_0,cluster,group_contribution
Polyanhydrides,36,0.8055555555555556,-0.09444444444444444,189.416833886578,True,family,SCP,cluster_0,cluster,group_contribution
Polyurethanes,169,0.8284023668639053,-0.07159763313609468,189.41683388657793,True,family,SCP,cluster_0,cluster,group_contribution
Polyimines,6,0.8333333333333334,-0.06666666666666665,189.41683388657793,False,family,SCP,cluster_0,cluster,group_contribution
Polyethers,157,0.8726114649681529,-0.027388535031847128,189.41683388657796,True,family,SCP,cluster_0,cluster,group_contribution
Polyamides,437,0.88558352402746,-0.014416475972540033,189.41683388657793,True,family,SCP,cluster_0,cluster,group_contribution
Polyimides,81,0.9012345679012346,0.0012345679012345512,189.41683388657793,True,family,SCP,cluster_0,cluster,group_contribution
Polyesters,648,0.9290123456790124,0.02901234567901234,189.41683388657793,True,family,SCP,cluster_0,cluster,group_contribution
Polysulfones,29,0.9310344827586207,0.03103448275862064,189.41683388657802,True,family,SCP,cluster_0,cluster,group_contribution
Polyvinyls,32,0.9375,0.03749999999999998,189.41683388657793,True,family,SCP,cluster_0,cluster,group_contribution
Polydienes,17,0.9411764705882353,0.04117647058823526,189.41683388657793,True,family,SCP,cluster_0,cluster,group_contribution
Polycarbonates,155,0.9419354838709677,0.04193548387096768,189.41683388657793,True,family,SCP,cluster_0,cluster,group_contribution
Polystyrenes,16,1.0,0.09999999999999998,189.41683388657793,True,family,SCP,cluster_0,cluster,group_contribution
2,382,0.9790575916230366,0.0790575916230366,307.6482496491336,True,similarity,Mondrian-similarity,cluster_0,cluster,group_contribution
3,86,0.9883720930232558,0.08837209302325577,240.97650819846257,True,similarity,Mondrian-similarity,cluster_0,cluster,group_contribution
0,1406,0.9914651493598862,0.09146514935988614,384.0271619646372,True,similarity,Mondrian-similarity,cluster_0,cluster,group_contribution
1,837,0.995221027479092,0.095221027479092,397.09999999999997,True,similarity,Mondrian-similarity,cluster_0,cluster,group_contribution
4,5,1.0,0.09999999999999998,176.91499248139098,False,similarity,Mondrian-similarity,cluster_0,cluster,group_contribution
Polyhalo-olefins,1,0.0,-0.9,384.0271619646372,False,family,Mondrian-similarity,cluster_0,cluster,group_contribution
Polyureas,11,0.9090909090909091,0.009090909090909038,389.9693610716203,True,family,Mondrian-similarity,cluster_0,cluster,group_contribution
Polyurethanes,169,0.9644970414201184,0.06449704142011836,380.88805112175146,True,family,Mondrian-similarity,cluster_0,cluster,group_contribution
Polyvinyls,32,0.96875,0.06874999999999998,382.8250385432849,True,family,Mondrian-similarity,cluster_0,cluster,group_contribution
Other backbone,37,0.972972972972973,0.072972972972973,383.0784516318604,True,family,Mondrian-similarity,cluster_0,cluster,group_contribution
Polyphosphazenes,104,0.9807692307692307,0.0807692307692307,385.15846525615905,True,family,Mondrian-similarity,cluster_0,cluster,group_contribution
Polyacrylics,498,0.9879518072289156,0.0879518072289156,369.4407148589697,True,family,Mondrian-similarity,cluster_0,cluster,group_contribution
Polyesters,648,0.9938271604938271,0.09382716049382711,366.23393880993785,True,family,Mondrian-similarity,cluster_0,cluster,group_contribution
Polysiloxanes,203,0.9950738916256158,0.09507389162561575,379.51228252710735,True,family,Mondrian-similarity,cluster_0,cluster,group_contribution
Polyamides,437,0.9954233409610984,0.09542334096109839,376.8647157786593,True,family,Mondrian-similarity,cluster_0,cluster,group_contribution
Polysulfones,29,1.0,0.09999999999999998,381.5353453949076,True,family,Mondrian-similarity,cluster_0,cluster,group_contribution
Polystyrenes,16,1.0,0.09999999999999998,349.1059153157262,True,family,Mondrian-similarity,cluster_0,cluster,group_contribution
Polyphenylenes,42,1.0,0.09999999999999998,381.63510309583825,True,family,Mondrian-similarity,cluster_0,cluster,group_contribution
Polyethers,157,1.0,0.09999999999999998,369.3575101752753,True,family,Mondrian-similarity,cluster_0,cluster,group_contribution
Polyimides,81,1.0,0.09999999999999998,368.1676791658053,True,family,Mondrian-similarity,cluster_0,cluster,group_contribution
Polydienes,17,1.0,0.09999999999999998,371.3175208522167,True,family,Mondrian-similarity,cluster_0,cluster,group_contribution
Polyolefins,32,1.0,0.09999999999999998,384.8442143418473,True,family,Mondrian-similarity,cluster_0,cluster,group_contribution
Polycarbonates,155,1.0,0.09999999999999998,358.69970217971945,True,family,Mondrian-similarity,cluster_0,cluster,group_contribution
Polyanhydrides,36,1.0,0.09999999999999998,386.3774779619205,True,family,Mondrian-similarity,cluster_0,cluster,group_contribution
Polyimines,6,1.0,0.09999999999999998,386.20596830386427,False,family,Mondrian-similarity,cluster_0,cluster,group_contribution
Polysulfides,5,1.0,0.09999999999999998,389.2562971787823,False,family,Mondrian-similarity,cluster_0,cluster,group_contribution
0,1406,0.8129445234708392,-0.08705547652916079,207.23068041932996,True,similarity,Mondrian-family,cluster_0,cluster,group_contribution
1,837,0.8853046594982079,-0.014695340501792109,201.49474597063835,True,similarity,Mondrian-family,cluster_0,cluster,group_contribution
2,382,0.918848167539267,0.01884816753926699,204.10503196383542,True,similarity,Mondrian-family,cluster_0,cluster,group_contribution
3,86,0.9651162790697675,0.06511627906976747,214.83999521157318,True,similarity,Mondrian-family,cluster_0,cluster,group_contribution
4,5,1.0,0.09999999999999998,224.14548789637524,False,similarity,Mondrian-family,cluster_0,cluster,group_contribution
Polyhalo-olefins,1,0.0,-0.9,189.41683388657793,False,family,Mondrian-family,cluster_0,cluster,group_contribution
Polyphosphazenes,104,0.5384615384615384,-0.3615384615384616,189.41683388657793,True,family,Mondrian-family,cluster_0,cluster,group_contribution
Polyureas,11,0.5454545454545454,-0.3545454545454546,189.41683388657793,True,family,Mondrian-family,cluster_0,cluster,group_contribution
Polysulfides,5,0.6,-0.30000000000000004,189.41683388657793,False,family,Mondrian-family,cluster_0,cluster,group_contribution
Other backbone,37,0.6216216216216216,-0.2783783783783784,189.416833886578,True,family,Mondrian-family,cluster_0,cluster,group_contribution
Polyolefins,32,0.625,-0.275,189.41683388657793,True,family,Mondrian-family,cluster_0,cluster,group_contribution
Polysiloxanes,203,0.625615763546798,-0.274384236453202,189.41683388657793,True,family,Mondrian-family,cluster_0,cluster,group_contribution
Polysulfones,29,0.7586206896551724,-0.14137931034482765,88.38631746514011,True,family,Mondrian-family,cluster_0,cluster,group_contribution
Polyanhydrides,36,0.8055555555555556,-0.09444444444444444,189.416833886578,True,family,Mondrian-family,cluster_0,cluster,group_contribution
Polyimides,81,0.8271604938271605,-0.07283950617283952,150.4364755629474,True,family,Mondrian-family,cluster_0,cluster,group_contribution
Polyurethanes,169,0.8284023668639053,-0.07159763313609468,189.41683388657793,True,family,Mondrian-family,cluster_0,cluster,group_contribution
Polyimines,6,0.8333333333333334,-0.06666666666666665,189.41683388657793,False,family,Mondrian-family,cluster_0,cluster,group_contribution
Polyamides,437,0.8489702517162472,-0.05102974828375284,177.17387281208337,True,family,Mondrian-family,cluster_0,cluster,group_contribution
Polyphenylenes,42,0.8809523809523809,-0.01904761904761909,218.25959456046098,True,family,Mondrian-family,cluster_0,cluster,group_contribution
Polyethers,157,0.9044585987261147,0.004458598726114649,200.80247957986046,True,family,Mondrian-family,cluster_0,cluster,group_contribution
Polyacrylics,498,0.9257028112449799,0.025702811244979862,277.56999959901447,True,family,Mondrian-family,cluster_0,cluster,group_contribution
Polyesters,648,0.933641975308642,0.03364197530864199,194.20678373588188,True,family,Mondrian-family,cluster_0,cluster,group_contribution
Polydienes,17,0.9411764705882353,0.04117647058823526,189.41683388657793,True,family,Mondrian-family,cluster_0,cluster,group_contribution
Polycarbonates,155,0.9419354838709677,0.04193548387096768,189.41683388657793,True,family,Mondrian-family,cluster_0,cluster,group_contribution
Polyvinyls,32,0.96875,0.06874999999999998,322.0783027966362,True,family,Mondrian-family,cluster_0,cluster,group_contribution
Polystyrenes,16,1.0,0.09999999999999998,209.1419641675833,True,family,Mondrian-family,cluster_0,cluster,group_contribution
0,1406,0.8691322901849218,-0.030867709815078248,248.10322675134086,True,similarity,Normalised SCP,cluster_0,cluster,group_contribution
2,382,0.8926701570680629,-0.007329842931937169,209.0499983345017,True,similarity,Normalised SCP,cluster_0,cluster,group_contribution
3,86,0.9069767441860465,0.006976744186046435,180.750599083078,True,similarity,Normalised SCP,cluster_0,cluster,group_contribution
1,837,0.927120669056153,0.027120669056152957,220.68258705726612,True,similarity,Normalised SCP,cluster_0,cluster,group_contribution
4,5,1.0,0.09999999999999998,179.83093086022714,False,similarity,Normalised SCP,cluster_0,cluster,group_contribution
Polyolefins,32,0.59375,-0.30625,210.4059674215797,True,family,Normalised SCP,cluster_0,cluster,group_contribution
Polysulfides,5,0.6,-0.30000000000000004,190.7786650351672,False,family,Normalised SCP,cluster_0,cluster,group_contribution
Polyphosphazenes,104,0.6634615384615384,-0.2365384615384616,272.3762629044356,True,family,Normalised SCP,cluster_0,cluster,group_contribution
Other backbone,37,0.7297297297297297,-0.1702702702702703,264.3750626945705,True,family,Normalised SCP,cluster_0,cluster,group_contribution
Polysiloxanes,203,0.7339901477832512,-0.1660098522167488,249.06821340563795,True,family,Normalised SCP,cluster_0,cluster,group_contribution
Polyimines,6,0.8333333333333334,-0.06666666666666665,224.26975427619618,False,family,Normalised SCP,cluster_0,cluster,group_contribution
Polyethers,157,0.8535031847133758,-0.046496815286624193,184.6723751904843,True,family,Normalised SCP,cluster_0,cluster,group_contribution
Polyvinyls,32,0.875,-0.025000000000000022,262.6876528979976,True,family,Normalised SCP,cluster_0,cluster,group_contribution
Polyurethanes,169,0.8875739644970414,-0.012426035502958621,232.96496350874972,True,family,Normalised SCP,cluster_0,cluster,group_contribution
Polyphenylenes,42,0.9047619047619048,0.004761904761904745,245.77973314351706,True,family,Normalised SCP,cluster_0,cluster,group_contribution
Polyureas,11,0.9090909090909091,0.009090909090909038,270.7340663483778,True,family,Normalised SCP,cluster_0,cluster,group_contribution
Polyacrylics,498,0.9096385542168675,0.009638554216867434,257.49131120152066,True,family,Normalised SCP,cluster_0,cluster,group_contribution
Polyesters,648,0.9151234567901234,0.01512345679012339,213.28208802954697,True,family,Normalised SCP,cluster_0,cluster,group_contribution
Polysulfones,29,0.9310344827586207,0.03103448275862064,179.78829059234565,True,family,Normalised SCP,cluster_0,cluster,group_contribution
Polystyrenes,16,0.9375,0.03749999999999998,175.56357778044804,True,family,Normalised SCP,cluster_0,cluster,group_contribution
Polycarbonates,155,0.9419354838709677,0.04193548387096768,207.73147706257717,True,family,Normalised SCP,cluster_0,cluster,group_contribution
Polyanhydrides,36,0.9444444444444444,0.0444444444444444,191.40697539991837,True,family,Normalised SCP,cluster_0,cluster,group_contribution
Polyimides,81,0.9629629629629629,0.06296296296296289,240.47612051490617,True,family,Normalised SCP,cluster_0,cluster,group_contribution
Polyamides,437,0.9748283752860412,0.07482837528604114,237.74357170461846,True,family,Normalised SCP,cluster_0,cluster,group_contribution
Polydienes,17,1.0,0.09999999999999998,278.69232864211153,True,family,Normalised SCP,cluster_0,cluster,group_contribution
Polyhalo-olefins,1,1.0,0.09999999999999998,411.78883882643186,False,family,Normalised SCP,cluster_0,cluster,group_contribution
0,1402,0.7417974322396577,-0.15820256776034236,192.5852243594082,True,similarity,SCP,cluster_1,cluster,group_contribution
1,816,0.8823529411764706,-0.01764705882352946,192.5852243594082,True,similarity,SCP,cluster_1,cluster,group_contribution
2,412,0.9004854368932039,0.0004854368932039055,192.58522435940822,True,similarity,SCP,cluster_1,cluster,group_contribution
3,127,0.905511811023622,0.005511811023621971,192.58522435940824,True,similarity,SCP,cluster_1,cluster,group_contribution
4,13,1.0,0.09999999999999998,192.5852243594082,True,similarity,SCP,cluster_1,cluster,group_contribution
Other backbone,5,0.0,-0.9,192.58522435940824,False,family,SCP,cluster_1,cluster,group_contribution
Polyolefins,51,0.43137254901960786,-0.46862745098039216,192.5852243594083,True,family,SCP,cluster_1,cluster,group_contribution
Polysulfides,16,0.5625,-0.3375,192.58522435940824,True,family,SCP,cluster_1,cluster,group_contribution
Polyureas,39,0.5897435897435898,-0.31025641025641026,192.58522435940822,True,family,SCP,cluster_1,cluster,group_contribution
Polydienes,14,0.6428571428571429,-0.2571428571428571,192.5852243594082,True,family,SCP,cluster_1,cluster,group_contribution
Polyvinyls,90,0.6555555555555556,-0.24444444444444446,192.58522435940824,True,family,SCP,cluster_1,cluster,group_contribution
Polyimides,19,0.7368421052631579,-0.16315789473684217,192.58522435940822,True,family,SCP,cluster_1,cluster,group_contribution
Polyurethanes,132,0.7424242424242424,-0.1575757575757576,192.58522435940827,True,family,SCP,cluster_1,cluster,group_contribution
Polyhalo-olefins,44,0.7727272727272727,-0.12727272727272732,192.58522435940824,True,family,SCP,cluster_1,cluster,group_contribution
Polyethers,245,0.7755102040816326,-0.1244897959183674,192.58522435940822,True,family,SCP,cluster_1,cluster,group_contribution
Polyimines,9,0.7777777777777778,-0.12222222222222223,192.58522435940824,False,family,SCP,cluster_1,cluster,group_contribution
Polyacrylics,435,0.8,-0.09999999999999998,192.5852243594082,True,family,SCP,cluster_1,cluster,group_contribution
Polyamides,723,0.8229598893499308,-0.07704011065006922,192.58522435940824,True,family,SCP,cluster_1,cluster,group_contribution
Polyesters,600,0.865,-0.03500000000000003,192.58522435940822,True,family,SCP,cluster_1,cluster,group_contribution
Polystyrenes,22,0.9090909090909091,0.009090909090909038,192.58522435940822,True,family,SCP,cluster_1,cluster,group_contribution
Polyphenylenes,55,0.9090909090909091,0.009090909090909038,192.58522435940836,True,family,SCP,cluster_1,cluster,group_contribution
Polyanhydrides,33,0.9393939393939394,0.039393939393939426,192.58522435940824,True,family,SCP,cluster_1,cluster,group_contribution
Polysulfones,50,0.96,0.05999999999999994,192.58522435940827,True,family,SCP,cluster_1,cluster,group_contribution
Polycarbonates,176,0.9715909090909091,0.07159090909090904,192.58522435940822,True,family,SCP,cluster_1,cluster,group_contribution
Polyphosphazenes,9,1.0,0.09999999999999998,192.58522435940824,False,family,SCP,cluster_1,cluster,group_contribution
Polysiloxanes,3,1.0,0.09999999999999998,192.58522435940824,False,family,SCP,cluster_1,cluster,group_contribution
3,127,0.9212598425196851,0.021259842519685046,200.08511944271592,True,similarity,Mondrian-similarity,cluster_1,cluster,group_contribution
1,816,0.9473039215686274,0.047303921568627394,247.11991427973044,True,similarity,Mondrian-similarity,cluster_1,cluster,group_contribution
2,412,0.9805825242718447,0.08058252427184465,289.8011016578056,True,similarity,Mondrian-similarity,cluster_1,cluster,group_contribution
0,1402,0.9950071326676176,0.09500713266761762,537.52,True,similarity,Mondrian-similarity,cluster_1,cluster,group_contribution
4,13,1.0,0.09999999999999998,177.30403574537144,True,similarity,Mondrian-similarity,cluster_1,cluster,group_contribution
Other backbone,5,0.8,-0.09999999999999998,479.4399828559461,False,family,Mondrian-similarity,cluster_1,cluster,group_contribution
Polyurethanes,132,0.9318181818181818,0.031818181818181746,329.20559520966924,True,family,Mondrian-similarity,cluster_1,cluster,group_contribution
Polyolefins,51,0.9411764705882353,0.04117647058823526,452.1082100822737,True,family,Mondrian-similarity,cluster_1,cluster,group_contribution
Polyimides,19,0.9473684210526315,0.047368421052631504,247.61070139282967,True,family,Mondrian-similarity,cluster_1,cluster,group_contribution
Polyesters,600,0.9666666666666667,0.06666666666666665,349.2906747096032,True,family,Mondrian-similarity,cluster_1,cluster,group_contribution
Polyanhydrides,33,0.9696969696969697,0.0696969696969697,321.40004300386323,True,family,Mondrian-similarity,cluster_1,cluster,group_contribution
Polyacrylics,435,0.9701149425287356,0.07011494252873562,386.2093065400557,True,family,Mondrian-similarity,cluster_1,cluster,group_contribution
Polyureas,39,0.9743589743589743,0.07435897435897432,473.7877638628666,True,family,Mondrian-similarity,cluster_1,cluster,group_contribution
Polyhalo-olefins,44,0.9772727272727273,0.07727272727272727,524.3199961036242,True,family,Mondrian-similarity,cluster_1,cluster,group_contribution
Polyvinyls,90,0.9777777777777777,0.07777777777777772,495.2718243831135,True,family,Mondrian-similarity,cluster_1,cluster,group_contribution
Polyethers,245,0.9795918367346939,0.07959183673469383,444.7476824408743,True,family,Mondrian-similarity,cluster_1,cluster,group_contribution
Polyamides,723,0.9847856154910097,0.08478561549100971,418.59323685584116,True,family,Mondrian-similarity,cluster_1,cluster,group_contribution
Polyphosphazenes,9,1.0,0.09999999999999998,408.45329523543575,False,family,Mondrian-similarity,cluster_1,cluster,group_contribution
Polyimines,9,1.0,0.09999999999999998,472.98664761771784,False,family,Mondrian-similarity,cluster_1,cluster,group_contribution
Polyphenylenes,55,1.0,0.09999999999999998,439.5280351536201,True,family,Mondrian-similarity,cluster_1,cluster,group_contribution
Polydienes,14,1.0,0.09999999999999998,484.43737892667275,True,family,Mondrian-similarity,cluster_1,cluster,group_contribution
Polysulfones,50,1.0,0.09999999999999998,400.8561946154802,True,family,Mondrian-similarity,cluster_1,cluster,group_contribution
Polystyrenes,22,1.0,0.09999999999999998,339.70242421196696,True,family,Mondrian-similarity,cluster_1,cluster,group_contribution
Polycarbonates,176,1.0,0.09999999999999998,377.9225255480942,True,family,Mondrian-similarity,cluster_1,cluster,group_contribution
Polysulfides,16,1.0,0.09999999999999998,519.3699946424831,True,family,Mondrian-similarity,cluster_1,cluster,group_contribution
Polysiloxanes,3,1.0,0.09999999999999998,537.52,False,family,Mondrian-similarity,cluster_1,cluster,group_contribution
0,1402,0.7746077032810271,-0.1253922967189729,217.47283478500364,True,similarity,Mondrian-family,cluster_1,cluster,group_contribution
2,412,0.9004854368932039,0.0004854368932039055,235.8879015896234,True,similarity,Mondrian-family,cluster_1,cluster,group_contribution
1,816,0.9350490196078431,0.035049019607843124,244.3648906853088,True,similarity,Mondrian-family,cluster_1,cluster,group_contribution
3,127,0.968503937007874,0.06850393700787394,235.89890386283494,True,similarity,Mondrian-family,cluster_1,cluster,group_contribution
4,13,1.0,0.09999999999999998,208.87951066232938,True,similarity,Mondrian-family,cluster_1,cluster,group_contribution
Other backbone,5,0.0,-0.9,192.58522435940824,False,family,Mondrian-family,cluster_1,cluster,group_contribution
Polyolefins,51,0.43137254901960786,-0.46862745098039216,192.5852243594083,True,family,Mondrian-family,cluster_1,cluster,group_contribution
Polysulfides,16,0.5625,-0.3375,192.58522435940824,True,family,Mondrian-family,cluster_1,cluster,group_contribution
Polyureas,39,0.5897435897435898,-0.31025641025641026,192.58522435940822,True,family,Mondrian-family,cluster_1,cluster,group_contribution
Polyimides,19,0.631578947368421,-0.268421052631579,145.96255769990077,True,family,Mondrian-family,cluster_1,cluster,group_contribution
Polydienes,14,0.6428571428571429,-0.2571428571428571,192.5852243594082,True,family,Mondrian-family,cluster_1,cluster,group_contribution
Polyethers,245,0.6571428571428571,-0.24285714285714288,142.29747561697263,True,family,Mondrian-family,cluster_1,cluster,group_contribution
Polyvinyls,90,0.6888888888888889,-0.21111111111111114,206.47957508577795,True,family,Mondrian-family,cluster_1,cluster,group_contribution
Polyurethanes,132,0.7424242424242424,-0.1575757575757576,192.58522435940827,True,family,Mondrian-family,cluster_1,cluster,group_contribution
Polyhalo-olefins,44,0.7727272727272727,-0.12727272727272732,192.58522435940824,True,family,Mondrian-family,cluster_1,cluster,group_contribution
Polyimines,9,0.7777777777777778,-0.12222222222222223,192.58522435940824,False,family,Mondrian-family,cluster_1,cluster,group_contribution
Polyamides,723,0.8354080221300139,-0.06459197786998616,199.7906162398148,True,family,Mondrian-family,cluster_1,cluster,group_contribution
Polysulfones,50,0.88,-0.020000000000000018,153.1782554612589,True,family,Mondrian-family,cluster_1,cluster,group_contribution
Polyacrylics,435,0.8988505747126436,-0.0011494252873563982,247.11991427973044,True,family,Mondrian-family,cluster_1,cluster,group_contribution
Polyphenylenes,55,0.9090909090909091,0.009090909090909038,196.59737304101387,True,family,Mondrian-family,cluster_1,cluster,group_contribution
Polyanhydrides,33,0.9393939393939394,0.039393939393939426,192.58522435940824,True,family,Mondrian-family,cluster_1,cluster,group_contribution
Polystyrenes,22,0.9545454545454546,0.054545454545454564,228.3184213171092,True,family,Mondrian-family,cluster_1,cluster,group_contribution
Polycarbonates,176,0.9715909090909091,0.07159090909090904,192.58522435940822,True,family,Mondrian-family,cluster_1,cluster,group_contribution
Polyesters,600,0.9916666666666667,0.09166666666666667,331.46019776694396,True,family,Mondrian-family,cluster_1,cluster,group_contribution
Polyphosphazenes,9,1.0,0.09999999999999998,337.11645625599675,False,family,Mondrian-family,cluster_1,cluster,group_contribution
Polysiloxanes,3,1.0,0.09999999999999998,212.4310501195621,False,family,Mondrian-family,cluster_1,cluster,group_contribution
0,1402,0.8402282453637661,-0.059771754636233965,228.974109173918,True,similarity,Normalised SCP,cluster_1,cluster,group_contribution
3,127,0.889763779527559,-0.010236220472440993,176.41525310721346,True,similarity,Normalised SCP,cluster_1,cluster,group_contribution
2,412,0.8907766990291263,-0.00922330097087376,179.202390190002,True,similarity,Normalised SCP,cluster_1,cluster,group_contribution
1,816,0.9142156862745098,0.014215686274509753,189.73897902271034,True,similarity,Normalised SCP,cluster_1,cluster,group_contribution
4,13,1.0,0.09999999999999998,164.66452184529393,True,similarity,Normalised SCP,cluster_1,cluster,group_contribution
Other backbone,5,0.4,-0.5,255.04019921204605,False,family,Normalised SCP,cluster_1,cluster,group_contribution
Polyureas,39,0.6410256410256411,-0.25897435897435894,265.1043533943681,True,family,Normalised SCP,cluster_1,cluster,group_contribution
Polyimines,9,0.7777777777777778,-0.12222222222222223,230.76308784353336,False,family,Normalised SCP,cluster_1,cluster,group_contribution
Polyurethanes,132,0.7878787878787878,-0.11212121212121218,198.79817078979795,True,family,Normalised SCP,cluster_1,cluster,group_contribution
Polyethers,245,0.8244897959183674,-0.07551020408163267,227.20762672497557,True,family,Normalised SCP,cluster_1,cluster,group_contribution
Polyphenylenes,55,0.8363636363636363,-0.06363636363636371,211.83337196644763,True,family,Normalised SCP,cluster_1,cluster,group_contribution
Polyimides,19,0.8421052631578947,-0.05789473684210533,170.50139249918183,True,family,Normalised SCP,cluster_1,cluster,group_contribution
Polyacrylics,435,0.8459770114942529,-0.05402298850574716,215.4842159027281,True,family,Normalised SCP,cluster_1,cluster,group_contribution
Polydienes,14,0.8571428571428571,-0.04285714285714293,272.7560081460602,True,family,Normalised SCP,cluster_1,cluster,group_contribution
Polyesters,600,0.8766666666666667,-0.023333333333333317,168.1624254905646,True,family,Normalised SCP,cluster_1,cluster,group_contribution
Polyamides,723,0.8962655601659751,-0.003734439834024883,204.61347085637297,True,family,Normalised SCP,cluster_1,cluster,group_contribution
Polyhalo-olefins,44,0.9090909090909091,0.009090909090909038,304.97893396269393,True,family,Normalised SCP,cluster_1,cluster,group_contribution
Polyanhydrides,33,0.9090909090909091,0.009090909090909038,147.09862195935244,True,family,Normalised SCP,cluster_1,cluster,group_contribution
Polyolefins,51,0.9215686274509803,0.021568627450980316,385.4170181037717,True,family,Normalised SCP,cluster_1,cluster,group_contribution
Polyvinyls,90,0.9222222222222223,0.022222222222222254,311.9211163483331,True,family,Normalised SCP,cluster_1,cluster,group_contribution
Polycarbonates,176,0.9261363636363636,0.026136363636363624,163.77214747871673,True,family,Normalised SCP,cluster_1,cluster,group_contribution
Polysulfides,16,0.9375,0.03749999999999998,349.2450810490717,True,family,Normalised SCP,cluster_1,cluster,group_contribution
Polystyrenes,22,0.9545454545454546,0.054545454545454564,198.21664665846384,True,family,Normalised SCP,cluster_1,cluster,group_contribution
Polysulfones,50,1.0,0.09999999999999998,187.89392734916404,True,family,Normalised SCP,cluster_1,cluster,group_contribution
Polyphosphazenes,9,1.0,0.09999999999999998,289.26249470769056,False,family,Normalised SCP,cluster_1,cluster,group_contribution
Polysiloxanes,3,1.0,0.09999999999999998,192.12932882208054,False,family,Normalised SCP,cluster_1,cluster,group_contribution
0,1138,0.68804920913884,-0.21195079086115998,172.9393064975028,True,similarity,SCP,cluster_2,cluster,group_contribution
1,1009,0.8384539147670962,-0.061546085232903835,172.93930649750283,True,similarity,SCP,cluster_2,cluster,group_contribution
2,380,0.9052631578947369,0.0052631578947368585,172.93930649750283,True,similarity,SCP,cluster_2,cluster,group_contribution
3,98,0.9081632653061225,0.008163265306122436,172.9393064975028,True,similarity,SCP,cluster_2,cluster,group_contribution
4,13,1.0,0.09999999999999998,172.93930649750286,True,similarity,SCP,cluster_2,cluster,group_contribution
Polydienes,1,0.0,-0.9,172.9393064975028,False,family,SCP,cluster_2,cluster,group_contribution
Polyureas,4,0.25,-0.65,172.9393064975028,False,family,SCP,cluster_2,cluster,group_contribution
Polyphenylenes,79,0.46835443037974683,-0.4316455696202532,172.93930649750283,True,family,SCP,cluster_2,cluster,group_contribution
Polysiloxanes,2,0.5,-0.4,172.9393064975028,False,family,SCP,cluster_2,cluster,group_contribution
Polyesters,55,0.6727272727272727,-0.2272727272727273,172.93930649750283,True,family,SCP,cluster_2,cluster,group_contribution
Polycarbonates,10,0.7,-0.20000000000000007,172.93930649750283,True,family,SCP,cluster_2,cluster,group_contribution
Polyimides,1604,0.7736907730673317,-0.12630922693266833,172.93930649750283,True,family,SCP,cluster_2,cluster,group_contribution
Polyethers,407,0.7936117936117936,-0.10638820638820645,172.9393064975028,True,family,SCP,cluster_2,cluster,group_contribution
Polysulfides,15,0.8666666666666667,-0.033333333333333326,172.93930649750286,True,family,SCP,cluster_2,cluster,group_contribution
Polysulfones,151,0.8675496688741722,-0.03245033112582785,172.93930649750283,True,family,SCP,cluster_2,cluster,group_contribution
Polyvinyls,55,0.8909090909090909,-0.00909090909090915,172.93930649750283,True,family,SCP,cluster_2,cluster,group_contribution
Polyamides,219,0.908675799086758,0.008675799086757974,172.93930649750283,True,family,SCP,cluster_2,cluster,group_contribution
Polyurethanes,4,1.0,0.09999999999999998,172.9393064975028,False,family,SCP,cluster_2,cluster,group_contribution
Polyimines,32,1.0,0.09999999999999998,172.9393064975028,True,family,SCP,cluster_2,cluster,group_contribution
2,380,0.9131578947368421,0.013157894736842035,186.43831241707835,True,similarity,Mondrian-similarity,cluster_2,cluster,group_contribution
3,98,0.9183673469387755,0.01836734693877551,185.29424573372515,True,similarity,Mondrian-similarity,cluster_2,cluster,group_contribution
0,1138,0.961335676625659,0.061335676625658975,339.1914046077222,True,similarity,Mondrian-similarity,cluster_2,cluster,group_contribution
1,1009,0.9702675916749257,0.07026759167492569,285.37633654170605,True,similarity,Mondrian-similarity,cluster_2,cluster,group_contribution
4,13,1.0,0.09999999999999998,179.10501576970142,True,similarity,Mondrian-similarity,cluster_2,cluster,group_contribution
Polydienes,1,0.0,-0.9,339.19140460772223,False,family,Mondrian-similarity,cluster_2,cluster,group_contribution
Polysiloxanes,2,0.5,-0.4,262.8148585124003,False,family,Mondrian-similarity,cluster_2,cluster,group_contribution
Polyureas,4,0.75,-0.15000000000000002,287.5493645435572,False,family,Mondrian-similarity,cluster_2,cluster,group_contribution
Polyphenylenes,79,0.8607594936708861,-0.03924050632911391,329.0833804433825,True,family,Mondrian-similarity,cluster_2,cluster,group_contribution
Polycarbonates,10,0.9,0.0,281.61884546825,True,family,Mondrian-similarity,cluster_2,cluster,group_contribution
Polyesters,55,0.9454545454545454,0.045454545454545414,259.24136791325,True,family,Mondrian-similarity,cluster_2,cluster,group_contribution
Polyimides,1604,0.9532418952618454,0.05324189526184542,297.83955276682127,True,family,Mondrian-similarity,cluster_2,cluster,group_contribution
Polyethers,407,0.9631449631449631,0.0631449631449631,281.8239092053077,True,family,Mondrian-similarity,cluster_2,cluster,group_contribution
Polysulfones,151,0.9801324503311258,0.08013245033112582,281.3172612421708,True,family,Mondrian-similarity,cluster_2,cluster,group_contribution
Polyamides,219,0.9817351598173516,0.08173515981735158,238.24590865673144,True,family,Mondrian-similarity,cluster_2,cluster,group_contribution
Polyvinyls,55,1.0,0.09999999999999998,335.2775814756483,True,family,Mondrian-similarity,cluster_2,cluster,group_contribution
Polysulfides,15,1.0,0.09999999999999998,314.65718031074164,True,family,Mondrian-similarity,cluster_2,cluster,group_contribution
Polyurethanes,4,1.0,0.09999999999999998,233.78798364670965,False,family,Mondrian-similarity,cluster_2,cluster,group_contribution
Polyimines,32,1.0,0.09999999999999998,281.38193582758777,True,family,Mondrian-similarity,cluster_2,cluster,group_contribution
0,1138,0.7100175746924429,-0.18998242530755716,188.17099284482748,True,similarity,Mondrian-family,cluster_2,cluster,group_contribution
1,1009,0.8602576808721506,-0.039742319127849424,185.80247878361604,True,similarity,Mondrian-family,cluster_2,cluster,group_contribution
3,98,0.8775510204081632,-0.022448979591836782,160.24346212761074,True,similarity,Mondrian-family,cluster_2,cluster,group_contribution
2,380,0.9105263157894737,0.010526315789473717,176.43876015660237,True,similarity,Mondrian-family,cluster_2,cluster,group_contribution
4,13,1.0,0.09999999999999998,154.6891473539616,True,similarity,Mondrian-family,cluster_2,cluster,group_contribution
Polydienes,1,0.0,-0.9,172.9393064975028,False,family,Mondrian-family,cluster_2,cluster,group_contribution
Polyureas,4,0.25,-0.65,172.9393064975028,False,family,Mondrian-family,cluster_2,cluster,group_contribution
Polysiloxanes,2,0.5,-0.4,131.66891094783898,False,family,Mondrian-family,cluster_2,cluster,group_contribution
Polyesters,55,0.5272727272727272,-0.3727272727272728,125.85828509666327,True,family,Mondrian-family,cluster_2,cluster,group_contribution
Polyphenylenes,79,0.6075949367088608,-0.29240506329113924,246.1887066984911,True,family,Mondrian-family,cluster_2,cluster,group_contribution
Polycarbonates,10,0.7,-0.20000000000000007,167.47470199603708,True,family,Mondrian-family,cluster_2,cluster,group_contribution
Polyethers,407,0.7813267813267813,-0.11867321867321867,166.70057471781993,True,family,Mondrian-family,cluster_2,cluster,group_contribution
Polyimides,1604,0.8110972568578554,-0.08890274314214464,194.84561838954892,True,family,Mondrian-family,cluster_2,cluster,group_contribution
Polyvinyls,55,0.8363636363636363,-0.06363636363636371,158.49842408374033,True,family,Mondrian-family,cluster_2,cluster,group_contribution
Polysulfides,15,0.8666666666666667,-0.033333333333333326,172.93930649750286,True,family,Mondrian-family,cluster_2,cluster,group_contribution
Polysulfones,151,0.8675496688741722,-0.03245033112582785,172.93930649750283,True,family,Mondrian-family,cluster_2,cluster,group_contribution
Polyamides,219,0.867579908675799,-0.032420091324200984,150.77341390284457,True,family,Mondrian-family,cluster_2,cluster,group_contribution
Polyurethanes,4,1.0,0.09999999999999998,210.66591675857183,False,family,Mondrian-family,cluster_2,cluster,group_contribution
Polyimines,32,1.0,0.09999999999999998,172.9393064975028,True,family,Mondrian-family,cluster_2,cluster,group_contribution
0,1138,0.7398945518453427,-0.16010544815465733,194.24538343543043,True,similarity,Normalised SCP,cluster_2,cluster,group_contribution
1,1009,0.846382556987116,-0.05361744301288407,176.980409186804,True,similarity,Normalised SCP,cluster_2,cluster,group_contribution
2,380,0.9131578947368421,0.013157894736842035,181.88119634151417,True,similarity,Normalised SCP,cluster_2,cluster,group_contribution
3,98,0.9183673469387755,0.01836734693877551,205.41978445816684,True,similarity,Normalised SCP,cluster_2,cluster,group_contribution
4,13,1.0,0.09999999999999998,206.49595243438128,True,similarity,Normalised SCP,cluster_2,cluster,group_contribution
Polydienes,1,0.0,-0.9,292.61282688864105,False,family,Normalised SCP,cluster_2,cluster,group_contribution
Polyureas,4,0.25,-0.65,185.98342974868902,False,family,Normalised SCP,cluster_2,cluster,group_contribution
Polysiloxanes,2,0.5,-0.4,211.36290295120145,False,family,Normalised SCP,cluster_2,cluster,group_contribution
Polyphenylenes,79,0.6455696202531646,-0.25443037974683547,222.92191721020276,True,family,Normalised SCP,cluster_2,cluster,group_contribution
Polyesters,55,0.6727272727272727,-0.2272727272727273,174.3355564668419,True,family,Normalised SCP,cluster_2,cluster,group_contribution
Polyimides,1604,0.7961346633416458,-0.10386533665835418,182.51619183925857,True,family,Normalised SCP,cluster_2,cluster,group_contribution
Polycarbonates,10,0.8,-0.09999999999999998,186.41730990634431,True,family,Normalised SCP,cluster_2,cluster,group_contribution
Polysulfones,151,0.8278145695364238,-0.07218543046357617,167.8922204940463,True,family,Normalised SCP,cluster_2,cluster,group_contribution
Polyethers,407,0.8501228501228502,-0.04987714987714986,187.81640121422328,True,family,Normalised SCP,cluster_2,cluster,group_contribution
Polysulfides,15,0.8666666666666667,-0.033333333333333326,176.42645570775355,True,family,Normalised SCP,cluster_2,cluster,group_contribution
Polyamides,219,0.9041095890410958,0.004109589041095818,196.93209895341388,True,family,Normalised SCP,cluster_2,cluster,group_contribution
Polyvinyls,55,0.9636363636363636,0.0636363636363636,242.1614000748376,True,family,Normalised SCP,cluster_2,cluster,group_contribution
Polyurethanes,4,1.0,0.09999999999999998,116.82748682791721,False,family,Normalised SCP,cluster_2,cluster,group_contribution
Polyimines,32,1.0,0.09999999999999998,216.32818169980794,True,family,Normalised SCP,cluster_2,cluster,group_contribution
0,822,0.7700729927007299,-0.1299270072992701,195.40207654618695,True,similarity,SCP,cluster_3,cluster,group_contribution
4,8,0.875,-0.025000000000000022,195.402076546187,False,similarity,SCP,cluster_3,cluster,group_contribution
3,60,0.8833333333333333,-0.01666666666666672,195.40207654618698,True,similarity,SCP,cluster_3,cluster,group_contribution
1,392,0.8903061224489796,-0.009693877551020469,195.40207654618695,True,similarity,SCP,cluster_3,cluster,group_contribution
2,163,0.8957055214723927,-0.004294478527607337,195.40207654618698,True,similarity,SCP,cluster_3,cluster,group_contribution
Polyphosphazenes,24,0.5,-0.4,195.40207654618698,True,family,SCP,cluster_3,cluster,group_contribution
Polyanhydrides,20,0.6,-0.30000000000000004,195.40207654618698,True,family,SCP,cluster_3,cluster,group_contribution
Polystyrenes,8,0.625,-0.275,195.402076546187,False,family,SCP,cluster_3,cluster,group_contribution
Polysiloxanes,6,0.6666666666666666,-0.2333333333333334,195.402076546187,False,family,SCP,cluster_3,cluster,group_contribution
Polyacrylics,38,0.7105263157894737,-0.18947368421052635,195.40207654618706,True,family,SCP,cluster_3,cluster,group_contribution
Polyphenylenes,299,0.7324414715719063,-0.1675585284280937,195.40207654618698,True,family,SCP,cluster_3,cluster,group_contribution
Polyolefins,45,0.7333333333333333,-0.16666666666666674,195.40207654618695,True,family,SCP,cluster_3,cluster,group_contribution
Polyethers,131,0.7557251908396947,-0.14427480916030533,195.40207654618698,True,family,SCP,cluster_3,cluster,group_contribution
Polyimines,14,0.7857142857142857,-0.11428571428571432,195.40207654618695,True,family,SCP,cluster_3,cluster,group_contribution
Other backbone,29,0.7931034482758621,-0.10689655172413792,195.40207654618703,True,family,SCP,cluster_3,cluster,group_contribution
Polysulfides,34,0.7941176470588235,-0.10588235294117654,195.40207654618703,True,family,SCP,cluster_3,cluster,group_contribution
Polyvinyls,39,0.8205128205128205,-0.07948717948717954,195.40207654618706,True,family,SCP,cluster_3,cluster,group_contribution
Polyureas,29,0.8275862068965517,-0.07241379310344831,195.40207654618706,True,family,SCP,cluster_3,cluster,group_contribution
Polyamides,365,0.873972602739726,-0.026027397260274032,195.40207654618698,True,family,SCP,cluster_3,cluster,group_contribution
Polydienes,27,0.8888888888888888,-0.011111111111111183,195.402076546187,True,family,SCP,cluster_3,cluster,group_contribution
Polysulfones,27,0.8888888888888888,-0.011111111111111183,195.40207654618703,True,family,SCP,cluster_3,cluster,group_contribution
Polyesters,114,0.9035087719298246,0.0035087719298245723,195.40207654618695,True,family,SCP,cluster_3,cluster,group_contribution
Polyurethanes,49,0.9387755102040817,0.038775510204081653,195.402076546187,True,family,SCP,cluster_3,cluster,group_contribution
Polycarbonates,33,0.9696969696969697,0.0696969696969697,195.402076546187,True,family,SCP,cluster_3,cluster,group_contribution
Polyimides,90,0.9777777777777777,0.07777777777777772,195.40207654618695,True,family,SCP,cluster_3,cluster,group_contribution
Polyhalo-olefins,24,1.0,0.09999999999999998,195.40207654618698,True,family,SCP,cluster_3,cluster,group_contribution
4,8,0.875,-0.025000000000000022,169.65698115757687,False,similarity,Mondrian-similarity,cluster_3,cluster,group_contribution
3,60,0.9333333333333333,0.033333333333333326,231.29021336691355,True,similarity,Mondrian-similarity,cluster_3,cluster,group_contribution
2,163,0.9631901840490797,0.06319018404907972,287.93175003599845,True,similarity,Mondrian-similarity,cluster_3,cluster,group_contribution
1,392,0.9693877551020408,0.06938775510204076,302.8541035731914,True,similarity,Mondrian-similarity,cluster_3,cluster,group_contribution
0,822,0.9939172749391727,0.09391727493917268,529.0713892123758,True,similarity,Mondrian-similarity,cluster_3,cluster,group_contribution
Polysiloxanes,6,0.8333333333333334,-0.06666666666666665,399.061313512673,False,family,Mondrian-similarity,cluster_3,cluster,group_contribution
Polyacrylics,38,0.8947368421052632,-0.0052631578947368585,350.139604971097,True,family,Mondrian-similarity,cluster_3,cluster,group_contribution
Polyureas,29,0.9655172413793104,0.06551724137931036,379.31637239320054,True,family,Mondrian-similarity,cluster_3,cluster,group_contribution
Polyamides,365,0.9671232876712329,0.06712328767123288,377.5491716731268,True,family,Mondrian-similarity,cluster_3,cluster,group_contribution
Polysulfides,34,0.9705882352941176,0.07058823529411762,404.13222725731856,True,family,Mondrian-similarity,cluster_3,cluster,group_contribution
Polyethers,131,0.9770992366412213,0.07709923664122131,444.4945495383589,True,family,Mondrian-similarity,cluster_3,cluster,group_contribution
Polyolefins,45,0.9777777777777777,0.07777777777777772,448.6385765406657,True,family,Mondrian-similarity,cluster_3,cluster,group_contribution
Polyurethanes,49,0.9795918367346939,0.07959183673469383,346.5864164625357,True,family,Mondrian-similarity,cluster_3,cluster,group_contribution
Polyphenylenes,299,0.9899665551839465,0.08996655518394647,479.6112665075386,True,family,Mondrian-similarity,cluster_3,cluster,group_contribution
Polyesters,114,0.9912280701754386,0.09122807017543855,387.3130217116612,True,family,Mondrian-similarity,cluster_3,cluster,group_contribution
Polyhalo-olefins,24,1.0,0.09999999999999998,519.6456689774099,True,family,Mondrian-similarity,cluster_3,cluster,group_contribution
Polyimines,14,1.0,0.09999999999999998,479.53037417989395,True,family,Mondrian-similarity,cluster_3,cluster,group_contribution
Polyimides,90,1.0,0.09999999999999998,423.1904287300075,True,family,Mondrian-similarity,cluster_3,cluster,group_contribution
Other backbone,29,1.0,0.09999999999999998,450.03630081698856,True,family,Mondrian-similarity,cluster_3,cluster,group_contribution
Polydienes,27,1.0,0.09999999999999998,495.5577172658299,True,family,Mondrian-similarity,cluster_3,cluster,group_contribution
Polyvinyls,39,1.0,0.09999999999999998,500.0691731047879,True,family,Mondrian-similarity,cluster_3,cluster,group_contribution
Polyanhydrides,20,1.0,0.09999999999999998,529.0713892123756,True,family,Mondrian-similarity,cluster_3,cluster,group_contribution
Polystyrenes,8,1.0,0.09999999999999998,444.2399070976817,False,family,Mondrian-similarity,cluster_3,cluster,group_contribution
Polyphosphazenes,24,1.0,0.09999999999999998,491.36850827251175,True,family,Mondrian-similarity,cluster_3,cluster,group_contribution
Polysulfones,27,1.0,0.09999999999999998,431.4948781041064,True,family,Mondrian-similarity,cluster_3,cluster,group_contribution
Polycarbonates,33,1.0,0.09999999999999998,418.0337034293901,True,family,Mondrian-similarity,cluster_3,cluster,group_contribution
0,822,0.7846715328467153,-0.11532846715328471,202.0480624861943,True,similarity,Mondrian-family,cluster_3,cluster,group_contribution
4,8,0.875,-0.025000000000000022,197.35934774123143,False,similarity,Mondrian-family,cluster_3,cluster,group_contribution
2,163,0.8773006134969326,-0.022699386503067465,197.70360947418408,True,similarity,Mondrian-family,cluster_3,cluster,group_contribution
3,60,0.8833333333333333,-0.01666666666666672,190.6550210841995,True,similarity,Mondrian-family,cluster_3,cluster,group_contribution
1,392,0.8852040816326531,-0.01479591836734695,194.98402827876595,True,similarity,Mondrian-family,cluster_3,cluster,group_contribution
Polyphosphazenes,24,0.5,-0.4,195.40207654618698,True,family,Mondrian-family,cluster_3,cluster,group_contribution
Polyanhydrides,20,0.6,-0.30000000000000004,195.40207654618698,True,family,Mondrian-family,cluster_3,cluster,group_contribution
Polysiloxanes,6,0.6666666666666666,-0.2333333333333334,211.3577365611608,False,family,Mondrian-family,cluster_3,cluster,group_contribution
Polysulfones,27,0.6666666666666666,-0.2333333333333334,137.50609304505076,True,family,Mondrian-family,cluster_3,cluster,group_contribution
Polyethers,131,0.7251908396946565,-0.17480916030534355,172.33947170217587,True,family,Mondrian-family,cluster_3,cluster,group_contribution
Polyolefins,45,0.7333333333333333,-0.16666666666666674,195.40207654618695,True,family,Mondrian-family,cluster_3,cluster,group_contribution
Polyacrylics,38,0.7368421052631579,-0.16315789473684217,218.7239469511875,True,family,Mondrian-family,cluster_3,cluster,group_contribution
Polyimines,14,0.7857142857142857,-0.11428571428571432,195.40207654618695,True,family,Mondrian-family,cluster_3,cluster,group_contribution
Other backbone,29,0.7931034482758621,-0.10689655172413792,195.40207654618703,True,family,Mondrian-family,cluster_3,cluster,group_contribution
Polysulfides,34,0.7941176470588235,-0.10588235294117654,195.40207654618703,True,family,Mondrian-family,cluster_3,cluster,group_contribution
Polyphenylenes,299,0.7993311036789298,-0.10066889632107023,224.83531556049414,True,family,Mondrian-family,cluster_3,cluster,group_contribution
Polyureas,29,0.8275862068965517,-0.07241379310344831,195.40207654618706,True,family,Mondrian-family,cluster_3,cluster,group_contribution
Polyamides,365,0.852054794520548,-0.047945205479452024,181.57360515156103,True,family,Mondrian-family,cluster_3,cluster,group_contribution
Polydienes,27,0.8888888888888888,-0.011111111111111183,195.402076546187,True,family,Mondrian-family,cluster_3,cluster,group_contribution
Polyesters,114,0.8947368421052632,-0.0052631578947368585,188.09697358205048,True,family,Mondrian-family,cluster_3,cluster,group_contribution
Polyvinyls,39,0.9230769230769231,0.023076923076923106,325.6688306357905,True,family,Mondrian-family,cluster_3,cluster,group_contribution
Polyimides,90,0.9333333333333333,0.033333333333333326,161.72603298678158,True,family,Mondrian-family,cluster_3,cluster,group_contribution
Polycarbonates,33,0.9393939393939394,0.039393939393939426,139.60421307443374,True,family,Mondrian-family,cluster_3,cluster,group_contribution
Polystyrenes,8,1.0,0.09999999999999998,241.46799215315957,False,family,Mondrian-family,cluster_3,cluster,group_contribution
Polyhalo-olefins,24,1.0,0.09999999999999998,195.40207654618698,True,family,Mondrian-family,cluster_3,cluster,group_contribution
Polyurethanes,49,1.0,0.09999999999999998,307.8595458689238,True,family,Mondrian-family,cluster_3,cluster,group_contribution
1,392,0.8341836734693877,-0.06581632653061231,204.09309981229572,True,similarity,Normalised SCP,cluster_3,cluster,group_contribution
0,822,0.8454987834549879,-0.054501216545012166,242.73324337221996,True,similarity,Normalised SCP,cluster_3,cluster,group_contribution
2,163,0.8650306748466258,-0.03496932515337425,177.86808631253209,True,similarity,Normalised SCP,cluster_3,cluster,group_contribution
4,8,0.875,-0.025000000000000022,138.3875659185536,False,similarity,Normalised SCP,cluster_3,cluster,group_contribution
3,60,0.8833333333333333,-0.01666666666666672,183.44899901371065,True,similarity,Normalised SCP,cluster_3,cluster,group_contribution
Polyphosphazenes,24,0.5833333333333334,-0.31666666666666665,265.2962702261711,True,family,Normalised SCP,cluster_3,cluster,group_contribution
Polysiloxanes,6,0.6666666666666666,-0.2333333333333334,300.0476264320418,False,family,Normalised SCP,cluster_3,cluster,group_contribution
Polyureas,29,0.6896551724137931,-0.21034482758620687,151.41945622901716,True,family,Normalised SCP,cluster_3,cluster,group_contribution
Polysulfones,27,0.7777777777777778,-0.12222222222222223,171.26481297006853,True,family,Normalised SCP,cluster_3,cluster,group_contribution
Polyimines,14,0.7857142857142857,-0.11428571428571432,153.93741338883643,True,family,Normalised SCP,cluster_3,cluster,group_contribution
Polyamides,365,0.7917808219178082,-0.10821917808219184,170.48223754482026,True,family,Normalised SCP,cluster_3,cluster,group_contribution
Polyanhydrides,20,0.8,-0.09999999999999998,274.5577995739986,True,family,Normalised SCP,cluster_3,cluster,group_contribution
Polyphenylenes,299,0.8127090301003345,-0.08729096989966556,232.50182285778325,True,family,Normalised SCP,cluster_3,cluster,group_contribution
Other backbone,29,0.8275862068965517,-0.07241379310344831,271.6679121830376,True,family,Normalised SCP,cluster_3,cluster,group_contribution
Polyurethanes,49,0.8571428571428571,-0.04285714285714293,173.33657659418444,True,family,Normalised SCP,cluster_3,cluster,group_contribution
Polyolefins,45,0.8888888888888888,-0.011111111111111183,316.5957780452609,True,family,Normalised SCP,cluster_3,cluster,group_contribution
Polyesters,114,0.8947368421052632,-0.0052631578947368585,172.06832755173926,True,family,Normalised SCP,cluster_3,cluster,group_contribution
Polyethers,131,0.9007633587786259,0.0007633587786258778,269.91658114440287,True,family,Normalised SCP,cluster_3,cluster,group_contribution
Polysulfides,34,0.9117647058823529,0.0117647058823529,221.70088239194754,True,family,Normalised SCP,cluster_3,cluster,group_contribution
Polyvinyls,39,0.9230769230769231,0.023076923076923106,254.65439897054426,True,family,Normalised SCP,cluster_3,cluster,group_contribution
Polydienes,27,0.9259259259259259,0.025925925925925908,293.8788002419779,True,family,Normalised SCP,cluster_3,cluster,group_contribution
Polyimides,90,0.9444444444444444,0.0444444444444444,216.22553648063075,True,family,Normalised SCP,cluster_3,cluster,group_contribution
Polycarbonates,33,0.9696969696969697,0.0696969696969697,287.9184736059744,True,family,Normalised SCP,cluster_3,cluster,group_contribution
Polyacrylics,38,1.0,0.09999999999999998,372.5933672289768,True,family,Normalised SCP,cluster_3,cluster,group_contribution
Polyhalo-olefins,24,1.0,0.09999999999999998,327.39055192494544,True,family,Normalised SCP,cluster_3,cluster,group_contribution
Polystyrenes,8,1.0,0.09999999999999998,261.1957879056314,False,family,Normalised SCP,cluster_3,cluster,group_contribution
0,1479,0.830290736984449,-0.06970926301555103,206.0265237947479,True,similarity,SCP,cluster_4,cluster,group_contribution
1,913,0.8893756845564075,-0.010624315443592547,206.02652379474787,True,similarity,SCP,cluster_4,cluster,group_contribution
4,12,0.9166666666666666,0.016666666666666607,206.02652379474793,True,similarity,SCP,cluster_4,cluster,group_contribution
2,343,0.9183673469387755,0.01836734693877551,206.0265237947479,True,similarity,SCP,cluster_4,cluster,group_contribution
3,120,0.9333333333333333,0.033333333333333326,206.02652379474787,True,similarity,SCP,cluster_4,cluster,group_contribution
Other backbone,20,0.35,-0.55,206.02652379474793,True,family,SCP,cluster_4,cluster,group_contribution
Polyureas,40,0.575,-0.32500000000000007,206.02652379474793,True,family,SCP,cluster_4,cluster,group_contribution
Polyvinyls,98,0.7244897959183674,-0.17551020408163265,206.02652379474793,True,family,SCP,cluster_4,cluster,group_contribution
Polyimines,8,0.75,-0.15000000000000002,206.02652379474796,False,family,SCP,cluster_4,cluster,group_contribution
Polydienes,9,0.7777777777777778,-0.12222222222222223,206.02652379474796,False,family,SCP,cluster_4,cluster,group_contribution
Polysulfides,9,0.7777777777777778,-0.12222222222222223,206.02652379474796,False,family,SCP,cluster_4,cluster,group_contribution
Polyimides,26,0.8076923076923077,-0.09230769230769231,206.02652379474796,True,family,SCP,cluster_4,cluster,group_contribution
Polyurethanes,172,0.8197674418604651,-0.08023255813953489,206.02652379474793,True,family,SCP,cluster_4,cluster,group_contribution
Polyamides,763,0.8256880733944955,-0.07431192660550456,206.0265237947479,True,family,SCP,cluster_4,cluster,group_contribution
Polyhalo-olefins,12,0.8333333333333334,-0.06666666666666665,206.02652379474793,True,family,SCP,cluster_4,cluster,group_contribution
Polyacrylics,437,0.8649885583524027,-0.035011441647597286,206.0265237947479,True,family,SCP,cluster_4,cluster,group_contribution
Polyolefins,16,0.875,-0.025000000000000022,206.02652379474796,True,family,SCP,cluster_4,cluster,group_contribution
Polyethers,205,0.9024390243902439,0.0024390243902439046,206.02652379474793,True,family,SCP,cluster_4,cluster,group_contribution
Polyesters,664,0.9081325301204819,0.008132530120481873,206.0265237947479,True,family,SCP,cluster_4,cluster,group_contribution
Polyphenylenes,102,0.9411764705882353,0.04117647058823526,206.026523794748,True,family,SCP,cluster_4,cluster,group_contribution
Polysulfones,49,0.9591836734693877,0.05918367346938769,206.02652379474793,True,family,SCP,cluster_4,cluster,group_contribution
Polyanhydrides,33,0.9696969696969697,0.0696969696969697,206.02652379474796,True,family,SCP,cluster_4,cluster,group_contribution
Polycarbonates,175,0.9771428571428571,0.07714285714285707,206.02652379474793,True,family,SCP,cluster_4,cluster,group_contribution
Polystyrenes,21,1.0,0.09999999999999998,206.02652379474793,True,family,SCP,cluster_4,cluster,group_contribution
Polysiloxanes,4,1.0,0.09999999999999998,206.02652379474796,False,family,SCP,cluster_4,cluster,group_contribution
Polyphosphazenes,4,1.0,0.09999999999999998,206.02652379474796,False,family,SCP,cluster_4,cluster,group_contribution
4,12,0.9166666666666666,0.016666666666666607,186.77452854043008,True,similarity,Mondrian-similarity,cluster_4,cluster,group_contribution
3,120,0.9583333333333334,0.05833333333333335,243.50808399436667,True,similarity,Mondrian-similarity,cluster_4,cluster,group_contribution
2,343,0.9650145772594753,0.06501457725947524,253.45388309210787,True,similarity,Mondrian-similarity,cluster_4,cluster,group_contribution
0,1479,0.966869506423259,0.06686950642325895,345.44997822242567,True,similarity,Mondrian-similarity,cluster_4,cluster,group_contribution
1,913,0.9978094194961665,0.0978094194961665,400.5782309205061,True,similarity,Mondrian-similarity,cluster_4,cluster,group_contribution
Other backbone,20,0.7,-0.20000000000000007,348.18903976230206,True,family,Mondrian-similarity,cluster_4,cluster,group_contribution
Polyureas,40,0.875,-0.025000000000000022,344.06309635745987,True,family,Mondrian-similarity,cluster_4,cluster,group_contribution
Polyimines,8,0.875,-0.025000000000000022,345.44997822242567,False,family,Mondrian-similarity,cluster_4,cluster,group_contribution
Polydienes,9,0.8888888888888888,-0.011111111111111183,320.9099745898842,False,family,Mondrian-similarity,cluster_4,cluster,group_contribution
Polyhalo-olefins,12,0.9166666666666666,0.016666666666666607,350.04399928059905,True,family,Mondrian-similarity,cluster_4,cluster,group_contribution
Polyolefins,16,0.9375,0.03749999999999998,345.44997822242567,True,family,Mondrian-similarity,cluster_4,cluster,group_contribution
Polyurethanes,172,0.9534883720930233,0.05348837209302326,356.87623183384073,True,family,Mondrian-similarity,cluster_4,cluster,group_contribution
Polyvinyls,98,0.9591836734693877,0.05918367346938769,350.5976199106994,True,family,Mondrian-similarity,cluster_4,cluster,group_contribution
Polyimides,26,0.9615384615384616,0.06153846153846154,268.2815018815713,True,family,Mondrian-similarity,cluster_4,cluster,group_contribution
Polyamides,763,0.9724770642201835,0.07247706422018352,345.2856049639462,True,family,Mondrian-similarity,cluster_4,cluster,group_contribution
Polyacrylics,437,0.977116704805492,0.07711670480549193,345.9217526546476,True,family,Mondrian-similarity,cluster_4,cluster,group_contribution
Polysulfones,49,0.9795918367346939,0.07959183673469383,354.8090065499641,True,family,Mondrian-similarity,cluster_4,cluster,group_contribution
Polyethers,205,0.9804878048780488,0.08048780487804874,342.18215961183347,True,family,Mondrian-similarity,cluster_4,cluster,group_contribution
Polyphenylenes,102,0.9901960784313726,0.09019607843137256,358.77597688306344,True,family,Mondrian-similarity,cluster_4,cluster,group_contribution
Polyesters,664,0.9939759036144579,0.09397590361445785,347.0048376155662,True,family,Mondrian-similarity,cluster_4,cluster,group_contribution
Polystyrenes,21,1.0,0.09999999999999998,323.925555061281,True,family,Mondrian-similarity,cluster_4,cluster,group_contribution
Polyanhydrides,33,1.0,0.09999999999999998,395.5665715843169,True,family,Mondrian-similarity,cluster_4,cluster,group_contribution
Polycarbonates,175,1.0,0.09999999999999998,350.53948967734914,True,family,Mondrian-similarity,cluster_4,cluster,group_contribution
Polysulfides,9,1.0,0.09999999999999998,341.3535512855104,False,family,Mondrian-similarity,cluster_4,cluster,group_contribution
Polysiloxanes,4,1.0,0.09999999999999998,296.96548088283146,False,family,Mondrian-similarity,cluster_4,cluster,group_contribution
Polyphosphazenes,4,1.0,0.09999999999999998,400.57823092050603,False,family,Mondrian-similarity,cluster_4,cluster,group_contribution
0,1479,0.810682893847194,-0.08931710615280597,203.9655987742929,True,similarity,Mondrian-family,cluster_4,cluster,group_contribution
1,913,0.8795180722891566,-0.02048192771084345,198.72803705039246,True,similarity,Mondrian-family,cluster_4,cluster,group_contribution
3,120,0.9,0.0,190.13728500079975,True,similarity,Mondrian-family,cluster_4,cluster,group_contribution
2,343,0.9008746355685131,0.0008746355685130824,197.68003924338043,True,similarity,Mondrian-family,cluster_4,cluster,group_contribution
4,12,0.9166666666666666,0.016666666666666607,162.75785768080502,True,similarity,Mondrian-family,cluster_4,cluster,group_contribution
Other backbone,20,0.35,-0.55,206.02652379474793,True,family,Mondrian-family,cluster_4,cluster,group_contribution
Polyureas,40,0.575,-0.32500000000000007,206.02652379474793,True,family,Mondrian-family,cluster_4,cluster,group_contribution
Polyimides,26,0.6538461538461539,-0.24615384615384617,138.97232461214844,True,family,Mondrian-family,cluster_4,cluster,group_contribution
Polysulfones,49,0.6938775510204082,-0.20612244897959187,99.71461276855473,True,family,Mondrian-family,cluster_4,cluster,group_contribution
Polyimines,8,0.75,-0.15000000000000002,206.02652379474796,False,family,Mondrian-family,cluster_4,cluster,group_contribution
Polyamides,763,0.7549148099606815,-0.14508519003931852,163.23590212784615,True,family,Mondrian-family,cluster_4,cluster,group_contribution
Polydienes,9,0.7777777777777778,-0.12222222222222223,206.02652379474796,False,family,Mondrian-family,cluster_4,cluster,group_contribution
Polysulfides,9,0.7777777777777778,-0.12222222222222223,206.02652379474796,False,family,Mondrian-family,cluster_4,cluster,group_contribution
Polyurethanes,172,0.8197674418604651,-0.08023255813953489,206.02652379474793,True,family,Mondrian-family,cluster_4,cluster,group_contribution
Polyhalo-olefins,12,0.8333333333333334,-0.06666666666666665,206.02652379474793,True,family,Mondrian-family,cluster_4,cluster,group_contribution
Polyvinyls,98,0.8367346938775511,-0.06326530612244896,269.23927400807725,True,family,Mondrian-family,cluster_4,cluster,group_contribution
Polyacrylics,437,0.8832951945080092,-0.016704805491990826,222.69612580976306,True,family,Mondrian-family,cluster_4,cluster,group_contribution
Polyethers,205,0.9024390243902439,0.0024390243902439046,208.57399571756014,True,family,Mondrian-family,cluster_4,cluster,group_contribution
Polyesters,664,0.9081325301204819,0.008132530120481873,206.0265237947479,True,family,Mondrian-family,cluster_4,cluster,group_contribution
Polyolefins,16,0.9375,0.03749999999999998,432.0753343232681,True,family,Mondrian-family,cluster_4,cluster,group_contribution
Polyanhydrides,33,0.9696969696969697,0.0696969696969697,206.02652379474796,True,family,Mondrian-family,cluster_4,cluster,group_contribution
Polyphenylenes,102,0.9705882352941176,0.07058823529411762,253.45388309210787,True,family,Mondrian-family,cluster_4,cluster,group_contribution
Polycarbonates,175,0.9771428571428571,0.07714285714285707,206.02652379474793,True,family,Mondrian-family,cluster_4,cluster,group_contribution
Polystyrenes,21,1.0,0.09999999999999998,286.4861005336891,True,family,Mondrian-family,cluster_4,cluster,group_contribution
Polysiloxanes,4,1.0,0.09999999999999998,218.59564103531767,False,family,Mondrian-family,cluster_4,cluster,group_contribution
Polyphosphazenes,4,1.0,0.09999999999999998,307.4108376337492,False,family,Mondrian-family,cluster_4,cluster,group_contribution
3,120,0.85,-0.050000000000000044,169.18994302377985,True,similarity,Normalised SCP,cluster_4,cluster,group_contribution
0,1479,0.8512508451656524,-0.04874915483434761,217.1933918914515,True,similarity,Normalised SCP,cluster_4,cluster,group_contribution
1,913,0.8751369112814896,-0.024863088718510395,188.21310303356512,True,similarity,Normalised SCP,cluster_4,cluster,group_contribution
2,343,0.9067055393586005,0.006705539358600521,181.27885558760264,True,similarity,Normalised SCP,cluster_4,cluster,group_contribution
4,12,0.9166666666666666,0.016666666666666607,153.80607256284682,True,similarity,Normalised SCP,cluster_4,cluster,group_contribution
Polyimines,8,0.625,-0.275,197.8386866595804,False,family,Normalised SCP,cluster_4,cluster,group_contribution
Polyureas,40,0.65,-0.25,227.77880051568295,True,family,Normalised SCP,cluster_4,cluster,group_contribution
Polyurethanes,172,0.7325581395348837,-0.16744186046511633,167.07331327348604,True,family,Normalised SCP,cluster_4,cluster,group_contribution
Polysulfides,9,0.7777777777777778,-0.12222222222222223,355.2786280332758,False,family,Normalised SCP,cluster_4,cluster,group_contribution
Polyacrylics,437,0.8466819221967964,-0.053318077803203634,216.78755609353635,True,family,Normalised SCP,cluster_4,cluster,group_contribution
Polyethers,205,0.8585365853658536,-0.04146341463414638,194.69350079990863,True,family,Normalised SCP,cluster_4,cluster,group_contribution
Polyamides,763,0.8663171690694627,-0.033682830930537366,198.12009820179364,True,family,Normalised SCP,cluster_4,cluster,group_contribution
Polyesters,664,0.8719879518072289,-0.028012048192771144,168.7823539891799,True,family,Normalised SCP,cluster_4,cluster,group_contribution
Polyvinyls,98,0.8775510204081632,-0.022448979591836782,304.6058783779927,True,family,Normalised SCP,cluster_4,cluster,group_contribution
Polyimides,26,0.8846153846153846,-0.015384615384615441,178.33055901362917,True,family,Normalised SCP,cluster_4,cluster,group_contribution
Polydienes,9,0.8888888888888888,-0.011111111111111183,208.52158794230456,False,family,Normalised SCP,cluster_4,cluster,group_contribution
Polysulfones,49,0.8979591836734694,-0.0020408163265306367,160.0885471103219,True,family,Normalised SCP,cluster_4,cluster,group_contribution
Polyhalo-olefins,12,0.9166666666666666,0.016666666666666607,327.28696956814974,True,family,Normalised SCP,cluster_4,cluster,group_contribution
Polyphenylenes,102,0.9313725490196079,0.03137254901960784,248.99993819436014,True,family,Normalised SCP,cluster_4,cluster,group_contribution
Polyolefins,16,0.9375,0.03749999999999998,479.2774940112285,True,family,Normalised SCP,cluster_4,cluster,group_contribution
Polycarbonates,175,0.9657142857142857,0.06571428571428573,192.4372316944615,True,family,Normalised SCP,cluster_4,cluster,group_contribution
Polyanhydrides,33,0.9696969696969697,0.0696969696969697,165.70114686359895,True,family,Normalised SCP,cluster_4,cluster,group_contribution
Polystyrenes,21,1.0,0.09999999999999998,233.98348576467006,True,family,Normalised SCP,cluster_4,cluster,group_contribution
Other backbone,20,1.0,0.09999999999999998,510.7623094753259,True,family,Normalised SCP,cluster_4,cluster,group_contribution
Polysiloxanes,4,1.0,0.09999999999999998,224.95923118606652,False,family,Normalised SCP,cluster_4,cluster,group_contribution
Polyphosphazenes,4,1.0,0.09999999999999998,126.25145398219294,False,family,Normalised SCP,cluster_4,cluster,group_contribution
0,736,0.8627717391304348,-0.03722826086956521,204.19138171571922,True,similarity,SCP,cluster_5,cluster,group_contribution
3,85,0.9294117647058824,0.02941176470588236,204.19138171571916,True,similarity,SCP,cluster_5,cluster,group_contribution
1,730,0.9342465753424658,0.03424657534246578,204.19138171571922,True,similarity,SCP,cluster_5,cluster,group_contribution
2,393,0.9363867684478372,0.03638676844783717,204.19138171571925,True,similarity,SCP,cluster_5,cluster,group_contribution
4,5,1.0,0.09999999999999998,204.19138171571922,False,similarity,SCP,cluster_5,cluster,group_contribution
Polyhalo-olefins,1,0.0,-0.9,204.19138171571922,False,family,SCP,cluster_5,cluster,group_contribution
Polyureas,10,0.5,-0.4,204.19138171571922,True,family,SCP,cluster_5,cluster,group_contribution
Polyvinyls,18,0.6666666666666666,-0.2333333333333334,204.19138171571922,True,family,SCP,cluster_5,cluster,group_contribution
Polyimines,6,0.6666666666666666,-0.2333333333333334,204.19138171571922,False,family,SCP,cluster_5,cluster,group_contribution
Polyphenylenes,3,0.6666666666666666,-0.2333333333333334,204.19138171571922,False,family,SCP,cluster_5,cluster,group_contribution
Polyimides,13,0.7692307692307693,-0.13076923076923075,204.19138171571922,True,family,SCP,cluster_5,cluster,group_contribution
Polyurethanes,128,0.796875,-0.10312500000000002,204.19138171571922,True,family,SCP,cluster_5,cluster,group_contribution
Polydienes,5,0.8,-0.09999999999999998,204.19138171571922,False,family,SCP,cluster_5,cluster,group_contribution
Polyacrylics,433,0.8683602771362586,-0.03163972286374139,204.19138171571922,True,family,SCP,cluster_5,cluster,group_contribution
Polyethers,144,0.9166666666666666,0.016666666666666607,204.19138171571922,True,family,SCP,cluster_5,cluster,group_contribution
Polyamides,392,0.9209183673469388,0.02091836734693875,204.1913817157192,True,family,SCP,cluster_5,cluster,group_contribution
Polyanhydrides,33,0.9393939393939394,0.039393939393939426,204.19138171571922,True,family,SCP,cluster_5,cluster,group_contribution
Polyesters,571,0.9474605954465849,0.047460595446584875,204.1913817157192,True,family,SCP,cluster_5,cluster,group_contribution
Polycarbonates,150,0.98,0.07999999999999996,204.1913817157192,True,family,SCP,cluster_5,cluster,group_contribution
Polystyrenes,12,1.0,0.09999999999999998,204.19138171571922,True,family,SCP,cluster_5,cluster,group_contribution
Polysulfones,23,1.0,0.09999999999999998,204.19138171571922,True,family,SCP,cluster_5,cluster,group_contribution
Polysiloxanes,1,1.0,0.09999999999999998,204.19138171571922,False,family,SCP,cluster_5,cluster,group_contribution
Polyphosphazenes,4,1.0,0.09999999999999998,204.19138171571922,False,family,SCP,cluster_5,cluster,group_contribution
Polysulfides,2,1.0,0.09999999999999998,204.19138171571922,False,family,SCP,cluster_5,cluster,group_contribution
3,85,0.9647058823529412,0.06470588235294117,252.96189526451786,True,similarity,Mondrian-similarity,cluster_5,cluster,group_contribution
2,393,0.9669211195928753,0.06692111959287528,248.5833390516929,True,similarity,Mondrian-similarity,cluster_5,cluster,group_contribution
0,736,0.9959239130434783,0.09592391304347825,433.1267697714366,True,similarity,Mondrian-similarity,cluster_5,cluster,group_contribution
1,730,0.9972602739726028,0.09726027397260273,444.0322256605218,True,similarity,Mondrian-similarity,cluster_5,cluster,group_contribution
4,5,1.0,0.09999999999999998,193.60026146279387,False,similarity,Mondrian-similarity,cluster_5,cluster,group_contribution
Polyhalo-olefins,1,0.0,-0.9,444.0322256605218,False,family,Mondrian-similarity,cluster_5,cluster,group_contribution
Polyureas,10,0.9,0.0,438.57949771597924,True,family,Mondrian-similarity,cluster_5,cluster,group_contribution
Polyurethanes,128,0.90625,0.006249999999999978,351.2300031311021,True,family,Mondrian-similarity,cluster_5,cluster,group_contribution
Polyesters,571,0.9947460595446584,0.09474605954465842,381.8426356694905,True,family,Mondrian-similarity,cluster_5,cluster,group_contribution
Polyamides,392,0.9948979591836735,0.0948979591836735,411.2029230251345,True,family,Mondrian-similarity,cluster_5,cluster,group_contribution
Polyacrylics,433,0.9953810623556582,0.09538106235565813,396.88915630480204,True,family,Mondrian-similarity,cluster_5,cluster,group_contribution
Polyethers,144,1.0,0.09999999999999998,396.8226811931875,True,family,Mondrian-similarity,cluster_5,cluster,group_contribution
Polydienes,5,1.0,0.09999999999999998,322.4007113395905,False,family,Mondrian-similarity,cluster_5,cluster,group_contribution
Polyimides,13,1.0,0.09999999999999998,294.0237402854861,True,family,Mondrian-similarity,cluster_5,cluster,group_contribution
Polyvinyls,18,1.0,0.09999999999999998,413.2024806773325,True,family,Mondrian-similarity,cluster_5,cluster,group_contribution
Polycarbonates,150,1.0,0.09999999999999998,392.86420393278155,True,family,Mondrian-similarity,cluster_5,cluster,group_contribution
Polystyrenes,12,1.0,0.09999999999999998,313.73296792130253,True,family,Mondrian-similarity,cluster_5,cluster,group_contribution
Polyanhydrides,33,1.0,0.09999999999999998,417.3672362836406,True,family,Mondrian-similarity,cluster_5,cluster,group_contribution
Polysulfones,23,1.0,0.09999999999999998,388.3040570281816,True,family,Mondrian-similarity,cluster_5,cluster,group_contribution
Polyimines,6,1.0,0.09999999999999998,434.944345752951,False,family,Mondrian-similarity,cluster_5,cluster,group_contribution
Polyphenylenes,3,1.0,0.09999999999999998,371.61229286485553,False,family,Mondrian-similarity,cluster_5,cluster,group_contribution
Polysiloxanes,1,1.0,0.09999999999999998,444.0322256605218,False,family,Mondrian-similarity,cluster_5,cluster,group_contribution
Polyphosphazenes,4,1.0,0.09999999999999998,444.0322256605218,False,family,Mondrian-similarity,cluster_5,cluster,group_contribution
Polysulfides,2,1.0,0.09999999999999998,433.1267697714368,False,family,Mondrian-similarity,cluster_5,cluster,group_contribution
0,736,0.8790760869565217,-0.020923913043478293,212.34900196466475,True,similarity,Mondrian-family,cluster_5,cluster,group_contribution
3,85,0.9411764705882353,0.04117647058823526,209.56867073347846,True,similarity,Mondrian-family,cluster_5,cluster,group_contribution
2,393,0.9440203562340967,0.044020356234096725,206.792178000453,True,similarity,Mondrian-family,cluster_5,cluster,group_contribution
1,730,0.952054794520548,0.05205479452054795,210.9474623941152,True,similarity,Mondrian-family,cluster_5,cluster,group_contribution
4,5,1.0,0.09999999999999998,231.09294443075632,False,similarity,Mondrian-family,cluster_5,cluster,group_contribution
Polyhalo-olefins,1,0.0,-0.9,204.19138171571922,False,family,Mondrian-family,cluster_5,cluster,group_contribution
Polyureas,10,0.5,-0.4,204.19138171571922,True,family,Mondrian-family,cluster_5,cluster,group_contribution
Polyimines,6,0.6666666666666666,-0.2333333333333334,204.19138171571922,False,family,Mondrian-family,cluster_5,cluster,group_contribution
Polyimides,13,0.6923076923076923,-0.20769230769230773,160.86455174024786,True,family,Mondrian-family,cluster_5,cluster,group_contribution
Polyurethanes,128,0.796875,-0.10312500000000002,204.19138171571922,True,family,Mondrian-family,cluster_5,cluster,group_contribution
Polydienes,5,0.8,-0.09999999999999998,204.19138171571922,False,family,Mondrian-family,cluster_5,cluster,group_contribution
Polyacrylics,433,0.8729792147806005,-0.027020785219399546,208.02830473345554,True,family,Mondrian-family,cluster_5,cluster,group_contribution
Polyethers,144,0.9305555555555556,0.030555555555555558,223.02234706669236,True,family,Mondrian-family,cluster_5,cluster,group_contribution
Polyanhydrides,33,0.9393939393939394,0.039393939393939426,204.19138171571922,True,family,Mondrian-family,cluster_5,cluster,group_contribution
Polyesters,571,0.9474605954465849,0.047460595446584875,204.1913817157192,True,family,Mondrian-family,cluster_5,cluster,group_contribution
Polyamides,392,0.9693877551020408,0.06938775510204076,223.69211123875493,True,family,Mondrian-family,cluster_5,cluster,group_contribution
Polycarbonates,150,0.98,0.07999999999999996,204.1913817157192,True,family,Mondrian-family,cluster_5,cluster,group_contribution
Polyvinyls,18,1.0,0.09999999999999998,311.5246197323962,True,family,Mondrian-family,cluster_5,cluster,group_contribution
Polystyrenes,12,1.0,0.09999999999999998,228.43697932927316,True,family,Mondrian-family,cluster_5,cluster,group_contribution
Polysulfones,23,1.0,0.09999999999999998,128.30758221398673,True,family,Mondrian-family,cluster_5,cluster,group_contribution
Polyphenylenes,3,1.0,0.09999999999999998,265.18692170450004,False,family,Mondrian-family,cluster_5,cluster,group_contribution
Polysiloxanes,1,1.0,0.09999999999999998,170.11234449156655,False,family,Mondrian-family,cluster_5,cluster,group_contribution
Polyphosphazenes,4,1.0,0.09999999999999998,321.4484337167329,False,family,Mondrian-family,cluster_5,cluster,group_contribution
Polysulfides,2,1.0,0.09999999999999998,204.19138171571922,False,family,Mondrian-family,cluster_5,cluster,group_contribution
0,736,0.8546195652173914,-0.04538043478260867,201.3155256739749,True,similarity,Normalised SCP,cluster_5,cluster,group_contribution
2,393,0.905852417302799,0.005852417302798951,181.7986242357555,True,similarity,Normalised SCP,cluster_5,cluster,group_contribution
1,730,0.9095890410958904,0.009589041095890427,197.23766465073234,True,similarity,Normalised SCP,cluster_5,cluster,group_contribution
3,85,0.9176470588235294,0.01764705882352935,175.9984188908697,True,similarity,Normalised SCP,cluster_5,cluster,group_contribution
4,5,1.0,0.09999999999999998,159.17091569698488,False,similarity,Normalised SCP,cluster_5,cluster,group_contribution
Polyhalo-olefins,1,0.0,-0.9,400.5578725152932,False,family,Normalised SCP,cluster_5,cluster,group_contribution
Polyphenylenes,3,0.0,-0.9,131.17189894383708,False,family,Normalised SCP,cluster_5,cluster,group_contribution
Polyvinyls,18,0.5555555555555556,-0.34444444444444444,220.06992146081132,True,family,Normalised SCP,cluster_5,cluster,group_contribution
Polyurethanes,128,0.6875,-0.21250000000000002,170.4557142077378,True,family,Normalised SCP,cluster_5,cluster,group_contribution
Polyethers,144,0.8263888888888888,-0.07361111111111118,180.04644723502162,True,family,Normalised SCP,cluster_5,cluster,group_contribution
Polyimines,6,0.8333333333333334,-0.06666666666666665,221.61913821160908,False,family,Normalised SCP,cluster_5,cluster,group_contribution
Polyanhydrides,33,0.8484848484848485,-0.051515151515151514,171.40839887309374,True,family,Normalised SCP,cluster_5,cluster,group_contribution
Polyacrylics,433,0.8960739030023095,-0.003926096997690531,240.7814100682337,True,family,Normalised SCP,cluster_5,cluster,group_contribution
Polyureas,10,0.9,0.0,309.29691072982547,True,family,Normalised SCP,cluster_5,cluster,group_contribution
Polyamides,392,0.9132653061224489,0.013265306122448917,189.18472448315276,True,family,Normalised SCP,cluster_5,cluster,group_contribution
Polyesters,571,0.9246935201401051,0.024693520140105063,179.0254001429578,True,family,Normalised SCP,cluster_5,cluster,group_contribution
Polycarbonates,150,0.9266666666666666,0.026666666666666616,173.40850897517112,True,family,Normalised SCP,cluster_5,cluster,group_contribution
Polyimides,13,1.0,0.09999999999999998,199.73793430811895,True,family,Normalised SCP,cluster_5,cluster,group_contribution
Polydienes,5,1.0,0.09999999999999998,244.25749812021922,False,family,Normalised SCP,cluster_5,cluster,group_contribution
Polystyrenes,12,1.0,0.09999999999999998,188.67467943632752,True,family,Normalised SCP,cluster_5,cluster,group_contribution
Polysulfones,23,1.0,0.09999999999999998,133.4165444996884,True,family,Normalised SCP,cluster_5,cluster,group_contribution
Polysiloxanes,1,1.0,0.09999999999999998,125.77059708387051,False,family,Normalised SCP,cluster_5,cluster,group_contribution
Polyphosphazenes,4,1.0,0.09999999999999998,111.20863482699795,False,family,Normalised SCP,cluster_5,cluster,group_contribution
Polysulfides,2,1.0,0.09999999999999998,200.0418449564966,False,family,Normalised SCP,cluster_5,cluster,group_contribution
0,1497,0.7261189044756179,-0.17388109552438213,179.2940406166459,True,similarity,SCP,cluster_6,cluster,group_contribution
1,1076,0.8447955390334573,-0.055204460966542745,179.2940406166459,True,similarity,SCP,cluster_6,cluster,group_contribution
2,301,0.9235880398671097,0.023588039867109667,179.2940406166459,True,similarity,SCP,cluster_6,cluster,group_contribution
3,102,0.9411764705882353,0.04117647058823526,179.29404061664587,True,similarity,SCP,cluster_6,cluster,group_contribution
4,10,1.0,0.09999999999999998,179.2940406166459,True,similarity,SCP,cluster_6,cluster,group_contribution
Polyureas,4,0.25,-0.65,179.29404061664593,False,family,SCP,cluster_6,cluster,group_contribution
Polyvinyls,2,0.5,-0.4,179.29404061664593,False,family,SCP,cluster_6,cluster,group_contribution
Polyolefins,31,0.5483870967741935,-0.3516129032258065,179.29404061664601,True,family,SCP,cluster_6,cluster,group_contribution
Polydienes,3,0.6666666666666666,-0.2333333333333334,179.29404061664593,False,family,SCP,cluster_6,cluster,group_contribution
Polyphosphazenes,3,0.6666666666666666,-0.2333333333333334,179.29404061664593,False,family,SCP,cluster_6,cluster,group_contribution
Polycarbonates,10,0.7,-0.20000000000000007,179.2940406166459,True,family,SCP,cluster_6,cluster,group_contribution
Polyhalo-olefins,7,0.7142857142857143,-0.18571428571428572,179.29404061664596,False,family,SCP,cluster_6,cluster,group_contribution
Polyphenylenes,248,0.717741935483871,-0.18225806451612903,179.2940406166459,True,family,SCP,cluster_6,cluster,group_contribution
Polysiloxanes,4,0.75,-0.15000000000000002,179.29404061664593,False,family,SCP,cluster_6,cluster,group_contribution
Polyesters,80,0.7625,-0.13750000000000007,179.2940406166459,True,family,SCP,cluster_6,cluster,group_contribution
Polyethers,459,0.7821350762527233,-0.11786492374727675,179.29404061664587,True,family,SCP,cluster_6,cluster,group_contribution
Other backbone,28,0.7857142857142857,-0.11428571428571432,179.294040616646,True,family,SCP,cluster_6,cluster,group_contribution
Polyimides,1608,0.7885572139303483,-0.11144278606965174,179.29404061664587,True,family,SCP,cluster_6,cluster,group_contribution
Polyacrylics,34,0.8235294117647058,-0.07647058823529418,179.29404061664596,True,family,SCP,cluster_6,cluster,group_contribution
Polysulfides,32,0.90625,0.006249999999999978,179.29404061664593,True,family,SCP,cluster_6,cluster,group_contribution
Polysulfones,154,0.9090909090909091,0.009090909090909038,179.2940406166459,True,family,SCP,cluster_6,cluster,group_contribution
Polyamides,225,0.9155555555555556,0.015555555555555545,179.29404061664587,True,family,SCP,cluster_6,cluster,group_contribution
Polyimines,36,0.9166666666666666,0.016666666666666607,179.29404061664596,True,family,SCP,cluster_6,cluster,group_contribution
Polystyrenes,10,1.0,0.09999999999999998,179.2940406166459,True,family,SCP,cluster_6,cluster,group_contribution
Polyurethanes,8,1.0,0.09999999999999998,179.29404061664593,False,family,SCP,cluster_6,cluster,group_contribution
2,301,0.9269102990033222,0.026910299003322202,185.62283400674778,True,similarity,Mondrian-similarity,cluster_6,cluster,group_contribution
3,102,0.9411764705882353,0.04117647058823526,196.3622486884556,True,similarity,Mondrian-similarity,cluster_6,cluster,group_contribution
1,1076,0.9563197026022305,0.056319702602230515,253.39333384768307,True,similarity,Mondrian-similarity,cluster_6,cluster,group_contribution
0,1497,0.9879759519038076,0.08797595190380758,435.05694708598634,True,similarity,Mondrian-similarity,cluster_6,cluster,group_contribution
4,10,1.0,0.09999999999999998,179.2940406166459,True,similarity,Mondrian-similarity,cluster_6,cluster,group_contribution
Polyacrylics,34,0.8823529411764706,-0.01764705882352946,262.16434886833053,True,family,Mondrian-similarity,cluster_6,cluster,group_contribution
Polycarbonates,10,0.9,0.0,231.97133673512297,True,family,Mondrian-similarity,cluster_6,cluster,group_contribution
Polyesters,80,0.9125,0.012499999999999956,290.3429294503491,True,family,Mondrian-similarity,cluster_6,cluster,group_contribution
Polyimines,36,0.9444444444444444,0.0444444444444444,291.57749869386913,True,family,Mondrian-similarity,cluster_6,cluster,group_contribution
Polyphenylenes,248,0.9596774193548387,0.05967741935483872,407.3200818610526,True,family,Mondrian-similarity,cluster_6,cluster,group_contribution
Polyolefins,31,0.967741935483871,0.06774193548387097,385.9898694812329,True,family,Mondrian-similarity,cluster_6,cluster,group_contribution
Polyethers,459,0.9694989106753813,0.06949891067538128,332.65194865739164,True,family,Mondrian-similarity,cluster_6,cluster,group_contribution
Polyimides,1608,0.9713930348258707,0.07139303482587067,342.1127555781044,True,family,Mondrian-similarity,cluster_6,cluster,group_contribution
Polyamides,225,0.9777777777777777,0.07777777777777772,248.45565768664568,True,family,Mondrian-similarity,cluster_6,cluster,group_contribution
Polysulfones,154,0.9805194805194806,0.08051948051948055,303.3806140307778,True,family,Mondrian-similarity,cluster_6,cluster,group_contribution
Polysulfides,32,1.0,0.09999999999999998,408.1133391911401,True,family,Mondrian-similarity,cluster_6,cluster,group_contribution
Polyhalo-olefins,7,1.0,0.09999999999999998,409.1050023376574,False,family,Mondrian-similarity,cluster_6,cluster,group_contribution
Other backbone,28,1.0,0.09999999999999998,383.1530575893284,True,family,Mondrian-similarity,cluster_6,cluster,group_contribution
Polyurethanes,8,1.0,0.09999999999999998,281.0755130232623,False,family,Mondrian-similarity,cluster_6,cluster,group_contribution
Polystyrenes,10,1.0,0.09999999999999998,319.28172915891093,True,family,Mondrian-similarity,cluster_6,cluster,group_contribution
Polydienes,3,1.0,0.09999999999999998,435.05694708598645,False,family,Mondrian-similarity,cluster_6,cluster,group_contribution
Polyvinyls,2,1.0,0.09999999999999998,344.2251404668348,False,family,Mondrian-similarity,cluster_6,cluster,group_contribution
Polysiloxanes,4,1.0,0.09999999999999998,327.28251550660093,False,family,Mondrian-similarity,cluster_6,cluster,group_contribution
Polyphosphazenes,3,1.0,0.09999999999999998,435.0569470859864,False,family,Mondrian-similarity,cluster_6,cluster,group_contribution
Polyureas,4,1.0,0.09999999999999998,389.6410437764106,False,family,Mondrian-similarity,cluster_6,cluster,group_contribution
0,1497,0.70875083500334,-0.19124916499666,172.38545534650294,True,similarity,Mondrian-family,cluster_6,cluster,group_contribution
1,1076,0.8262081784386617,-0.07379182156133834,167.77268727154637,True,similarity,Mondrian-family,cluster_6,cluster,group_contribution
2,301,0.920265780730897,0.02026578073089702,174.9361055529759,True,similarity,Mondrian-family,cluster_6,cluster,group_contribution
3,102,0.9313725490196079,0.03137254901960784,174.8925193284842,True,similarity,Mondrian-family,cluster_6,cluster,group_contribution
4,10,1.0,0.09999999999999998,181.2567565913505,True,similarity,Mondrian-family,cluster_6,cluster,group_contribution
Polyureas,4,0.25,-0.65,179.29404061664593,False,family,Mondrian-family,cluster_6,cluster,group_contribution
Polyvinyls,2,0.5,-0.4,169.1660599699877,False,family,Mondrian-family,cluster_6,cluster,group_contribution
Polyolefins,31,0.5483870967741935,-0.3516129032258065,179.29404061664601,True,family,Mondrian-family,cluster_6,cluster,group_contribution
Polyesters,80,0.65,-0.25,132.95883562975382,True,family,Mondrian-family,cluster_6,cluster,group_contribution
Polyphosphazenes,3,0.6666666666666666,-0.2333333333333334,176.86029723418676,False,family,Mondrian-family,cluster_6,cluster,group_contribution
Polydienes,3,0.6666666666666666,-0.2333333333333334,179.29404061664593,False,family,Mondrian-family,cluster_6,cluster,group_contribution
Polycarbonates,10,0.7,-0.20000000000000007,173.45810353751122,True,family,Mondrian-family,cluster_6,cluster,group_contribution
Polyhalo-olefins,7,0.7142857142857143,-0.18571428571428572,179.29404061664596,False,family,Mondrian-family,cluster_6,cluster,group_contribution
Polyimides,1608,0.7487562189054726,-0.1512437810945274,160.018172715859,True,family,Mondrian-family,cluster_6,cluster,group_contribution
Polysiloxanes,4,0.75,-0.15000000000000002,196.36224868845557,False,family,Mondrian-family,cluster_6,cluster,group_contribution
Polyphenylenes,248,0.7580645161290323,-0.14193548387096777,199.19975980333584,True,family,Mondrian-family,cluster_6,cluster,group_contribution
Other backbone,28,0.7857142857142857,-0.11428571428571432,179.294040616646,True,family,Mondrian-family,cluster_6,cluster,group_contribution
Polyethers,459,0.8148148148148148,-0.08518518518518525,189.34334951198116,True,family,Mondrian-family,cluster_6,cluster,group_contribution
Polyacrylics,34,0.8235294117647058,-0.07647058823529418,178.12129267366677,True,family,Mondrian-family,cluster_6,cluster,group_contribution
Polystyrenes,10,0.9,0.0,157.70126141312153,True,family,Mondrian-family,cluster_6,cluster,group_contribution
Polysulfides,32,0.90625,0.006249999999999978,179.29404061664593,True,family,Mondrian-family,cluster_6,cluster,group_contribution
Polysulfones,154,0.9090909090909091,0.009090909090909038,179.2940406166459,True,family,Mondrian-family,cluster_6,cluster,group_contribution
Polyimines,36,0.9166666666666666,0.016666666666666607,179.29404061664596,True,family,Mondrian-family,cluster_6,cluster,group_contribution
Polyamides,225,0.92,0.020000000000000018,181.89473665259155,True,family,Mondrian-family,cluster_6,cluster,group_contribution
Polyurethanes,8,1.0,0.09999999999999998,224.45083706301898,False,family,Mondrian-family,cluster_6,cluster,group_contribution
0,1497,0.843687374749499,-0.05631262525050107,236.5418070807838,True,similarity,Normalised SCP,cluster_6,cluster,group_contribution
1,1076,0.9247211895910781,0.024721189591078052,219.0784981547158,True,similarity,Normalised SCP,cluster_6,cluster,group_contribution
2,301,0.9368770764119602,0.03687707641196014,198.8617941396113,True,similarity,Normalised SCP,cluster_6,cluster,group_contribution
3,102,0.9509803921568627,0.050980392156862675,217.88171319951778,True,similarity,Normalised SCP,cluster_6,cluster,group_contribution
4,10,1.0,0.09999999999999998,192.71171091181293,True,similarity,Normalised SCP,cluster_6,cluster,group_contribution
Polydienes,3,0.3333333333333333,-0.5666666666666667,173.8674931346029,False,family,Normalised SCP,cluster_6,cluster,group_contribution
Polyvinyls,2,0.5,-0.4,171.45177294152512,False,family,Normalised SCP,cluster_6,cluster,group_contribution
Polyureas,4,0.5,-0.4,203.31078551625774,False,family,Normalised SCP,cluster_6,cluster,group_contribution
Polyacrylics,34,0.7058823529411765,-0.1941176470588235,150.7796225707722,True,family,Normalised SCP,cluster_6,cluster,group_contribution
Polyolefins,31,0.7419354838709677,-0.15806451612903227,184.62314055761217,True,family,Normalised SCP,cluster_6,cluster,group_contribution
Polysiloxanes,4,0.75,-0.15000000000000002,213.97375483017495,False,family,Normalised SCP,cluster_6,cluster,group_contribution
Polyesters,80,0.775,-0.125,192.19301219643734,True,family,Normalised SCP,cluster_6,cluster,group_contribution
Polycarbonates,10,0.8,-0.09999999999999998,174.92799110568632,True,family,Normalised SCP,cluster_6,cluster,group_contribution
Polyphenylenes,248,0.8225806451612904,-0.07741935483870965,242.28865017560437,True,family,Normalised SCP,cluster_6,cluster,group_contribution
Polyhalo-olefins,7,0.8571428571428571,-0.04285714285714293,234.58985976505105,False,family,Normalised SCP,cluster_6,cluster,group_contribution
Polyethers,459,0.8605664488017429,-0.03943355119825709,216.64510731462863,True,family,Normalised SCP,cluster_6,cluster,group_contribution
Polyimides,1608,0.9011194029850746,0.0011194029850746245,231.8833776754443,True,family,Normalised SCP,cluster_6,cluster,group_contribution
Polysulfides,32,0.90625,0.006249999999999978,245.94887368108968,True,family,Normalised SCP,cluster_6,cluster,group_contribution
Polyimines,36,0.9166666666666666,0.016666666666666607,225.12326774003577,True,family,Normalised SCP,cluster_6,cluster,group_contribution
Other backbone,28,0.9285714285714286,0.02857142857142858,230.53175409090878,True,family,Normalised SCP,cluster_6,cluster,group_contribution
Polysulfones,154,0.9415584415584416,0.04155844155844157,223.90100100653345,True,family,Normalised SCP,cluster_6,cluster,group_contribution
Polyamides,225,0.9555555555555556,0.05555555555555558,212.60774544029556,True,family,Normalised SCP,cluster_6,cluster,group_contribution
Polyurethanes,8,1.0,0.09999999999999998,182.93614262295097,False,family,Normalised SCP,cluster_6,cluster,group_contribution
Polystyrenes,10,1.0,0.09999999999999998,217.9077345178992,True,family,Normalised SCP,cluster_6,cluster,group_contribution
Polyphosphazenes,3,1.0,0.09999999999999998,301.2558700372604,False,family,Normalised SCP,cluster_6,cluster,group_contribution
0,960,0.7875,-0.11250000000000004,175.28746132051265,True,similarity,SCP,cluster_7,cluster,group_contribution
3,118,0.8898305084745762,-0.01016949152542379,175.28746132051268,True,similarity,SCP,cluster_7,cluster,group_contribution
1,758,0.8970976253298153,-0.0029023746701847264,175.28746132051262,True,similarity,SCP,cluster_7,cluster,group_contribution
2,344,0.9098837209302325,0.009883720930232487,175.28746132051265,True,similarity,SCP,cluster_7,cluster,group_contribution
4,6,1.0,0.09999999999999998,175.28746132051265,False,similarity,SCP,cluster_7,cluster,group_contribution
Other backbone,5,0.0,-0.9,175.28746132051265,False,family,SCP,cluster_7,cluster,group_contribution
Polyolefins,2,0.0,-0.9,175.28746132051265,False,family,SCP,cluster_7,cluster,group_contribution
Polyhalo-olefins,1,0.0,-0.9,175.28746132051265,False,family,SCP,cluster_7,cluster,group_contribution
Polyureas,10,0.5,-0.4,175.28746132051265,True,family,SCP,cluster_7,cluster,group_contribution
Polyphosphazenes,94,0.5531914893617021,-0.3468085106382979,175.28746132051268,True,family,SCP,cluster_7,cluster,group_contribution
Polyvinyls,19,0.631578947368421,-0.268421052631579,175.28746132051265,True,family,SCP,cluster_7,cluster,group_contribution
Polyimides,13,0.6923076923076923,-0.20769230769230773,175.28746132051265,True,family,SCP,cluster_7,cluster,group_contribution
Polyurethanes,130,0.7,-0.20000000000000007,175.28746132051265,True,family,SCP,cluster_7,cluster,group_contribution
Polydienes,11,0.7272727272727273,-0.17272727272727273,175.28746132051265,True,family,SCP,cluster_7,cluster,group_contribution
Polyimines,9,0.7777777777777778,-0.12222222222222223,175.28746132051265,False,family,SCP,cluster_7,cluster,group_contribution
Polyacrylics,464,0.8060344827586207,-0.09396551724137936,175.28746132051268,True,family,SCP,cluster_7,cluster,group_contribution
Polyanhydrides,33,0.8181818181818182,-0.08181818181818179,175.28746132051265,True,family,SCP,cluster_7,cluster,group_contribution
Polyethers,154,0.8636363636363636,-0.036363636363636376,175.28746132051265,True,family,SCP,cluster_7,cluster,group_contribution
Polyamides,431,0.9025522041763341,0.002552204176334061,175.28746132051268,True,family,SCP,cluster_7,cluster,group_contribution
Polycarbonates,176,0.9147727272727273,0.01477272727272727,175.28746132051265,True,family,SCP,cluster_7,cluster,group_contribution
Polyesters,593,0.9291736930860034,0.02917369308600337,175.28746132051265,True,family,SCP,cluster_7,cluster,group_contribution
Polysulfones,23,1.0,0.09999999999999998,175.28746132051265,True,family,SCP,cluster_7,cluster,group_contribution
Polystyrenes,12,1.0,0.09999999999999998,175.28746132051265,True,family,SCP,cluster_7,cluster,group_contribution
Polyphenylenes,3,1.0,0.09999999999999998,175.28746132051265,False,family,SCP,cluster_7,cluster,group_contribution
Polysiloxanes,1,1.0,0.09999999999999998,175.28746132051265,False,family,SCP,cluster_7,cluster,group_contribution
Polysulfides,2,1.0,0.09999999999999998,175.28746132051265,False,family,SCP,cluster_7,cluster,group_contribution
3,118,0.9491525423728814,0.04915254237288136,207.6909467127893,True,similarity,Mondrian-similarity,cluster_7,cluster,group_contribution
2,344,0.9767441860465116,0.07674418604651156,287.9700816644632,True,similarity,Mondrian-similarity,cluster_7,cluster,group_contribution
1,758,0.9894459102902374,0.08944591029023741,287.60691882981604,True,similarity,Mondrian-similarity,cluster_7,cluster,group_contribution
0,960,0.9958333333333333,0.09583333333333333,456.0673119733883,True,similarity,Mondrian-similarity,cluster_7,cluster,group_contribution
4,6,1.0,0.09999999999999998,148.4302065416723,False,similarity,Mondrian-similarity,cluster_7,cluster,group_contribution
Polyhalo-olefins,1,0.0,-0.9,287.606918829816,False,family,Mondrian-similarity,cluster_7,cluster,group_contribution
Polyureas,10,0.8,-0.09999999999999998,287.606918829816,True,family,Mondrian-similarity,cluster_7,cluster,group_contribution
Polyurethanes,130,0.9230769230769231,0.023076923076923106,344.5677159407142,True,family,Mondrian-similarity,cluster_7,cluster,group_contribution
Polyacrylics,464,0.9892241379310345,0.08922413793103445,364.4269443516959,True,family,Mondrian-similarity,cluster_7,cluster,group_contribution
Polyphosphazenes,94,0.9893617021276596,0.08936170212765959,436.35386171190646,True,family,Mondrian-similarity,cluster_7,cluster,group_contribution
Polyesters,593,0.9932546374367622,0.09325463743676221,327.390379157457,True,family,Mondrian-similarity,cluster_7,cluster,group_contribution
Polyethers,154,0.9935064935064936,0.09350649350649354,370.43953253251715,True,family,Mondrian-similarity,cluster_7,cluster,group_contribution
Polyamides,431,0.9953596287703016,0.09535962877030157,382.7858089620844,True,family,Mondrian-similarity,cluster_7,cluster,group_contribution
Other backbone,5,1.0,0.09999999999999998,422.37523334467386,False,family,Mondrian-similarity,cluster_7,cluster,group_contribution
Polyolefins,2,1.0,0.09999999999999998,456.0673119733883,False,family,Mondrian-similarity,cluster_7,cluster,group_contribution
Polyimides,13,1.0,0.09999999999999998,269.36032063685064,True,family,Mondrian-similarity,cluster_7,cluster,group_contribution
Polyvinyls,19,1.0,0.09999999999999998,372.0641798465895,True,family,Mondrian-similarity,cluster_7,cluster,group_contribution
Polystyrenes,12,1.0,0.09999999999999998,281.15909947360797,True,family,Mondrian-similarity,cluster_7,cluster,group_contribution
Polycarbonates,176,1.0,0.09999999999999998,343.40916748146225,True,family,Mondrian-similarity,cluster_7,cluster,group_contribution
Polyimines,9,1.0,0.09999999999999998,399.91384759219756,False,family,Mondrian-similarity,cluster_7,cluster,group_contribution
Polydienes,11,1.0,0.09999999999999998,394.90803160335673,True,family,Mondrian-similarity,cluster_7,cluster,group_contribution
Polysulfones,23,1.0,0.09999999999999998,353.6051515457024,True,family,Mondrian-similarity,cluster_7,cluster,group_contribution
Polyanhydrides,33,1.0,0.09999999999999998,308.05937522612595,True,family,Mondrian-similarity,cluster_7,cluster,group_contribution
Polyphenylenes,3,1.0,0.09999999999999998,400.03490187041325,False,family,Mondrian-similarity,cluster_7,cluster,group_contribution
Polysiloxanes,1,1.0,0.09999999999999998,287.606918829816,False,family,Mondrian-similarity,cluster_7,cluster,group_contribution
Polysulfides,2,1.0,0.09999999999999998,456.0673119733883,False,family,Mondrian-similarity,cluster_7,cluster,group_contribution
0,960,0.8052083333333333,-0.09479166666666672,185.36097984689937,True,similarity,Mondrian-family,cluster_7,cluster,group_contribution
1,758,0.9102902374670184,0.010290237467018404,192.84157669726943,True,similarity,Mondrian-family,cluster_7,cluster,group_contribution
2,344,0.9127906976744186,0.012790697674418539,194.6734598299481,True,similarity,Mondrian-family,cluster_7,cluster,group_contribution
3,118,0.9152542372881356,0.015254237288135575,195.08983753295382,True,similarity,Mondrian-family,cluster_7,cluster,group_contribution
4,6,1.0,0.09999999999999998,188.30103562103318,False,similarity,Mondrian-family,cluster_7,cluster,group_contribution
Other backbone,5,0.0,-0.9,175.28746132051265,False,family,Mondrian-family,cluster_7,cluster,group_contribution
Polyhalo-olefins,1,0.0,-0.9,175.28746132051265,False,family,Mondrian-family,cluster_7,cluster,group_contribution
Polyureas,10,0.5,-0.4,175.28746132051265,True,family,Mondrian-family,cluster_7,cluster,group_contribution
Polyphosphazenes,94,0.5531914893617021,-0.3468085106382979,175.28746132051268,True,family,Mondrian-family,cluster_7,cluster,group_contribution
Polyimides,13,0.6923076923076923,-0.20769230769230773,138.37224891209442,True,family,Mondrian-family,cluster_7,cluster,group_contribution
Polyurethanes,130,0.7,-0.20000000000000007,175.28746132051265,True,family,Mondrian-family,cluster_7,cluster,group_contribution
Polydienes,11,0.7272727272727273,-0.17272727272727273,175.28746132051265,True,family,Mondrian-family,cluster_7,cluster,group_contribution
Polyimines,9,0.7777777777777778,-0.12222222222222223,175.28746132051265,False,family,Mondrian-family,cluster_7,cluster,group_contribution
Polyanhydrides,33,0.8181818181818182,-0.08181818181818179,175.28746132051265,True,family,Mondrian-family,cluster_7,cluster,group_contribution
Polyamides,431,0.8352668213457076,-0.0647331786542924,147.746803012433,True,family,Mondrian-family,cluster_7,cluster,group_contribution
Polyacrylics,464,0.8620689655172413,-0.037931034482758696,207.69094671278938,True,family,Mondrian-family,cluster_7,cluster,group_contribution
Polyethers,154,0.8766233766233766,-0.023376623376623384,183.97806913942205,True,family,Mondrian-family,cluster_7,cluster,group_contribution
Polycarbonates,176,0.9147727272727273,0.01477272727272727,175.28746132051265,True,family,Mondrian-family,cluster_7,cluster,group_contribution
Polyesters,593,0.9679595278246206,0.06795952782462056,216.10259464716208,True,family,Mondrian-family,cluster_7,cluster,group_contribution
Polyvinyls,19,1.0,0.09999999999999998,297.1267924900212,True,family,Mondrian-family,cluster_7,cluster,group_contribution
Polyolefins,2,1.0,0.09999999999999998,417.78322601376203,False,family,Mondrian-family,cluster_7,cluster,group_contribution
Polysulfones,23,1.0,0.09999999999999998,185.4496600129649,True,family,Mondrian-family,cluster_7,cluster,group_contribution
Polystyrenes,12,1.0,0.09999999999999998,215.115591724453,True,family,Mondrian-family,cluster_7,cluster,group_contribution
Polyphenylenes,3,1.0,0.09999999999999998,283.8783931080468,False,family,Mondrian-family,cluster_7,cluster,group_contribution
Polysiloxanes,1,1.0,0.09999999999999998,171.0268798671924,False,family,Mondrian-family,cluster_7,cluster,group_contribution
Polysulfides,2,1.0,0.09999999999999998,175.28746132051265,False,family,Mondrian-family,cluster_7,cluster,group_contribution
3,118,0.8135593220338984,-0.08644067796610166,147.99259732406577,True,similarity,Normalised SCP,cluster_7,cluster,group_contribution
0,960,0.8145833333333333,-0.0854166666666667,184.1494727505297,True,similarity,Normalised SCP,cluster_7,cluster,group_contribution
4,6,0.8333333333333334,-0.06666666666666665,117.67165601302953,False,similarity,Normalised SCP,cluster_7,cluster,group_contribution
2,344,0.8575581395348837,-0.04244186046511633,150.8932177685529,True,similarity,Normalised SCP,cluster_7,cluster,group_contribution
1,758,0.8825857519788918,-0.017414248021108247,167.27512403255741,True,similarity,Normalised SCP,cluster_7,cluster,group_contribution
Polyhalo-olefins,1,0.0,-0.9,225.5032023630664,False,family,Normalised SCP,cluster_7,cluster,group_contribution
Polyolefins,2,0.0,-0.9,232.1645304572657,False,family,Normalised SCP,cluster_7,cluster,group_contribution
Polyphenylenes,3,0.0,-0.9,121.28985703416555,False,family,Normalised SCP,cluster_7,cluster,group_contribution
Polyvinyls,19,0.5263157894736842,-0.37368421052631584,202.28682905020577,True,family,Normalised SCP,cluster_7,cluster,group_contribution
Polyurethanes,130,0.5923076923076923,-0.3076923076923077,149.33576855747472,True,family,Normalised SCP,cluster_7,cluster,group_contribution
Other backbone,5,0.6,-0.30000000000000004,275.2116028662168,False,family,Normalised SCP,cluster_7,cluster,group_contribution
Polyureas,10,0.6,-0.30000000000000004,237.13401381327108,True,family,Normalised SCP,cluster_7,cluster,group_contribution
Polyphosphazenes,94,0.7127659574468085,-0.18723404255319154,240.304911373142,True,family,Normalised SCP,cluster_7,cluster,group_contribution
Polyimines,9,0.7777777777777778,-0.12222222222222223,188.97021287210652,False,family,Normalised SCP,cluster_7,cluster,group_contribution
Polyanhydrides,33,0.7878787878787878,-0.11212121212121218,160.0487713044753,True,family,Normalised SCP,cluster_7,cluster,group_contribution
Polyethers,154,0.7922077922077922,-0.10779220779220777,151.4631496090878,True,family,Normalised SCP,cluster_7,cluster,group_contribution
Polyacrylics,464,0.8038793103448276,-0.0961206896551724,178.65339017844965,True,family,Normalised SCP,cluster_7,cluster,group_contribution
Polydienes,11,0.8181818181818182,-0.08181818181818179,188.38228333315845,True,family,Normalised SCP,cluster_7,cluster,group_contribution
Polyimides,13,0.8461538461538461,-0.05384615384615388,165.44528913671536,True,family,Normalised SCP,cluster_7,cluster,group_contribution
Polycarbonates,176,0.875,-0.025000000000000022,165.61532056299217,True,family,Normalised SCP,cluster_7,cluster,group_contribution
Polyesters,593,0.9072512647554806,0.0072512647554805465,157.75865998870856,True,family,Normalised SCP,cluster_7,cluster,group_contribution
Polystyrenes,12,0.9166666666666666,0.016666666666666607,149.30988300347556,True,family,Normalised SCP,cluster_7,cluster,group_contribution
Polyamides,431,0.9443155452436195,0.04431554524361947,181.28279310067197,True,family,Normalised SCP,cluster_7,cluster,group_contribution
Polysulfones,23,1.0,0.09999999999999998,108.22869733878453,True,family,Normalised SCP,cluster_7,cluster,group_contribution
Polysiloxanes,1,1.0,0.09999999999999998,159.76441467974163,False,family,Normalised SCP,cluster_7,cluster,group_contribution
Polysulfides,2,1.0,0.09999999999999998,154.47893715475982,False,family,Normalised SCP,cluster_7,cluster,group_contribution
0,2327,0.6153846153846154,-0.2846153846153846,152.92105246118743,True,similarity,SCP,cluster_8,cluster,group_contribution
1,1120,0.8026785714285715,-0.09732142857142856,152.9210524611874,True,similarity,SCP,cluster_8,cluster,group_contribution
3,63,0.8253968253968254,-0.07460317460317467,152.9210524611875,True,similarity,SCP,cluster_8,cluster,group_contribution
2,315,0.834920634920635,-0.06507936507936507,152.9210524611874,True,similarity,SCP,cluster_8,cluster,group_contribution
4,2,1.0,0.09999999999999998,152.9210524611874,False,similarity,SCP,cluster_8,cluster,group_contribution
Polyphosphazenes,3,0.3333333333333333,-0.5666666666666667,152.9210524611874,False,family,SCP,cluster_8,cluster,group_contribution
Polydienes,45,0.5111111111111111,-0.38888888888888895,152.92105246118737,True,family,SCP,cluster_8,cluster,group_contribution
Polyphenylenes,250,0.556,-0.344,152.9210524611874,True,family,SCP,cluster_8,cluster,group_contribution
Polyhalo-olefins,52,0.5769230769230769,-0.32307692307692315,152.92105246118737,True,family,SCP,cluster_8,cluster,group_contribution
Polyamides,583,0.6655231560891939,-0.23447684391080614,152.92105246118743,True,family,SCP,cluster_8,cluster,group_contribution
Polystyrenes,15,0.6666666666666666,-0.2333333333333334,152.92105246118743,True,family,SCP,cluster_8,cluster,group_contribution
Polyimides,1614,0.6691449814126395,-0.23085501858736057,152.92105246118737,True,family,SCP,cluster_8,cluster,group_contribution
Polyolefins,76,0.7105263157894737,-0.18947368421052635,152.92105246118743,True,family,SCP,cluster_8,cluster,group_contribution
Polyethers,513,0.7134502923976608,-0.18654970760233924,152.9210524611874,True,family,SCP,cluster_8,cluster,group_contribution
Polysiloxanes,8,0.75,-0.15000000000000002,152.9210524611874,False,family,SCP,cluster_8,cluster,group_contribution
Polyesters,135,0.7555555555555555,-0.1444444444444445,152.92105246118743,True,family,SCP,cluster_8,cluster,group_contribution
Polysulfones,194,0.7783505154639175,-0.12164948453608249,152.9210524611874,True,family,SCP,cluster_8,cluster,group_contribution
Polysulfides,38,0.8157894736842105,-0.08421052631578951,152.92105246118737,True,family,SCP,cluster_8,cluster,group_contribution
Polyureas,33,0.8181818181818182,-0.08181818181818179,152.9210524611874,True,family,SCP,cluster_8,cluster,group_contribution
Polyvinyls,76,0.8552631578947368,-0.044736842105263186,152.92105246118743,True,family,SCP,cluster_8,cluster,group_contribution
Polyacrylics,67,0.8805970149253731,-0.0194029850746269,152.92105246118743,True,family,SCP,cluster_8,cluster,group_contribution
Polycarbonates,34,0.8823529411764706,-0.01764705882352946,152.9210524611874,True,family,SCP,cluster_8,cluster,group_contribution
Other backbone,47,0.8936170212765957,-0.00638297872340432,152.92105246118737,True,family,SCP,cluster_8,cluster,group_contribution
Polyurethanes,9,1.0,0.09999999999999998,152.9210524611874,False,family,SCP,cluster_8,cluster,group_contribution
Polyimines,35,1.0,0.09999999999999998,152.92105246118737,True,family,SCP,cluster_8,cluster,group_contribution
0,2327,0.6153846153846154,-0.2846153846153846,152.92105246118743,True,similarity,Mondrian-similarity,cluster_8,cluster,group_contribution
3,63,0.7936507936507936,-0.10634920634920642,151.1688958939033,True,similarity,Mondrian-similarity,cluster_8,cluster,group_contribution
1,1120,0.8901785714285714,-0.009821428571428648,188.66835646020854,True,similarity,Mondrian-similarity,cluster_8,cluster,group_contribution
2,315,0.9079365079365079,0.007936507936507908,185.01225079918768,True,similarity,Mondrian-similarity,cluster_8,cluster,group_contribution
4,2,1.0,0.09999999999999998,132.61649893057393,False,similarity,Mondrian-similarity,cluster_8,cluster,group_contribution
Polyphosphazenes,3,0.3333333333333333,-0.5666666666666667,152.9210524611874,False,family,Mondrian-similarity,cluster_8,cluster,group_contribution
Polydienes,45,0.5111111111111111,-0.38888888888888895,156.89297512774527,True,family,Mondrian-similarity,cluster_8,cluster,group_contribution
Polyphenylenes,250,0.576,-0.32400000000000007,157.55195005319368,True,family,Mondrian-similarity,cluster_8,cluster,group_contribution
Polyhalo-olefins,52,0.5769230769230769,-0.32307692307692315,154.98339692266939,True,family,Mondrian-similarity,cluster_8,cluster,group_contribution
Polyimides,1614,0.6982651796778191,-0.20173482032218093,166.31305399076092,True,family,Mondrian-similarity,cluster_8,cluster,group_contribution
Polyolefins,76,0.7236842105263158,-0.1763157894736842,162.7985969872327,True,family,Mondrian-similarity,cluster_8,cluster,group_contribution
Polyamides,583,0.725557461406518,-0.17444253859348202,169.11965245275556,True,family,Mondrian-similarity,cluster_8,cluster,group_contribution
Polystyrenes,15,0.7333333333333333,-0.16666666666666674,159.58303250618883,True,family,Mondrian-similarity,cluster_8,cluster,group_contribution
Polyethers,513,0.7446393762183235,-0.15536062378167648,165.40593284555948,True,family,Mondrian-similarity,cluster_8,cluster,group_contribution
Polysiloxanes,8,0.75,-0.15000000000000002,165.1932454746546,False,family,Mondrian-similarity,cluster_8,cluster,group_contribution
Polyesters,135,0.7925925925925926,-0.1074074074074074,171.30524083191582,True,family,Mondrian-similarity,cluster_8,cluster,group_contribution
Polysulfones,194,0.7989690721649485,-0.10103092783505152,168.22545881354517,True,family,Mondrian-similarity,cluster_8,cluster,group_contribution
Polysulfides,38,0.8421052631578947,-0.05789473684210533,158.4691503120586,True,family,Mondrian-similarity,cluster_8,cluster,group_contribution
Polyureas,33,0.8484848484848485,-0.051515151515151514,168.837453764286,True,family,Mondrian-similarity,cluster_8,cluster,group_contribution
Polyvinyls,76,0.8552631578947368,-0.044736842105263186,155.74320804005754,True,family,Mondrian-similarity,cluster_8,cluster,group_contribution
Polycarbonates,34,0.8823529411764706,-0.01764705882352946,172.52335547386548,True,family,Mondrian-similarity,cluster_8,cluster,group_contribution
Polyacrylics,67,0.8955223880597015,-0.004477611940298498,173.10504245596,True,family,Mondrian-similarity,cluster_8,cluster,group_contribution
Other backbone,47,0.9361702127659575,0.036170212765957444,164.77918951098002,True,family,Mondrian-similarity,cluster_8,cluster,group_contribution
Polyurethanes,9,1.0,0.09999999999999998,175.9401205358635,False,family,Mondrian-similarity,cluster_8,cluster,group_contribution
Polyimines,35,1.0,0.09999999999999998,180.18416363234476,True,family,Mondrian-similarity,cluster_8,cluster,group_contribution
0,2327,0.6102277610657499,-0.2897722389342501,154.9797189092436,True,similarity,Mondrian-family,cluster_8,cluster,group_contribution
3,63,0.7142857142857143,-0.18571428571428572,141.46027874102026,True,similarity,Mondrian-family,cluster_8,cluster,group_contribution
1,1120,0.7732142857142857,-0.12678571428571428,145.67149388422092,True,similarity,Mondrian-family,cluster_8,cluster,group_contribution
2,315,0.7968253968253968,-0.10317460317460325,141.85725175311362,True,similarity,Mondrian-family,cluster_8,cluster,group_contribution
4,2,1.0,0.09999999999999998,94.25965683016648,False,similarity,Mondrian-family,cluster_8,cluster,group_contribution
Polyphosphazenes,3,0.3333333333333333,-0.5666666666666667,152.9210524611874,False,family,Mondrian-family,cluster_8,cluster,group_contribution
Polyamides,583,0.45454545454545453,-0.4454545454545455,94.25965683016648,True,family,Mondrian-family,cluster_8,cluster,group_contribution
Polydienes,45,0.5111111111111111,-0.38888888888888895,152.92105246118737,True,family,Mondrian-family,cluster_8,cluster,group_contribution
Polyhalo-olefins,52,0.5769230769230769,-0.32307692307692315,152.92105246118737,True,family,Mondrian-family,cluster_8,cluster,group_contribution
Polyimides,1614,0.6517967781908303,-0.24820322180916976,148.34284596964068,True,family,Mondrian-family,cluster_8,cluster,group_contribution
Polyolefins,76,0.7105263157894737,-0.18947368421052635,152.92105246118743,True,family,Mondrian-family,cluster_8,cluster,group_contribution
Polystyrenes,15,0.7333333333333333,-0.16666666666666674,158.84934552725173,True,family,Mondrian-family,cluster_8,cluster,group_contribution
Polyesters,135,0.7407407407407407,-0.15925925925925932,139.52354251492085,True,family,Mondrian-family,cluster_8,cluster,group_contribution
Polysiloxanes,8,0.75,-0.15000000000000002,147.68840273956823,False,family,Mondrian-family,cluster_8,cluster,group_contribution
Polyvinyls,76,0.7631578947368421,-0.13684210526315788,128.21091860704527,True,family,Mondrian-family,cluster_8,cluster,group_contribution
Polyethers,513,0.7680311890838206,-0.1319688109161794,168.59684186124522,True,family,Mondrian-family,cluster_8,cluster,group_contribution
Polysulfones,194,0.7783505154639175,-0.12164948453608249,152.9210524611874,True,family,Mondrian-family,cluster_8,cluster,group_contribution
Polysulfides,38,0.8157894736842105,-0.08421052631578951,152.92105246118737,True,family,Mondrian-family,cluster_8,cluster,group_contribution
Polyphenylenes,250,0.816,-0.08400000000000007,256.931543299916,True,family,Mondrian-family,cluster_8,cluster,group_contribution
Polyureas,33,0.8181818181818182,-0.08181818181818179,152.9210524611874,True,family,Mondrian-family,cluster_8,cluster,group_contribution
Polycarbonates,34,0.8823529411764706,-0.01764705882352946,135.03929751305836,True,family,Mondrian-family,cluster_8,cluster,group_contribution
Other backbone,47,0.8936170212765957,-0.00638297872340432,152.92105246118737,True,family,Mondrian-family,cluster_8,cluster,group_contribution
Polyacrylics,67,0.9104477611940298,0.010447761194029792,211.8546871074068,True,family,Mondrian-family,cluster_8,cluster,group_contribution
Polyurethanes,9,1.0,0.09999999999999998,174.04057273459614,False,family,Mondrian-family,cluster_8,cluster,group_contribution
Polyimines,35,1.0,0.09999999999999998,152.92105246118737,True,family,Mondrian-family,cluster_8,cluster,group_contribution
0,2327,0.5818650623119896,-0.3181349376880104,157.58650805591404,True,similarity,Normalised SCP,cluster_8,cluster,group_contribution
1,1120,0.6901785714285714,-0.2098214285714286,131.86087973018206,True,similarity,Normalised SCP,cluster_8,cluster,group_contribution
2,315,0.7682539682539683,-0.13174603174603172,153.17176588813285,True,similarity,Normalised SCP,cluster_8,cluster,group_contribution
3,63,0.7936507936507936,-0.10634920634920642,157.05250281519787,True,similarity,Normalised SCP,cluster_8,cluster,group_contribution
4,2,1.0,0.09999999999999998,151.33310433603253,False,similarity,Normalised SCP,cluster_8,cluster,group_contribution
Polyphosphazenes,3,0.3333333333333333,-0.5666666666666667,191.02341477865443,False,family,Normalised SCP,cluster_8,cluster,group_contribution
Polyimides,1614,0.5,-0.4,123.88084278548824,True,family,Normalised SCP,cluster_8,cluster,group_contribution
Polyureas,33,0.5454545454545454,-0.3545454545454546,108.25772498525514,True,family,Normalised SCP,cluster_8,cluster,group_contribution
Polydienes,45,0.6,-0.30000000000000004,236.45569914847115,True,family,Normalised SCP,cluster_8,cluster,group_contribution
Polyamides,583,0.6363636363636364,-0.26363636363636367,142.119923178355,True,family,Normalised SCP,cluster_8,cluster,group_contribution
Polyphenylenes,250,0.692,-0.20800000000000007,194.96398524925942,True,family,Normalised SCP,cluster_8,cluster,group_contribution
Polyethers,513,0.7270955165692008,-0.17290448343079923,157.92814026252782,True,family,Normalised SCP,cluster_8,cluster,group_contribution
Polyesters,135,0.7407407407407407,-0.15925925925925932,137.61658054613605,True,family,Normalised SCP,cluster_8,cluster,group_contribution
Polysiloxanes,8,0.75,-0.15000000000000002,177.66670334896202,False,family,Normalised SCP,cluster_8,cluster,group_contribution
Polysulfones,194,0.7938144329896907,-0.10618556701030935,171.16170793738993,True,family,Normalised SCP,cluster_8,cluster,group_contribution
Polyolefins,76,0.8026315789473685,-0.09736842105263155,227.88412923070587,True,family,Normalised SCP,cluster_8,cluster,group_contribution
Polyhalo-olefins,52,0.8076923076923077,-0.09230769230769231,259.7796333250868,True,family,Normalised SCP,cluster_8,cluster,group_contribution
Polysulfides,38,0.8421052631578947,-0.05789473684210533,197.80381746865805,True,family,Normalised SCP,cluster_8,cluster,group_contribution
Polystyrenes,15,0.8666666666666667,-0.033333333333333326,207.00894530908937,True,family,Normalised SCP,cluster_8,cluster,group_contribution
Polyvinyls,76,0.868421052631579,-0.03157894736842104,212.18189097454828,True,family,Normalised SCP,cluster_8,cluster,group_contribution
Polycarbonates,34,0.8823529411764706,-0.01764705882352946,143.4470043471604,True,family,Normalised SCP,cluster_8,cluster,group_contribution
Polyacrylics,67,0.8955223880597015,-0.004477611940298498,196.00726468455184,True,family,Normalised SCP,cluster_8,cluster,group_contribution
Other backbone,47,0.9148936170212766,0.014893617021276562,205.61125430563936,True,family,Normalised SCP,cluster_8,cluster,group_contribution
Polyurethanes,9,1.0,0.09999999999999998,111.79548290181386,False,family,Normalised SCP,cluster_8,cluster,group_contribution
Polyimines,35,1.0,0.09999999999999998,172.30017388438083,True,family,Normalised SCP,cluster_8,cluster,group_contribution
0,1079,0.6978683966635774,-0.20213160333642266,176.03310590641175,True,similarity,SCP,cluster_9,cluster,group_contribution
1,336,0.7678571428571429,-0.13214285714285712,176.03310590641172,True,similarity,SCP,cluster_9,cluster,group_contribution
3,25,0.88,-0.020000000000000018,176.03310590641172,True,similarity,SCP,cluster_9,cluster,group_contribution
2,158,0.9050632911392406,0.005063291139240533,176.03310590641172,True,similarity,SCP,cluster_9,cluster,group_contribution
4,3,1.0,0.09999999999999998,176.03310590641172,False,similarity,SCP,cluster_9,cluster,group_contribution
Polyanhydrides,3,0.3333333333333333,-0.5666666666666667,176.03310590641172,False,family,SCP,cluster_9,cluster,group_contribution
Polyphosphazenes,15,0.4,-0.5,176.03310590641178,True,family,SCP,cluster_9,cluster,group_contribution
Other backbone,15,0.4666666666666667,-0.43333333333333335,176.03310590641178,True,family,SCP,cluster_9,cluster,group_contribution
Polyethers,71,0.5211267605633803,-0.37887323943661977,176.03310590641175,True,family,SCP,cluster_9,cluster,group_contribution
Polyhalo-olefins,38,0.5526315789473685,-0.34736842105263155,176.03310590641175,True,family,SCP,cluster_9,cluster,group_contribution
Polysiloxanes,202,0.6039603960396039,-0.2960396039603961,176.03310590641172,True,family,SCP,cluster_9,cluster,group_contribution
Polysulfones,43,0.6511627906976745,-0.24883720930232556,176.03310590641175,True,family,SCP,cluster_9,cluster,group_contribution
Polyolefins,79,0.6582278481012658,-0.24177215189873424,176.03310590641175,True,family,SCP,cluster_9,cluster,group_contribution
Polyimines,9,0.6666666666666666,-0.2333333333333334,176.03310590641172,False,family,SCP,cluster_9,cluster,group_contribution
Polyphenylenes,242,0.6859504132231405,-0.21404958677685948,176.03310590641178,True,family,SCP,cluster_9,cluster,group_contribution
Polystyrenes,235,0.7617021276595745,-0.13829787234042556,176.03310590641175,True,family,SCP,cluster_9,cluster,group_contribution
Polydienes,33,0.7878787878787878,-0.11212121212121218,176.03310590641172,True,family,SCP,cluster_9,cluster,group_contribution
Polyvinyls,95,0.7894736842105263,-0.1105263157894737,176.03310590641172,True,family,SCP,cluster_9,cluster,group_contribution
Polyacrylics,223,0.8071748878923767,-0.09282511210762334,176.03310590641175,True,family,SCP,cluster_9,cluster,group_contribution
Polysulfides,34,0.8529411764705882,-0.04705882352941182,176.03310590641172,True,family,SCP,cluster_9,cluster,group_contribution
Polyesters,66,0.8636363636363636,-0.036363636363636376,176.03310590641172,True,family,SCP,cluster_9,cluster,group_contribution
Polyamides,88,0.8863636363636364,-0.013636363636363669,176.03310590641172,True,family,SCP,cluster_9,cluster,group_contribution
Polyimides,68,0.9852941176470589,0.08529411764705885,176.03310590641172,True,family,SCP,cluster_9,cluster,group_contribution
Polyureas,1,1.0,0.09999999999999998,176.03310590641172,False,family,SCP,cluster_9,cluster,group_contribution
Polyurethanes,11,1.0,0.09999999999999998,176.03310590641172,True,family,SCP,cluster_9,cluster,group_contribution
Polycarbonates,30,1.0,0.09999999999999998,176.03310590641178,True,family,SCP,cluster_9,cluster,group_contribution
0,1079,0.6978683966635774,-0.20213160333642266,176.03310590641175,True,similarity,Mondrian-similarity,cluster_9,cluster,group_contribution
1,336,0.9107142857142857,0.010714285714285676,257.3228853835373,True,similarity,Mondrian-similarity,cluster_9,cluster,group_contribution
3,25,0.92,0.020000000000000018,205.9844253271907,True,similarity,Mondrian-similarity,cluster_9,cluster,group_contribution
2,158,0.9556962025316456,0.05569620253164553,244.31106705390283,True,similarity,Mondrian-similarity,cluster_9,cluster,group_contribution
4,3,1.0,0.09999999999999998,167.17737589971455,False,similarity,Mondrian-similarity,cluster_9,cluster,group_contribution
Polyanhydrides,3,0.3333333333333333,-0.5666666666666667,203.1296990654536,False,family,Mondrian-similarity,cluster_9,cluster,group_contribution
Polyphosphazenes,15,0.4666666666666667,-0.43333333333333335,197.7103804336452,True,family,Mondrian-similarity,cluster_9,cluster,group_contribution
Other backbone,15,0.5333333333333333,-0.3666666666666667,206.81410858664404,True,family,Mondrian-similarity,cluster_9,cluster,group_contribution
Polyethers,71,0.5774647887323944,-0.32253521126760565,193.9853993567602,True,family,Mondrian-similarity,cluster_9,cluster,group_contribution
Polyhalo-olefins,38,0.5789473684210527,-0.32105263157894737,182.45072007565852,True,family,Mondrian-similarity,cluster_9,cluster,group_contribution
Polysiloxanes,202,0.6435643564356436,-0.25643564356435644,203.62593101216382,True,family,Mondrian-similarity,cluster_9,cluster,group_contribution
Polyimines,9,0.6666666666666666,-0.2333333333333334,185.06530362609234,False,family,Mondrian-similarity,cluster_9,cluster,group_contribution
Polyolefins,79,0.6962025316455697,-0.20379746835443036,184.10027574802402,True,family,Mondrian-similarity,cluster_9,cluster,group_contribution
Polyphenylenes,242,0.7272727272727273,-0.17272727272727273,196.68717398915305,True,family,Mondrian-similarity,cluster_9,cluster,group_contribution
Polystyrenes,235,0.7702127659574468,-0.1297872340425532,189.89705874932096,True,family,Mondrian-similarity,cluster_9,cluster,group_contribution
Polydienes,33,0.7878787878787878,-0.11212121212121218,188.34973916052166,True,family,Mondrian-similarity,cluster_9,cluster,group_contribution
Polysulfones,43,0.7906976744186046,-0.10930232558139541,232.89662040204905,True,family,Mondrian-similarity,cluster_9,cluster,group_contribution
Polyvinyls,95,0.8105263157894737,-0.08947368421052637,199.62504757687014,True,family,Mondrian-similarity,cluster_9,cluster,group_contribution
Polysulfides,34,0.8529411764705882,-0.04705882352941182,194.12753130610622,True,family,Mondrian-similarity,cluster_9,cluster,group_contribution
Polyacrylics,223,0.8789237668161435,-0.02107623318385654,214.11909181745034,True,family,Mondrian-similarity,cluster_9,cluster,group_contribution
Polyamides,88,0.8863636363636364,-0.013636363636363669,202.5959031331677,True,family,Mondrian-similarity,cluster_9,cluster,group_contribution
Polyesters,66,0.8939393939393939,-0.0060606060606061,223.5253000597195,True,family,Mondrian-similarity,cluster_9,cluster,group_contribution
Polyurethanes,11,1.0,0.09999999999999998,205.59302571627558,True,family,Mondrian-similarity,cluster_9,cluster,group_contribution
Polyureas,1,1.0,0.09999999999999998,176.03310590641172,False,family,Mondrian-similarity,cluster_9,cluster,group_contribution
Polyimides,68,1.0,0.09999999999999998,189.24068321538073,True,family,Mondrian-similarity,cluster_9,cluster,group_contribution
Polycarbonates,30,1.0,0.09999999999999998,209.0900406248938,True,family,Mondrian-similarity,cluster_9,cluster,group_contribution
0,1079,0.7312326227988879,-0.16876737720111212,185.09057602719588,True,similarity,Mondrian-family,cluster_9,cluster,group_contribution
1,336,0.7827380952380952,-0.11726190476190479,182.56465928209303,True,similarity,Mondrian-family,cluster_9,cluster,group_contribution
2,158,0.8607594936708861,-0.03924050632911391,177.64786746828972,True,similarity,Mondrian-family,cluster_9,cluster,group_contribution
3,25,0.92,0.020000000000000018,194.9123331766876,True,similarity,Mondrian-family,cluster_9,cluster,group_contribution
4,3,1.0,0.09999999999999998,190.8020836964637,False,similarity,Mondrian-family,cluster_9,cluster,group_contribution
Polysulfones,43,0.18604651162790697,-0.713953488372093,74.54569757905574,True,family,Mondrian-family,cluster_9,cluster,group_contribution
Polyanhydrides,3,0.3333333333333333,-0.5666666666666667,176.03310590641172,False,family,Mondrian-family,cluster_9,cluster,group_contribution
Polyethers,71,0.4507042253521127,-0.44929577464788734,137.50666537678393,True,family,Mondrian-family,cluster_9,cluster,group_contribution
Other backbone,15,0.4666666666666667,-0.43333333333333335,176.03310590641178,True,family,Mondrian-family,cluster_9,cluster,group_contribution
Polyhalo-olefins,38,0.5526315789473685,-0.34736842105263155,176.03310590641175,True,family,Mondrian-family,cluster_9,cluster,group_contribution
Polysiloxanes,202,0.6039603960396039,-0.2960396039603961,176.03310590641172,True,family,Mondrian-family,cluster_9,cluster,group_contribution
Polyolefins,79,0.6582278481012658,-0.24177215189873424,176.03310590641175,True,family,Mondrian-family,cluster_9,cluster,group_contribution
Polyimines,9,0.6666666666666666,-0.2333333333333334,176.03310590641172,False,family,Mondrian-family,cluster_9,cluster,group_contribution
Polystyrenes,235,0.7617021276595745,-0.13829787234042556,176.03310590641175,True,family,Mondrian-family,cluster_9,cluster,group_contribution
Polydienes,33,0.7878787878787878,-0.11212121212121218,176.03310590641172,True,family,Mondrian-family,cluster_9,cluster,group_contribution
Polyphenylenes,242,0.8264462809917356,-0.07355371900826446,224.28737436389946,True,family,Mondrian-family,cluster_9,cluster,group_contribution
Polyamides,88,0.8295454545454546,-0.07045454545454544,139.36490626688692,True,family,Mondrian-family,cluster_9,cluster,group_contribution
Polyesters,66,0.8484848484848485,-0.051515151515151514,155.8835028808601,True,family,Mondrian-family,cluster_9,cluster,group_contribution
Polysulfides,34,0.8529411764705882,-0.04705882352941182,176.03310590641172,True,family,Mondrian-family,cluster_9,cluster,group_contribution
Polyacrylics,223,0.874439461883408,-0.02556053811659198,207.19048427163963,True,family,Mondrian-family,cluster_9,cluster,group_contribution
Polyvinyls,95,0.8842105263157894,-0.015789473684210575,225.8508605508646,True,family,Mondrian-family,cluster_9,cluster,group_contribution
Polyimides,68,0.9705882352941176,0.07058823529411762,148.93130755029256,True,family,Mondrian-family,cluster_9,cluster,group_contribution
Polyureas,1,1.0,0.09999999999999998,176.03310590641172,False,family,Mondrian-family,cluster_9,cluster,group_contribution
Polyurethanes,11,1.0,0.09999999999999998,209.3147928042452,True,family,Mondrian-family,cluster_9,cluster,group_contribution
Polyphosphazenes,15,1.0,0.09999999999999998,359.6824670174622,True,family,Mondrian-family,cluster_9,cluster,group_contribution
Polycarbonates,30,1.0,0.09999999999999998,167.99349331962986,True,family,Mondrian-family,cluster_9,cluster,group_contribution
0,1079,0.7655236329935126,-0.13447636700648746,209.48987004383198,True,similarity,Normalised SCP,cluster_9,cluster,group_contribution
1,336,0.8244047619047619,-0.07559523809523816,221.172056902364,True,similarity,Normalised SCP,cluster_9,cluster,group_contribution
2,158,0.8670886075949367,-0.032911392405063356,191.22383276760712,True,similarity,Normalised SCP,cluster_9,cluster,group_contribution
3,25,0.92,0.020000000000000018,197.26315182925464,True,similarity,Normalised SCP,cluster_9,cluster,group_contribution
4,3,1.0,0.09999999999999998,178.51540839586696,False,similarity,Normalised SCP,cluster_9,cluster,group_contribution
Polyphosphazenes,15,0.4,-0.5,169.2253829585441,True,family,Normalised SCP,cluster_9,cluster,group_contribution
Polysulfones,43,0.46511627906976744,-0.4348837209302326,145.97417397971043,True,family,Normalised SCP,cluster_9,cluster,group_contribution
Other backbone,15,0.4666666666666667,-0.43333333333333335,171.78739939043618,True,family,Normalised SCP,cluster_9,cluster,group_contribution
Polyethers,71,0.6056338028169014,-0.29436619718309864,213.36671983829888,True,family,Normalised SCP,cluster_9,cluster,group_contribution
Polyanhydrides,3,0.6666666666666666,-0.2333333333333334,361.969206807057,False,family,Normalised SCP,cluster_9,cluster,group_contribution
Polyolefins,79,0.6835443037974683,-0.2164556962025317,208.51691413914818,True,family,Normalised SCP,cluster_9,cluster,group_contribution
Polyphenylenes,242,0.7066115702479339,-0.19338842975206616,185.29672812279944,True,family,Normalised SCP,cluster_9,cluster,group_contribution
Polysiloxanes,202,0.7277227722772277,-0.17227722772277232,207.9118942705106,True,family,Normalised SCP,cluster_9,cluster,group_contribution
Polyhalo-olefins,38,0.7368421052631579,-0.16315789473684217,222.06554202503804,True,family,Normalised SCP,cluster_9,cluster,group_contribution
Polyimines,9,0.7777777777777778,-0.12222222222222223,206.96097311488106,False,family,Normalised SCP,cluster_9,cluster,group_contribution
Polydienes,33,0.7878787878787878,-0.11212121212121218,202.17513765224587,True,family,Normalised SCP,cluster_9,cluster,group_contribution
Polystyrenes,235,0.8127659574468085,-0.08723404255319156,194.97589467174987,True,family,Normalised SCP,cluster_9,cluster,group_contribution
Polysulfides,34,0.8529411764705882,-0.04705882352941182,168.83900276078725,True,family,Normalised SCP,cluster_9,cluster,group_contribution
Polyamides,88,0.8636363636363636,-0.036363636363636376,184.9103910740617,True,family,Normalised SCP,cluster_9,cluster,group_contribution
Polyvinyls,95,0.9052631578947369,0.0052631578947368585,269.141110127741,True,family,Normalised SCP,cluster_9,cluster,group_contribution
Polyacrylics,223,0.9192825112107623,0.0192825112107623,270.31730027452755,True,family,Normalised SCP,cluster_9,cluster,group_contribution
Polyesters,66,0.9242424242424242,0.024242424242424176,197.23763310294677,True,family,Normalised SCP,cluster_9,cluster,group_contribution
Polyimides,68,0.9558823529411765,0.055882352941176494,163.80274225569363,True,family,Normalised SCP,cluster_9,cluster,group_contribution
Polyureas,1,1.0,0.09999999999999998,132.37010612762924,False,family,Normalised SCP,cluster_9,cluster,group_contribution
Polyurethanes,11,1.0,0.09999999999999998,190.4607300476554,True,family,Normalised SCP,cluster_9,cluster,group_contribution
Polycarbonates,30,1.0,0.09999999999999998,268.541067069683,True,family,Normalised SCP,cluster_9,cluster,group_contribution
