group,n,coverage,coverage_error,mean_width,reliable,taxonomy,conformal,split,regime,model
2,146,0.9041095890410958,0.004109589041095818,374.0,True,similarity,SCP,random_0,random,median
4,284,0.9084507042253521,0.008450704225352101,374.0,True,similarity,SCP,random_0,random,median
5,653,0.9142419601837672,0.014241960183767222,374.0,True,similarity,SCP,random_0,random,median
3,210,0.919047619047619,0.01904761904761898,374.0,True,similarity,SCP,random_0,random,median
0,62,0.9354838709677419,0.03548387096774186,374.0,True,similarity,SCP,random_0,random,median
1,80,0.95,0.04999999999999993,374.0,True,similarity,SCP,random_0,random,median
Polysiloxanes,48,0.6875,-0.21250000000000002,374.0,True,family,SCP,random_0,random,median
Polyphosphazenes,21,0.8095238095238095,-0.09047619047619049,374.0,True,family,SCP,random_0,random,median
Polysulfides,16,0.8125,-0.08750000000000002,374.0,True,family,SCP,random_0,random,median
Polyimides,331,0.851963746223565,-0.048036253776435056,374.0,True,family,SCP,random_0,random,median
Polyolefins,34,0.8823529411764706,-0.01764705882352946,374.0,True,family,SCP,random_0,random,median
Polyphenylenes,87,0.8850574712643678,-0.014942528735632177,374.0,True,family,SCP,random_0,random,median
Polydienes,23,0.9130434782608695,0.01304347826086949,374.0,True,family,SCP,random_0,random,median
Polyethers,150,0.92,0.020000000000000018,374.0,True,family,SCP,random_0,random,median
Polyacrylics,122,0.9344262295081968,0.03442622950819674,374.0,True,family,SCP,random_0,random,median
Polyvinyls,46,0.9347826086956522,0.034782608695652195,374.0,True,family,SCP,random_0,random,median
Polyesters,161,0.9627329192546584,0.0627329192546584,374.0,True,family,SCP,random_0,random,median
Polysulfones,40,0.975,0.07499999999999996,374.0,True,family,SCP,random_0,random,median
Polystyrenes,57,0.9824561403508771,0.08245614035087712,374.0,True,family,SCP,random_0,random,median
Polyamides,194,0.9845360824742269,0.08453608247422684,374.0,True,family,SCP,random_0,random,median
Polyhalo-olefins,12,1.0,0.09999999999999998,374.0,True,family,SCP,random_0,random,median
Polyurethanes,43,1.0,0.09999999999999998,374.0,True,family,SCP,random_0,random,median
Polyanhydrides,11,1.0,0.09999999999999998,374.0,True,family,SCP,random_0,random,median
Polycarbonates,21,1.0,0.09999999999999998,374.0,True,family,SCP,random_0,random,median
Polyureas,10,1.0,0.09999999999999998,374.0,True,family,SCP,random_0,random,median
Polyimines,8,1.0,0.09999999999999998,374.0,False,family,SCP,random_0,random,median
3,210,0.9142857142857143,0.014285714285714235,368.0,True,similarity,Mondrian-similarity,random_0,random,median
5,653,0.9218989280245024,0.02189892802450233,380.0,True,similarity,Mondrian-similarity,random_0,random,median
4,284,0.926056338028169,0.02605633802816898,398.0,True,similarity,Mondrian-similarity,random_0,random,median
2,146,0.9315068493150684,0.03150684931506842,398.0,True,similarity,Mondrian-similarity,random_0,random,median
0,62,0.9354838709677419,0.03548387096774186,372.0,True,similarity,Mondrian-similarity,random_0,random,median
1,80,0.95,0.04999999999999993,368.0,True,similarity,Mondrian-similarity,random_0,random,median
Polysiloxanes,48,0.75,-0.15000000000000002,383.0416666666667,True,family,Mondrian-similarity,random_0,random,median
Polyphosphazenes,21,0.8095238095238095,-0.09047619047619049,381.8095238095238,True,family,Mondrian-similarity,random_0,random,median
Polyimides,331,0.8580060422960725,-0.041993957703927554,383.2870090634441,True,family,Mondrian-similarity,random_0,random,median
Polysulfides,16,0.875,-0.025000000000000022,381.75,True,family,Mondrian-similarity,random_0,random,median
Polyphenylenes,87,0.8850574712643678,-0.014942528735632177,381.264367816092,True,family,Mondrian-similarity,random_0,random,median
Polyethers,150,0.92,0.020000000000000018,382.36,True,family,Mondrian-similarity,random_0,random,median
Polyvinyls,46,0.9347826086956522,0.034782608695652195,381.9130434782609,True,family,Mondrian-similarity,random_0,random,median
Polyolefins,34,0.9411764705882353,0.04117647058823526,378.29411764705884,True,family,Mondrian-similarity,random_0,random,median
Polyacrylics,122,0.9508196721311475,0.050819672131147464,382.327868852459,True,family,Mondrian-similarity,random_0,random,median
Polydienes,23,0.9565217391304348,0.05652173913043479,377.30434782608694,True,family,Mondrian-similarity,random_0,random,median
Polysulfones,40,0.975,0.07499999999999996,386.9,True,family,Mondrian-similarity,random_0,random,median
Polyesters,161,0.9751552795031055,0.07515527950310552,383.32919254658384,True,family,Mondrian-similarity,random_0,random,median
Polystyrenes,57,0.9824561403508771,0.08245614035087712,382.2456140350877,True,family,Mondrian-similarity,random_0,random,median
Polyamides,194,0.9845360824742269,0.08453608247422684,381.9587628865979,True,family,Mondrian-similarity,random_0,random,median
Polyhalo-olefins,12,1.0,0.09999999999999998,380.6666666666667,True,family,Mondrian-similarity,random_0,random,median
Polyurethanes,43,1.0,0.09999999999999998,386.09302325581393,True,family,Mondrian-similarity,random_0,random,median
Polyanhydrides,11,1.0,0.09999999999999998,385.6363636363636,True,family,Mondrian-similarity,random_0,random,median
Polycarbonates,21,1.0,0.09999999999999998,382.0,True,family,Mondrian-similarity,random_0,random,median
Polyureas,10,1.0,0.09999999999999998,382.4,True,family,Mondrian-similarity,random_0,random,median
Polyimines,8,1.0,0.09999999999999998,383.75,False,family,Mondrian-similarity,random_0,random,median
4,284,0.8873239436619719,-0.012676056338028152,358.86901408450706,True,similarity,Mondrian-family,random_0,random,median
2,146,0.8904109589041096,-0.009589041095890427,339.013698630137,True,similarity,Mondrian-family,random_0,random,median
5,653,0.9050535987748851,0.005053598774885093,360.1102603369066,True,similarity,Mondrian-family,random_0,random,median
3,210,0.9142857142857143,0.014285714285714235,347.12571428571425,True,similarity,Mondrian-family,random_0,random,median
0,62,0.9354838709677419,0.03548387096774186,386.741935483871,True,similarity,Mondrian-family,random_0,random,median
1,80,0.975,0.07499999999999996,378.37,True,similarity,Mondrian-family,random_0,random,median
Polysulfides,16,0.8125,-0.08750000000000002,374.0,True,family,Mondrian-family,random_0,random,median
Polysulfones,40,0.825,-0.07500000000000007,270.0,True,family,Mondrian-family,random_0,random,median
Polyurethanes,43,0.8604651162790697,-0.03953488372093028,234.0,True,family,Mondrian-family,random_0,random,median
Polyacrylics,122,0.860655737704918,-0.03934426229508203,282.0,True,family,Mondrian-family,random_0,random,median
Polyimides,331,0.8731117824773413,-0.026888217522658686,394.0,True,family,Mondrian-family,random_0,random,median
Polyesters,161,0.8881987577639752,-0.011801242236024856,298.0,True,family,Mondrian-family,random_0,random,median
Polystyrenes,57,0.8947368421052632,-0.0052631578947368585,270.0,True,family,Mondrian-family,random_0,random,median
Polysiloxanes,48,0.8958333333333334,-0.004166666666666652,448.0,True,family,Mondrian-family,random_0,random,median
Polydienes,23,0.9130434782608695,0.01304347826086949,374.0,True,family,Mondrian-family,random_0,random,median
Polyphenylenes,87,0.9310344827586207,0.03103448275862064,484.0,True,family,Mondrian-family,random_0,random,median
Polyamides,194,0.9432989690721649,0.043298969072164906,322.0,True,family,Mondrian-family,random_0,random,median
Polyethers,150,0.9466666666666667,0.046666666666666634,396.0,True,family,Mondrian-family,random_0,random,median
Polyphosphazenes,21,0.9523809523809523,0.052380952380952306,428.0,True,family,Mondrian-family,random_0,random,median
Polyvinyls,46,0.9565217391304348,0.05652173913043479,392.0,True,family,Mondrian-family,random_0,random,median
Polyhalo-olefins,12,1.0,0.09999999999999998,374.0,True,family,Mondrian-family,random_0,random,median
Polyolefins,34,1.0,0.09999999999999998,423.2000000000001,True,family,Mondrian-family,random_0,random,median
Polyanhydrides,11,1.0,0.09999999999999998,374.0,True,family,Mondrian-family,random_0,random,median
Polycarbonates,21,1.0,0.09999999999999998,374.0,True,family,Mondrian-family,random_0,random,median
Polyureas,10,1.0,0.09999999999999998,374.0,True,family,Mondrian-family,random_0,random,median
Polyimines,8,1.0,0.09999999999999998,374.0,False,family,Mondrian-family,random_0,random,median
0,62,0.8709677419354839,-0.029032258064516148,294.51033025176065,True,similarity,Normalised SCP,random_0,random,median
1,80,0.8875,-0.012500000000000067,292.9721534015547,True,similarity,Normalised SCP,random_0,random,median
2,146,0.8904109589041096,-0.009589041095890427,297.23496130147464,True,similarity,Normalised SCP,random_0,random,median
3,210,0.9095238095238095,0.00952380952380949,297.89086414543493,True,similarity,Normalised SCP,random_0,random,median
4,284,0.9190140845070423,0.019014084507042228,333.9193921061988,True,similarity,Normalised SCP,random_0,random,median
5,653,0.9448698315467075,0.04486983154670743,368.5288038742267,True,similarity,Normalised SCP,random_0,random,median
Polydienes,23,0.7391304347826086,-0.16086956521739137,297.05276666023843,True,family,Normalised SCP,random_0,random,median
Polyimines,8,0.75,-0.15000000000000002,183.01410509492374,False,family,Normalised SCP,random_0,random,median
Polysiloxanes,48,0.7708333333333334,-0.12916666666666665,394.97121094384056,True,family,Normalised SCP,random_0,random,median
Polyphosphazenes,21,0.8095238095238095,-0.09047619047619049,424.885614235204,True,family,Normalised SCP,random_0,random,median
Polyolefins,34,0.8235294117647058,-0.07647058823529418,344.41600779295396,True,family,Normalised SCP,random_0,random,median
Polyacrylics,122,0.8442622950819673,-0.05573770491803276,288.76391989210526,True,family,Normalised SCP,random_0,random,median
Polysulfides,16,0.875,-0.025000000000000022,327.58300625260813,True,family,Normalised SCP,random_0,random,median
Polyphenylenes,87,0.8850574712643678,-0.014942528735632177,300.6366079546885,True,family,Normalised SCP,random_0,random,median
Polyethers,150,0.9066666666666666,0.006666666666666599,317.3144527833419,True,family,Normalised SCP,random_0,random,median
Polyurethanes,43,0.9069767441860465,0.006976744186046435,249.231561124097,True,family,Normalised SCP,random_0,random,median
Polyvinyls,46,0.9130434782608695,0.01304347826086949,303.3161287566952,True,family,Normalised SCP,random_0,random,median
Polyesters,161,0.9440993788819876,0.04409937888198756,278.0025841087151,True,family,Normalised SCP,random_0,random,median
Polystyrenes,57,0.9473684210526315,0.047368421052631504,229.7896110827932,True,family,Normalised SCP,random_0,random,median
Polysulfones,40,0.95,0.04999999999999993,269.9092041089554,True,family,Normalised SCP,random_0,random,median
Polyamides,194,0.9536082474226805,0.053608247422680444,301.23859423452893,True,family,Normalised SCP,random_0,random,median
Polyimides,331,0.9818731117824774,0.08187311178247736,456.7169330038191,True,family,Normalised SCP,random_0,random,median
Polyanhydrides,11,1.0,0.09999999999999998,228.17551028631303,True,family,Normalised SCP,random_0,random,median
Polyhalo-olefins,12,1.0,0.09999999999999998,468.207341847814,True,family,Normalised SCP,random_0,random,median
Polycarbonates,21,1.0,0.09999999999999998,303.7137438723774,True,family,Normalised SCP,random_0,random,median
Polyureas,10,1.0,0.09999999999999998,358.0158425603373,True,family,Normalised SCP,random_0,random,median
1,80,0.7,-0.20000000000000007,137.0694351174352,True,similarity,SCP,random_0,random,svr
0,62,0.7096774193548387,-0.19032258064516128,137.0694351174352,True,similarity,SCP,random_0,random,svr
2,146,0.773972602739726,-0.126027397260274,137.0694351174352,True,similarity,SCP,random_0,random,svr
3,210,0.8714285714285714,-0.02857142857142858,137.0694351174352,True,similarity,SCP,random_0,random,svr
4,284,0.9401408450704225,0.04014084507042248,137.0694351174352,True,similarity,SCP,random_0,random,svr
5,653,0.9525267993874426,0.052526799387442535,137.0694351174352,True,similarity,SCP,random_0,random,svr
Polydienes,23,0.5217391304347826,-0.37826086956521743,137.0694351174352,True,family,SCP,random_0,random,svr
Polyphosphazenes,21,0.6190476190476191,-0.28095238095238095,137.0694351174352,True,family,SCP,random_0,random,svr
Polyhalo-olefins,12,0.75,-0.15000000000000002,137.0694351174352,True,family,SCP,random_0,random,svr
Polyimines,8,0.75,-0.15000000000000002,137.0694351174352,False,family,SCP,random_0,random,svr
Polyurethanes,43,0.7674418604651163,-0.1325581395348837,137.0694351174352,True,family,SCP,random_0,random,svr
Polyphenylenes,87,0.8045977011494253,-0.09540229885057472,137.0694351174352,True,family,SCP,random_0,random,svr
Polysiloxanes,48,0.8125,-0.08750000000000002,137.0694351174352,True,family,SCP,random_0,random,svr
Polyolefins,34,0.8235294117647058,-0.07647058823529418,137.0694351174352,True,family,SCP,random_0,random,svr
Polyacrylics,122,0.8442622950819673,-0.05573770491803276,137.0694351174352,True,family,SCP,random_0,random,svr
Polysulfides,16,0.875,-0.025000000000000022,137.0694351174352,True,family,SCP,random_0,random,svr
Polyureas,10,0.9,0.0,137.0694351174352,True,family,SCP,random_0,random,svr
Polyesters,161,0.9316770186335404,0.03167701863354033,137.0694351174352,True,family,SCP,random_0,random,svr
Polyamides,194,0.9329896907216495,0.03298969072164948,137.0694351174352,True,family,SCP,random_0,random,svr
Polyimides,331,0.9365558912386707,0.036555891238670646,137.0694351174352,True,family,SCP,random_0,random,svr
Polyethers,150,0.94,0.039999999999999925,137.0694351174352,True,family,SCP,random_0,random,svr
Polystyrenes,57,0.9473684210526315,0.047368421052631504,137.0694351174352,True,family,SCP,random_0,random,svr
Polysulfones,40,0.95,0.04999999999999993,137.0694351174352,True,family,SCP,random_0,random,svr
Polycarbonates,21,0.9523809523809523,0.052380952380952306,137.0694351174352,True,family,SCP,random_0,random,svr
Polyvinyls,46,0.9565217391304348,0.05652173913043479,137.0694351174352,True,family,SCP,random_0,random,svr
Polyanhydrides,11,1.0,0.09999999999999998,137.0694351174352,True,family,SCP,random_0,random,svr
1,80,0.875,-0.025000000000000022,235.3263492687657,True,similarity,Mondrian-similarity,random_0,random,svr
3,210,0.8904761904761904,-0.009523809523809601,147.6458365119683,True,similarity,Mondrian-similarity,random_0,random,svr
5,653,0.8989280245022971,-0.0010719754977028817,100.35436134614375,True,similarity,Mondrian-similarity,random_0,random,svr
2,146,0.910958904109589,0.010958904109588996,211.91783426067056,True,similarity,Mondrian-similarity,random_0,random,svr
0,62,0.9354838709677419,0.03548387096774186,326.2903717337799,True,similarity,Mondrian-similarity,random_0,random,svr
4,284,0.9366197183098591,0.036619718309859106,134.71039654727787,True,similarity,Mondrian-similarity,random_0,random,svr
Polydienes,23,0.6956521739130435,-0.20434782608695656,229.79131580194726,True,family,Mondrian-similarity,random_0,random,svr
Polyurethanes,43,0.7441860465116279,-0.15581395348837213,147.62593100052186,True,family,Mondrian-similarity,random_0,random,svr
Polyimines,8,0.75,-0.15000000000000002,125.06074333802518,False,family,Mondrian-similarity,random_0,random,svr
Polyphosphazenes,21,0.7619047619047619,-0.13809523809523816,190.81089348867724,True,family,Mondrian-similarity,random_0,random,svr
Polyphenylenes,87,0.7931034482758621,-0.10689655172413792,160.15733807935032,True,family,Mondrian-similarity,random_0,random,svr
Polysiloxanes,48,0.8125,-0.08750000000000002,142.89424784868666,True,family,Mondrian-similarity,random_0,random,svr
Polyolefins,34,0.8529411764705882,-0.04705882352941182,195.52311978311724,True,family,Mondrian-similarity,random_0,random,svr
Polysulfides,16,0.875,-0.025000000000000022,217.28670150518192,True,family,Mondrian-similarity,random_0,random,svr
Polyureas,10,0.9,0.0,128.443510949972,True,family,Mondrian-similarity,random_0,random,svr
Polyimides,331,0.9093655589123867,0.009365558912386662,120.69198654690736,True,family,Mondrian-similarity,random_0,random,svr
Polyesters,161,0.9254658385093167,0.02546583850931672,138.45679126108254,True,family,Mondrian-similarity,random_0,random,svr
Polyacrylics,122,0.9262295081967213,0.02622950819672132,152.88130056399783,True,family,Mondrian-similarity,random_0,random,svr
Polyamides,194,0.9381443298969072,0.03814432989690719,121.90117135145027,True,family,Mondrian-similarity,random_0,random,svr
Polystyrenes,57,0.9473684210526315,0.047368421052631504,159.4668247571408,True,family,Mondrian-similarity,random_0,random,svr
Polyvinyls,46,0.9565217391304348,0.05652173913043479,174.1074677271113,True,family,Mondrian-similarity,random_0,random,svr
Polyethers,150,0.96,0.05999999999999994,143.0303840899055,True,family,Mondrian-similarity,random_0,random,svr
Polyanhydrides,11,1.0,0.09999999999999998,189.42467250981088,True,family,Mondrian-similarity,random_0,random,svr
Polysulfones,40,1.0,0.09999999999999998,141.7735283955789,True,family,Mondrian-similarity,random_0,random,svr
Polyhalo-olefins,12,1.0,0.09999999999999998,212.88214062673293,True,family,Mondrian-similarity,random_0,random,svr
Polycarbonates,21,1.0,0.09999999999999998,121.2188144119705,True,family,Mondrian-similarity,random_0,random,svr
1,80,0.75,-0.15000000000000002,172.7770328099544,True,similarity,Mondrian-family,random_0,random,svr
0,62,0.7580645161290323,-0.14193548387096777,177.39282818256603,True,similarity,Mondrian-family,random_0,random,svr
2,146,0.815068493150685,-0.08493150684931505,153.3552808636306,True,similarity,Mondrian-family,random_0,random,svr
3,210,0.8857142857142857,-0.014285714285714346,150.61546050560997,True,similarity,Mondrian-family,random_0,random,svr
4,284,0.9295774647887324,0.029577464788732355,148.17270763579248,True,similarity,Mondrian-family,random_0,random,svr
5,653,0.9525267993874426,0.052526799387442535,144.7899327096824,True,similarity,Mondrian-family,random_0,random,svr
Polydienes,23,0.5217391304347826,-0.37826086956521743,137.0694351174352,True,family,Mondrian-family,random_0,random,svr
Polyurethanes,43,0.7441860465116279,-0.15581395348837213,135.01368152069702,True,family,Mondrian-family,random_0,random,svr
Polyhalo-olefins,12,0.75,-0.15000000000000002,137.0694351174352,True,family,Mondrian-family,random_0,random,svr
Polyimines,8,0.75,-0.15000000000000002,137.0694351174352,False,family,Mondrian-family,random_0,random,svr
Polyacrylics,122,0.8442622950819673,-0.05573770491803276,129.96633800886462,True,family,Mondrian-family,random_0,random,svr
Polyphosphazenes,21,0.8571428571428571,-0.04285714285714293,278.47495966723363,True,family,Mondrian-family,random_0,random,svr
Polyphenylenes,87,0.8620689655172413,-0.037931034482758696,198.0396571404818,True,family,Mondrian-family,random_0,random,svr
Polyvinyls,46,0.8695652173913043,-0.0304347826086957,97.94211638871676,True,family,Mondrian-family,random_0,random,svr
Polysulfides,16,0.875,-0.025000000000000022,137.0694351174352,True,family,Mondrian-family,random_0,random,svr
Polyureas,10,0.9,0.0,137.0694351174352,True,family,Mondrian-family,random_0,random,svr
Polyesters,161,0.906832298136646,0.006832298136645987,120.34269563856674,True,family,Mondrian-family,random_0,random,svr
Polyamides,194,0.9175257731958762,0.017525773195876226,122.77508144723951,True,family,Mondrian-family,random_0,random,svr
Polyimides,331,0.9244712990936556,0.02447129909365553,131.1417305443828,True,family,Mondrian-family,random_0,random,svr
Polysulfones,40,0.95,0.04999999999999993,111.65550604366317,True,family,Mondrian-family,random_0,random,svr
Polycarbonates,21,0.9523809523809523,0.052380952380952306,137.0694351174352,True,family,Mondrian-family,random_0,random,svr
Polyethers,150,0.96,0.05999999999999994,148.6493377392558,True,family,Mondrian-family,random_0,random,svr
Polysiloxanes,48,0.9791666666666666,0.07916666666666661,362.36460887847807,True,family,Mondrian-family,random_0,random,svr
Polystyrenes,57,0.9824561403508771,0.08245614035087712,188.29155187258223,True,family,Mondrian-family,random_0,random,svr
Polyanhydrides,11,1.0,0.09999999999999998,137.0694351174352,True,family,Mondrian-family,random_0,random,svr
Polyolefins,34,1.0,0.09999999999999998,320.2665103123714,True,family,Mondrian-family,random_0,random,svr
1,80,0.7875,-0.11250000000000004,190.6321315892413,True,similarity,Normalised SCP,random_0,random,svr
0,62,0.8225806451612904,-0.07741935483870965,208.8363588948931,True,similarity,Normalised SCP,random_0,random,svr
2,146,0.8356164383561644,-0.06438356164383563,161.21925749204271,True,similarity,Normalised SCP,random_0,random,svr
3,210,0.861904761904762,-0.03809523809523807,140.58784730834128,True,similarity,Normalised SCP,random_0,random,svr
4,284,0.926056338028169,0.02605633802816898,131.37704187434386,True,similarity,Normalised SCP,random_0,random,svr
5,653,0.9464012251148545,0.04640122511485445,121.63524154240861,True,similarity,Normalised SCP,random_0,random,svr
Polyurethanes,43,0.7209302325581395,-0.17906976744186054,108.79541277968315,True,family,Normalised SCP,random_0,random,svr
Polyimines,8,0.75,-0.15000000000000002,115.7842208069416,False,family,Normalised SCP,random_0,random,svr
Polyphosphazenes,21,0.7619047619047619,-0.13809523809523816,219.14496847328965,True,family,Normalised SCP,random_0,random,svr
Polydienes,23,0.782608695652174,-0.11739130434782608,243.91538659542638,True,family,Normalised SCP,random_0,random,svr
Polysiloxanes,48,0.8541666666666666,-0.04583333333333339,157.77574749778213,True,family,Normalised SCP,random_0,random,svr
Polyphenylenes,87,0.8735632183908046,-0.02643678160919538,175.02209609947602,True,family,Normalised SCP,random_0,random,svr
Polysulfides,16,0.875,-0.025000000000000022,197.0027424196248,True,family,Normalised SCP,random_0,random,svr
Polyureas,10,0.9,0.0,134.04199664451787,True,family,Normalised SCP,random_0,random,svr
Polyimides,331,0.9003021148036254,0.00030211480362540843,120.24815891588435,True,family,Normalised SCP,random_0,random,svr
Polyacrylics,122,0.9016393442622951,0.0016393442622950616,141.5213298347423,True,family,Normalised SCP,random_0,random,svr
Polyesters,161,0.906832298136646,0.006832298136645987,120.8483542430678,True,family,Normalised SCP,random_0,random,svr
Polyolefins,34,0.9117647058823529,0.0117647058823529,208.11949302213665,True,family,Normalised SCP,random_0,random,svr
Polyvinyls,46,0.9130434782608695,0.01304347826086949,145.27395112591913,True,family,Normalised SCP,random_0,random,svr
Polyamides,194,0.9226804123711341,0.02268041237113405,110.55557526109118,True,family,Normalised SCP,random_0,random,svr
Polyethers,150,0.9466666666666667,0.046666666666666634,139.10579640764666,True,family,Normalised SCP,random_0,random,svr
Polycarbonates,21,0.9523809523809523,0.052380952380952306,119.66733370344619,True,family,Normalised SCP,random_0,random,svr
Polystyrenes,57,0.9824561403508771,0.08245614035087712,164.20020240821756,True,family,Normalised SCP,random_0,random,svr
Polyanhydrides,11,1.0,0.09999999999999998,135.64367499932953,True,family,Normalised SCP,random_0,random,svr
Polyhalo-olefins,12,1.0,0.09999999999999998,274.7833675239904,True,family,Normalised SCP,random_0,random,svr
Polysulfones,40,1.0,0.09999999999999998,140.77575661502615,True,family,Normalised SCP,random_0,random,svr
0,62,0.5806451612903226,-0.3193548387096774,139.19745999999998,True,similarity,SCP,random_0,random,random_forest
1,80,0.7625,-0.13750000000000007,139.19745999999995,True,similarity,SCP,random_0,random,random_forest
2,146,0.8424657534246576,-0.05753424657534245,139.19745999999995,True,similarity,SCP,random_0,random,random_forest
3,210,0.8904761904761904,-0.009523809523809601,139.19745999999992,True,similarity,SCP,random_0,random,random_forest
4,284,0.9295774647887324,0.029577464788732355,139.19745999999998,True,similarity,SCP,random_0,random,random_forest
5,653,0.9693721286370597,0.06937212863705966,139.19745999999995,True,similarity,SCP,random_0,random,random_forest
Polydienes,23,0.4782608695652174,-0.4217391304347826,139.19745999999995,True,family,SCP,random_0,random,random_forest
Polyphosphazenes,21,0.6190476190476191,-0.28095238095238095,139.19745999999995,True,family,SCP,random_0,random,random_forest
Polysiloxanes,48,0.8125,-0.08750000000000002,139.19745999999998,True,family,SCP,random_0,random,random_forest
Polyolefins,34,0.8235294117647058,-0.07647058823529418,139.19746,True,family,SCP,random_0,random,random_forest
Polyurethanes,43,0.8372093023255814,-0.06279069767441858,139.19746,True,family,SCP,random_0,random,random_forest
Polyphenylenes,87,0.8735632183908046,-0.02643678160919538,139.19745999999992,True,family,SCP,random_0,random,random_forest
Polyimines,8,0.875,-0.025000000000000022,139.19745999999998,False,family,SCP,random_0,random,random_forest
Polysulfides,16,0.875,-0.025000000000000022,139.19745999999998,True,family,SCP,random_0,random,random_forest
Polyesters,161,0.9192546583850931,0.019254658385093104,139.19745999999995,True,family,SCP,random_0,random,random_forest
Polyethers,150,0.92,0.020000000000000018,139.19745999999995,True,family,SCP,random_0,random,random_forest
Polyamides,194,0.9226804123711341,0.02268041237113405,139.19745999999998,True,family,SCP,random_0,random,random_forest
Polyacrylics,122,0.9262295081967213,0.02622950819672132,139.19745999999992,True,family,SCP,random_0,random,random_forest
Polyvinyls,46,0.9347826086956522,0.034782608695652195,139.19746000000004,True,family,SCP,random_0,random,random_forest
Polyimides,331,0.945619335347432,0.04561933534743201,139.19745999999995,True,family,SCP,random_0,random,random_forest
Polysulfones,40,0.95,0.04999999999999993,139.19745999999998,True,family,SCP,random_0,random,random_forest
Polycarbonates,21,0.9523809523809523,0.052380952380952306,139.19745999999995,True,family,SCP,random_0,random,random_forest
Polystyrenes,57,0.9649122807017544,0.06491228070175437,139.19745999999998,True,family,SCP,random_0,random,random_forest
Polyhalo-olefins,12,1.0,0.09999999999999998,139.19745999999995,True,family,SCP,random_0,random,random_forest
Polyanhydrides,11,1.0,0.09999999999999998,139.19745999999995,True,family,SCP,random_0,random,random_forest
Polyureas,10,1.0,0.09999999999999998,139.19745999999998,True,family,SCP,random_0,random,random_forest
1,80,0.8,-0.09999999999999998,168.23112,True,similarity,Mondrian-similarity,random_0,random,random_forest
0,62,0.8709677419354839,-0.029032258064516148,264.8000799999998,True,similarity,Mondrian-similarity,random_0,random,random_forest
5,653,0.8759571209800919,-0.024042879019908092,94.5436,True,similarity,Mondrian-similarity,random_0,random,random_forest
4,284,0.9295774647887324,0.029577464788732355,140.1532,True,similarity,Mondrian-similarity,random_0,random,random_forest
2,146,0.9383561643835616,0.0383561643835616,207.04330000000002,True,similarity,Mondrian-similarity,random_0,random,random_forest
3,210,0.9476190476190476,0.04761904761904756,168.4036,True,similarity,Mondrian-similarity,random_0,random,random_forest
Polydienes,23,0.6086956521739131,-0.29130434782608694,190.63865652173908,True,family,Mondrian-similarity,random_0,random,random_forest
Polyureas,10,0.7,-0.20000000000000007,117.723282,True,family,Mondrian-similarity,random_0,random,random_forest
Polyphosphazenes,21,0.7142857142857143,-0.18571428571428572,167.5132314285714,True,family,Mondrian-similarity,random_0,random,random_forest
Polyimines,8,0.75,-0.15000000000000002,130.1122,False,family,Mondrian-similarity,random_0,random,random_forest
Polyolefins,34,0.8235294117647058,-0.07647058823529418,174.03593705882352,True,family,Mondrian-similarity,random_0,random,random_forest
Polyurethanes,43,0.8372093023255814,-0.06279069767441858,142.95440976744186,True,family,Mondrian-similarity,random_0,random,random_forest
Polyphenylenes,87,0.8505747126436781,-0.0494252873563219,146.13424666666666,True,family,Mondrian-similarity,random_0,random,random_forest
Polysiloxanes,48,0.875,-0.025000000000000022,136.69630875,True,family,Mondrian-similarity,random_0,random,random_forest
Polyamides,194,0.8814432989690721,-0.01855670103092788,118.15827247422679,True,family,Mondrian-similarity,random_0,random,random_forest
Polyimides,331,0.9093655589123867,0.009365558912386662,119.04624821752263,True,family,Mondrian-similarity,random_0,random,random_forest
Polystyrenes,57,0.9122807017543859,0.012280701754385892,161.7589171929825,True,family,Mondrian-similarity,random_0,random,random_forest
Polyethers,150,0.92,0.020000000000000018,138.20402573333334,True,family,Mondrian-similarity,random_0,random,random_forest
Polyesters,161,0.9254658385093167,0.02546583850931672,139.09263925465837,True,family,Mondrian-similarity,random_0,random,random_forest
Polysulfides,16,0.9375,0.03749999999999998,189.36650499999996,True,family,Mondrian-similarity,random_0,random,random_forest
Polyacrylics,122,0.9426229508196722,0.042622950819672156,146.8569893442623,True,family,Mondrian-similarity,random_0,random,random_forest
Polysulfones,40,0.95,0.04999999999999993,140.298791,True,family,Mondrian-similarity,random_0,random,random_forest
Polyvinyls,46,0.9782608695652174,0.07826086956521738,164.64826391304345,True,family,Mondrian-similarity,random_0,random,random_forest
Polyhalo-olefins,12,1.0,0.09999999999999998,184.99645999999998,True,family,Mondrian-similarity,random_0,random,random_forest
Polyanhydrides,11,1.0,0.09999999999999998,177.26917818181815,True,family,Mondrian-similarity,random_0,random,random_forest
Polycarbonates,21,1.0,0.09999999999999998,122.65684285714285,True,family,Mondrian-similarity,random_0,random,random_forest
0,62,0.6612903225806451,-0.2387096774193549,165.96476741935487,True,similarity,Mondrian-family,random_0,random,random_forest
1,80,0.8,-0.09999999999999998,165.086359,True,similarity,Mondrian-family,random_0,random,random_forest
2,146,0.8561643835616438,-0.043835616438356206,151.37383328767123,True,similarity,Mondrian-family,random_0,random,random_forest
3,210,0.8952380952380953,-0.004761904761904745,149.21577390476187,True,similarity,Mondrian-family,random_0,random,random_forest
4,284,0.9401408450704225,0.04014084507042248,144.94882373239432,True,similarity,Mondrian-family,random_0,random,random_forest
5,653,0.9693721286370597,0.06937212863705966,146.85760226646244,True,similarity,Mondrian-family,random_0,random,random_forest
Polydienes,23,0.4782608695652174,-0.4217391304347826,139.19745999999995,True,family,Mondrian-family,random_0,random,random_forest
Polyphosphazenes,21,0.7619047619047619,-0.13809523809523816,193.23860000000005,True,family,Mondrian-family,random_0,random,random_forest
Polyurethanes,43,0.8372093023255814,-0.06279069767441858,135.57163999999995,True,family,Mondrian-family,random_0,random,random_forest
Polysulfides,16,0.875,-0.025000000000000022,139.19745999999998,True,family,Mondrian-family,random_0,random,random_forest
Polyimines,8,0.875,-0.025000000000000022,139.19745999999998,False,family,Mondrian-family,random_0,random,random_forest
Polyvinyls,46,0.8913043478260869,-0.008695652173913104,100.40100000000038,True,family,Mondrian-family,random_0,random,random_forest
Polysulfones,40,0.9,0.0,112.2256000000001,True,family,Mondrian-family,random_0,random,random_forest
Polyphenylenes,87,0.9080459770114943,0.008045977011494232,213.56780000000003,True,family,Mondrian-family,random_0,random,random_forest
Polyesters,161,0.9192546583850931,0.019254658385093104,128.47247999999993,True,family,Mondrian-family,random_0,random,random_forest
Polyacrylics,122,0.9262295081967213,0.02622950819672132,138.0516,True,family,Mondrian-family,random_0,random,random_forest
Polyethers,150,0.9266666666666666,0.026666666666666616,145.56879999999978,True,family,Mondrian-family,random_0,random,random_forest
Polyimides,331,0.9274924471299094,0.027492447129909392,126.95399999999995,True,family,Mondrian-family,random_0,random,random_forest
Polysiloxanes,48,0.9375,0.03749999999999998,216.86456000000007,True,family,Mondrian-family,random_0,random,random_forest
Polyamides,194,0.9432989690721649,0.043298969072164906,159.65859999999998,True,family,Mondrian-family,random_0,random,random_forest
Polycarbonates,21,0.9523809523809523,0.052380952380952306,139.19745999999995,True,family,Mondrian-family,random_0,random,random_forest
Polyolefins,34,0.9705882352941176,0.07058823529411762,272.6868,True,family,Mondrian-family,random_0,random,random_forest
Polyanhydrides,11,1.0,0.09999999999999998,139.19745999999995,True,family,Mondrian-family,random_0,random,random_forest
Polyhalo-olefins,12,1.0,0.09999999999999998,139.19745999999995,True,family,Mondrian-family,random_0,random,random_forest
Polystyrenes,57,1.0,0.09999999999999998,181.11607999999984,True,family,Mondrian-family,random_0,random,random_forest
Polyureas,10,1.0,0.09999999999999998,139.19745999999998,True,family,Mondrian-family,random_0,random,random_forest
0,62,0.7419354838709677,-0.15806451612903227,181.370272901089,True,similarity,Normalised SCP,random_0,random,random_forest
1,80,0.775,-0.125,172.58655677626408,True,similarity,Normalised SCP,random_0,random,random_forest
2,146,0.863013698630137,-0.03698630136986303,148.96103293320215,True,similarity,Normalised SCP,random_0,random,random_forest
3,210,0.8857142857142857,-0.014285714285714346,135.85716081911207,True,similarity,Normalised SCP,random_0,random,random_forest
4,284,0.9225352112676056,0.022535211267605604,130.22298541400932,True,similarity,Normalised SCP,random_0,random,random_forest
5,653,0.9509954058192955,0.050995405819295514,119.91683651915108,True,similarity,Normalised SCP,random_0,random,random_forest
Polyphosphazenes,21,0.7142857142857143,-0.18571428571428572,185.02690922096966,True,family,Normalised SCP,random_0,random,random_forest
Polydienes,23,0.782608695652174,-0.11739130434782608,205.933599226307,True,family,Normalised SCP,random_0,random,random_forest
Polyurethanes,43,0.7906976744186046,-0.10930232558139541,118.32778591253125,True,family,Normalised SCP,random_0,random,random_forest
Polysiloxanes,48,0.8541666666666666,-0.04583333333333339,152.1919275541521,True,family,Normalised SCP,random_0,random,random_forest
Polystyrenes,57,0.8596491228070176,-0.04035087719298247,112.9352981303924,True,family,Normalised SCP,random_0,random,random_forest
Polyimines,8,0.875,-0.025000000000000022,112.32759242365037,False,family,Normalised SCP,random_0,random,random_forest
Polyolefins,34,0.8823529411764706,-0.01764705882352946,184.63254011668397,True,family,Normalised SCP,random_0,random,random_forest
Polyphenylenes,87,0.8850574712643678,-0.014942528735632177,157.31800591181167,True,family,Normalised SCP,random_0,random,random_forest
Polyimides,331,0.9093655589123867,0.009365558912386662,121.1727856177267,True,family,Normalised SCP,random_0,random,random_forest
Polyacrylics,122,0.9180327868852459,0.0180327868852459,128.05271590648653,True,family,Normalised SCP,random_0,random,random_forest
Polyamides,194,0.9226804123711341,0.02268041237113405,115.90845961344695,True,family,Normalised SCP,random_0,random,random_forest
Polyethers,150,0.9333333333333333,0.033333333333333326,138.40500901650856,True,family,Normalised SCP,random_0,random,random_forest
Polyvinyls,46,0.9347826086956522,0.034782608695652195,133.53287306631074,True,family,Normalised SCP,random_0,random,random_forest
Polysulfides,16,0.9375,0.03749999999999998,167.8779031891213,True,family,Normalised SCP,random_0,random,random_forest
Polyesters,161,0.937888198757764,0.03788819875776395,125.89235978438194,True,family,Normalised SCP,random_0,random,random_forest
Polysulfones,40,0.95,0.04999999999999993,150.79074313683049,True,family,Normalised SCP,random_0,random,random_forest
Polycarbonates,21,0.9523809523809523,0.052380952380952306,116.49228787851176,True,family,Normalised SCP,random_0,random,random_forest
Polyhalo-olefins,12,1.0,0.09999999999999998,223.69228632676405,True,family,Normalised SCP,random_0,random,random_forest
Polyanhydrides,11,1.0,0.09999999999999998,155.29197230493904,True,family,Normalised SCP,random_0,random,random_forest
Polyureas,10,1.0,0.09999999999999998,135.84360059109093,True,family,Normalised SCP,random_0,random,random_forest
0,62,0.6451612903225806,-0.2548387096774194,126.75250660828604,True,similarity,SCP,random_0,random,hist_gbr
1,80,0.6875,-0.21250000000000002,126.75250660828601,True,similarity,SCP,random_0,random,hist_gbr
2,146,0.7808219178082192,-0.11917808219178083,126.752506608286,True,similarity,SCP,random_0,random,hist_gbr
3,210,0.8761904761904762,-0.023809523809523836,126.75250660828601,True,similarity,SCP,random_0,random,hist_gbr
4,284,0.9471830985915493,0.04718309859154923,126.752506608286,True,similarity,SCP,random_0,random,hist_gbr
5,653,0.9586523736600306,0.05865237366003062,126.752506608286,True,similarity,SCP,random_0,random,hist_gbr
Polydienes,23,0.5652173913043478,-0.33478260869565224,126.75250660828608,True,family,SCP,random_0,random,hist_gbr
Polyphosphazenes,21,0.6190476190476191,-0.28095238095238095,126.75250660828607,True,family,SCP,random_0,random,hist_gbr
Polyurethanes,43,0.7674418604651163,-0.1325581395348837,126.75250660828603,True,family,SCP,random_0,random,hist_gbr
Polyhalo-olefins,12,0.8333333333333334,-0.06666666666666665,126.75250660828601,True,family,SCP,random_0,random,hist_gbr
Polyphenylenes,87,0.8390804597701149,-0.060919540229885105,126.75250660828596,True,family,SCP,random_0,random,hist_gbr
Polyolefins,34,0.8529411764705882,-0.04705882352941182,126.75250660828603,True,family,SCP,random_0,random,hist_gbr
Polysulfides,16,0.875,-0.025000000000000022,126.75250660828601,True,family,SCP,random_0,random,hist_gbr
Polyimines,8,0.875,-0.025000000000000022,126.75250660828601,False,family,SCP,random_0,random,hist_gbr
Polystyrenes,57,0.8771929824561403,-0.02280701754385972,126.75250660828601,True,family,SCP,random_0,random,hist_gbr
Polysiloxanes,48,0.8958333333333334,-0.004166666666666652,126.75250660828601,True,family,SCP,random_0,random,hist_gbr
Polyesters,161,0.906832298136646,0.006832298136645987,126.75250660828601,True,family,SCP,random_0,random,hist_gbr
Polyamides,194,0.9072164948453608,0.007216494845360799,126.75250660828601,True,family,SCP,random_0,random,hist_gbr
Polyacrylics,122,0.9180327868852459,0.0180327868852459,126.752506608286,True,family,SCP,random_0,random,hist_gbr
Polyethers,150,0.92,0.020000000000000018,126.75250660828598,True,family,SCP,random_0,random,hist_gbr
Polyimides,331,0.9274924471299094,0.027492447129909392,126.752506608286,True,family,SCP,random_0,random,hist_gbr
Polycarbonates,21,0.9523809523809523,0.052380952380952306,126.75250660828598,True,family,SCP,random_0,random,hist_gbr
Polyvinyls,46,0.9565217391304348,0.05652173913043479,126.75250660828604,True,family,SCP,random_0,random,hist_gbr
Polysulfones,40,0.975,0.07499999999999996,126.75250660828601,True,family,SCP,random_0,random,hist_gbr
Polyanhydrides,11,1.0,0.09999999999999998,126.75250660828601,True,family,SCP,random_0,random,hist_gbr
Polyureas,10,1.0,0.09999999999999998,126.75250660828601,True,family,SCP,random_0,random,hist_gbr
1,80,0.875,-0.025000000000000022,186.60680035336327,True,similarity,Mondrian-similarity,random_0,random,hist_gbr
3,210,0.9,0.0,141.0696603915989,True,similarity,Mondrian-similarity,random_0,random,hist_gbr
5,653,0.9050535987748851,0.005053598774885093,94.19549169110023,True,similarity,Mondrian-similarity,random_0,random,hist_gbr
0,62,0.9354838709677419,0.03548387096774186,266.5988457899613,True,similarity,Mondrian-similarity,random_0,random,hist_gbr
2,146,0.9383561643835616,0.0383561643835616,200.54541557604387,True,similarity,Mondrian-similarity,random_0,random,hist_gbr
4,284,0.9401408450704225,0.04014084507042248,122.97990746056622,True,similarity,Mondrian-similarity,random_0,random,hist_gbr
Polydienes,23,0.7391304347826086,-0.16086956521739137,193.20398783119276,True,family,Mondrian-similarity,random_0,random,hist_gbr
Polyphosphazenes,21,0.8095238095238095,-0.09047619047619049,163.96602900935414,True,family,Mondrian-similarity,random_0,random,hist_gbr
Polyurethanes,43,0.8372093023255814,-0.06279069767441858,135.8167967814382,True,family,Mondrian-similarity,random_0,random,hist_gbr
Polyimines,8,0.875,-0.025000000000000022,116.70818977977466,False,family,Mondrian-similarity,random_0,random,hist_gbr
Polyolefins,34,0.8823529411764706,-0.01764705882352946,169.9694241381144,True,family,Mondrian-similarity,random_0,random,hist_gbr
Polyphenylenes,87,0.8850574712643678,-0.014942528735632177,142.21560527865523,True,family,Mondrian-similarity,random_0,random,hist_gbr
Polyureas,10,0.9,0.0,116.95005652276748,True,family,Mondrian-similarity,random_0,random,hist_gbr
Polyamides,194,0.9020618556701031,0.0020618556701030855,112.98157852269028,True,family,Mondrian-similarity,random_0,random,hist_gbr
Polyimides,331,0.9093655589123867,0.009365558912386662,112.05432504797403,True,family,Mondrian-similarity,random_0,random,hist_gbr
Polyhalo-olefins,12,0.9166666666666666,0.016666666666666607,185.38836655983224,True,family,Mondrian-similarity,random_0,random,hist_gbr
Polyesters,161,0.9192546583850931,0.019254658385093104,128.8601190223584,True,family,Mondrian-similarity,random_0,random,hist_gbr
Polystyrenes,57,0.9298245614035088,0.029824561403508754,148.47401189136156,True,family,Mondrian-similarity,random_0,random,hist_gbr
Polyvinyls,46,0.9347826086956522,0.034782608695652195,155.5166909244315,True,family,Mondrian-similarity,random_0,random,hist_gbr
Polysiloxanes,48,0.9375,0.03749999999999998,130.08881301416025,True,family,Mondrian-similarity,random_0,random,hist_gbr
Polysulfides,16,0.9375,0.03749999999999998,187.7386190761901,True,family,Mondrian-similarity,random_0,random,hist_gbr
Polyethers,150,0.94,0.039999999999999925,129.9538373424557,True,family,Mondrian-similarity,random_0,random,hist_gbr
Polyacrylics,122,0.9508196721311475,0.050819672131147464,139.19022138127337,True,family,Mondrian-similarity,random_0,random,hist_gbr
Polycarbonates,21,0.9523809523809523,0.052380952380952306,113.6709327275194,True,family,Mondrian-similarity,random_0,random,hist_gbr
Polyanhydrides,11,1.0,0.09999999999999998,171.09230880086943,True,family,Mondrian-similarity,random_0,random,hist_gbr
Polysulfones,40,1.0,0.09999999999999998,130.70236231383038,True,family,Mondrian-similarity,random_0,random,hist_gbr
0,62,0.6612903225806451,-0.2387096774193549,147.5837019448652,True,similarity,Mondrian-family,random_0,random,hist_gbr
1,80,0.7625,-0.13750000000000007,147.67563723001678,True,similarity,Mondrian-family,random_0,random,hist_gbr
2,146,0.7945205479452054,-0.10547945205479459,133.1628881387508,True,similarity,Mondrian-family,random_0,random,hist_gbr
3,210,0.8666666666666667,-0.033333333333333326,130.92962972498097,True,similarity,Mondrian-family,random_0,random,hist_gbr
4,284,0.9507042253521126,0.05070422535211261,131.33555907807946,True,similarity,Mondrian-family,random_0,random,hist_gbr
5,653,0.9601837672281777,0.06018376722817764,132.81442673028377,True,similarity,Mondrian-family,random_0,random,hist_gbr
Polydienes,23,0.5652173913043478,-0.33478260869565224,126.75250660828608,True,family,Mondrian-family,random_0,random,hist_gbr
Polyphosphazenes,21,0.7142857142857143,-0.18571428571428572,157.47406679019187,True,family,Mondrian-family,random_0,random,hist_gbr
Polyurethanes,43,0.7906976744186046,-0.10930232558139541,134.9051544180537,True,family,Mondrian-family,random_0,random,hist_gbr
Polyhalo-olefins,12,0.8333333333333334,-0.06666666666666665,126.75250660828601,True,family,Mondrian-family,random_0,random,hist_gbr
Polyesters,161,0.8633540372670807,-0.03664596273291931,98.31879738231943,True,family,Mondrian-family,random_0,random,hist_gbr
Polysulfides,16,0.875,-0.025000000000000022,126.75250660828601,True,family,Mondrian-family,random_0,random,hist_gbr
Polyimines,8,0.875,-0.025000000000000022,126.75250660828601,False,family,Mondrian-family,random_0,random,hist_gbr
Polyacrylics,122,0.8934426229508197,-0.006557377049180357,113.40887449792382,True,family,Mondrian-family,random_0,random,hist_gbr
Polystyrenes,57,0.9122807017543859,0.012280701754385892,142.11812892302441,True,family,Mondrian-family,random_0,random,hist_gbr
Polyamides,194,0.9123711340206185,0.012371134020618513,136.42990037130747,True,family,Mondrian-family,random_0,random,hist_gbr
Polyphenylenes,87,0.9195402298850575,0.019540229885057436,208.62240588092007,True,family,Mondrian-family,random_0,random,hist_gbr
Polyethers,150,0.92,0.020000000000000018,126.75250660828598,True,family,Mondrian-family,random_0,random,hist_gbr
Polyimides,331,0.9274924471299094,0.027492447129909392,125.98001751014417,True,family,Mondrian-family,random_0,random,hist_gbr
Polyolefins,34,0.9411764705882353,0.04117647058823526,205.9975949164867,True,family,Mondrian-family,random_0,random,hist_gbr
Polysulfones,40,0.95,0.04999999999999993,106.3764321305107,True,family,Mondrian-family,random_0,random,hist_gbr
Polycarbonates,21,0.9523809523809523,0.052380952380952306,126.75250660828598,True,family,Mondrian-family,random_0,random,hist_gbr
Polyvinyls,46,0.9565217391304348,0.05652173913043479,125.51624506873557,True,family,Mondrian-family,random_0,random,hist_gbr
Polysiloxanes,48,0.9791666666666666,0.07916666666666661,206.04180542290786,True,family,Mondrian-family,random_0,random,hist_gbr
Polyanhydrides,11,1.0,0.09999999999999998,126.75250660828601,True,family,Mondrian-family,random_0,random,hist_gbr
Polyureas,10,1.0,0.09999999999999998,126.75250660828601,True,family,Mondrian-family,random_0,random,hist_gbr
1,80,0.7625,-0.13750000000000007,160.393219132183,True,similarity,Normalised SCP,random_0,random,hist_gbr
0,62,0.7741935483870968,-0.12580645161290327,174.41377873665323,True,similarity,Normalised SCP,random_0,random,hist_gbr
2,146,0.7945205479452054,-0.10547945205479459,134.45866843343762,True,similarity,Normalised SCP,random_0,random,hist_gbr
3,210,0.861904761904762,-0.03809523809523807,124.41355310888069,True,similarity,Normalised SCP,random_0,random,hist_gbr
4,284,0.9190140845070423,0.019014084507042228,116.87122421616752,True,similarity,Normalised SCP,random_0,random,hist_gbr
5,653,0.9418070444104135,0.041807044410413496,110.09266871930323,True,similarity,Normalised SCP,random_0,random,hist_gbr
Polyphosphazenes,21,0.7619047619047619,-0.13809523809523816,155.8672079808439,True,family,Normalised SCP,random_0,random,hist_gbr
Polyurethanes,43,0.7674418604651163,-0.1325581395348837,111.95309765741023,True,family,Normalised SCP,random_0,random,hist_gbr
Polydienes,23,0.8260869565217391,-0.07391304347826089,180.07065763784075,True,family,Normalised SCP,random_0,random,hist_gbr
Polyolefins,34,0.8529411764705882,-0.04705882352941182,164.008623345212,True,family,Normalised SCP,random_0,random,hist_gbr
Polyimines,8,0.875,-0.025000000000000022,109.5561156427733,False,family,Normalised SCP,random_0,random,hist_gbr
Polystyrenes,57,0.8771929824561403,-0.02280701754385972,118.81246651713931,True,family,Normalised SCP,random_0,random,hist_gbr
Polyphenylenes,87,0.8850574712643678,-0.014942528735632177,146.3611069159255,True,family,Normalised SCP,random_0,random,hist_gbr
Polyimides,331,0.8851963746223565,-0.01480362537764357,110.30324199473121,True,family,Normalised SCP,random_0,random,hist_gbr
Polyacrylics,122,0.8852459016393442,-0.014754098360655776,112.9292332895223,True,family,Normalised SCP,random_0,random,hist_gbr
Polyesters,161,0.8881987577639752,-0.011801242236024856,109.72277952946456,True,family,Normalised SCP,random_0,random,hist_gbr
Polysiloxanes,48,0.8958333333333334,-0.004166666666666652,131.05120912627228,True,family,Normalised SCP,random_0,random,hist_gbr
Polyamides,194,0.9123711340206185,0.012371134020618513,113.62256780998959,True,family,Normalised SCP,random_0,random,hist_gbr
Polyvinyls,46,0.9130434782608695,0.01304347826086949,122.148978702322,True,family,Normalised SCP,random_0,random,hist_gbr
Polyhalo-olefins,12,0.9166666666666666,0.016666666666666607,227.67947169958347,True,family,Normalised SCP,random_0,random,hist_gbr
Polyethers,150,0.92,0.020000000000000018,126.60314909491522,True,family,Normalised SCP,random_0,random,hist_gbr
Polysulfides,16,0.9375,0.03749999999999998,148.7220587078683,True,family,Normalised SCP,random_0,random,hist_gbr
Polycarbonates,21,0.9523809523809523,0.052380952380952306,110.13764742427009,True,family,Normalised SCP,random_0,random,hist_gbr
Polysulfones,40,1.0,0.09999999999999998,124.2255884431891,True,family,Normalised SCP,random_0,random,hist_gbr
Polyanhydrides,11,1.0,0.09999999999999998,152.6651059514904,True,family,Normalised SCP,random_0,random,hist_gbr
Polyureas,10,1.0,0.09999999999999998,132.89696605227925,True,family,Normalised SCP,random_0,random,hist_gbr
0,62,0.6290322580645161,-0.2709677419354839,131.03716000000003,True,similarity,SCP,random_0,random,extra_trees
1,80,0.7375,-0.16249999999999998,131.03716000000006,True,similarity,SCP,random_0,random,extra_trees
2,146,0.821917808219178,-0.07808219178082199,131.03716000000006,True,similarity,SCP,random_0,random,extra_trees
3,210,0.8952380952380953,-0.004761904761904745,131.03716000000006,True,similarity,SCP,random_0,random,extra_trees
4,284,0.9366197183098591,0.036619718309859106,131.03716000000003,True,similarity,SCP,random_0,random,extra_trees
5,653,0.9617151607963247,0.061715160796324664,131.03716000000006,True,similarity,SCP,random_0,random,extra_trees
Polydienes,23,0.5217391304347826,-0.37826086956521743,131.03715999999997,True,family,SCP,random_0,random,extra_trees
Polyphosphazenes,21,0.6190476190476191,-0.28095238095238095,131.03716,True,family,SCP,random_0,random,extra_trees
Polysiloxanes,48,0.8125,-0.08750000000000002,131.03716000000006,True,family,SCP,random_0,random,extra_trees
Polyurethanes,43,0.813953488372093,-0.086046511627907,131.03716000000003,True,family,SCP,random_0,random,extra_trees
Polyphenylenes,87,0.8735632183908046,-0.02643678160919538,131.03716000000003,True,family,SCP,random_0,random,extra_trees
Polysulfides,16,0.875,-0.025000000000000022,131.03716000000003,True,family,SCP,random_0,random,extra_trees
Polyimines,8,0.875,-0.025000000000000022,131.03716000000003,False,family,SCP,random_0,random,extra_trees
Polyacrylics,122,0.9016393442622951,0.0016393442622950616,131.03716000000006,True,family,SCP,random_0,random,extra_trees
Polyethers,150,0.9066666666666666,0.006666666666666599,131.03716000000006,True,family,SCP,random_0,random,extra_trees
Polyolefins,34,0.9117647058823529,0.0117647058823529,131.03716000000003,True,family,SCP,random_0,random,extra_trees
Polyamides,194,0.9123711340206185,0.012371134020618513,131.03716000000006,True,family,SCP,random_0,random,extra_trees
Polyesters,161,0.9192546583850931,0.019254658385093104,131.03716000000003,True,family,SCP,random_0,random,extra_trees
Polyvinyls,46,0.9347826086956522,0.034782608695652195,131.03716000000003,True,family,SCP,random_0,random,extra_trees
Polyimides,331,0.9395770392749244,0.0395770392749244,131.03716000000006,True,family,SCP,random_0,random,extra_trees
Polycarbonates,21,0.9523809523809523,0.052380952380952306,131.03716,True,family,SCP,random_0,random,extra_trees
Polysulfones,40,0.975,0.07499999999999996,131.03716000000003,True,family,SCP,random_0,random,extra_trees
Polystyrenes,57,0.9824561403508771,0.08245614035087712,131.03716000000006,True,family,SCP,random_0,random,extra_trees
Polyhalo-olefins,12,1.0,0.09999999999999998,131.03716000000006,True,family,SCP,random_0,random,extra_trees
Polyanhydrides,11,1.0,0.09999999999999998,131.03716000000006,True,family,SCP,random_0,random,extra_trees
Polyureas,10,1.0,0.09999999999999998,131.03716000000003,True,family,SCP,random_0,random,extra_trees
1,80,0.85,-0.050000000000000044,187.05100000000013,True,similarity,Mondrian-similarity,random_0,random,extra_trees
0,62,0.8709677419354839,-0.029032258064516148,237.63800000000006,True,similarity,Mondrian-similarity,random_0,random,extra_trees
5,653,0.8958652373660031,-0.0041347626339969246,87.15567999999995,True,similarity,Mondrian-similarity,random_0,random,extra_trees
3,210,0.9285714285714286,0.02857142857142858,147.54160000000002,True,similarity,Mondrian-similarity,random_0,random,extra_trees
2,146,0.9315068493150684,0.03150684931506842,190.8374000000001,True,similarity,Mondrian-similarity,random_0,random,extra_trees
4,284,0.9401408450704225,0.04014084507042248,138.65619999999998,True,similarity,Mondrian-similarity,random_0,random,extra_trees
Polydienes,23,0.6521739130434783,-0.24782608695652175,183.9850539130435,True,family,Mondrian-similarity,random_0,random,extra_trees
Polyphosphazenes,21,0.8095238095238095,-0.09047619047619049,159.78274285714284,True,family,Mondrian-similarity,random_0,random,extra_trees
Polyurethanes,43,0.8372093023255814,-0.06279069767441858,134.59654790697678,True,family,Mondrian-similarity,random_0,random,extra_trees
Polyphenylenes,87,0.8505747126436781,-0.0494252873563219,138.883531954023,True,family,Mondrian-similarity,random_0,random,extra_trees
Polysulfides,16,0.875,-0.025000000000000022,179.63874750000002,True,family,Mondrian-similarity,random_0,random,extra_trees
Polysiloxanes,48,0.875,-0.025000000000000022,128.74692833333336,True,family,Mondrian-similarity,random_0,random,extra_trees
Polyimines,8,0.875,-0.025000000000000022,121.564855,False,family,Mondrian-similarity,random_0,random,extra_trees
Polyimides,331,0.9003021148036254,0.00030211480362540843,111.54289631419938,True,family,Mondrian-similarity,random_0,random,extra_trees
Polyamides,194,0.9072164948453608,0.007216494845360799,110.2422092783505,True,family,Mondrian-similarity,random_0,random,extra_trees
Polysulfones,40,0.925,0.025000000000000022,133.27612600000003,True,family,Mondrian-similarity,random_0,random,extra_trees
Polyacrylics,122,0.9262295081967213,0.02622950819672132,137.9073567213115,True,family,Mondrian-similarity,random_0,random,extra_trees
Polyethers,150,0.9333333333333333,0.033333333333333326,129.4917488,True,family,Mondrian-similarity,random_0,random,extra_trees
Polyesters,161,0.937888198757764,0.03788819875776395,129.05737763975156,True,family,Mondrian-similarity,random_0,random,extra_trees
Polyolefins,34,0.9411764705882353,0.04117647058823526,166.52880588235297,True,family,Mondrian-similarity,random_0,random,extra_trees
Polycarbonates,21,0.9523809523809523,0.052380952380952306,113.4046076190476,True,family,Mondrian-similarity,random_0,random,extra_trees
Polyvinyls,46,0.9565217391304348,0.05652173913043479,155.80402956521743,True,family,Mondrian-similarity,random_0,random,extra_trees
Polystyrenes,57,0.9824561403508771,0.08245614035087712,148.070181754386,True,family,Mondrian-similarity,random_0,random,extra_trees
Polyhalo-olefins,12,1.0,0.09999999999999998,176.80263000000005,True,family,Mondrian-similarity,random_0,random,extra_trees
Polyanhydrides,11,1.0,0.09999999999999998,162.39004,True,family,Mondrian-similarity,random_0,random,extra_trees
Polyureas,10,1.0,0.09999999999999998,112.663436,True,family,Mondrian-similarity,random_0,random,extra_trees
0,62,0.6612903225806451,-0.2387096774193549,149.87001645161297,True,similarity,Mondrian-family,random_0,random,extra_trees
1,80,0.7625,-0.13750000000000007,146.85745075000003,True,similarity,Mondrian-family,random_0,random,extra_trees
2,146,0.773972602739726,-0.126027397260274,134.944035890411,True,similarity,Mondrian-family,random_0,random,extra_trees
3,210,0.8714285714285714,-0.02857142857142858,131.21207685714285,True,similarity,Mondrian-family,random_0,random,extra_trees
4,284,0.926056338028169,0.02605633802816898,132.78185253521127,True,similarity,Mondrian-family,random_0,random,extra_trees
5,653,0.9571209800918836,0.0571209800918836,134.76628805513016,True,similarity,Mondrian-family,random_0,random,extra_trees
Polydienes,23,0.5217391304347826,-0.37826086956521743,131.03715999999997,True,family,Mondrian-family,random_0,random,extra_trees
Polysulfones,40,0.8,-0.09999999999999998,87.17759999999994,True,family,Mondrian-family,random_0,random,extra_trees
Polyphosphazenes,21,0.8095238095238095,-0.09047619047619049,179.96140000000005,True,family,Mondrian-family,random_0,random,extra_trees
Polyvinyls,46,0.8260869565217391,-0.07391304347826089,88.48767999999998,True,family,Mondrian-family,random_0,random,extra_trees
Polyacrylics,122,0.8442622950819673,-0.05573770491803276,106.28775999999993,True,family,Mondrian-family,random_0,random,extra_trees
Polyesters,161,0.8509316770186336,-0.04906832298136643,102.3184,True,family,Mondrian-family,random_0,random,extra_trees
Polyurethanes,43,0.8604651162790697,-0.03953488372093028,190.22868000000017,True,family,Mondrian-family,random_0,random,extra_trees
Polysulfides,16,0.875,-0.025000000000000022,131.03716000000003,True,family,Mondrian-family,random_0,random,extra_trees
Polyimines,8,0.875,-0.025000000000000022,131.03716000000003,False,family,Mondrian-family,random_0,random,extra_trees
Polyethers,150,0.9133333333333333,0.013333333333333308,143.1512,True,family,Mondrian-family,random_0,random,extra_trees
Polyamides,194,0.9175257731958762,0.017525773195876226,139.26539999999997,True,family,Mondrian-family,random_0,random,extra_trees
Polyimides,331,0.9244712990936556,0.02447129909365553,123.15599999999995,True,family,Mondrian-family,random_0,random,extra_trees
Polyphenylenes,87,0.9310344827586207,0.03103448275862064,206.3787999999999,True,family,Mondrian-family,random_0,random,extra_trees
Polyolefins,34,0.9411764705882353,0.04117647058823526,198.3523000000001,True,family,Mondrian-family,random_0,random,extra_trees
Polycarbonates,21,0.9523809523809523,0.052380952380952306,131.03716,True,family,Mondrian-family,random_0,random,extra_trees
Polysiloxanes,48,0.9583333333333334,0.05833333333333335,201.15326000000005,True,family,Mondrian-family,random_0,random,extra_trees
Polystyrenes,57,0.9824561403508771,0.08245614035087712,144.0098,True,family,Mondrian-family,random_0,random,extra_trees
Polyhalo-olefins,12,1.0,0.09999999999999998,131.03716000000006,True,family,Mondrian-family,random_0,random,extra_trees
Polyanhydrides,11,1.0,0.09999999999999998,131.03716000000006,True,family,Mondrian-family,random_0,random,extra_trees
Polyureas,10,1.0,0.09999999999999998,131.03716000000003,True,family,Mondrian-family,random_0,random,extra_trees
1,80,0.7875,-0.11250000000000004,160.19124772492586,True,similarity,Normalised SCP,random_0,random,extra_trees
0,62,0.7903225806451613,-0.10967741935483877,169.25745812382505,True,similarity,Normalised SCP,random_0,random,extra_trees
2,146,0.821917808219178,-0.07808219178082199,139.64459662799067,True,similarity,Normalised SCP,random_0,random,extra_trees
3,210,0.8761904761904762,-0.023809523809523836,128.48043691078274,True,similarity,Normalised SCP,random_0,random,extra_trees
4,284,0.9190140845070423,0.019014084507042228,118.1295968203694,True,similarity,Normalised SCP,random_0,random,extra_trees
5,653,0.9433384379785605,0.04333843797856052,111.73247513503804,True,similarity,Normalised SCP,random_0,random,extra_trees
Polyimines,8,0.75,-0.15000000000000002,103.88621771831572,False,family,Normalised SCP,random_0,random,extra_trees
Polyphosphazenes,21,0.7619047619047619,-0.13809523809523816,158.38074882898604,True,family,Normalised SCP,random_0,random,extra_trees
Polyurethanes,43,0.7906976744186046,-0.10930232558139541,117.69042070880337,True,family,Normalised SCP,random_0,random,extra_trees
Polysiloxanes,48,0.8125,-0.08750000000000002,135.58476002059572,True,family,Normalised SCP,random_0,random,extra_trees
Polydienes,23,0.8260869565217391,-0.07391304347826089,190.05964064566587,True,family,Normalised SCP,random_0,random,extra_trees
Polysulfides,16,0.875,-0.025000000000000022,157.8993718426626,True,family,Normalised SCP,random_0,random,extra_trees
Polyimides,331,0.8912386706948641,-0.008761329305135956,112.3796868931229,True,family,Normalised SCP,random_0,random,extra_trees
Polyvinyls,46,0.8913043478260869,-0.008695652173913104,121.02420885719339,True,family,Normalised SCP,random_0,random,extra_trees
Polyphenylenes,87,0.896551724137931,-0.0034482758620689724,142.46740939858842,True,family,Normalised SCP,random_0,random,extra_trees
Polyesters,161,0.9006211180124224,0.0006211180124223725,111.81458847098976,True,family,Normalised SCP,random_0,random,extra_trees
Polyacrylics,122,0.9098360655737705,0.00983606557377048,121.47795707320311,True,family,Normalised SCP,random_0,random,extra_trees
Polyamides,194,0.9175257731958762,0.017525773195876226,107.86070187792778,True,family,Normalised SCP,random_0,random,extra_trees
Polyethers,150,0.92,0.020000000000000018,128.48167511410594,True,family,Normalised SCP,random_0,random,extra_trees
Polyolefins,34,0.9411764705882353,0.04117647058823526,179.01424906813446,True,family,Normalised SCP,random_0,random,extra_trees
Polystyrenes,57,0.9473684210526315,0.047368421052631504,115.05458260279737,True,family,Normalised SCP,random_0,random,extra_trees
Polycarbonates,21,0.9523809523809523,0.052380952380952306,113.7968889501464,True,family,Normalised SCP,random_0,random,extra_trees
Polyanhydrides,11,1.0,0.09999999999999998,136.93006911685043,True,family,Normalised SCP,random_0,random,extra_trees
Polysulfones,40,1.0,0.09999999999999998,145.21803183616976,True,family,Normalised SCP,random_0,random,extra_trees
Polyhalo-olefins,12,1.0,0.09999999999999998,226.44843081099347,True,family,Normalised SCP,random_0,random,extra_trees
Polyureas,10,1.0,0.09999999999999998,131.89680448127402,True,family,Normalised SCP,random_0,random,extra_trees
2,163,0.852760736196319,-0.04723926380368104,366.0,True,similarity,SCP,random_1,random,median
4,246,0.8536585365853658,-0.04634146341463419,366.0,True,similarity,SCP,random_1,random,median
3,230,0.9,0.0,366.0,True,similarity,SCP,random_1,random,median
5,667,0.9025487256371814,0.002548725637181337,366.0,True,similarity,SCP,random_1,random,median
1,80,0.9125,0.012499999999999956,366.0,True,similarity,SCP,random_1,random,median
0,49,0.9183673469387755,0.01836734693877551,366.0,True,similarity,SCP,random_1,random,median
Polysiloxanes,47,0.6382978723404256,-0.26170212765957446,366.0,True,family,SCP,random_1,random,median
Polyphosphazenes,20,0.65,-0.25,366.0,True,family,SCP,random_1,random,median
Polysulfides,12,0.75,-0.15000000000000002,366.0,True,family,SCP,random_1,random,median
Polyolefins,33,0.7575757575757576,-0.14242424242424245,366.0,True,family,SCP,random_1,random,median
Polydienes,17,0.8235294117647058,-0.07647058823529418,366.0,True,family,SCP,random_1,random,median
Polyimides,349,0.836676217765043,-0.06332378223495705,366.0,True,family,SCP,random_1,random,median
Polyphenylenes,86,0.8488372093023255,-0.05116279069767449,366.0,True,family,SCP,random_1,random,median
Polyethers,127,0.8740157480314961,-0.025984251968503957,366.0,True,family,SCP,random_1,random,median
Polyvinyls,44,0.8863636363636364,-0.013636363636363669,366.0,True,family,SCP,random_1,random,median
Polyhalo-olefins,11,0.9090909090909091,0.009090909090909038,366.0,True,family,SCP,random_1,random,median
Polyesters,162,0.9382716049382716,0.03827160493827153,366.0,True,family,SCP,random_1,random,median
Polyacrylics,153,0.9411764705882353,0.04117647058823526,366.0,True,family,SCP,random_1,random,median
Polyamides,205,0.9560975609756097,0.056097560975609695,366.0,True,family,SCP,random_1,random,median
Polystyrenes,54,0.9814814814814815,0.08148148148148149,366.0,True,family,SCP,random_1,random,median
Polyurethanes,37,1.0,0.09999999999999998,366.0,True,family,SCP,random_1,random,median
Polyimines,8,1.0,0.09999999999999998,366.0,False,family,SCP,random_1,random,median
Polycarbonates,17,1.0,0.09999999999999998,366.0,True,family,SCP,random_1,random,median
Polyanhydrides,8,1.0,0.09999999999999998,366.0,False,family,SCP,random_1,random,median
Polysulfones,39,1.0,0.09999999999999998,366.0,True,family,SCP,random_1,random,median
Polyureas,6,1.0,0.09999999999999998,366.0,False,family,SCP,random_1,random,median
4,246,0.8577235772357723,-0.04227642276422772,368.0,True,similarity,Mondrian-similarity,random_1,random,median
5,667,0.8875562218890555,-0.012443778110944548,358.0,True,similarity,Mondrian-similarity,random_1,random,median
2,163,0.901840490797546,0.0018404907975460016,398.0,True,similarity,Mondrian-similarity,random_1,random,median
3,230,0.9130434782608695,0.01304347826086949,370.0,True,similarity,Mondrian-similarity,random_1,random,median
0,49,0.9183673469387755,0.01836734693877551,372.59999999999997,True,similarity,Mondrian-similarity,random_1,random,median
1,80,0.9625,0.0625,383.3,True,similarity,Mondrian-similarity,random_1,random,median
Polysiloxanes,47,0.6170212765957447,-0.28297872340425534,371.39787234042547,True,family,Mondrian-similarity,random_1,random,median
Polyphosphazenes,20,0.65,-0.25,374.45500000000004,True,family,Mondrian-similarity,random_1,random,median
Polyolefins,33,0.8181818181818182,-0.08181818181818179,375.79999999999995,True,family,Mondrian-similarity,random_1,random,median
Polysulfides,12,0.8333333333333334,-0.06666666666666665,375.5833333333333,True,family,Mondrian-similarity,random_1,random,median
Polyimides,349,0.836676217765043,-0.06332378223495705,363.6796561604585,True,family,Mondrian-similarity,random_1,random,median
Polyphenylenes,86,0.8372093023255814,-0.06279069767441858,371.3360465116279,True,family,Mondrian-similarity,random_1,random,median
Polydienes,17,0.8823529411764706,-0.01764705882352946,377.7882352941176,True,family,Mondrian-similarity,random_1,random,median
Polyethers,127,0.8976377952755905,-0.0023622047244095112,367.107874015748,True,family,Mondrian-similarity,random_1,random,median
Polyvinyls,44,0.9090909090909091,0.009090909090909038,378.1568181818182,True,family,Mondrian-similarity,random_1,random,median
Polyesters,162,0.9320987654320988,0.032098765432098775,367.7141975308642,True,family,Mondrian-similarity,random_1,random,median
Polyacrylics,153,0.9411764705882353,0.04117647058823526,370.881045751634,True,family,Mondrian-similarity,random_1,random,median
Polyamides,205,0.9560975609756097,0.056097560975609695,364.74634146341464,True,family,Mondrian-similarity,random_1,random,median
Polystyrenes,54,0.9814814814814815,0.08148148148148149,374.07037037037037,True,family,Mondrian-similarity,random_1,random,median
Polyhalo-olefins,11,1.0,0.09999999999999998,369.3272727272727,True,family,Mondrian-similarity,random_1,random,median
Polyimines,8,1.0,0.09999999999999998,370.75,False,family,Mondrian-similarity,random_1,random,median
Polyurethanes,37,1.0,0.09999999999999998,367.2432432432432,True,family,Mondrian-similarity,random_1,random,median
Polycarbonates,17,1.0,0.09999999999999998,373.05882352941177,True,family,Mondrian-similarity,random_1,random,median
Polyanhydrides,8,1.0,0.09999999999999998,374.075,False,family,Mondrian-similarity,random_1,random,median
Polysulfones,39,1.0,0.09999999999999998,369.40000000000003,True,family,Mondrian-similarity,random_1,random,median
Polyureas,6,1.0,0.09999999999999998,361.3333333333333,False,family,Mondrian-similarity,random_1,random,median
3,230,0.8695652173913043,-0.0304347826086957,347.4695652173913,True,similarity,Mondrian-family,random_1,random,median
4,246,0.8699186991869918,-0.030081300813008194,350.7886178861789,True,similarity,Mondrian-family,random_1,random,median
2,163,0.8711656441717791,-0.028834355828220914,358.1226993865031,True,similarity,Mondrian-family,random_1,random,median
5,667,0.9115442278860569,0.011544227886056913,359.7241379310345,True,similarity,Mondrian-family,random_1,random,median
0,49,0.9387755102040817,0.038775510204081653,411.2244897959184,True,similarity,Mondrian-family,random_1,random,median
1,80,0.9625,0.0625,373.75,True,similarity,Mondrian-family,random_1,random,median
Polysulfides,12,0.75,-0.15000000000000002,366.0,True,family,Mondrian-family,random_1,random,median
Polystyrenes,54,0.7962962962962963,-0.10370370370370374,228.0,True,family,Mondrian-family,random_1,random,median
Polydienes,17,0.8235294117647058,-0.07647058823529418,366.0,True,family,Mondrian-family,random_1,random,median
Polyesters,162,0.8580246913580247,-0.041975308641975295,308.0,True,family,Mondrian-family,random_1,random,median
Polyethers,127,0.8582677165354331,-0.04173228346456692,348.0,True,family,Mondrian-family,random_1,random,median
Polyurethanes,37,0.8648648648648649,-0.03513513513513511,234.0,True,family,Mondrian-family,random_1,random,median
Polyimides,349,0.8739255014326648,-0.026074498567335236,396.0,True,family,Mondrian-family,random_1,random,median
Polyacrylics,153,0.9084967320261438,0.00849673202614376,300.0,True,family,Mondrian-family,random_1,random,median
Polyhalo-olefins,11,0.9090909090909091,0.009090909090909038,366.0,True,family,Mondrian-family,random_1,random,median
Polysiloxanes,47,0.9148936170212766,0.014893617021276562,486.0,True,family,Mondrian-family,random_1,random,median
Polysulfones,39,0.9230769230769231,0.023076923076923106,288.0,True,family,Mondrian-family,random_1,random,median
Polyvinyls,44,0.9318181818181818,0.031818181818181746,418.0,True,family,Mondrian-family,random_1,random,median
Polyamides,205,0.9365853658536586,0.03658536585365857,330.0,True,family,Mondrian-family,random_1,random,median
Polyolefins,33,0.9696969696969697,0.0696969696969697,412.0,True,family,Mondrian-family,random_1,random,median
Polyphenylenes,86,0.9767441860465116,0.07674418604651156,510.0,True,family,Mondrian-family,random_1,random,median
Polyimines,8,1.0,0.09999999999999998,366.0,False,family,Mondrian-family,random_1,random,median
Polycarbonates,17,1.0,0.09999999999999998,366.0,True,family,Mondrian-family,random_1,random,median
Polyanhydrides,8,1.0,0.09999999999999998,366.0,False,family,Mondrian-family,random_1,random,median
Polyphosphazenes,20,1.0,0.09999999999999998,446.0,True,family,Mondrian-family,random_1,random,median
Polyureas,6,1.0,0.09999999999999998,366.0,False,family,Mondrian-family,random_1,random,median
0,49,0.6938775510204082,-0.20612244897959187,249.41925322743305,True,similarity,Normalised SCP,random_1,random,median
1,80,0.875,-0.025000000000000022,280.97469124255696,True,similarity,Normalised SCP,random_1,random,median
3,230,0.8913043478260869,-0.008695652173913104,315.49786208185515,True,similarity,Normalised SCP,random_1,random,median
2,163,0.8957055214723927,-0.004294478527607337,318.130285050637,True,similarity,Normalised SCP,random_1,random,median
4,246,0.9105691056910569,0.010569105691056846,354.8523288116548,True,similarity,Normalised SCP,random_1,random,median
5,667,0.9490254872563718,0.04902548725637179,376.5020673511801,True,similarity,Normalised SCP,random_1,random,median
Polysulfides,12,0.6666666666666666,-0.2333333333333334,274.4125777275773,True,family,Normalised SCP,random_1,random,median
Polyphosphazenes,20,0.7,-0.20000000000000007,415.8589108171136,True,family,Normalised SCP,random_1,random,median
Polyphenylenes,86,0.8255813953488372,-0.07441860465116279,299.26956375275455,True,family,Normalised SCP,random_1,random,median
Polyolefins,33,0.8484848484848485,-0.051515151515151514,396.2882243628728,True,family,Normalised SCP,random_1,random,median
Polystyrenes,54,0.8518518518518519,-0.04814814814814816,221.98647542223648,True,family,Normalised SCP,random_1,random,median
Polysiloxanes,47,0.8723404255319149,-0.02765957446808509,423.2221854385217,True,family,Normalised SCP,random_1,random,median
Polyethers,127,0.889763779527559,-0.010236220472440993,331.76327777624385,True,family,Normalised SCP,random_1,random,median
Polyamides,205,0.9024390243902439,0.0024390243902439046,287.44994159970366,True,family,Normalised SCP,random_1,random,median
Polyacrylics,153,0.9084967320261438,0.00849673202614376,300.5213071280696,True,family,Normalised SCP,random_1,random,median
Polyhalo-olefins,11,0.9090909090909091,0.009090909090909038,337.3545122597926,True,family,Normalised SCP,random_1,random,median
Polyurethanes,37,0.918918918918919,0.018918918918918948,295.74471563606477,True,family,Normalised SCP,random_1,random,median
Polyesters,162,0.9382716049382716,0.03827160493827153,308.08184821048474,True,family,Normalised SCP,random_1,random,median
Polycarbonates,17,0.9411764705882353,0.04117647058823526,297.41278358243386,True,family,Normalised SCP,random_1,random,median
Polydienes,17,0.9411764705882353,0.04117647058823526,347.07367386320766,True,family,Normalised SCP,random_1,random,median
Polysulfones,39,0.9487179487179487,0.048717948717948656,233.14436601889253,True,family,Normalised SCP,random_1,random,median
Polyvinyls,44,0.9545454545454546,0.054545454545454564,364.87228334042214,True,family,Normalised SCP,random_1,random,median
Polyimides,349,0.9684813753581661,0.06848137535816612,465.60826686333036,True,family,Normalised SCP,random_1,random,median
Polyimines,8,1.0,0.09999999999999998,196.03208226388205,False,family,Normalised SCP,random_1,random,median
Polyanhydrides,8,1.0,0.09999999999999998,210.61104937155554,False,family,Normalised SCP,random_1,random,median
Polyureas,6,1.0,0.09999999999999998,296.48688500877864,False,family,Normalised SCP,random_1,random,median
0,49,0.673469387755102,-0.226530612244898,150.03579080650718,True,similarity,SCP,random_1,random,svr
1,80,0.7625,-0.13750000000000007,150.03579080650715,True,similarity,SCP,random_1,random,svr
2,163,0.8404907975460123,-0.05950920245398772,150.03579080650718,True,similarity,SCP,random_1,random,svr
3,230,0.8739130434782608,-0.026086956521739202,150.03579080650718,True,similarity,SCP,random_1,random,svr
4,246,0.9349593495934959,0.03495934959349589,150.03579080650718,True,similarity,SCP,random_1,random,svr
5,667,0.9580209895052474,0.05802098950524737,150.03579080650715,True,similarity,SCP,random_1,random,svr
Polydienes,17,0.35294117647058826,-0.5470588235294118,150.03579080650718,True,family,SCP,random_1,random,svr
Polyphosphazenes,20,0.6,-0.30000000000000004,150.03579080650715,True,family,SCP,random_1,random,svr
Polysulfides,12,0.75,-0.15000000000000002,150.03579080650715,True,family,SCP,random_1,random,svr
Polysiloxanes,47,0.8085106382978723,-0.09148936170212774,150.03579080650715,True,family,SCP,random_1,random,svr
Polyhalo-olefins,11,0.8181818181818182,-0.08181818181818179,150.03579080650715,True,family,SCP,random_1,random,svr
Polyphenylenes,86,0.8255813953488372,-0.07441860465116279,150.03579080650715,True,family,SCP,random_1,random,svr
Polyurethanes,37,0.8378378378378378,-0.06216216216216219,150.03579080650715,True,family,SCP,random_1,random,svr
Polyolefins,33,0.8484848484848485,-0.051515151515151514,150.03579080650718,True,family,SCP,random_1,random,svr
Polyimines,8,0.875,-0.025000000000000022,150.03579080650718,False,family,SCP,random_1,random,svr
Polyacrylics,153,0.8888888888888888,-0.011111111111111183,150.03579080650715,True,family,SCP,random_1,random,svr
Polystyrenes,54,0.8888888888888888,-0.011111111111111183,150.03579080650718,True,family,SCP,random_1,random,svr
Polyethers,127,0.9212598425196851,0.021259842519685046,150.03579080650724,True,family,SCP,random_1,random,svr
Polyimides,349,0.9340974212034384,0.034097421203438394,150.03579080650715,True,family,SCP,random_1,random,svr
Polyvinyls,44,0.9545454545454546,0.054545454545454564,150.03579080650718,True,family,SCP,random_1,random,svr
Polyamides,205,0.9560975609756097,0.056097560975609695,150.03579080650715,True,family,SCP,random_1,random,svr
Polyesters,162,0.9629629629629629,0.06296296296296289,150.03579080650715,True,family,SCP,random_1,random,svr
Polysulfones,39,0.9743589743589743,0.07435897435897432,150.03579080650715,True,family,SCP,random_1,random,svr
Polyanhydrides,8,1.0,0.09999999999999998,150.03579080650718,False,family,SCP,random_1,random,svr
Polycarbonates,17,1.0,0.09999999999999998,150.03579080650718,True,family,SCP,random_1,random,svr
Polyureas,6,1.0,0.09999999999999998,150.03579080650718,False,family,SCP,random_1,random,svr
0,49,0.7346938775510204,-0.16530612244897958,180.73765563604002,True,similarity,Mondrian-similarity,random_1,random,svr
1,80,0.8875,-0.012500000000000067,270.5434314268801,True,similarity,Mondrian-similarity,random_1,random,svr
5,667,0.9070464767616192,0.00704647676161918,103.09186331900388,True,similarity,Mondrian-similarity,random_1,random,svr
3,230,0.9304347826086956,0.030434782608695587,169.21545799586985,True,similarity,Mondrian-similarity,random_1,random,svr
4,246,0.9349593495934959,0.03495934959349589,146.61520747263995,True,similarity,Mondrian-similarity,random_1,random,svr
2,163,0.9447852760736196,0.044785276073619595,257.65786837648903,True,similarity,Mondrian-similarity,random_1,random,svr
Polydienes,17,0.5294117647058824,-0.37058823529411766,202.22456952369515,True,family,Mondrian-similarity,random_1,random,svr
Polysulfides,12,0.75,-0.15000000000000002,191.78063452145133,True,family,Mondrian-similarity,random_1,random,svr
Polyurethanes,37,0.7837837837837838,-0.11621621621621625,145.3416006823457,True,family,Mondrian-similarity,random_1,random,svr
Polyphosphazenes,20,0.8,-0.09999999999999998,179.2600790833938,True,family,Mondrian-similarity,random_1,random,svr
Polysiloxanes,47,0.8297872340425532,-0.07021276595744685,160.14069281079978,True,family,Mondrian-similarity,random_1,random,svr
Polyureas,6,0.8333333333333334,-0.06666666666666665,117.59964470354923,False,family,Mondrian-similarity,random_1,random,svr
Polyphenylenes,86,0.8488372093023255,-0.05116279069767449,169.80969373483867,True,family,Mondrian-similarity,random_1,random,svr
Polyimines,8,0.875,-0.025000000000000022,155.4392319371879,False,family,Mondrian-similarity,random_1,random,svr
Polyacrylics,153,0.9084967320261438,0.00849673202614376,164.8272807984649,True,family,Mondrian-similarity,random_1,random,svr
Polyhalo-olefins,11,0.9090909090909091,0.009090909090909038,158.21487376559364,True,family,Mondrian-similarity,random_1,random,svr
Polyimides,349,0.9111747851002865,0.011174785100286466,129.32838365736703,True,family,Mondrian-similarity,random_1,random,svr
Polystyrenes,54,0.9259259259259259,0.025925925925925908,176.03502044927774,True,family,Mondrian-similarity,random_1,random,svr
Polyethers,127,0.9291338582677166,0.029133858267716528,146.1545380374761,True,family,Mondrian-similarity,random_1,random,svr
Polyesters,162,0.9382716049382716,0.03827160493827153,149.3381294636513,True,family,Mondrian-similarity,random_1,random,svr
Polyolefins,33,0.9393939393939394,0.039393939393939426,200.64938805533865,True,family,Mondrian-similarity,random_1,random,svr
Polyamides,205,0.9707317073170731,0.07073170731707312,133.1606332283804,True,family,Mondrian-similarity,random_1,random,svr
Polysulfones,39,0.9743589743589743,0.07435897435897432,155.6394302403176,True,family,Mondrian-similarity,random_1,random,svr
Polyvinyls,44,0.9772727272727273,0.07727272727272727,202.80476488603847,True,family,Mondrian-similarity,random_1,random,svr
Polycarbonates,17,1.0,0.09999999999999998,165.34171612049184,True,family,Mondrian-similarity,random_1,random,svr
Polyanhydrides,8,1.0,0.09999999999999998,173.41040531142568,False,family,Mondrian-similarity,random_1,random,svr
0,49,0.7346938775510204,-0.16530612244897958,173.0280319329831,True,similarity,Mondrian-family,random_1,random,svr
1,80,0.775,-0.125,166.08886896692167,True,similarity,Mondrian-family,random_1,random,svr
2,163,0.8588957055214724,-0.04110429447852759,156.7185986266437,True,similarity,Mondrian-family,random_1,random,svr
3,230,0.8826086956521739,-0.017391304347826098,149.96041429413265,True,similarity,Mondrian-family,random_1,random,svr
4,246,0.9390243902439024,0.03902439024390236,143.82420513847643,True,similarity,Mondrian-family,random_1,random,svr
5,667,0.9430284857571214,0.04302848575712137,145.79926741619633,True,similarity,Mondrian-family,random_1,random,svr
Polydienes,17,0.35294117647058826,-0.5470588235294118,150.03579080650718,True,family,Mondrian-family,random_1,random,svr
Polysulfides,12,0.75,-0.15000000000000002,150.03579080650715,True,family,Mondrian-family,random_1,random,svr
Polyurethanes,37,0.8108108108108109,-0.08918918918918917,138.51742983697685,True,family,Mondrian-family,random_1,random,svr
Polyhalo-olefins,11,0.8181818181818182,-0.08181818181818179,150.03579080650715,True,family,Mondrian-family,random_1,random,svr
Polyethers,127,0.8661417322834646,-0.03385826771653544,103.09186331900386,True,family,Mondrian-family,random_1,random,svr
Polystyrenes,54,0.8703703703703703,-0.029629629629629672,145.2539288009848,True,family,Mondrian-family,random_1,random,svr
Polyphenylenes,86,0.872093023255814,-0.027906976744186074,196.7860762264698,True,family,Mondrian-family,random_1,random,svr
Polyimines,8,0.875,-0.025000000000000022,150.03579080650718,False,family,Mondrian-family,random_1,random,svr
Polyphosphazenes,20,0.9,0.0,206.77144635913766,True,family,Mondrian-family,random_1,random,svr
Polyimides,349,0.9140401146131805,0.014040114613180443,137.5363197544306,True,family,Mondrian-family,random_1,random,svr
Polysiloxanes,47,0.9148936170212766,0.014893617021276562,238.18676767242883,True,family,Mondrian-family,random_1,random,svr
Polyacrylics,153,0.9150326797385621,0.015032679738562038,169.21545799586985,True,family,Mondrian-family,random_1,random,svr
Polysulfones,39,0.9230769230769231,0.023076923076923106,113.65633065889615,True,family,Mondrian-family,random_1,random,svr
Polyesters,162,0.9320987654320988,0.032098765432098775,117.79208243723515,True,family,Mondrian-family,random_1,random,svr
Polyolefins,33,0.9393939393939394,0.039393939393939426,262.9843749480674,True,family,Mondrian-family,random_1,random,svr
Polyvinyls,44,0.9545454545454546,0.054545454545454564,139.24229655178615,True,family,Mondrian-family,random_1,random,svr
Polyamides,205,0.9609756097560975,0.060975609756097504,156.35129121493193,True,family,Mondrian-family,random_1,random,svr
Polyanhydrides,8,1.0,0.09999999999999998,150.03579080650718,False,family,Mondrian-family,random_1,random,svr
Polycarbonates,17,1.0,0.09999999999999998,150.03579080650718,True,family,Mondrian-family,random_1,random,svr
Polyureas,6,1.0,0.09999999999999998,150.03579080650718,False,family,Mondrian-family,random_1,random,svr
1,80,0.7625,-0.13750000000000007,172.4319599941257,True,similarity,Normalised SCP,random_1,random,svr
0,49,0.7755102040816326,-0.1244897959183674,204.25716138148144,True,similarity,Normalised SCP,random_1,random,svr
2,163,0.8466257668711656,-0.05337423312883438,149.62479271032745,True,similarity,Normalised SCP,random_1,random,svr
3,230,0.8869565217391304,-0.013043478260869601,151.73098239961374,True,similarity,Normalised SCP,random_1,random,svr
4,246,0.9308943089430894,0.03089430894308942,139.39063153119278,True,similarity,Normalised SCP,random_1,random,svr
5,667,0.9475262368815592,0.047526236881559214,122.47624390362243,True,similarity,Normalised SCP,random_1,random,svr
Polydienes,17,0.6470588235294118,-0.2529411764705882,225.84366932767617,True,family,Normalised SCP,random_1,random,svr
Polysulfides,12,0.75,-0.15000000000000002,167.90275208376852,True,family,Normalised SCP,random_1,random,svr
Polyphosphazenes,20,0.75,-0.15000000000000002,175.68974096779078,True,family,Normalised SCP,random_1,random,svr
Polysiloxanes,47,0.8297872340425532,-0.07021276595744685,170.82593041956932,True,family,Normalised SCP,random_1,random,svr
Polyurethanes,37,0.8378378378378378,-0.06216216216216219,126.30839735527213,True,family,Normalised SCP,random_1,random,svr
Polyphenylenes,86,0.872093023255814,-0.027906976744186074,190.53832372185042,True,family,Normalised SCP,random_1,random,svr
Polyimines,8,0.875,-0.025000000000000022,112.17462546516805,False,family,Normalised SCP,random_1,random,svr
Polyacrylics,153,0.8758169934640523,-0.024183006535947738,145.84913924488097,True,family,Normalised SCP,random_1,random,svr
Polysulfones,39,0.8974358974358975,-0.002564102564102555,121.30480771366638,True,family,Normalised SCP,random_1,random,svr
Polyolefins,33,0.9090909090909091,0.009090909090909038,209.06128425580144,True,family,Normalised SCP,random_1,random,svr
Polyesters,162,0.9135802469135802,0.013580246913580174,107.84696616335354,True,family,Normalised SCP,random_1,random,svr
Polystyrenes,54,0.9259259259259259,0.025925925925925908,170.85025589517747,True,family,Normalised SCP,random_1,random,svr
Polyamides,205,0.926829268292683,0.02682926829268295,110.05592008164176,True,family,Normalised SCP,random_1,random,svr
Polyimides,349,0.9283667621776505,0.02836676217765044,132.41408326724482,True,family,Normalised SCP,random_1,random,svr
Polyethers,127,0.9448818897637795,0.04488188976377949,140.042818635377,True,family,Normalised SCP,random_1,random,svr
Polyvinyls,44,0.9545454545454546,0.054545454545454564,139.67862493217783,True,family,Normalised SCP,random_1,random,svr
Polycarbonates,17,1.0,0.09999999999999998,127.2052510428441,True,family,Normalised SCP,random_1,random,svr
Polyanhydrides,8,1.0,0.09999999999999998,114.26455674025127,False,family,Normalised SCP,random_1,random,svr
Polyhalo-olefins,11,1.0,0.09999999999999998,223.29112720625974,True,family,Normalised SCP,random_1,random,svr
Polyureas,6,1.0,0.09999999999999998,139.65793808882466,False,family,Normalised SCP,random_1,random,svr
0,49,0.6938775510204082,-0.20612244897959187,139.71363999999997,True,similarity,SCP,random_1,random,random_forest
1,80,0.7,-0.20000000000000007,139.71364,True,similarity,SCP,random_1,random,random_forest
2,163,0.7791411042944786,-0.12085889570552144,139.71363999999997,True,similarity,SCP,random_1,random,random_forest
3,230,0.8913043478260869,-0.008695652173913104,139.71363999999997,True,similarity,SCP,random_1,random,random_forest
4,246,0.943089430894309,0.043089430894308944,139.71364000000003,True,similarity,SCP,random_1,random,random_forest
5,667,0.95952023988006,0.059520239880059944,139.71363999999997,True,similarity,SCP,random_1,random,random_forest
Polydienes,17,0.35294117647058826,-0.5470588235294118,139.71364,True,family,SCP,random_1,random,random_forest
Polyphosphazenes,20,0.6,-0.30000000000000004,139.71364,True,family,SCP,random_1,random,random_forest
Polysulfides,12,0.6666666666666666,-0.2333333333333334,139.71363999999997,True,family,SCP,random_1,random,random_forest
Polyolefins,33,0.7272727272727273,-0.17272727272727273,139.71364,True,family,SCP,random_1,random,random_forest
Polysiloxanes,47,0.7872340425531915,-0.1127659574468085,139.71363999999997,True,family,SCP,random_1,random,random_forest
Polyhalo-olefins,11,0.8181818181818182,-0.08181818181818179,139.71363999999997,True,family,SCP,random_1,random,random_forest
Polyphenylenes,86,0.8372093023255814,-0.06279069767441858,139.71363999999997,True,family,SCP,random_1,random,random_forest
Polycarbonates,17,0.8823529411764706,-0.01764705882352946,139.71364,True,family,SCP,random_1,random,random_forest
Polystyrenes,54,0.8888888888888888,-0.011111111111111183,139.71363999999997,True,family,SCP,random_1,random,random_forest
Polyethers,127,0.905511811023622,0.005511811023621971,139.71364000000008,True,family,SCP,random_1,random,random_forest
Polyurethanes,37,0.918918918918919,0.018918918918918948,139.71364,True,family,SCP,random_1,random,random_forest
Polyesters,162,0.9197530864197531,0.01975308641975304,139.71363999999997,True,family,SCP,random_1,random,random_forest
Polyacrylics,153,0.9215686274509803,0.021568627450980316,139.71363999999994,True,family,SCP,random_1,random,random_forest
Polysulfones,39,0.9230769230769231,0.023076923076923106,139.71364,True,family,SCP,random_1,random,random_forest
Polyimides,349,0.9369627507163324,0.03696275071633237,139.71364,True,family,SCP,random_1,random,random_forest
Polyamides,205,0.9512195121951219,0.051219512195121886,139.71363999999997,True,family,SCP,random_1,random,random_forest
Polyvinyls,44,1.0,0.09999999999999998,139.71363999999997,True,family,SCP,random_1,random,random_forest
Polyanhydrides,8,1.0,0.09999999999999998,139.71364,False,family,SCP,random_1,random,random_forest
Polyimines,8,1.0,0.09999999999999998,139.71364,False,family,SCP,random_1,random,random_forest
Polyureas,6,1.0,0.09999999999999998,139.71364,False,family,SCP,random_1,random,random_forest
0,49,0.8163265306122449,-0.0836734693877551,209.3948,True,similarity,Mondrian-similarity,random_1,random,random_forest
1,80,0.85,-0.050000000000000044,213.5478,True,similarity,Mondrian-similarity,random_1,random,random_forest
5,667,0.8920539730134932,-0.007946026986506816,98.41539999999999,True,similarity,Mondrian-similarity,random_1,random,random_forest
2,163,0.9079754601226994,0.00797546012269934,200.54280000000026,True,similarity,Mondrian-similarity,random_1,random,random_forest
4,246,0.9349593495934959,0.03495934959349589,138.02920000000012,True,similarity,Mondrian-similarity,random_1,random,random_forest
3,230,0.9478260869565217,0.047826086956521685,176.14159999999995,True,similarity,Mondrian-similarity,random_1,random,random_forest
Polydienes,17,0.47058823529411764,-0.4294117647058824,178.63836470588242,True,family,Mondrian-similarity,random_1,random,random_forest
Polyureas,6,0.6666666666666666,-0.2333333333333334,111.62,False,family,Mondrian-similarity,random_1,random,random_forest
Polysulfides,12,0.75,-0.15000000000000002,181.39683333333335,True,family,Mondrian-similarity,random_1,random,random_forest
Polyphosphazenes,20,0.75,-0.15000000000000002,168.59872000000007,True,family,Mondrian-similarity,random_1,random,random_forest
Polysiloxanes,47,0.7872340425531915,-0.1127659574468085,145.07341276595753,True,family,Mondrian-similarity,random_1,random,random_forest
Polyhalo-olefins,11,0.8181818181818182,-0.08181818181818179,156.72009090909097,True,family,Mondrian-similarity,random_1,random,random_forest
Polyphenylenes,86,0.8255813953488372,-0.07441860465116279,157.00386744186054,True,family,Mondrian-similarity,random_1,random,random_forest
Polyolefins,33,0.8787878787878788,-0.021212121212121238,180.3786848484849,True,family,Mondrian-similarity,random_1,random,random_forest
Polyurethanes,37,0.8918918918918919,-0.008108108108108136,137.91720540540544,True,family,Mondrian-similarity,random_1,random,random_forest
Polystyrenes,54,0.9074074074074074,0.007407407407407418,157.79723703703712,True,family,Mondrian-similarity,random_1,random,random_forest
Polyimides,349,0.9083094555873925,0.008309455587392489,122.63818739255015,True,family,Mondrian-similarity,random_1,random,random_forest
Polyethers,127,0.9133858267716536,0.013385826771653564,137.64906771653548,True,family,Mondrian-similarity,random_1,random,random_forest
Polyesters,162,0.9320987654320988,0.032098765432098775,137.96413209876548,True,family,Mondrian-similarity,random_1,random,random_forest
Polyacrylics,153,0.9411764705882353,0.04117647058823526,149.78959215686282,True,family,Mondrian-similarity,random_1,random,random_forest
Polyamides,205,0.9414634146341463,0.04146341463414627,124.89140000000002,True,family,Mondrian-similarity,random_1,random,random_forest
Polysulfones,39,0.9487179487179487,0.048717948717948656,142.53686153846158,True,family,Mondrian-similarity,random_1,random,random_forest
Polycarbonates,17,1.0,0.09999999999999998,146.829705882353,True,family,Mondrian-similarity,random_1,random,random_forest
Polyvinyls,44,1.0,0.09999999999999998,173.92033636363647,True,family,Mondrian-similarity,random_1,random,random_forest
Polyanhydrides,8,1.0,0.09999999999999998,162.20295000000007,False,family,Mondrian-similarity,random_1,random,random_forest
Polyimines,8,1.0,0.09999999999999998,138.61475000000007,False,family,Mondrian-similarity,random_1,random,random_forest
0,49,0.7755102040816326,-0.1244897959183674,176.30290367346933,True,similarity,Mondrian-family,random_1,random,random_forest
1,80,0.8125,-0.08750000000000002,165.91363299999995,True,similarity,Mondrian-family,random_1,random,random_forest
2,163,0.8159509202453987,-0.0840490797546013,153.44459153374228,True,similarity,Mondrian-family,random_1,random,random_forest
3,230,0.8826086956521739,-0.017391304347826098,147.06851347826077,True,similarity,Mondrian-family,random_1,random,random_forest
4,246,0.9349593495934959,0.03495934959349589,139.40653308943072,True,similarity,Mondrian-family,random_1,random,random_forest
5,667,0.9580209895052474,0.05802098950524737,139.8224982308844,True,similarity,Mondrian-family,random_1,random,random_forest
Polydienes,17,0.35294117647058826,-0.5470588235294118,139.71364,True,family,Mondrian-family,random_1,random,random_forest
Polysulfides,12,0.6666666666666666,-0.2333333333333334,139.71363999999997,True,family,Mondrian-family,random_1,random,random_forest
Polyhalo-olefins,11,0.8181818181818182,-0.08181818181818179,139.71363999999997,True,family,Mondrian-family,random_1,random,random_forest
Polystyrenes,54,0.8703703703703703,-0.029629629629629672,126.90360000000001,True,family,Mondrian-family,random_1,random,random_forest
Polyethers,127,0.8818897637795275,-0.018110236220472475,117.34740000000014,True,family,Mondrian-family,random_1,random,random_forest
Polycarbonates,17,0.8823529411764706,-0.01764705882352946,139.71364,True,family,Mondrian-family,random_1,random,random_forest
Polyesters,162,0.8827160493827161,-0.01728395061728394,116.10739999999997,True,family,Mondrian-family,random_1,random,random_forest
Polyphenylenes,86,0.8953488372093024,-0.0046511627906976605,206.24399999999997,True,family,Mondrian-family,random_1,random,random_forest
Polyimides,349,0.9083094555873925,0.008309455587392489,125.8283999999995,True,family,Mondrian-family,random_1,random,random_forest
Polyolefins,33,0.9393939393939394,0.039393939393939426,282.9215999999999,True,family,Mondrian-family,random_1,random,random_forest
Polyurethanes,37,0.9459459459459459,0.04594594594594592,159.03300000000007,True,family,Mondrian-family,random_1,random,random_forest
Polyacrylics,153,0.9477124183006536,0.047712418300653536,150.4122,True,family,Mondrian-family,random_1,random,random_forest
Polyphosphazenes,20,0.95,0.04999999999999993,245.72500000000008,True,family,Mondrian-family,random_1,random,random_forest
Polyamides,205,0.9512195121951219,0.051219512195121886,139.71363999999997,True,family,Mondrian-family,random_1,random,random_forest
Polysulfones,39,0.9743589743589743,0.07435897435897432,151.70146000000003,True,family,Mondrian-family,random_1,random,random_forest
Polyvinyls,44,0.9772727272727273,0.07727272727272727,138.20839999999995,True,family,Mondrian-family,random_1,random,random_forest
Polysiloxanes,47,0.9787234042553191,0.0787234042553191,239.65879999999987,True,family,Mondrian-family,random_1,random,random_forest
Polyimines,8,1.0,0.09999999999999998,139.71364,False,family,Mondrian-family,random_1,random,random_forest
Polyanhydrides,8,1.0,0.09999999999999998,139.71364,False,family,Mondrian-family,random_1,random,random_forest
Polyureas,6,1.0,0.09999999999999998,139.71364,False,family,Mondrian-family,random_1,random,random_forest
1,80,0.775,-0.125,160.12378077028947,True,similarity,Normalised SCP,random_1,random,random_forest
2,163,0.8098159509202454,-0.09018404907975464,138.8129548595873,True,similarity,Normalised SCP,random_1,random,random_forest
0,49,0.8163265306122449,-0.0836734693877551,194.45788735108266,True,similarity,Normalised SCP,random_1,random,random_forest
3,230,0.8869565217391304,-0.013043478260869601,149.01070597704606,True,similarity,Normalised SCP,random_1,random,random_forest
5,667,0.9355322338830585,0.035532233883058484,114.82008288981095,True,similarity,Normalised SCP,random_1,random,random_forest
4,246,0.9390243902439024,0.03902439024390236,135.7977148200275,True,similarity,Normalised SCP,random_1,random,random_forest
Polydienes,17,0.5882352941176471,-0.31176470588235294,197.25221337609457,True,family,Normalised SCP,random_1,random,random_forest
Polysulfides,12,0.75,-0.15000000000000002,163.77079327346985,True,family,Normalised SCP,random_1,random,random_forest
Polyphosphazenes,20,0.75,-0.15000000000000002,173.41134112865876,True,family,Normalised SCP,random_1,random,random_forest
Polyurethanes,37,0.7567567567567568,-0.14324324324324322,102.68021716572395,True,family,Normalised SCP,random_1,random,random_forest
Polyphenylenes,86,0.8604651162790697,-0.03953488372093028,159.0066548915616,True,family,Normalised SCP,random_1,random,random_forest
Polyimines,8,0.875,-0.025000000000000022,101.43099637235208,False,family,Normalised SCP,random_1,random,random_forest
Polyolefins,33,0.8787878787878788,-0.021212121212121238,181.4268225675961,True,family,Normalised SCP,random_1,random,random_forest
Polyesters,162,0.8950617283950617,-0.004938271604938316,111.77326438744201,True,family,Normalised SCP,random_1,random,random_forest
Polyimides,349,0.9054441260744985,0.005444126074498512,133.26615533002106,True,family,Normalised SCP,random_1,random,random_forest
Polyamides,205,0.9073170731707317,0.007317073170731714,101.71569029330074,True,family,Normalised SCP,random_1,random,random_forest
Polystyrenes,54,0.9074074074074074,0.007407407407407418,133.53662232257489,True,family,Normalised SCP,random_1,random,random_forest
Polyacrylics,153,0.9215686274509803,0.021568627450980316,133.4574824498016,True,family,Normalised SCP,random_1,random,random_forest
Polyethers,127,0.9291338582677166,0.029133858267716528,131.76052478617447,True,family,Normalised SCP,random_1,random,random_forest
Polysiloxanes,47,0.9361702127659575,0.036170212765957444,187.21820627341646,True,family,Normalised SCP,random_1,random,random_forest
Polycarbonates,17,0.9411764705882353,0.04117647058823526,136.20744991532064,True,family,Normalised SCP,random_1,random,random_forest
Polysulfones,39,0.9487179487179487,0.048717948717948656,138.99677556601208,True,family,Normalised SCP,random_1,random,random_forest
Polyvinyls,44,1.0,0.09999999999999998,126.86569531057094,True,family,Normalised SCP,random_1,random,random_forest
Polyanhydrides,8,1.0,0.09999999999999998,148.397810075098,False,family,Normalised SCP,random_1,random,random_forest
Polyhalo-olefins,11,1.0,0.09999999999999998,195.29931647359837,True,family,Normalised SCP,random_1,random,random_forest
Polyureas,6,1.0,0.09999999999999998,147.3089810021314,False,family,Normalised SCP,random_1,random,random_forest
0,49,0.7346938775510204,-0.16530612244897958,127.7715777265986,True,similarity,SCP,random_1,random,hist_gbr
1,80,0.7375,-0.16249999999999998,127.77157772659857,True,similarity,SCP,random_1,random,hist_gbr
2,163,0.8098159509202454,-0.09018404907975464,127.77157772659857,True,similarity,SCP,random_1,random,hist_gbr
3,230,0.8565217391304348,-0.04347826086956519,127.77157772659857,True,similarity,SCP,random_1,random,hist_gbr
4,246,0.9349593495934959,0.03495934959349589,127.77157772659855,True,similarity,SCP,random_1,random,hist_gbr
5,667,0.95952023988006,0.059520239880059944,127.77157772659857,True,similarity,SCP,random_1,random,hist_gbr
Polydienes,17,0.35294117647058826,-0.5470588235294118,127.7715777265986,True,family,SCP,random_1,random,hist_gbr
Polysulfides,12,0.6666666666666666,-0.2333333333333334,127.7715777265986,True,family,SCP,random_1,random,hist_gbr
Polyphosphazenes,20,0.8,-0.09999999999999998,127.77157772659857,True,family,SCP,random_1,random,hist_gbr
Polyolefins,33,0.8181818181818182,-0.08181818181818179,127.7715777265986,True,family,SCP,random_1,random,hist_gbr
Polyhalo-olefins,11,0.8181818181818182,-0.08181818181818179,127.77157772659857,True,family,SCP,random_1,random,hist_gbr
Polyphenylenes,86,0.8255813953488372,-0.07441860465116279,127.77157772659857,True,family,SCP,random_1,random,hist_gbr
Polysiloxanes,47,0.8297872340425532,-0.07021276595744685,127.77157772659858,True,family,SCP,random_1,random,hist_gbr
Polystyrenes,54,0.8703703703703703,-0.029629629629629672,127.77157772659858,True,family,SCP,random_1,random,hist_gbr
Polyimines,8,0.875,-0.025000000000000022,127.7715777265986,False,family,SCP,random_1,random,hist_gbr
Polycarbonates,17,0.8823529411764706,-0.01764705882352946,127.7715777265986,True,family,SCP,random_1,random,hist_gbr
Polyurethanes,37,0.8918918918918919,-0.008108108108108136,127.77157772659858,True,family,SCP,random_1,random,hist_gbr
Polyacrylics,153,0.8954248366013072,-0.004575163398692794,127.77157772659858,True,family,SCP,random_1,random,hist_gbr
Polyimides,349,0.9255014326647565,0.025501432664756463,127.77157772659857,True,family,SCP,random_1,random,hist_gbr
Polyesters,162,0.9320987654320988,0.032098765432098775,127.77157772659857,True,family,SCP,random_1,random,hist_gbr
Polyamides,205,0.9365853658536586,0.03658536585365857,127.77157772659855,True,family,SCP,random_1,random,hist_gbr
Polyethers,127,0.937007874015748,0.03700787401574801,127.77157772659855,True,family,SCP,random_1,random,hist_gbr
Polyvinyls,44,0.9545454545454546,0.054545454545454564,127.77157772659858,True,family,SCP,random_1,random,hist_gbr
Polysulfones,39,0.9743589743589743,0.07435897435897432,127.77157772659858,True,family,SCP,random_1,random,hist_gbr
Polyanhydrides,8,1.0,0.09999999999999998,127.7715777265986,False,family,SCP,random_1,random,hist_gbr
Polyureas,6,1.0,0.09999999999999998,127.7715777265986,False,family,SCP,random_1,random,hist_gbr
0,49,0.8163265306122449,-0.0836734693877551,201.51695982124073,True,similarity,Mondrian-similarity,random_1,random,hist_gbr
1,80,0.85,-0.050000000000000044,209.67757970341026,True,similarity,Mondrian-similarity,random_1,random,hist_gbr
5,667,0.881559220389805,-0.01844077961019497,88.44734932687868,True,similarity,Mondrian-similarity,random_1,random,hist_gbr
2,163,0.9079754601226994,0.00797546012269934,185.03004175473387,True,similarity,Mondrian-similarity,random_1,random,hist_gbr
3,230,0.908695652173913,0.008695652173912993,154.69640443570952,True,similarity,Mondrian-similarity,random_1,random,hist_gbr
4,246,0.9186991869918699,0.0186991869918699,108.3042685523683,True,similarity,Mondrian-similarity,random_1,random,hist_gbr
Polydienes,17,0.47058823529411764,-0.4294117647058824,165.85881972442297,True,family,Mondrian-similarity,random_1,random,hist_gbr
Polyimines,8,0.75,-0.15000000000000002,123.35626922563253,False,family,Mondrian-similarity,random_1,random,hist_gbr
Polysulfides,12,0.75,-0.15000000000000002,169.61487115359054,True,family,Mondrian-similarity,random_1,random,hist_gbr
Polyphosphazenes,20,0.8,-0.09999999999999998,151.31948852773624,True,family,Mondrian-similarity,random_1,random,hist_gbr
Polysiloxanes,47,0.8297872340425532,-0.07021276595744685,130.44019802826818,True,family,Mondrian-similarity,random_1,random,hist_gbr
Polyphenylenes,86,0.8604651162790697,-0.03953488372093028,144.06268474072357,True,family,Mondrian-similarity,random_1,random,hist_gbr
Polyimides,349,0.8681948424068768,-0.03180515759312319,107.27052854708583,True,family,Mondrian-similarity,random_1,random,hist_gbr
Polyanhydrides,8,0.875,-0.025000000000000022,145.77110242603163,False,family,Mondrian-similarity,random_1,random,hist_gbr
Polystyrenes,54,0.8888888888888888,-0.011111111111111183,139.62733666926283,True,family,Mondrian-similarity,random_1,random,hist_gbr
Polyurethanes,37,0.8918918918918919,-0.008108108108108136,121.2677539765005,True,family,Mondrian-similarity,random_1,random,hist_gbr
Polyhalo-olefins,11,0.9090909090909091,0.009090909090909038,139.4250309352297,True,family,Mondrian-similarity,random_1,random,hist_gbr
Polyolefins,33,0.9090909090909091,0.009090909090909038,167.86000977463056,True,family,Mondrian-similarity,random_1,random,hist_gbr
Polyamides,205,0.9121951219512195,0.012195121951219523,110.15175040414445,True,family,Mondrian-similarity,random_1,random,hist_gbr
Polyethers,127,0.9133858267716536,0.013385826771653564,121.79427837396622,True,family,Mondrian-similarity,random_1,random,hist_gbr
Polyesters,162,0.9197530864197531,0.01975308641975304,122.12224736602657,True,family,Mondrian-similarity,random_1,random,hist_gbr
Polyacrylics,153,0.9215686274509803,0.021568627450980316,133.63090309264092,True,family,Mondrian-similarity,random_1,random,hist_gbr
Polysulfones,39,0.9487179487179487,0.048717948717948656,124.53820625340538,True,family,Mondrian-similarity,random_1,random,hist_gbr
Polyvinyls,44,0.9772727272727273,0.07727272727272727,159.16902163785278,True,family,Mondrian-similarity,random_1,random,hist_gbr
Polycarbonates,17,1.0,0.09999999999999998,130.88114143962852,True,family,Mondrian-similarity,random_1,random,hist_gbr
Polyureas,6,1.0,0.09999999999999998,95.06632240204188,False,family,Mondrian-similarity,random_1,random,hist_gbr
1,80,0.775,-0.125,160.15902636979968,True,similarity,Mondrian-family,random_1,random,hist_gbr
0,49,0.7755102040816326,-0.1244897959183674,149.09089625719247,True,similarity,Mondrian-family,random_1,random,hist_gbr
2,163,0.8098159509202454,-0.09018404907975464,141.0640932309092,True,similarity,Mondrian-family,random_1,random,hist_gbr
3,230,0.8652173913043478,-0.034782608695652195,137.98213795190702,True,similarity,Mondrian-family,random_1,random,hist_gbr
4,246,0.943089430894309,0.043089430894308944,127.71434176906375,True,similarity,Mondrian-family,random_1,random,hist_gbr
5,667,0.9490254872563718,0.04902548725637179,127.90019447073787,True,similarity,Mondrian-family,random_1,random,hist_gbr
Polydienes,17,0.35294117647058826,-0.5470588235294118,127.7715777265986,True,family,Mondrian-family,random_1,random,hist_gbr
Polysulfides,12,0.6666666666666666,-0.2333333333333334,127.7715777265986,True,family,Mondrian-family,random_1,random,hist_gbr
Polyphosphazenes,20,0.8,-0.09999999999999998,123.08248287445174,True,family,Mondrian-family,random_1,random,hist_gbr
Polyhalo-olefins,11,0.8181818181818182,-0.08181818181818179,127.77157772659857,True,family,Mondrian-family,random_1,random,hist_gbr
Polyesters,162,0.8580246913580247,-0.041975308641975295,105.17916460512559,True,family,Mondrian-family,random_1,random,hist_gbr
Polystyrenes,54,0.8703703703703703,-0.029629629629629672,127.77157772659858,True,family,Mondrian-family,random_1,random,hist_gbr
Polyimines,8,0.875,-0.025000000000000022,127.7715777265986,False,family,Mondrian-family,random_1,random,hist_gbr
Polycarbonates,17,0.8823529411764706,-0.01764705882352946,127.7715777265986,True,family,Mondrian-family,random_1,random,hist_gbr
Polyimides,349,0.8939828080229226,-0.006017191977077396,112.20834566863584,True,family,Mondrian-family,random_1,random,hist_gbr
Polyphenylenes,86,0.8953488372093024,-0.0046511627906976605,187.04209517801948,True,family,Mondrian-family,random_1,random,hist_gbr
Polyethers,127,0.8976377952755905,-0.0023622047244095112,108.43391510889911,True,family,Mondrian-family,random_1,random,hist_gbr
Polyolefins,33,0.9090909090909091,0.009090909090909038,239.95883175103802,True,family,Mondrian-family,random_1,random,hist_gbr
Polysiloxanes,47,0.9148936170212766,0.014893617021276562,142.684296669891,True,family,Mondrian-family,random_1,random,hist_gbr
Polyamides,205,0.9414634146341463,0.04146341463414627,131.07244644015597,True,family,Mondrian-family,random_1,random,hist_gbr
Polysulfones,39,0.9487179487179487,0.048717948717948656,103.11583408106854,True,family,Mondrian-family,random_1,random,hist_gbr
Polyacrylics,153,0.9673202614379085,0.06732026143790848,171.25350678305014,True,family,Mondrian-family,random_1,random,hist_gbr
Polyvinyls,44,1.0,0.09999999999999998,182.60428114861176,True,family,Mondrian-family,random_1,random,hist_gbr
Polyanhydrides,8,1.0,0.09999999999999998,127.7715777265986,False,family,Mondrian-family,random_1,random,hist_gbr
Polyurethanes,37,1.0,0.09999999999999998,170.55111314259213,True,family,Mondrian-family,random_1,random,hist_gbr
Polyureas,6,1.0,0.09999999999999998,127.7715777265986,False,family,Mondrian-family,random_1,random,hist_gbr
0,49,0.7959183673469388,-0.10408163265306125,199.07753025417358,True,similarity,Normalised SCP,random_1,random,hist_gbr
1,80,0.825,-0.07500000000000007,172.9764417857212,True,similarity,Normalised SCP,random_1,random,hist_gbr
2,163,0.8282208588957055,-0.07177914110429451,147.18893292961806,True,similarity,Normalised SCP,random_1,random,hist_gbr
3,230,0.8869565217391304,-0.013043478260869601,153.05573445847006,True,similarity,Normalised SCP,random_1,random,hist_gbr
5,667,0.9310344827586207,0.03103448275862064,119.11500245588083,True,similarity,Normalised SCP,random_1,random,hist_gbr
4,246,0.9471544715447154,0.047154471544715415,142.07407794817578,True,similarity,Normalised SCP,random_1,random,hist_gbr
Polysulfides,12,0.75,-0.15000000000000002,190.31415691505586,True,family,Normalised SCP,random_1,random,hist_gbr
Polydienes,17,0.7647058823529411,-0.1352941176470589,245.6155227555517,True,family,Normalised SCP,random_1,random,hist_gbr
Polyurethanes,37,0.8108108108108109,-0.08918918918918917,101.17317026289885,True,family,Normalised SCP,random_1,random,hist_gbr
Polyamides,205,0.8731707317073171,-0.02682926829268295,107.50600121020962,True,family,Normalised SCP,random_1,random,hist_gbr
Polyimines,8,0.875,-0.025000000000000022,102.84884725785297,False,family,Normalised SCP,random_1,random,hist_gbr
Polysiloxanes,47,0.8936170212765957,-0.00638297872340432,164.17935661449184,True,family,Normalised SCP,random_1,random,hist_gbr
Polyphenylenes,86,0.8953488372093024,-0.0046511627906976605,171.46944755455894,True,family,Normalised SCP,random_1,random,hist_gbr
Polyphosphazenes,20,0.9,0.0,165.44038091596087,True,family,Normalised SCP,random_1,random,hist_gbr
Polyesters,162,0.9012345679012346,0.0012345679012345512,119.35417769070877,True,family,Normalised SCP,random_1,random,hist_gbr
Polyacrylics,153,0.9019607843137255,0.0019607843137254832,127.32911048546733,True,family,Normalised SCP,random_1,random,hist_gbr
Polyolefins,33,0.9090909090909091,0.009090909090909038,205.52297938453341,True,family,Normalised SCP,random_1,random,hist_gbr
Polyimides,349,0.9140401146131805,0.014040114613180443,139.1979018262035,True,family,Normalised SCP,random_1,random,hist_gbr
Polyethers,127,0.9291338582677166,0.029133858267716528,134.22173304550282,True,family,Normalised SCP,random_1,random,hist_gbr
Polycarbonates,17,0.9411764705882353,0.04117647058823526,136.13705667595332,True,family,Normalised SCP,random_1,random,hist_gbr
Polystyrenes,54,0.9444444444444444,0.0444444444444444,163.17200456604886,True,family,Normalised SCP,random_1,random,hist_gbr
Polyvinyls,44,0.9545454545454546,0.054545454545454564,135.34416817490776,True,family,Normalised SCP,random_1,random,hist_gbr
Polysulfones,39,0.9743589743589743,0.07435897435897432,136.05484976956816,True,family,Normalised SCP,random_1,random,hist_gbr
Polyhalo-olefins,11,1.0,0.09999999999999998,230.98394893489476,True,family,Normalised SCP,random_1,random,hist_gbr
Polyanhydrides,8,1.0,0.09999999999999998,157.9078245363121,False,family,Normalised SCP,random_1,random,hist_gbr
Polyureas,6,1.0,0.09999999999999998,155.91392294753857,False,family,Normalised SCP,random_1,random,hist_gbr
0,49,0.673469387755102,-0.226530612244898,129.01959999999997,True,similarity,SCP,random_1,random,extra_trees
1,80,0.7125,-0.1875,129.0196,True,similarity,SCP,random_1,random,extra_trees
2,163,0.7914110429447853,-0.10858895705521476,129.0196,True,similarity,SCP,random_1,random,extra_trees
3,230,0.8782608695652174,-0.021739130434782594,129.0196,True,similarity,SCP,random_1,random,extra_trees
4,246,0.9349593495934959,0.03495934959349589,129.01960000000003,True,similarity,SCP,random_1,random,extra_trees
5,667,0.9610194902548725,0.06101949025487252,129.01959999999997,True,similarity,SCP,random_1,random,extra_trees
Polydienes,17,0.4117647058823529,-0.4882352941176471,129.01960000000003,True,family,SCP,random_1,random,extra_trees
Polyphosphazenes,20,0.55,-0.35,129.0196,True,family,SCP,random_1,random,extra_trees
Polysulfides,12,0.6666666666666666,-0.2333333333333334,129.0196,True,family,SCP,random_1,random,extra_trees
Polyhalo-olefins,11,0.7272727272727273,-0.17272727272727273,129.0196,True,family,SCP,random_1,random,extra_trees
Polysiloxanes,47,0.7659574468085106,-0.1340425531914894,129.01959999999994,True,family,SCP,random_1,random,extra_trees
Polyolefins,33,0.7878787878787878,-0.11212121212121218,129.01959999999997,True,family,SCP,random_1,random,extra_trees
Polyphenylenes,86,0.813953488372093,-0.086046511627907,129.01959999999997,True,family,SCP,random_1,random,extra_trees
Polystyrenes,54,0.8518518518518519,-0.04814814814814816,129.01959999999994,True,family,SCP,random_1,random,extra_trees
Polycarbonates,17,0.8823529411764706,-0.01764705882352946,129.0196,True,family,SCP,random_1,random,extra_trees
Polyethers,127,0.905511811023622,0.005511811023621971,129.0196,True,family,SCP,random_1,random,extra_trees
Polyacrylics,153,0.9084967320261438,0.00849673202614376,129.0196,True,family,SCP,random_1,random,extra_trees
Polyesters,162,0.9320987654320988,0.032098765432098775,129.0196,True,family,SCP,random_1,random,extra_trees
Polyimides,349,0.9398280802292264,0.03982808022922635,129.0196,True,family,SCP,random_1,random,extra_trees
Polyurethanes,37,0.9459459459459459,0.04594594594594592,129.01959999999997,True,family,SCP,random_1,random,extra_trees
Polyamides,205,0.9463414634146341,0.046341463414634076,129.0196,True,family,SCP,random_1,random,extra_trees
Polysulfones,39,0.9487179487179487,0.048717948717948656,129.01959999999994,True,family,SCP,random_1,random,extra_trees
Polyvinyls,44,1.0,0.09999999999999998,129.01959999999997,True,family,SCP,random_1,random,extra_trees
Polyanhydrides,8,1.0,0.09999999999999998,129.01959999999997,False,family,SCP,random_1,random,extra_trees
Polyimines,8,1.0,0.09999999999999998,129.01960000000003,False,family,SCP,random_1,random,extra_trees
Polyureas,6,1.0,0.09999999999999998,129.0196,False,family,SCP,random_1,random,extra_trees
0,49,0.8163265306122449,-0.0836734693877551,210.76760000000004,True,similarity,Mondrian-similarity,random_1,random,extra_trees
1,80,0.85,-0.050000000000000044,213.95,True,similarity,Mondrian-similarity,random_1,random,extra_trees
5,667,0.8995502248875562,-0.0004497751124438176,93.8027999999998,True,similarity,Mondrian-similarity,random_1,random,extra_trees
2,163,0.901840490797546,0.0018404907975460016,204.36920000000006,True,similarity,Mondrian-similarity,random_1,random,extra_trees
4,246,0.9105691056910569,0.010569105691056846,115.85456000000015,True,similarity,Mondrian-similarity,random_1,random,extra_trees
3,230,0.9347826086956522,0.034782608695652195,163.9912,True,similarity,Mondrian-similarity,random_1,random,extra_trees
Polydienes,17,0.5294117647058824,-0.37058823529411766,175.5322682352941,True,family,Mondrian-similarity,random_1,random,extra_trees
Polysulfides,12,0.75,-0.15000000000000002,178.93001333333333,True,family,Mondrian-similarity,random_1,random,extra_trees
Polyphosphazenes,20,0.8,-0.09999999999999998,161.425612,True,family,Mondrian-similarity,random_1,random,extra_trees
Polysiloxanes,47,0.8085106382978723,-0.09148936170212774,139.95523234042548,True,family,Mondrian-similarity,random_1,random,extra_trees
Polyhalo-olefins,11,0.8181818181818182,-0.08181818181818179,148.39597818181818,True,family,Mondrian-similarity,random_1,random,extra_trees
Polyphenylenes,86,0.8255813953488372,-0.07441860465116279,152.5234623255813,True,family,Mondrian-similarity,random_1,random,extra_trees
Polyurethanes,37,0.8648648648648649,-0.03513513513513511,129.60271351351344,True,family,Mondrian-similarity,random_1,random,extra_trees
Polyolefins,33,0.8787878787878788,-0.021212121212121238,176.1424218181818,True,family,Mondrian-similarity,random_1,random,extra_trees
Polystyrenes,54,0.8888888888888888,-0.011111111111111183,149.4536785185185,True,family,Mondrian-similarity,random_1,random,extra_trees
Polyimides,349,0.9025787965616046,0.002578796561604535,114.19089742120336,True,family,Mondrian-similarity,random_1,random,extra_trees
Polyethers,127,0.905511811023622,0.005511811023621971,129.57166110236219,True,family,Mondrian-similarity,random_1,random,extra_trees
Polyacrylics,153,0.9215686274509803,0.021568627450980316,142.3003764705882,True,family,Mondrian-similarity,random_1,random,extra_trees
Polyamides,205,0.926829268292683,0.02682926829268295,117.50833795121942,True,family,Mondrian-similarity,random_1,random,extra_trees
Polyesters,162,0.9382716049382716,0.03827160493827153,130.05322172839502,True,family,Mondrian-similarity,random_1,random,extra_trees
Polysulfones,39,0.9487179487179487,0.048717948717948656,132.95701948717942,True,family,Mondrian-similarity,random_1,random,extra_trees
Polyimines,8,1.0,0.09999999999999998,132.97441999999992,False,family,Mondrian-similarity,random_1,random,extra_trees
Polycarbonates,17,1.0,0.09999999999999998,141.3028423529411,True,family,Mondrian-similarity,random_1,random,extra_trees
Polyvinyls,44,1.0,0.09999999999999998,168.8140618181818,True,family,Mondrian-similarity,random_1,random,extra_trees
Polyanhydrides,8,1.0,0.09999999999999998,156.36856999999998,False,family,Mondrian-similarity,random_1,random,extra_trees
Polyureas,6,1.0,0.09999999999999998,101.15338666666658,False,family,Mondrian-similarity,random_1,random,extra_trees
0,49,0.7755102040816326,-0.1244897959183674,170.0275567346939,True,similarity,Mondrian-family,random_1,random,extra_trees
1,80,0.7875,-0.11250000000000004,176.32077649999997,True,similarity,Mondrian-family,random_1,random,extra_trees
2,163,0.803680981595092,-0.09631901840490797,150.19838208588956,True,similarity,Mondrian-family,random_1,random,extra_trees
3,230,0.8739130434782608,-0.026086956521739202,142.06351652173913,True,similarity,Mondrian-family,random_1,random,extra_trees
4,246,0.9227642276422764,0.02276422764227637,133.19587089430894,True,similarity,Mondrian-family,random_1,random,extra_trees
5,667,0.9640179910044977,0.06401799100449768,132.41899820089955,True,similarity,Mondrian-family,random_1,random,extra_trees
Polydienes,17,0.4117647058823529,-0.4882352941176471,129.01960000000003,True,family,Mondrian-family,random_1,random,extra_trees
Polysulfides,12,0.6666666666666666,-0.2333333333333334,129.0196,True,family,Mondrian-family,random_1,random,extra_trees
Polyhalo-olefins,11,0.7272727272727273,-0.17272727272727273,129.0196,True,family,Mondrian-family,random_1,random,extra_trees
Polyphosphazenes,20,0.75,-0.15000000000000002,148.07860000000014,True,family,Mondrian-family,random_1,random,extra_trees
Polystyrenes,54,0.8518518518518519,-0.04814814814814816,119.15459999999995,True,family,Mondrian-family,random_1,random,extra_trees
Polyesters,162,0.8765432098765432,-0.023456790123456805,99.74400000000001,True,family,Mondrian-family,random_1,random,extra_trees
Polycarbonates,17,0.8823529411764706,-0.01764705882352946,129.0196,True,family,Mondrian-family,random_1,random,extra_trees
Polyphenylenes,86,0.8953488372093024,-0.0046511627906976605,211.98499999999999,True,family,Mondrian-family,random_1,random,extra_trees
Polyethers,127,0.8976377952755905,-0.0023622047244095112,120.9906000000002,True,family,Mondrian-family,random_1,random,extra_trees
Polyimides,349,0.9255014326647565,0.025501432664756463,119.56399999999995,True,family,Mondrian-family,random_1,random,extra_trees
Polyacrylics,153,0.9281045751633987,0.028104575163398704,148.43140000000017,True,family,Mondrian-family,random_1,random,extra_trees
Polyamides,205,0.9317073170731708,0.03170731707317076,124.08599999999998,True,family,Mondrian-family,random_1,random,extra_trees
Polyolefins,33,0.9393939393939394,0.039393939393939426,309.8453999999998,True,family,Mondrian-family,random_1,random,extra_trees
Polyurethanes,37,0.9459459459459459,0.04594594594594592,152.65264,True,family,Mondrian-family,random_1,random,extra_trees
Polysiloxanes,47,0.9574468085106383,0.057446808510638325,212.80431999999985,True,family,Mondrian-family,random_1,random,extra_trees
Polysulfones,39,0.9743589743589743,0.07435897435897432,147.20099999999996,True,family,Mondrian-family,random_1,random,extra_trees
Polyvinyls,44,1.0,0.09999999999999998,223.8395999999997,True,family,Mondrian-family,random_1,random,extra_trees
Polyanhydrides,8,1.0,0.09999999999999998,129.01959999999997,False,family,Mondrian-family,random_1,random,extra_trees
Polyimines,8,1.0,0.09999999999999998,129.01960000000003,False,family,Mondrian-family,random_1,random,extra_trees
Polyureas,6,1.0,0.09999999999999998,129.0196,False,family,Mondrian-family,random_1,random,extra_trees
0,49,0.7755102040816326,-0.1244897959183674,185.7380887683768,True,similarity,Normalised SCP,random_1,random,extra_trees
1,80,0.8125,-0.08750000000000002,164.0911423032216,True,similarity,Normalised SCP,random_1,random,extra_trees
2,163,0.8159509202453987,-0.0840490797546013,142.27632968860453,True,similarity,Normalised SCP,random_1,random,extra_trees
3,230,0.8869565217391304,-0.013043478260869601,142.90401695261528,True,similarity,Normalised SCP,random_1,random,extra_trees
5,667,0.9310344827586207,0.03103448275862064,111.76705139598106,True,similarity,Normalised SCP,random_1,random,extra_trees
4,246,0.943089430894309,0.043089430894308944,133.02586706785658,True,similarity,Normalised SCP,random_1,random,extra_trees
Polydienes,17,0.5882352941176471,-0.31176470588235294,171.22583486460698,True,family,Normalised SCP,random_1,random,extra_trees
Polysulfides,12,0.75,-0.15000000000000002,147.90366599369744,True,family,Normalised SCP,random_1,random,extra_trees
Polyurethanes,37,0.8108108108108109,-0.08918918918918917,100.64953665296994,True,family,Normalised SCP,random_1,random,extra_trees
Polyphenylenes,86,0.8488372093023255,-0.05116279069767449,151.7093698556137,True,family,Normalised SCP,random_1,random,extra_trees
Polyphosphazenes,20,0.85,-0.050000000000000044,175.48516905770686,True,family,Normalised SCP,random_1,random,extra_trees
Polyimines,8,0.875,-0.025000000000000022,104.43662586766298,False,family,Normalised SCP,random_1,random,extra_trees
Polyesters,162,0.8888888888888888,-0.011111111111111183,110.95051513174137,True,family,Normalised SCP,random_1,random,extra_trees
Polyamides,205,0.9024390243902439,0.0024390243902439046,98.28502370521971,True,family,Normalised SCP,random_1,random,extra_trees
Polyimides,349,0.9054441260744985,0.005444126074498512,127.33613050553834,True,family,Normalised SCP,random_1,random,extra_trees
Polyethers,127,0.905511811023622,0.005511811023621971,135.50323753706292,True,family,Normalised SCP,random_1,random,extra_trees
Polystyrenes,54,0.9074074074074074,0.007407407407407418,133.32814504638577,True,family,Normalised SCP,random_1,random,extra_trees
Polyolefins,33,0.9090909090909091,0.009090909090909038,171.389437853631,True,family,Normalised SCP,random_1,random,extra_trees
Polyacrylics,153,0.9215686274509803,0.021568627450980316,137.65642884960778,True,family,Normalised SCP,random_1,random,extra_trees
Polycarbonates,17,0.9411764705882353,0.04117647058823526,132.92399823378764,True,family,Normalised SCP,random_1,random,extra_trees
Polysulfones,39,0.9487179487179487,0.048717948717948656,121.86348275991041,True,family,Normalised SCP,random_1,random,extra_trees
Polysiloxanes,47,0.9574468085106383,0.057446808510638325,192.28724660510807,True,family,Normalised SCP,random_1,random,extra_trees
Polyvinyls,44,1.0,0.09999999999999998,133.65788866861294,True,family,Normalised SCP,random_1,random,extra_trees
Polyanhydrides,8,1.0,0.09999999999999998,127.66846463909022,False,family,Normalised SCP,random_1,random,extra_trees
Polyhalo-olefins,11,1.0,0.09999999999999998,210.50015856853778,True,family,Normalised SCP,random_1,random,extra_trees
Polyureas,6,1.0,0.09999999999999998,133.69530742504992,False,family,Normalised SCP,random_1,random,extra_trees
4,265,0.9018867924528302,0.0018867924528301883,373.25,True,similarity,SCP,random_2,random,median
0,37,0.918918918918919,0.018918918918918948,373.25,True,similarity,SCP,random_2,random,median
1,84,0.9285714285714286,0.02857142857142858,373.25,True,similarity,SCP,random_2,random,median
2,146,0.9315068493150684,0.03150684931506842,373.25,True,similarity,SCP,random_2,random,median
5,662,0.93202416918429,0.03202416918428996,373.25,True,similarity,SCP,random_2,random,median
3,241,0.9543568464730291,0.054356846473029075,373.25,True,similarity,SCP,random_2,random,median
Polyphosphazenes,27,0.7037037037037037,-0.1962962962962963,373.25,True,family,SCP,random_2,random,median
Polysiloxanes,36,0.7777777777777778,-0.12222222222222223,373.25,True,family,SCP,random_2,random,median
Polyolefins,35,0.8,-0.09999999999999998,373.25,True,family,SCP,random_2,random,median
Polydienes,17,0.8823529411764706,-0.01764705882352946,373.25,True,family,SCP,random_2,random,median
Polyimides,334,0.8832335329341318,-0.016766467065868262,373.25,True,family,SCP,random_2,random,median
Polysulfides,9,0.8888888888888888,-0.011111111111111183,373.25,False,family,SCP,random_2,random,median
Polyphenylenes,101,0.9108910891089109,0.0108910891089109,373.25,True,family,SCP,random_2,random,median
Polyethers,145,0.9241379310344827,0.024137931034482696,373.25,True,family,SCP,random_2,random,median
Polyesters,181,0.9502762430939227,0.050276243093922646,373.25,True,family,SCP,random_2,random,median
Polyacrylics,126,0.9682539682539683,0.06825396825396823,373.25,True,family,SCP,random_2,random,median
Polyurethanes,39,0.9743589743589743,0.07435897435897432,373.25,True,family,SCP,random_2,random,median
Polysulfones,42,0.9761904761904762,0.07619047619047614,373.25,True,family,SCP,random_2,random,median
Polyamides,190,0.9947368421052631,0.09473684210526312,373.25,True,family,SCP,random_2,random,median
Polyvinyls,49,1.0,0.09999999999999998,373.25,True,family,SCP,random_2,random,median
Polyhalo-olefins,10,1.0,0.09999999999999998,373.25,True,family,SCP,random_2,random,median
Polystyrenes,50,1.0,0.09999999999999998,373.25,True,family,SCP,random_2,random,median
Polyanhydrides,14,1.0,0.09999999999999998,373.25,True,family,SCP,random_2,random,median
Polycarbonates,20,1.0,0.09999999999999998,373.25,True,family,SCP,random_2,random,median
Polyimines,6,1.0,0.09999999999999998,373.25,False,family,SCP,random_2,random,median
Polyureas,4,1.0,0.09999999999999998,373.25,False,family,SCP,random_2,random,median
0,37,0.8918918918918919,-0.008108108108108136,356.0,True,similarity,Mondrian-similarity,random_2,random,median
2,146,0.910958904109589,0.010958904109588996,350.0,True,similarity,Mondrian-similarity,random_2,random,median
1,84,0.9166666666666666,0.016666666666666607,368.5999999999999,True,similarity,Mondrian-similarity,random_2,random,median
4,265,0.9245283018867925,0.024528301886792447,392.0,True,similarity,Mondrian-similarity,random_2,random,median
5,662,0.9410876132930514,0.04108761329305133,382.0,True,similarity,Mondrian-similarity,random_2,random,median
3,241,0.9543568464730291,0.054356846473029075,370.0,True,similarity,Mondrian-similarity,random_2,random,median
Polyphosphazenes,27,0.7037037037037037,-0.1962962962962963,369.8,True,family,Mondrian-similarity,random_2,random,median
Polysulfides,9,0.7777777777777778,-0.12222222222222223,373.15555555555557,False,family,Mondrian-similarity,random_2,random,median
Polydienes,17,0.8235294117647058,-0.07647058823529418,365.50588235294117,True,family,Mondrian-similarity,random_2,random,median
Polysiloxanes,36,0.8333333333333334,-0.06666666666666665,375.6666666666667,True,family,Mondrian-similarity,random_2,random,median
Polyolefins,35,0.8857142857142857,-0.014285714285714346,369.08000000000004,True,family,Mondrian-similarity,random_2,random,median
Polyimides,334,0.8922155688622755,-0.0077844311377245345,381.40239520958085,True,family,Mondrian-similarity,random_2,random,median
Polyethers,145,0.9172413793103448,0.01724137931034475,376.1241379310345,True,family,Mondrian-similarity,random_2,random,median
Polyphenylenes,101,0.9207920792079208,0.02079207920792081,372.770297029703,True,family,Mondrian-similarity,random_2,random,median
Polycarbonates,20,0.95,0.04999999999999993,372.03000000000003,True,family,Mondrian-similarity,random_2,random,median
Polyesters,181,0.9558011049723757,0.05580110497237567,378.0088397790055,True,family,Mondrian-similarity,random_2,random,median
Polyacrylics,126,0.9682539682539683,0.06825396825396823,376.4063492063492,True,family,Mondrian-similarity,random_2,random,median
Polysulfones,42,0.9761904761904762,0.07619047619047614,377.9047619047619,True,family,Mondrian-similarity,random_2,random,median
Polyamides,190,0.9947368421052631,0.09473684210526312,380.03263157894736,True,family,Mondrian-similarity,random_2,random,median
Polystyrenes,50,1.0,0.09999999999999998,371.624,True,family,Mondrian-similarity,random_2,random,median
Polyvinyls,49,1.0,0.09999999999999998,372.82040816326526,True,family,Mondrian-similarity,random_2,random,median
Polyhalo-olefins,10,1.0,0.09999999999999998,361.38,True,family,Mondrian-similarity,random_2,random,median
Polyanhydrides,14,1.0,0.09999999999999998,374.04285714285714,True,family,Mondrian-similarity,random_2,random,median
Polyurethanes,39,1.0,0.09999999999999998,378.2512820512821,True,family,Mondrian-similarity,random_2,random,median
Polyimines,6,1.0,0.09999999999999998,382.76666666666665,False,family,Mondrian-similarity,random_2,random,median
Polyureas,4,1.0,0.09999999999999998,370.0,False,family,Mondrian-similarity,random_2,random,median
4,265,0.9056603773584906,0.005660377358490565,367.1820754716981,True,similarity,Mondrian-family,random_2,random,median
5,662,0.9244712990936556,0.02447129909365553,369.96148036253777,True,similarity,Mondrian-family,random_2,random,median
1,84,0.9285714285714286,0.02857142857142858,382.2119047619048,True,similarity,Mondrian-family,random_2,random,median
2,146,0.9315068493150684,0.03150684931506842,373.2469178082192,True,similarity,Mondrian-family,random_2,random,median
0,37,0.9459459459459459,0.04594594594594592,388.1378378378378,True,similarity,Mondrian-family,random_2,random,median
3,241,0.9585062240663901,0.058506224066390056,366.65020746887967,True,similarity,Mondrian-family,random_2,random,median
Polyesters,181,0.8674033149171271,-0.032596685082872945,316.0,True,family,Mondrian-family,random_2,random,median
Polydienes,17,0.8823529411764706,-0.01764705882352946,373.25,True,family,Mondrian-family,random_2,random,median
Polysulfides,9,0.8888888888888888,-0.011111111111111183,373.25,False,family,Mondrian-family,random_2,random,median
Polystyrenes,50,0.9,0.0,276.0,True,family,Mondrian-family,random_2,random,median
Polyphenylenes,101,0.9207920792079208,0.02079207920792081,450.0,True,family,Mondrian-family,random_2,random,median
Polyamides,190,0.9210526315789473,0.021052631578947323,310.0,True,family,Mondrian-family,random_2,random,median
Polyethers,145,0.9241379310344827,0.024137931034482696,380.0,True,family,Mondrian-family,random_2,random,median
Polyphosphazenes,27,0.9259259259259259,0.025925925925925908,442.0,True,family,Mondrian-family,random_2,random,median
Polyimides,334,0.9311377245508982,0.031137724550898138,412.0,True,family,Mondrian-family,random_2,random,median
Polyacrylics,126,0.9444444444444444,0.0444444444444444,366.0,True,family,Mondrian-family,random_2,random,median
Polyurethanes,39,0.9487179487179487,0.048717948717948656,278.6000000000001,True,family,Mondrian-family,random_2,random,median
Polysulfones,42,0.9523809523809523,0.052380952380952306,292.0,True,family,Mondrian-family,random_2,random,median
Polyolefins,35,0.9714285714285714,0.0714285714285714,416.0,True,family,Mondrian-family,random_2,random,median
Polyhalo-olefins,10,1.0,0.09999999999999998,373.25,True,family,Mondrian-family,random_2,random,median
Polyvinyls,49,1.0,0.09999999999999998,400.0,True,family,Mondrian-family,random_2,random,median
Polyanhydrides,14,1.0,0.09999999999999998,373.25,True,family,Mondrian-family,random_2,random,median
Polycarbonates,20,1.0,0.09999999999999998,373.25,True,family,Mondrian-family,random_2,random,median
Polyimines,6,1.0,0.09999999999999998,373.25,False,family,Mondrian-family,random_2,random,median
Polyureas,4,1.0,0.09999999999999998,373.25,False,family,Mondrian-family,random_2,random,median
Polysiloxanes,36,1.0,0.09999999999999998,508.0,True,family,Mondrian-family,random_2,random,median
0,37,0.7297297297297297,-0.1702702702702703,229.26500312572435,True,similarity,Normalised SCP,random_2,random,median
1,84,0.7738095238095238,-0.1261904761904762,291.93608514996623,True,similarity,Normalised SCP,random_2,random,median
3,241,0.8257261410788381,-0.0742738589211619,286.56250227806976,True,similarity,Normalised SCP,random_2,random,median
2,146,0.8287671232876712,-0.07123287671232881,273.3933192922294,True,similarity,Normalised SCP,random_2,random,median
4,265,0.8830188679245283,-0.016981132075471694,324.81808655950033,True,similarity,Normalised SCP,random_2,random,median
5,662,0.9214501510574018,0.02145015105740178,364.0711171998516,True,similarity,Normalised SCP,random_2,random,median
Polyphosphazenes,27,0.6666666666666666,-0.2333333333333334,408.1991199894725,True,family,Normalised SCP,random_2,random,median
Polyimines,6,0.6666666666666666,-0.2333333333333334,228.22901556504272,False,family,Normalised SCP,random_2,random,median
Polyolefins,35,0.6857142857142857,-0.2142857142857143,363.8879569047053,True,family,Normalised SCP,random_2,random,median
Polydienes,17,0.7058823529411765,-0.1941176470588235,273.5577565272229,True,family,Normalised SCP,random_2,random,median
Polyurethanes,39,0.717948717948718,-0.18205128205128207,219.8815740307643,True,family,Normalised SCP,random_2,random,median
Polysiloxanes,36,0.7222222222222222,-0.1777777777777778,386.21461782177755,True,family,Normalised SCP,random_2,random,median
Polyureas,4,0.75,-0.15000000000000002,249.75911429575683,False,family,Normalised SCP,random_2,random,median
Polycarbonates,20,0.75,-0.15000000000000002,287.3970724033987,True,family,Normalised SCP,random_2,random,median
Polyhalo-olefins,10,0.8,-0.09999999999999998,323.7863947410398,True,family,Normalised SCP,random_2,random,median
Polyphenylenes,101,0.8514851485148515,-0.04851485148514856,290.3635529436419,True,family,Normalised SCP,random_2,random,median
Polyamides,190,0.868421052631579,-0.03157894736842104,278.872702878533,True,family,Normalised SCP,random_2,random,median
Polyacrylics,126,0.873015873015873,-0.026984126984127,295.63469459452006,True,family,Normalised SCP,random_2,random,median
Polyesters,181,0.8784530386740331,-0.021546961325966896,280.38850072264665,True,family,Normalised SCP,random_2,random,median
Polysulfides,9,0.8888888888888888,-0.011111111111111183,367.09819936783424,False,family,Normalised SCP,random_2,random,median
Polyethers,145,0.8896551724137931,-0.010344827586206917,337.3451733883806,True,family,Normalised SCP,random_2,random,median
Polystyrenes,50,0.9,0.0,238.5153354413978,True,family,Normalised SCP,random_2,random,median
Polyvinyls,49,0.9183673469387755,0.01836734693877551,255.2408701203144,True,family,Normalised SCP,random_2,random,median
Polyimides,334,0.9491017964071856,0.049101796407185594,437.62688344301415,True,family,Normalised SCP,random_2,random,median
Polysulfones,42,0.9523809523809523,0.052380952380952306,252.97282507004007,True,family,Normalised SCP,random_2,random,median
Polyanhydrides,14,1.0,0.09999999999999998,219.74804863449316,True,family,Normalised SCP,random_2,random,median
1,84,0.6785714285714286,-0.22142857142857142,126.2767059326018,True,similarity,SCP,random_2,random,svr
0,37,0.7567567567567568,-0.14324324324324322,126.27670593260179,True,similarity,SCP,random_2,random,svr
2,146,0.7602739726027398,-0.13972602739726026,126.27670593260181,True,similarity,SCP,random_2,random,svr
3,241,0.8008298755186722,-0.09917012448132778,126.27670593260177,True,similarity,SCP,random_2,random,svr
4,265,0.8905660377358491,-0.009433962264150941,126.27670593260179,True,similarity,SCP,random_2,random,svr
5,662,0.9561933534743202,0.056193353474320196,126.27670593260181,True,similarity,SCP,random_2,random,svr
Polyimines,6,0.5,-0.4,126.27670593260181,False,family,SCP,random_2,random,svr
Polyphosphazenes,27,0.5925925925925926,-0.30740740740740746,126.27670593260184,True,family,SCP,random_2,random,svr
Polydienes,17,0.7058823529411765,-0.1941176470588235,126.27670593260184,True,family,SCP,random_2,random,svr
Polyureas,4,0.75,-0.15000000000000002,126.27670593260183,False,family,SCP,random_2,random,svr
Polystyrenes,50,0.76,-0.14,126.2767059326018,True,family,SCP,random_2,random,svr
Polyolefins,35,0.7714285714285715,-0.12857142857142856,126.2767059326018,True,family,SCP,random_2,random,svr
Polyhalo-olefins,10,0.8,-0.09999999999999998,126.27670593260181,True,family,SCP,random_2,random,svr
Polyphenylenes,101,0.8316831683168316,-0.06831683168316838,126.2767059326018,True,family,SCP,random_2,random,svr
Polysulfones,42,0.8333333333333334,-0.06666666666666665,126.2767059326018,True,family,SCP,random_2,random,svr
Polysiloxanes,36,0.8333333333333334,-0.06666666666666665,126.2767059326018,True,family,SCP,random_2,random,svr
Polyacrylics,126,0.8492063492063492,-0.050793650793650835,126.27670593260177,True,family,SCP,random_2,random,svr
Polyethers,145,0.8758620689655172,-0.024137931034482807,126.27670593260183,True,family,SCP,random_2,random,svr
Polysulfides,9,0.8888888888888888,-0.011111111111111183,126.27670593260183,False,family,SCP,random_2,random,svr
Polyurethanes,39,0.8974358974358975,-0.002564102564102555,126.27670593260177,True,family,SCP,random_2,random,svr
Polyesters,181,0.9060773480662984,0.006077348066298338,126.27670593260177,True,family,SCP,random_2,random,svr
Polyimides,334,0.9131736526946108,0.013173652694610793,126.27670593260181,True,family,SCP,random_2,random,svr
Polyvinyls,49,0.9183673469387755,0.01836734693877551,126.2767059326018,True,family,SCP,random_2,random,svr
Polyamides,190,0.9315789473684211,0.03157894736842104,126.2767059326018,True,family,SCP,random_2,random,svr
Polyanhydrides,14,1.0,0.09999999999999998,126.2767059326018,True,family,SCP,random_2,random,svr
Polycarbonates,20,1.0,0.09999999999999998,126.27670593260186,True,family,SCP,random_2,random,svr
2,146,0.821917808219178,-0.07808219178082199,159.63033992227588,True,similarity,Mondrian-similarity,random_2,random,svr
4,265,0.879245283018868,-0.02075471698113207,121.42765745382161,True,similarity,Mondrian-similarity,random_2,random,svr
1,84,0.9047619047619048,0.004761904761904745,215.4713122206317,True,similarity,Mondrian-similarity,random_2,random,svr
0,37,0.918918918918919,0.018918918918918948,272.19189307306885,True,similarity,Mondrian-similarity,random_2,random,svr
3,241,0.921161825726141,0.021161825726141004,168.14957339622828,True,similarity,Mondrian-similarity,random_2,random,svr
5,662,0.9214501510574018,0.02145015105740178,106.26562134830928,True,similarity,Mondrian-similarity,random_2,random,svr
Polyureas,4,0.75,-0.15000000000000002,164.87887794936893,False,family,Mondrian-similarity,random_2,random,svr
Polydienes,17,0.7647058823529411,-0.1352941176470589,195.3197983118024,True,family,Mondrian-similarity,random_2,random,svr
Polyphosphazenes,27,0.7777777777777778,-0.12222222222222223,161.42608643911225,True,family,Mondrian-similarity,random_2,random,svr
Polyimines,6,0.8333333333333334,-0.06666666666666665,142.36157988777236,False,family,Mondrian-similarity,random_2,random,svr
Polyphenylenes,101,0.8415841584158416,-0.05841584158415847,152.66370341861955,True,family,Mondrian-similarity,random_2,random,svr
Polysulfones,42,0.8571428571428571,-0.04285714285714293,131.80845561977378,True,family,Mondrian-similarity,random_2,random,svr
Polystyrenes,50,0.88,-0.020000000000000018,148.7645702887645,True,family,Mondrian-similarity,random_2,random,svr
Polyacrylics,126,0.8809523809523809,-0.01904761904761909,133.82011487121284,True,family,Mondrian-similarity,random_2,random,svr
Polyolefins,35,0.8857142857142857,-0.014285714285714346,170.18028316217845,True,family,Mondrian-similarity,random_2,random,svr
Polysiloxanes,36,0.8888888888888888,-0.011111111111111183,129.86394593716054,True,family,Mondrian-similarity,random_2,random,svr
Polysulfides,9,0.8888888888888888,-0.011111111111111183,173.2377363720926,False,family,Mondrian-similarity,random_2,random,svr
Polyhalo-olefins,10,0.9,0.0,211.85494425181105,True,family,Mondrian-similarity,random_2,random,svr
Polyesters,181,0.9005524861878453,0.0005524861878453136,129.7216215890654,True,family,Mondrian-similarity,random_2,random,svr
Polyimides,334,0.9101796407185628,0.01017964071856281,120.55784227785344,True,family,Mondrian-similarity,random_2,random,svr
Polyethers,145,0.9103448275862069,0.010344827586206917,139.62474441316667,True,family,Mondrian-similarity,random_2,random,svr
Polyamides,190,0.9421052631578948,0.04210526315789476,125.23452888255495,True,family,Mondrian-similarity,random_2,random,svr
Polyurethanes,39,0.9487179487179487,0.048717948717948656,138.0206348214935,True,family,Mondrian-similarity,random_2,random,svr
Polyvinyls,49,0.9795918367346939,0.07959183673469383,158.3008264778491,True,family,Mondrian-similarity,random_2,random,svr
Polyanhydrides,14,1.0,0.09999999999999998,153.06260219361147,True,family,Mondrian-similarity,random_2,random,svr
Polycarbonates,20,1.0,0.09999999999999998,135.10778014788053,True,family,Mondrian-similarity,random_2,random,svr
1,84,0.7261904761904762,-0.17380952380952386,148.2882610536399,True,similarity,Mondrian-family,random_2,random,svr
2,146,0.8082191780821918,-0.09178082191780823,149.86904586073186,True,similarity,Mondrian-family,random_2,random,svr
0,37,0.8378378378378378,-0.06216216216216219,158.3856815505997,True,similarity,Mondrian-family,random_2,random,svr
3,241,0.8464730290456431,-0.05352697095435688,140.37727287882925,True,similarity,Mondrian-family,random_2,random,svr
4,265,0.8905660377358491,-0.009433962264150941,133.25848207268956,True,similarity,Mondrian-family,random_2,random,svr
5,662,0.947129909365559,0.04712990936555894,133.4678553825861,True,similarity,Mondrian-family,random_2,random,svr
Polyimines,6,0.5,-0.4,126.27670593260181,False,family,Mondrian-family,random_2,random,svr
Polydienes,17,0.7058823529411765,-0.1941176470588235,126.27670593260184,True,family,Mondrian-family,random_2,random,svr
Polyureas,4,0.75,-0.15000000000000002,126.27670593260183,False,family,Mondrian-family,random_2,random,svr
Polyhalo-olefins,10,0.8,-0.09999999999999998,126.27670593260181,True,family,Mondrian-family,random_2,random,svr
Polysulfones,42,0.8095238095238095,-0.09047619047619049,118.0156788080302,True,family,Mondrian-family,random_2,random,svr
Polyphosphazenes,27,0.8148148148148148,-0.08518518518518525,193.59201392271885,True,family,Mondrian-family,random_2,random,svr
Polyethers,145,0.8413793103448276,-0.05862068965517242,102.99833666293262,True,family,Mondrian-family,random_2,random,svr
Polyesters,181,0.850828729281768,-0.04917127071823202,104.50941155361035,True,family,Mondrian-family,random_2,random,svr
Polyolefins,35,0.8571428571428571,-0.04285714285714293,170.49369495285666,True,family,Mondrian-family,random_2,random,svr
Polysulfides,9,0.8888888888888888,-0.011111111111111183,126.27670593260183,False,family,Mondrian-family,random_2,random,svr
Polystyrenes,50,0.9,0.0,180.84325718801782,True,family,Mondrian-family,random_2,random,svr
Polyimides,334,0.9041916167664671,0.004191616766467066,122.1506679659135,True,family,Mondrian-family,random_2,random,svr
Polyacrylics,126,0.9047619047619048,0.004761904761904745,159.63033992227585,True,family,Mondrian-family,random_2,random,svr
Polyamides,190,0.9052631578947369,0.0052631578947368585,115.5988575141348,True,family,Mondrian-family,random_2,random,svr
Polyvinyls,49,0.9387755102040817,0.038775510204081653,128.54765178213125,True,family,Mondrian-family,random_2,random,svr
Polyphenylenes,101,0.9405940594059405,0.04059405940594052,230.07637254160727,True,family,Mondrian-family,random_2,random,svr
Polyurethanes,39,0.9487179487179487,0.048717948717948656,166.38949170809323,True,family,Mondrian-family,random_2,random,svr
Polyanhydrides,14,1.0,0.09999999999999998,126.2767059326018,True,family,Mondrian-family,random_2,random,svr
Polycarbonates,20,1.0,0.09999999999999998,126.27670593260186,True,family,Mondrian-family,random_2,random,svr
Polysiloxanes,36,1.0,0.09999999999999998,268.05706022747484,True,family,Mondrian-family,random_2,random,svr
1,84,0.8333333333333334,-0.06666666666666665,169.1437623722762,True,similarity,Normalised SCP,random_2,random,svr
0,37,0.8378378378378378,-0.06216216216216219,188.2524220875672,True,similarity,Normalised SCP,random_2,random,svr
3,241,0.8381742738589212,-0.06182572614107884,141.6198969437122,True,similarity,Normalised SCP,random_2,random,svr
2,146,0.8698630136986302,-0.03013698630136985,155.5136345822204,True,similarity,Normalised SCP,random_2,random,svr
4,265,0.909433962264151,0.009433962264150941,135.48981432297214,True,similarity,Normalised SCP,random_2,random,svr
5,662,0.9350453172205438,0.035045317220543826,112.94351397830438,True,similarity,Normalised SCP,random_2,random,svr
Polyimines,6,0.5,-0.4,100.72326513082828,False,family,Normalised SCP,random_2,random,svr
Polyureas,4,0.75,-0.15000000000000002,160.1327753133923,False,family,Normalised SCP,random_2,random,svr
Polyphosphazenes,27,0.7777777777777778,-0.12222222222222223,181.24332758924368,True,family,Normalised SCP,random_2,random,svr
Polydienes,17,0.8235294117647058,-0.07647058823529418,197.1446512693262,True,family,Normalised SCP,random_2,random,svr
Polyphenylenes,101,0.8316831683168316,-0.06831683168316838,149.4831347734157,True,family,Normalised SCP,random_2,random,svr
Polystyrenes,50,0.86,-0.040000000000000036,167.18737380138285,True,family,Normalised SCP,random_2,random,svr
Polysiloxanes,36,0.8611111111111112,-0.03888888888888886,132.230778563888,True,family,Normalised SCP,random_2,random,svr
Polyacrylics,126,0.8650793650793651,-0.03492063492063491,125.0313575387938,True,family,Normalised SCP,random_2,random,svr
Polyurethanes,39,0.8717948717948718,-0.028205128205128216,112.43941161768063,True,family,Normalised SCP,random_2,random,svr
Polyolefins,35,0.8857142857142857,-0.014285714285714346,189.25972047000747,True,family,Normalised SCP,random_2,random,svr
Polysulfides,9,0.8888888888888888,-0.011111111111111183,155.05996941520866,False,family,Normalised SCP,random_2,random,svr
Polyethers,145,0.896551724137931,-0.0034482758620689724,123.31284949183801,True,family,Normalised SCP,random_2,random,svr
Polysulfones,42,0.9047619047619048,0.004761904761904745,130.7219239542425,True,family,Normalised SCP,random_2,random,svr
Polyesters,181,0.9171270718232044,0.017127071823204387,120.69166851267781,True,family,Normalised SCP,random_2,random,svr
Polyimides,334,0.9221556886227545,0.02215568862275452,130.28330401832636,True,family,Normalised SCP,random_2,random,svr
Polyamides,190,0.9368421052631579,0.0368421052631579,109.91254027233498,True,family,Normalised SCP,random_2,random,svr
Polyvinyls,49,0.9387755102040817,0.038775510204081653,134.6017172446145,True,family,Normalised SCP,random_2,random,svr
Polycarbonates,20,0.95,0.04999999999999993,114.56706913944103,True,family,Normalised SCP,random_2,random,svr
Polyanhydrides,14,1.0,0.09999999999999998,123.10058960728695,True,family,Normalised SCP,random_2,random,svr
Polyhalo-olefins,10,1.0,0.09999999999999998,259.20015756686684,True,family,Normalised SCP,random_2,random,svr
0,37,0.7027027027027027,-0.19729729729729728,128.20979999999997,True,similarity,SCP,random_2,random,random_forest
1,84,0.7261904761904762,-0.17380952380952386,128.20980000000003,True,similarity,SCP,random_2,random,random_forest
2,146,0.7534246575342466,-0.14657534246575343,128.2098,True,similarity,SCP,random_2,random,random_forest
3,241,0.8547717842323651,-0.045228215767634916,128.20980000000003,True,similarity,SCP,random_2,random,random_forest
4,265,0.8867924528301887,-0.013207547169811318,128.2098,True,similarity,SCP,random_2,random,random_forest
5,662,0.9561933534743202,0.056193353474320196,128.2098,True,similarity,SCP,random_2,random,random_forest
Polyimines,6,0.6666666666666666,-0.2333333333333334,128.2098,False,family,SCP,random_2,random,random_forest
Polyhalo-olefins,10,0.7,-0.20000000000000007,128.20980000000003,True,family,SCP,random_2,random,random_forest
Polyphosphazenes,27,0.7037037037037037,-0.1962962962962963,128.2098,True,family,SCP,random_2,random,random_forest
Polyolefins,35,0.7428571428571429,-0.15714285714285714,128.20979999999994,True,family,SCP,random_2,random,random_forest
Polyureas,4,0.75,-0.15000000000000002,128.20980000000003,False,family,SCP,random_2,random,random_forest
Polydienes,17,0.7647058823529411,-0.1352941176470589,128.2098,True,family,SCP,random_2,random,random_forest
Polysiloxanes,36,0.7777777777777778,-0.12222222222222223,128.20979999999994,True,family,SCP,random_2,random,random_forest
Polyphenylenes,101,0.8316831683168316,-0.06831683168316838,128.20980000000003,True,family,SCP,random_2,random,random_forest
Polyurethanes,39,0.8461538461538461,-0.05384615384615388,128.20979999999994,True,family,SCP,random_2,random,random_forest
Polystyrenes,50,0.86,-0.040000000000000036,128.20979999999997,True,family,SCP,random_2,random,random_forest
Polyacrylics,126,0.8809523809523809,-0.01904761904761909,128.20980000000006,True,family,SCP,random_2,random,random_forest
Polysulfones,42,0.8809523809523809,-0.01904761904761909,128.20979999999997,True,family,SCP,random_2,random,random_forest
Polysulfides,9,0.8888888888888888,-0.011111111111111183,128.20979999999997,False,family,SCP,random_2,random,random_forest
Polyethers,145,0.8896551724137931,-0.010344827586206917,128.2098,True,family,SCP,random_2,random,random_forest
Polyvinyls,49,0.8979591836734694,-0.0020408163265306367,128.20979999999997,True,family,SCP,random_2,random,random_forest
Polycarbonates,20,0.9,0.0,128.20980000000003,True,family,SCP,random_2,random,random_forest
Polyamides,190,0.9105263157894737,0.010526315789473717,128.20980000000003,True,family,SCP,random_2,random,random_forest
Polyesters,181,0.9226519337016574,0.022651933701657412,128.20980000000003,True,family,SCP,random_2,random,random_forest
Polyimides,334,0.9281437125748503,0.028143712574850266,128.2098,True,family,SCP,random_2,random,random_forest
Polyanhydrides,14,1.0,0.09999999999999998,128.20980000000003,True,family,SCP,random_2,random,random_forest
2,146,0.8013698630136986,-0.09863013698630141,149.75152000000006,True,similarity,Mondrian-similarity,random_2,random,random_forest
4,265,0.8490566037735849,-0.05094339622641508,111.08320000000015,True,similarity,Mondrian-similarity,random_2,random,random_forest
0,37,0.8918918918918919,-0.008108108108108136,195.24747999999997,True,similarity,Mondrian-similarity,random_2,random,random_forest
1,84,0.9166666666666666,0.016666666666666607,211.33130000000008,True,similarity,Mondrian-similarity,random_2,random,random_forest
3,241,0.9294605809128631,0.029460580912863077,168.8971999999999,True,similarity,Mondrian-similarity,random_2,random,random_forest
5,662,0.9350453172205438,0.035045317220543826,112.6040000000004,True,similarity,Mondrian-similarity,random_2,random,random_forest
Polydienes,17,0.7058823529411765,-0.1941176470588235,178.43315294117647,True,family,Mondrian-similarity,random_2,random,random_forest
Polyureas,4,0.75,-0.15000000000000002,142.17155000000014,False,family,Mondrian-similarity,random_2,random,random_forest
Polyphenylenes,101,0.8316831683168316,-0.06831683168316838,145.1298433663368,True,family,Mondrian-similarity,random_2,random,random_forest
Polyimines,6,0.8333333333333334,-0.06666666666666665,137.68035000000012,False,family,Mondrian-similarity,random_2,random,random_forest
Polyurethanes,39,0.8461538461538461,-0.05384615384615388,134.88893179487198,True,family,Mondrian-similarity,random_2,random,random_forest
Polysulfones,42,0.8571428571428571,-0.04285714285714293,129.84650380952402,True,family,Mondrian-similarity,random_2,random,random_forest
Polysiloxanes,36,0.8611111111111112,-0.03888888888888886,129.31449666666688,True,family,Mondrian-similarity,random_2,random,random_forest
Polyolefins,35,0.8857142857142857,-0.014285714285714346,165.4114920000001,True,family,Mondrian-similarity,random_2,random,random_forest
Polysulfides,9,0.8888888888888888,-0.011111111111111183,165.6654088888891,False,family,Mondrian-similarity,random_2,random,random_forest
Polyphosphazenes,27,0.8888888888888888,-0.011111111111111183,154.87712370370377,True,family,Mondrian-similarity,random_2,random,random_forest
Polyacrylics,126,0.8968253968253969,-0.0031746031746031633,132.32957333333349,True,family,Mondrian-similarity,random_2,random,random_forest
Polyhalo-olefins,10,0.9,0.0,185.703378,True,family,Mondrian-similarity,random_2,random,random_forest
Polyimides,334,0.9041916167664671,0.004191616766467066,121.17950239520985,True,family,Mondrian-similarity,random_2,random,random_forest
Polyamides,190,0.9105263157894737,0.010526315789473717,126.3400462105266,True,family,Mondrian-similarity,random_2,random,random_forest
Polystyrenes,50,0.92,0.020000000000000018,143.55005360000013,True,family,Mondrian-similarity,random_2,random,random_forest
Polyethers,145,0.9310344827586207,0.03103448275862064,137.41835420689674,True,family,Mondrian-similarity,random_2,random,random_forest
Polyesters,181,0.9337016574585635,0.03370165745856346,129.0667582320444,True,family,Mondrian-similarity,random_2,random,random_forest
Polyvinyls,49,0.9591836734693877,0.05918367346938769,152.31013673469397,True,family,Mondrian-similarity,random_2,random,random_forest
Polyanhydrides,14,1.0,0.09999999999999998,140.4640071428573,True,family,Mondrian-similarity,random_2,random,random_forest
Polycarbonates,20,1.0,0.09999999999999998,135.19518500000018,True,family,Mondrian-similarity,random_2,random,random_forest
2,146,0.7534246575342466,-0.14657534246575343,135.72776465753424,True,similarity,Mondrian-family,random_2,random,random_forest
0,37,0.7567567567567568,-0.14324324324324322,142.58860594594597,True,similarity,Mondrian-family,random_2,random,random_forest
1,84,0.7619047619047619,-0.13809523809523816,135.29036666666664,True,similarity,Mondrian-family,random_2,random,random_forest
3,241,0.8423236514522822,-0.05767634854771786,128.5471276348548,True,similarity,Mondrian-family,random_2,random,random_forest
4,265,0.8905660377358491,-0.009433962264150941,128.60580264150946,True,similarity,Mondrian-family,random_2,random,random_forest
5,662,0.9561933534743202,0.056193353474320196,127.68399033232632,True,similarity,Mondrian-family,random_2,random,random_forest
Polyimines,6,0.6666666666666666,-0.2333333333333334,128.2098,False,family,Mondrian-family,random_2,random,random_forest
Polyhalo-olefins,10,0.7,-0.20000000000000007,128.20980000000003,True,family,Mondrian-family,random_2,random,random_forest
Polyureas,4,0.75,-0.15000000000000002,128.20980000000003,False,family,Mondrian-family,random_2,random,random_forest
Polydienes,17,0.7647058823529411,-0.1352941176470589,128.2098,True,family,Mondrian-family,random_2,random,random_forest
Polyethers,145,0.8137931034482758,-0.0862068965517242,96.75190000000002,True,family,Mondrian-family,random_2,random,random_forest
Polyolefins,35,0.8285714285714286,-0.0714285714285714,143.69140000000002,True,family,Mondrian-family,random_2,random,random_forest
Polyacrylics,126,0.8492063492063492,-0.050793650793650835,117.225,True,family,Mondrian-family,random_2,random,random_forest
Polystyrenes,50,0.86,-0.040000000000000036,140.5168,True,family,Mondrian-family,random_2,random,random_forest
Polyamides,190,0.8736842105263158,-0.02631578947368418,107.51050000000009,True,family,Mondrian-family,random_2,random,random_forest
Polyvinyls,49,0.8775510204081632,-0.022448979591836782,97.38300000000001,True,family,Mondrian-family,random_2,random,random_forest
Polyphenylenes,101,0.8811881188118812,-0.01881188118811883,201.93026,True,family,Mondrian-family,random_2,random,random_forest
Polysulfides,9,0.8888888888888888,-0.011111111111111183,128.20979999999997,False,family,Mondrian-family,random_2,random,random_forest
Polyphosphazenes,27,0.8888888888888888,-0.011111111111111183,175.90440000000015,True,family,Mondrian-family,random_2,random,random_forest
Polyurethanes,39,0.8974358974358975,-0.002564102564102555,145.79403999999997,True,family,Mondrian-family,random_2,random,random_forest
Polycarbonates,20,0.9,0.0,128.20980000000003,True,family,Mondrian-family,random_2,random,random_forest
Polysulfones,42,0.9047619047619048,0.004761904761904745,146.19459999999992,True,family,Mondrian-family,random_2,random,random_forest
Polyesters,181,0.9226519337016574,0.022651933701657412,128.04440000000002,True,family,Mondrian-family,random_2,random,random_forest
Polyimides,334,0.9341317365269461,0.03413173652694612,130.28560000000004,True,family,Mondrian-family,random_2,random,random_forest
Polyanhydrides,14,1.0,0.09999999999999998,128.20980000000003,True,family,Mondrian-family,random_2,random,random_forest
Polysiloxanes,36,1.0,0.09999999999999998,168.6588,True,family,Mondrian-family,random_2,random,random_forest
1,84,0.75,-0.15000000000000002,169.75757115709087,True,similarity,Normalised SCP,random_2,random,random_forest
2,146,0.7876712328767124,-0.11232876712328765,150.5726046605531,True,similarity,Normalised SCP,random_2,random,random_forest
3,241,0.8755186721991701,-0.0244813278008299,139.75442816528872,True,similarity,Normalised SCP,random_2,random,random_forest
4,265,0.8867924528301887,-0.013207547169811318,128.64186202517504,True,similarity,Normalised SCP,random_2,random,random_forest
0,37,0.8918918918918919,-0.008108108108108136,187.6366287576281,True,similarity,Normalised SCP,random_2,random,random_forest
5,662,0.9093655589123867,0.009365558912386662,106.03232805931118,True,similarity,Normalised SCP,random_2,random,random_forest
Polyimines,6,0.6666666666666666,-0.2333333333333334,105.04523347260495,False,family,Normalised SCP,random_2,random,random_forest
Polyureas,4,0.75,-0.15000000000000002,133.76603246003347,False,family,Normalised SCP,random_2,random,random_forest
Polydienes,17,0.7647058823529411,-0.1352941176470589,205.91702708791388,True,family,Normalised SCP,random_2,random,random_forest
Polyphenylenes,101,0.801980198019802,-0.098019801980198,148.7896038617379,True,family,Normalised SCP,random_2,random,random_forest
Polyurethanes,39,0.8205128205128205,-0.07948717948717954,109.76596954621665,True,family,Normalised SCP,random_2,random,random_forest
Polyacrylics,126,0.873015873015873,-0.026984126984127,124.6148385857118,True,family,Normalised SCP,random_2,random,random_forest
Polyamides,190,0.8736842105263158,-0.02631578947368418,99.05845584730763,True,family,Normalised SCP,random_2,random,random_forest
Polyethers,145,0.8758620689655172,-0.024137931034482807,124.83447264166554,True,family,Normalised SCP,random_2,random,random_forest
Polyesters,181,0.8784530386740331,-0.021546961325966896,112.82285445978418,True,family,Normalised SCP,random_2,random,random_forest
Polyolefins,35,0.8857142857142857,-0.014285714285714346,186.70069019097687,True,family,Normalised SCP,random_2,random,random_forest
Polysulfides,9,0.8888888888888888,-0.011111111111111183,156.91110794183064,False,family,Normalised SCP,random_2,random,random_forest
Polysiloxanes,36,0.8888888888888888,-0.011111111111111183,147.02567586284493,True,family,Normalised SCP,random_2,random,random_forest
Polyimides,334,0.8922155688622755,-0.0077844311377245345,116.36269197900793,True,family,Normalised SCP,random_2,random,random_forest
Polycarbonates,20,0.9,0.0,128.5898736373909,True,family,Normalised SCP,random_2,random,random_forest
Polystyrenes,50,0.9,0.0,144.80687706689662,True,family,Normalised SCP,random_2,random,random_forest
Polysulfones,42,0.9047619047619048,0.004761904761904745,147.73539536851845,True,family,Normalised SCP,random_2,random,random_forest
Polyvinyls,49,0.9183673469387755,0.01836734693877551,125.25449913449121,True,family,Normalised SCP,random_2,random,random_forest
Polyphosphazenes,27,0.9259259259259259,0.025925925925925908,189.07536652695183,True,family,Normalised SCP,random_2,random,random_forest
Polyanhydrides,14,1.0,0.09999999999999998,135.71606421463488,True,family,Normalised SCP,random_2,random,random_forest
Polyhalo-olefins,10,1.0,0.09999999999999998,286.66983002749333,True,family,Normalised SCP,random_2,random,random_forest
1,84,0.6071428571428571,-0.2928571428571429,116.09750151279293,True,similarity,SCP,random_2,random,hist_gbr
0,37,0.6486486486486487,-0.25135135135135134,116.09750151279292,True,similarity,SCP,random_2,random,hist_gbr
2,146,0.7191780821917808,-0.1808219178082192,116.09750151279292,True,similarity,SCP,random_2,random,hist_gbr
3,241,0.8589211618257261,-0.041078838174273935,116.09750151279289,True,similarity,SCP,random_2,random,hist_gbr
4,265,0.8981132075471698,-0.0018867924528301883,116.0975015127929,True,similarity,SCP,random_2,random,hist_gbr
5,662,0.9516616314199395,0.05166163141993951,116.0975015127929,True,similarity,SCP,random_2,random,hist_gbr
Polyhalo-olefins,10,0.6,-0.30000000000000004,116.0975015127929,True,family,SCP,random_2,random,hist_gbr
Polydienes,17,0.6470588235294118,-0.2529411764705882,116.09750151279292,True,family,SCP,random_2,random,hist_gbr
Polyimines,6,0.6666666666666666,-0.2333333333333334,116.0975015127929,False,family,SCP,random_2,random,hist_gbr
Polyolefins,35,0.7142857142857143,-0.18571428571428572,116.09750151279292,True,family,SCP,random_2,random,hist_gbr
Polyureas,4,0.75,-0.15000000000000002,116.09750151279292,False,family,SCP,random_2,random,hist_gbr
Polyphosphazenes,27,0.7777777777777778,-0.12222222222222223,116.09750151279292,True,family,SCP,random_2,random,hist_gbr
Polyphenylenes,101,0.801980198019802,-0.098019801980198,116.09750151279292,True,family,SCP,random_2,random,hist_gbr
Polystyrenes,50,0.82,-0.08000000000000007,116.09750151279292,True,family,SCP,random_2,random,hist_gbr
Polyethers,145,0.8620689655172413,-0.037931034482758696,116.0975015127929,True,family,SCP,random_2,random,hist_gbr
Polyurethanes,39,0.8717948717948718,-0.028205128205128216,116.09750151279295,True,family,SCP,random_2,random,hist_gbr
Polyacrylics,126,0.873015873015873,-0.026984126984127,116.09750151279292,True,family,SCP,random_2,random,hist_gbr
Polysulfones,42,0.8809523809523809,-0.01904761904761909,116.09750151279293,True,family,SCP,random_2,random,hist_gbr
Polysiloxanes,36,0.8888888888888888,-0.011111111111111183,116.09750151279292,True,family,SCP,random_2,random,hist_gbr
Polyesters,181,0.9005524861878453,0.0005524861878453136,116.0975015127929,True,family,SCP,random_2,random,hist_gbr
Polyamides,190,0.9052631578947369,0.0052631578947368585,116.09750151279292,True,family,SCP,random_2,random,hist_gbr
Polyimides,334,0.9101796407185628,0.01017964071856281,116.09750151279292,True,family,SCP,random_2,random,hist_gbr
Polyvinyls,49,0.9183673469387755,0.01836734693877551,116.0975015127929,True,family,SCP,random_2,random,hist_gbr
Polyanhydrides,14,0.9285714285714286,0.02857142857142858,116.09750151279289,True,family,SCP,random_2,random,hist_gbr
Polycarbonates,20,0.95,0.04999999999999993,116.0975015127929,True,family,SCP,random_2,random,hist_gbr
Polysulfides,9,1.0,0.09999999999999998,116.09750151279292,False,family,SCP,random_2,random,hist_gbr
2,146,0.8356164383561644,-0.06438356164383563,147.2660944332024,True,similarity,Mondrian-similarity,random_2,random,hist_gbr
1,84,0.8571428571428571,-0.04285714285714293,165.8526393428091,True,similarity,Mondrian-similarity,random_2,random,hist_gbr
4,265,0.8716981132075472,-0.028301886792452824,101.12582810864579,True,similarity,Mondrian-similarity,random_2,random,hist_gbr
0,37,0.8918918918918919,-0.008108108108108136,195.7404074809089,True,similarity,Mondrian-similarity,random_2,random,hist_gbr
3,241,0.9294605809128631,0.029460580912863077,156.22626894259056,True,similarity,Mondrian-similarity,random_2,random,hist_gbr
5,662,0.9305135951661632,0.030513595166163143,98.13013610813275,True,similarity,Mondrian-similarity,random_2,random,hist_gbr
Polyureas,4,0.75,-0.15000000000000002,135.56561653272246,False,family,Mondrian-similarity,random_2,random,hist_gbr
Polydienes,17,0.7647058823529411,-0.1352941176470589,158.3570654613964,True,family,Mondrian-similarity,random_2,random,hist_gbr
Polyimines,6,0.8333333333333334,-0.06666666666666665,120.59775478657828,False,family,Mondrian-similarity,random_2,random,hist_gbr
Polyphenylenes,101,0.8415841584158416,-0.05841584158415847,130.77143424095289,True,family,Mondrian-similarity,random_2,random,hist_gbr
Polyolefins,35,0.8571428571428571,-0.04285714285714293,142.7110057377874,True,family,Mondrian-similarity,random_2,random,hist_gbr
Polysiloxanes,36,0.8611111111111112,-0.03888888888888886,117.59830099719969,True,family,Mondrian-similarity,random_2,random,hist_gbr
Polyphosphazenes,27,0.8888888888888888,-0.011111111111111183,143.34228389070626,True,family,Mondrian-similarity,random_2,random,hist_gbr
Polysulfides,9,0.8888888888888888,-0.011111111111111183,139.07461214274178,False,family,Mondrian-similarity,random_2,random,hist_gbr
Polyethers,145,0.896551724137931,-0.0034482758620689724,123.40556924823619,True,family,Mondrian-similarity,random_2,random,hist_gbr
Polyhalo-olefins,10,0.9,0.0,169.176386722274,True,family,Mondrian-similarity,random_2,random,hist_gbr
Polystyrenes,50,0.9,0.0,132.29958583767643,True,family,Mondrian-similarity,random_2,random,hist_gbr
Polyesters,181,0.9005524861878453,0.0005524861878453136,116.33420973675098,True,family,Mondrian-similarity,random_2,random,hist_gbr
Polysulfones,42,0.9047619047619048,0.004761904761904745,118.22491058879443,True,family,Mondrian-similarity,random_2,random,hist_gbr
Polyimides,334,0.907185628742515,0.007185628742514938,108.21875734742976,True,family,Mondrian-similarity,random_2,random,hist_gbr
Polyacrylics,126,0.9206349206349206,0.02063492063492056,120.5276141960021,True,family,Mondrian-similarity,random_2,random,hist_gbr
Polyurethanes,39,0.9230769230769231,0.023076923076923106,120.8177131824494,True,family,Mondrian-similarity,random_2,random,hist_gbr
Polyamides,190,0.9315789473684211,0.03157894736842104,112.23885344875862,True,family,Mondrian-similarity,random_2,random,hist_gbr
Polycarbonates,20,0.95,0.04999999999999993,122.66445537632828,True,family,Mondrian-similarity,random_2,random,hist_gbr
Polyanhydrides,14,1.0,0.09999999999999998,128.72286264144455,True,family,Mondrian-similarity,random_2,random,hist_gbr
Polyvinyls,49,1.0,0.09999999999999998,137.2041909282505,True,family,Mondrian-similarity,random_2,random,hist_gbr
0,37,0.6756756756756757,-0.22432432432432436,131.99323027612567,True,similarity,Mondrian-family,random_2,random,hist_gbr
1,84,0.6785714285714286,-0.22142857142857142,129.81957917711932,True,similarity,Mondrian-family,random_2,random,hist_gbr
2,146,0.7397260273972602,-0.1602739726027398,126.96711938010701,True,similarity,Mondrian-family,random_2,random,hist_gbr
3,241,0.8506224066390041,-0.0493775933609959,118.7798386456076,True,similarity,Mondrian-family,random_2,random,hist_gbr
4,265,0.909433962264151,0.009433962264150941,119.88487015204899,True,similarity,Mondrian-family,random_2,random,hist_gbr
5,662,0.9577039274924471,0.05770392749244713,121.01865052694882,True,similarity,Mondrian-family,random_2,random,hist_gbr
Polyhalo-olefins,10,0.6,-0.30000000000000004,116.0975015127929,True,family,Mondrian-family,random_2,random,hist_gbr
Polydienes,17,0.6470588235294118,-0.2529411764705882,116.09750151279292,True,family,Mondrian-family,random_2,random,hist_gbr
Polyimines,6,0.6666666666666666,-0.2333333333333334,116.0975015127929,False,family,Mondrian-family,random_2,random,hist_gbr
Polyureas,4,0.75,-0.15000000000000002,116.09750151279292,False,family,Mondrian-family,random_2,random,hist_gbr
Polyphosphazenes,27,0.7777777777777778,-0.12222222222222223,109.10920560194619,True,family,Mondrian-family,random_2,random,hist_gbr
Polystyrenes,50,0.78,-0.12,99.6164896342588,True,family,Mondrian-family,random_2,random,hist_gbr
Polyolefins,35,0.8285714285714286,-0.0714285714285714,147.30412204436865,True,family,Mondrian-family,random_2,random,hist_gbr
Polyethers,145,0.8620689655172413,-0.037931034482758696,107.18683798891429,True,family,Mondrian-family,random_2,random,hist_gbr
Polyurethanes,39,0.8717948717948718,-0.028205128205128216,102.22699060199137,True,family,Mondrian-family,random_2,random,hist_gbr
Polyacrylics,126,0.873015873015873,-0.026984126984127,116.09750151279292,True,family,Mondrian-family,random_2,random,hist_gbr
Polyvinyls,49,0.8775510204081632,-0.022448979591836782,102.78559514357993,True,family,Mondrian-family,random_2,random,hist_gbr
Polysulfones,42,0.8809523809523809,-0.01904761904761909,108.13145289343993,True,family,Mondrian-family,random_2,random,hist_gbr
Polyphenylenes,101,0.8910891089108911,-0.008910891089108919,195.74040748090883,True,family,Mondrian-family,random_2,random,hist_gbr
Polyamides,190,0.8947368421052632,-0.0052631578947368585,105.68259018579712,True,family,Mondrian-family,random_2,random,hist_gbr
Polyesters,181,0.9116022099447514,0.011602209944751363,122.08656935464202,True,family,Mondrian-family,random_2,random,hist_gbr
Polyimides,334,0.9191616766467066,0.019161676646706538,119.20562245501743,True,family,Mondrian-family,random_2,random,hist_gbr
Polyanhydrides,14,0.9285714285714286,0.02857142857142858,116.09750151279289,True,family,Mondrian-family,random_2,random,hist_gbr
Polycarbonates,20,0.95,0.04999999999999993,116.0975015127929,True,family,Mondrian-family,random_2,random,hist_gbr
Polysiloxanes,36,0.9722222222222222,0.07222222222222219,193.56360465810252,True,family,Mondrian-family,random_2,random,hist_gbr
Polysulfides,9,1.0,0.09999999999999998,116.09750151279292,False,family,Mondrian-family,random_2,random,hist_gbr
1,84,0.7857142857142857,-0.11428571428571432,159.087899362324,True,similarity,Normalised SCP,random_2,random,hist_gbr
2,146,0.8082191780821918,-0.09178082191780823,139.9532657603469,True,similarity,Normalised SCP,random_2,random,hist_gbr
0,37,0.8648648648648649,-0.03513513513513511,174.52114627118405,True,similarity,Normalised SCP,random_2,random,hist_gbr
3,241,0.8962655601659751,-0.003734439834024883,131.78759765175036,True,similarity,Normalised SCP,random_2,random,hist_gbr
4,265,0.909433962264151,0.009433962264150941,126.17134973032142,True,similarity,Normalised SCP,random_2,random,hist_gbr
5,662,0.9365558912386707,0.036555891238670646,104.94715692460697,True,similarity,Normalised SCP,random_2,random,hist_gbr
Polyimines,6,0.5,-0.4,101.25668946707106,False,family,Normalised SCP,random_2,random,hist_gbr
Polyureas,4,0.75,-0.15000000000000002,128.17498588416063,False,family,Normalised SCP,random_2,random,hist_gbr
Polydienes,17,0.7647058823529411,-0.1352941176470589,166.06977933311114,True,family,Normalised SCP,random_2,random,hist_gbr
Polysulfides,9,0.7777777777777778,-0.12222222222222223,131.3492345344263,False,family,Normalised SCP,random_2,random,hist_gbr
Polysiloxanes,36,0.8611111111111112,-0.03888888888888886,122.58358275900976,True,family,Normalised SCP,random_2,random,hist_gbr
Polyesters,181,0.8674033149171271,-0.032596685082872945,114.90777077457359,True,family,Normalised SCP,random_2,random,hist_gbr
Polyphenylenes,101,0.8712871287128713,-0.02871287128712874,147.23073956578182,True,family,Normalised SCP,random_2,random,hist_gbr
Polyphosphazenes,27,0.8888888888888888,-0.011111111111111183,148.978907896804,True,family,Normalised SCP,random_2,random,hist_gbr
Polyethers,145,0.8896551724137931,-0.010344827586206917,117.18897199507776,True,family,Normalised SCP,random_2,random,hist_gbr
Polystyrenes,50,0.9,0.0,128.9082887697795,True,family,Normalised SCP,random_2,random,hist_gbr
Polyamides,190,0.9105263157894737,0.010526315789473717,105.49992623453197,True,family,Normalised SCP,random_2,random,hist_gbr
Polyacrylics,126,0.9126984126984127,0.012698412698412653,119.79832430295778,True,family,Normalised SCP,random_2,random,hist_gbr
Polyolefins,35,0.9142857142857143,0.014285714285714235,147.37550722943774,True,family,Normalised SCP,random_2,random,hist_gbr
Polyimides,334,0.9191616766467066,0.019161676646706538,116.94305782511161,True,family,Normalised SCP,random_2,random,hist_gbr
Polysulfones,42,0.9285714285714286,0.02857142857142858,128.714027079354,True,family,Normalised SCP,random_2,random,hist_gbr
Polyurethanes,39,0.9487179487179487,0.048717948717948656,110.87785239882535,True,family,Normalised SCP,random_2,random,hist_gbr
Polycarbonates,20,0.95,0.04999999999999993,129.17723841326284,True,family,Normalised SCP,random_2,random,hist_gbr
Polyvinyls,49,0.9591836734693877,0.05918367346938769,123.90409591631018,True,family,Normalised SCP,random_2,random,hist_gbr
Polyanhydrides,14,1.0,0.09999999999999998,121.5801111180659,True,family,Normalised SCP,random_2,random,hist_gbr
Polyhalo-olefins,10,1.0,0.09999999999999998,281.37525216538296,True,family,Normalised SCP,random_2,random,hist_gbr
1,84,0.7261904761904762,-0.17380952380952386,125.01956000000011,True,similarity,SCP,random_2,random,extra_trees
0,37,0.7297297297297297,-0.1702702702702703,125.01956000000003,True,similarity,SCP,random_2,random,extra_trees
2,146,0.7328767123287672,-0.16712328767123286,125.01956000000008,True,similarity,SCP,random_2,random,extra_trees
3,241,0.8796680497925311,-0.02033195020746892,125.0195600000001,True,similarity,SCP,random_2,random,extra_trees
4,265,0.9132075471698113,0.013207547169811318,125.01956000000008,True,similarity,SCP,random_2,random,extra_trees
5,662,0.9546827794561934,0.054682779456193376,125.01956000000011,True,similarity,SCP,random_2,random,extra_trees
Polydienes,17,0.6470588235294118,-0.2529411764705882,125.01956000000007,True,family,SCP,random_2,random,extra_trees
Polyimines,6,0.6666666666666666,-0.2333333333333334,125.01956000000007,False,family,SCP,random_2,random,extra_trees
Polyhalo-olefins,10,0.7,-0.20000000000000007,125.01956000000004,True,family,SCP,random_2,random,extra_trees
Polyureas,4,0.75,-0.15000000000000002,125.01956000000007,False,family,SCP,random_2,random,extra_trees
Polyolefins,35,0.7714285714285715,-0.12857142857142856,125.01956000000004,True,family,SCP,random_2,random,extra_trees
Polyphosphazenes,27,0.7777777777777778,-0.12222222222222223,125.01956000000008,True,family,SCP,random_2,random,extra_trees
Polyphenylenes,101,0.8316831683168316,-0.06831683168316838,125.01956000000014,True,family,SCP,random_2,random,extra_trees
Polysiloxanes,36,0.8333333333333334,-0.06666666666666665,125.01956000000003,True,family,SCP,random_2,random,extra_trees
Polystyrenes,50,0.84,-0.06000000000000005,125.01956000000006,True,family,SCP,random_2,random,extra_trees
Polyurethanes,39,0.8461538461538461,-0.05384615384615388,125.01956000000001,True,family,SCP,random_2,random,extra_trees
Polyacrylics,126,0.8888888888888888,-0.011111111111111183,125.01956000000011,True,family,SCP,random_2,random,extra_trees
Polyethers,145,0.903448275862069,0.0034482758620689724,125.01956000000008,True,family,SCP,random_2,random,extra_trees
Polysulfones,42,0.9047619047619048,0.004761904761904745,125.01956000000006,True,family,SCP,random_2,random,extra_trees
Polyimides,334,0.9161676646706587,0.016167664670658666,125.01956000000011,True,family,SCP,random_2,random,extra_trees
Polyvinyls,49,0.9183673469387755,0.01836734693877551,125.01956000000007,True,family,SCP,random_2,random,extra_trees
Polyamides,190,0.9263157894736842,0.02631578947368418,125.0195600000001,True,family,SCP,random_2,random,extra_trees
Polyesters,181,0.9281767955801105,0.028176795580110436,125.01956000000011,True,family,SCP,random_2,random,extra_trees
Polysulfides,9,1.0,0.09999999999999998,125.01956000000008,False,family,SCP,random_2,random,extra_trees
Polyanhydrides,14,1.0,0.09999999999999998,125.01956000000007,True,family,SCP,random_2,random,extra_trees
Polycarbonates,20,1.0,0.09999999999999998,125.0195600000001,True,family,SCP,random_2,random,extra_trees
2,146,0.8356164383561644,-0.06438356164383563,146.8087999999999,True,similarity,Mondrian-similarity,random_2,random,extra_trees
1,84,0.8809523809523809,-0.01904761904761909,186.94368000000006,True,similarity,Mondrian-similarity,random_2,random,extra_trees
4,265,0.8905660377358491,-0.009433962264150941,107.9763799999999,True,similarity,Mondrian-similarity,random_2,random,extra_trees
5,662,0.9018126888217523,0.0018126888217522286,94.39760000000003,True,similarity,Mondrian-similarity,random_2,random,extra_trees
3,241,0.9128630705394191,0.012863070539419041,146.0584800000001,True,similarity,Mondrian-similarity,random_2,random,extra_trees
0,37,0.918918918918919,0.018918918918918948,206.14995999999994,True,similarity,Mondrian-similarity,random_2,random,extra_trees
Polydienes,17,0.7058823529411765,-0.1941176470588235,165.94634000000002,True,family,Mondrian-similarity,random_2,random,extra_trees
Polyureas,4,0.75,-0.15000000000000002,138.83318499999996,False,family,Mondrian-similarity,random_2,random,extra_trees
Polyphenylenes,101,0.8118811881188119,-0.08811881188118809,132.64890158415844,True,family,Mondrian-similarity,random_2,random,extra_trees
Polyurethanes,39,0.8205128205128205,-0.07948717948717954,121.1678092307692,True,family,Mondrian-similarity,random_2,random,extra_trees
Polyimines,6,0.8333333333333334,-0.06666666666666665,125.22148333333331,False,family,Mondrian-similarity,random_2,random,extra_trees
Polysiloxanes,36,0.8333333333333334,-0.06666666666666665,114.52287722222223,True,family,Mondrian-similarity,random_2,random,extra_trees
Polyphosphazenes,27,0.8518518518518519,-0.04814814814814816,139.7474,True,family,Mondrian-similarity,random_2,random,extra_trees
Polyolefins,35,0.8571428571428571,-0.04285714285714293,149.12705371428575,True,family,Mondrian-similarity,random_2,random,extra_trees
Polystyrenes,50,0.88,-0.020000000000000018,130.73765279999998,True,family,Mondrian-similarity,random_2,random,extra_trees
Polyacrylics,126,0.8809523809523809,-0.01904761904761909,118.5229892063492,True,family,Mondrian-similarity,random_2,random,extra_trees
Polysulfones,42,0.8809523809523809,-0.01904761904761909,116.02984047619046,True,family,Mondrian-similarity,random_2,random,extra_trees
Polyhalo-olefins,10,0.9,0.0,176.50154799999999,True,family,Mondrian-similarity,random_2,random,extra_trees
Polyesters,181,0.9005524861878453,0.0005524861878453136,115.18886176795581,True,family,Mondrian-similarity,random_2,random,extra_trees
Polyimides,334,0.9011976047904192,0.0011976047904191933,106.86253473053891,True,family,Mondrian-similarity,random_2,random,extra_trees
Polyethers,145,0.9103448275862069,0.010344827586206917,122.25022813793105,True,family,Mondrian-similarity,random_2,random,extra_trees
Polyamides,190,0.9368421052631579,0.0368421052631579,110.39582378947368,True,family,Mondrian-similarity,random_2,random,extra_trees
Polyvinyls,49,0.9795918367346939,0.07959183673469383,138.25283836734692,True,family,Mondrian-similarity,random_2,random,extra_trees
Polysulfides,9,1.0,0.09999999999999998,147.94612,False,family,Mondrian-similarity,random_2,random,extra_trees
Polyanhydrides,14,1.0,0.09999999999999998,131.05977285714283,True,family,Mondrian-similarity,random_2,random,extra_trees
Polycarbonates,20,1.0,0.09999999999999998,120.55577500000001,True,family,Mondrian-similarity,random_2,random,extra_trees
1,84,0.7261904761904762,-0.17380952380952386,135.30127714285717,True,similarity,Mondrian-family,random_2,random,extra_trees
2,146,0.773972602739726,-0.126027397260274,134.0627641095891,True,similarity,Mondrian-family,random_2,random,extra_trees
0,37,0.7837837837837838,-0.11621621621621625,139.875292972973,True,similarity,Mondrian-family,random_2,random,extra_trees
3,241,0.8506224066390041,-0.0493775933609959,124.66335858921163,True,similarity,Mondrian-family,random_2,random,extra_trees
4,265,0.9132075471698113,0.013207547169811318,124.46835449056604,True,similarity,Mondrian-family,random_2,random,extra_trees
5,662,0.9516616314199395,0.05166163141993951,123.22035749244715,True,similarity,Mondrian-family,random_2,random,extra_trees
Polydienes,17,0.6470588235294118,-0.2529411764705882,125.01956000000007,True,family,Mondrian-family,random_2,random,extra_trees
Polyimines,6,0.6666666666666666,-0.2333333333333334,125.01956000000007,False,family,Mondrian-family,random_2,random,extra_trees
Polyhalo-olefins,10,0.7,-0.20000000000000007,125.01956000000004,True,family,Mondrian-family,random_2,random,extra_trees
Polyureas,4,0.75,-0.15000000000000002,125.01956000000007,False,family,Mondrian-family,random_2,random,extra_trees
Polyurethanes,39,0.7692307692307693,-0.13076923076923075,92.13200000000006,True,family,Mondrian-family,random_2,random,extra_trees
Polyethers,145,0.8275862068965517,-0.07241379310344831,95.36199999999997,True,family,Mondrian-family,random_2,random,extra_trees
Polystyrenes,50,0.84,-0.06000000000000005,140.40920000000048,True,family,Mondrian-family,random_2,random,extra_trees
Polyacrylics,126,0.8650793650793651,-0.03492063492063491,116.558,True,family,Mondrian-family,random_2,random,extra_trees
Polyvinyls,49,0.8775510204081632,-0.022448979591836782,100.29239999999986,True,family,Mondrian-family,random_2,random,extra_trees
Polyamides,190,0.8789473684210526,-0.021052631578947434,94.95199999999998,True,family,Mondrian-family,random_2,random,extra_trees
Polyolefins,35,0.8857142857142857,-0.014285714285714346,162.21259999999998,True,family,Mondrian-family,random_2,random,extra_trees
Polyphenylenes,101,0.9207920792079208,0.02079207920792081,206.1499599999999,True,family,Mondrian-family,random_2,random,extra_trees
Polyimides,334,0.9251497005988024,0.025149700598802394,129.29436000000004,True,family,Mondrian-family,random_2,random,extra_trees
Polyphosphazenes,27,0.9259259259259259,0.025925925925925908,173.501,True,family,Mondrian-family,random_2,random,extra_trees
Polysulfones,42,0.9285714285714286,0.02857142857142858,130.07180000000002,True,family,Mondrian-family,random_2,random,extra_trees
Polyesters,181,0.9337016574585635,0.03370165745856346,129.15689999999998,True,family,Mondrian-family,random_2,random,extra_trees
Polysiloxanes,36,0.9722222222222222,0.07222222222222219,150.60260000000002,True,family,Mondrian-family,random_2,random,extra_trees
Polysulfides,9,1.0,0.09999999999999998,125.01956000000008,False,family,Mondrian-family,random_2,random,extra_trees
Polyanhydrides,14,1.0,0.09999999999999998,125.01956000000007,True,family,Mondrian-family,random_2,random,extra_trees
Polycarbonates,20,1.0,0.09999999999999998,125.0195600000001,True,family,Mondrian-family,random_2,random,extra_trees
2,146,0.7602739726027398,-0.13972602739726026,144.79587896875955,True,similarity,Normalised SCP,random_2,random,extra_trees
1,84,0.8214285714285714,-0.07857142857142863,162.27706011374235,True,similarity,Normalised SCP,random_2,random,extra_trees
0,37,0.8648648648648649,-0.03513513513513511,180.894110616301,True,similarity,Normalised SCP,random_2,random,extra_trees
3,241,0.8713692946058091,-0.02863070539419088,134.93922100135035,True,similarity,Normalised SCP,random_2,random,extra_trees
4,265,0.9056603773584906,0.005660377358490565,124.74731410793663,True,similarity,Normalised SCP,random_2,random,extra_trees
5,662,0.9259818731117825,0.02598187311178246,103.34242897095116,True,similarity,Normalised SCP,random_2,random,extra_trees
Polyimines,6,0.6666666666666666,-0.2333333333333334,103.98215117283148,False,family,Normalised SCP,random_2,random,extra_trees
Polyureas,4,0.75,-0.15000000000000002,131.61215188575477,False,family,Normalised SCP,random_2,random,extra_trees
Polydienes,17,0.7647058823529411,-0.1352941176470589,183.79372248893304,True,family,Normalised SCP,random_2,random,extra_trees
Polysiloxanes,36,0.8055555555555556,-0.09444444444444444,123.58697715865628,True,family,Normalised SCP,random_2,random,extra_trees
Polyurethanes,39,0.8205128205128205,-0.07948717948717954,115.23477094828151,True,family,Normalised SCP,random_2,random,extra_trees
Polyphenylenes,101,0.8514851485148515,-0.04851485148514856,147.96983331946376,True,family,Normalised SCP,random_2,random,extra_trees
Polyphosphazenes,27,0.8518518518518519,-0.04814814814814816,154.1271040883047,True,family,Normalised SCP,random_2,random,extra_trees
Polyacrylics,126,0.8650793650793651,-0.03492063492063491,122.66173514138113,True,family,Normalised SCP,random_2,random,extra_trees
Polyesters,181,0.8784530386740331,-0.021546961325966896,110.80141609974079,True,family,Normalised SCP,random_2,random,extra_trees
Polyethers,145,0.8896551724137931,-0.010344827586206917,116.80537604436154,True,family,Normalised SCP,random_2,random,extra_trees
Polyimides,334,0.8982035928143712,-0.00179640718562879,116.29736967190098,True,family,Normalised SCP,random_2,random,extra_trees
Polysulfones,42,0.9047619047619048,0.004761904761904745,131.3929342443255,True,family,Normalised SCP,random_2,random,extra_trees
Polyolefins,35,0.9142857142857143,0.014285714285714235,182.06826431999704,True,family,Normalised SCP,random_2,random,extra_trees
Polyamides,190,0.9157894736842105,0.015789473684210464,96.45563752974141,True,family,Normalised SCP,random_2,random,extra_trees
Polystyrenes,50,0.92,0.020000000000000018,149.90081203214305,True,family,Normalised SCP,random_2,random,extra_trees
Polyvinyls,49,0.9387755102040817,0.038775510204081653,119.73385185372273,True,family,Normalised SCP,random_2,random,extra_trees
Polycarbonates,20,0.95,0.04999999999999993,118.9864674096466,True,family,Normalised SCP,random_2,random,extra_trees
Polyanhydrides,14,1.0,0.09999999999999998,115.56567557415029,True,family,Normalised SCP,random_2,random,extra_trees
Polyhalo-olefins,10,1.0,0.09999999999999998,284.6672451497499,True,family,Normalised SCP,random_2,random,extra_trees
Polysulfides,9,1.0,0.09999999999999998,157.42275269590664,False,family,Normalised SCP,random_2,random,extra_trees
3,217,0.8847926267281107,-0.015207373271889368,368.0,True,similarity,SCP,random_3,random,median
4,301,0.893687707641196,-0.006312292358804039,368.0,True,similarity,SCP,random_3,random,median
5,654,0.9051987767584098,0.00519877675840974,368.0,True,similarity,SCP,random_3,random,median
1,79,0.9113924050632911,0.011392405063291089,368.0,True,similarity,SCP,random_3,random,median
0,45,0.9333333333333333,0.033333333333333326,368.0,True,similarity,SCP,random_3,random,median
2,139,0.935251798561151,0.035251798561151015,368.0,True,similarity,SCP,random_3,random,median
Polyphosphazenes,29,0.6551724137931034,-0.2448275862068966,368.0,True,family,SCP,random_3,random,median
Polysiloxanes,41,0.6585365853658537,-0.24146341463414633,368.0,True,family,SCP,random_3,random,median
Polyolefins,27,0.7777777777777778,-0.12222222222222223,368.0,True,family,SCP,random_3,random,median
Polyphenylenes,83,0.8192771084337349,-0.08072289156626511,368.0,True,family,SCP,random_3,random,median
Polyimides,330,0.8333333333333334,-0.06666666666666665,368.0,True,family,SCP,random_3,random,median
Polydienes,22,0.8636363636363636,-0.036363636363636376,368.0,True,family,SCP,random_3,random,median
Polyethers,155,0.9032258064516129,0.003225806451612856,368.0,True,family,SCP,random_3,random,median
Polyesters,168,0.9523809523809523,0.052380952380952306,368.0,True,family,SCP,random_3,random,median
Polyacrylics,129,0.9689922480620154,0.06899224806201543,368.0,True,family,SCP,random_3,random,median
Polyamides,208,0.9759615384615384,0.07596153846153841,368.0,True,family,SCP,random_3,random,median
Polystyrenes,50,0.98,0.07999999999999996,368.0,True,family,SCP,random_3,random,median
Polysulfones,51,0.9803921568627451,0.08039215686274503,368.0,True,family,SCP,random_3,random,median
Polyvinyls,53,0.9811320754716981,0.0811320754716981,368.0,True,family,SCP,random_3,random,median
Polyimines,7,1.0,0.09999999999999998,368.0,False,family,SCP,random_3,random,median
Polyurethanes,34,1.0,0.09999999999999998,368.0,True,family,SCP,random_3,random,median
Polyhalo-olefins,13,1.0,0.09999999999999998,368.0,True,family,SCP,random_3,random,median
Polyanhydrides,3,1.0,0.09999999999999998,368.0,False,family,SCP,random_3,random,median
Polysulfides,9,1.0,0.09999999999999998,368.0,False,family,SCP,random_3,random,median
Polycarbonates,17,1.0,0.09999999999999998,368.0,True,family,SCP,random_3,random,median
Polyureas,6,1.0,0.09999999999999998,368.0,False,family,SCP,random_3,random,median
3,217,0.8847926267281107,-0.015207373271889368,366.0,True,similarity,Mondrian-similarity,random_3,random,median
1,79,0.8860759493670886,-0.013924050632911467,350.0,True,similarity,Mondrian-similarity,random_3,random,median
2,139,0.8992805755395683,-0.0007194244604317168,334.0,True,similarity,Mondrian-similarity,random_3,random,median
4,301,0.9036544850498339,0.0036544850498339,376.0,True,similarity,Mondrian-similarity,random_3,random,median
0,45,0.9111111111111111,0.011111111111111072,359.0,True,similarity,Mondrian-similarity,random_3,random,median
5,654,0.9250764525993884,0.0250764525993884,376.0,True,similarity,Mondrian-similarity,random_3,random,median
Polysiloxanes,41,0.6829268292682927,-0.2170731707317073,364.0487804878049,True,family,Mondrian-similarity,random_3,random,median
Polyphosphazenes,29,0.7241379310344828,-0.17586206896551726,367.6896551724138,True,family,Mondrian-similarity,random_3,random,median
Polyolefins,27,0.8148148148148148,-0.08518518518518525,360.9259259259259,True,family,Mondrian-similarity,random_3,random,median
Polyimides,330,0.8424242424242424,-0.05757575757575761,371.669696969697,True,family,Mondrian-similarity,random_3,random,median
Polyphenylenes,83,0.8554216867469879,-0.04457831325301209,364.32530120481925,True,family,Mondrian-similarity,random_3,random,median
Polysulfides,9,0.8888888888888888,-0.011111111111111183,349.6666666666667,False,family,Mondrian-similarity,random_3,random,median
Polyethers,155,0.896774193548387,-0.003225806451612967,368.47741935483873,True,family,Mondrian-similarity,random_3,random,median
Polydienes,22,0.9090909090909091,0.009090909090909038,357.59090909090907,True,family,Mondrian-similarity,random_3,random,median
Polyhalo-olefins,13,0.9230769230769231,0.023076923076923106,354.38461538461536,True,family,Mondrian-similarity,random_3,random,median
Polyesters,168,0.9464285714285714,0.046428571428571375,368.55357142857144,True,family,Mondrian-similarity,random_3,random,median
Polyacrylics,129,0.9689922480620154,0.06899224806201543,366.09302325581393,True,family,Mondrian-similarity,random_3,random,median
Polystyrenes,50,0.98,0.07999999999999996,365.7,True,family,Mondrian-similarity,random_3,random,median
Polysulfones,51,0.9803921568627451,0.08039215686274503,365.37254901960785,True,family,Mondrian-similarity,random_3,random,median
Polyamides,208,0.9807692307692307,0.0807692307692307,372.99038461538464,True,family,Mondrian-similarity,random_3,random,median
Polyvinyls,53,0.9811320754716981,0.0811320754716981,362.9433962264151,True,family,Mondrian-similarity,random_3,random,median
Polyimines,7,1.0,0.09999999999999998,370.85714285714283,False,family,Mondrian-similarity,random_3,random,median
Polyanhydrides,3,1.0,0.09999999999999998,372.6666666666667,False,family,Mondrian-similarity,random_3,random,median
Polyurethanes,34,1.0,0.09999999999999998,371.88235294117646,True,family,Mondrian-similarity,random_3,random,median
Polycarbonates,17,1.0,0.09999999999999998,371.88235294117646,True,family,Mondrian-similarity,random_3,random,median
Polyureas,6,1.0,0.09999999999999998,369.0,False,family,Mondrian-similarity,random_3,random,median
4,301,0.920265780730897,0.02026578073089702,378.63455149501664,True,similarity,Mondrian-family,random_3,random,median
1,79,0.9240506329113924,0.024050632911392422,394.746835443038,True,similarity,Mondrian-family,random_3,random,median
5,654,0.926605504587156,0.026605504587155937,370.42660550458714,True,similarity,Mondrian-family,random_3,random,median
3,217,0.9354838709677419,0.03548387096774186,362.36866359447004,True,similarity,Mondrian-family,random_3,random,median
0,45,0.9555555555555556,0.05555555555555558,385.55555555555554,True,similarity,Mondrian-family,random_3,random,median
2,139,0.9640287769784173,0.06402877697841725,380.9712230215827,True,similarity,Mondrian-family,random_3,random,median
Polycarbonates,17,0.8235294117647058,-0.07647058823529418,290.0,True,family,Mondrian-family,random_3,random,median
Polyphosphazenes,29,0.8620689655172413,-0.037931034482758696,420.0,True,family,Mondrian-family,random_3,random,median
Polydienes,22,0.8636363636363636,-0.036363636363636376,368.0,True,family,Mondrian-family,random_3,random,median
Polyolefins,27,0.8888888888888888,-0.011111111111111183,394.0,True,family,Mondrian-family,random_3,random,median
Polyesters,168,0.8928571428571429,-0.0071428571428571175,320.0,True,family,Mondrian-family,random_3,random,median
Polyethers,155,0.9032258064516129,0.003225806451612856,364.0,True,family,Mondrian-family,random_3,random,median
Polyacrylics,129,0.9147286821705426,0.014728682170542573,310.0,True,family,Mondrian-family,random_3,random,median
Polyimides,330,0.9272727272727272,0.027272727272727226,426.0,True,family,Mondrian-family,random_3,random,median
Polyurethanes,34,0.9411764705882353,0.04117647058823526,220.0,True,family,Mondrian-family,random_3,random,median
Polysiloxanes,41,0.9512195121951219,0.051219512195121886,476.0,True,family,Mondrian-family,random_3,random,median
Polyphenylenes,83,0.9518072289156626,0.051807228915662584,502.0,True,family,Mondrian-family,random_3,random,median
Polyamides,208,0.9615384615384616,0.06153846153846154,325.0,True,family,Mondrian-family,random_3,random,median
Polystyrenes,50,0.98,0.07999999999999996,354.0,True,family,Mondrian-family,random_3,random,median
Polysulfones,51,0.9803921568627451,0.08039215686274503,400.0,True,family,Mondrian-family,random_3,random,median
Polyimines,7,1.0,0.09999999999999998,368.0,False,family,Mondrian-family,random_3,random,median
Polyhalo-olefins,13,1.0,0.09999999999999998,368.0,True,family,Mondrian-family,random_3,random,median
Polyvinyls,53,1.0,0.09999999999999998,404.0,True,family,Mondrian-family,random_3,random,median
Polyanhydrides,3,1.0,0.09999999999999998,368.0,False,family,Mondrian-family,random_3,random,median
Polysulfides,9,1.0,0.09999999999999998,368.0,False,family,Mondrian-family,random_3,random,median
Polyureas,6,1.0,0.09999999999999998,368.0,False,family,Mondrian-family,random_3,random,median
0,45,0.7333333333333333,-0.16666666666666674,281.9269227625781,True,similarity,Normalised SCP,random_3,random,median
1,79,0.8227848101265823,-0.07721518987341769,292.6557183266982,True,similarity,Normalised SCP,random_3,random,median
3,217,0.8755760368663594,-0.02442396313364059,297.0332714188092,True,similarity,Normalised SCP,random_3,random,median
4,301,0.8870431893687708,-0.01295681063122922,322.2842968438798,True,similarity,Normalised SCP,random_3,random,median
2,139,0.920863309352518,0.02086330935251801,293.05513095269345,True,similarity,Normalised SCP,random_3,random,median
5,654,0.9311926605504587,0.031192660550458662,350.050087850011,True,similarity,Normalised SCP,random_3,random,median
Polyanhydrides,3,0.6666666666666666,-0.2333333333333334,224.00897147769675,False,family,Normalised SCP,random_3,random,median
Polydienes,22,0.6818181818181818,-0.21818181818181825,261.29164697954235,True,family,Normalised SCP,random_3,random,median
Polysiloxanes,41,0.7073170731707317,-0.19268292682926835,374.8090108334945,True,family,Normalised SCP,random_3,random,median
Polyphosphazenes,29,0.7931034482758621,-0.10689655172413792,434.2666169081391,True,family,Normalised SCP,random_3,random,median
Polystyrenes,50,0.8,-0.09999999999999998,195.5047769544213,True,family,Normalised SCP,random_3,random,median
Polysulfones,51,0.8235294117647058,-0.07647058823529418,248.30075288755214,True,family,Normalised SCP,random_3,random,median
Polyphenylenes,83,0.8433734939759037,-0.05662650602409636,308.8766285718627,True,family,Normalised SCP,random_3,random,median
Polyolefins,27,0.8518518518518519,-0.04814814814814816,377.26509561079587,True,family,Normalised SCP,random_3,random,median
Polyimines,7,0.8571428571428571,-0.04285714285714293,207.3259833133805,False,family,Normalised SCP,random_3,random,median
Polyesters,168,0.8928571428571429,-0.0071428571428571175,270.1742017968917,True,family,Normalised SCP,random_3,random,median
Polyethers,155,0.896774193548387,-0.003225806451612967,314.1910112207354,True,family,Normalised SCP,random_3,random,median
Polyvinyls,53,0.9056603773584906,0.005660377358490565,286.1305286011751,True,family,Normalised SCP,random_3,random,median
Polyamides,208,0.9278846153846154,0.027884615384615397,270.04367025389485,True,family,Normalised SCP,random_3,random,median
Polyacrylics,129,0.9302325581395349,0.03023255813953485,290.16573445906477,True,family,Normalised SCP,random_3,random,median
Polyimides,330,0.9484848484848485,0.048484848484848464,439.87900345040384,True,family,Normalised SCP,random_3,random,median
Polyhalo-olefins,13,1.0,0.09999999999999998,422.843869949747,True,family,Normalised SCP,random_3,random,median
Polyurethanes,34,1.0,0.09999999999999998,289.8182209800363,True,family,Normalised SCP,random_3,random,median
Polysulfides,9,1.0,0.09999999999999998,282.70309344913886,False,family,Normalised SCP,random_3,random,median
Polycarbonates,17,1.0,0.09999999999999998,292.07743171554716,True,family,Normalised SCP,random_3,random,median
Polyureas,6,1.0,0.09999999999999998,328.14114270442207,False,family,Normalised SCP,random_3,random,median
0,45,0.7555555555555555,-0.1444444444444445,150.73428032551217,True,similarity,SCP,random_3,random,svr
1,79,0.759493670886076,-0.14050632911392402,150.73428032551215,True,similarity,SCP,random_3,random,svr
2,139,0.8705035971223022,-0.029496402877697836,150.73428032551215,True,similarity,SCP,random_3,random,svr
3,217,0.9124423963133641,0.01244239631336408,150.73428032551212,True,similarity,SCP,random_3,random,svr
4,301,0.9335548172757475,0.033554817275747495,150.73428032551215,True,similarity,SCP,random_3,random,svr
5,654,0.9495412844036697,0.04954128440366967,150.73428032551215,True,similarity,SCP,random_3,random,svr
Polydienes,22,0.6363636363636364,-0.26363636363636367,150.73428032551206,True,family,SCP,random_3,random,svr
Polystyrenes,50,0.74,-0.16000000000000003,150.73428032551215,True,family,SCP,random_3,random,svr
Polyhalo-olefins,13,0.7692307692307693,-0.13076923076923075,150.73428032551212,True,family,SCP,random_3,random,svr
Polysiloxanes,41,0.8048780487804879,-0.09512195121951217,150.73428032551212,True,family,SCP,random_3,random,svr
Polyphosphazenes,29,0.8275862068965517,-0.07241379310344831,150.7342803255121,True,family,SCP,random_3,random,svr
Polyolefins,27,0.8518518518518519,-0.04814814814814816,150.7342803255121,True,family,SCP,random_3,random,svr
Polyphenylenes,83,0.8554216867469879,-0.04457831325301209,150.73428032551215,True,family,SCP,random_3,random,svr
Polyimines,7,0.8571428571428571,-0.04285714285714293,150.73428032551215,False,family,SCP,random_3,random,svr
Polyurethanes,34,0.9117647058823529,0.0117647058823529,150.73428032551212,True,family,SCP,random_3,random,svr
Polyethers,155,0.9161290322580645,0.016129032258064502,150.73428032551215,True,family,SCP,random_3,random,svr
Polysulfones,51,0.9215686274509803,0.021568627450980316,150.73428032551215,True,family,SCP,random_3,random,svr
Polyimides,330,0.9242424242424242,0.024242424242424176,150.73428032551215,True,family,SCP,random_3,random,svr
Polyesters,168,0.9464285714285714,0.046428571428571375,150.73428032551215,True,family,SCP,random_3,random,svr
Polyamides,208,0.9615384615384616,0.06153846153846154,150.73428032551212,True,family,SCP,random_3,random,svr
Polyacrylics,129,0.9689922480620154,0.06899224806201543,150.73428032551215,True,family,SCP,random_3,random,svr
Polyanhydrides,3,1.0,0.09999999999999998,150.73428032551215,False,family,SCP,random_3,random,svr
Polyvinyls,53,1.0,0.09999999999999998,150.73428032551215,True,family,SCP,random_3,random,svr
Polysulfides,9,1.0,0.09999999999999998,150.73428032551212,False,family,SCP,random_3,random,svr
Polycarbonates,17,1.0,0.09999999999999998,150.73428032551215,True,family,SCP,random_3,random,svr
Polyureas,6,1.0,0.09999999999999998,150.73428032551215,False,family,SCP,random_3,random,svr
1,79,0.8734177215189873,-0.02658227848101269,228.21924487708853,True,similarity,Mondrian-similarity,random_3,random,svr
5,654,0.8975535168195719,-0.0024464831804281717,110.48108693946119,True,similarity,Mondrian-similarity,random_3,random,svr
4,301,0.920265780730897,0.02026578073089702,141.1240628771999,True,similarity,Mondrian-similarity,random_3,random,svr
3,217,0.9216589861751152,0.02165898617511519,169.23272657664305,True,similarity,Mondrian-similarity,random_3,random,svr
0,45,0.9333333333333333,0.033333333333333326,299.4868261040818,True,similarity,Mondrian-similarity,random_3,random,svr
2,139,0.935251798561151,0.035251798561151015,232.73486104371997,True,similarity,Mondrian-similarity,random_3,random,svr
Polydienes,22,0.7272727272727273,-0.17272727272727273,224.53645544848933,True,family,Mondrian-similarity,random_3,random,svr
Polystyrenes,50,0.76,-0.14,166.60708889472204,True,family,Mondrian-similarity,random_3,random,svr
Polyphosphazenes,29,0.7931034482758621,-0.10689655172413792,156.4436584547036,True,family,Mondrian-similarity,random_3,random,svr
Polyphenylenes,83,0.8192771084337349,-0.08072289156626511,169.4854204046,True,family,Mondrian-similarity,random_3,random,svr
Polysiloxanes,41,0.8292682926829268,-0.07073170731707323,156.89013455411597,True,family,Mondrian-similarity,random_3,random,svr
Polyimines,7,0.8571428571428571,-0.04285714285714293,148.8266191377505,False,family,Mondrian-similarity,random_3,random,svr
Polyurethanes,34,0.8823529411764706,-0.01764705882352946,132.6281886048101,True,family,Mondrian-similarity,random_3,random,svr
Polyolefins,27,0.8888888888888888,-0.011111111111111183,180.24383988912072,True,family,Mondrian-similarity,random_3,random,svr
Polyimides,330,0.9030303030303031,0.00303030303030305,136.15874481709383,True,family,Mondrian-similarity,random_3,random,svr
Polysulfones,51,0.9215686274509803,0.021568627450980316,159.01677328046566,True,family,Mondrian-similarity,random_3,random,svr
Polyesters,168,0.9226190476190477,0.02261904761904765,148.19585261232163,True,family,Mondrian-similarity,random_3,random,svr
Polyhalo-olefins,13,0.9230769230769231,0.023076923076923106,254.0419557117636,True,family,Mondrian-similarity,random_3,random,svr
Polyethers,155,0.9354838709677419,0.03548387096774186,153.1285360946106,True,family,Mondrian-similarity,random_3,random,svr
Polyamides,208,0.9423076923076923,0.04230769230769227,130.95451174757744,True,family,Mondrian-similarity,random_3,random,svr
Polyacrylics,129,0.9689922480620154,0.06899224806201543,153.26708269023416,True,family,Mondrian-similarity,random_3,random,svr
Polyanhydrides,3,1.0,0.09999999999999998,130.0649668185218,False,family,Mondrian-similarity,random_3,random,svr
Polyvinyls,53,1.0,0.09999999999999998,172.27096423848926,True,family,Mondrian-similarity,random_3,random,svr
Polysulfides,9,1.0,0.09999999999999998,205.92844797536083,False,family,Mondrian-similarity,random_3,random,svr
Polycarbonates,17,1.0,0.09999999999999998,140.08052254378407,True,family,Mondrian-similarity,random_3,random,svr
Polyureas,6,1.0,0.09999999999999998,141.07104126941724,False,family,Mondrian-similarity,random_3,random,svr
0,45,0.7555555555555555,-0.1444444444444445,150.73562243088156,True,similarity,Mondrian-family,random_3,random,svr
1,79,0.759493670886076,-0.14050632911392402,165.55069597789236,True,similarity,Mondrian-family,random_3,random,svr
2,139,0.8920863309352518,-0.007913669064748219,163.10257023755798,True,similarity,Mondrian-family,random_3,random,svr
3,217,0.9124423963133641,0.01244239631336408,151.66853367519914,True,similarity,Mondrian-family,random_3,random,svr
4,301,0.9169435215946844,0.016943521594684374,150.1358502329778,True,similarity,Mondrian-family,random_3,random,svr
5,654,0.9464831804281345,0.046483180428134485,145.65400309996076,True,similarity,Mondrian-family,random_3,random,svr
Polydienes,22,0.6363636363636364,-0.26363636363636367,150.73428032551206,True,family,Mondrian-family,random_3,random,svr
Polystyrenes,50,0.74,-0.16000000000000003,150.73428032551215,True,family,Mondrian-family,random_3,random,svr
Polyhalo-olefins,13,0.7692307692307693,-0.13076923076923075,150.73428032551212,True,family,Mondrian-family,random_3,random,svr
Polyimines,7,0.8571428571428571,-0.04285714285714293,150.73428032551215,False,family,Mondrian-family,random_3,random,svr
Polyolefins,27,0.8888888888888888,-0.011111111111111183,177.5517589437989,True,family,Mondrian-family,random_3,random,svr
Polyphenylenes,83,0.891566265060241,-0.008433734939759074,174.38691987908027,True,family,Mondrian-family,random_3,random,svr
Polyimides,330,0.896969696969697,-0.00303030303030305,134.66666323365163,True,family,Mondrian-family,random_3,random,svr
Polyethers,155,0.9032258064516129,0.003225806451612856,138.96578697495255,True,family,Mondrian-family,random_3,random,svr
Polyurethanes,34,0.9117647058823529,0.0117647058823529,149.08374408315436,True,family,Mondrian-family,random_3,random,svr
Polyesters,168,0.9166666666666666,0.016666666666666607,122.64390228522299,True,family,Mondrian-family,random_3,random,svr
Polysiloxanes,41,0.926829268292683,0.02682926829268295,272.79066773714425,True,family,Mondrian-family,random_3,random,svr
Polyphosphazenes,29,0.9310344827586207,0.03103448275862064,306.03183889349003,True,family,Mondrian-family,random_3,random,svr
Polyamides,208,0.9375,0.03749999999999998,118.3240648064553,True,family,Mondrian-family,random_3,random,svr
Polysulfones,51,0.9803921568627451,0.08039215686274503,179.46462842809632,True,family,Mondrian-family,random_3,random,svr
Polyacrylics,129,0.9844961240310077,0.0844961240310077,191.2674154486876,True,family,Mondrian-family,random_3,random,svr
Polyanhydrides,3,1.0,0.09999999999999998,150.73428032551215,False,family,Mondrian-family,random_3,random,svr
Polyvinyls,53,1.0,0.09999999999999998,153.41852382125148,True,family,Mondrian-family,random_3,random,svr
Polysulfides,9,1.0,0.09999999999999998,150.73428032551212,False,family,Mondrian-family,random_3,random,svr
Polycarbonates,17,1.0,0.09999999999999998,103.76023596152095,True,family,Mondrian-family,random_3,random,svr
Polyureas,6,1.0,0.09999999999999998,150.73428032551215,False,family,Mondrian-family,random_3,random,svr
2,139,0.8057553956834532,-0.0942446043165468,153.3555540534427,True,similarity,Normalised SCP,random_3,random,svr
1,79,0.8354430379746836,-0.06455696202531647,187.57896076805858,True,similarity,Normalised SCP,random_3,random,svr
0,45,0.8444444444444444,-0.05555555555555558,214.18731129235098,True,similarity,Normalised SCP,random_3,random,svr
3,217,0.9032258064516129,0.003225806451612856,140.6307639937262,True,similarity,Normalised SCP,random_3,random,svr
4,301,0.9269102990033222,0.026910299003322202,133.15595582311548,True,similarity,Normalised SCP,random_3,random,svr
5,654,0.9403669724770642,0.04036697247706422,123.29725278300614,True,similarity,Normalised SCP,random_3,random,svr
Polysiloxanes,41,0.7804878048780488,-0.11951219512195121,169.60925032387092,True,family,Normalised SCP,random_3,random,svr
Polystyrenes,50,0.8,-0.09999999999999998,181.35370259669423,True,family,Normalised SCP,random_3,random,svr
Polyphenylenes,83,0.8554216867469879,-0.04457831325301209,161.76693338652055,True,family,Normalised SCP,random_3,random,svr
Polyimines,7,0.8571428571428571,-0.04285714285714293,112.51686932223313,False,family,Normalised SCP,random_3,random,svr
Polyphosphazenes,29,0.8620689655172413,-0.037931034482758696,171.42057140476325,True,family,Normalised SCP,random_3,random,svr
Polysulfides,9,0.8888888888888888,-0.011111111111111183,157.26331209764612,False,family,Normalised SCP,random_3,random,svr
Polyethers,155,0.8903225806451613,-0.009677419354838679,129.7785299156063,True,family,Normalised SCP,random_3,random,svr
Polysulfones,51,0.9019607843137255,0.0019607843137254832,121.23643035013664,True,family,Normalised SCP,random_3,random,svr
Polydienes,22,0.9090909090909091,0.009090909090909038,258.52690439630373,True,family,Normalised SCP,random_3,random,svr
Polyimides,330,0.9181818181818182,0.018181818181818188,131.101507616659,True,family,Normalised SCP,random_3,random,svr
Polyamides,208,0.9182692307692307,0.018269230769230704,105.46889583318446,True,family,Normalised SCP,random_3,random,svr
Polyesters,168,0.9226190476190477,0.02261904761904765,118.56716707983048,True,family,Normalised SCP,random_3,random,svr
Polyhalo-olefins,13,0.9230769230769231,0.023076923076923106,261.5114403175896,True,family,Normalised SCP,random_3,random,svr
Polyacrylics,129,0.9457364341085271,0.045736434108527124,134.61523042398915,True,family,Normalised SCP,random_3,random,svr
Polyolefins,27,0.9629629629629629,0.06296296296296289,248.58310202568066,True,family,Normalised SCP,random_3,random,svr
Polyurethanes,34,0.9705882352941176,0.07058823529411762,139.4268609539072,True,family,Normalised SCP,random_3,random,svr
Polyvinyls,53,0.9811320754716981,0.0811320754716981,147.50372947900834,True,family,Normalised SCP,random_3,random,svr
Polyanhydrides,3,1.0,0.09999999999999998,113.61227028812682,False,family,Normalised SCP,random_3,random,svr
Polycarbonates,17,1.0,0.09999999999999998,119.67234227207283,True,family,Normalised SCP,random_3,random,svr
Polyureas,6,1.0,0.09999999999999998,144.57295619059585,False,family,Normalised SCP,random_3,random,svr
0,45,0.5777777777777777,-0.3222222222222223,131.86628000000007,True,similarity,SCP,random_3,random,random_forest
1,79,0.6708860759493671,-0.2291139240506329,131.8662800000001,True,similarity,SCP,random_3,random,random_forest
2,139,0.8057553956834532,-0.0942446043165468,131.86628000000007,True,similarity,SCP,random_3,random,random_forest
3,217,0.8709677419354839,-0.029032258064516148,131.86628000000013,True,similarity,SCP,random_3,random,random_forest
4,301,0.9069767441860465,0.006976744186046435,131.8662800000001,True,similarity,SCP,random_3,random,random_forest
5,654,0.9587155963302753,0.05871559633027523,131.8662800000001,True,similarity,SCP,random_3,random,random_forest
Polydienes,22,0.5,-0.4,131.8662800000001,True,family,SCP,random_3,random,random_forest
Polyolefins,27,0.7407407407407407,-0.15925925925925932,131.86628000000007,True,family,SCP,random_3,random,random_forest
Polyhalo-olefins,13,0.7692307692307693,-0.13076923076923075,131.86628000000013,True,family,SCP,random_3,random,random_forest
Polysiloxanes,41,0.7804878048780488,-0.11951219512195121,131.86628000000007,True,family,SCP,random_3,random,random_forest
Polyphenylenes,83,0.7951807228915663,-0.10481927710843375,131.8662800000001,True,family,SCP,random_3,random,random_forest
Polystyrenes,50,0.82,-0.08000000000000007,131.86628000000007,True,family,SCP,random_3,random,random_forest
Polysulfones,51,0.8431372549019608,-0.056862745098039236,131.86628000000007,True,family,SCP,random_3,random,random_forest
Polyimines,7,0.8571428571428571,-0.04285714285714293,131.86628000000007,False,family,SCP,random_3,random,random_forest
Polyimides,330,0.8939393939393939,-0.0060606060606061,131.8662800000001,True,family,SCP,random_3,random,random_forest
Polyphosphazenes,29,0.896551724137931,-0.0034482758620689724,131.8662800000001,True,family,SCP,random_3,random,random_forest
Polyethers,155,0.896774193548387,-0.003225806451612967,131.86628000000007,True,family,SCP,random_3,random,random_forest
Polyamides,208,0.9326923076923077,0.03269230769230769,131.86628000000013,True,family,SCP,random_3,random,random_forest
Polyacrylics,129,0.937984496124031,0.037984496124030986,131.8662800000001,True,family,SCP,random_3,random,random_forest
Polyesters,168,0.9404761904761905,0.04047619047619044,131.8662800000001,True,family,SCP,random_3,random,random_forest
Polycarbonates,17,0.9411764705882353,0.04117647058823526,131.86628000000007,True,family,SCP,random_3,random,random_forest
Polyvinyls,53,0.9622641509433962,0.06226415094339621,131.86628000000007,True,family,SCP,random_3,random,random_forest
Polyurethanes,34,0.9705882352941176,0.07058823529411762,131.86628000000007,True,family,SCP,random_3,random,random_forest
Polyanhydrides,3,1.0,0.09999999999999998,131.86628000000007,False,family,SCP,random_3,random,random_forest
Polysulfides,9,1.0,0.09999999999999998,131.86628000000007,False,family,SCP,random_3,random,random_forest
Polyureas,6,1.0,0.09999999999999998,131.86628000000007,False,family,SCP,random_3,random,random_forest
0,45,0.8222222222222222,-0.07777777777777783,225.21919999999994,True,similarity,Mondrian-similarity,random_3,random,random_forest
3,217,0.8709677419354839,-0.029032258064516148,135.1954,True,similarity,Mondrian-similarity,random_3,random,random_forest
4,301,0.8870431893687708,-0.01295681063122922,123.08699999999997,True,similarity,Mondrian-similarity,random_3,random,random_forest
5,654,0.9036697247706422,0.003669724770642202,102.26800000000004,True,similarity,Mondrian-similarity,random_3,random,random_forest
2,139,0.9064748201438849,0.006474820143884896,181.64796,True,similarity,Mondrian-similarity,random_3,random,random_forest
1,79,0.9240506329113924,0.024050632911392422,263.32344000000006,True,similarity,Mondrian-similarity,random_3,random,random_forest
Polydienes,22,0.6818181818181818,-0.21818181818181825,202.8435090909091,True,family,Mondrian-similarity,random_3,random,random_forest
Polysiloxanes,41,0.7804878048780488,-0.11951219512195121,135.92233951219515,True,family,Mondrian-similarity,random_3,random,random_forest
Polyphenylenes,83,0.8192771084337349,-0.08072289156626511,151.60145975903617,True,family,Mondrian-similarity,random_3,random,random_forest
Polyureas,6,0.8333333333333334,-0.06666666666666665,122.43766000000001,False,family,Mondrian-similarity,random_3,random,random_forest
Polysulfones,51,0.8431372549019608,-0.056862745098039236,140.12972156862747,True,family,Mondrian-similarity,random_3,random,random_forest
Polyhalo-olefins,13,0.8461538461538461,-0.05384615384615388,201.71270153846154,True,family,Mondrian-similarity,random_3,random,random_forest
Polyolefins,27,0.8518518518518519,-0.04814814814814816,175.29871259259258,True,family,Mondrian-similarity,random_3,random,random_forest
Polyimines,7,0.8571428571428571,-0.04285714285714293,138.90226285714286,False,family,Mondrian-similarity,random_3,random,random_forest
Polyimides,330,0.8696969696969697,-0.030303030303030276,120.18354848484847,True,family,Mondrian-similarity,random_3,random,random_forest
Polysulfides,9,0.8888888888888888,-0.011111111111111183,163.68782222222222,False,family,Mondrian-similarity,random_3,random,random_forest
Polystyrenes,50,0.9,0.0,144.0931432,True,family,Mondrian-similarity,random_3,random,random_forest
Polyethers,155,0.9096774193548387,0.009677419354838679,134.23213574193548,True,family,Mondrian-similarity,random_3,random,random_forest
Polyurethanes,34,0.9117647058823529,0.0117647058823529,118.86595764705883,True,family,Mondrian-similarity,random_3,random,random_forest
Polyamides,208,0.9134615384615384,0.013461538461538414,116.4313953846154,True,family,Mondrian-similarity,random_3,random,random_forest
Polyesters,168,0.9285714285714286,0.02857142857142858,127.55409023809526,True,family,Mondrian-similarity,random_3,random,random_forest
Polyphosphazenes,29,0.9310344827586207,0.03103448275862064,140.83014482758625,True,family,Mondrian-similarity,random_3,random,random_forest
Polycarbonates,17,0.9411764705882353,0.04117647058823526,119.50028235294118,True,family,Mondrian-similarity,random_3,random,random_forest
Polyacrylics,129,0.9534883720930233,0.05348837209302326,132.04084837209302,True,family,Mondrian-similarity,random_3,random,random_forest
Polyvinyls,53,1.0,0.09999999999999998,156.75323320754714,True,family,Mondrian-similarity,random_3,random,random_forest
Polyanhydrides,3,1.0,0.09999999999999998,113.24380000000001,False,family,Mondrian-similarity,random_3,random,random_forest
0,45,0.6222222222222222,-0.2777777777777778,136.9361048888889,True,similarity,Mondrian-family,random_3,random,random_forest
1,79,0.6962025316455697,-0.20379746835443036,158.41417316455693,True,similarity,Mondrian-family,random_3,random,random_forest
2,139,0.8345323741007195,-0.06546762589928057,142.38036215827339,True,similarity,Mondrian-family,random_3,random,random_forest
3,217,0.8755760368663594,-0.02442396313364059,134.23294092165898,True,similarity,Mondrian-family,random_3,random,random_forest
4,301,0.9003322259136213,0.00033222591362125353,133.1615377408638,True,similarity,Mondrian-family,random_3,random,random_forest
5,654,0.9541284403669725,0.05412844036697251,130.8636992966361,True,similarity,Mondrian-family,random_3,random,random_forest
Polydienes,22,0.5,-0.4,131.8662800000001,True,family,Mondrian-family,random_3,random,random_forest
Polyhalo-olefins,13,0.7692307692307693,-0.13076923076923075,131.86628000000013,True,family,Mondrian-family,random_3,random,random_forest
Polystyrenes,50,0.78,-0.12,118.47447999999997,True,family,Mondrian-family,random_3,random,random_forest
Polyethers,155,0.8451612903225807,-0.05483870967741933,102.17336000000006,True,family,Mondrian-family,random_3,random,random_forest
Polyimides,330,0.8484848484848485,-0.051515151515151514,115.0406,True,family,Mondrian-family,random_3,random,random_forest
Polyimines,7,0.8571428571428571,-0.04285714285714293,131.86628000000007,False,family,Mondrian-family,random_3,random,random_forest
Polyphenylenes,83,0.8795180722891566,-0.02048192771084345,180.75087999999985,True,family,Mondrian-family,random_3,random,random_forest
Polysiloxanes,41,0.9024390243902439,0.0024390243902439046,173.83340000000004,True,family,Mondrian-family,random_3,random,random_forest
Polyamides,208,0.9230769230769231,0.023076923076923106,121.52887999999999,True,family,Mondrian-family,random_3,random,random_forest
Polyesters,168,0.9404761904761905,0.04047619047619044,130.16940000000014,True,family,Mondrian-family,random_3,random,random_forest
Polysulfones,51,0.9607843137254902,0.0607843137254902,167.6177,True,family,Mondrian-family,random_3,random,random_forest
Polyacrylics,129,0.9612403100775194,0.0612403100775194,150.17900000000006,True,family,Mondrian-family,random_3,random,random_forest
Polyvinyls,53,0.9622641509433962,0.06226415094339621,134.02120000000002,True,family,Mondrian-family,random_3,random,random_forest
Polyolefins,27,0.9629629629629629,0.06296296296296289,290.14908,True,family,Mondrian-family,random_3,random,random_forest
Polyurethanes,34,0.9705882352941176,0.07058823529411762,129.61536,True,family,Mondrian-family,random_3,random,random_forest
Polyphosphazenes,29,1.0,0.09999999999999998,216.88839999999993,True,family,Mondrian-family,random_3,random,random_forest
Polyanhydrides,3,1.0,0.09999999999999998,131.86628000000007,False,family,Mondrian-family,random_3,random,random_forest
Polysulfides,9,1.0,0.09999999999999998,131.86628000000007,False,family,Mondrian-family,random_3,random,random_forest
Polycarbonates,17,1.0,0.09999999999999998,164.43461999999997,True,family,Mondrian-family,random_3,random,random_forest
Polyureas,6,1.0,0.09999999999999998,131.86628000000007,False,family,Mondrian-family,random_3,random,random_forest
1,79,0.7721518987341772,-0.1278481012658228,181.66564316845913,True,similarity,Normalised SCP,random_3,random,random_forest
0,45,0.7777777777777778,-0.12222222222222223,179.42354126386326,True,similarity,Normalised SCP,random_3,random,random_forest
2,139,0.8633093525179856,-0.03669064748201445,144.695761188638,True,similarity,Normalised SCP,random_3,random,random_forest
3,217,0.8709677419354839,-0.029032258064516148,134.1614995132744,True,similarity,Normalised SCP,random_3,random,random_forest
4,301,0.8837209302325582,-0.016279069767441867,126.62471726481074,True,similarity,Normalised SCP,random_3,random,random_forest
5,654,0.9235474006116208,0.02354740061162075,112.00407309912403,True,similarity,Normalised SCP,random_3,random,random_forest
Polyimines,7,0.7142857142857143,-0.18571428571428572,101.19252949253529,False,family,Normalised SCP,random_3,random,random_forest
Polydienes,22,0.7272727272727273,-0.17272727272727273,217.82849095677057,True,family,Normalised SCP,random_3,random,random_forest
Polysulfones,51,0.803921568627451,-0.09607843137254901,126.49966522647526,True,family,Normalised SCP,random_3,random,random_forest
Polyhalo-olefins,13,0.8461538461538461,-0.05384615384615388,148.0344127126868,True,family,Normalised SCP,random_3,random,random_forest
Polysiloxanes,41,0.8536585365853658,-0.04634146341463419,147.94884565745767,True,family,Normalised SCP,random_3,random,random_forest
Polyimides,330,0.8636363636363636,-0.036363636363636376,130.80699882958578,True,family,Normalised SCP,random_3,random,random_forest
Polyamides,208,0.8653846153846154,-0.0346153846153846,96.4603545094885,True,family,Normalised SCP,random_3,random,random_forest
Polyphenylenes,83,0.8674698795180723,-0.032530120481927716,166.968377357166,True,family,Normalised SCP,random_3,random,random_forest
Polystyrenes,50,0.9,0.0,154.60256239746133,True,family,Normalised SCP,random_3,random,random_forest
Polyethers,155,0.9032258064516129,0.003225806451612856,120.16492373035754,True,family,Normalised SCP,random_3,random,random_forest
Polyesters,168,0.9226190476190477,0.02261904761904765,110.459906154775,True,family,Normalised SCP,random_3,random,random_forest
Polyolefins,27,0.9259259259259259,0.025925925925925908,218.45133499997578,True,family,Normalised SCP,random_3,random,random_forest
Polyphosphazenes,29,0.9310344827586207,0.03103448275862064,138.08530900100507,True,family,Normalised SCP,random_3,random,random_forest
Polyacrylics,129,0.937984496124031,0.037984496124030986,128.85212202761863,True,family,Normalised SCP,random_3,random,random_forest
Polycarbonates,17,0.9411764705882353,0.04117647058823526,112.99200613817906,True,family,Normalised SCP,random_3,random,random_forest
Polyvinyls,53,0.9433962264150944,0.04339622641509433,125.9235362286291,True,family,Normalised SCP,random_3,random,random_forest
Polyurethanes,34,0.9705882352941176,0.07058823529411762,104.56453538039702,True,family,Normalised SCP,random_3,random,random_forest
Polyanhydrides,3,1.0,0.09999999999999998,136.90855430266205,False,family,Normalised SCP,random_3,random,random_forest
Polysulfides,9,1.0,0.09999999999999998,131.2750642225647,False,family,Normalised SCP,random_3,random,random_forest
Polyureas,6,1.0,0.09999999999999998,134.25211311437164,False,family,Normalised SCP,random_3,random,random_forest
0,45,0.5777777777777777,-0.3222222222222223,123.18741609535597,True,similarity,SCP,random_3,random,hist_gbr
1,79,0.6835443037974683,-0.2164556962025317,123.18741609535596,True,similarity,SCP,random_3,random,hist_gbr
2,139,0.8705035971223022,-0.029496402877697836,123.18741609535599,True,similarity,SCP,random_3,random,hist_gbr
3,217,0.8894009216589862,-0.010599078341013812,123.18741609535599,True,similarity,SCP,random_3,random,hist_gbr
4,301,0.9269102990033222,0.026910299003322202,123.18741609535599,True,similarity,SCP,random_3,random,hist_gbr
5,654,0.9602446483180428,0.06024464831804277,123.18741609535601,True,similarity,SCP,random_3,random,hist_gbr
Polydienes,22,0.5909090909090909,-0.3090909090909091,123.18741609535606,True,family,SCP,random_3,random,hist_gbr
Polyolefins,27,0.7777777777777778,-0.12222222222222223,123.18741609535606,True,family,SCP,random_3,random,hist_gbr
Polystyrenes,50,0.8,-0.09999999999999998,123.18741609535599,True,family,SCP,random_3,random,hist_gbr
Polysiloxanes,41,0.8048780487804879,-0.09512195121951217,123.187416095356,True,family,SCP,random_3,random,hist_gbr
Polyphenylenes,83,0.8072289156626506,-0.09277108433734937,123.187416095356,True,family,SCP,random_3,random,hist_gbr
Polyhalo-olefins,13,0.8461538461538461,-0.05384615384615388,123.18741609535599,True,family,SCP,random_3,random,hist_gbr
Polyimines,7,0.8571428571428571,-0.04285714285714293,123.18741609535603,False,family,SCP,random_3,random,hist_gbr
Polyethers,155,0.8903225806451613,-0.009677419354838679,123.18741609535599,True,family,SCP,random_3,random,hist_gbr
Polysulfones,51,0.9019607843137255,0.0019607843137254832,123.18741609535599,True,family,SCP,random_3,random,hist_gbr
Polyimides,330,0.9151515151515152,0.015151515151515138,123.18741609535601,True,family,SCP,random_3,random,hist_gbr
Polyesters,168,0.9285714285714286,0.02857142857142858,123.18741609535599,True,family,SCP,random_3,random,hist_gbr
Polycarbonates,17,0.9411764705882353,0.04117647058823526,123.18741609535603,True,family,SCP,random_3,random,hist_gbr
Polyamides,208,0.9471153846153846,0.04711538461538456,123.18741609535597,True,family,SCP,random_3,random,hist_gbr
Polyacrylics,129,0.9534883720930233,0.05348837209302326,123.18741609535599,True,family,SCP,random_3,random,hist_gbr
Polyphosphazenes,29,0.9655172413793104,0.06551724137931036,123.18741609535606,True,family,SCP,random_3,random,hist_gbr
Polyvinyls,53,0.9811320754716981,0.0811320754716981,123.18741609535597,True,family,SCP,random_3,random,hist_gbr
Polyanhydrides,3,1.0,0.09999999999999998,123.18741609535601,False,family,SCP,random_3,random,hist_gbr
Polyurethanes,34,1.0,0.09999999999999998,123.18741609535603,True,family,SCP,random_3,random,hist_gbr
Polysulfides,9,1.0,0.09999999999999998,123.18741609535601,False,family,SCP,random_3,random,hist_gbr
Polyureas,6,1.0,0.09999999999999998,123.18741609535603,False,family,SCP,random_3,random,hist_gbr
0,45,0.7777777777777778,-0.12222222222222223,195.40307622598408,True,similarity,Mondrian-similarity,random_3,random,hist_gbr
1,79,0.8860759493670886,-0.013924050632911467,257.3261266713754,True,similarity,Mondrian-similarity,random_3,random,hist_gbr
3,217,0.9078341013824884,0.007834101382488412,131.21182059747642,True,similarity,Mondrian-similarity,random_3,random,hist_gbr
5,654,0.9128440366972477,0.012844036697247652,92.69931359180306,True,similarity,Mondrian-similarity,random_3,random,hist_gbr
4,301,0.9169435215946844,0.016943521594684374,117.34366839431179,True,similarity,Mondrian-similarity,random_3,random,hist_gbr
2,139,0.9424460431654677,0.04244604316546763,169.89408037331847,True,similarity,Mondrian-similarity,random_3,random,hist_gbr
Polydienes,22,0.7727272727272727,-0.12727272727272732,188.27788529955996,True,family,Mondrian-similarity,random_3,random,hist_gbr
Polyphenylenes,83,0.8192771084337349,-0.08072289156626511,141.57761296245874,True,family,Mondrian-similarity,random_3,random,hist_gbr
Polyhalo-olefins,13,0.8461538461538461,-0.05384615384615388,181.44161812019217,True,family,Mondrian-similarity,random_3,random,hist_gbr
Polysiloxanes,41,0.8536585365853658,-0.04634146341463419,127.51863195386123,True,family,Mondrian-similarity,random_3,random,hist_gbr
Polyimines,7,0.8571428571428571,-0.04285714285714293,132.2810828050562,False,family,Mondrian-similarity,random_3,random,hist_gbr
Polyimides,330,0.8909090909090909,-0.00909090909090915,111.92901668271348,True,family,Mondrian-similarity,random_3,random,hist_gbr
Polyesters,168,0.8988095238095238,-0.0011904761904761862,118.91494593052764,True,family,Mondrian-similarity,random_3,random,hist_gbr
Polyamides,208,0.9134615384615384,0.013461538461538414,108.06432538130015,True,family,Mondrian-similarity,random_3,random,hist_gbr
Polystyrenes,50,0.92,0.020000000000000018,135.74089704052483,True,family,Mondrian-similarity,random_3,random,hist_gbr
Polysulfones,51,0.9215686274509803,0.021568627450980316,132.46271715711924,True,family,Mondrian-similarity,random_3,random,hist_gbr
Polyethers,155,0.9225806451612903,0.022580645161290325,125.3330904677477,True,family,Mondrian-similarity,random_3,random,hist_gbr
Polyolefins,27,0.9259259259259259,0.025925925925925908,166.97338641104102,True,family,Mondrian-similarity,random_3,random,hist_gbr
Polycarbonates,17,0.9411764705882353,0.04117647058823526,112.90640850046422,True,family,Mondrian-similarity,random_3,random,hist_gbr
Polyacrylics,129,0.9534883720930233,0.05348837209302326,124.33784666072074,True,family,Mondrian-similarity,random_3,random,hist_gbr
Polyurethanes,34,1.0,0.09999999999999998,110.5541474528967,True,family,Mondrian-similarity,random_3,random,hist_gbr
Polyphosphazenes,29,1.0,0.09999999999999998,132.4109364971092,True,family,Mondrian-similarity,random_3,random,hist_gbr
Polyvinyls,53,1.0,0.09999999999999998,150.22960426372805,True,family,Mondrian-similarity,random_3,random,hist_gbr
Polyanhydrides,3,1.0,0.09999999999999998,105.53681592702752,False,family,Mondrian-similarity,random_3,random,hist_gbr
Polysulfides,9,1.0,0.09999999999999998,151.27599176373985,False,family,Mondrian-similarity,random_3,random,hist_gbr
Polyureas,6,1.0,0.09999999999999998,113.77989298955852,False,family,Mondrian-similarity,random_3,random,hist_gbr
0,45,0.6,-0.30000000000000004,128.67632774147626,True,similarity,Mondrian-family,random_3,random,hist_gbr
1,79,0.7468354430379747,-0.15316455696202536,148.97213339390578,True,similarity,Mondrian-family,random_3,random,hist_gbr
2,139,0.8633093525179856,-0.03669064748201445,130.77443852463978,True,similarity,Mondrian-family,random_3,random,hist_gbr
3,217,0.8663594470046083,-0.033640552995391704,123.60196127978183,True,similarity,Mondrian-family,random_3,random,hist_gbr
4,301,0.920265780730897,0.02026578073089702,122.37830036110921,True,similarity,Mondrian-family,random_3,random,hist_gbr
5,654,0.9541284403669725,0.05412844036697251,122.05041344617715,True,similarity,Mondrian-family,random_3,random,hist_gbr
Polydienes,22,0.5909090909090909,-0.3090909090909091,123.18741609535606,True,family,Mondrian-family,random_3,random,hist_gbr
Polycarbonates,17,0.7058823529411765,-0.1941176470588235,77.46270266819039,True,family,Mondrian-family,random_3,random,hist_gbr
Polystyrenes,50,0.8,-0.09999999999999998,124.91497902929699,True,family,Mondrian-family,random_3,random,hist_gbr
Polyethers,155,0.832258064516129,-0.06774193548387097,94.40410834139931,True,family,Mondrian-family,random_3,random,hist_gbr
Polyhalo-olefins,13,0.8461538461538461,-0.05384615384615388,123.18741609535599,True,family,Mondrian-family,random_3,random,hist_gbr
Polyphenylenes,83,0.8554216867469879,-0.04457831325301209,167.81402007008467,True,family,Mondrian-family,random_3,random,hist_gbr
Polyimines,7,0.8571428571428571,-0.04285714285714293,123.18741609535603,False,family,Mondrian-family,random_3,random,hist_gbr
Polysiloxanes,41,0.8780487804878049,-0.02195121951219514,139.63946163069457,True,family,Mondrian-family,random_3,random,hist_gbr
Polyimides,330,0.896969696969697,-0.00303030303030305,110.83327377396368,True,family,Mondrian-family,random_3,random,hist_gbr
Polysulfones,51,0.9019607843137255,0.0019607843137254832,126.74993398569971,True,family,Mondrian-family,random_3,random,hist_gbr
Polyesters,168,0.9166666666666666,0.016666666666666607,118.78200943843603,True,family,Mondrian-family,random_3,random,hist_gbr
Polyamides,208,0.9423076923076923,0.04230769230769227,118.69375185915253,True,family,Mondrian-family,random_3,random,hist_gbr
Polyphosphazenes,29,0.9655172413793104,0.06551724137931036,171.84006364378152,True,family,Mondrian-family,random_3,random,hist_gbr
Polyacrylics,129,0.9767441860465116,0.07674418604651156,144.99772920569401,True,family,Mondrian-family,random_3,random,hist_gbr
Polyvinyls,53,0.9811320754716981,0.0811320754716981,122.3461843199066,True,family,Mondrian-family,random_3,random,hist_gbr
Polyurethanes,34,1.0,0.09999999999999998,116.39327464772516,True,family,Mondrian-family,random_3,random,hist_gbr
Polyanhydrides,3,1.0,0.09999999999999998,123.18741609535601,False,family,Mondrian-family,random_3,random,hist_gbr
Polyolefins,27,1.0,0.09999999999999998,302.3101267502551,True,family,Mondrian-family,random_3,random,hist_gbr
Polysulfides,9,1.0,0.09999999999999998,123.18741609535601,False,family,Mondrian-family,random_3,random,hist_gbr
Polyureas,6,1.0,0.09999999999999998,123.18741609535603,False,family,Mondrian-family,random_3,random,hist_gbr
0,45,0.7777777777777778,-0.12222222222222223,171.1179218650493,True,similarity,Normalised SCP,random_3,random,hist_gbr
1,79,0.7974683544303798,-0.10253164556962024,170.69888053271288,True,similarity,Normalised SCP,random_3,random,hist_gbr
3,217,0.8525345622119815,-0.04746543778801848,133.8322090664398,True,similarity,Normalised SCP,random_3,random,hist_gbr
2,139,0.8705035971223022,-0.029496402877697836,135.3150999462205,True,similarity,Normalised SCP,random_3,random,hist_gbr
4,301,0.9302325581395349,0.03023255813953485,126.45687690968899,True,similarity,Normalised SCP,random_3,random,hist_gbr
5,654,0.9434250764525994,0.04342507645259941,113.70974288448862,True,similarity,Normalised SCP,random_3,random,hist_gbr
Polyimines,7,0.7142857142857143,-0.18571428571428572,97.69447014679807,False,family,Normalised SCP,random_3,random,hist_gbr
Polysiloxanes,41,0.8048780487804879,-0.09512195121951217,126.18435477993634,True,family,Normalised SCP,random_3,random,hist_gbr
Polydienes,22,0.8181818181818182,-0.08181818181818179,181.07673984106557,True,family,Normalised SCP,random_3,random,hist_gbr
Polycarbonates,17,0.8235294117647058,-0.07647058823529418,110.04353845883183,True,family,Normalised SCP,random_3,random,hist_gbr
Polystyrenes,50,0.88,-0.020000000000000018,139.31566765183624,True,family,Normalised SCP,random_3,random,hist_gbr
Polysulfones,51,0.8823529411764706,-0.01764705882352946,118.52368490194341,True,family,Normalised SCP,random_3,random,hist_gbr
Polyamides,208,0.8846153846153846,-0.015384615384615441,98.15160599627461,True,family,Normalised SCP,random_3,random,hist_gbr
Polysulfides,9,0.8888888888888888,-0.011111111111111183,136.4671817844053,False,family,Normalised SCP,random_3,random,hist_gbr
Polyphenylenes,83,0.891566265060241,-0.008433734939759074,162.12976571563536,True,family,Normalised SCP,random_3,random,hist_gbr
Polyesters,168,0.8928571428571429,-0.0071428571428571175,112.64276104770951,True,family,Normalised SCP,random_3,random,hist_gbr
Polyethers,155,0.9096774193548387,0.009677419354838679,118.7306432557764,True,family,Normalised SCP,random_3,random,hist_gbr
Polyacrylics,129,0.9224806201550387,0.02248062015503871,124.19151350016493,True,family,Normalised SCP,random_3,random,hist_gbr
Polyhalo-olefins,13,0.9230769230769231,0.023076923076923106,151.8256538626984,True,family,Normalised SCP,random_3,random,hist_gbr
Polyolefins,27,0.9259259259259259,0.025925925925925908,204.11246798539392,True,family,Normalised SCP,random_3,random,hist_gbr
Polyimides,330,0.9393939393939394,0.039393939393939426,136.79566968052836,True,family,Normalised SCP,random_3,random,hist_gbr
Polyurethanes,34,0.9411764705882353,0.04117647058823526,101.55295499421925,True,family,Normalised SCP,random_3,random,hist_gbr
Polyvinyls,53,0.9433962264150944,0.04339622641509433,141.59661635803545,True,family,Normalised SCP,random_3,random,hist_gbr
Polyphosphazenes,29,0.9655172413793104,0.06551724137931036,125.43028452247667,True,family,Normalised SCP,random_3,random,hist_gbr
Polyanhydrides,3,1.0,0.09999999999999998,125.05926214420124,False,family,Normalised SCP,random_3,random,hist_gbr
Polyureas,6,1.0,0.09999999999999998,116.23202961715678,False,family,Normalised SCP,random_3,random,hist_gbr
1,79,0.6455696202531646,-0.25443037974683547,126.74580000000009,True,similarity,SCP,random_3,random,extra_trees
0,45,0.6888888888888889,-0.21111111111111114,126.74579999999999,True,similarity,SCP,random_3,random,extra_trees
2,139,0.841726618705036,-0.058273381294964066,126.74580000000005,True,similarity,SCP,random_3,random,extra_trees
3,217,0.8709677419354839,-0.029032258064516148,126.74580000000006,True,similarity,SCP,random_3,random,extra_trees
4,301,0.9102990033222591,0.010299003322259082,126.74580000000006,True,similarity,SCP,random_3,random,extra_trees
5,654,0.9510703363914373,0.05107033639143732,126.74580000000006,True,similarity,SCP,random_3,random,extra_trees
Polydienes,22,0.5454545454545454,-0.3545454545454546,126.74580000000006,True,family,SCP,random_3,random,extra_trees
Polysiloxanes,41,0.7804878048780488,-0.11951219512195121,126.74580000000002,True,family,SCP,random_3,random,extra_trees
Polyphenylenes,83,0.7951807228915663,-0.10481927710843375,126.74580000000007,True,family,SCP,random_3,random,extra_trees
Polystyrenes,50,0.82,-0.08000000000000007,126.74580000000002,True,family,SCP,random_3,random,extra_trees
Polyhalo-olefins,13,0.8461538461538461,-0.05384615384615388,126.74580000000005,True,family,SCP,random_3,random,extra_trees
Polyolefins,27,0.8518518518518519,-0.04814814814814816,126.74580000000005,True,family,SCP,random_3,random,extra_trees
Polyimines,7,0.8571428571428571,-0.04285714285714293,126.74580000000003,False,family,SCP,random_3,random,extra_trees
Polyimides,330,0.8909090909090909,-0.00909090909090915,126.74580000000005,True,family,SCP,random_3,random,extra_trees
Polyphosphazenes,29,0.896551724137931,-0.0034482758620689724,126.74580000000005,True,family,SCP,random_3,random,extra_trees
Polyethers,155,0.9096774193548387,0.009677419354838679,126.74580000000006,True,family,SCP,random_3,random,extra_trees
Polyesters,168,0.9166666666666666,0.016666666666666607,126.74580000000006,True,family,SCP,random_3,random,extra_trees
Polysulfones,51,0.9215686274509803,0.021568627450980316,126.74580000000002,True,family,SCP,random_3,random,extra_trees
Polyamides,208,0.9278846153846154,0.027884615384615397,126.74580000000006,True,family,SCP,random_3,random,extra_trees
Polyacrylics,129,0.937984496124031,0.037984496124030986,126.74580000000003,True,family,SCP,random_3,random,extra_trees
Polycarbonates,17,0.9411764705882353,0.04117647058823526,126.74580000000003,True,family,SCP,random_3,random,extra_trees
Polyurethanes,34,0.9411764705882353,0.04117647058823526,126.74580000000002,True,family,SCP,random_3,random,extra_trees
Polyvinyls,53,0.9622641509433962,0.06226415094339621,126.7458,True,family,SCP,random_3,random,extra_trees
Polyanhydrides,3,1.0,0.09999999999999998,126.74580000000003,False,family,SCP,random_3,random,extra_trees
Polysulfides,9,1.0,0.09999999999999998,126.74580000000005,False,family,SCP,random_3,random,extra_trees
Polyureas,6,1.0,0.09999999999999998,126.74580000000003,False,family,SCP,random_3,random,extra_trees
0,45,0.8222222222222222,-0.07777777777777783,215.41180000000003,True,similarity,Mondrian-similarity,random_3,random,extra_trees
4,301,0.8970099667774086,-0.002990033222591393,118.64719999999998,True,similarity,Mondrian-similarity,random_3,random,extra_trees
3,217,0.8986175115207373,-0.0013824884792627001,136.75279999999992,True,similarity,Mondrian-similarity,random_3,random,extra_trees
2,139,0.9064748201438849,0.006474820143884896,175.20955999999998,True,similarity,Mondrian-similarity,random_3,random,extra_trees
5,654,0.9097859327217125,0.009785932721712465,99.53899999999999,True,similarity,Mondrian-similarity,random_3,random,extra_trees
1,79,0.9240506329113924,0.024050632911392422,281.6106800000001,True,similarity,Mondrian-similarity,random_3,random,extra_trees
Polydienes,22,0.6818181818181818,-0.21818181818181825,204.60173090909092,True,family,Mondrian-similarity,random_3,random,extra_trees
Polysiloxanes,41,0.8292682926829268,-0.07073170731707323,133.73945365853658,True,family,Mondrian-similarity,random_3,random,extra_trees
Polyphenylenes,83,0.8433734939759037,-0.05662650602409636,150.5251518072289,True,family,Mondrian-similarity,random_3,random,extra_trees
Polyhalo-olefins,13,0.8461538461538461,-0.05384615384615388,196.26259692307696,True,family,Mondrian-similarity,random_3,random,extra_trees
Polyimines,7,0.8571428571428571,-0.04285714285714293,139.0547257142857,False,family,Mondrian-similarity,random_3,random,extra_trees
Polystyrenes,50,0.88,-0.020000000000000018,143.22777439999996,True,family,Mondrian-similarity,random_3,random,extra_trees
Polyurethanes,34,0.8823529411764706,-0.01764705882352946,116.56287058823528,True,family,Mondrian-similarity,random_3,random,extra_trees
Polyimides,330,0.8848484848484849,-0.015151515151515138,117.53204436363634,True,family,Mondrian-similarity,random_3,random,extra_trees
Polyethers,155,0.9096774193548387,0.009677419354838679,132.38514322580647,True,family,Mondrian-similarity,random_3,random,extra_trees
Polyamides,208,0.9134615384615384,0.013461538461538414,113.89586134615381,True,family,Mondrian-similarity,random_3,random,extra_trees
Polyesters,168,0.9166666666666666,0.016666666666666607,124.97406238095235,True,family,Mondrian-similarity,random_3,random,extra_trees
Polysulfones,51,0.9215686274509803,0.021568627450980316,138.29492470588235,True,family,Mondrian-similarity,random_3,random,extra_trees
Polyolefins,27,0.9259259259259259,0.025925925925925908,179.1869851851852,True,family,Mondrian-similarity,random_3,random,extra_trees
Polyacrylics,129,0.9302325581395349,0.03023255813953485,130.50434604651159,True,family,Mondrian-similarity,random_3,random,extra_trees
Polyanhydrides,3,1.0,0.09999999999999998,111.94359999999996,False,family,Mondrian-similarity,random_3,random,extra_trees
Polyphosphazenes,29,1.0,0.09999999999999998,139.3531075862069,True,family,Mondrian-similarity,random_3,random,extra_trees
Polyvinyls,53,1.0,0.09999999999999998,158.70259547169806,True,family,Mondrian-similarity,random_3,random,extra_trees
Polysulfides,9,1.0,0.09999999999999998,158.58782222222223,False,family,Mondrian-similarity,random_3,random,extra_trees
Polycarbonates,17,1.0,0.09999999999999998,118.23436470588229,True,family,Mondrian-similarity,random_3,random,extra_trees
Polyureas,6,1.0,0.09999999999999998,118.52016000000002,False,family,Mondrian-similarity,random_3,random,extra_trees
0,45,0.6888888888888889,-0.21111111111111114,132.6784306666667,True,similarity,Mondrian-family,random_3,random,extra_trees
1,79,0.6962025316455697,-0.20379746835443036,157.4298379746836,True,similarity,Mondrian-family,random_3,random,extra_trees
2,139,0.8273381294964028,-0.07266187050359718,135.49318575539573,True,similarity,Mondrian-family,random_3,random,extra_trees
3,217,0.8433179723502304,-0.056682027649769595,125.22179548387102,True,similarity,Mondrian-family,random_3,random,extra_trees
4,301,0.8770764119601329,-0.02292358803986716,124.13443940199346,True,similarity,Mondrian-family,random_3,random,extra_trees
5,654,0.9464831804281345,0.046483180428134485,122.64765492354749,True,similarity,Mondrian-family,random_3,random,extra_trees
Polydienes,22,0.5454545454545454,-0.3545454545454546,126.74580000000006,True,family,Mondrian-family,random_3,random,extra_trees
Polycarbonates,17,0.7058823529411765,-0.1941176470588235,67.4296,True,family,Mondrian-family,random_3,random,extra_trees
Polystyrenes,50,0.82,-0.08000000000000007,123.62709999999998,True,family,Mondrian-family,random_3,random,extra_trees
Polysulfones,51,0.8431372549019608,-0.056862745098039236,109.70380000000002,True,family,Mondrian-family,random_3,random,extra_trees
Polyhalo-olefins,13,0.8461538461538461,-0.05384615384615388,126.74580000000005,True,family,Mondrian-family,random_3,random,extra_trees
Polyimides,330,0.8515151515151516,-0.048484848484848464,109.40160000000029,True,family,Mondrian-family,random_3,random,extra_trees
Polyimines,7,0.8571428571428571,-0.04285714285714293,126.74580000000003,False,family,Mondrian-family,random_3,random,extra_trees
Polyethers,155,0.8709677419354839,-0.029032258064516148,92.95648000000001,True,family,Mondrian-family,random_3,random,extra_trees
Polyphenylenes,83,0.8795180722891566,-0.02048192771084345,175.52975999999998,True,family,Mondrian-family,random_3,random,extra_trees
Polyesters,168,0.8928571428571429,-0.0071428571428571175,119.56731999999991,True,family,Mondrian-family,random_3,random,extra_trees
Polyamides,208,0.8990384615384616,-0.0009615384615384581,106.46439999999994,True,family,Mondrian-family,random_3,random,extra_trees
Polysiloxanes,41,0.9024390243902439,0.0024390243902439046,171.77863999999997,True,family,Mondrian-family,random_3,random,extra_trees
Polyurethanes,34,0.9411764705882353,0.04117647058823526,132.02640000000048,True,family,Mondrian-family,random_3,random,extra_trees
Polyacrylics,129,0.9457364341085271,0.045736434108527124,150.40120000000002,True,family,Mondrian-family,random_3,random,extra_trees
Polyvinyls,53,0.9622641509433962,0.06226415094339621,129.25816000000015,True,family,Mondrian-family,random_3,random,extra_trees
Polyphosphazenes,29,1.0,0.09999999999999998,257.2278,True,family,Mondrian-family,random_3,random,extra_trees
Polyanhydrides,3,1.0,0.09999999999999998,126.74580000000003,False,family,Mondrian-family,random_3,random,extra_trees
Polyolefins,27,1.0,0.09999999999999998,329.90292000000005,True,family,Mondrian-family,random_3,random,extra_trees
Polysulfides,9,1.0,0.09999999999999998,126.74580000000005,False,family,Mondrian-family,random_3,random,extra_trees
Polyureas,6,1.0,0.09999999999999998,126.74580000000003,False,family,Mondrian-family,random_3,random,extra_trees
0,45,0.7333333333333333,-0.16666666666666674,173.76248843360557,True,similarity,Normalised SCP,random_3,random,extra_trees
1,79,0.7848101265822784,-0.11518987341772158,169.624581459325,True,similarity,Normalised SCP,random_3,random,extra_trees
2,139,0.8273381294964028,-0.07266187050359718,134.30041331003687,True,similarity,Normalised SCP,random_3,random,extra_trees
3,217,0.8617511520737328,-0.03824884792626726,130.5600667236458,True,similarity,Normalised SCP,random_3,random,extra_trees
4,301,0.9003322259136213,0.00033222591362125353,123.95613653066745,True,similarity,Normalised SCP,random_3,random,extra_trees
5,654,0.9342507645259939,0.03425076452599385,108.40580811210117,True,similarity,Normalised SCP,random_3,random,extra_trees
Polydienes,22,0.7727272727272727,-0.12727272727272732,196.32099852941894,True,family,Normalised SCP,random_3,random,extra_trees
Polysiloxanes,41,0.7804878048780488,-0.11951219512195121,126.93003267880154,True,family,Normalised SCP,random_3,random,extra_trees
Polyphenylenes,83,0.8313253012048193,-0.06867469879518073,145.67800306741157,True,family,Normalised SCP,random_3,random,extra_trees
Polyhalo-olefins,13,0.8461538461538461,-0.05384615384615388,148.4544783083232,True,family,Normalised SCP,random_3,random,extra_trees
Polyimines,7,0.8571428571428571,-0.04285714285714293,103.22468361260961,False,family,Normalised SCP,random_3,random,extra_trees
Polyamides,208,0.8701923076923077,-0.029807692307692313,92.06862245988795,True,family,Normalised SCP,random_3,random,extra_trees
Polyesters,168,0.8809523809523809,-0.01904761904761909,104.69894920936184,True,family,Normalised SCP,random_3,random,extra_trees
Polyurethanes,34,0.8823529411764706,-0.01764705882352946,94.95679537876423,True,family,Normalised SCP,random_3,random,extra_trees
Polyimides,330,0.8909090909090909,-0.00909090909090915,133.63735816290165,True,family,Normalised SCP,random_3,random,extra_trees
Polystyrenes,50,0.9,0.0,147.26569073225707,True,family,Normalised SCP,random_3,random,extra_trees
Polysulfones,51,0.9019607843137255,0.0019607843137254832,122.81528828097817,True,family,Normalised SCP,random_3,random,extra_trees
Polyacrylics,129,0.9147286821705426,0.014728682170542573,121.61687803832044,True,family,Normalised SCP,random_3,random,extra_trees
Polyethers,155,0.9290322580645162,0.029032258064516148,124.01185951580109,True,family,Normalised SCP,random_3,random,extra_trees
Polyphosphazenes,29,0.9310344827586207,0.03103448275862064,127.520137671352,True,family,Normalised SCP,random_3,random,extra_trees
Polycarbonates,17,0.9411764705882353,0.04117647058823526,100.80915221595569,True,family,Normalised SCP,random_3,random,extra_trees
Polyvinyls,53,0.9622641509433962,0.06226415094339621,120.9030629813421,True,family,Normalised SCP,random_3,random,extra_trees
Polyolefins,27,0.9629629629629629,0.06296296296296289,202.07838882899998,True,family,Normalised SCP,random_3,random,extra_trees
Polyanhydrides,3,1.0,0.09999999999999998,113.61726717455558,False,family,Normalised SCP,random_3,random,extra_trees
Polysulfides,9,1.0,0.09999999999999998,127.41063424255243,False,family,Normalised SCP,random_3,random,extra_trees
Polyureas,6,1.0,0.09999999999999998,131.83184117650794,False,family,Normalised SCP,random_3,random,extra_trees
5,618,0.8754045307443366,-0.02459546925566347,360.0,True,similarity,SCP,random_4,random,median
4,296,0.8952702702702703,-0.004729729729729737,360.0,True,similarity,SCP,random_4,random,median
1,86,0.8953488372093024,-0.0046511627906976605,360.0,True,similarity,SCP,random_4,random,median
2,164,0.9085365853658537,0.008536585365853666,360.0,True,similarity,SCP,random_4,random,median
0,65,0.9230769230769231,0.023076923076923106,360.0,True,similarity,SCP,random_4,random,median
3,206,0.9271844660194175,0.027184466019417486,360.0,True,similarity,SCP,random_4,random,median
Polysiloxanes,31,0.7096774193548387,-0.19032258064516128,360.0,True,family,SCP,random_4,random,median
Polyolefins,34,0.7941176470588235,-0.10588235294117654,360.0,True,family,SCP,random_4,random,median
Polyimides,334,0.8143712574850299,-0.0856287425149701,360.0,True,family,SCP,random_4,random,median
Polyphenylenes,86,0.8604651162790697,-0.03953488372093028,360.0,True,family,SCP,random_4,random,median
Polyethers,133,0.8872180451127819,-0.012781954887218117,360.0,True,family,SCP,random_4,random,median
Polydienes,19,0.8947368421052632,-0.0052631578947368585,360.0,True,family,SCP,random_4,random,median
Polyesters,172,0.9011627906976745,0.0011627906976744429,360.0,True,family,SCP,random_4,random,median
Polyphosphazenes,33,0.9090909090909091,0.009090909090909038,360.0,True,family,SCP,random_4,random,median
Polysulfides,13,0.9230769230769231,0.023076923076923106,360.0,True,family,SCP,random_4,random,median
Polyvinyls,52,0.9230769230769231,0.023076923076923106,360.0,True,family,SCP,random_4,random,median
Polyamides,203,0.9408866995073891,0.0408866995073891,360.0,True,family,SCP,random_4,random,median
Polysulfones,49,0.9591836734693877,0.05918367346938769,360.0,True,family,SCP,random_4,random,median
Polyacrylics,123,0.959349593495935,0.05934959349593494,360.0,True,family,SCP,random_4,random,median
Polystyrenes,52,0.9807692307692307,0.0807692307692307,360.0,True,family,SCP,random_4,random,median
Polyimines,13,1.0,0.09999999999999998,360.0,True,family,SCP,random_4,random,median
Polyhalo-olefins,11,1.0,0.09999999999999998,360.0,True,family,SCP,random_4,random,median
Polyanhydrides,9,1.0,0.09999999999999998,360.0,False,family,SCP,random_4,random,median
Polyurethanes,45,1.0,0.09999999999999998,360.0,True,family,SCP,random_4,random,median
Polycarbonates,16,1.0,0.09999999999999998,360.0,True,family,SCP,random_4,random,median
Polyureas,7,1.0,0.09999999999999998,360.0,False,family,SCP,random_4,random,median
5,618,0.8689320388349514,-0.03106796116504862,352.0,True,similarity,Mondrian-similarity,random_4,random,median
2,164,0.8719512195121951,-0.028048780487804903,334.0,True,similarity,Mondrian-similarity,random_4,random,median
1,86,0.872093023255814,-0.027906976744186074,325.0,True,similarity,Mondrian-similarity,random_4,random,median
0,65,0.9230769230769231,0.023076923076923106,360.0,True,similarity,Mondrian-similarity,random_4,random,median
4,296,0.9290540540540541,0.029054054054054035,396.0,True,similarity,Mondrian-similarity,random_4,random,median
3,206,0.9563106796116505,0.05631067961165048,398.0,True,similarity,Mondrian-similarity,random_4,random,median
Polysiloxanes,31,0.7096774193548387,-0.19032258064516128,361.38709677419354,True,family,Mondrian-similarity,random_4,random,median
Polyolefins,34,0.7647058823529411,-0.1352941176470589,355.44117647058823,True,family,Mondrian-similarity,random_4,random,median
Polyimides,334,0.8413173652694611,-0.05868263473053892,365.87125748502996,True,family,Mondrian-similarity,random_4,random,median
Polyphosphazenes,33,0.8484848484848485,-0.051515151515151514,364.6969696969697,True,family,Mondrian-similarity,random_4,random,median
Polyphenylenes,86,0.8604651162790697,-0.03953488372093028,364.1744186046512,True,family,Mondrian-similarity,random_4,random,median
Polyethers,133,0.8796992481203008,-0.020300751879699264,367.10526315789474,True,family,Mondrian-similarity,random_4,random,median
Polydienes,19,0.8947368421052632,-0.0052631578947368585,343.2631578947368,True,family,Mondrian-similarity,random_4,random,median
Polyesters,172,0.9011627906976745,0.0011627906976744429,366.0406976744186,True,family,Mondrian-similarity,random_4,random,median
Polyvinyls,52,0.9038461538461539,0.0038461538461538325,366.3269230769231,True,family,Mondrian-similarity,random_4,random,median
Polysulfides,13,0.9230769230769231,0.023076923076923106,346.2307692307692,True,family,Mondrian-similarity,random_4,random,median
Polycarbonates,16,0.9375,0.03749999999999998,366.375,True,family,Mondrian-similarity,random_4,random,median
Polyamides,203,0.9458128078817734,0.04581280788177333,360.6896551724138,True,family,Mondrian-similarity,random_4,random,median
Polysulfones,49,0.9591836734693877,0.05918367346938769,367.51020408163265,True,family,Mondrian-similarity,random_4,random,median
Polyacrylics,123,0.959349593495935,0.05934959349593494,368.4308943089431,True,family,Mondrian-similarity,random_4,random,median
Polystyrenes,52,0.9807692307692307,0.0807692307692307,360.0,True,family,Mondrian-similarity,random_4,random,median
Polyimines,13,1.0,0.09999999999999998,366.15384615384613,True,family,Mondrian-similarity,random_4,random,median
Polyanhydrides,9,1.0,0.09999999999999998,374.22222222222223,False,family,Mondrian-similarity,random_4,random,median
Polyurethanes,45,1.0,0.09999999999999998,364.22222222222223,True,family,Mondrian-similarity,random_4,random,median
Polyhalo-olefins,11,1.0,0.09999999999999998,361.6363636363636,True,family,Mondrian-similarity,random_4,random,median
Polyureas,7,1.0,0.09999999999999998,363.42857142857144,False,family,Mondrian-similarity,random_4,random,median
5,618,0.8754045307443366,-0.02459546925566347,354.24919093851133,True,similarity,Mondrian-family,random_4,random,median
2,164,0.8963414634146342,-0.003658536585365857,338.29756097560977,True,similarity,Mondrian-family,random_4,random,median
4,296,0.9054054054054054,0.00540540540540535,361.22162162162164,True,similarity,Mondrian-family,random_4,random,median
1,86,0.9069767441860465,0.006976744186046435,350.3720930232558,True,similarity,Mondrian-family,random_4,random,median
3,206,0.912621359223301,0.012621359223300987,334.88543689320386,True,similarity,Mondrian-family,random_4,random,median
0,65,0.9230769230769231,0.023076923076923106,347.84615384615387,True,similarity,Mondrian-family,random_4,random,median
Polyolefins,34,0.7941176470588235,-0.10588235294117654,365.2000000000001,True,family,Mondrian-family,random_4,random,median
Polyvinyls,52,0.8076923076923077,-0.09230769230769231,290.0,True,family,Mondrian-family,random_4,random,median
Polyesters,172,0.8372093023255814,-0.06279069767441858,320.0,True,family,Mondrian-family,random_4,random,median
Polystyrenes,52,0.8461538461538461,-0.05384615384615388,218.0,True,family,Mondrian-family,random_4,random,median
Polyamides,203,0.8522167487684729,-0.04778325123152716,290.0,True,family,Mondrian-family,random_4,random,median
Polyethers,133,0.8872180451127819,-0.012781954887218117,358.0,True,family,Mondrian-family,random_4,random,median
Polydienes,19,0.8947368421052632,-0.0052631578947368585,360.0,True,family,Mondrian-family,random_4,random,median
Polyacrylics,123,0.9024390243902439,0.0024390243902439046,242.0,True,family,Mondrian-family,random_4,random,median
Polysiloxanes,31,0.9032258064516129,0.003225806451612856,438.0,True,family,Mondrian-family,random_4,random,median
Polyphosphazenes,33,0.9090909090909091,0.009090909090909038,360.0,True,family,Mondrian-family,random_4,random,median
Polyurethanes,45,0.9111111111111111,0.011111111111111072,273.6,True,family,Mondrian-family,random_4,random,median
Polysulfides,13,0.9230769230769231,0.023076923076923106,360.0,True,family,Mondrian-family,random_4,random,median
Polyimides,334,0.9251497005988024,0.025149700598802394,432.0,True,family,Mondrian-family,random_4,random,median
Polysulfones,49,0.9591836734693877,0.05918367346938769,320.0,True,family,Mondrian-family,random_4,random,median
Polyphenylenes,86,0.9651162790697675,0.06511627906976747,506.0,True,family,Mondrian-family,random_4,random,median
Polyimines,13,1.0,0.09999999999999998,360.0,True,family,Mondrian-family,random_4,random,median
Polyanhydrides,9,1.0,0.09999999999999998,360.0,False,family,Mondrian-family,random_4,random,median
Polyhalo-olefins,11,1.0,0.09999999999999998,360.0,True,family,Mondrian-family,random_4,random,median
Polycarbonates,16,1.0,0.09999999999999998,360.0,True,family,Mondrian-family,random_4,random,median
Polyureas,7,1.0,0.09999999999999998,360.0,False,family,Mondrian-family,random_4,random,median
2,164,0.8292682926829268,-0.07073170731707323,270.2176106548231,True,similarity,Normalised SCP,random_4,random,median
1,86,0.8372093023255814,-0.06279069767441858,292.6850863819335,True,similarity,Normalised SCP,random_4,random,median
0,65,0.8461538461538461,-0.05384615384615388,310.6072883377378,True,similarity,Normalised SCP,random_4,random,median
3,206,0.883495145631068,-0.01650485436893201,285.81609936114353,True,similarity,Normalised SCP,random_4,random,median
4,296,0.8885135135135135,-0.011486486486486536,314.29471697597967,True,similarity,Normalised SCP,random_4,random,median
5,618,0.9288025889967637,0.02880258899676369,348.28231968839196,True,similarity,Normalised SCP,random_4,random,median
Polyphosphazenes,33,0.6060606060606061,-0.29393939393939394,340.56831699650405,True,family,Normalised SCP,random_4,random,median
Polysiloxanes,31,0.6129032258064516,-0.2870967741935484,307.3490401591375,True,family,Normalised SCP,random_4,random,median
Polyolefins,34,0.7352941176470589,-0.16470588235294115,370.14965316068725,True,family,Normalised SCP,random_4,random,median
Polyurethanes,45,0.8,-0.09999999999999998,225.0633699936126,True,family,Normalised SCP,random_4,random,median
Polyesters,172,0.8081395348837209,-0.0918604651162791,268.44960758113774,True,family,Normalised SCP,random_4,random,median
Polyphenylenes,86,0.8255813953488372,-0.07441860465116279,293.14236921089275,True,family,Normalised SCP,random_4,random,median
Polysulfides,13,0.8461538461538461,-0.05384615384615388,255.38592927942696,True,family,Normalised SCP,random_4,random,median
Polyimines,13,0.8461538461538461,-0.05384615384615388,184.47074909609358,True,family,Normalised SCP,random_4,random,median
Polycarbonates,16,0.875,-0.025000000000000022,252.474472070124,True,family,Normalised SCP,random_4,random,median
Polystyrenes,52,0.8846153846153846,-0.015384615384615441,201.73234270001007,True,family,Normalised SCP,random_4,random,median
Polydienes,19,0.8947368421052632,-0.0052631578947368585,371.29492646592803,True,family,Normalised SCP,random_4,random,median
Polyethers,133,0.9097744360902256,0.009774436090225547,296.6335890340371,True,family,Normalised SCP,random_4,random,median
Polyamides,203,0.916256157635468,0.01625615763546795,279.9051102112536,True,family,Normalised SCP,random_4,random,median
Polysulfones,49,0.9183673469387755,0.01836734693877551,273.2812447904462,True,family,Normalised SCP,random_4,random,median
Polyacrylics,123,0.943089430894309,0.043089430894308944,260.0444736852006,True,family,Normalised SCP,random_4,random,median
Polyimides,334,0.9790419161676647,0.07904191616766465,438.506561443813,True,family,Normalised SCP,random_4,random,median
Polyvinyls,52,0.9807692307692307,0.0807692307692307,328.39076455024525,True,family,Normalised SCP,random_4,random,median
Polyhalo-olefins,11,1.0,0.09999999999999998,478.7632160197273,True,family,Normalised SCP,random_4,random,median
Polyanhydrides,9,1.0,0.09999999999999998,210.80783717198966,False,family,Normalised SCP,random_4,random,median
Polyureas,7,1.0,0.09999999999999998,329.70968607495746,False,family,Normalised SCP,random_4,random,median
0,65,0.7692307692307693,-0.13076923076923075,148.11233236281078,True,similarity,SCP,random_4,random,svr
1,86,0.7790697674418605,-0.1209302325581395,148.11233236281078,True,similarity,SCP,random_4,random,svr
2,164,0.8292682926829268,-0.07073170731707323,148.11233236281078,True,similarity,SCP,random_4,random,svr
4,296,0.9155405405405406,0.015540540540540548,148.11233236281078,True,similarity,SCP,random_4,random,svr
3,206,0.9271844660194175,0.027184466019417486,148.11233236281078,True,similarity,SCP,random_4,random,svr
5,618,0.9563106796116505,0.05631067961165048,148.11233236281078,True,similarity,SCP,random_4,random,svr
Polydienes,19,0.5263157894736842,-0.37368421052631584,148.11233236281078,True,family,SCP,random_4,random,svr
Polyolefins,34,0.7058823529411765,-0.1941176470588235,148.11233236281078,True,family,SCP,random_4,random,svr
Polyureas,7,0.7142857142857143,-0.18571428571428572,148.11233236281078,False,family,SCP,random_4,random,svr
Polyphosphazenes,33,0.7575757575757576,-0.14242424242424245,148.11233236281078,True,family,SCP,random_4,random,svr
Polyurethanes,45,0.8222222222222222,-0.07777777777777783,148.11233236281078,True,family,SCP,random_4,random,svr
Polysiloxanes,31,0.8709677419354839,-0.029032258064516148,148.11233236281078,True,family,SCP,random_4,random,svr
Polyacrylics,123,0.8943089430894309,-0.005691056910569148,148.11233236281083,True,family,SCP,random_4,random,svr
Polyphenylenes,86,0.8953488372093024,-0.0046511627906976605,148.11233236281078,True,family,SCP,random_4,random,svr
Polysulfones,49,0.8979591836734694,-0.0020408163265306367,148.11233236281078,True,family,SCP,random_4,random,svr
Polyhalo-olefins,11,0.9090909090909091,0.009090909090909038,148.11233236281078,True,family,SCP,random_4,random,svr
Polyethers,133,0.9097744360902256,0.009774436090225547,148.11233236281078,True,family,SCP,random_4,random,svr
Polystyrenes,52,0.9230769230769231,0.023076923076923106,148.11233236281078,True,family,SCP,random_4,random,svr
Polysulfides,13,0.9230769230769231,0.023076923076923106,148.11233236281078,True,family,SCP,random_4,random,svr
Polyimides,334,0.937125748502994,0.037125748502993994,148.11233236281078,True,family,SCP,random_4,random,svr
Polyamides,203,0.9408866995073891,0.0408866995073891,148.11233236281078,True,family,SCP,random_4,random,svr
Polyesters,172,0.9418604651162791,0.041860465116279055,148.11233236281078,True,family,SCP,random_4,random,svr
Polyanhydrides,9,1.0,0.09999999999999998,148.11233236281078,False,family,SCP,random_4,random,svr
Polyimines,13,1.0,0.09999999999999998,148.11233236281078,True,family,SCP,random_4,random,svr
Polyvinyls,52,1.0,0.09999999999999998,148.11233236281078,True,family,SCP,random_4,random,svr
Polycarbonates,16,1.0,0.09999999999999998,148.11233236281078,True,family,SCP,random_4,random,svr
1,86,0.8837209302325582,-0.016279069767441867,222.8963318306023,True,similarity,Mondrian-similarity,random_4,random,svr
0,65,0.8923076923076924,-0.007692307692307665,254.81902326139942,True,similarity,Mondrian-similarity,random_4,random,svr
5,618,0.9142394822006472,0.014239482200647191,107.71973542214069,True,similarity,Mondrian-similarity,random_4,random,svr
2,164,0.9146341463414634,0.014634146341463428,206.090593459377,True,similarity,Mondrian-similarity,random_4,random,svr
4,296,0.918918918918919,0.018918918918918948,156.75137815612618,True,similarity,Mondrian-similarity,random_4,random,svr
3,206,0.9611650485436893,0.061165048543689315,185.5162940957878,True,similarity,Mondrian-similarity,random_4,random,svr
Polydienes,19,0.6842105263157895,-0.21578947368421053,212.78325471197715,True,family,Mondrian-similarity,random_4,random,svr
Polyureas,7,0.7142857142857143,-0.18571428571428572,160.9052136055875,False,family,Mondrian-similarity,random_4,random,svr
Polyurethanes,45,0.8222222222222222,-0.07777777777777783,154.59615795808648,True,family,Mondrian-similarity,random_4,random,svr
Polyphosphazenes,33,0.8484848484848485,-0.051515151515151514,176.98421188018796,True,family,Mondrian-similarity,random_4,random,svr
Polysiloxanes,31,0.8709677419354839,-0.029032258064516148,145.01476076225995,True,family,Mondrian-similarity,random_4,random,svr
Polyolefins,34,0.8823529411764706,-0.01764705882352946,213.1297199719988,True,family,Mondrian-similarity,random_4,random,svr
Polyphenylenes,86,0.9069767441860465,0.006976744186046435,169.27576113535991,True,family,Mondrian-similarity,random_4,random,svr
Polyhalo-olefins,11,0.9090909090909091,0.009090909090909038,225.6842959740857,True,family,Mondrian-similarity,random_4,random,svr
Polyimides,334,0.9131736526946108,0.013173652694610793,136.2066997991188,True,family,Mondrian-similarity,random_4,random,svr
Polysulfones,49,0.9183673469387755,0.01836734693877551,158.7929647110187,True,family,Mondrian-similarity,random_4,random,svr
Polyesters,172,0.9186046511627907,0.018604651162790642,148.053739000813,True,family,Mondrian-similarity,random_4,random,svr
Polystyrenes,52,0.9230769230769231,0.023076923076923106,176.20884717596022,True,family,Mondrian-similarity,random_4,random,svr
Polysulfides,13,0.9230769230769231,0.023076923076923106,190.9925548620481,True,family,Mondrian-similarity,random_4,random,svr
Polyacrylics,123,0.9349593495934959,0.03495934959349589,161.26023544098996,True,family,Mondrian-similarity,random_4,random,svr
Polyethers,133,0.9398496240601504,0.03984962406015036,156.4187674134318,True,family,Mondrian-similarity,random_4,random,svr
Polyamides,203,0.9556650246305419,0.055665024630541904,135.2953277152632,True,family,Mondrian-similarity,random_4,random,svr
Polyvinyls,52,0.9807692307692307,0.0807692307692307,180.72851386014588,True,family,Mondrian-similarity,random_4,random,svr
Polyimines,13,1.0,0.09999999999999998,166.5320591475727,True,family,Mondrian-similarity,random_4,random,svr
Polyanhydrides,9,1.0,0.09999999999999998,185.94850001573016,False,family,Mondrian-similarity,random_4,random,svr
Polycarbonates,16,1.0,0.09999999999999998,140.20076594826864,True,family,Mondrian-similarity,random_4,random,svr
0,65,0.7846153846153846,-0.11538461538461542,160.89621515930006,True,similarity,Mondrian-family,random_4,random,svr
1,86,0.8023255813953488,-0.0976744186046512,161.65589063816893,True,similarity,Mondrian-family,random_4,random,svr
2,164,0.8170731707317073,-0.08292682926829276,151.06656731699732,True,similarity,Mondrian-family,random_4,random,svr
4,296,0.9054054054054054,0.00540540540540535,145.31421451990963,True,similarity,Mondrian-family,random_4,random,svr
3,206,0.9174757281553398,0.01747572815533982,149.95215062199986,True,similarity,Mondrian-family,random_4,random,svr
5,618,0.9546925566343042,0.05469255663430417,141.93545968253665,True,similarity,Mondrian-family,random_4,random,svr
Polydienes,19,0.5263157894736842,-0.37368421052631584,148.11233236281078,True,family,Mondrian-family,random_4,random,svr
Polyureas,7,0.7142857142857143,-0.18571428571428572,148.11233236281078,False,family,Mondrian-family,random_4,random,svr
Polyphosphazenes,33,0.7575757575757576,-0.14242424242424245,148.11233236281078,True,family,Mondrian-family,random_4,random,svr
Polysulfones,49,0.8571428571428571,-0.04285714285714293,123.23038009662967,True,family,Mondrian-family,random_4,random,svr
Polyamides,203,0.8719211822660099,-0.028078817733990125,103.17791791617815,True,family,Mondrian-family,random_4,random,svr
Polyacrylics,123,0.8780487804878049,-0.02195121951219514,136.96527831214763,True,family,Mondrian-family,random_4,random,svr
Polyethers,133,0.8796992481203008,-0.020300751879699264,111.25987529141196,True,family,Mondrian-family,random_4,random,svr
Polyolefins,34,0.8823529411764706,-0.01764705882352946,244.07535048407334,True,family,Mondrian-family,random_4,random,svr
Polysiloxanes,31,0.9032258064516129,0.003225806451612856,206.09059345937715,True,family,Mondrian-family,random_4,random,svr
Polyhalo-olefins,11,0.9090909090909091,0.009090909090909038,148.11233236281078,True,family,Mondrian-family,random_4,random,svr
Polysulfides,13,0.9230769230769231,0.023076923076923106,148.11233236281078,True,family,Mondrian-family,random_4,random,svr
Polyurethanes,45,0.9333333333333333,0.033333333333333326,229.5107151346852,True,family,Mondrian-family,random_4,random,svr
Polyimides,334,0.9401197604790419,0.040119760479041866,149.2619663663762,True,family,Mondrian-family,random_4,random,svr
Polyphenylenes,86,0.9418604651162791,0.041860465116279055,217.81500892582173,True,family,Mondrian-family,random_4,random,svr
Polyesters,172,0.9418604651162791,0.041860465116279055,151.7184816177303,True,family,Mondrian-family,random_4,random,svr
Polystyrenes,52,0.9423076923076923,0.04230769230769227,162.87009276898306,True,family,Mondrian-family,random_4,random,svr
Polyvinyls,52,0.9807692307692307,0.0807692307692307,116.14976375575687,True,family,Mondrian-family,random_4,random,svr
Polyimines,13,1.0,0.09999999999999998,148.11233236281078,True,family,Mondrian-family,random_4,random,svr
Polyanhydrides,9,1.0,0.09999999999999998,148.11233236281078,False,family,Mondrian-family,random_4,random,svr
Polycarbonates,16,1.0,0.09999999999999998,148.11233236281078,True,family,Mondrian-family,random_4,random,svr
1,86,0.813953488372093,-0.086046511627907,187.44863538833093,True,similarity,Normalised SCP,random_4,random,svr
2,164,0.8597560975609756,-0.040243902439024426,163.43929443808415,True,similarity,Normalised SCP,random_4,random,svr
0,65,0.8615384615384616,-0.038461538461538436,201.77328231100208,True,similarity,Normalised SCP,random_4,random,svr
4,296,0.8952702702702703,-0.004729729729729737,140.23790549380996,True,similarity,Normalised SCP,random_4,random,svr
3,206,0.9077669902912622,0.007766990291262155,149.77171883934056,True,similarity,Normalised SCP,random_4,random,svr
5,618,0.9368932038834952,0.03689320388349515,122.93809515029476,True,similarity,Normalised SCP,random_4,random,svr
Polydienes,19,0.6842105263157895,-0.21578947368421053,222.20398478094936,True,family,Normalised SCP,random_4,random,svr
Polyurethanes,45,0.7333333333333333,-0.16666666666666674,113.48546956756933,True,family,Normalised SCP,random_4,random,svr
Polyimines,13,0.7692307692307693,-0.13076923076923075,113.623623196735,True,family,Normalised SCP,random_4,random,svr
Polyphosphazenes,33,0.7878787878787878,-0.11212121212121218,161.18207187195864,True,family,Normalised SCP,random_4,random,svr
Polysiloxanes,31,0.8387096774193549,-0.06129032258064515,144.51357344674537,True,family,Normalised SCP,random_4,random,svr
Polyolefins,34,0.8529411764705882,-0.04705882352941182,237.32851177826888,True,family,Normalised SCP,random_4,random,svr
Polyureas,7,0.8571428571428571,-0.04285714285714293,175.6265986126277,False,family,Normalised SCP,random_4,random,svr
Polyacrylics,123,0.8861788617886179,-0.013821138211382089,146.51957836112283,True,family,Normalised SCP,random_4,random,svr
Polyesters,172,0.9069767441860465,0.006976744186046435,123.5773798762129,True,family,Normalised SCP,random_4,random,svr
Polyphenylenes,86,0.9069767441860465,0.006976744186046435,169.06672312699246,True,family,Normalised SCP,random_4,random,svr
Polyhalo-olefins,11,0.9090909090909091,0.009090909090909038,303.34618387446574,True,family,Normalised SCP,random_4,random,svr
Polyethers,133,0.9097744360902256,0.009774436090225547,135.78008087138568,True,family,Normalised SCP,random_4,random,svr
Polysulfones,49,0.9183673469387755,0.01836734693877551,135.16872172722904,True,family,Normalised SCP,random_4,random,svr
Polysulfides,13,0.9230769230769231,0.023076923076923106,144.3121508859588,True,family,Normalised SCP,random_4,random,svr
Polystyrenes,52,0.9230769230769231,0.023076923076923106,184.68942391771185,True,family,Normalised SCP,random_4,random,svr
Polyamides,203,0.9261083743842364,0.02610837438423641,121.35950165738495,True,family,Normalised SCP,random_4,random,svr
Polyimides,334,0.9311377245508982,0.031137724550898138,134.17990676650038,True,family,Normalised SCP,random_4,random,svr
Polyvinyls,52,1.0,0.09999999999999998,157.18586116802368,True,family,Normalised SCP,random_4,random,svr
Polyanhydrides,9,1.0,0.09999999999999998,151.39520926917214,False,family,Normalised SCP,random_4,random,svr
Polycarbonates,16,1.0,0.09999999999999998,135.73339587798176,True,family,Normalised SCP,random_4,random,svr
0,65,0.676923076923077,-0.22307692307692306,143.62015999999988,True,similarity,SCP,random_4,random,random_forest
1,86,0.7325581395348837,-0.16744186046511633,143.62015999999994,True,similarity,SCP,random_4,random,random_forest
2,164,0.8048780487804879,-0.09512195121951217,143.6201599999999,True,similarity,SCP,random_4,random,random_forest
3,206,0.9029126213592233,0.002912621359223322,143.6201599999999,True,similarity,SCP,random_4,random,random_forest
4,296,0.9222972972972973,0.022297297297297236,143.6201599999999,True,similarity,SCP,random_4,random,random_forest
5,618,0.9530744336569579,0.05307443365695785,143.6201599999999,True,similarity,SCP,random_4,random,random_forest
Polyphosphazenes,33,0.5454545454545454,-0.3545454545454546,143.62015999999988,True,family,SCP,random_4,random,random_forest
Polydienes,19,0.5789473684210527,-0.32105263157894737,143.62015999999988,True,family,SCP,random_4,random,random_forest
Polyolefins,34,0.7352941176470589,-0.16470588235294115,143.62015999999986,True,family,SCP,random_4,random,random_forest
Polysulfides,13,0.7692307692307693,-0.13076923076923075,143.6201599999999,True,family,SCP,random_4,random,random_forest
Polyanhydrides,9,0.7777777777777778,-0.12222222222222223,143.62015999999988,False,family,SCP,random_4,random,random_forest
Polyphenylenes,86,0.8604651162790697,-0.03953488372093028,143.62015999999994,True,family,SCP,random_4,random,random_forest
Polyurethanes,45,0.8666666666666667,-0.033333333333333326,143.62015999999986,True,family,SCP,random_4,random,random_forest
Polysulfones,49,0.8775510204081632,-0.022448979591836782,143.62015999999988,True,family,SCP,random_4,random,random_forest
Polystyrenes,52,0.9038461538461539,0.0038461538461538325,143.62015999999988,True,family,SCP,random_4,random,random_forest
Polyhalo-olefins,11,0.9090909090909091,0.009090909090909038,143.6201599999999,True,family,SCP,random_4,random,random_forest
Polyacrylics,123,0.9105691056910569,0.010569105691056846,143.62015999999988,True,family,SCP,random_4,random,random_forest
Polyesters,172,0.9127906976744186,0.012790697674418539,143.62015999999994,True,family,SCP,random_4,random,random_forest
Polyimides,334,0.9161676646706587,0.016167664670658666,143.6201599999999,True,family,SCP,random_4,random,random_forest
Polyimines,13,0.9230769230769231,0.023076923076923106,143.6201599999999,True,family,SCP,random_4,random,random_forest
Polyethers,133,0.924812030075188,0.024812030075187952,143.6201599999999,True,family,SCP,random_4,random,random_forest
Polysiloxanes,31,0.9354838709677419,0.03548387096774186,143.62015999999986,True,family,SCP,random_4,random,random_forest
Polyamides,203,0.9408866995073891,0.0408866995073891,143.6201599999999,True,family,SCP,random_4,random,random_forest
Polyvinyls,52,0.9615384615384616,0.06153846153846154,143.62015999999988,True,family,SCP,random_4,random,random_forest
Polycarbonates,16,1.0,0.09999999999999998,143.62015999999988,True,family,SCP,random_4,random,random_forest
Polyureas,7,1.0,0.09999999999999998,143.6201599999999,False,family,SCP,random_4,random,random_forest
5,618,0.9029126213592233,0.002912621359223322,102.47328000000003,True,similarity,Mondrian-similarity,random_4,random,random_forest
1,86,0.9069767441860465,0.006976744186046435,234.9868,True,similarity,Mondrian-similarity,random_4,random,random_forest
2,164,0.9146341463414634,0.014634146341463428,187.60039999999998,True,similarity,Mondrian-similarity,random_4,random,random_forest
4,296,0.918918918918919,0.018918918918918948,138.71400000000003,True,similarity,Mondrian-similarity,random_4,random,random_forest
0,65,0.9384615384615385,0.038461538461538436,250.3252,True,similarity,Mondrian-similarity,random_4,random,random_forest
3,206,0.9563106796116505,0.05631067961165048,180.40819999999997,True,similarity,Mondrian-similarity,random_4,random,random_forest
Polyphosphazenes,33,0.696969696969697,-0.203030303030303,167.0731781818182,True,family,Mondrian-similarity,random_4,random,random_forest
Polydienes,19,0.7368421052631579,-0.16315789473684217,209.73176631578946,True,family,Mondrian-similarity,random_4,random,random_forest
Polysulfides,13,0.8461538461538461,-0.05384615384615388,182.74324307692308,True,family,Mondrian-similarity,random_4,random,random_forest
Polyurethanes,45,0.8666666666666667,-0.033333333333333326,146.1147937777778,True,family,Mondrian-similarity,random_4,random,random_forest
Polyphenylenes,86,0.8837209302325582,-0.016279069767441867,160.72434604651164,True,family,Mondrian-similarity,random_4,random,random_forest
Polysiloxanes,31,0.9032258064516129,0.003225806451612856,139.38058580645162,True,family,Mondrian-similarity,random_4,random,random_forest
Polyhalo-olefins,11,0.9090909090909091,0.009090909090909038,222.76587272727272,True,family,Mondrian-similarity,random_4,random,random_forest
Polyimides,334,0.9131736526946108,0.013173652694610793,127.30966574850301,True,family,Mondrian-similarity,random_4,random,random_forest
Polysulfones,49,0.9183673469387755,0.01836734693877551,151.0124073469388,True,family,Mondrian-similarity,random_4,random,random_forest
Polyesters,172,0.9186046511627907,0.018604651162790642,138.88726186046514,True,family,Mondrian-similarity,random_4,random,random_forest
Polystyrenes,52,0.9230769230769231,0.023076923076923106,167.73354538461538,True,family,Mondrian-similarity,random_4,random,random_forest
Polyacrylics,123,0.9349593495934959,0.03495934959349589,153.1641281300813,True,family,Mondrian-similarity,random_4,random,random_forest
Polycarbonates,16,0.9375,0.03749999999999998,129.31032750000003,True,family,Mondrian-similarity,random_4,random,random_forest
Polyethers,133,0.9398496240601504,0.03984962406015036,147.18726015037595,True,family,Mondrian-similarity,random_4,random,random_forest
Polyamides,203,0.9408866995073891,0.0408866995073891,127.52385871921182,True,family,Mondrian-similarity,random_4,random,random_forest
Polyolefins,34,0.9411764705882353,0.04117647058823526,210.83746,True,family,Mondrian-similarity,random_4,random,random_forest
Polyanhydrides,9,1.0,0.09999999999999998,176.48289777777777,False,family,Mondrian-similarity,random_4,random,random_forest
Polyimines,13,1.0,0.09999999999999998,157.4994307692308,True,family,Mondrian-similarity,random_4,random,random_forest
Polyvinyls,52,1.0,0.09999999999999998,172.76450384615387,True,family,Mondrian-similarity,random_4,random,random_forest
Polyureas,7,1.0,0.09999999999999998,152.06680571428572,False,family,Mondrian-similarity,random_4,random,random_forest
1,86,0.7674418604651163,-0.1325581395348837,154.40475976744182,True,similarity,Mondrian-family,random_4,random,random_forest
0,65,0.7846153846153846,-0.11538461538461542,159.71141230769226,True,similarity,Mondrian-family,random_4,random,random_forest
2,164,0.8109756097560976,-0.08902439024390241,145.61221109756093,True,similarity,Mondrian-family,random_4,random,random_forest
3,206,0.883495145631068,-0.01650485436893201,147.98757601941745,True,similarity,Mondrian-family,random_4,random,random_forest
4,296,0.902027027027027,0.002027027027026951,139.31922236486488,True,similarity,Mondrian-family,random_4,random,random_forest
5,618,0.941747572815534,0.041747572815533984,137.23708954692557,True,similarity,Mondrian-family,random_4,random,random_forest
Polyphosphazenes,33,0.5454545454545454,-0.3545454545454546,143.62015999999988,True,family,Mondrian-family,random_4,random,random_forest
Polydienes,19,0.5789473684210527,-0.32105263157894737,143.62015999999988,True,family,Mondrian-family,random_4,random,random_forest
Polysulfones,49,0.7551020408163265,-0.14489795918367354,91.87572000000007,True,family,Mondrian-family,random_4,random,random_forest
Polysulfides,13,0.7692307692307693,-0.13076923076923075,143.6201599999999,True,family,Mondrian-family,random_4,random,random_forest
Polyanhydrides,9,0.7777777777777778,-0.12222222222222223,143.62015999999988,False,family,Mondrian-family,random_4,random,random_forest
Polyethers,133,0.8721804511278195,-0.027819548872180522,120.09969999999998,True,family,Mondrian-family,random_4,random,random_forest
Polyamides,203,0.8916256157635468,-0.008374384236453203,103.28520000000003,True,family,Mondrian-family,random_4,random,random_forest
Polyphenylenes,86,0.8953488372093024,-0.0046511627906976605,174.17859999999996,True,family,Mondrian-family,random_4,random,random_forest
Polystyrenes,52,0.9038461538461539,0.0038461538461538325,134.30791999999994,True,family,Mondrian-family,random_4,random,random_forest
Polyhalo-olefins,11,0.9090909090909091,0.009090909090909038,143.6201599999999,True,family,Mondrian-family,random_4,random,random_forest
Polyimides,334,0.9101796407185628,0.01017964071856281,140.64099999999996,True,family,Mondrian-family,random_4,random,random_forest
Polyolefins,34,0.9117647058823529,0.0117647058823529,241.07765999999998,True,family,Mondrian-family,random_4,random,random_forest
Polyesters,172,0.9186046511627907,0.018604651162790642,146.32598000000007,True,family,Mondrian-family,random_4,random,random_forest
Polyimines,13,0.9230769230769231,0.023076923076923106,143.6201599999999,True,family,Mondrian-family,random_4,random,random_forest
Polyurethanes,45,0.9333333333333333,0.033333333333333326,187.53773999999996,True,family,Mondrian-family,random_4,random,random_forest
Polyacrylics,123,0.943089430894309,0.043089430894308944,159.07199999999995,True,family,Mondrian-family,random_4,random,random_forest
Polysiloxanes,31,0.967741935483871,0.06774193548387097,212.13098000000002,True,family,Mondrian-family,random_4,random,random_forest
Polyvinyls,52,0.9807692307692307,0.0807692307692307,161.02905999999996,True,family,Mondrian-family,random_4,random,random_forest
Polycarbonates,16,1.0,0.09999999999999998,143.62015999999988,True,family,Mondrian-family,random_4,random,random_forest
Polyureas,7,1.0,0.09999999999999998,143.6201599999999,False,family,Mondrian-family,random_4,random,random_forest
0,65,0.7692307692307693,-0.13076923076923075,178.6481845199253,True,similarity,Normalised SCP,random_4,random,random_forest
2,164,0.8048780487804879,-0.09512195121951217,150.023728371854,True,similarity,Normalised SCP,random_4,random,random_forest
1,86,0.813953488372093,-0.086046511627907,174.1542323941487,True,similarity,Normalised SCP,random_4,random,random_forest
3,206,0.8932038834951457,-0.006796116504854344,142.17961789447156,True,similarity,Normalised SCP,random_4,random,random_forest
4,296,0.9087837837837838,0.00878378378378375,141.07255474093276,True,similarity,Normalised SCP,random_4,random,random_forest
5,618,0.9385113268608414,0.038511326860841355,122.54926874526465,True,similarity,Normalised SCP,random_4,random,random_forest
Polyphosphazenes,33,0.6363636363636364,-0.26363636363636367,148.42509745890493,True,family,Normalised SCP,random_4,random,random_forest
Polydienes,19,0.6842105263157895,-0.21578947368421053,197.0612728467902,True,family,Normalised SCP,random_4,random,random_forest
Polyanhydrides,9,0.7777777777777778,-0.12222222222222223,132.49108809343906,False,family,Normalised SCP,random_4,random,random_forest
Polyurethanes,45,0.8,-0.09999999999999998,113.70374083140972,True,family,Normalised SCP,random_4,random,random_forest
Polyolefins,34,0.8235294117647058,-0.07647058823529418,208.52905678968366,True,family,Normalised SCP,random_4,random,random_forest
Polyesters,172,0.877906976744186,-0.02209302325581397,123.61210355052853,True,family,Normalised SCP,random_4,random,random_forest
Polyphenylenes,86,0.8837209302325582,-0.016279069767441867,154.89936341540755,True,family,Normalised SCP,random_4,random,random_forest
Polyacrylics,123,0.8943089430894309,-0.005691056910569148,131.97736298229674,True,family,Normalised SCP,random_4,random,random_forest
Polysiloxanes,31,0.9032258064516129,0.003225806451612856,139.01894517560783,True,family,Normalised SCP,random_4,random,random_forest
Polyhalo-olefins,11,0.9090909090909091,0.009090909090909038,303.73002852001645,True,family,Normalised SCP,random_4,random,random_forest
Polyethers,133,0.9097744360902256,0.009774436090225547,131.3605848825922,True,family,Normalised SCP,random_4,random,random_forest
Polyimides,334,0.9131736526946108,0.013173652694610793,134.19815044025992,True,family,Normalised SCP,random_4,random,random_forest
Polystyrenes,52,0.9230769230769231,0.023076923076923106,158.0469745768339,True,family,Normalised SCP,random_4,random,random_forest
Polyvinyls,52,0.9230769230769231,0.023076923076923106,136.57652792210592,True,family,Normalised SCP,random_4,random,random_forest
Polysulfides,13,0.9230769230769231,0.023076923076923106,158.26707263267002,True,family,Normalised SCP,random_4,random,random_forest
Polyamides,203,0.9310344827586207,0.03103448275862064,120.34115780219626,True,family,Normalised SCP,random_4,random,random_forest
Polysulfones,49,0.9387755102040817,0.038775510204081653,169.36802893167174,True,family,Normalised SCP,random_4,random,random_forest
Polyimines,13,1.0,0.09999999999999998,127.36819768772145,True,family,Normalised SCP,random_4,random,random_forest
Polycarbonates,16,1.0,0.09999999999999998,148.6455363546179,True,family,Normalised SCP,random_4,random,random_forest
Polyureas,7,1.0,0.09999999999999998,147.72092948208433,False,family,Normalised SCP,random_4,random,random_forest
0,65,0.7230769230769231,-0.17692307692307696,135.0952715210234,True,similarity,SCP,random_4,random,hist_gbr
1,86,0.7441860465116279,-0.15581395348837213,135.09527152102342,True,similarity,SCP,random_4,random,hist_gbr
2,164,0.8109756097560976,-0.08902439024390241,135.0952715210234,True,similarity,SCP,random_4,random,hist_gbr
4,296,0.9222972972972973,0.022297297297297236,135.09527152102336,True,similarity,SCP,random_4,random,hist_gbr
3,206,0.941747572815534,0.041747572815533984,135.0952715210234,True,similarity,SCP,random_4,random,hist_gbr
5,618,0.9644012944983819,0.06440129449838183,135.0952715210234,True,similarity,SCP,random_4,random,hist_gbr
Polydienes,19,0.631578947368421,-0.268421052631579,135.09527152102336,True,family,SCP,random_4,random,hist_gbr
Polyolefins,34,0.6470588235294118,-0.2529411764705882,135.0952715210234,True,family,SCP,random_4,random,hist_gbr
Polyphosphazenes,33,0.7878787878787878,-0.11212121212121218,135.0952715210234,True,family,SCP,random_4,random,hist_gbr
Polyphenylenes,86,0.8372093023255814,-0.06279069767441858,135.09527152102342,True,family,SCP,random_4,random,hist_gbr
Polysulfides,13,0.8461538461538461,-0.05384615384615388,135.09527152102334,True,family,SCP,random_4,random,hist_gbr
Polysiloxanes,31,0.9032258064516129,0.003225806451612856,135.09527152102336,True,family,SCP,random_4,random,hist_gbr
Polystyrenes,52,0.9038461538461539,0.0038461538461538325,135.0952715210234,True,family,SCP,random_4,random,hist_gbr
Polyhalo-olefins,11,0.9090909090909091,0.009090909090909038,135.09527152102336,True,family,SCP,random_4,random,hist_gbr
Polyacrylics,123,0.9105691056910569,0.010569105691056846,135.09527152102334,True,family,SCP,random_4,random,hist_gbr
Polyurethanes,45,0.9111111111111111,0.011111111111111072,135.0952715210234,True,family,SCP,random_4,random,hist_gbr
Polyimides,334,0.9221556886227545,0.02215568862275452,135.09527152102336,True,family,SCP,random_4,random,hist_gbr
Polyimines,13,0.9230769230769231,0.023076923076923106,135.09527152102334,True,family,SCP,random_4,random,hist_gbr
Polyethers,133,0.9323308270676691,0.0323308270676691,135.09527152102342,True,family,SCP,random_4,random,hist_gbr
Polycarbonates,16,0.9375,0.03749999999999998,135.0952715210234,True,family,SCP,random_4,random,hist_gbr
Polysulfones,49,0.9387755102040817,0.038775510204081653,135.0952715210234,True,family,SCP,random_4,random,hist_gbr
Polyvinyls,52,0.9423076923076923,0.04230769230769227,135.0952715210234,True,family,SCP,random_4,random,hist_gbr
Polyamides,203,0.9458128078817734,0.04581280788177333,135.09527152102336,True,family,SCP,random_4,random,hist_gbr
Polyesters,172,0.9534883720930233,0.05348837209302326,135.0952715210234,True,family,SCP,random_4,random,hist_gbr
Polyanhydrides,9,1.0,0.09999999999999998,135.0952715210234,False,family,SCP,random_4,random,hist_gbr
Polyureas,7,1.0,0.09999999999999998,135.0952715210234,False,family,SCP,random_4,random,hist_gbr
2,164,0.8719512195121951,-0.028048780487804903,164.86071621401769,True,similarity,Mondrian-similarity,random_4,random,hist_gbr
1,86,0.8837209302325582,-0.016279069767441867,198.21764529051794,True,similarity,Mondrian-similarity,random_4,random,hist_gbr
5,618,0.9061488673139159,0.00614886731391584,98.20794651985507,True,similarity,Mondrian-similarity,random_4,random,hist_gbr
4,296,0.9222972972972973,0.022297297297297236,128.31192462701912,True,similarity,Mondrian-similarity,random_4,random,hist_gbr
0,65,0.9230769230769231,0.023076923076923106,240.2723117952446,True,similarity,Mondrian-similarity,random_4,random,hist_gbr
3,206,0.9660194174757282,0.06601941747572815,166.74409207227785,True,similarity,Mondrian-similarity,random_4,random,hist_gbr
Polydienes,19,0.7368421052631579,-0.16315789473684217,188.3226840474425,True,family,Mondrian-similarity,random_4,random,hist_gbr
Polysulfides,13,0.8461538461538461,-0.05384615384615388,162.48219777158732,True,family,Mondrian-similarity,random_4,random,hist_gbr
Polyphosphazenes,33,0.8484848484848485,-0.051515151515151514,151.82699750736774,True,family,Mondrian-similarity,random_4,random,hist_gbr
Polyolefins,34,0.8529411764705882,-0.04705882352941182,192.55226020513652,True,family,Mondrian-similarity,random_4,random,hist_gbr
Polyphenylenes,86,0.8604651162790697,-0.03953488372093028,146.07222752440128,True,family,Mondrian-similarity,random_4,random,hist_gbr
Polyurethanes,45,0.8888888888888888,-0.011111111111111183,134.56808668425077,True,family,Mondrian-similarity,random_4,random,hist_gbr
Polyimides,334,0.8922155688622755,-0.0077844311377245345,119.04015991555472,True,family,Mondrian-similarity,random_4,random,hist_gbr
Polyhalo-olefins,11,0.9090909090909091,0.009090909090909038,205.71725836255547,True,family,Mondrian-similarity,random_4,random,hist_gbr
Polystyrenes,52,0.9230769230769231,0.023076923076923106,151.70700703369798,True,family,Mondrian-similarity,random_4,random,hist_gbr
Polyamides,203,0.9261083743842364,0.02610837438423641,119.00172670397913,True,family,Mondrian-similarity,random_4,random,hist_gbr
Polyethers,133,0.9323308270676691,0.0323308270676691,135.88993017050416,True,family,Mondrian-similarity,random_4,random,hist_gbr
Polyacrylics,123,0.9349593495934959,0.03495934959349589,141.0179094403361,True,family,Mondrian-similarity,random_4,random,hist_gbr
Polysiloxanes,31,0.9354838709677419,0.03548387096774186,128.36483178876935,True,family,Mondrian-similarity,random_4,random,hist_gbr
Polyesters,172,0.936046511627907,0.03604651162790695,128.28288707363208,True,family,Mondrian-similarity,random_4,random,hist_gbr
Polycarbonates,16,0.9375,0.03749999999999998,120.23054498714058,True,family,Mondrian-similarity,random_4,random,hist_gbr
Polysulfones,49,0.9387755102040817,0.038775510204081653,138.69572622016545,True,family,Mondrian-similarity,random_4,random,hist_gbr
Polyanhydrides,9,1.0,0.09999999999999998,162.60999818436284,False,family,Mondrian-similarity,random_4,random,hist_gbr
Polyimines,13,1.0,0.09999999999999998,148.33825001172016,True,family,Mondrian-similarity,random_4,random,hist_gbr
Polyvinyls,52,1.0,0.09999999999999998,158.09670244099138,True,family,Mondrian-similarity,random_4,random,hist_gbr
Polyureas,7,1.0,0.09999999999999998,142.11612632401776,False,family,Mondrian-similarity,random_4,random,hist_gbr
0,65,0.8,-0.09999999999999998,160.31262669232768,True,similarity,Mondrian-family,random_4,random,hist_gbr
1,86,0.8023255813953488,-0.0976744186046512,153.24864726540616,True,similarity,Mondrian-family,random_4,random,hist_gbr
2,164,0.8292682926829268,-0.07073170731707323,141.7366354625981,True,similarity,Mondrian-family,random_4,random,hist_gbr
4,296,0.918918918918919,0.018918918918918948,134.82176443519796,True,similarity,Mondrian-family,random_4,random,hist_gbr
3,206,0.9271844660194175,0.027184466019417486,144.1869693543517,True,similarity,Mondrian-family,random_4,random,hist_gbr
5,618,0.9546925566343042,0.05469255663430417,131.70991973565947,True,similarity,Mondrian-family,random_4,random,hist_gbr
Polydienes,19,0.631578947368421,-0.268421052631579,135.09527152102336,True,family,Mondrian-family,random_4,random,hist_gbr
Polyphosphazenes,33,0.7878787878787878,-0.11212121212121218,135.0952715210234,True,family,Mondrian-family,random_4,random,hist_gbr
Polysulfides,13,0.8461538461538461,-0.05384615384615388,135.09527152102334,True,family,Mondrian-family,random_4,random,hist_gbr
Polyamides,203,0.8719211822660099,-0.028078817733990125,97.91474244240817,True,family,Mondrian-family,random_4,random,hist_gbr
Polyethers,133,0.8721804511278195,-0.027819548872180522,114.07061043243401,True,family,Mondrian-family,random_4,random,hist_gbr
Polysulfones,49,0.8775510204081632,-0.022448979591836782,89.68803573046225,True,family,Mondrian-family,random_4,random,hist_gbr
Polystyrenes,52,0.9038461538461539,0.0038461538461538325,127.09944453139776,True,family,Mondrian-family,random_4,random,hist_gbr
Polyhalo-olefins,11,0.9090909090909091,0.009090909090909038,135.09527152102336,True,family,Mondrian-family,random_4,random,hist_gbr
Polyphenylenes,86,0.9186046511627907,0.018604651162790642,181.87957446645714,True,family,Mondrian-family,random_4,random,hist_gbr
Polyimides,334,0.9221556886227545,0.02215568862275452,132.39323291153423,True,family,Mondrian-family,random_4,random,hist_gbr
Polyimines,13,0.9230769230769231,0.023076923076923106,135.09527152102334,True,family,Mondrian-family,random_4,random,hist_gbr
Polycarbonates,16,0.9375,0.03749999999999998,135.0952715210234,True,family,Mondrian-family,random_4,random,hist_gbr
Polyolefins,34,0.9411764705882353,0.04117647058823526,266.818525914524,True,family,Mondrian-family,random_4,random,hist_gbr
Polyacrylics,123,0.9512195121951219,0.051219512195121886,159.79977050159368,True,family,Mondrian-family,random_4,random,hist_gbr
Polyesters,172,0.9534883720930233,0.05348837209302326,143.34370401330224,True,family,Mondrian-family,random_4,random,hist_gbr
Polyvinyls,52,0.9615384615384616,0.06153846153846154,154.56278385940485,True,family,Mondrian-family,random_4,random,hist_gbr
Polyurethanes,45,0.9777777777777777,0.07777777777777772,187.8152548637849,True,family,Mondrian-family,random_4,random,hist_gbr
Polyanhydrides,9,1.0,0.09999999999999998,135.0952715210234,False,family,Mondrian-family,random_4,random,hist_gbr
Polyureas,7,1.0,0.09999999999999998,135.0952715210234,False,family,Mondrian-family,random_4,random,hist_gbr
Polysiloxanes,31,1.0,0.09999999999999998,184.52423158542683,True,family,Mondrian-family,random_4,random,hist_gbr
0,65,0.8,-0.09999999999999998,170.3387309980464,True,similarity,Normalised SCP,random_4,random,hist_gbr
1,86,0.8023255813953488,-0.0976744186046512,162.29826892326932,True,similarity,Normalised SCP,random_4,random,hist_gbr
2,164,0.8414634146341463,-0.05853658536585371,137.26667205385766,True,similarity,Normalised SCP,random_4,random,hist_gbr
4,296,0.9121621621621622,0.012162162162162149,131.19744593468468,True,similarity,Normalised SCP,random_4,random,hist_gbr
3,206,0.9223300970873787,0.022330097087378653,131.11099521347222,True,similarity,Normalised SCP,random_4,random,hist_gbr
5,618,0.9288025889967637,0.02880258899676369,117.14972276080817,True,similarity,Normalised SCP,random_4,random,hist_gbr
Polydienes,19,0.6842105263157895,-0.21578947368421053,166.17021402256782,True,family,Normalised SCP,random_4,random,hist_gbr
Polyphosphazenes,33,0.7272727272727273,-0.17272727272727273,116.64748752420135,True,family,Normalised SCP,random_4,random,hist_gbr
Polyolefins,34,0.7941176470588235,-0.10588235294117654,187.52126150882964,True,family,Normalised SCP,random_4,random,hist_gbr
Polyurethanes,45,0.8222222222222222,-0.07777777777777783,108.26019331478177,True,family,Normalised SCP,random_4,random,hist_gbr
Polysulfides,13,0.8461538461538461,-0.05384615384615388,123.70893350148273,True,family,Normalised SCP,random_4,random,hist_gbr
Polyesters,172,0.872093023255814,-0.027906976744186074,109.53082771716093,True,family,Normalised SCP,random_4,random,hist_gbr
Polyphenylenes,86,0.872093023255814,-0.027906976744186074,138.07616983876684,True,family,Normalised SCP,random_4,random,hist_gbr
Polyethers,133,0.9022556390977443,0.0022556390977442886,118.25147316687695,True,family,Normalised SCP,random_4,random,hist_gbr
Polysiloxanes,31,0.9032258064516129,0.003225806451612856,114.63604309153321,True,family,Normalised SCP,random_4,random,hist_gbr
Polyhalo-olefins,11,0.9090909090909091,0.009090909090909038,242.44466891844303,True,family,Normalised SCP,random_4,random,hist_gbr
Polyacrylics,123,0.9105691056910569,0.010569105691056846,137.3309549835629,True,family,Normalised SCP,random_4,random,hist_gbr
Polyimides,334,0.9191616766467066,0.019161676646706538,135.33943665943906,True,family,Normalised SCP,random_4,random,hist_gbr
Polystyrenes,52,0.9230769230769231,0.023076923076923106,132.556971935462,True,family,Normalised SCP,random_4,random,hist_gbr
Polyimines,13,0.9230769230769231,0.023076923076923106,126.48511380066475,True,family,Normalised SCP,random_4,random,hist_gbr
Polyamides,203,0.9359605911330049,0.03596059113300487,116.93577975361282,True,family,Normalised SCP,random_4,random,hist_gbr
Polysulfones,49,0.9591836734693877,0.05918367346938769,148.90966681296405,True,family,Normalised SCP,random_4,random,hist_gbr
Polyvinyls,52,0.9615384615384616,0.06153846153846154,134.93120063039356,True,family,Normalised SCP,random_4,random,hist_gbr
Polyanhydrides,9,1.0,0.09999999999999998,159.13663764335405,False,family,Normalised SCP,random_4,random,hist_gbr
Polycarbonates,16,1.0,0.09999999999999998,141.88031989027598,True,family,Normalised SCP,random_4,random,hist_gbr
Polyureas,7,1.0,0.09999999999999998,124.78021081117481,False,family,Normalised SCP,random_4,random,hist_gbr
0,65,0.7076923076923077,-0.1923076923076923,140.96896000000004,True,similarity,SCP,random_4,random,extra_trees
1,86,0.7325581395348837,-0.16744186046511633,140.9689600000001,True,similarity,SCP,random_4,random,extra_trees
2,164,0.8292682926829268,-0.07073170731707323,140.96896000000007,True,similarity,SCP,random_4,random,extra_trees
3,206,0.9077669902912622,0.007766990291262155,140.9689600000001,True,similarity,SCP,random_4,random,extra_trees
4,296,0.9391891891891891,0.03918918918918912,140.96896000000007,True,similarity,SCP,random_4,random,extra_trees
5,618,0.959546925566343,0.059546925566343,140.96896000000004,True,similarity,SCP,random_4,random,extra_trees
Polydienes,19,0.631578947368421,-0.268421052631579,140.9689600000001,True,family,SCP,random_4,random,extra_trees
Polyolefins,34,0.6764705882352942,-0.22352941176470587,140.96896000000007,True,family,SCP,random_4,random,extra_trees
Polyphosphazenes,33,0.7575757575757576,-0.14242424242424245,140.96896000000007,True,family,SCP,random_4,random,extra_trees
Polysulfides,13,0.7692307692307693,-0.13076923076923075,140.96896000000012,True,family,SCP,random_4,random,extra_trees
Polyanhydrides,9,0.7777777777777778,-0.12222222222222223,140.96896000000007,False,family,SCP,random_4,random,extra_trees
Polyhalo-olefins,11,0.8181818181818182,-0.08181818181818179,140.96896000000012,True,family,SCP,random_4,random,extra_trees
Polyimines,13,0.8461538461538461,-0.05384615384615388,140.9689600000001,True,family,SCP,random_4,random,extra_trees
Polysulfones,49,0.8979591836734694,-0.0020408163265306367,140.96896000000007,True,family,SCP,random_4,random,extra_trees
Polyacrylics,123,0.9024390243902439,0.0024390243902439046,140.96896000000004,True,family,SCP,random_4,random,extra_trees
Polyurethanes,45,0.9111111111111111,0.011111111111111072,140.96896000000007,True,family,SCP,random_4,random,extra_trees
Polyimides,334,0.9161676646706587,0.016167664670658666,140.96896000000007,True,family,SCP,random_4,random,extra_trees
Polyphenylenes,86,0.9186046511627907,0.018604651162790642,140.96896000000007,True,family,SCP,random_4,random,extra_trees
Polystyrenes,52,0.9230769230769231,0.023076923076923106,140.9689600000001,True,family,SCP,random_4,random,extra_trees
Polyethers,133,0.924812030075188,0.024812030075187952,140.96896000000007,True,family,SCP,random_4,random,extra_trees
Polyesters,172,0.9302325581395349,0.03023255813953485,140.96896000000007,True,family,SCP,random_4,random,extra_trees
Polysiloxanes,31,0.9354838709677419,0.03548387096774186,140.9689600000001,True,family,SCP,random_4,random,extra_trees
Polycarbonates,16,0.9375,0.03749999999999998,140.9689600000001,True,family,SCP,random_4,random,extra_trees
Polyamides,203,0.9458128078817734,0.04581280788177333,140.9689600000001,True,family,SCP,random_4,random,extra_trees
Polyvinyls,52,0.9807692307692307,0.0807692307692307,140.9689600000001,True,family,SCP,random_4,random,extra_trees
Polyureas,7,1.0,0.09999999999999998,140.96896000000007,False,family,SCP,random_4,random,extra_trees
1,86,0.8255813953488372,-0.07441860465116279,187.0534999999999,True,similarity,Mondrian-similarity,random_4,random,extra_trees
5,618,0.8980582524271845,-0.001941747572815511,92.50542,True,similarity,Mondrian-similarity,random_4,random,extra_trees
0,65,0.9076923076923077,0.007692307692307665,264.10720000000015,True,similarity,Mondrian-similarity,random_4,random,extra_trees
2,164,0.9146341463414634,0.014634146341463428,188.7346,True,similarity,Mondrian-similarity,random_4,random,extra_trees
4,296,0.918918918918919,0.018918918918918948,128.3042799999999,True,similarity,Mondrian-similarity,random_4,random,extra_trees
3,206,0.9611650485436893,0.061165048543689315,166.2878,True,similarity,Mondrian-similarity,random_4,random,extra_trees
Polydienes,19,0.7368421052631579,-0.16315789473684217,196.7278231578947,True,family,Mondrian-similarity,random_4,random,extra_trees
Polyphosphazenes,33,0.7575757575757576,-0.14242424242424245,156.92258363636358,True,family,Mondrian-similarity,random_4,random,extra_trees
Polysulfides,13,0.7692307692307693,-0.13076923076923075,170.0430846153846,True,family,Mondrian-similarity,random_4,random,extra_trees
Polyhalo-olefins,11,0.8181818181818182,-0.08181818181818179,216.56736363636367,True,family,Mondrian-similarity,random_4,random,extra_trees
Polyolefins,34,0.8529411764705882,-0.04705882352941182,199.5451623529412,True,family,Mondrian-similarity,random_4,random,extra_trees
Polysulfones,49,0.8775510204081632,-0.022448979591836782,137.7349269387755,True,family,Mondrian-similarity,random_4,random,extra_trees
Polystyrenes,52,0.8846153846153846,-0.015384615384615441,156.34962692307693,True,family,Mondrian-similarity,random_4,random,extra_trees
Polyimides,334,0.8952095808383234,-0.004790419161676662,117.19422568862271,True,family,Mondrian-similarity,random_4,random,extra_trees
Polyesters,172,0.9069767441860465,0.006976744186046435,128.48357058139533,True,family,Mondrian-similarity,random_4,random,extra_trees
Polyamides,203,0.9211822660098522,0.02118226600985218,117.24248738916252,True,family,Mondrian-similarity,random_4,random,extra_trees
Polyacrylics,123,0.926829268292683,0.02682926829268295,142.19561707317067,True,family,Mondrian-similarity,random_4,random,extra_trees
Polyphenylenes,86,0.9302325581395349,0.03023255813953485,148.1148020930232,True,family,Mondrian-similarity,random_4,random,extra_trees
Polyurethanes,45,0.9333333333333333,0.033333333333333326,135.8151008888889,True,family,Mondrian-similarity,random_4,random,extra_trees
Polysiloxanes,31,0.9354838709677419,0.03548387096774186,125.60843483870967,True,family,Mondrian-similarity,random_4,random,extra_trees
Polycarbonates,16,0.9375,0.03749999999999998,120.33260999999999,True,family,Mondrian-similarity,random_4,random,extra_trees
Polyethers,133,0.9548872180451128,0.05488721804511276,137.04172466165411,True,family,Mondrian-similarity,random_4,random,extra_trees
Polyvinyls,52,0.9807692307692307,0.0807692307692307,162.69338884615385,True,family,Mondrian-similarity,random_4,random,extra_trees
Polyimines,13,1.0,0.09999999999999998,153.44491846153846,True,family,Mondrian-similarity,random_4,random,extra_trees
Polyanhydrides,9,1.0,0.09999999999999998,169.72636666666665,False,family,Mondrian-similarity,random_4,random,extra_trees
Polyureas,7,1.0,0.09999999999999998,146.42144857142858,False,family,Mondrian-similarity,random_4,random,extra_trees
0,65,0.7384615384615385,-0.16153846153846152,149.9754550769231,True,similarity,Mondrian-family,random_4,random,extra_trees
1,86,0.7674418604651163,-0.1325581395348837,151.2978086046512,True,similarity,Mondrian-family,random_4,random,extra_trees
2,164,0.8170731707317073,-0.08292682926829276,147.3032391463415,True,similarity,Mondrian-family,random_4,random,extra_trees
3,206,0.9174757281553398,0.01747572815533982,149.514277184466,True,similarity,Mondrian-family,random_4,random,extra_trees
4,296,0.9256756756756757,0.025675675675675635,140.31286216216216,True,similarity,Mondrian-family,random_4,random,extra_trees
5,618,0.948220064724919,0.04822006472491902,136.710441618123,True,similarity,Mondrian-family,random_4,random,extra_trees
Polydienes,19,0.631578947368421,-0.268421052631579,140.9689600000001,True,family,Mondrian-family,random_4,random,extra_trees
Polyphosphazenes,33,0.7575757575757576,-0.14242424242424245,140.96896000000007,True,family,Mondrian-family,random_4,random,extra_trees
Polysulfides,13,0.7692307692307693,-0.13076923076923075,140.96896000000012,True,family,Mondrian-family,random_4,random,extra_trees
Polysulfones,49,0.7755102040816326,-0.1244897959183674,94.69280000000003,True,family,Mondrian-family,random_4,random,extra_trees
Polyanhydrides,9,0.7777777777777778,-0.12222222222222223,140.96896000000007,False,family,Mondrian-family,random_4,random,extra_trees
Polyhalo-olefins,11,0.8181818181818182,-0.08181818181818179,140.96896000000012,True,family,Mondrian-family,random_4,random,extra_trees
Polyolefins,34,0.8235294117647058,-0.07647058823529418,186.12971999999996,True,family,Mondrian-family,random_4,random,extra_trees
Polystyrenes,52,0.8269230769230769,-0.07307692307692315,115.95700000000002,True,family,Mondrian-family,random_4,random,extra_trees
Polyimines,13,0.8461538461538461,-0.05384615384615388,140.9689600000001,True,family,Mondrian-family,random_4,random,extra_trees
Polyamides,203,0.8916256157635468,-0.008374384236453203,99.98520000000003,True,family,Mondrian-family,random_4,random,extra_trees
Polyethers,133,0.9097744360902256,0.009774436090225547,127.85816000000004,True,family,Mondrian-family,random_4,random,extra_trees
Polyimides,334,0.9101796407185628,0.01017964071856281,128.26999999999998,True,family,Mondrian-family,random_4,random,extra_trees
Polyphenylenes,86,0.9302325581395349,0.03023255813953485,196.46440000000013,True,family,Mondrian-family,random_4,random,extra_trees
Polycarbonates,16,0.9375,0.03749999999999998,140.9689600000001,True,family,Mondrian-family,random_4,random,extra_trees
Polyesters,172,0.9476744186046512,0.04767441860465116,163.62419999999997,True,family,Mondrian-family,random_4,random,extra_trees
Polyacrylics,123,0.959349593495935,0.05934959349593494,164.9108000000001,True,family,Mondrian-family,random_4,random,extra_trees
Polysiloxanes,31,0.967741935483871,0.06774193548387097,208.1159399999999,True,family,Mondrian-family,random_4,random,extra_trees
Polyurethanes,45,0.9777777777777777,0.07777777777777772,216.25034000000002,True,family,Mondrian-family,random_4,random,extra_trees
Polyvinyls,52,0.9807692307692307,0.0807692307692307,154.45159999999993,True,family,Mondrian-family,random_4,random,extra_trees
Polyureas,7,1.0,0.09999999999999998,140.96896000000007,False,family,Mondrian-family,random_4,random,extra_trees
0,65,0.7076923076923077,-0.1923076923076923,168.59525146305327,True,similarity,Normalised SCP,random_4,random,extra_trees
1,86,0.8023255813953488,-0.0976744186046512,166.3195287187327,True,similarity,Normalised SCP,random_4,random,extra_trees
2,164,0.823170731707317,-0.076829268292683,145.1469827312632,True,similarity,Normalised SCP,random_4,random,extra_trees
3,206,0.9029126213592233,0.002912621359223322,137.50179913312186,True,similarity,Normalised SCP,random_4,random,extra_trees
4,296,0.9087837837837838,0.00878378378378375,132.312854515281,True,similarity,Normalised SCP,random_4,random,extra_trees
5,618,0.9466019417475728,0.04660194174757282,116.96486565257513,True,similarity,Normalised SCP,random_4,random,extra_trees
Polydienes,19,0.631578947368421,-0.268421052631579,191.16402095507587,True,family,Normalised SCP,random_4,random,extra_trees
Polyphosphazenes,33,0.696969696969697,-0.203030303030303,134.05323202288463,True,family,Normalised SCP,random_4,random,extra_trees
Polyolefins,34,0.7647058823529411,-0.1352941176470589,209.97356780133435,True,family,Normalised SCP,random_4,random,extra_trees
Polyurethanes,45,0.8444444444444444,-0.05555555555555558,113.6017978681991,True,family,Normalised SCP,random_4,random,extra_trees
Polyimines,13,0.8461538461538461,-0.05384615384615388,118.8352079695538,True,family,Normalised SCP,random_4,random,extra_trees
Polysulfides,13,0.8461538461538461,-0.05384615384615388,146.01206100707202,True,family,Normalised SCP,random_4,random,extra_trees
Polysulfones,49,0.8775510204081632,-0.022448979591836782,143.57061716961826,True,family,Normalised SCP,random_4,random,extra_trees
Polystyrenes,52,0.8846153846153846,-0.015384615384615441,153.80811646543586,True,family,Normalised SCP,random_4,random,extra_trees
Polyacrylics,123,0.8861788617886179,-0.013821138211382089,131.34578961373828,True,family,Normalised SCP,random_4,random,extra_trees
Polyphenylenes,86,0.8953488372093024,-0.0046511627906976605,144.41121501251826,True,family,Normalised SCP,random_4,random,extra_trees
Polyesters,172,0.8953488372093024,-0.0046511627906976605,115.27007945250342,True,family,Normalised SCP,random_4,random,extra_trees
Polysiloxanes,31,0.9032258064516129,0.003225806451612856,135.633820450528,True,family,Normalised SCP,random_4,random,extra_trees
Polyhalo-olefins,11,0.9090909090909091,0.009090909090909038,248.4391551466055,True,family,Normalised SCP,random_4,random,extra_trees
Polyimides,334,0.9161676646706587,0.016167664670658666,129.89298780726858,True,family,Normalised SCP,random_4,random,extra_trees
Polyethers,133,0.924812030075188,0.024812030075187952,124.96505705912864,True,family,Normalised SCP,random_4,random,extra_trees
Polyamides,203,0.9408866995073891,0.0408866995073891,116.12262695129544,True,family,Normalised SCP,random_4,random,extra_trees
Polyvinyls,52,0.9615384615384616,0.06153846153846154,128.7801539656327,True,family,Normalised SCP,random_4,random,extra_trees
Polyanhydrides,9,1.0,0.09999999999999998,150.5216008697957,False,family,Normalised SCP,random_4,random,extra_trees
Polycarbonates,16,1.0,0.09999999999999998,132.1200150542553,True,family,Normalised SCP,random_4,random,extra_trees
Polyureas,7,1.0,0.09999999999999998,139.42437045119473,False,family,Normalised SCP,random_4,random,extra_trees
1,78,0.8974358974358975,-0.002564102564102555,366.0,True,similarity,SCP,random_5,random,median
5,630,0.9015873015873016,0.0015873015873015817,366.0,True,similarity,SCP,random_5,random,median
0,53,0.9056603773584906,0.005660377358490565,366.0,True,similarity,SCP,random_5,random,median
2,153,0.9084967320261438,0.00849673202614376,366.0,True,similarity,SCP,random_5,random,median
3,222,0.9234234234234234,0.023423423423423406,366.0,True,similarity,SCP,random_5,random,median
4,299,0.9331103678929766,0.03311036789297661,366.0,True,similarity,SCP,random_5,random,median
Polysiloxanes,41,0.6097560975609756,-0.2902439024390244,366.0,True,family,SCP,random_5,random,median
Polysulfides,11,0.7272727272727273,-0.17272727272727273,366.0,True,family,SCP,random_5,random,median
Polyolefins,25,0.76,-0.14,366.0,True,family,SCP,random_5,random,median
Polyphosphazenes,18,0.8333333333333334,-0.06666666666666665,366.0,True,family,SCP,random_5,random,median
Polyphenylenes,103,0.8737864077669902,-0.026213592233009786,366.0,True,family,SCP,random_5,random,median
Polyimides,330,0.8757575757575757,-0.024242424242424288,366.0,True,family,SCP,random_5,random,median
Polydienes,18,0.8888888888888888,-0.011111111111111183,366.0,True,family,SCP,random_5,random,median
Polyethers,155,0.896774193548387,-0.003225806451612967,366.0,True,family,SCP,random_5,random,median
Polyvinyls,35,0.9142857142857143,0.014285714285714235,366.0,True,family,SCP,random_5,random,median
Polyacrylics,137,0.927007299270073,0.02700729927007295,366.0,True,family,SCP,random_5,random,median
Polyesters,160,0.95625,0.05625000000000002,366.0,True,family,SCP,random_5,random,median
Polystyrenes,54,0.9629629629629629,0.06296296296296289,366.0,True,family,SCP,random_5,random,median
Polyurethanes,43,0.9767441860465116,0.07674418604651156,366.0,True,family,SCP,random_5,random,median
Polysulfones,50,0.98,0.07999999999999996,366.0,True,family,SCP,random_5,random,median
Polyamides,192,0.9895833333333334,0.08958333333333335,366.0,True,family,SCP,random_5,random,median
Polyimines,12,1.0,0.09999999999999998,366.0,True,family,SCP,random_5,random,median
Polyanhydrides,6,1.0,0.09999999999999998,366.0,False,family,SCP,random_5,random,median
Polyhalo-olefins,10,1.0,0.09999999999999998,366.0,True,family,SCP,random_5,random,median
Polycarbonates,23,1.0,0.09999999999999998,366.0,True,family,SCP,random_5,random,median
Polyureas,12,1.0,0.09999999999999998,366.0,True,family,SCP,random_5,random,median
0,53,0.8490566037735849,-0.05094339622641508,288.0,True,similarity,Mondrian-similarity,random_5,random,median
1,78,0.8846153846153846,-0.015384615384615441,364.0,True,similarity,Mondrian-similarity,random_5,random,median
2,153,0.9019607843137255,0.0019607843137254832,362.0,True,similarity,Mondrian-similarity,random_5,random,median
3,222,0.9054054054054054,0.00540540540540535,358.0,True,similarity,Mondrian-similarity,random_5,random,median
5,630,0.9111111111111111,0.011111111111111072,378.0,True,similarity,Mondrian-similarity,random_5,random,median
4,299,0.9331103678929766,0.03311036789297661,370.0,True,similarity,Mondrian-similarity,random_5,random,median
Polysiloxanes,41,0.6097560975609756,-0.2902439024390244,364.4878048780488,True,family,Mondrian-similarity,random_5,random,median
Polysulfides,11,0.7272727272727273,-0.17272727272727273,345.6363636363636,True,family,Mondrian-similarity,random_5,random,median
Polyolefins,25,0.8,-0.09999999999999998,365.6,True,family,Mondrian-similarity,random_5,random,median
Polyphosphazenes,18,0.8333333333333334,-0.06666666666666665,364.22222222222223,True,family,Mondrian-similarity,random_5,random,median
Polydienes,18,0.8333333333333334,-0.06666666666666665,344.6666666666667,True,family,Mondrian-similarity,random_5,random,median
Polyphenylenes,103,0.8543689320388349,-0.04563106796116512,363.5339805825243,True,family,Mondrian-similarity,random_5,random,median
Polyethers,155,0.8774193548387097,-0.022580645161290325,365.43225806451613,True,family,Mondrian-similarity,random_5,random,median
Polyimides,330,0.8787878787878788,-0.021212121212121238,372.24242424242425,True,family,Mondrian-similarity,random_5,random,median
Polyvinyls,35,0.9142857142857143,0.014285714285714235,362.9714285714286,True,family,Mondrian-similarity,random_5,random,median
Polyacrylics,137,0.927007299270073,0.02700729927007295,366.5109489051095,True,family,Mondrian-similarity,random_5,random,median
Polyesters,160,0.9625,0.0625,369.275,True,family,Mondrian-similarity,random_5,random,median
Polystyrenes,54,0.9629629629629629,0.06296296296296289,358.85185185185185,True,family,Mondrian-similarity,random_5,random,median
Polyurethanes,43,0.9767441860465116,0.07674418604651156,363.3488372093023,True,family,Mondrian-similarity,random_5,random,median
Polysulfones,50,0.98,0.07999999999999996,371.4,True,family,Mondrian-similarity,random_5,random,median
Polyamides,192,0.9895833333333334,0.08958333333333335,371.8541666666667,True,family,Mondrian-similarity,random_5,random,median
Polyimines,12,1.0,0.09999999999999998,369.6666666666667,True,family,Mondrian-similarity,random_5,random,median
Polyanhydrides,6,1.0,0.09999999999999998,345.3333333333333,False,family,Mondrian-similarity,random_5,random,median
Polyhalo-olefins,10,1.0,0.09999999999999998,339.4,True,family,Mondrian-similarity,random_5,random,median
Polycarbonates,23,1.0,0.09999999999999998,364.95652173913044,True,family,Mondrian-similarity,random_5,random,median
Polyureas,12,1.0,0.09999999999999998,371.0,True,family,Mondrian-similarity,random_5,random,median
2,153,0.8888888888888888,-0.011111111111111183,359.62091503267976,True,similarity,Mondrian-family,random_5,random,median
1,78,0.8974358974358975,-0.002564102564102555,393.0769230769231,True,similarity,Mondrian-family,random_5,random,median
0,53,0.9056603773584906,0.005660377358490565,365.20754716981133,True,similarity,Mondrian-family,random_5,random,median
5,630,0.9095238095238095,0.00952380952380949,357.14761904761906,True,similarity,Mondrian-family,random_5,random,median
3,222,0.9099099099099099,0.00990990990990992,355.07207207207205,True,similarity,Mondrian-family,random_5,random,median
4,299,0.9130434782608695,0.01304347826086949,357.5484949832776,True,similarity,Mondrian-family,random_5,random,median
Polysulfides,11,0.7272727272727273,-0.17272727272727273,366.0,True,family,Mondrian-family,random_5,random,median
Polycarbonates,23,0.7391304347826086,-0.16086956521739137,300.0,True,family,Mondrian-family,random_5,random,median
Polyethers,155,0.8580645161290322,-0.041935483870967794,344.0,True,family,Mondrian-family,random_5,random,median
Polyacrylics,137,0.8686131386861314,-0.031386861313868586,298.0,True,family,Mondrian-family,random_5,random,median
Polysiloxanes,41,0.8780487804878049,-0.02195121951219514,458.0,True,family,Mondrian-family,random_5,random,median
Polyolefins,25,0.88,-0.020000000000000018,408.0,True,family,Mondrian-family,random_5,random,median
Polyamides,192,0.8854166666666666,-0.014583333333333393,285.0,True,family,Mondrian-family,random_5,random,median
Polydienes,18,0.8888888888888888,-0.011111111111111183,366.0,True,family,Mondrian-family,random_5,random,median
Polyimides,330,0.9151515151515152,0.015151515151515138,402.0,True,family,Mondrian-family,random_5,random,median
Polysulfones,50,0.92,0.020000000000000018,306.0,True,family,Mondrian-family,random_5,random,median
Polyphenylenes,103,0.9223300970873787,0.022330097087378653,474.0,True,family,Mondrian-family,random_5,random,median
Polyurethanes,43,0.9302325581395349,0.03023255813953485,268.0,True,family,Mondrian-family,random_5,random,median
Polyesters,160,0.95625,0.05625000000000002,354.0,True,family,Mondrian-family,random_5,random,median
Polystyrenes,54,0.9629629629629629,0.06296296296296289,318.0,True,family,Mondrian-family,random_5,random,median
Polyimines,12,1.0,0.09999999999999998,366.0,True,family,Mondrian-family,random_5,random,median
Polyphosphazenes,18,1.0,0.09999999999999998,486.0,True,family,Mondrian-family,random_5,random,median
Polyanhydrides,6,1.0,0.09999999999999998,366.0,False,family,Mondrian-family,random_5,random,median
Polyhalo-olefins,10,1.0,0.09999999999999998,366.0,True,family,Mondrian-family,random_5,random,median
Polyvinyls,35,1.0,0.09999999999999998,426.0,True,family,Mondrian-family,random_5,random,median
Polyureas,12,1.0,0.09999999999999998,366.0,True,family,Mondrian-family,random_5,random,median
1,78,0.782051282051282,-0.11794871794871797,292.9348530616025,True,similarity,Normalised SCP,random_5,random,median
0,53,0.7924528301886793,-0.10754716981132073,252.15747972171306,True,similarity,Normalised SCP,random_5,random,median
2,153,0.8562091503267973,-0.04379084967320268,270.229124625127,True,similarity,Normalised SCP,random_5,random,median
4,299,0.8862876254180602,-0.013712374581939857,292.12864802390396,True,similarity,Normalised SCP,random_5,random,median
3,222,0.8963963963963963,-0.003603603603603678,274.4792769337064,True,similarity,Normalised SCP,random_5,random,median
5,630,0.9333333333333333,0.033333333333333326,348.35036260373806,True,similarity,Normalised SCP,random_5,random,median
Polydienes,18,0.6666666666666666,-0.2333333333333334,268.0143642244728,True,family,Normalised SCP,random_5,random,median
Polysiloxanes,41,0.6829268292682927,-0.2170731707317073,377.0387748885587,True,family,Normalised SCP,random_5,random,median
Polyphosphazenes,18,0.7222222222222222,-0.1777777777777778,437.3615460777406,True,family,Normalised SCP,random_5,random,median
Polyphenylenes,103,0.8155339805825242,-0.08446601941747578,302.93825840341646,True,family,Normalised SCP,random_5,random,median
Polysulfides,11,0.8181818181818182,-0.08181818181818179,284.64622675250234,True,family,Normalised SCP,random_5,random,median
Polyimines,12,0.8333333333333334,-0.06666666666666665,230.24297672217918,True,family,Normalised SCP,random_5,random,median
Polyureas,12,0.8333333333333334,-0.06666666666666665,274.244030554263,True,family,Normalised SCP,random_5,random,median
Polyurethanes,43,0.8604651162790697,-0.03953488372093028,258.01416644822086,True,family,Normalised SCP,random_5,random,median
Polyamides,192,0.8697916666666666,-0.030208333333333393,269.80229876489176,True,family,Normalised SCP,random_5,random,median
Polyolefins,25,0.88,-0.020000000000000018,342.3870307538184,True,family,Normalised SCP,random_5,random,median
Polyethers,155,0.9032258064516129,0.003225806451612856,291.5733203579165,True,family,Normalised SCP,random_5,random,median
Polystyrenes,54,0.9074074074074074,0.007407407407407418,231.5311938978611,True,family,Normalised SCP,random_5,random,median
Polyesters,160,0.9125,0.012499999999999956,273.9990921642518,True,family,Normalised SCP,random_5,random,median
Polyimides,330,0.9393939393939394,0.039393939393939426,378.6308298006999,True,family,Normalised SCP,random_5,random,median
Polyacrylics,137,0.9416058394160584,0.04160583941605833,302.78706694786774,True,family,Normalised SCP,random_5,random,median
Polycarbonates,23,0.9565217391304348,0.05652173913043479,365.2575165763166,True,family,Normalised SCP,random_5,random,median
Polysulfones,50,0.96,0.05999999999999994,262.7778912559174,True,family,Normalised SCP,random_5,random,median
Polyvinyls,35,0.9714285714285714,0.0714285714285714,297.0620709743647,True,family,Normalised SCP,random_5,random,median
Polyanhydrides,6,1.0,0.09999999999999998,246.0083760332668,False,family,Normalised SCP,random_5,random,median
Polyhalo-olefins,10,1.0,0.09999999999999998,392.11930058054406,True,family,Normalised SCP,random_5,random,median
2,153,0.803921568627451,-0.09607843137254901,145.4522336140867,True,similarity,SCP,random_5,random,svr
1,78,0.8076923076923077,-0.09230769230769231,145.45223361408674,True,similarity,SCP,random_5,random,svr
0,53,0.8113207547169812,-0.08867924528301885,145.45223361408677,True,similarity,SCP,random_5,random,svr
3,222,0.9099099099099099,0.00990990990990992,145.4522336140867,True,similarity,SCP,random_5,random,svr
5,630,0.9492063492063492,0.04920634920634914,145.4522336140867,True,similarity,SCP,random_5,random,svr
4,299,0.9531772575250836,0.05317725752508362,145.4522336140867,True,similarity,SCP,random_5,random,svr
Polydienes,18,0.6111111111111112,-0.28888888888888886,145.4522336140867,True,family,SCP,random_5,random,svr
Polyureas,12,0.6666666666666666,-0.2333333333333334,145.4522336140867,True,family,SCP,random_5,random,svr
Polyphosphazenes,18,0.7222222222222222,-0.1777777777777778,145.4522336140867,True,family,SCP,random_5,random,svr
Polysiloxanes,41,0.7804878048780488,-0.11951219512195121,145.4522336140867,True,family,SCP,random_5,random,svr
Polyolefins,25,0.8,-0.09999999999999998,145.4522336140867,True,family,SCP,random_5,random,svr
Polyurethanes,43,0.813953488372093,-0.086046511627907,145.45223361408674,True,family,SCP,random_5,random,svr
Polyphenylenes,103,0.8446601941747572,-0.05533980582524278,145.45223361408674,True,family,SCP,random_5,random,svr
Polystyrenes,54,0.8888888888888888,-0.011111111111111183,145.45223361408677,True,family,SCP,random_5,random,svr
Polyhalo-olefins,10,0.9,0.0,145.4522336140867,True,family,SCP,random_5,random,svr
Polyacrylics,137,0.9051094890510949,0.005109489051094873,145.4522336140867,True,family,SCP,random_5,random,svr
Polysulfides,11,0.9090909090909091,0.009090909090909038,145.4522336140867,True,family,SCP,random_5,random,svr
Polyimines,12,0.9166666666666666,0.016666666666666607,145.4522336140867,True,family,SCP,random_5,random,svr
Polyimides,330,0.9393939393939394,0.039393939393939426,145.4522336140867,True,family,SCP,random_5,random,svr
Polyvinyls,35,0.9428571428571428,0.042857142857142816,145.45223361408674,True,family,SCP,random_5,random,svr
Polyethers,155,0.9483870967741935,0.048387096774193505,145.4522336140867,True,family,SCP,random_5,random,svr
Polyesters,160,0.95,0.04999999999999993,145.4522336140867,True,family,SCP,random_5,random,svr
Polyamides,192,0.96875,0.06874999999999998,145.4522336140867,True,family,SCP,random_5,random,svr
Polysulfones,50,0.98,0.07999999999999996,145.4522336140867,True,family,SCP,random_5,random,svr
Polyanhydrides,6,1.0,0.09999999999999998,145.4522336140867,False,family,SCP,random_5,random,svr
Polycarbonates,23,1.0,0.09999999999999998,145.4522336140867,True,family,SCP,random_5,random,svr
0,53,0.8679245283018868,-0.0320754716981132,219.2194108631113,True,similarity,Mondrian-similarity,random_5,random,svr
5,630,0.8873015873015873,-0.012698412698412764,102.07907267937162,True,similarity,Mondrian-similarity,random_5,random,svr
1,78,0.8974358974358975,-0.002564102564102555,227.73685450514057,True,similarity,Mondrian-similarity,random_5,random,svr
2,153,0.9019607843137255,0.0019607843137254832,214.4592195176149,True,similarity,Mondrian-similarity,random_5,random,svr
4,299,0.919732441471572,0.019732441471571938,124.48795902041775,True,similarity,Mondrian-similarity,random_5,random,svr
3,222,0.954954954954955,0.05495495495495495,183.05245740982443,True,similarity,Mondrian-similarity,random_5,random,svr
Polydienes,18,0.6111111111111112,-0.28888888888888886,192.25165876414837,True,family,Mondrian-similarity,random_5,random,svr
Polyureas,12,0.75,-0.15000000000000002,140.65670583997786,True,family,Mondrian-similarity,random_5,random,svr
Polyolefins,25,0.8,-0.09999999999999998,163.56941843420628,True,family,Mondrian-similarity,random_5,random,svr
Polysiloxanes,41,0.8048780487804879,-0.09512195121951217,151.41652370132778,True,family,Mondrian-similarity,random_5,random,svr
Polyphenylenes,103,0.8349514563106796,-0.06504854368932045,160.18717191400032,True,family,Mondrian-similarity,random_5,random,svr
Polystyrenes,54,0.8518518518518519,-0.04814814814814816,165.53585219051115,True,family,Mondrian-similarity,random_5,random,svr
Polyurethanes,43,0.8604651162790697,-0.03953488372093028,152.3730291024789,True,family,Mondrian-similarity,random_5,random,svr
Polyphosphazenes,18,0.8888888888888888,-0.011111111111111183,187.67750755735497,True,family,Mondrian-similarity,random_5,random,svr
Polyimides,330,0.9,0.0,123.48178794130301,True,family,Mondrian-similarity,random_5,random,svr
Polysulfides,11,0.9090909090909091,0.009090909090909038,174.46302589375608,True,family,Mondrian-similarity,random_5,random,svr
Polyvinyls,35,0.9142857142857143,0.014285714285714235,171.55315963467953,True,family,Mondrian-similarity,random_5,random,svr
Polyimines,12,0.9166666666666666,0.016666666666666607,149.61742706543654,True,family,Mondrian-similarity,random_5,random,svr
Polyacrylics,137,0.9197080291970803,0.019708029197080257,148.309300299338,True,family,Mondrian-similarity,random_5,random,svr
Polyesters,160,0.925,0.025000000000000022,138.81934929174162,True,family,Mondrian-similarity,random_5,random,svr
Polyamides,192,0.9479166666666666,0.04791666666666661,127.65865298256688,True,family,Mondrian-similarity,random_5,random,svr
Polysulfones,50,0.96,0.05999999999999994,134.24909779495832,True,family,Mondrian-similarity,random_5,random,svr
Polyethers,155,0.9612903225806452,0.06129032258064515,149.75396956964332,True,family,Mondrian-similarity,random_5,random,svr
Polyhalo-olefins,10,1.0,0.09999999999999998,212.26145149721089,True,family,Mondrian-similarity,random_5,random,svr
Polyanhydrides,6,1.0,0.09999999999999998,148.59548085430018,False,family,Mondrian-similarity,random_5,random,svr
Polycarbonates,23,1.0,0.09999999999999998,134.92433605116065,True,family,Mondrian-similarity,random_5,random,svr
0,53,0.7547169811320755,-0.1452830188679245,166.023824086573,True,similarity,Mondrian-family,random_5,random,svr
2,153,0.8300653594771242,-0.06993464052287579,162.20790709874782,True,similarity,Mondrian-family,random_5,random,svr
1,78,0.8589743589743589,-0.0410256410256411,181.85023463802546,True,similarity,Mondrian-family,random_5,random,svr
3,222,0.918918918918919,0.018918918918918948,160.57908068979128,True,similarity,Mondrian-family,random_5,random,svr
4,299,0.9464882943143813,0.046488294314381284,146.05632752107095,True,similarity,Mondrian-family,random_5,random,svr
5,630,0.9476190476190476,0.04761904761904756,145.559957317925,True,similarity,Mondrian-family,random_5,random,svr
Polydienes,18,0.6111111111111112,-0.28888888888888886,145.4522336140867,True,family,Mondrian-family,random_5,random,svr
Polyureas,12,0.6666666666666666,-0.2333333333333334,145.4522336140867,True,family,Mondrian-family,random_5,random,svr
Polyvinyls,35,0.7714285714285715,-0.12857142857142856,84.02751363011033,True,family,Mondrian-family,random_5,random,svr
Polycarbonates,23,0.8260869565217391,-0.07391304347826089,67.74785056701413,True,family,Mondrian-family,random_5,random,svr
Polyphenylenes,103,0.8932038834951457,-0.006796116504854344,185.22711153306065,True,family,Mondrian-family,random_5,random,svr
Polyhalo-olefins,10,0.9,0.0,145.4522336140867,True,family,Mondrian-family,random_5,random,svr
Polyacrylics,137,0.9051094890510949,0.005109489051094873,151.01834868394747,True,family,Mondrian-family,random_5,random,svr
Polysulfides,11,0.9090909090909091,0.009090909090909038,145.4522336140867,True,family,Mondrian-family,random_5,random,svr
Polyimines,12,0.9166666666666666,0.016666666666666607,145.4522336140867,True,family,Mondrian-family,random_5,random,svr
Polyimides,330,0.9181818181818182,0.018181818181818188,129.3690997552464,True,family,Mondrian-family,random_5,random,svr
Polyolefins,25,0.92,0.020000000000000018,229.24806573621126,True,family,Mondrian-family,random_5,random,svr
Polyamides,192,0.921875,0.021874999999999978,105.80478906417954,True,family,Mondrian-family,random_5,random,svr
Polystyrenes,54,0.9444444444444444,0.0444444444444444,196.48388631713755,True,family,Mondrian-family,random_5,random,svr
Polyethers,155,0.9483870967741935,0.048387096774193505,142.38462936546856,True,family,Mondrian-family,random_5,random,svr
Polyesters,160,0.95,0.04999999999999993,140.53039111063072,True,family,Mondrian-family,random_5,random,svr
Polyurethanes,43,0.9534883720930233,0.05348837209302326,267.3027719759363,True,family,Mondrian-family,random_5,random,svr
Polysiloxanes,41,0.975609756097561,0.07560975609756093,332.34344564383525,True,family,Mondrian-family,random_5,random,svr
Polysulfones,50,0.98,0.07999999999999996,176.1591343975892,True,family,Mondrian-family,random_5,random,svr
Polyanhydrides,6,1.0,0.09999999999999998,145.4522336140867,False,family,Mondrian-family,random_5,random,svr
Polyphosphazenes,18,1.0,0.09999999999999998,371.67203110784374,True,family,Mondrian-family,random_5,random,svr
1,78,0.7948717948717948,-0.1051282051282052,175.46095448459545,True,similarity,Normalised SCP,random_5,random,svr
2,153,0.8235294117647058,-0.07647058823529418,158.86898371434526,True,similarity,Normalised SCP,random_5,random,svr
0,53,0.8867924528301887,-0.013207547169811318,204.60922384849454,True,similarity,Normalised SCP,random_5,random,svr
3,222,0.9144144144144144,0.014414414414414378,153.35086980902497,True,similarity,Normalised SCP,random_5,random,svr
5,630,0.9238095238095239,0.023809523809523836,118.40822816742566,True,similarity,Normalised SCP,random_5,random,svr
4,299,0.9297658862876255,0.029765886287625443,133.72488891872695,True,similarity,Normalised SCP,random_5,random,svr
Polyimines,12,0.75,-0.15000000000000002,133.01528317813342,True,family,Normalised SCP,random_5,random,svr
Polyureas,12,0.75,-0.15000000000000002,145.77588281780763,True,family,Normalised SCP,random_5,random,svr
Polyurethanes,43,0.7906976744186046,-0.10930232558139541,110.62387375403415,True,family,Normalised SCP,random_5,random,svr
Polysiloxanes,41,0.8292682926829268,-0.07073170731707323,141.39210881762153,True,family,Normalised SCP,random_5,random,svr
Polydienes,18,0.8333333333333334,-0.06666666666666665,244.94553107447913,True,family,Normalised SCP,random_5,random,svr
Polyphenylenes,103,0.8640776699029126,-0.03592233009708745,179.48853630237946,True,family,Normalised SCP,random_5,random,svr
Polyolefins,25,0.88,-0.020000000000000018,192.20539528586116,True,family,Normalised SCP,random_5,random,svr
Polyacrylics,137,0.8832116788321168,-0.016788321167883202,136.29099387514364,True,family,Normalised SCP,random_5,random,svr
Polyphosphazenes,18,0.8888888888888888,-0.011111111111111183,224.9294263456696,True,family,Normalised SCP,random_5,random,svr
Polystyrenes,54,0.8888888888888888,-0.011111111111111183,187.4354960866076,True,family,Normalised SCP,random_5,random,svr
Polyhalo-olefins,10,0.9,0.0,221.04525236624667,True,family,Normalised SCP,random_5,random,svr
Polysulfides,11,0.9090909090909091,0.009090909090909038,177.96412839008667,True,family,Normalised SCP,random_5,random,svr
Polyimides,330,0.9151515151515152,0.015151515151515138,133.34316575428753,True,family,Normalised SCP,random_5,random,svr
Polyethers,155,0.9161290322580645,0.016129032258064502,128.15704607858896,True,family,Normalised SCP,random_5,random,svr
Polyesters,160,0.925,0.025000000000000022,111.46328118176139,True,family,Normalised SCP,random_5,random,svr
Polyamides,192,0.9270833333333334,0.027083333333333348,113.88595435566295,True,family,Normalised SCP,random_5,random,svr
Polyvinyls,35,0.9714285714285714,0.0714285714285714,138.00880904591656,True,family,Normalised SCP,random_5,random,svr
Polysulfones,50,0.98,0.07999999999999996,139.7760055696366,True,family,Normalised SCP,random_5,random,svr
Polyanhydrides,6,1.0,0.09999999999999998,143.59755545734376,False,family,Normalised SCP,random_5,random,svr
Polycarbonates,23,1.0,0.09999999999999998,113.15070401173222,True,family,Normalised SCP,random_5,random,svr
0,53,0.660377358490566,-0.23962264150943402,134.0467,True,similarity,SCP,random_5,random,random_forest
1,78,0.7051282051282052,-0.19487179487179485,134.04670000000004,True,similarity,SCP,random_5,random,random_forest
2,153,0.8169934640522876,-0.08300653594771246,134.04669999999996,True,similarity,SCP,random_5,random,random_forest
3,222,0.8963963963963963,-0.003603603603603678,134.04669999999996,True,similarity,SCP,random_5,random,random_forest
4,299,0.9531772575250836,0.05317725752508362,134.0467,True,similarity,SCP,random_5,random,random_forest
5,630,0.9619047619047619,0.06190476190476191,134.04669999999996,True,similarity,SCP,random_5,random,random_forest
Polydienes,18,0.7222222222222222,-0.1777777777777778,134.0467,True,family,SCP,random_5,random,random_forest
Polyphosphazenes,18,0.7222222222222222,-0.1777777777777778,134.0467,True,family,SCP,random_5,random,random_forest
Polysiloxanes,41,0.7560975609756098,-0.14390243902439026,134.0467,True,family,SCP,random_5,random,random_forest
Polyhalo-olefins,10,0.8,-0.09999999999999998,134.04669999999996,True,family,SCP,random_5,random,random_forest
Polyphenylenes,103,0.8058252427184466,-0.09417475728155345,134.04670000000002,True,family,SCP,random_5,random,random_forest
Polysulfides,11,0.8181818181818182,-0.08181818181818179,134.0467,True,family,SCP,random_5,random,random_forest
Polyureas,12,0.8333333333333334,-0.06666666666666665,134.04669999999996,True,family,SCP,random_5,random,random_forest
Polyanhydrides,6,0.8333333333333334,-0.06666666666666665,134.0467,False,family,SCP,random_5,random,random_forest
Polyolefins,25,0.88,-0.020000000000000018,134.0467,True,family,SCP,random_5,random,random_forest
Polyurethanes,43,0.8837209302325582,-0.016279069767441867,134.0467,True,family,SCP,random_5,random,random_forest
Polyvinyls,35,0.8857142857142857,-0.014285714285714346,134.0467,True,family,SCP,random_5,random,random_forest
Polystyrenes,54,0.9074074074074074,0.007407407407407418,134.0467,True,family,SCP,random_5,random,random_forest
Polyesters,160,0.9125,0.012499999999999956,134.04669999999996,True,family,SCP,random_5,random,random_forest
Polyimines,12,0.9166666666666666,0.016666666666666607,134.0467,True,family,SCP,random_5,random,random_forest
Polyacrylics,137,0.9197080291970803,0.019708029197080257,134.0467,True,family,SCP,random_5,random,random_forest
Polyethers,155,0.9225806451612903,0.022580645161290325,134.0467,True,family,SCP,random_5,random,random_forest
Polyimides,330,0.9424242424242424,0.042424242424242364,134.0467,True,family,SCP,random_5,random,random_forest
Polycarbonates,23,0.9565217391304348,0.05652173913043479,134.04669999999996,True,family,SCP,random_5,random,random_forest
Polyamides,192,0.9635416666666666,0.06354166666666661,134.04669999999996,True,family,SCP,random_5,random,random_forest
Polysulfones,50,0.98,0.07999999999999996,134.0467,True,family,SCP,random_5,random,random_forest
0,53,0.8867924528301887,-0.013207547169811318,200.29260000000005,True,similarity,Mondrian-similarity,random_5,random,random_forest
2,153,0.8954248366013072,-0.004575163398692794,193.62040000000002,True,similarity,Mondrian-similarity,random_5,random,random_forest
4,299,0.9096989966555183,0.009698996655518322,110.0856,True,similarity,Mondrian-similarity,random_5,random,random_forest
3,222,0.9279279279279279,0.027927927927927865,150.25919999999996,True,similarity,Mondrian-similarity,random_5,random,random_forest
5,630,0.9285714285714286,0.02857142857142858,104.63280000000007,True,similarity,Mondrian-similarity,random_5,random,random_forest
1,78,0.9358974358974359,0.03589743589743588,232.02059999999992,True,similarity,Mondrian-similarity,random_5,random,random_forest
Polyureas,12,0.75,-0.15000000000000002,131.59070000000006,True,family,Mondrian-similarity,random_5,random,random_forest
Polydienes,18,0.7777777777777778,-0.12222222222222223,181.8505111111111,True,family,Mondrian-similarity,random_5,random,random_forest
Polyolefins,25,0.8,-0.09999999999999998,147.550184,True,family,Mondrian-similarity,random_5,random,random_forest
Polysulfides,11,0.8181818181818182,-0.08181818181818179,159.67945454545455,True,family,Mondrian-similarity,random_5,random,random_forest
Polyphenylenes,103,0.8252427184466019,-0.07475728155339811,150.81400970873787,True,family,Mondrian-similarity,random_5,random,random_forest
Polysiloxanes,41,0.8536585365853658,-0.04634146341463419,143.1791268292683,True,family,Mondrian-similarity,random_5,random,random_forest
Polyurethanes,43,0.8837209302325582,-0.016279069767441867,140.0860046511628,True,family,Mondrian-similarity,random_5,random,random_forest
Polyphosphazenes,18,0.8888888888888888,-0.011111111111111183,175.20653333333334,True,family,Mondrian-similarity,random_5,random,random_forest
Polyimides,330,0.9212121212121213,0.021212121212121238,117.57352000000004,True,family,Mondrian-similarity,random_5,random,random_forest
Polystyrenes,54,0.9259259259259259,0.025925925925925908,148.31218888888893,True,family,Mondrian-similarity,random_5,random,random_forest
Polyamides,192,0.9270833333333334,0.027083333333333348,121.14067708333339,True,family,Mondrian-similarity,random_5,random,random_forest
Polyesters,160,0.9375,0.03749999999999998,128.45900000000003,True,family,Mondrian-similarity,random_5,random,random_forest
Polyvinyls,35,0.9428571428571428,0.042857142857142816,154.9965542857143,True,family,Mondrian-similarity,random_5,random,random_forest
Polyacrylics,137,0.948905109489051,0.048905109489051024,135.60154890510952,True,family,Mondrian-similarity,random_5,random,random_forest
Polysulfones,50,0.96,0.05999999999999994,125.61918800000005,True,family,Mondrian-similarity,random_5,random,random_forest
Polyethers,155,0.967741935483871,0.06774193548387097,137.85891612903228,True,family,Mondrian-similarity,random_5,random,random_forest
Polyanhydrides,6,1.0,0.09999999999999998,138.33700000000002,False,family,Mondrian-similarity,random_5,random,random_forest
Polyhalo-olefins,10,1.0,0.09999999999999998,194.62986,True,family,Mondrian-similarity,random_5,random,random_forest
Polyimines,12,1.0,0.09999999999999998,141.79293333333337,True,family,Mondrian-similarity,random_5,random,random_forest
Polycarbonates,23,1.0,0.09999999999999998,126.07907826086962,True,family,Mondrian-similarity,random_5,random,random_forest
0,53,0.7169811320754716,-0.18301886792452837,151.48410264150945,True,similarity,Mondrian-family,random_5,random,random_forest
1,78,0.782051282051282,-0.11794871794871797,156.02426923076925,True,similarity,Mondrian-family,random_5,random,random_forest
2,153,0.8300653594771242,-0.06993464052287579,149.0918643137255,True,similarity,Mondrian-family,random_5,random,random_forest
3,222,0.9234234234234234,0.023423423423423406,146.81866747747748,True,similarity,Mondrian-family,random_5,random,random_forest
4,299,0.9431438127090301,0.043143812709030116,137.25067117056858,True,similarity,Mondrian-family,random_5,random,random_forest
5,630,0.9682539682539683,0.06825396825396823,135.82558314285717,True,similarity,Mondrian-family,random_5,random,random_forest
Polydienes,18,0.7222222222222222,-0.1777777777777778,134.0467,True,family,Mondrian-family,random_5,random,random_forest
Polyhalo-olefins,10,0.8,-0.09999999999999998,134.04669999999996,True,family,Mondrian-family,random_5,random,random_forest
Polysulfides,11,0.8181818181818182,-0.08181818181818179,134.0467,True,family,Mondrian-family,random_5,random,random_forest
Polyanhydrides,6,0.8333333333333334,-0.06666666666666665,134.0467,False,family,Mondrian-family,random_5,random,random_forest
Polyureas,12,0.8333333333333334,-0.06666666666666665,134.04669999999996,True,family,Mondrian-family,random_5,random,random_forest
Polyphenylenes,103,0.8640776699029126,-0.03592233009708745,164.21680000000003,True,family,Mondrian-family,random_5,random,random_forest
Polyolefins,25,0.88,-0.020000000000000018,153.96368,True,family,Mondrian-family,random_5,random,random_forest
Polyurethanes,43,0.9069767441860465,0.006976744186046435,196.15545999999995,True,family,Mondrian-family,random_5,random,random_forest
Polyamides,192,0.9114583333333334,0.011458333333333348,111.37068000000004,True,family,Mondrian-family,random_5,random,random_forest
Polyesters,160,0.9125,0.012499999999999956,131.84701999999993,True,family,Mondrian-family,random_5,random,random_forest
Polyimines,12,0.9166666666666666,0.016666666666666607,134.0467,True,family,Mondrian-family,random_5,random,random_forest
Polyethers,155,0.9225806451612903,0.022580645161290325,130.69219999999999,True,family,Mondrian-family,random_5,random,random_forest
Polyacrylics,137,0.927007299270073,0.02700729927007295,135.80623999999997,True,family,Mondrian-family,random_5,random,random_forest
Polyimides,330,0.9363636363636364,0.036363636363636376,124.34040000000005,True,family,Mondrian-family,random_5,random,random_forest
Polycarbonates,23,0.9565217391304348,0.05652173913043479,74.40619999999996,True,family,Mondrian-family,random_5,random,random_forest
Polyvinyls,35,0.9714285714285714,0.0714285714285714,160.37019999999998,True,family,Mondrian-family,random_5,random,random_forest
Polysiloxanes,41,0.975609756097561,0.07560975609756093,252.75680000000014,True,family,Mondrian-family,random_5,random,random_forest
Polystyrenes,54,0.9814814814814815,0.08148148148148149,207.7492,True,family,Mondrian-family,random_5,random,random_forest
Polyphosphazenes,18,1.0,0.09999999999999998,211.38119999999998,True,family,Mondrian-family,random_5,random,random_forest
Polysulfones,50,1.0,0.09999999999999998,173.59339999999997,True,family,Mondrian-family,random_5,random,random_forest
1,78,0.7692307692307693,-0.13076923076923075,167.87715979119488,True,similarity,Normalised SCP,random_5,random,random_forest
2,153,0.8235294117647058,-0.07647058823529418,160.45813620284787,True,similarity,Normalised SCP,random_5,random,random_forest
0,53,0.8301886792452831,-0.06981132075471697,182.0990830511553,True,similarity,Normalised SCP,random_5,random,random_forest
3,222,0.918918918918919,0.018918918918918948,153.01607256355186,True,similarity,Normalised SCP,random_5,random,random_forest
4,299,0.9264214046822743,0.026421404682274274,132.01700881733174,True,similarity,Normalised SCP,random_5,random,random_forest
5,630,0.9380952380952381,0.03809523809523807,114.44744182561108,True,similarity,Normalised SCP,random_5,random,random_forest
Polyureas,12,0.75,-0.15000000000000002,121.89302312298135,True,family,Normalised SCP,random_5,random,random_forest
Polyolefins,25,0.8,-0.09999999999999998,165.17567039961375,True,family,Normalised SCP,random_5,random,random_forest
Polyphenylenes,103,0.8155339805825242,-0.08446601941747578,161.74285794293172,True,family,Normalised SCP,random_5,random,random_forest
Polyurethanes,43,0.8604651162790697,-0.03953488372093028,113.60791683857661,True,family,Normalised SCP,random_5,random,random_forest
Polyphosphazenes,18,0.8888888888888888,-0.011111111111111183,201.24929773821833,True,family,Normalised SCP,random_5,random,random_forest
Polydienes,18,0.8888888888888888,-0.011111111111111183,218.76824922185685,True,family,Normalised SCP,random_5,random,random_forest
Polyhalo-olefins,10,0.9,0.0,227.98261198566723,True,family,Normalised SCP,random_5,random,random_forest
Polysiloxanes,41,0.9024390243902439,0.0024390243902439046,170.282042055945,True,family,Normalised SCP,random_5,random,random_forest
Polyimides,330,0.9030303030303031,0.00303030303030305,127.3080635156701,True,family,Normalised SCP,random_5,random,random_forest
Polyamides,192,0.90625,0.006249999999999978,110.15832501773428,True,family,Normalised SCP,random_5,random,random_forest
Polysulfides,11,0.9090909090909091,0.009090909090909038,206.27215072654064,True,family,Normalised SCP,random_5,random,random_forest
Polyesters,160,0.9125,0.012499999999999956,115.22415957579008,True,family,Normalised SCP,random_5,random,random_forest
Polyimines,12,0.9166666666666666,0.016666666666666607,128.16440786116468,True,family,Normalised SCP,random_5,random,random_forest
Polyacrylics,137,0.9197080291970803,0.019708029197080257,135.68793808658526,True,family,Normalised SCP,random_5,random,random_forest
Polystyrenes,54,0.9259259259259259,0.025925925925925908,152.12535849545668,True,family,Normalised SCP,random_5,random,random_forest
Polyvinyls,35,0.9428571428571428,0.042857142857142816,126.5358616465111,True,family,Normalised SCP,random_5,random,random_forest
Polycarbonates,23,0.9565217391304348,0.05652173913043479,121.84408583990543,True,family,Normalised SCP,random_5,random,random_forest
Polyethers,155,0.9612903225806452,0.06129032258064515,136.0455553080045,True,family,Normalised SCP,random_5,random,random_forest
Polysulfones,50,0.98,0.07999999999999996,148.47995527343204,True,family,Normalised SCP,random_5,random,random_forest
Polyanhydrides,6,1.0,0.09999999999999998,155.11699800064602,False,family,Normalised SCP,random_5,random,random_forest
0,53,0.7358490566037735,-0.1641509433962265,123.96982738613526,True,similarity,SCP,random_5,random,hist_gbr
1,78,0.7435897435897436,-0.1564102564102564,123.96982738613532,True,similarity,SCP,random_5,random,hist_gbr
2,153,0.8366013071895425,-0.06339869281045751,123.96982738613528,True,similarity,SCP,random_5,random,hist_gbr
3,222,0.9279279279279279,0.027927927927927865,123.96982738613528,True,similarity,SCP,random_5,random,hist_gbr
4,299,0.9498327759197325,0.04983277591973245,123.96982738613526,True,similarity,SCP,random_5,random,hist_gbr
5,630,0.9666666666666667,0.06666666666666665,123.96982738613528,True,similarity,SCP,random_5,random,hist_gbr
Polysulfides,11,0.7272727272727273,-0.17272727272727273,123.96982738613525,True,family,SCP,random_5,random,hist_gbr
Polyureas,12,0.75,-0.15000000000000002,123.96982738613526,True,family,SCP,random_5,random,hist_gbr
Polydienes,18,0.7777777777777778,-0.12222222222222223,123.9698273861353,True,family,SCP,random_5,random,hist_gbr
Polyphenylenes,103,0.8155339805825242,-0.08446601941747578,123.96982738613531,True,family,SCP,random_5,random,hist_gbr
Polyimines,12,0.8333333333333334,-0.06666666666666665,123.96982738613526,True,family,SCP,random_5,random,hist_gbr
Polyolefins,25,0.84,-0.06000000000000005,123.96982738613528,True,family,SCP,random_5,random,hist_gbr
Polysiloxanes,41,0.8780487804878049,-0.02195121951219514,123.96982738613528,True,family,SCP,random_5,random,hist_gbr
Polyurethanes,43,0.8837209302325582,-0.016279069767441867,123.96982738613526,True,family,SCP,random_5,random,hist_gbr
Polyhalo-olefins,10,0.9,0.0,123.96982738613526,True,family,SCP,random_5,random,hist_gbr
Polystyrenes,54,0.9074074074074074,0.007407407407407418,123.96982738613525,True,family,SCP,random_5,random,hist_gbr
Polyesters,160,0.91875,0.018749999999999933,123.96982738613528,True,family,SCP,random_5,random,hist_gbr
Polyacrylics,137,0.9343065693430657,0.03430656934306564,123.9698273861353,True,family,SCP,random_5,random,hist_gbr
Polyvinyls,35,0.9428571428571428,0.042857142857142816,123.96982738613528,True,family,SCP,random_5,random,hist_gbr
Polyamides,192,0.9479166666666666,0.04791666666666661,123.9698273861353,True,family,SCP,random_5,random,hist_gbr
Polyethers,155,0.9483870967741935,0.048387096774193505,123.9698273861353,True,family,SCP,random_5,random,hist_gbr
Polyimides,330,0.9515151515151515,0.051515151515151514,123.96982738613531,True,family,SCP,random_5,random,hist_gbr
Polycarbonates,23,0.9565217391304348,0.05652173913043479,123.96982738613532,True,family,SCP,random_5,random,hist_gbr
Polysulfones,50,0.98,0.07999999999999996,123.96982738613525,True,family,SCP,random_5,random,hist_gbr
Polyanhydrides,6,1.0,0.09999999999999998,123.9698273861353,False,family,SCP,random_5,random,hist_gbr
Polyphosphazenes,18,1.0,0.09999999999999998,123.9698273861353,True,family,SCP,random_5,random,hist_gbr
4,299,0.8929765886287625,-0.00702341137123752,100.39245772309795,True,similarity,Mondrian-similarity,random_5,random,hist_gbr
2,153,0.8954248366013072,-0.004575163398692794,168.65609004312066,True,similarity,Mondrian-similarity,random_5,random,hist_gbr
5,630,0.919047619047619,0.01904761904761898,90.8480536511496,True,similarity,Mondrian-similarity,random_5,random,hist_gbr
0,53,0.9245283018867925,0.024528301886792447,223.00360612236975,True,similarity,Mondrian-similarity,random_5,random,hist_gbr
1,78,0.9615384615384616,0.06153846153846154,229.89299205553985,True,similarity,Mondrian-similarity,random_5,random,hist_gbr
3,222,0.9684684684684685,0.06846846846846844,159.33320643848626,True,similarity,Mondrian-similarity,random_5,random,hist_gbr
Polydienes,18,0.7777777777777778,-0.12222222222222223,182.96656680718385,True,family,Mondrian-similarity,random_5,random,hist_gbr
Polysulfides,11,0.8181818181818182,-0.08181818181818179,160.79157600829433,True,family,Mondrian-similarity,random_5,random,hist_gbr
Polyureas,12,0.8333333333333334,-0.06666666666666665,117.59789282674512,True,family,Mondrian-similarity,random_5,random,hist_gbr
Polyphenylenes,103,0.8737864077669902,-0.026213592233009786,142.38623005088877,True,family,Mondrian-similarity,random_5,random,hist_gbr
Polyolefins,25,0.88,-0.020000000000000018,144.65510872321815,True,family,Mondrian-similarity,random_5,random,hist_gbr
Polyurethanes,43,0.8837209302325582,-0.016279069767441867,133.28019216658996,True,family,Mondrian-similarity,random_5,random,hist_gbr
Polyesters,160,0.9125,0.012499999999999956,119.9388757002368,True,family,Mondrian-similarity,random_5,random,hist_gbr
Polyvinyls,35,0.9142857142857143,0.014285714285714235,149.23647267757738,True,family,Mondrian-similarity,random_5,random,hist_gbr
Polyimines,12,0.9166666666666666,0.016666666666666607,133.51113922775974,True,family,Mondrian-similarity,random_5,random,hist_gbr
Polysulfones,50,0.92,0.020000000000000018,113.85213785155358,True,family,Mondrian-similarity,random_5,random,hist_gbr
Polyimides,330,0.9242424242424242,0.024242424242424176,106.96770844918268,True,family,Mondrian-similarity,random_5,random,hist_gbr
Polyacrylics,137,0.927007299270073,0.02700729927007295,127.6589025499294,True,family,Mondrian-similarity,random_5,random,hist_gbr
Polyamides,192,0.9322916666666666,0.03229166666666661,110.06405759882398,True,family,Mondrian-similarity,random_5,random,hist_gbr
Polystyrenes,54,0.9444444444444444,0.0444444444444444,144.35337218309184,True,family,Mondrian-similarity,random_5,random,hist_gbr
Polyethers,155,0.9483870967741935,0.048387096774193505,130.2784947017549,True,family,Mondrian-similarity,random_5,random,hist_gbr
Polysiloxanes,41,0.9512195121951219,0.051219512195121886,134.75288315377216,True,family,Mondrian-similarity,random_5,random,hist_gbr
Polycarbonates,23,0.9565217391304348,0.05652173913043479,117.55083224822548,True,family,Mondrian-similarity,random_5,random,hist_gbr
Polyanhydrides,6,1.0,0.09999999999999998,138.08137249887244,False,family,Mondrian-similarity,random_5,random,hist_gbr
Polyphosphazenes,18,1.0,0.09999999999999998,170.24851541130712,True,family,Mondrian-similarity,random_5,random,hist_gbr
Polyhalo-olefins,10,1.0,0.09999999999999998,195.34314854845238,True,family,Mondrian-similarity,random_5,random,hist_gbr
1,78,0.7564102564102564,-0.14358974358974363,138.05148260303784,True,similarity,Mondrian-family,random_5,random,hist_gbr
0,53,0.7735849056603774,-0.1264150943396226,138.45836956163652,True,similarity,Mondrian-family,random_5,random,hist_gbr
2,153,0.8169934640522876,-0.08300653594771246,135.32942803824437,True,similarity,Mondrian-family,random_5,random,hist_gbr
3,222,0.9099099099099099,0.00990990990990992,136.33739199369967,True,similarity,Mondrian-family,random_5,random,hist_gbr
4,299,0.9364548494983278,0.03645484949832778,126.05549452810217,True,similarity,Mondrian-family,random_5,random,hist_gbr
5,630,0.9634920634920635,0.06349206349206349,123.86751900282005,True,similarity,Mondrian-family,random_5,random,hist_gbr
Polysulfides,11,0.7272727272727273,-0.17272727272727273,123.96982738613525,True,family,Mondrian-family,random_5,random,hist_gbr
Polyureas,12,0.75,-0.15000000000000002,123.96982738613526,True,family,Mondrian-family,random_5,random,hist_gbr
Polydienes,18,0.7777777777777778,-0.12222222222222223,123.9698273861353,True,family,Mondrian-family,random_5,random,hist_gbr
Polyphenylenes,103,0.8252427184466019,-0.07475728155339811,143.2369997568829,True,family,Mondrian-family,random_5,random,hist_gbr
Polyimines,12,0.8333333333333334,-0.06666666666666665,123.96982738613526,True,family,Mondrian-family,random_5,random,hist_gbr
Polycarbonates,23,0.8695652173913043,-0.0304347826086957,88.58479305216547,True,family,Mondrian-family,random_5,random,hist_gbr
Polyolefins,25,0.88,-0.020000000000000018,191.4436851340518,True,family,Mondrian-family,random_5,random,hist_gbr
Polyamides,192,0.890625,-0.009375000000000022,100.39245772309796,True,family,Mondrian-family,random_5,random,hist_gbr
Polyhalo-olefins,10,0.9,0.0,123.96982738613526,True,family,Mondrian-family,random_5,random,hist_gbr
Polyurethanes,43,0.9069767441860465,0.006976744186046435,146.15496982514085,True,family,Mondrian-family,random_5,random,hist_gbr
Polyesters,160,0.91875,0.018749999999999933,125.03868676444831,True,family,Mondrian-family,random_5,random,hist_gbr
Polyacrylics,137,0.927007299270073,0.02700729927007295,116.80886194639015,True,family,Mondrian-family,random_5,random,hist_gbr
Polyimides,330,0.9272727272727272,0.027272727272727226,111.75273966524516,True,family,Mondrian-family,random_5,random,hist_gbr
Polyvinyls,35,0.9428571428571428,0.042857142857142816,128.78078938729416,True,family,Mondrian-family,random_5,random,hist_gbr
Polysiloxanes,41,0.9512195121951219,0.051219512195121886,189.6322371242805,True,family,Mondrian-family,random_5,random,hist_gbr
Polyethers,155,0.9548387096774194,0.05483870967741933,136.69299752303098,True,family,Mondrian-family,random_5,random,hist_gbr
Polystyrenes,54,0.9814814814814815,0.08148148148148149,217.7510316052111,True,family,Mondrian-family,random_5,random,hist_gbr
Polyanhydrides,6,1.0,0.09999999999999998,123.9698273861353,False,family,Mondrian-family,random_5,random,hist_gbr
Polysulfones,50,1.0,0.09999999999999998,168.65609004312068,True,family,Mondrian-family,random_5,random,hist_gbr
Polyphosphazenes,18,1.0,0.09999999999999998,142.57907363390166,True,family,Mondrian-family,random_5,random,hist_gbr
1,78,0.8076923076923077,-0.09230769230769231,149.00371592853057,True,similarity,Normalised SCP,random_5,random,hist_gbr
2,153,0.8235294117647058,-0.07647058823529418,135.129631828249,True,similarity,Normalised SCP,random_5,random,hist_gbr
0,53,0.8490566037735849,-0.05094339622641508,158.40702407646697,True,similarity,Normalised SCP,random_5,random,hist_gbr
3,222,0.9009009009009009,0.0009009009009008917,130.35164244157855,True,similarity,Normalised SCP,random_5,random,hist_gbr
4,299,0.9230769230769231,0.023076923076923106,117.62412291667151,True,similarity,Normalised SCP,random_5,random,hist_gbr
5,630,0.9523809523809523,0.052380952380952306,105.13158845510398,True,similarity,Normalised SCP,random_5,random,hist_gbr
Polysulfides,11,0.7272727272727273,-0.17272727272727273,156.85658500076025,True,family,Normalised SCP,random_5,random,hist_gbr
Polyureas,12,0.75,-0.15000000000000002,113.5997589640826,True,family,Normalised SCP,random_5,random,hist_gbr
Polyolefins,25,0.76,-0.14,138.2654360071492,True,family,Normalised SCP,random_5,random,hist_gbr
Polyimines,12,0.8333333333333334,-0.06666666666666665,129.49061536100172,True,family,Normalised SCP,random_5,random,hist_gbr
Polydienes,18,0.8333333333333334,-0.06666666666666665,201.76608213665486,True,family,Normalised SCP,random_5,random,hist_gbr
Polyurethanes,43,0.8372093023255814,-0.06279069767441858,97.71566234435167,True,family,Normalised SCP,random_5,random,hist_gbr
Polysiloxanes,41,0.8780487804878049,-0.02195121951219514,133.4967999867972,True,family,Normalised SCP,random_5,random,hist_gbr
Polyamides,192,0.890625,-0.009375000000000022,100.83634982962248,True,family,Normalised SCP,random_5,random,hist_gbr
Polyphenylenes,103,0.8932038834951457,-0.006796116504854344,156.33569392255845,True,family,Normalised SCP,random_5,random,hist_gbr
Polyesters,160,0.9125,0.012499999999999956,111.19240140715608,True,family,Normalised SCP,random_5,random,hist_gbr
Polycarbonates,23,0.9130434782608695,0.01304347826086949,104.60327070395543,True,family,Normalised SCP,random_5,random,hist_gbr
Polyvinyls,35,0.9142857142857143,0.014285714285714235,113.04831897294115,True,family,Normalised SCP,random_5,random,hist_gbr
Polyimides,330,0.9212121212121213,0.021212121212121238,111.55620863668001,True,family,Normalised SCP,random_5,random,hist_gbr
Polyacrylics,137,0.9343065693430657,0.03430656934306564,112.15070286890816,True,family,Normalised SCP,random_5,random,hist_gbr
Polyphosphazenes,18,0.9444444444444444,0.0444444444444444,142.68086961184116,True,family,Normalised SCP,random_5,random,hist_gbr
Polyethers,155,0.9548387096774194,0.05483870967741933,120.04547528151912,True,family,Normalised SCP,random_5,random,hist_gbr
Polystyrenes,54,0.9629629629629629,0.06296296296296289,144.01410745896342,True,family,Normalised SCP,random_5,random,hist_gbr
Polyanhydrides,6,1.0,0.09999999999999998,97.16389550673972,False,family,Normalised SCP,random_5,random,hist_gbr
Polysulfones,50,1.0,0.09999999999999998,124.84633289140183,True,family,Normalised SCP,random_5,random,hist_gbr
Polyhalo-olefins,10,1.0,0.09999999999999998,205.51317613293614,True,family,Normalised SCP,random_5,random,hist_gbr
0,53,0.6226415094339622,-0.2773584905660378,130.32079999999988,True,similarity,SCP,random_5,random,extra_trees
1,78,0.7435897435897436,-0.1564102564102564,130.32079999999988,True,similarity,SCP,random_5,random,extra_trees
2,153,0.7908496732026143,-0.10915032679738568,130.32079999999993,True,similarity,SCP,random_5,random,extra_trees
3,222,0.8963963963963963,-0.003603603603603678,130.3207999999999,True,similarity,SCP,random_5,random,extra_trees
4,299,0.9565217391304348,0.05652173913043479,130.3207999999999,True,similarity,SCP,random_5,random,extra_trees
5,630,0.9571428571428572,0.05714285714285716,130.3207999999999,True,similarity,SCP,random_5,random,extra_trees
Polyureas,12,0.6666666666666666,-0.2333333333333334,130.32079999999993,True,family,SCP,random_5,random,extra_trees
Polydienes,18,0.7222222222222222,-0.1777777777777778,130.3207999999999,True,family,SCP,random_5,random,extra_trees
Polysulfides,11,0.7272727272727273,-0.17272727272727273,130.32079999999993,True,family,SCP,random_5,random,extra_trees
Polysiloxanes,41,0.7317073170731707,-0.1682926829268293,130.3207999999999,True,family,SCP,random_5,random,extra_trees
Polyphosphazenes,18,0.7777777777777778,-0.12222222222222223,130.3207999999999,True,family,SCP,random_5,random,extra_trees
Polyhalo-olefins,10,0.8,-0.09999999999999998,130.3207999999999,True,family,SCP,random_5,random,extra_trees
Polyphenylenes,103,0.8155339805825242,-0.08446601941747578,130.3207999999999,True,family,SCP,random_5,random,extra_trees
Polyolefins,25,0.84,-0.06000000000000005,130.3207999999999,True,family,SCP,random_5,random,extra_trees
Polyurethanes,43,0.8837209302325582,-0.016279069767441867,130.32079999999988,True,family,SCP,random_5,random,extra_trees
Polystyrenes,54,0.9074074074074074,0.007407407407407418,130.32079999999988,True,family,SCP,random_5,random,extra_trees
Polyacrylics,137,0.9124087591240876,0.012408759124087565,130.32079999999993,True,family,SCP,random_5,random,extra_trees
Polyvinyls,35,0.9142857142857143,0.014285714285714235,130.32079999999988,True,family,SCP,random_5,random,extra_trees
Polyimines,12,0.9166666666666666,0.016666666666666607,130.32079999999993,True,family,SCP,random_5,random,extra_trees
Polyethers,155,0.9225806451612903,0.022580645161290325,130.3207999999999,True,family,SCP,random_5,random,extra_trees
Polyesters,160,0.925,0.025000000000000022,130.3207999999999,True,family,SCP,random_5,random,extra_trees
Polyimides,330,0.9303030303030303,0.030303030303030276,130.3207999999999,True,family,SCP,random_5,random,extra_trees
Polyamides,192,0.9479166666666666,0.04791666666666661,130.32079999999993,True,family,SCP,random_5,random,extra_trees
Polysulfones,50,1.0,0.09999999999999998,130.3207999999999,True,family,SCP,random_5,random,extra_trees
Polyanhydrides,6,1.0,0.09999999999999998,130.32079999999993,False,family,SCP,random_5,random,extra_trees
Polycarbonates,23,1.0,0.09999999999999998,130.32079999999993,True,family,SCP,random_5,random,extra_trees
2,153,0.8562091503267973,-0.04379084967320268,159.7833999999999,True,similarity,Mondrian-similarity,random_5,random,extra_trees
0,53,0.8867924528301887,-0.013207547169811318,228.33306000000005,True,similarity,Mondrian-similarity,random_5,random,extra_trees
3,222,0.9144144144144144,0.014414414414414378,142.37670000000006,True,similarity,Mondrian-similarity,random_5,random,extra_trees
5,630,0.9158730158730158,0.015873015873015817,96.63384000000002,True,similarity,Mondrian-similarity,random_5,random,extra_trees
4,299,0.9297658862876255,0.029765886287625443,103.73159999999994,True,similarity,Mondrian-similarity,random_5,random,extra_trees
1,78,0.9358974358974359,0.03589743589743588,209.1702000000001,True,similarity,Mondrian-similarity,random_5,random,extra_trees
Polyureas,12,0.75,-0.15000000000000002,117.41609499999997,True,family,Mondrian-similarity,random_5,random,extra_trees
Polydienes,18,0.7777777777777778,-0.12222222222222223,176.97053444444447,True,family,Mondrian-similarity,random_5,random,extra_trees
Polysiloxanes,41,0.7804878048780488,-0.11951219512195121,132.76178634146342,True,family,Mondrian-similarity,random_5,random,extra_trees
Polysulfides,11,0.8181818181818182,-0.08181818181818179,158.1306418181818,True,family,Mondrian-similarity,random_5,random,extra_trees
Polyphenylenes,103,0.8349514563106796,-0.06504854368932045,139.0702772815534,True,family,Mondrian-similarity,random_5,random,extra_trees
Polyolefins,25,0.84,-0.06000000000000005,135.88484720000002,True,family,Mondrian-similarity,random_5,random,extra_trees
Polyurethanes,43,0.8604651162790697,-0.03953488372093028,130.5975097674419,True,family,Mondrian-similarity,random_5,random,extra_trees
Polyphosphazenes,18,0.8888888888888888,-0.011111111111111183,158.16587666666672,True,family,Mondrian-similarity,random_5,random,extra_trees
Polyhalo-olefins,10,0.9,0.0,186.74431799999996,True,family,Mondrian-similarity,random_5,random,extra_trees
Polyvinyls,35,0.9142857142857143,0.014285714285714235,141.48097142857148,True,family,Mondrian-similarity,random_5,random,extra_trees
Polyimides,330,0.9151515151515152,0.015151515151515138,108.96133018181818,True,family,Mondrian-similarity,random_5,random,extra_trees
Polyesters,160,0.925,0.025000000000000022,118.48545537499999,True,family,Mondrian-similarity,random_5,random,extra_trees
Polyamides,192,0.9270833333333334,0.027083333333333348,111.4167383333333,True,family,Mondrian-similarity,random_5,random,extra_trees
Polyethers,155,0.9419354838709677,0.04193548387096768,127.67463109677419,True,family,Mondrian-similarity,random_5,random,extra_trees
Polystyrenes,54,0.9444444444444444,0.0444444444444444,139.10464222222222,True,family,Mondrian-similarity,random_5,random,extra_trees
Polyacrylics,137,0.948905109489051,0.048905109489051024,124.91514598540147,True,family,Mondrian-similarity,random_5,random,extra_trees
Polysulfones,50,0.96,0.05999999999999994,114.14520920000001,True,family,Mondrian-similarity,random_5,random,extra_trees
Polyimines,12,1.0,0.09999999999999998,129.45913333333334,True,family,Mondrian-similarity,random_5,random,extra_trees
Polyanhydrides,6,1.0,0.09999999999999998,142.8995,False,family,Mondrian-similarity,random_5,random,extra_trees
Polycarbonates,23,1.0,0.09999999999999998,119.40644173913043,True,family,Mondrian-similarity,random_5,random,extra_trees
0,53,0.6981132075471698,-0.20188679245283025,151.3671803773585,True,similarity,Mondrian-family,random_5,random,extra_trees
2,153,0.7973856209150327,-0.10261437908496729,144.55499738562094,True,similarity,Mondrian-family,random_5,random,extra_trees
1,78,0.8076923076923077,-0.09230769230769231,151.7452630769231,True,similarity,Mondrian-family,random_5,random,extra_trees
3,222,0.8963963963963963,-0.003603603603603678,141.64228216216216,True,similarity,Mondrian-family,random_5,random,extra_trees
4,299,0.9565217391304348,0.05652173913043479,131.5213995986622,True,similarity,Mondrian-family,random_5,random,extra_trees
5,630,0.9619047619047619,0.06190476190476191,130.04312152380953,True,similarity,Mondrian-family,random_5,random,extra_trees
Polyureas,12,0.6666666666666666,-0.2333333333333334,130.32079999999993,True,family,Mondrian-family,random_5,random,extra_trees
Polydienes,18,0.7222222222222222,-0.1777777777777778,130.3207999999999,True,family,Mondrian-family,random_5,random,extra_trees
Polysulfides,11,0.7272727272727273,-0.17272727272727273,130.32079999999993,True,family,Mondrian-family,random_5,random,extra_trees
Polyhalo-olefins,10,0.8,-0.09999999999999998,130.3207999999999,True,family,Mondrian-family,random_5,random,extra_trees
Polyphenylenes,103,0.8737864077669902,-0.026213592233009786,172.02572000000018,True,family,Mondrian-family,random_5,random,extra_trees
Polyolefins,25,0.88,-0.020000000000000018,152.99179999999996,True,family,Mondrian-family,random_5,random,extra_trees
Polyphosphazenes,18,0.8888888888888888,-0.011111111111111183,189.28224000000014,True,family,Mondrian-family,random_5,random,extra_trees
Polyacrylics,137,0.8905109489051095,-0.00948905109489051,121.55539999999999,True,family,Mondrian-family,random_5,random,extra_trees
Polyesters,160,0.90625,0.006249999999999978,121.42879999999995,True,family,Mondrian-family,random_5,random,extra_trees
Polycarbonates,23,0.9130434782608695,0.01304347826086949,79.1894,True,family,Mondrian-family,random_5,random,extra_trees
Polyvinyls,35,0.9142857142857143,0.014285714285714235,133.18431999999987,True,family,Mondrian-family,random_5,random,extra_trees
Polyimines,12,0.9166666666666666,0.016666666666666607,130.32079999999993,True,family,Mondrian-family,random_5,random,extra_trees
Polyethers,155,0.9225806451612903,0.022580645161290325,129.4129599999999,True,family,Mondrian-family,random_5,random,extra_trees
Polyamides,192,0.9270833333333334,0.027083333333333348,111.04680000000008,True,family,Mondrian-family,random_5,random,extra_trees
Polyimides,330,0.9272727272727272,0.027272727272727226,114.73940000000002,True,family,Mondrian-family,random_5,random,extra_trees
Polyurethanes,43,0.9302325581395349,0.03023255813953485,221.38296000000003,True,family,Mondrian-family,random_5,random,extra_trees
Polystyrenes,54,0.9814814814814815,0.08148148148148149,222.5802,True,family,Mondrian-family,random_5,random,extra_trees
Polysulfones,50,1.0,0.09999999999999998,145.52052000000003,True,family,Mondrian-family,random_5,random,extra_trees
Polyanhydrides,6,1.0,0.09999999999999998,130.32079999999993,False,family,Mondrian-family,random_5,random,extra_trees
Polysiloxanes,41,1.0,0.09999999999999998,246.4920000000002,True,family,Mondrian-family,random_5,random,extra_trees
1,78,0.782051282051282,-0.11794871794871797,161.50812407600404,True,similarity,Normalised SCP,random_5,random,extra_trees
2,153,0.8431372549019608,-0.056862745098039236,155.30505724368498,True,similarity,Normalised SCP,random_5,random,extra_trees
0,53,0.8679245283018868,-0.0320754716981132,185.74432778104853,True,similarity,Normalised SCP,random_5,random,extra_trees
3,222,0.9324324324324325,0.032432432432432434,146.4874426645035,True,similarity,Normalised SCP,random_5,random,extra_trees
5,630,0.9396825396825397,0.03968253968253965,107.3694757354303,True,similarity,Normalised SCP,random_5,random,extra_trees
4,299,0.939799331103679,0.03979933110367895,127.34248998758765,True,similarity,Normalised SCP,random_5,random,extra_trees
Polyureas,12,0.75,-0.15000000000000002,110.86804654006609,True,family,Normalised SCP,random_5,random,extra_trees
Polydienes,18,0.8333333333333334,-0.06666666666666665,188.57969244293722,True,family,Normalised SCP,random_5,random,extra_trees
Polyurethanes,43,0.8372093023255814,-0.06279069767441858,116.88459116625532,True,family,Normalised SCP,random_5,random,extra_trees
Polyphenylenes,103,0.8543689320388349,-0.04563106796116512,153.82586025402762,True,family,Normalised SCP,random_5,random,extra_trees
Polyolefins,25,0.88,-0.020000000000000018,170.62266107717005,True,family,Normalised SCP,random_5,random,extra_trees
Polyesters,160,0.89375,-0.006249999999999978,114.93680817088413,True,family,Normalised SCP,random_5,random,extra_trees
Polyamides,192,0.9010416666666666,0.0010416666666666075,98.07488501929065,True,family,Normalised SCP,random_5,random,extra_trees
Polysiloxanes,41,0.9024390243902439,0.0024390243902439046,161.4359178769106,True,family,Normalised SCP,random_5,random,extra_trees
Polysulfides,11,0.9090909090909091,0.009090909090909038,198.27934076288074,True,family,Normalised SCP,random_5,random,extra_trees
Polyimines,12,0.9166666666666666,0.016666666666666607,120.05913488999704,True,family,Normalised SCP,random_5,random,extra_trees
Polyacrylics,137,0.9343065693430657,0.03430656934306564,133.74931463222768,True,family,Normalised SCP,random_5,random,extra_trees
Polyethers,155,0.9354838709677419,0.03548387096774186,127.98117309602493,True,family,Normalised SCP,random_5,random,extra_trees
Polyimides,330,0.9363636363636364,0.036363636363636376,120.41390855110292,True,family,Normalised SCP,random_5,random,extra_trees
Polyvinyls,35,0.9428571428571428,0.042857142857142816,134.5158518956379,True,family,Normalised SCP,random_5,random,extra_trees
Polystyrenes,54,0.9444444444444444,0.0444444444444444,147.65976807935752,True,family,Normalised SCP,random_5,random,extra_trees
Polycarbonates,23,0.9565217391304348,0.05652173913043479,119.98175465903508,True,family,Normalised SCP,random_5,random,extra_trees
Polyanhydrides,6,1.0,0.09999999999999998,139.3364545797191,False,family,Normalised SCP,random_5,random,extra_trees
Polyhalo-olefins,10,1.0,0.09999999999999998,246.51546546584328,True,family,Normalised SCP,random_5,random,extra_trees
Polyphosphazenes,18,1.0,0.09999999999999998,185.39746092292515,True,family,Normalised SCP,random_5,random,extra_trees
Polysulfones,50,1.0,0.09999999999999998,142.8756881613483,True,family,Normalised SCP,random_5,random,extra_trees
4,285,0.8807017543859649,-0.019298245614035148,370.0,True,similarity,SCP,random_6,random,median
5,640,0.9078125,0.0078125,370.0,True,similarity,SCP,random_6,random,median
1,77,0.9090909090909091,0.009090909090909038,370.0,True,similarity,SCP,random_6,random,median
3,236,0.9194915254237288,0.019491525423728784,370.0,True,similarity,SCP,random_6,random,median
0,41,0.926829268292683,0.02682926829268295,370.0,True,similarity,SCP,random_6,random,median
2,156,0.9551282051282052,0.055128205128205154,370.0,True,similarity,SCP,random_6,random,median
Polyphosphazenes,18,0.5555555555555556,-0.34444444444444444,370.0,True,family,SCP,random_6,random,median
Polysiloxanes,38,0.6578947368421053,-0.2421052631578947,370.0,True,family,SCP,random_6,random,median
Polydienes,16,0.8125,-0.08750000000000002,370.0,True,family,SCP,random_6,random,median
Polyolefins,26,0.8461538461538461,-0.05384615384615388,370.0,True,family,SCP,random_6,random,median
Polyphenylenes,93,0.8494623655913979,-0.05053763440860215,370.0,True,family,SCP,random_6,random,median
Polyimides,338,0.8550295857988166,-0.04497041420118342,370.0,True,family,SCP,random_6,random,median
Polysulfides,7,0.8571428571428571,-0.04285714285714293,370.0,False,family,SCP,random_6,random,median
Polyhalo-olefins,12,0.9166666666666666,0.016666666666666607,370.0,True,family,SCP,random_6,random,median
Polyesters,160,0.9375,0.03749999999999998,370.0,True,family,SCP,random_6,random,median
Polyamides,187,0.9518716577540107,0.0518716577540107,370.0,True,family,SCP,random_6,random,median
Polyethers,169,0.9526627218934911,0.05266272189349108,370.0,True,family,SCP,random_6,random,median
Polyvinyls,56,0.9642857142857143,0.06428571428571428,370.0,True,family,SCP,random_6,random,median
Polyacrylics,141,0.9645390070921985,0.06453900709219851,370.0,True,family,SCP,random_6,random,median
Polysulfones,35,0.9714285714285714,0.0714285714285714,370.0,True,family,SCP,random_6,random,median
Polystyrenes,54,0.9814814814814815,0.08148148148148149,370.0,True,family,SCP,random_6,random,median
Polyimines,8,1.0,0.09999999999999998,370.0,False,family,SCP,random_6,random,median
Polycarbonates,21,1.0,0.09999999999999998,370.0,True,family,SCP,random_6,random,median
Polyanhydrides,5,1.0,0.09999999999999998,370.0,False,family,SCP,random_6,random,median
Polyurethanes,37,1.0,0.09999999999999998,370.0,True,family,SCP,random_6,random,median
Polyureas,14,1.0,0.09999999999999998,370.0,True,family,SCP,random_6,random,median
4,285,0.8421052631578947,-0.05789473684210533,340.0,True,similarity,Mondrian-similarity,random_6,random,median
3,236,0.8983050847457628,-0.0016949152542372614,358.0,True,similarity,Mondrian-similarity,random_6,random,median
1,77,0.9090909090909091,0.009090909090909038,370.59999999999985,True,similarity,Mondrian-similarity,random_6,random,median
5,640,0.91875,0.018749999999999933,378.0,True,similarity,Mondrian-similarity,random_6,random,median
0,41,0.926829268292683,0.02682926829268295,388.0,True,similarity,Mondrian-similarity,random_6,random,median
2,156,0.9807692307692307,0.0807692307692307,418.0,True,similarity,Mondrian-similarity,random_6,random,median
Polyphosphazenes,18,0.5555555555555556,-0.34444444444444444,365.81111111111113,True,family,Mondrian-similarity,random_6,random,median
Polysiloxanes,38,0.631578947368421,-0.268421052631579,374.36315789473684,True,family,Mondrian-similarity,random_6,random,median
Polydienes,16,0.8125,-0.08750000000000002,373.15,True,family,Mondrian-similarity,random_6,random,median
Polyimides,338,0.8431952662721893,-0.0568047337278107,368.4727810650888,True,family,Mondrian-similarity,random_6,random,median
Polyolefins,26,0.8461538461538461,-0.05384615384615388,377.00769230769225,True,family,Mondrian-similarity,random_6,random,median
Polysulfides,7,0.8571428571428571,-0.04285714285714293,372.65714285714284,False,family,Mondrian-similarity,random_6,random,median
Polyphenylenes,93,0.8709677419354839,-0.029032258064516148,378.3032258064517,True,family,Mondrian-similarity,random_6,random,median
Polyhalo-olefins,12,0.9166666666666666,0.016666666666666607,381.5,True,family,Mondrian-similarity,random_6,random,median
Polyethers,169,0.9408284023668639,0.040828402366863914,367.99171597633136,True,family,Mondrian-similarity,random_6,random,median
Polyesters,160,0.94375,0.043749999999999956,368.14500000000004,True,family,Mondrian-similarity,random_6,random,median
Polyamides,187,0.9518716577540107,0.0518716577540107,376.0417112299465,True,family,Mondrian-similarity,random_6,random,median
Polyvinyls,56,0.9642857142857143,0.06428571428571428,372.96785714285716,True,family,Mondrian-similarity,random_6,random,median
Polyacrylics,141,0.9645390070921985,0.06453900709219851,371.7177304964539,True,family,Mondrian-similarity,random_6,random,median
Polysulfones,35,0.9714285714285714,0.0714285714285714,369.7314285714286,True,family,Mondrian-similarity,random_6,random,median
Polyurethanes,37,0.972972972972973,0.072972972972973,373.5081081081081,True,family,Mondrian-similarity,random_6,random,median
Polystyrenes,54,0.9814814814814815,0.08148148148148149,372.6,True,family,Mondrian-similarity,random_6,random,median
Polycarbonates,21,1.0,0.09999999999999998,371.552380952381,True,family,Mondrian-similarity,random_6,random,median
Polyanhydrides,5,1.0,0.09999999999999998,368.4,False,family,Mondrian-similarity,random_6,random,median
Polyimines,8,1.0,0.09999999999999998,384.75,False,family,Mondrian-similarity,random_6,random,median
Polyureas,14,1.0,0.09999999999999998,367.8,True,family,Mondrian-similarity,random_6,random,median
4,285,0.9017543859649123,0.0017543859649122862,370.50877192982455,True,similarity,Mondrian-family,random_6,random,median
3,236,0.9152542372881356,0.015254237288135575,366.04661016949154,True,similarity,Mondrian-family,random_6,random,median
1,77,0.922077922077922,0.02207792207792203,376.45454545454544,True,similarity,Mondrian-family,random_6,random,median
5,640,0.9265625,0.026562499999999933,380.071875,True,similarity,Mondrian-family,random_6,random,median
0,41,0.926829268292683,0.02682926829268295,384.390243902439,True,similarity,Mondrian-family,random_6,random,median
2,156,0.9487179487179487,0.048717948717948656,364.43589743589746,True,similarity,Mondrian-family,random_6,random,median
Polyphosphazenes,18,0.7777777777777778,-0.12222222222222223,432.0,True,family,Mondrian-family,random_6,random,median
Polydienes,16,0.8125,-0.08750000000000002,370.0,True,family,Mondrian-family,random_6,random,median
Polysulfides,7,0.8571428571428571,-0.04285714285714293,370.0,False,family,Mondrian-family,random_6,random,median
Polyolefins,26,0.8846153846153846,-0.015384615384615441,410.0,True,family,Mondrian-family,random_6,random,median
Polyimides,338,0.893491124260355,-0.0065088757396449815,404.0,True,family,Mondrian-family,random_6,random,median
Polyesters,160,0.9,0.0,348.0,True,family,Mondrian-family,random_6,random,median
Polyacrylics,141,0.900709219858156,0.0007092198581559739,294.0,True,family,Mondrian-family,random_6,random,median
Polyphenylenes,93,0.9139784946236559,0.013978494623655857,448.0,True,family,Mondrian-family,random_6,random,median
Polyhalo-olefins,12,0.9166666666666666,0.016666666666666607,370.0,True,family,Mondrian-family,random_6,random,median
Polystyrenes,54,0.9259259259259259,0.025925925925925908,282.0,True,family,Mondrian-family,random_6,random,median
Polysulfones,35,0.9428571428571428,0.042857142857142816,292.0,True,family,Mondrian-family,random_6,random,median
Polyamides,187,0.946524064171123,0.04652406417112298,358.0,True,family,Mondrian-family,random_6,random,median
Polyethers,169,0.9526627218934911,0.05266272189349108,387.0,True,family,Mondrian-family,random_6,random,median
Polyurethanes,37,0.972972972972973,0.072972972972973,306.0,True,family,Mondrian-family,random_6,random,median
Polyvinyls,56,0.9821428571428571,0.08214285714285707,412.0,True,family,Mondrian-family,random_6,random,median
Polyimines,8,1.0,0.09999999999999998,370.0,False,family,Mondrian-family,random_6,random,median
Polycarbonates,21,1.0,0.09999999999999998,370.0,True,family,Mondrian-family,random_6,random,median
Polyanhydrides,5,1.0,0.09999999999999998,370.0,False,family,Mondrian-family,random_6,random,median
Polyureas,14,1.0,0.09999999999999998,370.0,True,family,Mondrian-family,random_6,random,median
Polysiloxanes,38,1.0,0.09999999999999998,530.0,True,family,Mondrian-family,random_6,random,median
0,41,0.8292682926829268,-0.07073170731707323,280.8162813053968,True,similarity,Normalised SCP,random_6,random,median
1,77,0.8311688311688312,-0.0688311688311688,321.1491040376276,True,similarity,Normalised SCP,random_6,random,median
2,156,0.8653846153846154,-0.0346153846153846,276.61062083997854,True,similarity,Normalised SCP,random_6,random,median
3,236,0.9067796610169492,0.006779661016949157,303.5823463760579,True,similarity,Normalised SCP,random_6,random,median
4,285,0.9087719298245615,0.00877192982456143,328.1909832294274,True,similarity,Normalised SCP,random_6,random,median
5,640,0.9390625,0.0390625,371.706571623264,True,similarity,Normalised SCP,random_6,random,median
Polysiloxanes,38,0.6842105263157895,-0.21578947368421053,430.2888435641298,True,family,Normalised SCP,random_6,random,median
Polyphosphazenes,18,0.7222222222222222,-0.1777777777777778,544.8533972362679,True,family,Normalised SCP,random_6,random,median
Polyolefins,26,0.7692307692307693,-0.13076923076923075,415.3875862519829,True,family,Normalised SCP,random_6,random,median
Polyanhydrides,5,0.8,-0.09999999999999998,215.1891816383211,False,family,Normalised SCP,random_6,random,median
Polydienes,16,0.8125,-0.08750000000000002,360.95215380645504,True,family,Normalised SCP,random_6,random,median
Polyesters,160,0.825,-0.07500000000000007,263.18320922143795,True,family,Normalised SCP,random_6,random,median
Polyurethanes,37,0.8378378378378378,-0.06216216216216219,239.98986686516096,True,family,Normalised SCP,random_6,random,median
Polyureas,14,0.8571428571428571,-0.04285714285714293,286.8467406321418,True,family,Normalised SCP,random_6,random,median
Polyphenylenes,93,0.8709677419354839,-0.029032258064516148,315.92333123142214,True,family,Normalised SCP,random_6,random,median
Polystyrenes,54,0.9074074074074074,0.007407407407407418,216.97804811485128,True,family,Normalised SCP,random_6,random,median
Polysulfones,35,0.9142857142857143,0.014285714285714235,244.42967107259034,True,family,Normalised SCP,random_6,random,median
Polyvinyls,56,0.9285714285714286,0.02857142857142858,354.5089375712084,True,family,Normalised SCP,random_6,random,median
Polyethers,169,0.9349112426035503,0.034911242603550274,315.0682620805296,True,family,Normalised SCP,random_6,random,median
Polyamides,187,0.9358288770053476,0.03582887700534754,291.09545898421464,True,family,Normalised SCP,random_6,random,median
Polycarbonates,21,0.9523809523809523,0.052380952380952306,274.87496422214855,True,family,Normalised SCP,random_6,random,median
Polyimides,338,0.9585798816568047,0.05857988165680472,440.35045062056287,True,family,Normalised SCP,random_6,random,median
Polyacrylics,141,0.9787234042553191,0.0787234042553191,308.4181237077442,True,family,Normalised SCP,random_6,random,median
Polyhalo-olefins,12,1.0,0.09999999999999998,318.41357912611494,True,family,Normalised SCP,random_6,random,median
Polyimines,8,1.0,0.09999999999999998,225.61891951774152,False,family,Normalised SCP,random_6,random,median
Polysulfides,7,1.0,0.09999999999999998,391.5115201543752,False,family,Normalised SCP,random_6,random,median
0,41,0.7317073170731707,-0.1682926829268293,146.59530299328378,True,similarity,SCP,random_6,random,svr
1,77,0.8311688311688312,-0.0688311688311688,146.59530299328384,True,similarity,SCP,random_6,random,svr
2,156,0.8397435897435898,-0.060256410256410264,146.5953029932838,True,similarity,SCP,random_6,random,svr
3,236,0.8898305084745762,-0.01016949152542379,146.59530299328384,True,similarity,SCP,random_6,random,svr
4,285,0.9122807017543859,0.012280701754385892,146.5953029932838,True,similarity,SCP,random_6,random,svr
5,640,0.95625,0.05625000000000002,146.5953029932838,True,similarity,SCP,random_6,random,svr
Polydienes,16,0.4375,-0.4625,146.59530299328378,True,family,SCP,random_6,random,svr
Polyureas,14,0.7142857142857143,-0.18571428571428572,146.59530299328384,True,family,SCP,random_6,random,svr
Polyphosphazenes,18,0.7222222222222222,-0.1777777777777778,146.59530299328378,True,family,SCP,random_6,random,svr
Polyolefins,26,0.7307692307692307,-0.1692307692307693,146.59530299328378,True,family,SCP,random_6,random,svr
Polysiloxanes,38,0.8157894736842105,-0.08421052631578951,146.59530299328372,True,family,SCP,random_6,random,svr
Polyphenylenes,93,0.8387096774193549,-0.06129032258064515,146.59530299328384,True,family,SCP,random_6,random,svr
Polyurethanes,37,0.8648648648648649,-0.03513513513513511,146.59530299328372,True,family,SCP,random_6,random,svr
Polyesters,160,0.9125,0.012499999999999956,146.5953029932838,True,family,SCP,random_6,random,svr
Polysulfones,35,0.9142857142857143,0.014285714285714235,146.59530299328375,True,family,SCP,random_6,random,svr
Polyhalo-olefins,12,0.9166666666666666,0.016666666666666607,146.5953029932838,True,family,SCP,random_6,random,svr
Polyimides,338,0.9201183431952663,0.020118343195266286,146.5953029932838,True,family,SCP,random_6,random,svr
Polystyrenes,54,0.9259259259259259,0.025925925925925908,146.59530299328375,True,family,SCP,random_6,random,svr
Polyacrylics,141,0.9290780141843972,0.02907801418439715,146.59530299328378,True,family,SCP,random_6,random,svr
Polyamides,187,0.9358288770053476,0.03582887700534754,146.59530299328384,True,family,SCP,random_6,random,svr
Polyethers,169,0.9763313609467456,0.07633136094674553,146.5953029932838,True,family,SCP,random_6,random,svr
Polyvinyls,56,0.9821428571428571,0.08214285714285707,146.59530299328375,True,family,SCP,random_6,random,svr
Polycarbonates,21,1.0,0.09999999999999998,146.5953029932838,True,family,SCP,random_6,random,svr
Polyanhydrides,5,1.0,0.09999999999999998,146.59530299328378,False,family,SCP,random_6,random,svr
Polyimines,8,1.0,0.09999999999999998,146.59530299328378,False,family,SCP,random_6,random,svr
Polysulfides,7,1.0,0.09999999999999998,146.59530299328375,False,family,SCP,random_6,random,svr
4,285,0.8912280701754386,-0.00877192982456143,128.9508784377035,True,similarity,Mondrian-similarity,random_6,random,svr
0,41,0.9024390243902439,0.0024390243902439046,307.3536890100081,True,similarity,Mondrian-similarity,random_6,random,svr
5,640,0.915625,0.015625,112.87588531548472,True,similarity,Mondrian-similarity,random_6,random,svr
2,156,0.9294871794871795,0.029487179487179493,223.14038381997196,True,similarity,Mondrian-similarity,random_6,random,svr
3,236,0.9322033898305084,0.03220338983050841,190.50252954950096,True,similarity,Mondrian-similarity,random_6,random,svr
1,77,0.935064935064935,0.03506493506493502,209.19701451071094,True,similarity,Mondrian-similarity,random_6,random,svr
Polydienes,16,0.5,-0.4,200.72363509218758,True,family,Mondrian-similarity,random_6,random,svr
Polyphosphazenes,18,0.6111111111111112,-0.28888888888888886,149.48804205763304,True,family,Mondrian-similarity,random_6,random,svr
Polyureas,14,0.7142857142857143,-0.18571428571428572,162.69819652057353,True,family,Mondrian-similarity,random_6,random,svr
Polyolefins,26,0.8076923076923077,-0.09230769230769231,214.44912673296136,True,family,Mondrian-similarity,random_6,random,svr
Polysiloxanes,38,0.8157894736842105,-0.08421052631578951,146.3737806632665,True,family,Mondrian-similarity,random_6,random,svr
Polyphenylenes,93,0.8279569892473119,-0.07204301075268815,166.2429192037473,True,family,Mondrian-similarity,random_6,random,svr
Polysulfides,7,0.8571428571428571,-0.04285714285714293,176.59763122373934,False,family,Mondrian-similarity,random_6,random,svr
Polyurethanes,37,0.8648648648648649,-0.03513513513513511,150.43417992430682,True,family,Mondrian-similarity,random_6,random,svr
Polysulfones,35,0.9142857142857143,0.014285714285714235,151.03888729993457,True,family,Mondrian-similarity,random_6,random,svr
Polyhalo-olefins,12,0.9166666666666666,0.016666666666666607,193.60122104271605,True,family,Mondrian-similarity,random_6,random,svr
Polyimides,338,0.9171597633136095,0.017159763313609466,130.55372903783774,True,family,Mondrian-similarity,random_6,random,svr
Polyesters,160,0.9375,0.03749999999999998,152.77678804914115,True,family,Mondrian-similarity,random_6,random,svr
Polystyrenes,54,0.9444444444444444,0.0444444444444444,173.01286827450392,True,family,Mondrian-similarity,random_6,random,svr
Polyamides,187,0.946524064171123,0.04652406417112298,139.3025290768471,True,family,Mondrian-similarity,random_6,random,svr
Polyacrylics,141,0.950354609929078,0.05035460992907803,161.5760407299073,True,family,Mondrian-similarity,random_6,random,svr
Polycarbonates,21,0.9523809523809523,0.052380952380952306,154.14774315589122,True,family,Mondrian-similarity,random_6,random,svr
Polyethers,169,0.9704142011834319,0.07041420118343189,157.310130809744,True,family,Mondrian-similarity,random_6,random,svr
Polyanhydrides,5,1.0,0.09999999999999998,170.51177352563636,False,family,Mondrian-similarity,random_6,random,svr
Polyimines,8,1.0,0.09999999999999998,182.55354599703756,False,family,Mondrian-similarity,random_6,random,svr
Polyvinyls,56,1.0,0.09999999999999998,167.81898669134904,True,family,Mondrian-similarity,random_6,random,svr
0,41,0.7560975609756098,-0.14390243902439026,153.49591381844144,True,similarity,Mondrian-family,random_6,random,svr
1,77,0.8051948051948052,-0.09480519480519478,155.30774220215955,True,similarity,Mondrian-family,random_6,random,svr
2,156,0.8333333333333334,-0.06666666666666665,153.57266576607424,True,similarity,Mondrian-family,random_6,random,svr
3,236,0.8983050847457628,-0.0016949152542372614,146.9696644326311,True,similarity,Mondrian-family,random_6,random,svr
4,285,0.9192982456140351,0.019298245614035037,141.52044236488203,True,similarity,Mondrian-family,random_6,random,svr
5,640,0.9515625,0.051562499999999956,145.93867942534504,True,similarity,Mondrian-family,random_6,random,svr
Polydienes,16,0.4375,-0.4625,146.59530299328378,True,family,Mondrian-family,random_6,random,svr
Polyureas,14,0.7142857142857143,-0.18571428571428572,146.59530299328384,True,family,Mondrian-family,random_6,random,svr
Polyesters,160,0.81875,-0.08125000000000004,101.51339376095416,True,family,Mondrian-family,random_6,random,svr
Polyphenylenes,93,0.8817204301075269,-0.018279569892473146,198.82660270994018,True,family,Mondrian-family,random_6,random,svr
Polyimides,338,0.9053254437869822,0.005325443786982187,134.3066276971731,True,family,Mondrian-family,random_6,random,svr
Polysulfones,35,0.9142857142857143,0.014285714285714235,127.00453271601086,True,family,Mondrian-family,random_6,random,svr
Polyhalo-olefins,12,0.9166666666666666,0.016666666666666607,146.5953029932838,True,family,Mondrian-family,random_6,random,svr
Polyacrylics,141,0.9219858156028369,0.021985815602836856,140.7869913976727,True,family,Mondrian-family,random_6,random,svr
Polyolefins,26,0.9230769230769231,0.023076923076923106,209.01296826238993,True,family,Mondrian-family,random_6,random,svr
Polyamides,187,0.9358288770053476,0.03582887700534754,140.56009247456382,True,family,Mondrian-family,random_6,random,svr
Polyethers,169,0.9467455621301775,0.04674556213017744,121.87328235190299,True,family,Mondrian-family,random_6,random,svr
Polysiloxanes,38,0.9473684210526315,0.047368421052631504,265.25958828565695,True,family,Mondrian-family,random_6,random,svr
Polystyrenes,54,0.9629629629629629,0.06296296296296289,184.5706010326614,True,family,Mondrian-family,random_6,random,svr
Polyurethanes,37,0.972972972972973,0.072972972972973,273.2353738931257,True,family,Mondrian-family,random_6,random,svr
Polyvinyls,56,0.9821428571428571,0.08214285714285707,112.87588531548474,True,family,Mondrian-family,random_6,random,svr
Polyimines,8,1.0,0.09999999999999998,146.59530299328378,False,family,Mondrian-family,random_6,random,svr
Polycarbonates,21,1.0,0.09999999999999998,146.5953029932838,True,family,Mondrian-family,random_6,random,svr
Polyanhydrides,5,1.0,0.09999999999999998,146.59530299328378,False,family,Mondrian-family,random_6,random,svr
Polysulfides,7,1.0,0.09999999999999998,146.59530299328375,False,family,Mondrian-family,random_6,random,svr
Polyphosphazenes,18,1.0,0.09999999999999998,291.27777692100346,True,family,Mondrian-family,random_6,random,svr
0,41,0.8048780487804879,-0.09512195121951217,197.10766336717327,True,similarity,Normalised SCP,random_6,random,svr
2,156,0.8717948717948718,-0.028205128205128216,160.28944330273424,True,similarity,Normalised SCP,random_6,random,svr
1,77,0.8831168831168831,-0.016883116883116944,171.7776723903146,True,similarity,Normalised SCP,random_6,random,svr
3,236,0.9067796610169492,0.006779661016949157,154.7194558880917,True,similarity,Normalised SCP,random_6,random,svr
4,285,0.9157894736842105,0.015789473684210464,147.36928093457612,True,similarity,Normalised SCP,random_6,random,svr
5,640,0.94375,0.043749999999999956,129.15626444458866,True,similarity,Normalised SCP,random_6,random,svr
Polydienes,16,0.5625,-0.3375,185.68770043311295,True,family,Normalised SCP,random_6,random,svr
Polyureas,14,0.6428571428571429,-0.2571428571428571,138.5705320219367,True,family,Normalised SCP,random_6,random,svr
Polyphosphazenes,18,0.6666666666666666,-0.2333333333333334,165.10713622123214,True,family,Normalised SCP,random_6,random,svr
Polyurethanes,37,0.8108108108108109,-0.08918918918918917,124.79588482918636,True,family,Normalised SCP,random_6,random,svr
Polyphenylenes,93,0.8602150537634409,-0.03978494623655915,169.7948478474807,True,family,Normalised SCP,random_6,random,svr
Polyolefins,26,0.8846153846153846,-0.015384615384615441,196.70172668929018,True,family,Normalised SCP,random_6,random,svr
Polyamides,187,0.9090909090909091,0.009090909090909038,103.95377326984153,True,family,Normalised SCP,random_6,random,svr
Polyesters,160,0.9125,0.012499999999999956,138.91881574593123,True,family,Normalised SCP,random_6,random,svr
Polyimides,338,0.9260355029585798,0.026035502958579815,145.40674381441937,True,family,Normalised SCP,random_6,random,svr
Polysulfones,35,0.9428571428571428,0.042857142857142816,156.30831573568398,True,family,Normalised SCP,random_6,random,svr
Polystyrenes,54,0.9444444444444444,0.0444444444444444,166.72563782094073,True,family,Normalised SCP,random_6,random,svr
Polysiloxanes,38,0.9473684210526315,0.047368421052631504,165.61285695717498,True,family,Normalised SCP,random_6,random,svr
Polyacrylics,141,0.9574468085106383,0.057446808510638325,147.2816990329718,True,family,Normalised SCP,random_6,random,svr
Polyethers,169,0.9585798816568047,0.05857988165680472,139.29959313562523,True,family,Normalised SCP,random_6,random,svr
Polyvinyls,56,0.9642857142857143,0.06428571428571428,160.25895147698026,True,family,Normalised SCP,random_6,random,svr
Polyhalo-olefins,12,1.0,0.09999999999999998,306.2963257674412,True,family,Normalised SCP,random_6,random,svr
Polycarbonates,21,1.0,0.09999999999999998,121.48380473666421,True,family,Normalised SCP,random_6,random,svr
Polyanhydrides,5,1.0,0.09999999999999998,157.21037197573477,False,family,Normalised SCP,random_6,random,svr
Polyimines,8,1.0,0.09999999999999998,122.23154180107151,False,family,Normalised SCP,random_6,random,svr
Polysulfides,7,1.0,0.09999999999999998,175.33996591380648,False,family,Normalised SCP,random_6,random,svr
0,41,0.6585365853658537,-0.24146341463414633,144.7874,True,similarity,SCP,random_6,random,random_forest
1,77,0.8181818181818182,-0.08181818181818179,144.7873999999999,True,similarity,SCP,random_6,random,random_forest
2,156,0.8397435897435898,-0.060256410256410264,144.78739999999996,True,similarity,SCP,random_6,random,random_forest
3,236,0.9110169491525424,0.011016949152542366,144.7874,True,similarity,SCP,random_6,random,random_forest
4,285,0.9438596491228071,0.04385964912280704,144.78739999999993,True,similarity,SCP,random_6,random,random_forest
5,640,0.9703125,0.0703125,144.7874,True,similarity,SCP,random_6,random,random_forest
Polydienes,16,0.5625,-0.3375,144.7874,True,family,SCP,random_6,random,random_forest
Polysiloxanes,38,0.7631578947368421,-0.13684210526315788,144.78740000000002,True,family,SCP,random_6,random,random_forest
Polyphenylenes,93,0.8279569892473119,-0.07204301075268815,144.7873999999999,True,family,SCP,random_6,random,random_forest
Polyolefins,26,0.8846153846153846,-0.015384615384615441,144.7874,True,family,SCP,random_6,random,random_forest
Polyphosphazenes,18,0.8888888888888888,-0.011111111111111183,144.78740000000002,True,family,SCP,random_6,random,random_forest
Polyhalo-olefins,12,0.9166666666666666,0.016666666666666607,144.78739999999996,True,family,SCP,random_6,random,random_forest
Polyesters,160,0.925,0.025000000000000022,144.7874,True,family,SCP,random_6,random,random_forest
Polyimides,338,0.9349112426035503,0.034911242603550274,144.78739999999996,True,family,SCP,random_6,random,random_forest
Polyethers,169,0.9408284023668639,0.040828402366863914,144.78739999999996,True,family,SCP,random_6,random,random_forest
Polyamides,187,0.9411764705882353,0.04117647058823526,144.78739999999993,True,family,SCP,random_6,random,random_forest
Polysulfones,35,0.9428571428571428,0.042857142857142816,144.78740000000002,True,family,SCP,random_6,random,random_forest
Polyacrylics,141,0.9432624113475178,0.04326241134751774,144.78739999999993,True,family,SCP,random_6,random,random_forest
Polyurethanes,37,0.9459459459459459,0.04594594594594592,144.78740000000002,True,family,SCP,random_6,random,random_forest
Polystyrenes,54,0.9629629629629629,0.06296296296296289,144.7874,True,family,SCP,random_6,random,random_forest
Polyvinyls,56,0.9642857142857143,0.06428571428571428,144.78739999999996,True,family,SCP,random_6,random,random_forest
Polyimines,8,1.0,0.09999999999999998,144.7874,False,family,SCP,random_6,random,random_forest
Polycarbonates,21,1.0,0.09999999999999998,144.78740000000002,True,family,SCP,random_6,random,random_forest
Polyanhydrides,5,1.0,0.09999999999999998,144.7874,False,family,SCP,random_6,random,random_forest
Polyureas,14,1.0,0.09999999999999998,144.78739999999996,True,family,SCP,random_6,random,random_forest
Polysulfides,7,1.0,0.09999999999999998,144.78740000000002,False,family,SCP,random_6,random,random_forest
0,41,0.8780487804878049,-0.02195121951219514,223.41220000000004,True,similarity,Mondrian-similarity,random_6,random,random_forest
4,285,0.9087719298245615,0.00877192982456143,121.64200000000001,True,similarity,Mondrian-similarity,random_6,random,random_forest
2,156,0.9166666666666666,0.016666666666666607,184.74498000000003,True,similarity,Mondrian-similarity,random_6,random,random_forest
5,640,0.91875,0.018749999999999933,105.58561999999998,True,similarity,Mondrian-similarity,random_6,random,random_forest
1,77,0.948051948051948,0.04805194805194801,223.85320000000004,True,similarity,Mondrian-similarity,random_6,random,random_forest
3,236,0.9576271186440678,0.057627118644067776,180.5753399999999,True,similarity,Mondrian-similarity,random_6,random,random_forest
Polydienes,16,0.6875,-0.21250000000000002,181.9434125,True,family,Mondrian-similarity,random_6,random,random_forest
Polyphosphazenes,18,0.7777777777777778,-0.12222222222222223,140.95234555555555,True,family,Mondrian-similarity,random_6,random,random_forest
Polysiloxanes,38,0.7894736842105263,-0.1105263157894737,137.80433947368425,True,family,Mondrian-similarity,random_6,random,random_forest
Polyphenylenes,93,0.8279569892473119,-0.07204301075268815,149.57445376344086,True,family,Mondrian-similarity,random_6,random,random_forest
Polyolefins,26,0.8461538461538461,-0.05384615384615388,190.18554307692312,True,family,Mondrian-similarity,random_6,random,random_forest
Polysulfides,7,0.8571428571428571,-0.04285714285714293,160.7389914285714,False,family,Mondrian-similarity,random_6,random,random_forest
Polysulfones,35,0.8857142857142857,-0.014285714285714346,139.39990114285715,True,family,Mondrian-similarity,random_6,random,random_forest
Polyimides,338,0.908284023668639,0.008284023668639007,121.54643396449704,True,family,Mondrian-similarity,random_6,random,random_forest
Polyhalo-olefins,12,0.9166666666666666,0.016666666666666607,165.09868499999996,True,family,Mondrian-similarity,random_6,random,random_forest
Polyurethanes,37,0.918918918918919,0.018918918918918948,139.59018270270272,True,family,Mondrian-similarity,random_6,random,random_forest
Polyamides,187,0.9358288770053476,0.03582887700534754,127.84436727272728,True,family,Mondrian-similarity,random_6,random,random_forest
Polyesters,160,0.9375,0.03749999999999998,142.8716515,True,family,Mondrian-similarity,random_6,random,random_forest
Polystyrenes,54,0.9629629629629629,0.06296296296296289,157.80088407407408,True,family,Mondrian-similarity,random_6,random,random_forest
Polyethers,169,0.9704142011834319,0.07041420118343189,144.38635491124262,True,family,Mondrian-similarity,random_6,random,random_forest
Polyacrylics,141,0.9716312056737588,0.0716312056737588,148.29564354609929,True,family,Mondrian-similarity,random_6,random,random_forest
Polyvinyls,56,1.0,0.09999999999999998,154.24791785714288,True,family,Mondrian-similarity,random_6,random,random_forest
Polycarbonates,21,1.0,0.09999999999999998,141.5957371428571,True,family,Mondrian-similarity,random_6,random,random_forest
Polyanhydrides,5,1.0,0.09999999999999998,147.36015600000002,False,family,Mondrian-similarity,random_6,random,random_forest
Polyimines,8,1.0,0.09999999999999998,154.01279750000003,False,family,Mondrian-similarity,random_6,random,random_forest
Polyureas,14,1.0,0.09999999999999998,151.68142285714285,True,family,Mondrian-similarity,random_6,random,random_forest
0,41,0.7073170731707317,-0.19268292682926835,155.57352097560977,True,similarity,Mondrian-family,random_6,random,random_forest
1,77,0.7922077922077922,-0.10779220779220777,152.70023714285713,True,similarity,Mondrian-family,random_6,random,random_forest
2,156,0.8205128205128205,-0.07948717948717954,153.1120592307693,True,similarity,Mondrian-family,random_6,random,random_forest
3,236,0.8940677966101694,-0.0059322033898305815,146.4161595762712,True,similarity,Mondrian-family,random_6,random,random_forest
4,285,0.9368421052631579,0.0368421052631579,140.75101957894742,True,similarity,Mondrian-family,random_6,random,random_forest
5,640,0.965625,0.06562499999999993,141.97789481250007,True,similarity,Mondrian-family,random_6,random,random_forest
Polydienes,16,0.5625,-0.3375,144.7874,True,family,Mondrian-family,random_6,random,random_forest
Polysiloxanes,38,0.8421052631578947,-0.05789473684210533,177.94215999999994,True,family,Mondrian-family,random_6,random,random_forest
Polyesters,160,0.85625,-0.04375000000000007,111.72564000000003,True,family,Mondrian-family,random_6,random,random_forest
Polyphenylenes,93,0.8709677419354839,-0.029032258064516148,185.17160000000013,True,family,Mondrian-family,random_6,random,random_forest
Polyvinyls,56,0.8928571428571429,-0.0071428571428571175,107.231,True,family,Mondrian-family,random_6,random,random_forest
Polyhalo-olefins,12,0.9166666666666666,0.016666666666666607,144.78739999999996,True,family,Mondrian-family,random_6,random,random_forest
Polyimides,338,0.9171597633136095,0.017159763313609466,127.10720000000019,True,family,Mondrian-family,random_6,random,random_forest
Polyethers,169,0.9171597633136095,0.017159763313609466,124.34628000000002,True,family,Mondrian-family,random_6,random,random_forest
Polyolefins,26,0.9230769230769231,0.023076923076923106,223.83240000000004,True,family,Mondrian-family,random_6,random,random_forest
Polyamides,187,0.9411764705882353,0.04117647058823526,147.94234000000006,True,family,Mondrian-family,random_6,random,random_forest
Polysulfones,35,0.9428571428571428,0.042857142857142816,148.68560000000028,True,family,Mondrian-family,random_6,random,random_forest
Polyphosphazenes,18,0.9444444444444444,0.0444444444444444,241.6212,True,family,Mondrian-family,random_6,random,random_forest
Polyurethanes,37,0.9459459459459459,0.04594594594594592,213.3446,True,family,Mondrian-family,random_6,random,random_forest
Polystyrenes,54,0.9629629629629629,0.06296296296296289,198.1919,True,family,Mondrian-family,random_6,random,random_forest
Polyacrylics,141,0.9716312056737588,0.0716312056737588,156.48199999999997,True,family,Mondrian-family,random_6,random,random_forest
Polyimines,8,1.0,0.09999999999999998,144.7874,False,family,Mondrian-family,random_6,random,random_forest
Polycarbonates,21,1.0,0.09999999999999998,144.78740000000002,True,family,Mondrian-family,random_6,random,random_forest
Polyanhydrides,5,1.0,0.09999999999999998,144.7874,False,family,Mondrian-family,random_6,random,random_forest
Polyureas,14,1.0,0.09999999999999998,144.78739999999996,True,family,Mondrian-family,random_6,random,random_forest
Polysulfides,7,1.0,0.09999999999999998,144.78740000000002,False,family,Mondrian-family,random_6,random,random_forest
0,41,0.7317073170731707,-0.1682926829268293,172.78516856838598,True,similarity,Normalised SCP,random_6,random,random_forest
1,77,0.8181818181818182,-0.08181818181818179,159.56788559657247,True,similarity,Normalised SCP,random_6,random,random_forest
2,156,0.8397435897435898,-0.060256410256410264,146.58635349070508,True,similarity,Normalised SCP,random_6,random,random_forest
3,236,0.9067796610169492,0.006779661016949157,140.8270640947627,True,similarity,Normalised SCP,random_6,random,random_forest
4,285,0.9298245614035088,0.029824561403508754,136.9915147545009,True,similarity,Normalised SCP,random_6,random,random_forest
5,640,0.9453125,0.04531249999999998,117.8065624086767,True,similarity,Normalised SCP,random_6,random,random_forest
Polyphosphazenes,18,0.7222222222222222,-0.1777777777777778,140.61594293723874,True,family,Normalised SCP,random_6,random,random_forest
Polydienes,16,0.75,-0.15000000000000002,196.6986036753794,True,family,Normalised SCP,random_6,random,random_forest
Polysiloxanes,38,0.8157894736842105,-0.08421052631578951,147.96245975593047,True,family,Normalised SCP,random_6,random,random_forest
Polyurethanes,37,0.8378378378378378,-0.06216216216216219,113.92367680203026,True,family,Normalised SCP,random_6,random,random_forest
Polyphenylenes,93,0.8494623655913979,-0.05053763440860215,164.66073610123445,True,family,Normalised SCP,random_6,random,random_forest
Polyureas,14,0.8571428571428571,-0.04285714285714293,134.54408406888203,True,family,Normalised SCP,random_6,random,random_forest
Polyolefins,26,0.8846153846153846,-0.015384615384615441,170.77537295102536,True,family,Normalised SCP,random_6,random,random_forest
Polyamides,187,0.8877005347593583,-0.012299465240641738,104.02897238623778,True,family,Normalised SCP,random_6,random,random_forest
Polyesters,160,0.89375,-0.006249999999999978,125.66640394502387,True,family,Normalised SCP,random_6,random,random_forest
Polystyrenes,54,0.9074074074074074,0.007407407407407418,127.34447643577887,True,family,Normalised SCP,random_6,random,random_forest
Polyimides,338,0.9349112426035503,0.034911242603550274,129.97923639284136,True,family,Normalised SCP,random_6,random,random_forest
Polyacrylics,141,0.9361702127659575,0.036170212765957444,128.35512282802478,True,family,Normalised SCP,random_6,random,random_forest
Polysulfones,35,0.9428571428571428,0.042857142857142816,134.80753011251332,True,family,Normalised SCP,random_6,random,random_forest
Polycarbonates,21,0.9523809523809523,0.052380952380952306,123.73767874344561,True,family,Normalised SCP,random_6,random,random_forest
Polyethers,169,0.9526627218934911,0.05266272189349108,139.62483246884742,True,family,Normalised SCP,random_6,random,random_forest
Polyvinyls,56,0.9821428571428571,0.08214285714285707,134.6588519522118,True,family,Normalised SCP,random_6,random,random_forest
Polyanhydrides,5,1.0,0.09999999999999998,151.8569122394665,False,family,Normalised SCP,random_6,random,random_forest
Polyimines,8,1.0,0.09999999999999998,147.28456760501476,False,family,Normalised SCP,random_6,random,random_forest
Polyhalo-olefins,12,1.0,0.09999999999999998,219.04226601557139,True,family,Normalised SCP,random_6,random,random_forest
Polysulfides,7,1.0,0.09999999999999998,181.58651881845304,False,family,Normalised SCP,random_6,random,random_forest
0,41,0.6097560975609756,-0.2902439024390244,128.4287498882953,True,similarity,SCP,random_6,random,hist_gbr
1,77,0.7272727272727273,-0.17272727272727273,128.42874988829527,True,similarity,SCP,random_6,random,hist_gbr
2,156,0.8141025641025641,-0.08589743589743593,128.4287498882953,True,similarity,SCP,random_6,random,hist_gbr
3,236,0.9110169491525424,0.011016949152542366,128.4287498882953,True,similarity,SCP,random_6,random,hist_gbr
4,285,0.9473684210526315,0.047368421052631504,128.4287498882953,True,similarity,SCP,random_6,random,hist_gbr
5,640,0.959375,0.059374999999999956,128.4287498882953,True,similarity,SCP,random_6,random,hist_gbr
Polydienes,16,0.75,-0.15000000000000002,128.42874988829527,True,family,SCP,random_6,random,hist_gbr
Polyhalo-olefins,12,0.75,-0.15000000000000002,128.42874988829524,True,family,SCP,random_6,random,hist_gbr
Polyphenylenes,93,0.7741935483870968,-0.12580645161290327,128.42874988829527,True,family,SCP,random_6,random,hist_gbr
Polyureas,14,0.7857142857142857,-0.11428571428571432,128.4287498882953,True,family,SCP,random_6,random,hist_gbr
Polyolefins,26,0.8461538461538461,-0.05384615384615388,128.42874988829533,True,family,SCP,random_6,random,hist_gbr
Polysulfides,7,0.8571428571428571,-0.04285714285714293,128.4287498882953,False,family,SCP,random_6,random,hist_gbr
Polysiloxanes,38,0.868421052631579,-0.03157894736842104,128.42874988829521,True,family,SCP,random_6,random,hist_gbr
Polyphosphazenes,18,0.8888888888888888,-0.011111111111111183,128.4287498882953,True,family,SCP,random_6,random,hist_gbr
Polyesters,160,0.9,0.0,128.4287498882953,True,family,SCP,random_6,random,hist_gbr
Polysulfones,35,0.9142857142857143,0.014285714285714235,128.42874988829527,True,family,SCP,random_6,random,hist_gbr
Polyurethanes,37,0.918918918918919,0.018918918918918948,128.42874988829527,True,family,SCP,random_6,random,hist_gbr
Polyethers,169,0.9230769230769231,0.023076923076923106,128.4287498882953,True,family,SCP,random_6,random,hist_gbr
Polystyrenes,54,0.9259259259259259,0.025925925925925908,128.42874988829527,True,family,SCP,random_6,random,hist_gbr
Polyimides,338,0.9260355029585798,0.026035502958579815,128.42874988829533,True,family,SCP,random_6,random,hist_gbr
Polyamides,187,0.9411764705882353,0.04117647058823526,128.42874988829527,True,family,SCP,random_6,random,hist_gbr
Polyvinyls,56,0.9464285714285714,0.046428571428571375,128.4287498882953,True,family,SCP,random_6,random,hist_gbr
Polycarbonates,21,0.9523809523809523,0.052380952380952306,128.42874988829533,True,family,SCP,random_6,random,hist_gbr
Polyacrylics,141,0.9574468085106383,0.057446808510638325,128.42874988829533,True,family,SCP,random_6,random,hist_gbr
Polyanhydrides,5,1.0,0.09999999999999998,128.4287498882953,False,family,SCP,random_6,random,hist_gbr
Polyimines,8,1.0,0.09999999999999998,128.42874988829527,False,family,SCP,random_6,random,hist_gbr
0,41,0.8536585365853658,-0.04634146341463419,226.26740799590198,True,similarity,Mondrian-similarity,random_6,random,hist_gbr
2,156,0.8782051282051282,-0.02179487179487183,163.3302442084023,True,similarity,Mondrian-similarity,random_6,random,hist_gbr
5,640,0.9015625,0.0015625000000000222,92.62445751877772,True,similarity,Mondrian-similarity,random_6,random,hist_gbr
1,77,0.922077922077922,0.02207792207792203,199.81107999534188,True,similarity,Mondrian-similarity,random_6,random,hist_gbr
4,285,0.9333333333333333,0.033333333333333326,114.59913241034283,True,similarity,Mondrian-similarity,random_6,random,hist_gbr
3,236,0.9703389830508474,0.0703389830508474,165.74717856084638,True,similarity,Mondrian-similarity,random_6,random,hist_gbr
Polydienes,16,0.75,-0.15000000000000002,168.5523754617211,True,family,Mondrian-similarity,random_6,random,hist_gbr
Polyhalo-olefins,12,0.75,-0.15000000000000002,152.68663243885217,True,family,Mondrian-similarity,random_6,random,hist_gbr
Polyphenylenes,93,0.7741935483870968,-0.12580645161290327,135.60969706100272,True,family,Mondrian-similarity,random_6,random,hist_gbr
Polysulfides,7,0.8571428571428571,-0.04285714285714293,147.9208882384671,False,family,Mondrian-similarity,random_6,random,hist_gbr
Polyolefins,26,0.8846153846153846,-0.015384615384615441,176.9860773572455,True,family,Mondrian-similarity,random_6,random,hist_gbr
Polyphosphazenes,18,0.8888888888888888,-0.011111111111111183,127.7024971822662,True,family,Mondrian-similarity,random_6,random,hist_gbr
Polyesters,160,0.90625,0.006249999999999978,129.4606444993809,True,family,Mondrian-similarity,random_6,random,hist_gbr
Polyimides,338,0.908284023668639,0.008284023668639007,109.49137898609754,True,family,Mondrian-similarity,random_6,random,hist_gbr
Polysulfones,35,0.9142857142857143,0.014285714285714235,126.0629340114421,True,family,Mondrian-similarity,random_6,random,hist_gbr
Polyurethanes,37,0.918918918918919,0.018918918918918948,125.43750808278408,True,family,Mondrian-similarity,random_6,random,hist_gbr
Polyamides,187,0.9251336898395722,0.025133689839572204,114.27851021993041,True,family,Mondrian-similarity,random_6,random,hist_gbr
Polyureas,14,0.9285714285714286,0.02857142857142858,137.72884147688208,True,family,Mondrian-similarity,random_6,random,hist_gbr
Polystyrenes,54,0.9444444444444444,0.0444444444444444,143.36159621095,True,family,Mondrian-similarity,random_6,random,hist_gbr
Polycarbonates,21,0.9523809523809523,0.052380952380952306,127.9209328383329,True,family,Mondrian-similarity,random_6,random,hist_gbr
Polyethers,169,0.9526627218934911,0.05266272189349108,131.88572237391236,True,family,Mondrian-similarity,random_6,random,hist_gbr
Polyvinyls,56,0.9642857142857143,0.06428571428571428,140.2647336191466,True,family,Mondrian-similarity,random_6,random,hist_gbr
Polyacrylics,141,0.9716312056737588,0.0716312056737588,134.55615275602537,True,family,Mondrian-similarity,random_6,random,hist_gbr
Polysiloxanes,38,0.9736842105263158,0.0736842105263158,123.21941398241579,True,family,Mondrian-similarity,random_6,random,hist_gbr
Polyanhydrides,5,1.0,0.09999999999999998,138.37252680092934,False,family,Mondrian-similarity,random_6,random,hist_gbr
Polyimines,8,1.0,0.09999999999999998,141.33816505991874,False,family,Mondrian-similarity,random_6,random,hist_gbr
0,41,0.6585365853658537,-0.24146341463414633,139.92922102040734,True,similarity,Mondrian-family,random_6,random,hist_gbr
1,77,0.7402597402597403,-0.15974025974025974,136.85404529966164,True,similarity,Mondrian-family,random_6,random,hist_gbr
2,156,0.8141025641025641,-0.08589743589743593,134.94479872348992,True,similarity,Mondrian-family,random_6,random,hist_gbr
3,236,0.902542372881356,0.0025423728813559476,128.1726764413616,True,similarity,Mondrian-family,random_6,random,hist_gbr
5,640,0.94375,0.043749999999999956,124.56363036498635,True,similarity,Mondrian-family,random_6,random,hist_gbr
4,285,0.9438596491228071,0.04385964912280704,125.30487509948473,True,similarity,Mondrian-family,random_6,random,hist_gbr
Polydienes,16,0.75,-0.15000000000000002,128.42874988829527,True,family,Mondrian-family,random_6,random,hist_gbr
Polyhalo-olefins,12,0.75,-0.15000000000000002,128.42874988829524,True,family,Mondrian-family,random_6,random,hist_gbr
Polyureas,14,0.7857142857142857,-0.11428571428571432,128.4287498882953,True,family,Mondrian-family,random_6,random,hist_gbr
Polyphenylenes,93,0.8279569892473119,-0.07204301075268815,165.7471785608464,True,family,Mondrian-family,random_6,random,hist_gbr
Polyesters,160,0.83125,-0.06874999999999998,99.3088073373666,True,family,Mondrian-family,random_6,random,hist_gbr
Polysulfides,7,0.8571428571428571,-0.04285714285714293,128.4287498882953,False,family,Mondrian-family,random_6,random,hist_gbr
Polyethers,169,0.8875739644970414,-0.012426035502958621,102.73260274711541,True,family,Mondrian-family,random_6,random,hist_gbr
Polyphosphazenes,18,0.8888888888888888,-0.011111111111111183,162.70102241488723,True,family,Mondrian-family,random_6,random,hist_gbr
Polysulfones,35,0.9142857142857143,0.014285714285714235,137.57906214610412,True,family,Mondrian-family,random_6,random,hist_gbr
Polyamides,187,0.9144385026737968,0.01443850267379676,113.53389922532494,True,family,Mondrian-family,random_6,random,hist_gbr
Polyimides,338,0.9171597633136095,0.017159763313609466,121.75305717418078,True,family,Mondrian-family,random_6,random,hist_gbr
Polyvinyls,56,0.9285714285714286,0.02857142857142858,116.42064036165587,True,family,Mondrian-family,random_6,random,hist_gbr
Polysiloxanes,38,0.9473684210526315,0.047368421052631504,154.2603391781347,True,family,Mondrian-family,random_6,random,hist_gbr
Polycarbonates,21,0.9523809523809523,0.052380952380952306,128.42874988829533,True,family,Mondrian-family,random_6,random,hist_gbr
Polyacrylics,141,0.9574468085106383,0.057446808510638325,127.73561535137111,True,family,Mondrian-family,random_6,random,hist_gbr
Polyolefins,26,0.9615384615384616,0.06153846153846154,213.80256456765255,True,family,Mondrian-family,random_6,random,hist_gbr
Polystyrenes,54,0.9629629629629629,0.06296296296296289,194.64677124354924,True,family,Mondrian-family,random_6,random,hist_gbr
Polyanhydrides,5,1.0,0.09999999999999998,128.4287498882953,False,family,Mondrian-family,random_6,random,hist_gbr
Polyimines,8,1.0,0.09999999999999998,128.42874988829527,False,family,Mondrian-family,random_6,random,hist_gbr
Polyurethanes,37,1.0,0.09999999999999998,191.70537418070734,True,family,Mondrian-family,random_6,random,hist_gbr
0,41,0.6585365853658537,-0.24146341463414633,166.95705090395154,True,similarity,Normalised SCP,random_6,random,hist_gbr
1,77,0.7532467532467533,-0.14675324675324675,143.5614748283463,True,similarity,Normalised SCP,random_6,random,hist_gbr
2,156,0.8397435897435898,-0.060256410256410264,135.00194288386103,True,similarity,Normalised SCP,random_6,random,hist_gbr
3,236,0.9067796610169492,0.006779661016949157,125.82737456634212,True,similarity,Normalised SCP,random_6,random,hist_gbr
4,285,0.9438596491228071,0.04385964912280704,125.69961028640577,True,similarity,Normalised SCP,random_6,random,hist_gbr
5,640,0.946875,0.046875,114.71239538103168,True,similarity,Normalised SCP,random_6,random,hist_gbr
Polyureas,14,0.7857142857142857,-0.11428571428571432,109.31831102033547,True,family,Normalised SCP,random_6,random,hist_gbr
Polydienes,16,0.8125,-0.08750000000000002,153.90208401306063,True,family,Normalised SCP,random_6,random,hist_gbr
Polyphenylenes,93,0.8279569892473119,-0.07204301075268815,141.6517089607758,True,family,Normalised SCP,random_6,random,hist_gbr
Polycarbonates,21,0.8571428571428571,-0.04285714285714293,113.4241002104088,True,family,Normalised SCP,random_6,random,hist_gbr
Polysulfides,7,0.8571428571428571,-0.04285714285714293,147.18475808018613,False,family,Normalised SCP,random_6,random,hist_gbr
Polyesters,160,0.8875,-0.012500000000000067,121.08868723708005,True,family,Normalised SCP,random_6,random,hist_gbr
Polyamides,187,0.8877005347593583,-0.012299465240641738,95.26524931064282,True,family,Normalised SCP,random_6,random,hist_gbr
Polyphosphazenes,18,0.8888888888888888,-0.011111111111111183,106.23179005981318,True,family,Normalised SCP,random_6,random,hist_gbr
Polyvinyls,56,0.8928571428571429,-0.0071428571428571175,134.1134806982433,True,family,Normalised SCP,random_6,random,hist_gbr
Polyhalo-olefins,12,0.9166666666666666,0.016666666666666607,218.38158204539434,True,family,Normalised SCP,random_6,random,hist_gbr
Polyurethanes,37,0.918918918918919,0.018918918918918948,117.8672607599167,True,family,Normalised SCP,random_6,random,hist_gbr
Polysiloxanes,38,0.9210526315789473,0.021052631578947323,137.17003590574078,True,family,Normalised SCP,random_6,random,hist_gbr
Polyolefins,26,0.9230769230769231,0.023076923076923106,165.63965615833223,True,family,Normalised SCP,random_6,random,hist_gbr
Polyethers,169,0.9289940828402367,0.028994082840236635,123.32615480071654,True,family,Normalised SCP,random_6,random,hist_gbr
Polyimides,338,0.9319526627218935,0.031952662721893454,130.06820595730028,True,family,Normalised SCP,random_6,random,hist_gbr
Polyacrylics,141,0.9361702127659575,0.036170212765957444,117.00605117325522,True,family,Normalised SCP,random_6,random,hist_gbr
Polystyrenes,54,0.9444444444444444,0.0444444444444444,131.26168323787428,True,family,Normalised SCP,random_6,random,hist_gbr
Polysulfones,35,0.9714285714285714,0.0714285714285714,117.66702940669158,True,family,Normalised SCP,random_6,random,hist_gbr
Polyanhydrides,5,1.0,0.09999999999999998,146.95627042103564,False,family,Normalised SCP,random_6,random,hist_gbr
Polyimines,8,1.0,0.09999999999999998,120.03700326800853,False,family,Normalised SCP,random_6,random,hist_gbr
0,41,0.5853658536585366,-0.31463414634146347,131.27696000000003,True,similarity,SCP,random_6,random,extra_trees
1,77,0.7402597402597403,-0.15974025974025974,131.27696,True,similarity,SCP,random_6,random,extra_trees
2,156,0.8333333333333334,-0.06666666666666665,131.27696000000003,True,similarity,SCP,random_6,random,extra_trees
3,236,0.9110169491525424,0.011016949152542366,131.27696000000006,True,similarity,SCP,random_6,random,extra_trees
4,285,0.9333333333333333,0.033333333333333326,131.27696,True,similarity,SCP,random_6,random,extra_trees
5,640,0.9609375,0.06093749999999998,131.27696000000006,True,similarity,SCP,random_6,random,extra_trees
Polydienes,16,0.5,-0.4,131.27696000000003,True,family,SCP,random_6,random,extra_trees
Polyhalo-olefins,12,0.75,-0.15000000000000002,131.27696000000006,True,family,SCP,random_6,random,extra_trees
Polysiloxanes,38,0.7631578947368421,-0.13684210526315788,131.27696000000006,True,family,SCP,random_6,random,extra_trees
Polyureas,14,0.7857142857142857,-0.11428571428571432,131.27696,True,family,SCP,random_6,random,extra_trees
Polyphenylenes,93,0.8279569892473119,-0.07204301075268815,131.27696000000003,True,family,SCP,random_6,random,extra_trees
Polyolefins,26,0.8461538461538461,-0.05384615384615388,131.27696000000003,True,family,SCP,random_6,random,extra_trees
Polyphosphazenes,18,0.8888888888888888,-0.011111111111111183,131.27696000000003,True,family,SCP,random_6,random,extra_trees
Polyurethanes,37,0.8918918918918919,-0.008108108108108136,131.27696000000006,True,family,SCP,random_6,random,extra_trees
Polyethers,169,0.9112426035502958,0.011242603550295827,131.27696000000003,True,family,SCP,random_6,random,extra_trees
Polysulfones,35,0.9142857142857143,0.014285714285714235,131.27696000000003,True,family,SCP,random_6,random,extra_trees
Polyesters,160,0.91875,0.018749999999999933,131.27696000000006,True,family,SCP,random_6,random,extra_trees
Polyamides,187,0.9358288770053476,0.03582887700534754,131.27696000000006,True,family,SCP,random_6,random,extra_trees
Polyacrylics,141,0.9361702127659575,0.036170212765957444,131.27696,True,family,SCP,random_6,random,extra_trees
Polyimides,338,0.9378698224852071,0.037869822485207094,131.27696000000006,True,family,SCP,random_6,random,extra_trees
Polyvinyls,56,0.9464285714285714,0.046428571428571375,131.27696000000003,True,family,SCP,random_6,random,extra_trees
Polycarbonates,21,0.9523809523809523,0.052380952380952306,131.27696000000006,True,family,SCP,random_6,random,extra_trees
Polystyrenes,54,0.9629629629629629,0.06296296296296289,131.27696000000003,True,family,SCP,random_6,random,extra_trees
Polyimines,8,1.0,0.09999999999999998,131.27696000000003,False,family,SCP,random_6,random,extra_trees
Polyanhydrides,5,1.0,0.09999999999999998,131.27696000000003,False,family,SCP,random_6,random,extra_trees
Polysulfides,7,1.0,0.09999999999999998,131.27696000000003,False,family,SCP,random_6,random,extra_trees
4,285,0.887719298245614,-0.012280701754386003,109.80860000000003,True,similarity,Mondrian-similarity,random_6,random,extra_trees
2,156,0.8974358974358975,-0.002564102564102555,170.49599999999992,True,similarity,Mondrian-similarity,random_6,random,extra_trees
0,41,0.9024390243902439,0.0024390243902439046,255.76150000000007,True,similarity,Mondrian-similarity,random_6,random,extra_trees
1,77,0.9090909090909091,0.009090909090909038,193.18660000000008,True,similarity,Mondrian-similarity,random_6,random,extra_trees
5,640,0.9203125,0.020312499999999956,98.65320000000001,True,similarity,Mondrian-similarity,random_6,random,extra_trees
3,236,0.9661016949152542,0.0661016949152542,176.26195999999993,True,similarity,Mondrian-similarity,random_6,random,extra_trees
Polydienes,16,0.75,-0.15000000000000002,176.33393375000003,True,family,Mondrian-similarity,random_6,random,extra_trees
Polyhalo-olefins,12,0.75,-0.15000000000000002,163.1304233333333,True,family,Mondrian-similarity,random_6,random,extra_trees
Polyphosphazenes,18,0.7777777777777778,-0.12222222222222223,131.93328888888888,True,family,Mondrian-similarity,random_6,random,extra_trees
Polyphenylenes,93,0.8387096774193549,-0.06129032258064515,141.9197359139785,True,family,Mondrian-similarity,random_6,random,extra_trees
Polysulfides,7,0.8571428571428571,-0.04285714285714293,156.7759457142857,False,family,Mondrian-similarity,random_6,random,extra_trees
Polysiloxanes,38,0.868421052631579,-0.03157894736842104,128.7139757894737,True,family,Mondrian-similarity,random_6,random,extra_trees
Polycarbonates,21,0.9047619047619048,0.004761904761904745,131.11335619047617,True,family,Mondrian-similarity,random_6,random,extra_trees
Polyimides,338,0.908284023668639,0.008284023668639007,113.4355955029586,True,family,Mondrian-similarity,random_6,random,extra_trees
Polysulfones,35,0.9142857142857143,0.014285714285714235,130.00769485714284,True,family,Mondrian-similarity,random_6,random,extra_trees
Polyurethanes,37,0.918918918918919,0.018918918918918948,128.77036864864868,True,family,Mondrian-similarity,random_6,random,extra_trees
Polyolefins,26,0.9230769230769231,0.023076923076923106,184.63997076923076,True,family,Mondrian-similarity,random_6,random,extra_trees
Polyesters,160,0.925,0.025000000000000022,133.48018499999998,True,family,Mondrian-similarity,random_6,random,extra_trees
Polyamides,187,0.9251336898395722,0.025133689839572204,119.51866684491979,True,family,Mondrian-similarity,random_6,random,extra_trees
Polyethers,169,0.9408284023668639,0.040828402366863914,136.25132520710062,True,family,Mondrian-similarity,random_6,random,extra_trees
Polyacrylics,141,0.9574468085106383,0.057446808510638325,140.21977645390072,True,family,Mondrian-similarity,random_6,random,extra_trees
Polystyrenes,54,0.9629629629629629,0.06296296296296289,147.436307037037,True,family,Mondrian-similarity,random_6,random,extra_trees
Polyvinyls,56,0.9821428571428571,0.08214285714285707,145.0003910714286,True,family,Mondrian-similarity,random_6,random,extra_trees
Polyimines,8,1.0,0.09999999999999998,148.0216375,False,family,Mondrian-similarity,random_6,random,extra_trees
Polyanhydrides,5,1.0,0.09999999999999998,147.82769199999998,False,family,Mondrian-similarity,random_6,random,extra_trees
Polyureas,14,1.0,0.09999999999999998,137.87722571428571,True,family,Mondrian-similarity,random_6,random,extra_trees
0,41,0.5853658536585366,-0.31463414634146347,144.08829951219514,True,similarity,Mondrian-family,random_6,random,extra_trees
1,77,0.7662337662337663,-0.13376623376623376,140.67310961038962,True,similarity,Mondrian-family,random_6,random,extra_trees
2,156,0.8397435897435898,-0.060256410256410264,139.73133871794874,True,similarity,Mondrian-family,random_6,random,extra_trees
3,236,0.9067796610169492,0.006779661016949157,136.04518076271185,True,similarity,Mondrian-family,random_6,random,extra_trees
4,285,0.9192982456140351,0.019298245614035037,132.01511354385966,True,similarity,Mondrian-family,random_6,random,extra_trees
5,640,0.9640625,0.06406250000000002,130.86956046875,True,similarity,Mondrian-family,random_6,random,extra_trees
Polydienes,16,0.5,-0.4,131.27696000000003,True,family,Mondrian-family,random_6,random,extra_trees
Polyhalo-olefins,12,0.75,-0.15000000000000002,131.27696000000006,True,family,Mondrian-family,random_6,random,extra_trees
Polyureas,14,0.7857142857142857,-0.11428571428571432,131.27696,True,family,Mondrian-family,random_6,random,extra_trees
Polyesters,160,0.83125,-0.06874999999999998,103.41133999999988,True,family,Mondrian-family,random_6,random,extra_trees
Polysiloxanes,38,0.868421052631579,-0.03157894736842104,169.23271999999997,True,family,Mondrian-family,random_6,random,extra_trees
Polyphenylenes,93,0.8924731182795699,-0.007526881720430145,177.4589200000001,True,family,Mondrian-family,random_6,random,extra_trees
Polyethers,169,0.9112426035502958,0.011242603550295827,128.763,True,family,Mondrian-family,random_6,random,extra_trees
Polysulfones,35,0.9142857142857143,0.014285714285714235,130.70056000000022,True,family,Mondrian-family,random_6,random,extra_trees
Polyolefins,26,0.9230769230769231,0.023076923076923106,179.39180000000005,True,family,Mondrian-family,random_6,random,extra_trees
Polyimides,338,0.9260355029585798,0.026035502958579815,125.90999999999994,True,family,Mondrian-family,random_6,random,extra_trees
Polyamides,187,0.9358288770053476,0.03582887700534754,114.25320000000009,True,family,Mondrian-family,random_6,random,extra_trees
Polyphosphazenes,18,0.9444444444444444,0.0444444444444444,198.98979999999995,True,family,Mondrian-family,random_6,random,extra_trees
Polyvinyls,56,0.9464285714285714,0.046428571428571375,115.69559999999998,True,family,Mondrian-family,random_6,random,extra_trees
Polyacrylics,141,0.950354609929078,0.05035460992907803,145.38440000000006,True,family,Mondrian-family,random_6,random,extra_trees
Polycarbonates,21,0.9523809523809523,0.052380952380952306,131.27696000000006,True,family,Mondrian-family,random_6,random,extra_trees
Polystyrenes,54,0.9629629629629629,0.06296296296296289,184.67599999999996,True,family,Mondrian-family,random_6,random,extra_trees
Polyurethanes,37,0.972972972972973,0.072972972972973,167.39584,True,family,Mondrian-family,random_6,random,extra_trees
Polyimines,8,1.0,0.09999999999999998,131.27696000000003,False,family,Mondrian-family,random_6,random,extra_trees
Polyanhydrides,5,1.0,0.09999999999999998,131.27696000000003,False,family,Mondrian-family,random_6,random,extra_trees
Polysulfides,7,1.0,0.09999999999999998,131.27696000000003,False,family,Mondrian-family,random_6,random,extra_trees
0,41,0.6341463414634146,-0.2658536585365854,165.00765300570396,True,similarity,Normalised SCP,random_6,random,extra_trees
1,77,0.7662337662337663,-0.13376623376623376,148.79138152899247,True,similarity,Normalised SCP,random_6,random,extra_trees
2,156,0.8333333333333334,-0.06666666666666665,139.88368433406075,True,similarity,Normalised SCP,random_6,random,extra_trees
4,285,0.9157894736842105,0.015789473684210464,127.69760709297289,True,similarity,Normalised SCP,random_6,random,extra_trees
3,236,0.9194915254237288,0.019491525423728784,131.4186203235082,True,similarity,Normalised SCP,random_6,random,extra_trees
5,640,0.9578125,0.05781249999999993,113.69514041281911,True,similarity,Normalised SCP,random_6,random,extra_trees
Polydienes,16,0.75,-0.15000000000000002,193.82053287027523,True,family,Normalised SCP,random_6,random,extra_trees
Polyphosphazenes,18,0.7777777777777778,-0.12222222222222223,119.48971240981768,True,family,Normalised SCP,random_6,random,extra_trees
Polyureas,14,0.7857142857142857,-0.11428571428571432,124.86728039408125,True,family,Normalised SCP,random_6,random,extra_trees
Polycarbonates,21,0.8095238095238095,-0.09047619047619049,108.41527985185196,True,family,Normalised SCP,random_6,random,extra_trees
Polysiloxanes,38,0.8421052631578947,-0.05789473684210533,127.67406213944602,True,family,Normalised SCP,random_6,random,extra_trees
Polyolefins,26,0.8461538461538461,-0.05384615384615388,171.15325290261669,True,family,Normalised SCP,random_6,random,extra_trees
Polyurethanes,37,0.8648648648648649,-0.03513513513513511,109.74091659236008,True,family,Normalised SCP,random_6,random,extra_trees
Polyphenylenes,93,0.8817204301075269,-0.018279569892473146,165.18267186203641,True,family,Normalised SCP,random_6,random,extra_trees
Polyamides,187,0.8823529411764706,-0.01764705882352946,97.52935958713604,True,family,Normalised SCP,random_6,random,extra_trees
Polyesters,160,0.90625,0.006249999999999978,119.1875803112276,True,family,Normalised SCP,random_6,random,extra_trees
Polyethers,169,0.9112426035502958,0.011242603550295827,128.55032398055053,True,family,Normalised SCP,random_6,random,extra_trees
Polyhalo-olefins,12,0.9166666666666666,0.016666666666666607,208.98491541398394,True,family,Normalised SCP,random_6,random,extra_trees
Polyacrylics,141,0.9219858156028369,0.021985815602836856,120.21996004627889,True,family,Normalised SCP,random_6,random,extra_trees
Polystyrenes,54,0.9259259259259259,0.025925925925925908,120.5845408167548,True,family,Normalised SCP,random_6,random,extra_trees
Polyimides,338,0.9467455621301775,0.04674556213017744,124.27318070912524,True,family,Normalised SCP,random_6,random,extra_trees
Polysulfones,35,0.9714285714285714,0.0714285714285714,133.0190129472459,True,family,Normalised SCP,random_6,random,extra_trees
Polyvinyls,56,0.9821428571428571,0.08214285714285707,133.51521170949243,True,family,Normalised SCP,random_6,random,extra_trees
Polyimines,8,1.0,0.09999999999999998,143.4422441436343,False,family,Normalised SCP,random_6,random,extra_trees
Polyanhydrides,5,1.0,0.09999999999999998,141.81247133606593,False,family,Normalised SCP,random_6,random,extra_trees
Polysulfides,7,1.0,0.09999999999999998,174.2772291810936,False,family,Normalised SCP,random_6,random,extra_trees
3,218,0.8669724770642202,-0.03302752293577982,365.0,True,similarity,SCP,random_7,random,median
5,639,0.8951486697965572,-0.004851330203442861,365.0,True,similarity,SCP,random_7,random,median
2,154,0.9090909090909091,0.009090909090909038,365.0,True,similarity,SCP,random_7,random,median
4,283,0.911660777385159,0.011660777385159027,365.0,True,similarity,SCP,random_7,random,median
1,94,0.9148936170212766,0.014893617021276562,365.0,True,similarity,SCP,random_7,random,median
0,47,0.9574468085106383,0.057446808510638325,365.0,True,similarity,SCP,random_7,random,median
Polysiloxanes,41,0.5609756097560976,-0.3390243902439024,365.0,True,family,SCP,random_7,random,median
Polysulfides,11,0.7272727272727273,-0.17272727272727273,365.0,True,family,SCP,random_7,random,median
Polyphosphazenes,26,0.7307692307692307,-0.1692307692307693,365.0,True,family,SCP,random_7,random,median
Polyphenylenes,92,0.8260869565217391,-0.07391304347826089,365.0,True,family,SCP,random_7,random,median
Polyimides,339,0.8377581120943953,-0.0622418879056047,365.0,True,family,SCP,random_7,random,median
Polydienes,19,0.8421052631578947,-0.05789473684210533,365.0,True,family,SCP,random_7,random,median
Polyolefins,32,0.875,-0.025000000000000022,365.0,True,family,SCP,random_7,random,median
Polyethers,146,0.9041095890410958,0.004109589041095818,365.0,True,family,SCP,random_7,random,median
Polyhalo-olefins,14,0.9285714285714286,0.02857142857142858,365.0,True,family,SCP,random_7,random,median
Polyesters,172,0.9418604651162791,0.041860465116279055,365.0,True,family,SCP,random_7,random,median
Polyvinyls,46,0.9565217391304348,0.05652173913043479,365.0,True,family,SCP,random_7,random,median
Polysulfones,55,0.9636363636363636,0.0636363636363636,365.0,True,family,SCP,random_7,random,median
Polyacrylics,135,0.9703703703703703,0.0703703703703703,365.0,True,family,SCP,random_7,random,median
Polyurethanes,37,0.972972972972973,0.072972972972973,365.0,True,family,SCP,random_7,random,median
Polyamides,172,0.9767441860465116,0.07674418604651156,365.0,True,family,SCP,random_7,random,median
Polystyrenes,49,0.9795918367346939,0.07959183673469383,365.0,True,family,SCP,random_7,random,median
Polycarbonates,16,1.0,0.09999999999999998,365.0,True,family,SCP,random_7,random,median
Polyanhydrides,11,1.0,0.09999999999999998,365.0,True,family,SCP,random_7,random,median
Polyureas,16,1.0,0.09999999999999998,365.0,True,family,SCP,random_7,random,median
Polyimines,6,1.0,0.09999999999999998,365.0,False,family,SCP,random_7,random,median
2,154,0.8701298701298701,-0.029870129870129936,344.0,True,similarity,Mondrian-similarity,random_7,random,median
3,218,0.8807339449541285,-0.019266055045871533,372.0,True,similarity,Mondrian-similarity,random_7,random,median
5,639,0.8857589984350548,-0.014241001564945233,356.0,True,similarity,Mondrian-similarity,random_7,random,median
4,283,0.9187279151943463,0.018727915194346245,376.0,True,similarity,Mondrian-similarity,random_7,random,median
1,94,0.9361702127659575,0.036170212765957444,378.0,True,similarity,Mondrian-similarity,random_7,random,median
0,47,0.9574468085106383,0.057446808510638325,354.0,True,similarity,Mondrian-similarity,random_7,random,median
Polysiloxanes,41,0.5609756097560976,-0.3390243902439024,362.3414634146341,True,family,Mondrian-similarity,random_7,random,median
Polyphosphazenes,26,0.7692307692307693,-0.13076923076923075,365.0,True,family,Mondrian-similarity,random_7,random,median
Polydienes,19,0.7894736842105263,-0.1105263157894737,362.63157894736844,True,family,Mondrian-similarity,random_7,random,median
Polyolefins,32,0.8125,-0.08750000000000002,365.9375,True,family,Mondrian-similarity,random_7,random,median
Polysulfides,11,0.8181818181818182,-0.08181818181818179,368.1818181818182,True,family,Mondrian-similarity,random_7,random,median
Polyphenylenes,92,0.8260869565217391,-0.07391304347826089,363.6304347826087,True,family,Mondrian-similarity,random_7,random,median
Polyimides,339,0.8436578171091446,-0.05634218289085546,362.1946902654867,True,family,Mondrian-similarity,random_7,random,median
Polyhalo-olefins,14,0.8571428571428571,-0.04285714285714293,359.0,True,family,Mondrian-similarity,random_7,random,median
Polyethers,146,0.9041095890410958,0.004109589041095818,362.3835616438356,True,family,Mondrian-similarity,random_7,random,median
Polyesters,172,0.9186046511627907,0.018604651162790642,362.77906976744185,True,family,Mondrian-similarity,random_7,random,median
Polyurethanes,37,0.9459459459459459,0.04594594594594592,363.2972972972973,True,family,Mondrian-similarity,random_7,random,median
Polyvinyls,46,0.9565217391304348,0.05652173913043479,364.17391304347825,True,family,Mondrian-similarity,random_7,random,median
Polysulfones,55,0.9636363636363636,0.0636363636363636,361.8909090909091,True,family,Mondrian-similarity,random_7,random,median
Polyacrylics,135,0.9703703703703703,0.0703703703703703,364.02962962962965,True,family,Mondrian-similarity,random_7,random,median
Polyamides,172,0.9767441860465116,0.07674418604651156,360.6279069767442,True,family,Mondrian-similarity,random_7,random,median
Polystyrenes,49,0.9795918367346939,0.07959183673469383,360.81632653061223,True,family,Mondrian-similarity,random_7,random,median
Polycarbonates,16,1.0,0.09999999999999998,359.5,True,family,Mondrian-similarity,random_7,random,median
Polyanhydrides,11,1.0,0.09999999999999998,361.45454545454544,True,family,Mondrian-similarity,random_7,random,median
Polyureas,16,1.0,0.09999999999999998,355.875,True,family,Mondrian-similarity,random_7,random,median
Polyimines,6,1.0,0.09999999999999998,366.0,False,family,Mondrian-similarity,random_7,random,median
3,218,0.8577981651376146,-0.04220183486238538,343.4922018348623,True,similarity,Mondrian-family,random_7,random,median
2,154,0.8831168831168831,-0.016883116883116944,338.51818181818186,True,similarity,Mondrian-family,random_7,random,median
5,639,0.8904538341158059,-0.009546165884194102,359.78012519561815,True,similarity,Mondrian-family,random_7,random,median
1,94,0.8936170212765957,-0.00638297872340432,360.4223404255319,True,similarity,Mondrian-family,random_7,random,median
4,283,0.8975265017667845,-0.002473498233215521,354.6540636042403,True,similarity,Mondrian-family,random_7,random,median
0,47,0.9787234042553191,0.0787234042553191,369.468085106383,True,similarity,Mondrian-family,random_7,random,median
Polysulfides,11,0.7272727272727273,-0.17272727272727273,365.0,True,family,Mondrian-family,random_7,random,median
Polyphosphazenes,26,0.7307692307692307,-0.1692307692307693,365.0,True,family,Mondrian-family,random_7,random,median
Polysulfones,55,0.8181818181818182,-0.08181818181818179,270.0,True,family,Mondrian-family,random_7,random,median
Polyvinyls,46,0.8260869565217391,-0.07391304347826089,288.0,True,family,Mondrian-family,random_7,random,median
Polystyrenes,49,0.8367346938775511,-0.06326530612244896,268.0,True,family,Mondrian-family,random_7,random,median
Polydienes,19,0.8421052631578947,-0.05789473684210533,365.0,True,family,Mondrian-family,random_7,random,median
Polysiloxanes,41,0.8536585365853658,-0.04634146341463419,448.20000000000005,True,family,Mondrian-family,random_7,random,median
Polyurethanes,37,0.8648648648648649,-0.03513513513513511,256.0,True,family,Mondrian-family,random_7,random,median
Polyphenylenes,92,0.8804347826086957,-0.019565217391304346,470.0,True,family,Mondrian-family,random_7,random,median
Polyimides,339,0.8849557522123894,-0.015044247787610598,414.0,True,family,Mondrian-family,random_7,random,median
Polyacrylics,135,0.8888888888888888,-0.011111111111111183,272.0,True,family,Mondrian-family,random_7,random,median
Polyethers,146,0.8904109589041096,-0.009589041095890427,348.0,True,family,Mondrian-family,random_7,random,median
Polyesters,172,0.9069767441860465,0.006976744186046435,331.0999999999999,True,family,Mondrian-family,random_7,random,median
Polyhalo-olefins,14,0.9285714285714286,0.02857142857142858,365.0,True,family,Mondrian-family,random_7,random,median
Polyolefins,32,0.9375,0.03749999999999998,398.0,True,family,Mondrian-family,random_7,random,median
Polyamides,172,0.9476744186046512,0.04767441860465116,321.0,True,family,Mondrian-family,random_7,random,median
Polycarbonates,16,1.0,0.09999999999999998,365.0,True,family,Mondrian-family,random_7,random,median
Polyanhydrides,11,1.0,0.09999999999999998,365.0,True,family,Mondrian-family,random_7,random,median
Polyureas,16,1.0,0.09999999999999998,365.0,True,family,Mondrian-family,random_7,random,median
Polyimines,6,1.0,0.09999999999999998,365.0,False,family,Mondrian-family,random_7,random,median
0,47,0.7872340425531915,-0.1127659574468085,236.06766634278404,True,similarity,Normalised SCP,random_7,random,median
1,94,0.7872340425531915,-0.1127659574468085,279.4177521300508,True,similarity,Normalised SCP,random_7,random,median
2,154,0.8571428571428571,-0.04285714285714293,295.9357332753992,True,similarity,Normalised SCP,random_7,random,median
3,218,0.8669724770642202,-0.03302752293577982,284.7126867954715,True,similarity,Normalised SCP,random_7,random,median
4,283,0.872791519434629,-0.027208480565371063,301.02177695071316,True,similarity,Normalised SCP,random_7,random,median
5,639,0.9483568075117371,0.0483568075117371,358.2009218398926,True,similarity,Normalised SCP,random_7,random,median
Polysiloxanes,41,0.7560975609756098,-0.14390243902439026,439.27434324445255,True,family,Normalised SCP,random_7,random,median
Polyphosphazenes,26,0.7692307692307693,-0.13076923076923075,381.8186588747763,True,family,Normalised SCP,random_7,random,median
Polyolefins,32,0.78125,-0.11875000000000002,357.2674920531425,True,family,Normalised SCP,random_7,random,median
Polydienes,19,0.7894736842105263,-0.1105263157894737,284.6509228869186,True,family,Normalised SCP,random_7,random,median
Polyphenylenes,92,0.7934782608695652,-0.10652173913043483,319.3198903992298,True,family,Normalised SCP,random_7,random,median
Polysulfides,11,0.8181818181818182,-0.08181818181818179,305.6214034515993,True,family,Normalised SCP,random_7,random,median
Polysulfones,55,0.8545454545454545,-0.045454545454545525,251.8385891294682,True,family,Normalised SCP,random_7,random,median
Polystyrenes,49,0.8571428571428571,-0.04285714285714293,214.31123571122967,True,family,Normalised SCP,random_7,random,median
Polyurethanes,37,0.8648648648648649,-0.03513513513513511,255.5070436316476,True,family,Normalised SCP,random_7,random,median
Polyamides,172,0.872093023255814,-0.027906976744186074,254.11034051124258,True,family,Normalised SCP,random_7,random,median
Polyureas,16,0.875,-0.025000000000000022,253.99208808660177,True,family,Normalised SCP,random_7,random,median
Polyesters,172,0.8895348837209303,-0.010465116279069764,274.5084105256266,True,family,Normalised SCP,random_7,random,median
Polyanhydrides,11,0.9090909090909091,0.009090909090909038,227.64796140403786,True,family,Normalised SCP,random_7,random,median
Polyhalo-olefins,14,0.9285714285714286,0.02857142857142858,314.98080421611746,True,family,Normalised SCP,random_7,random,median
Polyethers,146,0.9315068493150684,0.03150684931506842,309.98644281484303,True,family,Normalised SCP,random_7,random,median
Polyimides,339,0.9380530973451328,0.038053097345132736,416.01138681125815,True,family,Normalised SCP,random_7,random,median
Polyacrylics,135,0.9629629629629629,0.06296296296296289,279.4448602070284,True,family,Normalised SCP,random_7,random,median
Polyvinyls,46,0.9782608695652174,0.07826086956521738,321.7587795585112,True,family,Normalised SCP,random_7,random,median
Polycarbonates,16,1.0,0.09999999999999998,350.45280580673136,True,family,Normalised SCP,random_7,random,median
Polyimines,6,1.0,0.09999999999999998,239.7278514694767,False,family,Normalised SCP,random_7,random,median
0,47,0.7446808510638298,-0.15531914893617027,139.1904728878999,True,similarity,SCP,random_7,random,svr
1,94,0.7659574468085106,-0.1340425531914894,139.1904728878999,True,similarity,SCP,random_7,random,svr
3,218,0.8211009174311926,-0.0788990825688074,139.1904728878999,True,similarity,SCP,random_7,random,svr
2,154,0.8376623376623377,-0.06233766233766236,139.1904728878999,True,similarity,SCP,random_7,random,svr
4,283,0.9151943462897526,0.01519434628975258,139.1904728878999,True,similarity,SCP,random_7,random,svr
5,639,0.94679186228482,0.04679186228482002,139.1904728878999,True,similarity,SCP,random_7,random,svr
Polydienes,19,0.47368421052631576,-0.42631578947368426,139.1904728878999,True,family,SCP,random_7,random,svr
Polyphosphazenes,26,0.6538461538461539,-0.24615384615384617,139.1904728878999,True,family,SCP,random_7,random,svr
Polysiloxanes,41,0.6585365853658537,-0.24146341463414633,139.1904728878999,True,family,SCP,random_7,random,svr
Polyurethanes,37,0.7567567567567568,-0.14324324324324322,139.1904728878999,True,family,SCP,random_7,random,svr
Polyphenylenes,92,0.7608695652173914,-0.13913043478260867,139.1904728878999,True,family,SCP,random_7,random,svr
Polyolefins,32,0.78125,-0.11875000000000002,139.1904728878999,True,family,SCP,random_7,random,svr
Polyhalo-olefins,14,0.8571428571428571,-0.04285714285714293,139.1904728878999,True,family,SCP,random_7,random,svr
Polyureas,16,0.875,-0.025000000000000022,139.1904728878999,True,family,SCP,random_7,random,svr
Polystyrenes,49,0.8979591836734694,-0.0020408163265306367,139.1904728878999,True,family,SCP,random_7,random,svr
Polysulfides,11,0.9090909090909091,0.009090909090909038,139.1904728878999,True,family,SCP,random_7,random,svr
Polyanhydrides,11,0.9090909090909091,0.009090909090909038,139.1904728878999,True,family,SCP,random_7,random,svr
Polysulfones,55,0.9090909090909091,0.009090909090909038,139.1904728878999,True,family,SCP,random_7,random,svr
Polyacrylics,135,0.9111111111111111,0.011111111111111072,139.1904728878999,True,family,SCP,random_7,random,svr
Polyvinyls,46,0.9130434782608695,0.01304347826086949,139.1904728878999,True,family,SCP,random_7,random,svr
Polyamides,172,0.9186046511627907,0.018604651162790642,139.1904728878999,True,family,SCP,random_7,random,svr
Polyimides,339,0.9292035398230089,0.02920353982300883,139.1904728878999,True,family,SCP,random_7,random,svr
Polyethers,146,0.9452054794520548,0.045205479452054775,139.1904728878999,True,family,SCP,random_7,random,svr
Polyesters,172,0.9593023255813954,0.059302325581395365,139.1904728878999,True,family,SCP,random_7,random,svr
Polycarbonates,16,1.0,0.09999999999999998,139.1904728878999,True,family,SCP,random_7,random,svr
Polyimines,6,1.0,0.09999999999999998,139.1904728878999,False,family,SCP,random_7,random,svr
3,218,0.8394495412844036,-0.06055045871559639,150.49645759706866,True,similarity,Mondrian-similarity,random_7,random,svr
4,283,0.8480565371024735,-0.05194346289752649,114.36763680950826,True,similarity,Mondrian-similarity,random_7,random,svr
1,94,0.8829787234042553,-0.017021276595744705,241.70719383751944,True,similarity,Mondrian-similarity,random_7,random,svr
0,47,0.8936170212765957,-0.00638297872340432,301.5384219093753,True,similarity,Mondrian-similarity,random_7,random,svr
5,639,0.9139280125195618,0.013928012519561772,110.897283244491,True,similarity,Mondrian-similarity,random_7,random,svr
2,154,0.9415584415584416,0.04155844155844157,209.73547854225293,True,similarity,Mondrian-similarity,random_7,random,svr
Polydienes,19,0.5263157894736842,-0.37368421052631584,227.53342220995484,True,family,Mondrian-similarity,random_7,random,svr
Polysiloxanes,41,0.6097560975609756,-0.2902439024390244,136.1213635601107,True,family,Mondrian-similarity,random_7,random,svr
Polyphosphazenes,26,0.7307692307692307,-0.1692307692307693,165.82321266495802,True,family,Mondrian-similarity,random_7,random,svr
Polyphenylenes,92,0.7391304347826086,-0.16086956521739137,165.76764883125423,True,family,Mondrian-similarity,random_7,random,svr
Polyurethanes,37,0.7837837837837838,-0.11621621621621625,132.73537893677843,True,family,Mondrian-similarity,random_7,random,svr
Polysulfides,11,0.8181818181818182,-0.08181818181818179,189.0655618757677,True,family,Mondrian-similarity,random_7,random,svr
Polyimides,339,0.8908554572271387,-0.009144542772861364,123.48822706474292,True,family,Mondrian-similarity,random_7,random,svr
Polystyrenes,49,0.8979591836734694,-0.0020408163265306367,156.9418825853053,True,family,Mondrian-similarity,random_7,random,svr
Polyolefins,32,0.90625,0.006249999999999978,200.52049134892974,True,family,Mondrian-similarity,random_7,random,svr
Polyanhydrides,11,0.9090909090909091,0.009090909090909038,174.9606376184055,True,family,Mondrian-similarity,random_7,random,svr
Polyacrylics,135,0.9259259259259259,0.025925925925925908,147.25684156199375,True,family,Mondrian-similarity,random_7,random,svr
Polyamides,172,0.9302325581395349,0.03023255813953485,127.8030877582017,True,family,Mondrian-similarity,random_7,random,svr
Polyesters,172,0.936046511627907,0.03604651162790695,133.51651887885274,True,family,Mondrian-similarity,random_7,random,svr
Polyureas,16,0.9375,0.03749999999999998,202.7128913543788,True,family,Mondrian-similarity,random_7,random,svr
Polysulfones,55,0.9454545454545454,0.045454545454545414,153.73985152514717,True,family,Mondrian-similarity,random_7,random,svr
Polyethers,146,0.952054794520548,0.05205479452054795,139.92846157650996,True,family,Mondrian-similarity,random_7,random,svr
Polyvinyls,46,0.9565217391304348,0.05652173913043479,171.8487890338382,True,family,Mondrian-similarity,random_7,random,svr
Polyhalo-olefins,14,1.0,0.09999999999999998,214.82437080855715,True,family,Mondrian-similarity,random_7,random,svr
Polycarbonates,16,1.0,0.09999999999999998,135.03003295033432,True,family,Mondrian-similarity,random_7,random,svr
Polyimines,6,1.0,0.09999999999999998,141.72682509998296,False,family,Mondrian-similarity,random_7,random,svr
1,94,0.776595744680851,-0.123404255319149,171.31379822715584,True,similarity,Mondrian-family,random_7,random,svr
0,47,0.8297872340425532,-0.07021276595744685,171.82380187317995,True,similarity,Mondrian-family,random_7,random,svr
3,218,0.8623853211009175,-0.03761467889908254,154.36036921005328,True,similarity,Mondrian-family,random_7,random,svr
2,154,0.8766233766233766,-0.023376623376623384,153.93247827014244,True,similarity,Mondrian-family,random_7,random,svr
4,283,0.9081272084805654,0.008127208480565362,146.9807824383284,True,similarity,Mondrian-family,random_7,random,svr
5,639,0.9624413145539906,0.0624413145539906,146.1114450751543,True,similarity,Mondrian-family,random_7,random,svr
Polydienes,19,0.47368421052631576,-0.42631578947368426,139.1904728878999,True,family,Mondrian-family,random_7,random,svr
Polyphosphazenes,26,0.6538461538461539,-0.24615384615384617,139.1904728878999,True,family,Mondrian-family,random_7,random,svr
Polyhalo-olefins,14,0.8571428571428571,-0.04285714285714293,139.1904728878999,True,family,Mondrian-family,random_7,random,svr
Polyphenylenes,92,0.8695652173913043,-0.0304347826086957,221.62702964435812,True,family,Mondrian-family,random_7,random,svr
Polyureas,16,0.875,-0.025000000000000022,139.1904728878999,True,family,Mondrian-family,random_7,random,svr
Polyvinyls,46,0.8913043478260869,-0.008695652173913104,118.2853459282327,True,family,Mondrian-family,random_7,random,svr
Polyimides,339,0.9026548672566371,0.0026548672566371057,123.51961517520773,True,family,Mondrian-family,random_7,random,svr
Polysulfones,55,0.9090909090909091,0.009090909090909038,164.11595765694733,True,family,Mondrian-family,random_7,random,svr
Polysulfides,11,0.9090909090909091,0.009090909090909038,139.1904728878999,True,family,Mondrian-family,random_7,random,svr
Polyanhydrides,11,0.9090909090909091,0.009090909090909038,139.1904728878999,True,family,Mondrian-family,random_7,random,svr
Polyamides,172,0.9186046511627907,0.018604651162790642,135.46234275111757,True,family,Mondrian-family,random_7,random,svr
Polyurethanes,37,0.918918918918919,0.018918918918918948,230.64816551846053,True,family,Mondrian-family,random_7,random,svr
Polyacrylics,135,0.9407407407407408,0.040740740740740744,155.00557332038923,True,family,Mondrian-family,random_7,random,svr
Polyesters,172,0.9418604651162791,0.041860465116279055,128.99243075986524,True,family,Mondrian-family,random_7,random,svr
Polyethers,146,0.9452054794520548,0.045205479452054775,130.73092605682007,True,family,Mondrian-family,random_7,random,svr
Polysiloxanes,41,0.9512195121951219,0.051219512195121886,270.4738291201999,True,family,Mondrian-family,random_7,random,svr
Polystyrenes,49,0.9591836734693877,0.05918367346938769,190.63765978041297,True,family,Mondrian-family,random_7,random,svr
Polyolefins,32,0.96875,0.06874999999999998,273.08760852812986,True,family,Mondrian-family,random_7,random,svr
Polycarbonates,16,1.0,0.09999999999999998,139.1904728878999,True,family,Mondrian-family,random_7,random,svr
Polyimines,6,1.0,0.09999999999999998,139.1904728878999,False,family,Mondrian-family,random_7,random,svr
3,218,0.8440366972477065,-0.05596330275229355,150.26504402957684,True,similarity,Normalised SCP,random_7,random,svr
1,94,0.851063829787234,-0.04893617021276597,199.0068263808231,True,similarity,Normalised SCP,random_7,random,svr
2,154,0.8701298701298701,-0.029870129870129936,168.04302177234706,True,similarity,Normalised SCP,random_7,random,svr
0,47,0.8723404255319149,-0.02765957446808509,210.58943320433437,True,similarity,Normalised SCP,random_7,random,svr
4,283,0.911660777385159,0.011660777385159027,139.14824383309175,True,similarity,Normalised SCP,random_7,random,svr
5,639,0.9374021909233177,0.037402190923317646,121.93191888733747,True,similarity,Normalised SCP,random_7,random,svr
Polyurethanes,37,0.7567567567567568,-0.14324324324324322,106.72431764984427,True,family,Normalised SCP,random_7,random,svr
Polydienes,19,0.7894736842105263,-0.1105263157894737,269.09783265626857,True,family,Normalised SCP,random_7,random,svr
Polysiloxanes,41,0.8048780487804879,-0.09512195121951217,185.76375821070204,True,family,Normalised SCP,random_7,random,svr
Polyphosphazenes,26,0.8076923076923077,-0.09230769230769231,198.62738799992275,True,family,Normalised SCP,random_7,random,svr
Polyphenylenes,92,0.8152173913043478,-0.08478260869565224,183.1702535962525,True,family,Normalised SCP,random_7,random,svr
Polyamides,172,0.872093023255814,-0.027906976744186074,102.8328838741306,True,family,Normalised SCP,random_7,random,svr
Polyimides,339,0.9056047197640118,0.0056047197640117785,124.98503659283084,True,family,Normalised SCP,random_7,random,svr
Polyolefins,32,0.90625,0.006249999999999978,228.80740640683553,True,family,Normalised SCP,random_7,random,svr
Polysulfides,11,0.9090909090909091,0.009090909090909038,184.50212895859886,True,family,Normalised SCP,random_7,random,svr
Polyanhydrides,11,0.9090909090909091,0.009090909090909038,130.70780805692567,True,family,Normalised SCP,random_7,random,svr
Polystyrenes,49,0.9183673469387755,0.01836734693877551,179.77978821653502,True,family,Normalised SCP,random_7,random,svr
Polysulfones,55,0.9272727272727272,0.027272727272727226,142.19175729744856,True,family,Normalised SCP,random_7,random,svr
Polyacrylics,135,0.9333333333333333,0.033333333333333326,154.66149871858443,True,family,Normalised SCP,random_7,random,svr
Polyesters,172,0.936046511627907,0.03604651162790695,126.70490205897194,True,family,Normalised SCP,random_7,random,svr
Polycarbonates,16,0.9375,0.03749999999999998,110.30448420065036,True,family,Normalised SCP,random_7,random,svr
Polyureas,16,0.9375,0.03749999999999998,170.7960515965487,True,family,Normalised SCP,random_7,random,svr
Polyethers,146,0.958904109589041,0.05890410958904102,135.55812141308533,True,family,Normalised SCP,random_7,random,svr
Polyvinyls,46,0.9782608695652174,0.07826086956521738,144.52217948462402,True,family,Normalised SCP,random_7,random,svr
Polyhalo-olefins,14,1.0,0.09999999999999998,288.8754729000888,True,family,Normalised SCP,random_7,random,svr
Polyimines,6,1.0,0.09999999999999998,118.37473532789666,False,family,Normalised SCP,random_7,random,svr
0,47,0.6595744680851063,-0.2404255319148937,137.18819999999988,True,similarity,SCP,random_7,random,random_forest
1,94,0.723404255319149,-0.17659574468085104,137.1882,True,similarity,SCP,random_7,random,random_forest
2,154,0.8116883116883117,-0.08831168831168834,137.18819999999997,True,similarity,SCP,random_7,random,random_forest
3,218,0.8715596330275229,-0.028440366972477094,137.1882,True,similarity,SCP,random_7,random,random_forest
4,283,0.8904593639575972,-0.00954063604240285,137.18819999999997,True,similarity,SCP,random_7,random,random_forest
5,639,0.9608763693270735,0.06087636932707352,137.18819999999997,True,similarity,SCP,random_7,random,random_forest
Polydienes,19,0.5263157894736842,-0.37368421052631584,137.18819999999997,True,family,SCP,random_7,random,random_forest
Polyphosphazenes,26,0.7307692307692307,-0.1692307692307693,137.18819999999994,True,family,SCP,random_7,random,random_forest
Polyolefins,32,0.75,-0.15000000000000002,137.18819999999994,True,family,SCP,random_7,random,random_forest
Polyureas,16,0.75,-0.15000000000000002,137.18819999999994,True,family,SCP,random_7,random,random_forest
Polyphenylenes,92,0.7608695652173914,-0.13913043478260867,137.1882,True,family,SCP,random_7,random,random_forest
Polysiloxanes,41,0.7804878048780488,-0.11951219512195121,137.18819999999994,True,family,SCP,random_7,random,random_forest
Polyanhydrides,11,0.8181818181818182,-0.08181818181818179,137.18819999999997,True,family,SCP,random_7,random,random_forest
Polyurethanes,37,0.8378378378378378,-0.06216216216216219,137.18819999999988,True,family,SCP,random_7,random,random_forest
Polysulfones,55,0.8909090909090909,-0.00909090909090915,137.18819999999988,True,family,SCP,random_7,random,random_forest
Polyvinyls,46,0.8913043478260869,-0.008695652173913104,137.18819999999988,True,family,SCP,random_7,random,random_forest
Polyacrylics,135,0.8962962962962963,-0.0037037037037037646,137.18819999999997,True,family,SCP,random_7,random,random_forest
Polystyrenes,49,0.8979591836734694,-0.0020408163265306367,137.18819999999994,True,family,SCP,random_7,random,random_forest
Polysulfides,11,0.9090909090909091,0.009090909090909038,137.18819999999997,True,family,SCP,random_7,random,random_forest
Polyhalo-olefins,14,0.9285714285714286,0.02857142857142858,137.1882,True,family,SCP,random_7,random,random_forest
Polyimides,339,0.9292035398230089,0.02920353982300883,137.18819999999997,True,family,SCP,random_7,random,random_forest
Polyamides,172,0.936046511627907,0.03604651162790695,137.18819999999997,True,family,SCP,random_7,random,random_forest
Polyesters,172,0.936046511627907,0.03604651162790695,137.18819999999997,True,family,SCP,random_7,random,random_forest
Polycarbonates,16,0.9375,0.03749999999999998,137.18819999999994,True,family,SCP,random_7,random,random_forest
Polyethers,146,0.9383561643835616,0.0383561643835616,137.18819999999997,True,family,SCP,random_7,random,random_forest
Polyimines,6,1.0,0.09999999999999998,137.18819999999994,False,family,SCP,random_7,random,random_forest
4,283,0.8586572438162544,-0.04134275618374561,121.19166000000007,True,similarity,Mondrian-similarity,random_7,random,random_forest
1,94,0.8936170212765957,-0.00638297872340432,216.41000000000014,True,similarity,Mondrian-similarity,random_7,random,random_forest
0,47,0.8936170212765957,-0.00638297872340432,296.87440000000004,True,similarity,Mondrian-similarity,random_7,random,random_forest
5,639,0.9029733959311425,0.0029733959311424307,104.90200000000004,True,similarity,Mondrian-similarity,random_7,random,random_forest
3,218,0.9036697247706422,0.003669724770642202,152.83670000000004,True,similarity,Mondrian-similarity,random_7,random,random_forest
2,154,0.948051948051948,0.04805194805194801,202.5322000000001,True,similarity,Mondrian-similarity,random_7,random,random_forest
Polydienes,19,0.6842105263157895,-0.21578947368421053,217.09094000000005,True,family,Mondrian-similarity,random_7,random,random_forest
Polysiloxanes,41,0.7560975609756098,-0.14390243902439026,132.77241609756103,True,family,Mondrian-similarity,random_7,random,random_forest
Polyphenylenes,92,0.782608695652174,-0.11739130434782608,159.764847826087,True,family,Mondrian-similarity,random_7,random,random_forest
Polyphosphazenes,26,0.8076923076923077,-0.09230769230769231,163.55987153846158,True,family,Mondrian-similarity,random_7,random,random_forest
Polysulfides,11,0.8181818181818182,-0.08181818181818179,181.89450181818185,True,family,Mondrian-similarity,random_7,random,random_forest
Polysulfones,55,0.8545454545454545,-0.045454545454545525,150.5168403636364,True,family,Mondrian-similarity,random_7,random,random_forest
Polyurethanes,37,0.8648648648648649,-0.03513513513513511,130.57331135135135,True,family,Mondrian-similarity,random_7,random,random_forest
Polyimides,339,0.8908554572271387,-0.009144542772861364,121.17560294985255,True,family,Mondrian-similarity,random_7,random,random_forest
Polyanhydrides,11,0.9090909090909091,0.009090909090909038,173.59187454545454,True,family,Mondrian-similarity,random_7,random,random_forest
Polyamides,172,0.9186046511627907,0.018604651162790642,123.73712813953495,True,family,Mondrian-similarity,random_7,random,random_forest
Polyesters,172,0.9244186046511628,0.024418604651162745,131.6469955813954,True,family,Mondrian-similarity,random_7,random,random_forest
Polyacrylics,135,0.9259259259259259,0.025925925925925908,144.35362237037037,True,family,Mondrian-similarity,random_7,random,random_forest
Polyolefins,32,0.9375,0.03749999999999998,190.51218875000006,True,family,Mondrian-similarity,random_7,random,random_forest
Polyethers,146,0.9383561643835616,0.0383561643835616,136.00482863013704,True,family,Mondrian-similarity,random_7,random,random_forest
Polyvinyls,46,0.9565217391304348,0.05652173913043479,166.4309139130435,True,family,Mondrian-similarity,random_7,random,random_forest
Polystyrenes,49,0.9591836734693877,0.05918367346938769,153.97296204081638,True,family,Mondrian-similarity,random_7,random,random_forest
Polycarbonates,16,1.0,0.09999999999999998,132.25381125,True,family,Mondrian-similarity,random_7,random,random_forest
Polyhalo-olefins,14,1.0,0.09999999999999998,205.7301328571429,True,family,Mondrian-similarity,random_7,random,random_forest
Polyureas,16,1.0,0.09999999999999998,193.53761625000004,True,family,Mondrian-similarity,random_7,random,random_forest
Polyimines,6,1.0,0.09999999999999998,142.58182000000002,False,family,Mondrian-similarity,random_7,random,random_forest
0,47,0.7446808510638298,-0.15531914893617027,160.38710638297866,True,similarity,Mondrian-family,random_7,random,random_forest
1,94,0.7659574468085106,-0.1340425531914894,160.94483999999994,True,similarity,Mondrian-family,random_7,random,random_forest
2,154,0.8246753246753247,-0.07532467532467535,144.52527350649345,True,similarity,Mondrian-family,random_7,random,random_forest
3,218,0.8623853211009175,-0.03761467889908254,146.77256522935775,True,similarity,Mondrian-family,random_7,random,random_forest
4,283,0.8975265017667845,-0.002473498233215521,141.4915119434628,True,similarity,Mondrian-family,random_7,random,random_forest
5,639,0.9640062597809077,0.06400625978090768,140.29358967136133,True,similarity,Mondrian-family,random_7,random,random_forest
Polydienes,19,0.5263157894736842,-0.37368421052631584,137.18819999999997,True,family,Mondrian-family,random_7,random,random_forest
Polyphosphazenes,26,0.7307692307692307,-0.1692307692307693,137.18819999999994,True,family,Mondrian-family,random_7,random,random_forest
Polyureas,16,0.75,-0.15000000000000002,137.18819999999994,True,family,Mondrian-family,random_7,random,random_forest
Polyanhydrides,11,0.8181818181818182,-0.08181818181818179,137.18819999999997,True,family,Mondrian-family,random_7,random,random_forest
Polysiloxanes,41,0.8536585365853658,-0.04634146341463419,161.57377999999997,True,family,Mondrian-family,random_7,random,random_forest
Polyphenylenes,92,0.8695652173913043,-0.0304347826086957,216.41000000000014,True,family,Mondrian-family,random_7,random,random_forest
Polysulfones,55,0.8727272727272727,-0.027272727272727337,134.05319999999992,True,family,Mondrian-family,random_7,random,random_forest
Polystyrenes,49,0.8979591836734694,-0.0020408163265306367,130.78099999999998,True,family,Mondrian-family,random_7,random,random_forest
Polyethers,146,0.9041095890410958,0.004109589041095818,123.67660000000014,True,family,Mondrian-family,random_7,random,random_forest
Polysulfides,11,0.9090909090909091,0.009090909090909038,137.18819999999997,True,family,Mondrian-family,random_7,random,random_forest
Polyesters,172,0.9127906976744186,0.012790697674418539,123.79019999999998,True,family,Mondrian-family,random_7,random,random_forest
Polyvinyls,46,0.9130434782608695,0.01304347826086949,148.8980000000001,True,family,Mondrian-family,random_7,random,random_forest
Polyimides,339,0.9144542772861357,0.014454277286135686,124.97759999999998,True,family,Mondrian-family,random_7,random,random_forest
Polyacrylics,135,0.9259259259259259,0.025925925925925908,162.18640000000002,True,family,Mondrian-family,random_7,random,random_forest
Polyhalo-olefins,14,0.9285714285714286,0.02857142857142858,137.1882,True,family,Mondrian-family,random_7,random,random_forest
Polyamides,172,0.9302325581395349,0.03023255813953485,135.2793999999989,True,family,Mondrian-family,random_7,random,random_forest
Polyolefins,32,0.9375,0.03749999999999998,210.44959999999998,True,family,Mondrian-family,random_7,random,random_forest
Polycarbonates,16,0.9375,0.03749999999999998,137.18819999999994,True,family,Mondrian-family,random_7,random,random_forest
Polyurethanes,37,0.9459459459459459,0.04594594594594592,256.92339999999996,True,family,Mondrian-family,random_7,random,random_forest
Polyimines,6,1.0,0.09999999999999998,137.18819999999994,False,family,Mondrian-family,random_7,random,random_forest
1,94,0.776595744680851,-0.123404255319149,181.2704041700351,True,similarity,Normalised SCP,random_7,random,random_forest
0,47,0.8085106382978723,-0.09148936170212774,198.53111716493814,True,similarity,Normalised SCP,random_7,random,random_forest
2,154,0.8701298701298701,-0.029870129870129936,159.64127434477177,True,similarity,Normalised SCP,random_7,random,random_forest
4,283,0.8833922261484098,-0.01660777385159018,134.08800772057631,True,similarity,Normalised SCP,random_7,random,random_forest
3,218,0.8853211009174312,-0.014678899082568808,144.45654503780372,True,similarity,Normalised SCP,random_7,random,random_forest
5,639,0.9389671361502347,0.03896713615023473,111.85722027652872,True,similarity,Normalised SCP,random_7,random,random_forest
Polyureas,16,0.6875,-0.21250000000000002,127.79213216223499,True,family,Normalised SCP,random_7,random,random_forest
Polyurethanes,37,0.7567567567567568,-0.14324324324324322,95.54381530346942,True,family,Normalised SCP,random_7,random,random_forest
Polyphenylenes,92,0.7717391304347826,-0.12826086956521743,160.0985412359208,True,family,Normalised SCP,random_7,random,random_forest
Polyphosphazenes,26,0.8076923076923077,-0.09230769230769231,160.96962840724868,True,family,Normalised SCP,random_7,random,random_forest
Polysulfides,11,0.8181818181818182,-0.08181818181818179,193.70255649245976,True,family,Normalised SCP,random_7,random,random_forest
Polydienes,19,0.8421052631578947,-0.05789473684210533,231.54893047879864,True,family,Normalised SCP,random_7,random,random_forest
Polysulfones,55,0.8727272727272727,-0.027272727272727337,138.06723775072825,True,family,Normalised SCP,random_7,random,random_forest
Polyolefins,32,0.875,-0.025000000000000022,197.60942636243476,True,family,Normalised SCP,random_7,random,random_forest
Polysiloxanes,41,0.8780487804878049,-0.02195121951219514,170.79490166470498,True,family,Normalised SCP,random_7,random,random_forest
Polyamides,172,0.8953488372093024,-0.0046511627906976605,102.80601936804428,True,family,Normalised SCP,random_7,random,random_forest
Polyesters,172,0.9011627906976745,0.0011627906976744429,120.98959365896754,True,family,Normalised SCP,random_7,random,random_forest
Polyimides,339,0.9085545722713865,0.008554572271386451,120.11079966976423,True,family,Normalised SCP,random_7,random,random_forest
Polycarbonates,16,0.9375,0.03749999999999998,96.76846966827455,True,family,Normalised SCP,random_7,random,random_forest
Polyacrylics,135,0.9407407407407408,0.040740740740740744,139.169590459672,True,family,Normalised SCP,random_7,random,random_forest
Polyethers,146,0.9452054794520548,0.045205479452054775,132.1223565581674,True,family,Normalised SCP,random_7,random,random_forest
Polystyrenes,49,0.9591836734693877,0.05918367346938769,157.47989801791286,True,family,Normalised SCP,random_7,random,random_forest
Polyvinyls,46,0.9782608695652174,0.07826086956521738,163.21482023994642,True,family,Normalised SCP,random_7,random,random_forest
Polyhalo-olefins,14,1.0,0.09999999999999998,254.50259757344415,True,family,Normalised SCP,random_7,random,random_forest
Polyanhydrides,11,1.0,0.09999999999999998,143.3285472397663,True,family,Normalised SCP,random_7,random,random_forest
Polyimines,6,1.0,0.09999999999999998,120.96761223440127,False,family,Normalised SCP,random_7,random,random_forest
0,47,0.6808510638297872,-0.2191489361702128,136.87703212218358,True,similarity,SCP,random_7,random,hist_gbr
1,94,0.7553191489361702,-0.14468085106382977,136.87703212218358,True,similarity,SCP,random_7,random,hist_gbr
2,154,0.8506493506493507,-0.04935064935064937,136.87703212218358,True,similarity,SCP,random_7,random,hist_gbr
3,218,0.8899082568807339,-0.010091743119266083,136.87703212218358,True,similarity,SCP,random_7,random,hist_gbr
4,283,0.9257950530035336,0.025795053003533575,136.87703212218358,True,similarity,SCP,random_7,random,hist_gbr
5,639,0.9655712050078247,0.06557120500782465,136.87703212218358,True,similarity,SCP,random_7,random,hist_gbr
Polydienes,19,0.5263157894736842,-0.37368421052631584,136.87703212218358,True,family,SCP,random_7,random,hist_gbr
Polyhalo-olefins,14,0.7142857142857143,-0.18571428571428572,136.8770321221836,True,family,SCP,random_7,random,hist_gbr
Polyureas,16,0.75,-0.15000000000000002,136.87703212218355,True,family,SCP,random_7,random,hist_gbr
Polyphenylenes,92,0.782608695652174,-0.11739130434782608,136.87703212218358,True,family,SCP,random_7,random,hist_gbr
Polyolefins,32,0.8125,-0.08750000000000002,136.87703212218355,True,family,SCP,random_7,random,hist_gbr
Polyimines,6,0.8333333333333334,-0.06666666666666665,136.87703212218355,False,family,SCP,random_7,random,hist_gbr
Polyurethanes,37,0.8378378378378378,-0.06216216216216219,136.87703212218358,True,family,SCP,random_7,random,hist_gbr
Polyvinyls,46,0.8695652173913043,-0.0304347826086957,136.87703212218358,True,family,SCP,random_7,random,hist_gbr
Polysiloxanes,41,0.8780487804878049,-0.02195121951219514,136.87703212218355,True,family,SCP,random_7,random,hist_gbr
Polysulfides,11,0.9090909090909091,0.009090909090909038,136.87703212218358,True,family,SCP,random_7,random,hist_gbr
Polysulfones,55,0.9090909090909091,0.009090909090909038,136.87703212218358,True,family,SCP,random_7,random,hist_gbr
Polystyrenes,49,0.9183673469387755,0.01836734693877551,136.87703212218355,True,family,SCP,random_7,random,hist_gbr
Polyacrylics,135,0.9185185185185185,0.01851851851851849,136.87703212218358,True,family,SCP,random_7,random,hist_gbr
Polyphosphazenes,26,0.9230769230769231,0.023076923076923106,136.87703212218355,True,family,SCP,random_7,random,hist_gbr
Polycarbonates,16,0.9375,0.03749999999999998,136.87703212218355,True,family,SCP,random_7,random,hist_gbr
Polyesters,172,0.9418604651162791,0.041860465116279055,136.87703212218358,True,family,SCP,random_7,random,hist_gbr
Polyimides,339,0.943952802359882,0.04395280235988197,136.87703212218358,True,family,SCP,random_7,random,hist_gbr
Polyamides,172,0.9476744186046512,0.04767441860465116,136.87703212218358,True,family,SCP,random_7,random,hist_gbr
Polyethers,146,0.9657534246575342,0.0657534246575342,136.87703212218355,True,family,SCP,random_7,random,hist_gbr
Polyanhydrides,11,1.0,0.09999999999999998,136.87703212218358,True,family,SCP,random_7,random,hist_gbr
3,218,0.8990825688073395,-0.0009174311926605228,141.14574759118923,True,similarity,Mondrian-similarity,random_7,random,hist_gbr
1,94,0.9042553191489362,0.004255319148936176,249.04585867033822,True,similarity,Mondrian-similarity,random_7,random,hist_gbr
4,283,0.9045936395759717,0.0045936395759716975,118.68723469251,True,similarity,Mondrian-similarity,random_7,random,hist_gbr
0,47,0.9148936170212766,0.014893617021276562,310.1996795468778,True,similarity,Mondrian-similarity,random_7,random,hist_gbr
5,639,0.9311424100156495,0.031142410015649435,106.45848124729751,True,similarity,Mondrian-similarity,random_7,random,hist_gbr
2,154,0.961038961038961,0.061038961038961004,197.64461088850496,True,similarity,Mondrian-similarity,random_7,random,hist_gbr
Polyphenylenes,92,0.7717391304347826,-0.12826086956521743,164.9314897613286,True,family,Mondrian-similarity,random_7,random,hist_gbr
Polyimines,6,0.8333333333333334,-0.06666666666666665,137.2948427838668,False,family,Mondrian-similarity,random_7,random,hist_gbr
Polyurethanes,37,0.8378378378378378,-0.06216216216216219,128.45665523535632,True,family,Mondrian-similarity,random_7,random,hist_gbr
Polydienes,19,0.8421052631578947,-0.05789473684210533,228.5941686543486,True,family,Mondrian-similarity,random_7,random,hist_gbr
Polysiloxanes,41,0.8536585365853658,-0.04634146341463419,131.7140224955222,True,family,Mondrian-similarity,random_7,random,hist_gbr
Polysulfides,11,0.9090909090909091,0.009090909090909038,190.91998746970577,True,family,Mondrian-similarity,random_7,random,hist_gbr
Polyimides,339,0.9233038348082596,0.023303834808259594,120.42080094415748,True,family,Mondrian-similarity,random_7,random,hist_gbr
Polyamides,172,0.9244186046511628,0.024418604651162745,124.49135745855978,True,family,Mondrian-similarity,random_7,random,hist_gbr
Polysulfones,55,0.9272727272727272,0.027272727272727226,151.44624373830237,True,family,Mondrian-similarity,random_7,random,hist_gbr
Polyhalo-olefins,14,0.9285714285714286,0.02857142857142858,215.63805752131734,True,family,Mondrian-similarity,random_7,random,hist_gbr
Polyesters,172,0.9302325581395349,0.03023255813953485,129.37976282574382,True,family,Mondrian-similarity,random_7,random,hist_gbr
Polyolefins,32,0.9375,0.03749999999999998,201.05287725399194,True,family,Mondrian-similarity,random_7,random,hist_gbr
Polystyrenes,49,0.9387755102040817,0.038775510204081653,152.2507700551661,True,family,Mondrian-similarity,random_7,random,hist_gbr
Polyacrylics,135,0.9555555555555556,0.05555555555555558,143.37885089977422,True,family,Mondrian-similarity,random_7,random,hist_gbr
Polyvinyls,46,0.9565217391304348,0.05652173913043479,169.1168919102866,True,family,Mondrian-similarity,random_7,random,hist_gbr
Polyethers,146,0.9657534246575342,0.0657534246575342,136.54892127155253,True,family,Mondrian-similarity,random_7,random,hist_gbr
Polycarbonates,16,1.0,0.09999999999999998,130.18468011898773,True,family,Mondrian-similarity,random_7,random,hist_gbr
Polyanhydrides,11,1.0,0.09999999999999998,171.76520504763164,True,family,Mondrian-similarity,random_7,random,hist_gbr
Polyphosphazenes,26,1.0,0.09999999999999998,163.6177167760268,True,family,Mondrian-similarity,random_7,random,hist_gbr
Polyureas,16,1.0,0.09999999999999998,199.31949310991922,True,family,Mondrian-similarity,random_7,random,hist_gbr
0,47,0.7021276595744681,-0.19787234042553192,162.15719058784796,True,similarity,Mondrian-family,random_7,random,hist_gbr
1,94,0.7872340425531915,-0.1127659574468085,158.61160545471515,True,similarity,Mondrian-family,random_7,random,hist_gbr
2,154,0.8571428571428571,-0.04285714285714293,145.44815921125908,True,similarity,Mondrian-family,random_7,random,hist_gbr
3,218,0.8944954128440367,-0.005504587155963359,147.1240208773933,True,similarity,Mondrian-family,random_7,random,hist_gbr
4,283,0.9328621908127208,0.03286219081272079,142.89244278726937,True,similarity,Mondrian-family,random_7,random,hist_gbr
5,639,0.9608763693270735,0.06087636932707352,140.14151720633467,True,similarity,Mondrian-family,random_7,random,hist_gbr
Polydienes,19,0.5263157894736842,-0.37368421052631584,136.87703212218358,True,family,Mondrian-family,random_7,random,hist_gbr
Polyhalo-olefins,14,0.7142857142857143,-0.18571428571428572,136.8770321221836,True,family,Mondrian-family,random_7,random,hist_gbr
Polyureas,16,0.75,-0.15000000000000002,136.87703212218355,True,family,Mondrian-family,random_7,random,hist_gbr
Polysiloxanes,41,0.8292682926829268,-0.07073170731707323,115.96629451693725,True,family,Mondrian-family,random_7,random,hist_gbr
Polyimines,6,0.8333333333333334,-0.06666666666666665,136.87703212218355,False,family,Mondrian-family,random_7,random,hist_gbr
Polyphenylenes,92,0.8478260869565217,-0.05217391304347829,223.45547352286798,True,family,Mondrian-family,random_7,random,hist_gbr
Polyolefins,32,0.875,-0.025000000000000022,169.41863528518314,True,family,Mondrian-family,random_7,random,hist_gbr
Polyethers,146,0.9041095890410958,0.004109589041095818,124.4830911067624,True,family,Mondrian-family,random_7,random,hist_gbr
Polysulfides,11,0.9090909090909091,0.009090909090909038,136.87703212218358,True,family,Mondrian-family,random_7,random,hist_gbr
Polystyrenes,49,0.9183673469387755,0.01836734693877551,124.23466341684282,True,family,Mondrian-family,random_7,random,hist_gbr
Polyphosphazenes,26,0.9230769230769231,0.023076923076923106,136.87703212218355,True,family,Mondrian-family,random_7,random,hist_gbr
Polysulfones,55,0.9272727272727272,0.027272727272727226,166.55627514338275,True,family,Mondrian-family,random_7,random,hist_gbr
Polyimides,339,0.9321533923303835,0.0321533923303835,125.30221699975745,True,family,Mondrian-family,random_7,random,hist_gbr
Polyvinyls,46,0.9347826086956522,0.034782608695652195,172.2606221621326,True,family,Mondrian-family,random_7,random,hist_gbr
Polycarbonates,16,0.9375,0.03749999999999998,136.87703212218355,True,family,Mondrian-family,random_7,random,hist_gbr
Polyesters,172,0.9418604651162791,0.041860465116279055,137.18730424725615,True,family,Mondrian-family,random_7,random,hist_gbr
Polyamides,172,0.9418604651162791,0.041860465116279055,127.34921328924857,True,family,Mondrian-family,random_7,random,hist_gbr
Polyurethanes,37,0.9459459459459459,0.04594594594594592,249.64219220263524,True,family,Mondrian-family,random_7,random,hist_gbr
Polyacrylics,135,0.9555555555555556,0.05555555555555558,158.5817088948738,True,family,Mondrian-family,random_7,random,hist_gbr
Polyanhydrides,11,1.0,0.09999999999999998,136.87703212218358,True,family,Mondrian-family,random_7,random,hist_gbr
0,47,0.7659574468085106,-0.1340425531914894,180.62042893862045,True,similarity,Normalised SCP,random_7,random,hist_gbr
1,94,0.8085106382978723,-0.09148936170212774,167.97614624346477,True,similarity,Normalised SCP,random_7,random,hist_gbr
3,218,0.8577981651376146,-0.04220183486238538,134.8101480731803,True,similarity,Normalised SCP,random_7,random,hist_gbr
2,154,0.8831168831168831,-0.016883116883116944,148.76132005301798,True,similarity,Normalised SCP,random_7,random,hist_gbr
4,283,0.901060070671378,0.0010600706713780328,125.34336863532597,True,similarity,Normalised SCP,random_7,random,hist_gbr
5,639,0.9483568075117371,0.0483568075117371,110.14099526732812,True,similarity,Normalised SCP,random_7,random,hist_gbr
Polydienes,19,0.6842105263157895,-0.21578947368421053,196.82800990626677,True,family,Normalised SCP,random_7,random,hist_gbr
Polyphenylenes,92,0.8043478260869565,-0.09565217391304348,151.33067739351085,True,family,Normalised SCP,random_7,random,hist_gbr
Polyurethanes,37,0.8108108108108109,-0.08918918918918917,96.94596165393953,True,family,Normalised SCP,random_7,random,hist_gbr
Polyimines,6,0.8333333333333334,-0.06666666666666665,115.15293682957615,False,family,Normalised SCP,random_7,random,hist_gbr
Polycarbonates,16,0.875,-0.025000000000000022,83.16259102063458,True,family,Normalised SCP,random_7,random,hist_gbr
Polyolefins,32,0.875,-0.025000000000000022,165.03017009489346,True,family,Normalised SCP,random_7,random,hist_gbr
Polyesters,172,0.8953488372093024,-0.0046511627906976605,115.1395151189556,True,family,Normalised SCP,random_7,random,hist_gbr
Polyethers,146,0.8972602739726028,-0.002739726027397249,124.69764736428515,True,family,Normalised SCP,random_7,random,hist_gbr
Polysiloxanes,41,0.9024390243902439,0.0024390243902439046,137.16608671752215,True,family,Normalised SCP,random_7,random,hist_gbr
Polysulfides,11,0.9090909090909091,0.009090909090909038,179.84556916799366,True,family,Normalised SCP,random_7,random,hist_gbr
Polyanhydrides,11,0.9090909090909091,0.009090909090909038,111.63457348236633,True,family,Normalised SCP,random_7,random,hist_gbr
Polyacrylics,135,0.9111111111111111,0.011111111111111072,129.27968265768277,True,family,Normalised SCP,random_7,random,hist_gbr
Polyvinyls,46,0.9130434782608695,0.01304347826086949,156.7736428472833,True,family,Normalised SCP,random_7,random,hist_gbr
Polystyrenes,49,0.9183673469387755,0.01836734693877551,140.46077783199115,True,family,Normalised SCP,random_7,random,hist_gbr
Polyimides,339,0.9262536873156342,0.026253687315634155,119.25971876572706,True,family,Normalised SCP,random_7,random,hist_gbr
Polysulfones,55,0.9272727272727272,0.027272727272727226,130.65453038080148,True,family,Normalised SCP,random_7,random,hist_gbr
Polyamides,172,0.936046511627907,0.03604651162790695,108.4498615435196,True,family,Normalised SCP,random_7,random,hist_gbr
Polyureas,16,0.9375,0.03749999999999998,154.77222480340066,True,family,Normalised SCP,random_7,random,hist_gbr
Polyphosphazenes,26,0.9615384615384616,0.06153846153846154,136.3377184308431,True,family,Normalised SCP,random_7,random,hist_gbr
Polyhalo-olefins,14,1.0,0.09999999999999998,228.64141335438606,True,family,Normalised SCP,random_7,random,hist_gbr
0,47,0.6808510638297872,-0.2191489361702128,138.67939999999996,True,similarity,SCP,random_7,random,extra_trees
1,94,0.7446808510638298,-0.15531914893617027,138.6794,True,similarity,SCP,random_7,random,extra_trees
2,154,0.8376623376623377,-0.06233766233766236,138.6794,True,similarity,SCP,random_7,random,extra_trees
3,218,0.8853211009174312,-0.014678899082568808,138.6794,True,similarity,SCP,random_7,random,extra_trees
4,283,0.9151943462897526,0.01519434628975258,138.67939999999996,True,similarity,SCP,random_7,random,extra_trees
5,639,0.9702660406885759,0.07026604068857589,138.6794,True,similarity,SCP,random_7,random,extra_trees
Polydienes,19,0.5789473684210527,-0.32105263157894737,138.67939999999996,True,family,SCP,random_7,random,extra_trees
Polyureas,16,0.6875,-0.21250000000000002,138.67939999999993,True,family,SCP,random_7,random,extra_trees
Polyphosphazenes,26,0.7307692307692307,-0.1692307692307693,138.67939999999996,True,family,SCP,random_7,random,extra_trees
Polyphenylenes,92,0.782608695652174,-0.11739130434782608,138.67939999999996,True,family,SCP,random_7,random,extra_trees
Polyolefins,32,0.8125,-0.08750000000000002,138.6794,True,family,SCP,random_7,random,extra_trees
Polysulfides,11,0.8181818181818182,-0.08181818181818179,138.67939999999996,True,family,SCP,random_7,random,extra_trees
Polysiloxanes,41,0.8292682926829268,-0.07073170731707323,138.6794,True,family,SCP,random_7,random,extra_trees
Polyurethanes,37,0.8378378378378378,-0.06216216216216219,138.6794,True,family,SCP,random_7,random,extra_trees
Polyvinyls,46,0.8695652173913043,-0.0304347826086957,138.67939999999996,True,family,SCP,random_7,random,extra_trees
Polysulfones,55,0.8727272727272727,-0.027272727272727337,138.67939999999996,True,family,SCP,random_7,random,extra_trees
Polystyrenes,49,0.9183673469387755,0.01836734693877551,138.67939999999996,True,family,SCP,random_7,random,extra_trees
Polyimides,339,0.9262536873156342,0.026253687315634155,138.6794,True,family,SCP,random_7,random,extra_trees
Polycarbonates,16,0.9375,0.03749999999999998,138.67939999999996,True,family,SCP,random_7,random,extra_trees
Polyamides,172,0.9476744186046512,0.04767441860465116,138.67940000000002,True,family,SCP,random_7,random,extra_trees
Polyacrylics,135,0.9481481481481482,0.04814814814814816,138.67939999999993,True,family,SCP,random_7,random,extra_trees
Polyethers,146,0.958904109589041,0.05890410958904102,138.6794,True,family,SCP,random_7,random,extra_trees
Polyesters,172,0.9651162790697675,0.06511627906976747,138.67940000000002,True,family,SCP,random_7,random,extra_trees
Polyhalo-olefins,14,1.0,0.09999999999999998,138.67939999999996,True,family,SCP,random_7,random,extra_trees
Polyanhydrides,11,1.0,0.09999999999999998,138.67939999999996,True,family,SCP,random_7,random,extra_trees
Polyimines,6,1.0,0.09999999999999998,138.67939999999996,False,family,SCP,random_7,random,extra_trees
4,283,0.8763250883392226,-0.023674911660777398,113.57003999999998,True,similarity,Mondrian-similarity,random_7,random,extra_trees
1,94,0.8829787234042553,-0.017021276595744705,206.77188,True,similarity,Mondrian-similarity,random_7,random,extra_trees
0,47,0.8936170212765957,-0.00638297872340432,288.08079999999995,True,similarity,Mondrian-similarity,random_7,random,extra_trees
3,218,0.8990825688073395,-0.0009174311926605228,151.32439999999997,True,similarity,Mondrian-similarity,random_7,random,extra_trees
5,639,0.9045383411580594,0.0045383411580594,97.9038,True,similarity,Mondrian-similarity,random_7,random,extra_trees
2,154,0.9155844155844156,0.01558441558441559,182.76600000000016,True,similarity,Mondrian-similarity,random_7,random,extra_trees
Polysulfides,11,0.7272727272727273,-0.17272727272727273,174.73397454545454,True,family,Mondrian-similarity,random_7,random,extra_trees
Polydienes,19,0.7368421052631579,-0.16315789473684217,206.64325894736848,True,family,Mondrian-similarity,random_7,random,extra_trees
Polyphosphazenes,26,0.7692307692307693,-0.13076923076923075,156.0113153846154,True,family,Mondrian-similarity,random_7,random,extra_trees
Polysiloxanes,41,0.7804878048780488,-0.11951219512195121,125.51277073170733,True,family,Mondrian-similarity,random_7,random,extra_trees
Polyphenylenes,92,0.8043478260869565,-0.09565217391304348,151.7238739130435,True,family,Mondrian-similarity,random_7,random,extra_trees
Polyureas,16,0.8125,-0.08750000000000002,180.19504250000008,True,family,Mondrian-similarity,random_7,random,extra_trees
Polyurethanes,37,0.8648648648648649,-0.03513513513513511,123.68498270270273,True,family,Mondrian-similarity,random_7,random,extra_trees
Polyolefins,32,0.875,-0.025000000000000022,180.99490125000003,True,family,Mondrian-similarity,random_7,random,extra_trees
Polyimides,339,0.8820058997050148,-0.01799410029498527,114.00086053097345,True,family,Mondrian-similarity,random_7,random,extra_trees
Polysulfones,55,0.8909090909090909,-0.00909090909090915,142.14859490909095,True,family,Mondrian-similarity,random_7,random,extra_trees
Polyamides,172,0.9069767441860465,0.006976744186046435,116.03978093023258,True,family,Mondrian-similarity,random_7,random,extra_trees
Polyanhydrides,11,0.9090909090909091,0.009090909090909038,165.32858909090913,True,family,Mondrian-similarity,random_7,random,extra_trees
Polyacrylics,135,0.9259259259259259,0.025925925925925908,136.6878242962963,True,family,Mondrian-similarity,random_7,random,extra_trees
Polyvinyls,46,0.9347826086956522,0.034782608695652195,157.07123913043483,True,family,Mondrian-similarity,random_7,random,extra_trees
Polycarbonates,16,0.9375,0.03749999999999998,123.43045750000002,True,family,Mondrian-similarity,random_7,random,extra_trees
Polyethers,146,0.952054794520548,0.05205479452054795,127.97825616438357,True,family,Mondrian-similarity,random_7,random,extra_trees
Polyesters,172,0.9534883720930233,0.05348837209302326,124.0930593023256,True,family,Mondrian-similarity,random_7,random,extra_trees
Polystyrenes,49,0.9591836734693877,0.05918367346938769,144.67193714285716,True,family,Mondrian-similarity,random_7,random,extra_trees
Polyhalo-olefins,14,1.0,0.09999999999999998,194.87273428571433,True,family,Mondrian-similarity,random_7,random,extra_trees
Polyimines,6,1.0,0.09999999999999998,135.0764466666667,False,family,Mondrian-similarity,random_7,random,extra_trees
0,47,0.723404255319149,-0.17659574468085104,147.3969812765957,True,similarity,Mondrian-family,random_7,random,extra_trees
1,94,0.776595744680851,-0.123404255319149,148.34517999999997,True,similarity,Mondrian-family,random_7,random,extra_trees
2,154,0.8376623376623377,-0.06233766233766236,141.48068285714285,True,similarity,Mondrian-family,random_7,random,extra_trees
3,218,0.8853211009174312,-0.014678899082568808,144.11354165137615,True,similarity,Mondrian-family,random_7,random,extra_trees
4,283,0.9187279151943463,0.018727915194346245,140.0244196466431,True,similarity,Mondrian-family,random_7,random,extra_trees
5,639,0.9624413145539906,0.0624413145539906,139.04196400625978,True,similarity,Mondrian-family,random_7,random,extra_trees
Polydienes,19,0.5789473684210527,-0.32105263157894737,138.67939999999996,True,family,Mondrian-family,random_7,random,extra_trees
Polyureas,16,0.6875,-0.21250000000000002,138.67939999999993,True,family,Mondrian-family,random_7,random,extra_trees
Polyphosphazenes,26,0.7307692307692307,-0.1692307692307693,138.67939999999996,True,family,Mondrian-family,random_7,random,extra_trees
Polysulfides,11,0.8181818181818182,-0.08181818181818179,138.67939999999996,True,family,Mondrian-family,random_7,random,extra_trees
Polyphenylenes,92,0.8369565217391305,-0.06304347826086953,173.91972,True,family,Mondrian-family,random_7,random,extra_trees
Polyolefins,32,0.84375,-0.05625000000000002,174.7034,True,family,Mondrian-family,random_7,random,extra_trees
Polyvinyls,46,0.8695652173913043,-0.0304347826086957,121.07899999999992,True,family,Mondrian-family,random_7,random,extra_trees
Polysulfones,55,0.8727272727272727,-0.027272727272727337,134.8245999999999,True,family,Mondrian-family,random_7,random,extra_trees
Polysiloxanes,41,0.8780487804878049,-0.02195121951219514,160.1944,True,family,Mondrian-family,random_7,random,extra_trees
Polyimides,339,0.9056047197640118,0.0056047197640117785,128.69440000000003,True,family,Mondrian-family,random_7,random,extra_trees
Polystyrenes,49,0.9183673469387755,0.01836734693877551,131.15612000000007,True,family,Mondrian-family,random_7,random,extra_trees
Polyamides,172,0.9186046511627907,0.018604651162790642,120.92196000000001,True,family,Mondrian-family,random_7,random,extra_trees
Polycarbonates,16,0.9375,0.03749999999999998,138.67939999999996,True,family,Mondrian-family,random_7,random,extra_trees
Polyurethanes,37,0.9459459459459459,0.04594594594594592,242.93144000000004,True,family,Mondrian-family,random_7,random,extra_trees
Polyacrylics,135,0.9481481481481482,0.04814814814814816,143.44160000000002,True,family,Mondrian-family,random_7,random,extra_trees
Polyesters,172,0.9651162790697675,0.06511627906976747,138.67940000000002,True,family,Mondrian-family,random_7,random,extra_trees
Polyethers,146,0.9657534246575342,0.0657534246575342,149.63092,True,family,Mondrian-family,random_7,random,extra_trees
Polyhalo-olefins,14,1.0,0.09999999999999998,138.67939999999996,True,family,Mondrian-family,random_7,random,extra_trees
Polyanhydrides,11,1.0,0.09999999999999998,138.67939999999996,True,family,Mondrian-family,random_7,random,extra_trees
Polyimines,6,1.0,0.09999999999999998,138.67939999999996,False,family,Mondrian-family,random_7,random,extra_trees
0,47,0.7872340425531915,-0.1127659574468085,188.98294681663836,True,similarity,Normalised SCP,random_7,random,extra_trees
2,154,0.8376623376623377,-0.06233766233766236,155.6696038983041,True,similarity,Normalised SCP,random_7,random,extra_trees
1,94,0.8404255319148937,-0.05957446808510636,175.12223131562186,True,similarity,Normalised SCP,random_7,random,extra_trees
4,283,0.8692579505300353,-0.030742049469964727,123.7842746418871,True,similarity,Normalised SCP,random_7,random,extra_trees
3,218,0.8761467889908257,-0.02385321100917437,138.81803630773186,True,similarity,Normalised SCP,random_7,random,extra_trees
5,639,0.9295774647887324,0.029577464788732355,105.55933410619546,True,similarity,Normalised SCP,random_7,random,extra_trees
Polyphosphazenes,26,0.7307692307692307,-0.1692307692307693,139.0598967343464,True,family,Normalised SCP,random_7,random,extra_trees
Polyurethanes,37,0.8108108108108109,-0.08918918918918917,95.40439508017512,True,family,Normalised SCP,random_7,random,extra_trees
Polyureas,16,0.8125,-0.08750000000000002,131.74537543275147,True,family,Normalised SCP,random_7,random,extra_trees
Polysulfides,11,0.8181818181818182,-0.08181818181818179,178.0406558363061,True,family,Normalised SCP,random_7,random,extra_trees
Polyphenylenes,92,0.8260869565217391,-0.07391304347826089,150.0745523012155,True,family,Normalised SCP,random_7,random,extra_trees
Polyimines,6,0.8333333333333334,-0.06666666666666665,112.46558608309154,False,family,Normalised SCP,random_7,random,extra_trees
Polydienes,19,0.8421052631578947,-0.05789473684210533,229.0096923244071,True,family,Normalised SCP,random_7,random,extra_trees
Polyolefins,32,0.84375,-0.05625000000000002,183.26373497835277,True,family,Normalised SCP,random_7,random,extra_trees
Polyimides,339,0.8643067846607669,-0.035693215339233086,113.85502566672977,True,family,Normalised SCP,random_7,random,extra_trees
Polycarbonates,16,0.875,-0.025000000000000022,108.0561569230305,True,family,Normalised SCP,random_7,random,extra_trees
Polyamides,172,0.877906976744186,-0.02209302325581397,97.8736757977308,True,family,Normalised SCP,random_7,random,extra_trees
Polysiloxanes,41,0.8780487804878049,-0.02195121951219514,161.49052553384803,True,family,Normalised SCP,random_7,random,extra_trees
Polysulfones,55,0.8909090909090909,-0.00909090909090915,132.13592957610962,True,family,Normalised SCP,random_7,random,extra_trees
Polyanhydrides,11,0.9090909090909091,0.009090909090909038,113.67308165636518,True,family,Normalised SCP,random_7,random,extra_trees
Polyesters,172,0.9186046511627907,0.018604651162790642,115.58433352647543,True,family,Normalised SCP,random_7,random,extra_trees
Polystyrenes,49,0.9387755102040817,0.038775510204081653,147.95480809613326,True,family,Normalised SCP,random_7,random,extra_trees
Polyacrylics,135,0.9407407407407408,0.040740740740740744,137.95847105739637,True,family,Normalised SCP,random_7,random,extra_trees
Polyethers,146,0.952054794520548,0.05205479452054795,122.95529523620336,True,family,Normalised SCP,random_7,random,extra_trees
Polyvinyls,46,0.9565217391304348,0.05652173913043479,155.3730500737374,True,family,Normalised SCP,random_7,random,extra_trees
Polyhalo-olefins,14,1.0,0.09999999999999998,214.35715974569175,True,family,Normalised SCP,random_7,random,extra_trees
3,215,0.8837209302325582,-0.016279069767441867,362.6999999999999,True,similarity,SCP,random_8,random,median
5,665,0.9007518796992481,0.0007518796992480592,362.7,True,similarity,SCP,random_8,random,median
1,85,0.9058823529411765,0.00588235294117645,362.70000000000005,True,similarity,SCP,random_8,random,median
2,145,0.9103448275862069,0.010344827586206917,362.7,True,similarity,SCP,random_8,random,median
0,53,0.9245283018867925,0.024528301886792447,362.7000000000001,True,similarity,SCP,random_8,random,median
4,272,0.9301470588235294,0.030147058823529416,362.70000000000005,True,similarity,SCP,random_8,random,median
Polysiloxanes,44,0.5909090909090909,-0.3090909090909091,362.7000000000001,True,family,SCP,random_8,random,median
Polyphosphazenes,25,0.8,-0.09999999999999998,362.70000000000005,True,family,SCP,random_8,random,median
Polydienes,17,0.8235294117647058,-0.07647058823529418,362.70000000000005,True,family,SCP,random_8,random,median
Polyvinyls,47,0.851063829787234,-0.04893617021276597,362.7000000000001,True,family,SCP,random_8,random,median
Polyimides,340,0.8647058823529412,-0.03529411764705881,362.7,True,family,SCP,random_8,random,median
Polyphenylenes,87,0.8735632183908046,-0.02643678160919538,362.70000000000005,True,family,SCP,random_8,random,median
Polyethers,153,0.8888888888888888,-0.011111111111111183,362.70000000000005,True,family,SCP,random_8,random,median
Polyolefins,31,0.9032258064516129,0.003225806451612856,362.7000000000002,True,family,SCP,random_8,random,median
Polysulfides,12,0.9166666666666666,0.016666666666666607,362.7,True,family,SCP,random_8,random,median
Polyesters,184,0.9402173913043478,0.04021739130434776,362.69999999999993,True,family,SCP,random_8,random,median
Polyamides,185,0.9621621621621622,0.06216216216216219,362.7,True,family,SCP,random_8,random,median
Polystyrenes,53,0.9622641509433962,0.06226415094339621,362.7000000000001,True,family,SCP,random_8,random,median
Polyacrylics,122,0.9754098360655737,0.07540983606557372,362.6999999999999,True,family,SCP,random_8,random,median
Polysulfones,49,0.9795918367346939,0.07959183673469383,362.70000000000005,True,family,SCP,random_8,random,median
Polyhalo-olefins,8,1.0,0.09999999999999998,362.70000000000005,False,family,SCP,random_8,random,median
Polyurethanes,29,1.0,0.09999999999999998,362.70000000000016,True,family,SCP,random_8,random,median
Polyanhydrides,12,1.0,0.09999999999999998,362.7,True,family,SCP,random_8,random,median
Polycarbonates,22,1.0,0.09999999999999998,362.7,True,family,SCP,random_8,random,median
Polyureas,10,1.0,0.09999999999999998,362.7,True,family,SCP,random_8,random,median
Polyimines,5,1.0,0.09999999999999998,362.70000000000005,False,family,SCP,random_8,random,median
1,85,0.8823529411764706,-0.01764705882352946,356.0,True,similarity,Mondrian-similarity,random_8,random,median
3,215,0.8837209302325582,-0.016279069767441867,364.0,True,similarity,Mondrian-similarity,random_8,random,median
5,665,0.8962406015037594,-0.003759398496240629,358.0,True,similarity,Mondrian-similarity,random_8,random,median
2,145,0.9172413793103448,0.01724137931034475,376.0,True,similarity,Mondrian-similarity,random_8,random,median
4,272,0.9227941176470589,0.022794117647058854,354.0,True,similarity,Mondrian-similarity,random_8,random,median
0,53,1.0,0.09999999999999998,434.0,True,similarity,Mondrian-similarity,random_8,random,median
Polysiloxanes,44,0.6136363636363636,-0.2863636363636364,363.1363636363636,True,family,Mondrian-similarity,random_8,random,median
Polysulfides,12,0.8333333333333334,-0.06666666666666665,368.8333333333333,True,family,Mondrian-similarity,random_8,random,median
Polyphosphazenes,25,0.84,-0.06000000000000005,368.16,True,family,Mondrian-similarity,random_8,random,median
Polyvinyls,47,0.851063829787234,-0.04893617021276597,368.4255319148936,True,family,Mondrian-similarity,random_8,random,median
Polyimides,340,0.8558823529411764,-0.044117647058823595,358.5352941176471,True,family,Mondrian-similarity,random_8,random,median
Polyphenylenes,87,0.8735632183908046,-0.02643678160919538,368.64367816091954,True,family,Mondrian-similarity,random_8,random,median
Polydienes,17,0.8823529411764706,-0.01764705882352946,377.88235294117646,True,family,Mondrian-similarity,random_8,random,median
Polyethers,153,0.8823529411764706,-0.01764705882352946,363.39869281045753,True,family,Mondrian-similarity,random_8,random,median
Polyolefins,31,0.9032258064516129,0.003225806451612856,371.80645161290323,True,family,Mondrian-similarity,random_8,random,median
Polyesters,184,0.9402173913043478,0.04021739130434776,361.14130434782606,True,family,Mondrian-similarity,random_8,random,median
Polyamides,185,0.9621621621621622,0.06216216216216219,360.77837837837836,True,family,Mondrian-similarity,random_8,random,median
Polystyrenes,53,0.9622641509433962,0.06226415094339621,365.92452830188677,True,family,Mondrian-similarity,random_8,random,median
Polyacrylics,122,0.9754098360655737,0.07540983606557372,362.1967213114754,True,family,Mondrian-similarity,random_8,random,median
Polysulfones,49,0.9795918367346939,0.07959183673469383,362.2448979591837,True,family,Mondrian-similarity,random_8,random,median
Polyhalo-olefins,8,1.0,0.09999999999999998,391.25,False,family,Mondrian-similarity,random_8,random,median
Polyurethanes,29,1.0,0.09999999999999998,358.41379310344826,True,family,Mondrian-similarity,random_8,random,median
Polyanhydrides,12,1.0,0.09999999999999998,371.8333333333333,True,family,Mondrian-similarity,random_8,random,median
Polycarbonates,22,1.0,0.09999999999999998,361.8181818181818,True,family,Mondrian-similarity,random_8,random,median
Polyureas,10,1.0,0.09999999999999998,361.4,True,family,Mondrian-similarity,random_8,random,median
Polyimines,5,1.0,0.09999999999999998,373.2,False,family,Mondrian-similarity,random_8,random,median
3,215,0.8744186046511628,-0.025581395348837188,338.52372093023257,True,similarity,Mondrian-family,random_8,random,median
5,665,0.8992481203007519,-0.0007518796992481702,361.32406015037594,True,similarity,Mondrian-family,random_8,random,median
0,53,0.9245283018867925,0.024528301886792447,349.4433962264151,True,similarity,Mondrian-family,random_8,random,median
4,272,0.9264705882352942,0.026470588235294135,358.12242647058827,True,similarity,Mondrian-family,random_8,random,median
1,85,0.9294117647058824,0.02941176470588236,346.0658823529412,True,similarity,Mondrian-family,random_8,random,median
2,145,0.9517241379310345,0.051724137931034475,358.73310344827587,True,similarity,Mondrian-family,random_8,random,median
Polyvinyls,47,0.7659574468085106,-0.1340425531914894,280.0,True,family,Mondrian-family,random_8,random,median
Polystyrenes,53,0.8113207547169812,-0.08867924528301885,240.0,True,family,Mondrian-family,random_8,random,median
Polydienes,17,0.8235294117647058,-0.07647058823529418,362.70000000000005,True,family,Mondrian-family,random_8,random,median
Polyphosphazenes,25,0.84,-0.06000000000000005,416.0,True,family,Mondrian-family,random_8,random,median
Polyesters,184,0.8641304347826086,-0.035869565217391375,308.0,True,family,Mondrian-family,random_8,random,median
Polyethers,153,0.869281045751634,-0.030718954248366015,354.0,True,family,Mondrian-family,random_8,random,median
Polyphenylenes,87,0.8735632183908046,-0.02643678160919538,384.0,True,family,Mondrian-family,random_8,random,median
Polysulfides,12,0.9166666666666666,0.016666666666666607,362.7,True,family,Mondrian-family,random_8,random,median
Polyimides,340,0.9264705882352942,0.026470588235294135,414.0,True,family,Mondrian-family,random_8,random,median
Polyamides,185,0.9459459459459459,0.04594594594594592,334.0,True,family,Mondrian-family,random_8,random,median
Polyacrylics,122,0.9508196721311475,0.050819672131147464,314.0,True,family,Mondrian-family,random_8,random,median
Polysiloxanes,44,0.9545454545454546,0.054545454545454564,496.0,True,family,Mondrian-family,random_8,random,median
Polysulfones,49,0.9591836734693877,0.05918367346938769,298.0,True,family,Mondrian-family,random_8,random,median
Polyurethanes,29,0.9655172413793104,0.06551724137931036,288.6,True,family,Mondrian-family,random_8,random,median
Polyhalo-olefins,8,1.0,0.09999999999999998,362.70000000000005,False,family,Mondrian-family,random_8,random,median
Polyolefins,31,1.0,0.09999999999999998,421.2000000000002,True,family,Mondrian-family,random_8,random,median
Polyanhydrides,12,1.0,0.09999999999999998,362.7,True,family,Mondrian-family,random_8,random,median
Polycarbonates,22,1.0,0.09999999999999998,362.7,True,family,Mondrian-family,random_8,random,median
Polyureas,10,1.0,0.09999999999999998,362.7,True,family,Mondrian-family,random_8,random,median
Polyimines,5,1.0,0.09999999999999998,362.70000000000005,False,family,Mondrian-family,random_8,random,median
0,53,0.7735849056603774,-0.1264150943396226,259.77303072870046,True,similarity,Normalised SCP,random_8,random,median
1,85,0.8117647058823529,-0.08823529411764708,286.0740036144957,True,similarity,Normalised SCP,random_8,random,median
2,145,0.8413793103448276,-0.05862068965517242,278.9546815883195,True,similarity,Normalised SCP,random_8,random,median
4,272,0.8970588235294118,-0.002941176470588225,310.18045907283846,True,similarity,Normalised SCP,random_8,random,median
3,215,0.9023255813953488,0.0023255813953487747,288.0156939356175,True,similarity,Normalised SCP,random_8,random,median
5,665,0.9293233082706767,0.02932330827067664,345.028210288564,True,similarity,Normalised SCP,random_8,random,median
Polyphosphazenes,25,0.68,-0.21999999999999997,355.0791034639722,True,family,Normalised SCP,random_8,random,median
Polydienes,17,0.7647058823529411,-0.1352941176470589,320.8084970489522,True,family,Normalised SCP,random_8,random,median
Polyimines,5,0.8,-0.09999999999999998,227.19845155319703,False,family,Normalised SCP,random_8,random,median
Polyphenylenes,87,0.8160919540229885,-0.08390804597701151,291.3051643257278,True,family,Normalised SCP,random_8,random,median
Polyurethanes,29,0.8275862068965517,-0.07241379310344831,255.20003184034888,True,family,Normalised SCP,random_8,random,median
Polysiloxanes,44,0.8409090909090909,-0.05909090909090908,408.8870823703204,True,family,Normalised SCP,random_8,random,median
Polystyrenes,53,0.8490566037735849,-0.05094339622641508,224.73807800081235,True,family,Normalised SCP,random_8,random,median
Polyolefins,31,0.8709677419354839,-0.029032258064516148,421.80307373069786,True,family,Normalised SCP,random_8,random,median
Polyethers,153,0.8758169934640523,-0.024183006535947738,305.912916212803,True,family,Normalised SCP,random_8,random,median
Polyureas,10,0.9,0.0,306.87980784180724,True,family,Normalised SCP,random_8,random,median
Polyacrylics,122,0.9016393442622951,0.0016393442622950616,253.85784709795354,True,family,Normalised SCP,random_8,random,median
Polyesters,184,0.9021739130434783,0.0021739130434782483,262.89771425316405,True,family,Normalised SCP,random_8,random,median
Polyamides,185,0.9027027027027027,0.002702702702702675,261.49019102038847,True,family,Normalised SCP,random_8,random,median
Polyvinyls,47,0.9148936170212766,0.014893617021276562,326.019335331328,True,family,Normalised SCP,random_8,random,median
Polyanhydrides,12,0.9166666666666666,0.016666666666666607,225.87192249081127,True,family,Normalised SCP,random_8,random,median
Polysulfones,49,0.9183673469387755,0.01836734693877551,252.6222057791811,True,family,Normalised SCP,random_8,random,median
Polyimides,340,0.9529411764705882,0.05294117647058816,417.6907443041776,True,family,Normalised SCP,random_8,random,median
Polycarbonates,22,0.9545454545454546,0.054545454545454564,326.17933561899724,True,family,Normalised SCP,random_8,random,median
Polyhalo-olefins,8,1.0,0.09999999999999998,332.8823599899977,False,family,Normalised SCP,random_8,random,median
Polysulfides,12,1.0,0.09999999999999998,268.423792270677,True,family,Normalised SCP,random_8,random,median
0,53,0.7735849056603774,-0.1264150943396226,147.643068050269,True,similarity,SCP,random_8,random,svr
1,85,0.8352941176470589,-0.06470588235294117,147.643068050269,True,similarity,SCP,random_8,random,svr
2,145,0.8620689655172413,-0.037931034482758696,147.643068050269,True,similarity,SCP,random_8,random,svr
3,215,0.8837209302325582,-0.016279069767441867,147.643068050269,True,similarity,SCP,random_8,random,svr
4,272,0.9007352941176471,0.0007352941176470562,147.643068050269,True,similarity,SCP,random_8,random,svr
5,665,0.9729323308270676,0.07293233082706763,147.643068050269,True,similarity,SCP,random_8,random,svr
Polydienes,17,0.47058823529411764,-0.4294117647058824,147.643068050269,True,family,SCP,random_8,random,svr
Polyphosphazenes,25,0.68,-0.21999999999999997,147.643068050269,True,family,SCP,random_8,random,svr
Polyureas,10,0.7,-0.20000000000000007,147.643068050269,True,family,SCP,random_8,random,svr
Polyimines,5,0.8,-0.09999999999999998,147.643068050269,False,family,SCP,random_8,random,svr
Polysiloxanes,44,0.8181818181818182,-0.08181818181818179,147.643068050269,True,family,SCP,random_8,random,svr
Polysulfones,49,0.8571428571428571,-0.04285714285714293,147.643068050269,True,family,SCP,random_8,random,svr
Polyolefins,31,0.9032258064516129,0.003225806451612856,147.643068050269,True,family,SCP,random_8,random,svr
Polyphenylenes,87,0.9080459770114943,0.008045977011494232,147.643068050269,True,family,SCP,random_8,random,svr
Polyacrylics,122,0.9098360655737705,0.00983606557377048,147.64306805026897,True,family,SCP,random_8,random,svr
Polyanhydrides,12,0.9166666666666666,0.016666666666666607,147.643068050269,True,family,SCP,random_8,random,svr
Polyimides,340,0.9294117647058824,0.02941176470588236,147.643068050269,True,family,SCP,random_8,random,svr
Polyurethanes,29,0.9310344827586207,0.03103448275862064,147.643068050269,True,family,SCP,random_8,random,svr
Polyethers,153,0.934640522875817,0.03464052287581698,147.643068050269,True,family,SCP,random_8,random,svr
Polystyrenes,53,0.9433962264150944,0.04339622641509433,147.643068050269,True,family,SCP,random_8,random,svr
Polyesters,184,0.9565217391304348,0.05652173913043479,147.643068050269,True,family,SCP,random_8,random,svr
Polyamides,185,0.9567567567567568,0.05675675675675673,147.643068050269,True,family,SCP,random_8,random,svr
Polyvinyls,47,0.9574468085106383,0.057446808510638325,147.643068050269,True,family,SCP,random_8,random,svr
Polysulfides,12,1.0,0.09999999999999998,147.643068050269,True,family,SCP,random_8,random,svr
Polyhalo-olefins,8,1.0,0.09999999999999998,147.643068050269,False,family,SCP,random_8,random,svr
Polycarbonates,22,1.0,0.09999999999999998,147.643068050269,True,family,SCP,random_8,random,svr
1,85,0.8823529411764706,-0.01764705882352946,178.32259604991955,True,similarity,Mondrian-similarity,random_8,random,svr
2,145,0.9103448275862069,0.010344827586206917,191.72625658914447,True,similarity,Mondrian-similarity,random_8,random,svr
5,665,0.9157894736842105,0.015789473684210464,93.26171929236075,True,similarity,Mondrian-similarity,random_8,random,svr
4,272,0.9375,0.03749999999999998,164.85098706434997,True,similarity,Mondrian-similarity,random_8,random,svr
3,215,0.9395348837209302,0.03953488372093017,170.85225892270932,True,similarity,Mondrian-similarity,random_8,random,svr
0,53,0.9433962264150944,0.04339622641509433,302.25926032154206,True,similarity,Mondrian-similarity,random_8,random,svr
Polydienes,17,0.6470588235294118,-0.2529411764705882,192.4614302543184,True,family,Mondrian-similarity,random_8,random,svr
Polyureas,10,0.7,-0.20000000000000007,135.03153426915017,True,family,Mondrian-similarity,random_8,random,svr
Polyimines,5,0.8,-0.09999999999999998,135.061227498197,False,family,Mondrian-similarity,random_8,random,svr
Polyphosphazenes,25,0.8,-0.09999999999999998,173.36018267006332,True,family,Mondrian-similarity,random_8,random,svr
Polysulfones,49,0.8571428571428571,-0.04285714285714293,154.67623946146824,True,family,Mondrian-similarity,random_8,random,svr
Polysiloxanes,44,0.8636363636363636,-0.036363636363636376,142.08845635855758,True,family,Mondrian-similarity,random_8,random,svr
Polyphenylenes,87,0.8735632183908046,-0.02643678160919538,151.04875366331228,True,family,Mondrian-similarity,random_8,random,svr
Polyolefins,31,0.9032258064516129,0.003225806451612856,178.5648453411343,True,family,Mondrian-similarity,random_8,random,svr
Polyimides,340,0.9176470588235294,0.01764705882352935,124.09141413494073,True,family,Mondrian-similarity,random_8,random,svr
Polyurethanes,29,0.9310344827586207,0.03103448275862064,134.36783717049587,True,family,Mondrian-similarity,random_8,random,svr
Polyacrylics,122,0.9344262295081968,0.03442622950819674,148.86739338211774,True,family,Mondrian-similarity,random_8,random,svr
Polyethers,153,0.9411764705882353,0.04117647058823526,146.83754203390242,True,family,Mondrian-similarity,random_8,random,svr
Polystyrenes,53,0.9433962264150944,0.04339622641509433,155.1142825188957,True,family,Mondrian-similarity,random_8,random,svr
Polyesters,184,0.9456521739130435,0.04565217391304344,140.36254126822544,True,family,Mondrian-similarity,random_8,random,svr
Polyamides,185,0.9513513513513514,0.05135135135135138,122.72355180727256,True,family,Mondrian-similarity,random_8,random,svr
Polyvinyls,47,0.9787234042553191,0.0787234042553191,168.22282591345333,True,family,Mondrian-similarity,random_8,random,svr
Polyanhydrides,12,1.0,0.09999999999999998,153.4580500191439,True,family,Mondrian-similarity,random_8,random,svr
Polyhalo-olefins,8,1.0,0.09999999999999998,227.21596814568298,False,family,Mondrian-similarity,random_8,random,svr
Polysulfides,12,1.0,0.09999999999999998,182.66222960944074,True,family,Mondrian-similarity,random_8,random,svr
Polycarbonates,22,1.0,0.09999999999999998,145.68120998256046,True,family,Mondrian-similarity,random_8,random,svr
0,53,0.7735849056603774,-0.1264150943396226,175.26773909978905,True,similarity,Mondrian-family,random_8,random,svr
1,85,0.8588235294117647,-0.04117647058823537,175.10813040990763,True,similarity,Mondrian-family,random_8,random,svr
2,145,0.8620689655172413,-0.037931034482758696,165.09227193495903,True,similarity,Mondrian-family,random_8,random,svr
3,215,0.8790697674418605,-0.020930232558139528,155.97999599406452,True,similarity,Mondrian-family,random_8,random,svr
4,272,0.9080882352941176,0.008088235294117618,147.42772885597842,True,similarity,Mondrian-family,random_8,random,svr
5,665,0.9729323308270676,0.07293233082706763,151.52611386016642,True,similarity,Mondrian-family,random_8,random,svr
Polydienes,17,0.47058823529411764,-0.4294117647058824,147.643068050269,True,family,Mondrian-family,random_8,random,svr
Polyureas,10,0.7,-0.20000000000000007,147.643068050269,True,family,Mondrian-family,random_8,random,svr
Polyimines,5,0.8,-0.09999999999999998,147.643068050269,False,family,Mondrian-family,random_8,random,svr
Polysulfones,49,0.8367346938775511,-0.06326530612244896,125.55381280461643,True,family,Mondrian-family,random_8,random,svr
Polyacrylics,122,0.8770491803278688,-0.022950819672131195,123.96371293730644,True,family,Mondrian-family,random_8,random,svr
Polyethers,153,0.9019607843137255,0.0019607843137254832,127.05750643307897,True,family,Mondrian-family,random_8,random,svr
Polyanhydrides,12,0.9166666666666666,0.016666666666666607,147.643068050269,True,family,Mondrian-family,random_8,random,svr
Polyesters,184,0.9239130434782609,0.023913043478260843,125.66520565031992,True,family,Mondrian-family,random_8,random,svr
Polyimides,340,0.9264705882352942,0.026470588235294135,146.63241133097677,True,family,Mondrian-family,random_8,random,svr
Polyphenylenes,87,0.9310344827586207,0.03103448275862064,197.39517226555853,True,family,Mondrian-family,random_8,random,svr
Polysiloxanes,44,0.9545454545454546,0.054545454545454564,248.27940942542094,True,family,Mondrian-family,random_8,random,svr
Polyamides,185,0.9567567567567568,0.05675675675675673,144.80481744605729,True,family,Mondrian-family,random_8,random,svr
Polyvinyls,47,0.9574468085106383,0.057446808510638325,128.45564841933776,True,family,Mondrian-family,random_8,random,svr
Polyphosphazenes,25,0.96,0.05999999999999994,289.89989465865006,True,family,Mondrian-family,random_8,random,svr
Polystyrenes,53,0.9622641509433962,0.06226415094339621,204.01355133007445,True,family,Mondrian-family,random_8,random,svr
Polyurethanes,29,0.9655172413793104,0.06551724137931036,205.14090647373027,True,family,Mondrian-family,random_8,random,svr
Polyolefins,31,1.0,0.09999999999999998,360.9404960631589,True,family,Mondrian-family,random_8,random,svr
Polyhalo-olefins,8,1.0,0.09999999999999998,147.643068050269,False,family,Mondrian-family,random_8,random,svr
Polysulfides,12,1.0,0.09999999999999998,147.643068050269,True,family,Mondrian-family,random_8,random,svr
Polycarbonates,22,1.0,0.09999999999999998,147.643068050269,True,family,Mondrian-family,random_8,random,svr
2,145,0.8620689655172413,-0.037931034482758696,154.17756951366883,True,similarity,Normalised SCP,random_8,random,svr
0,53,0.8679245283018868,-0.0320754716981132,197.10717063068327,True,similarity,Normalised SCP,random_8,random,svr
1,85,0.8705882352941177,-0.02941176470588236,177.0044421858067,True,similarity,Normalised SCP,random_8,random,svr
4,272,0.8860294117647058,-0.013970588235294179,140.7241052443866,True,similarity,Normalised SCP,random_8,random,svr
3,215,0.8883720930232558,-0.011627906976744207,152.81759377456225,True,similarity,Normalised SCP,random_8,random,svr
5,665,0.9488721804511279,0.048872180451127845,120.3640266920393,True,similarity,Normalised SCP,random_8,random,svr
Polyphosphazenes,25,0.68,-0.21999999999999997,164.48373688002158,True,family,Normalised SCP,random_8,random,svr
Polyureas,10,0.7,-0.20000000000000007,157.89914629772753,True,family,Normalised SCP,random_8,random,svr
Polydienes,17,0.7647058823529411,-0.1352941176470589,244.19600813766695,True,family,Normalised SCP,random_8,random,svr
Polyimines,5,0.8,-0.09999999999999998,164.4642396595773,False,family,Normalised SCP,random_8,random,svr
Polyphenylenes,87,0.8505747126436781,-0.0494252873563219,182.12316561910748,True,family,Normalised SCP,random_8,random,svr
Polysulfones,49,0.8571428571428571,-0.04285714285714293,147.9758478243206,True,family,Normalised SCP,random_8,random,svr
Polyurethanes,29,0.896551724137931,-0.0034482758620689724,108.28411413353624,True,family,Normalised SCP,random_8,random,svr
Polyimides,340,0.9058823529411765,0.00588235294117645,129.27179872643177,True,family,Normalised SCP,random_8,random,svr
Polysiloxanes,44,0.9090909090909091,0.009090909090909038,167.71353044673123,True,family,Normalised SCP,random_8,random,svr
Polyacrylics,122,0.9098360655737705,0.00983606557377048,138.943633609811,True,family,Normalised SCP,random_8,random,svr
Polyethers,153,0.9150326797385621,0.015032679738562038,136.26436096503727,True,family,Normalised SCP,random_8,random,svr
Polysulfides,12,0.9166666666666666,0.016666666666666607,167.31623701521713,True,family,Normalised SCP,random_8,random,svr
Polyamides,185,0.9297297297297298,0.02972972972972976,108.44454038118977,True,family,Normalised SCP,random_8,random,svr
Polycarbonates,22,0.9545454545454546,0.054545454545454564,114.44160115595355,True,family,Normalised SCP,random_8,random,svr
Polyesters,184,0.9565217391304348,0.05652173913043479,122.97369607694576,True,family,Normalised SCP,random_8,random,svr
Polyvinyls,47,0.9574468085106383,0.057446808510638325,145.17753685154491,True,family,Normalised SCP,random_8,random,svr
Polystyrenes,53,0.9622641509433962,0.06226415094339621,178.67313063160677,True,family,Normalised SCP,random_8,random,svr
Polyolefins,31,0.967741935483871,0.06774193548387097,215.55495961180227,True,family,Normalised SCP,random_8,random,svr
Polyanhydrides,12,1.0,0.09999999999999998,132.0347245026471,True,family,Normalised SCP,random_8,random,svr
Polyhalo-olefins,8,1.0,0.09999999999999998,152.0230765864438,False,family,Normalised SCP,random_8,random,svr
0,53,0.7169811320754716,-0.18301886792452837,145.47011999999998,True,similarity,SCP,random_8,random,random_forest
1,85,0.8,-0.09999999999999998,145.47011999999995,True,similarity,SCP,random_8,random,random_forest
2,145,0.8620689655172413,-0.037931034482758696,145.47011999999995,True,similarity,SCP,random_8,random,random_forest
3,215,0.8837209302325582,-0.016279069767441867,145.47011999999995,True,similarity,SCP,random_8,random,random_forest
4,272,0.9301470588235294,0.030147058823529416,145.47011999999995,True,similarity,SCP,random_8,random,random_forest
5,665,0.9759398496240601,0.07593984962406009,145.47011999999995,True,similarity,SCP,random_8,random,random_forest
Polydienes,17,0.4117647058823529,-0.4882352941176471,145.47011999999998,True,family,SCP,random_8,random,random_forest
Polyphosphazenes,25,0.8,-0.09999999999999998,145.47011999999998,True,family,SCP,random_8,random,random_forest
Polyimines,5,0.8,-0.09999999999999998,145.47012,False,family,SCP,random_8,random,random_forest
Polysiloxanes,44,0.8181818181818182,-0.08181818181818179,145.47011999999995,True,family,SCP,random_8,random,random_forest
Polyolefins,31,0.8709677419354839,-0.029032258064516148,145.47011999999998,True,family,SCP,random_8,random,random_forest
Polyphenylenes,87,0.896551724137931,-0.0034482758620689724,145.47011999999995,True,family,SCP,random_8,random,random_forest
Polyurethanes,29,0.896551724137931,-0.0034482758620689724,145.47011999999998,True,family,SCP,random_8,random,random_forest
Polyureas,10,0.9,0.0,145.47012,True,family,SCP,random_8,random,random_forest
Polyethers,153,0.9019607843137255,0.0019607843137254832,145.47011999999995,True,family,SCP,random_8,random,random_forest
Polystyrenes,53,0.9056603773584906,0.005660377358490565,145.47011999999998,True,family,SCP,random_8,random,random_forest
Polyvinyls,47,0.9148936170212766,0.014893617021276562,145.47011999999998,True,family,SCP,random_8,random,random_forest
Polyanhydrides,12,0.9166666666666666,0.016666666666666607,145.47011999999998,True,family,SCP,random_8,random,random_forest
Polysulfides,12,0.9166666666666666,0.016666666666666607,145.47011999999995,True,family,SCP,random_8,random,random_forest
Polysulfones,49,0.9183673469387755,0.01836734693877551,145.47011999999998,True,family,SCP,random_8,random,random_forest
Polyimides,340,0.9411764705882353,0.04117647058823526,145.47011999999995,True,family,SCP,random_8,random,random_forest
Polycarbonates,22,0.9545454545454546,0.054545454545454564,145.47011999999995,True,family,SCP,random_8,random,random_forest
Polyesters,184,0.9565217391304348,0.05652173913043479,145.47011999999995,True,family,SCP,random_8,random,random_forest
Polyacrylics,122,0.9590163934426229,0.05901639344262288,145.47011999999998,True,family,SCP,random_8,random,random_forest
Polyamides,185,0.9621621621621622,0.06216216216216219,145.47011999999995,True,family,SCP,random_8,random,random_forest
Polyhalo-olefins,8,1.0,0.09999999999999998,145.47012,False,family,SCP,random_8,random,random_forest
1,85,0.8705882352941177,-0.02941176470588236,202.15248000000017,True,similarity,Mondrian-similarity,random_8,random,random_forest
5,665,0.8796992481203008,-0.020300751879699264,88.2668,True,similarity,Mondrian-similarity,random_8,random,random_forest
2,145,0.9172413793103448,0.01724137931034475,178.76880000000006,True,similarity,Mondrian-similarity,random_8,random,random_forest
3,215,0.9209302325581395,0.020930232558139528,162.17160000000004,True,similarity,Mondrian-similarity,random_8,random,random_forest
4,272,0.9522058823529411,0.0522058823529411,163.75223999999972,True,similarity,Mondrian-similarity,random_8,random,random_forest
0,53,1.0,0.09999999999999998,294.81359999999995,True,similarity,Mondrian-similarity,random_8,random,random_forest
Polydienes,17,0.5882352941176471,-0.31176470588235294,192.9545788235294,True,family,Mondrian-similarity,random_8,random,random_forest
Polysiloxanes,44,0.7954545454545454,-0.10454545454545461,137.09268363636363,True,family,Mondrian-similarity,random_8,random,random_forest
Polyimines,5,0.8,-0.09999999999999998,129.57616000000002,False,family,Mondrian-similarity,random_8,random,random_forest
Polyphenylenes,87,0.8275862068965517,-0.07241379310344831,146.90672735632182,True,family,Mondrian-similarity,random_8,random,random_forest
Polyanhydrides,12,0.8333333333333334,-0.06666666666666665,147.45792000000003,True,family,Mondrian-similarity,random_8,random,random_forest
Polysulfones,49,0.8571428571428571,-0.04285714285714293,152.3883265306122,True,family,Mondrian-similarity,random_8,random,random_forest
Polyurethanes,29,0.8620689655172413,-0.037931034482758696,134.23151724137927,True,family,Mondrian-similarity,random_8,random,random_forest
Polyimides,340,0.8911764705882353,-0.008823529411764675,119.55295835294113,True,family,Mondrian-similarity,random_8,random,random_forest
Polyureas,10,0.9,0.0,128.85476799999998,True,family,Mondrian-similarity,random_8,random,random_forest
Polyolefins,31,0.9032258064516129,0.003225806451612856,178.56353806451614,True,family,Mondrian-similarity,random_8,random,random_forest
Polyamides,185,0.9081081081081082,0.008108108108108136,118.55763286486486,True,family,Mondrian-similarity,random_8,random,random_forest
Polyphosphazenes,25,0.92,0.020000000000000018,170.92747519999998,True,family,Mondrian-similarity,random_8,random,random_forest
Polystyrenes,53,0.9245283018867925,0.024528301886792447,148.81637283018867,True,family,Mondrian-similarity,random_8,random,random_forest
Polyethers,153,0.9411764705882353,0.04117647058823526,142.3797887581699,True,family,Mondrian-similarity,random_8,random,random_forest
Polyesters,184,0.9510869565217391,0.05108695652173911,136.1245626086956,True,family,Mondrian-similarity,random_8,random,random_forest
Polyacrylics,122,0.9590163934426229,0.05901639344262288,144.30376852459008,True,family,Mondrian-similarity,random_8,random,random_forest
Polyvinyls,47,0.9787234042553191,0.0787234042553191,167.42325957446806,True,family,Mondrian-similarity,random_8,random,random_forest
Polysulfides,12,1.0,0.09999999999999998,182.98914666666664,True,family,Mondrian-similarity,random_8,random,random_forest
Polyhalo-olefins,8,1.0,0.09999999999999998,226.05687000000006,False,family,Mondrian-similarity,random_8,random,random_forest
Polycarbonates,22,1.0,0.09999999999999998,140.4195018181818,True,family,Mondrian-similarity,random_8,random,random_forest
0,53,0.7358490566037735,-0.1641509433962265,160.32055999999997,True,similarity,Mondrian-family,random_8,random,random_forest
1,85,0.7764705882352941,-0.12352941176470589,160.81923152941172,True,similarity,Mondrian-family,random_8,random,random_forest
3,215,0.8604651162790697,-0.03953488372093028,139.4426554418604,True,similarity,Mondrian-family,random_8,random,random_forest
2,145,0.8827586206896552,-0.017241379310344862,148.04209517241372,True,similarity,Mondrian-family,random_8,random,random_forest
4,272,0.9154411764705882,0.01544117647058818,134.69885220588228,True,similarity,Mondrian-family,random_8,random,random_forest
5,665,0.9669172932330827,0.06691729323308271,141.4347249924811,True,similarity,Mondrian-family,random_8,random,random_forest
Polydienes,17,0.4117647058823529,-0.4882352941176471,145.47011999999998,True,family,Mondrian-family,random_8,random,random_forest
Polyvinyls,47,0.7872340425531915,-0.1127659574468085,95.90639999999995,True,family,Mondrian-family,random_8,random,random_forest
Polysulfones,49,0.7959183673469388,-0.10408163265306125,90.25755999999994,True,family,Mondrian-family,random_8,random,random_forest
Polyimines,5,0.8,-0.09999999999999998,145.47012,False,family,Mondrian-family,random_8,random,random_forest
Polysiloxanes,44,0.8409090909090909,-0.05909090909090908,150.56192000000007,True,family,Mondrian-family,random_8,random,random_forest
Polystyrenes,53,0.8679245283018868,-0.0320754716981132,125.62619999999994,True,family,Mondrian-family,random_8,random,random_forest
Polyethers,153,0.8823529411764706,-0.01764705882352946,118.71592,True,family,Mondrian-family,random_8,random,random_forest
Polyureas,10,0.9,0.0,145.47012,True,family,Mondrian-family,random_8,random,random_forest
Polyesters,184,0.9130434782608695,0.01304347826086949,115.44840000000002,True,family,Mondrian-family,random_8,random,random_forest
Polyanhydrides,12,0.9166666666666666,0.016666666666666607,145.47011999999998,True,family,Mondrian-family,random_8,random,random_forest
Polysulfides,12,0.9166666666666666,0.016666666666666607,145.47011999999995,True,family,Mondrian-family,random_8,random,random_forest
Polyacrylics,122,0.9262295081967213,0.02622950819672132,127.50923999999989,True,family,Mondrian-family,random_8,random,random_forest
Polyimides,340,0.9382352941176471,0.038235294117647034,141.17999999999995,True,family,Mondrian-family,random_8,random,random_forest
Polyphenylenes,87,0.9540229885057471,0.05402298850574705,199.85264000000006,True,family,Mondrian-family,random_8,random,random_forest
Polycarbonates,22,0.9545454545454546,0.054545454545454564,145.47011999999995,True,family,Mondrian-family,random_8,random,random_forest
Polyamides,185,0.9621621621621622,0.06216216216216219,145.29919999999967,True,family,Mondrian-family,random_8,random,random_forest
Polyurethanes,29,0.9655172413793104,0.06551724137931036,202.3608,True,family,Mondrian-family,random_8,random,random_forest
Polyolefins,31,1.0,0.09999999999999998,363.11163999999985,True,family,Mondrian-family,random_8,random,random_forest
Polyhalo-olefins,8,1.0,0.09999999999999998,145.47012,False,family,Mondrian-family,random_8,random,random_forest
Polyphosphazenes,25,1.0,0.09999999999999998,209.02760000000006,True,family,Mondrian-family,random_8,random,random_forest
0,53,0.8490566037735849,-0.05094339622641508,191.17761893711085,True,similarity,Normalised SCP,random_8,random,random_forest
2,145,0.8689655172413793,-0.03103448275862075,159.09067717540498,True,similarity,Normalised SCP,random_8,random,random_forest
1,85,0.8823529411764706,-0.01764705882352946,171.27866906478434,True,similarity,Normalised SCP,random_8,random,random_forest
4,272,0.9007352941176471,0.0007352941176470562,135.40612046890263,True,similarity,Normalised SCP,random_8,random,random_forest
3,215,0.9023255813953488,0.0023255813953487747,148.54684450489484,True,similarity,Normalised SCP,random_8,random,random_forest
5,665,0.9458646616541353,0.045864661654135275,117.91018764007435,True,similarity,Normalised SCP,random_8,random,random_forest
Polyhalo-olefins,8,0.75,-0.15000000000000002,122.15792431402846,False,family,Normalised SCP,random_8,random,random_forest
Polyurethanes,29,0.7931034482758621,-0.10689655172413792,116.19350880039316,True,family,Normalised SCP,random_8,random,random_forest
Polydienes,17,0.8235294117647058,-0.07647058823529418,231.40467197637088,True,family,Normalised SCP,random_8,random,random_forest
Polyphenylenes,87,0.8505747126436781,-0.0494252873563219,172.8733252975798,True,family,Normalised SCP,random_8,random,random_forest
Polyvinyls,47,0.8723404255319149,-0.02765957446808509,146.16945800031593,True,family,Normalised SCP,random_8,random,random_forest
Polyphosphazenes,25,0.88,-0.020000000000000018,173.27305104635442,True,family,Normalised SCP,random_8,random,random_forest
Polystyrenes,53,0.8867924528301887,-0.013207547169811318,148.78438246079492,True,family,Normalised SCP,random_8,random,random_forest
Polyureas,10,0.9,0.0,148.0409596893134,True,family,Normalised SCP,random_8,random,random_forest
Polyimides,340,0.9088235294117647,0.008823529411764675,122.2250145080809,True,family,Normalised SCP,random_8,random,random_forest
Polysiloxanes,44,0.9090909090909091,0.009090909090909038,169.46156798787018,True,family,Normalised SCP,random_8,random,random_forest
Polyanhydrides,12,0.9166666666666666,0.016666666666666607,130.18367976640812,True,family,Normalised SCP,random_8,random,random_forest
Polysulfones,49,0.9183673469387755,0.01836734693877551,159.83094093884625,True,family,Normalised SCP,random_8,random,random_forest
Polyacrylics,122,0.9262295081967213,0.02622950819672132,141.37434474636763,True,family,Normalised SCP,random_8,random,random_forest
Polyethers,153,0.934640522875817,0.03464052287581698,135.84489831509254,True,family,Normalised SCP,random_8,random,random_forest
Polyolefins,31,0.9354838709677419,0.03548387096774186,199.96978187730193,True,family,Normalised SCP,random_8,random,random_forest
Polyamides,185,0.9459459459459459,0.04594594594594592,108.11267030798898,True,family,Normalised SCP,random_8,random,random_forest
Polyesters,184,0.9510869565217391,0.05108695652173911,124.71191626271529,True,family,Normalised SCP,random_8,random,random_forest
Polycarbonates,22,0.9545454545454546,0.054545454545454564,116.37853959530968,True,family,Normalised SCP,random_8,random,random_forest
Polysulfides,12,1.0,0.09999999999999998,179.42863970002995,True,family,Normalised SCP,random_8,random,random_forest
Polyimines,5,1.0,0.09999999999999998,150.001672791799,False,family,Normalised SCP,random_8,random,random_forest
0,53,0.6792452830188679,-0.22075471698113214,142.26199149233992,True,similarity,SCP,random_8,random,hist_gbr
1,85,0.8470588235294118,-0.05294117647058827,142.2619914923399,True,similarity,SCP,random_8,random,hist_gbr
2,145,0.8689655172413793,-0.03103448275862075,142.26199149233992,True,similarity,SCP,random_8,random,hist_gbr
3,215,0.9116279069767442,0.011627906976744207,142.26199149233986,True,similarity,SCP,random_8,random,hist_gbr
4,272,0.9522058823529411,0.0522058823529411,142.26199149233992,True,similarity,SCP,random_8,random,hist_gbr
5,665,0.9759398496240601,0.07593984962406009,142.2619914923399,True,similarity,SCP,random_8,random,hist_gbr
Polydienes,17,0.5882352941176471,-0.31176470588235294,142.26199149233992,True,family,SCP,random_8,random,hist_gbr
Polyimines,5,0.8,-0.09999999999999998,142.26199149233992,False,family,SCP,random_8,random,hist_gbr
Polysiloxanes,44,0.8636363636363636,-0.036363636363636376,142.26199149233992,True,family,SCP,random_8,random,hist_gbr
Polyolefins,31,0.8709677419354839,-0.029032258064516148,142.2619914923399,True,family,SCP,random_8,random,hist_gbr
Polyphenylenes,87,0.896551724137931,-0.0034482758620689724,142.2619914923399,True,family,SCP,random_8,random,hist_gbr
Polyethers,153,0.9084967320261438,0.00849673202614376,142.26199149233992,True,family,SCP,random_8,random,hist_gbr
Polyvinyls,47,0.9148936170212766,0.014893617021276562,142.2619914923399,True,family,SCP,random_8,random,hist_gbr
Polyanhydrides,12,0.9166666666666666,0.016666666666666607,142.2619914923399,True,family,SCP,random_8,random,hist_gbr
Polysulfides,12,0.9166666666666666,0.016666666666666607,142.2619914923399,True,family,SCP,random_8,random,hist_gbr
Polysulfones,49,0.9183673469387755,0.01836734693877551,142.26199149233992,True,family,SCP,random_8,random,hist_gbr
Polyphosphazenes,25,0.92,0.020000000000000018,142.26199149233992,True,family,SCP,random_8,random,hist_gbr
Polystyrenes,53,0.9245283018867925,0.024528301886792447,142.26199149233992,True,family,SCP,random_8,random,hist_gbr
Polyacrylics,122,0.9344262295081968,0.03442622950819674,142.2619914923399,True,family,SCP,random_8,random,hist_gbr
Polyimides,340,0.9470588235294117,0.04705882352941171,142.2619914923399,True,family,SCP,random_8,random,hist_gbr
Polyesters,184,0.9619565217391305,0.061956521739130466,142.2619914923399,True,family,SCP,random_8,random,hist_gbr
Polyurethanes,29,0.9655172413793104,0.06551724137931036,142.2619914923399,True,family,SCP,random_8,random,hist_gbr
Polyamides,185,0.9675675675675676,0.06756756756756754,142.2619914923399,True,family,SCP,random_8,random,hist_gbr
Polyhalo-olefins,8,1.0,0.09999999999999998,142.26199149233992,False,family,SCP,random_8,random,hist_gbr
Polycarbonates,22,1.0,0.09999999999999998,142.2619914923399,True,family,SCP,random_8,random,hist_gbr
Polyureas,10,1.0,0.09999999999999998,142.2619914923399,True,family,SCP,random_8,random,hist_gbr
1,85,0.9058823529411765,0.00588235294117645,201.37373990360973,True,similarity,Mondrian-similarity,random_8,random,hist_gbr
5,665,0.9157894736842105,0.015789473684210464,87.77950681220136,True,similarity,Mondrian-similarity,random_8,random,hist_gbr
2,145,0.9172413793103448,0.01724137931034475,176.62714656778857,True,similarity,Mondrian-similarity,random_8,random,hist_gbr
3,215,0.9395348837209302,0.03953488372093017,158.60652171353124,True,similarity,Mondrian-similarity,random_8,random,hist_gbr
4,272,0.9522058823529411,0.0522058823529411,143.09318271741728,True,similarity,Mondrian-similarity,random_8,random,hist_gbr
0,53,0.9622641509433962,0.06226415094339621,312.5538087112855,True,similarity,Mondrian-similarity,random_8,random,hist_gbr
Polydienes,17,0.6470588235294118,-0.2529411764705882,192.83586486775306,True,family,Mondrian-similarity,random_8,random,hist_gbr
Polyimines,5,0.8,-0.09999999999999998,132.73436719201817,False,family,Mondrian-similarity,random_8,random,hist_gbr
Polyanhydrides,12,0.8333333333333334,-0.06666666666666665,147.55811717948248,True,family,Mondrian-similarity,random_8,random,hist_gbr
Polysiloxanes,44,0.8636363636363636,-0.036363636363636376,132.72062028332027,True,family,Mondrian-similarity,random_8,random,hist_gbr
Polyphenylenes,87,0.8735632183908046,-0.02643678160919538,145.86111838585592,True,family,Mondrian-similarity,random_8,random,hist_gbr
Polysulfones,49,0.8979591836734694,-0.0020408163265306367,145.7398864237884,True,family,Mondrian-similarity,random_8,random,hist_gbr
Polyureas,10,0.9,0.0,123.69447143449497,True,family,Mondrian-similarity,random_8,random,hist_gbr
Polysulfides,12,0.9166666666666666,0.016666666666666607,178.35355580481016,True,family,Mondrian-similarity,random_8,random,hist_gbr
Polyimides,340,0.9176470588235294,0.01764705882352935,113.66937258739712,True,family,Mondrian-similarity,random_8,random,hist_gbr
Polyamides,185,0.9243243243243243,0.024324324324324298,115.66541193852365,True,family,Mondrian-similarity,random_8,random,hist_gbr
Polyacrylics,122,0.9344262295081968,0.03442622950819674,138.96598083760338,True,family,Mondrian-similarity,random_8,random,hist_gbr
Polyethers,153,0.9477124183006536,0.047712418300653536,137.73627283691286,True,family,Mondrian-similarity,random_8,random,hist_gbr
Polyesters,184,0.9565217391304348,0.05652173913043479,130.80447454032281,True,family,Mondrian-similarity,random_8,random,hist_gbr
Polystyrenes,53,0.9622641509433962,0.06226415094339621,145.40048778925726,True,family,Mondrian-similarity,random_8,random,hist_gbr
Polyurethanes,29,0.9655172413793104,0.06551724137931036,129.7345152378575,True,family,Mondrian-similarity,random_8,random,hist_gbr
Polyolefins,31,0.967741935483871,0.06774193548387097,178.7863673339536,True,family,Mondrian-similarity,random_8,random,hist_gbr
Polyvinyls,47,0.9787234042553191,0.0787234042553191,165.0798748206858,True,family,Mondrian-similarity,random_8,random,hist_gbr
Polyhalo-olefins,8,1.0,0.09999999999999998,231.53371509877297,False,family,Mondrian-similarity,random_8,random,hist_gbr
Polyphosphazenes,25,1.0,0.09999999999999998,167.55472793102453,True,family,Mondrian-similarity,random_8,random,hist_gbr
Polycarbonates,22,1.0,0.09999999999999998,135.25107818680453,True,family,Mondrian-similarity,random_8,random,hist_gbr
0,53,0.7735849056603774,-0.1264150943396226,159.17821654409173,True,similarity,Mondrian-family,random_8,random,hist_gbr
1,85,0.8352941176470589,-0.06470588235294117,157.02404626328223,True,similarity,Mondrian-family,random_8,random,hist_gbr
2,145,0.8896551724137931,-0.010344827586206917,148.63283441074154,True,similarity,Mondrian-family,random_8,random,hist_gbr
3,215,0.8930232558139535,-0.006976744186046546,141.68557188049965,True,similarity,Mondrian-family,random_8,random,hist_gbr
4,272,0.9411764705882353,0.04117647058823526,135.69282832631498,True,similarity,Mondrian-family,random_8,random,hist_gbr
5,665,0.9699248120300752,0.06992481203007517,141.1907534683399,True,similarity,Mondrian-family,random_8,random,hist_gbr
Polydienes,17,0.5882352941176471,-0.31176470588235294,142.26199149233992,True,family,Mondrian-family,random_8,random,hist_gbr
Polyimines,5,0.8,-0.09999999999999998,142.26199149233992,False,family,Mondrian-family,random_8,random,hist_gbr
Polysulfones,49,0.8571428571428571,-0.04285714285714293,84.56628902017617,True,family,Mondrian-family,random_8,random,hist_gbr
Polyvinyls,47,0.8723404255319149,-0.02765957446808509,120.36136390102168,True,family,Mondrian-family,random_8,random,hist_gbr
Polyacrylics,122,0.8852459016393442,-0.014754098360655776,109.09707971207604,True,family,Mondrian-family,random_8,random,hist_gbr
Polyethers,153,0.9084967320261438,0.00849673202614376,127.63225342770089,True,family,Mondrian-family,random_8,random,hist_gbr
Polysulfides,12,0.9166666666666666,0.016666666666666607,142.2619914923399,True,family,Mondrian-family,random_8,random,hist_gbr
Polyanhydrides,12,0.9166666666666666,0.016666666666666607,142.2619914923399,True,family,Mondrian-family,random_8,random,hist_gbr
Polyesters,184,0.9293478260869565,0.02934782608695652,128.84346089839246,True,family,Mondrian-family,random_8,random,hist_gbr
Polysiloxanes,44,0.9318181818181818,0.031818181818181746,176.62714656778854,True,family,Mondrian-family,random_8,random,hist_gbr
Polyphenylenes,87,0.9425287356321839,0.042528735632183845,186.64169700802069,True,family,Mondrian-family,random_8,random,hist_gbr
Polystyrenes,53,0.9433962264150944,0.04339622641509433,170.43231828012972,True,family,Mondrian-family,random_8,random,hist_gbr
Polyimides,340,0.9441176470588235,0.044117647058823484,138.64553689419918,True,family,Mondrian-family,random_8,random,hist_gbr
Polyurethanes,29,0.9655172413793104,0.06551724137931036,183.91201762786417,True,family,Mondrian-family,random_8,random,hist_gbr
Polyamides,185,0.9675675675675676,0.06756756756756754,138.8256989864838,True,family,Mondrian-family,random_8,random,hist_gbr
Polyhalo-olefins,8,1.0,0.09999999999999998,142.26199149233992,False,family,Mondrian-family,random_8,random,hist_gbr
Polyolefins,31,1.0,0.09999999999999998,317.55728731518735,True,family,Mondrian-family,random_8,random,hist_gbr
Polyphosphazenes,25,1.0,0.09999999999999998,199.02454575829745,True,family,Mondrian-family,random_8,random,hist_gbr
Polycarbonates,22,1.0,0.09999999999999998,142.2619914923399,True,family,Mondrian-family,random_8,random,hist_gbr
Polyureas,10,1.0,0.09999999999999998,142.2619914923399,True,family,Mondrian-family,random_8,random,hist_gbr
1,85,0.8470588235294118,-0.05294117647058827,168.5740535516442,True,similarity,Normalised SCP,random_8,random,hist_gbr
0,53,0.8867924528301887,-0.013207547169811318,184.91130192545583,True,similarity,Normalised SCP,random_8,random,hist_gbr
2,145,0.8896551724137931,-0.010344827586206917,150.18931576541323,True,similarity,Normalised SCP,random_8,random,hist_gbr
3,215,0.8930232558139535,-0.006976744186046546,141.75538070876493,True,similarity,Normalised SCP,random_8,random,hist_gbr
4,272,0.9301470588235294,0.030147058823529416,127.8769829227325,True,similarity,Normalised SCP,random_8,random,hist_gbr
5,665,0.9473684210526315,0.047368421052631504,114.32786325499065,True,similarity,Normalised SCP,random_8,random,hist_gbr
Polyureas,10,0.8,-0.09999999999999998,145.85532732687875,True,family,Normalised SCP,random_8,random,hist_gbr
Polyimines,5,0.8,-0.09999999999999998,133.04312697864083,False,family,Normalised SCP,random_8,random,hist_gbr
Polyanhydrides,12,0.8333333333333334,-0.06666666666666665,125.1968661392719,True,family,Normalised SCP,random_8,random,hist_gbr
Polyurethanes,29,0.8620689655172413,-0.037931034482758696,110.69612634771468,True,family,Normalised SCP,random_8,random,hist_gbr
Polydienes,17,0.8823529411764706,-0.01764705882352946,202.5994602747983,True,family,Normalised SCP,random_8,random,hist_gbr
Polyvinyls,47,0.8936170212765957,-0.00638297872340432,138.474232382728,True,family,Normalised SCP,random_8,random,hist_gbr
Polyethers,153,0.8954248366013072,-0.004575163398692794,121.66644518615036,True,family,Normalised SCP,random_8,random,hist_gbr
Polyphenylenes,87,0.896551724137931,-0.0034482758620689724,167.8806780047275,True,family,Normalised SCP,random_8,random,hist_gbr
Polysulfones,49,0.8979591836734694,-0.0020408163265306367,139.54497856666762,True,family,Normalised SCP,random_8,random,hist_gbr
Polysiloxanes,44,0.9090909090909091,0.009090909090909038,141.48272995025454,True,family,Normalised SCP,random_8,random,hist_gbr
Polysulfides,12,0.9166666666666666,0.016666666666666607,157.75062842143268,True,family,Normalised SCP,random_8,random,hist_gbr
Polyphosphazenes,25,0.92,0.020000000000000018,139.08050032427013,True,family,Normalised SCP,random_8,random,hist_gbr
Polyacrylics,122,0.9262295081967213,0.02622950819672132,130.48500178215352,True,family,Normalised SCP,random_8,random,hist_gbr
Polyimides,340,0.9264705882352942,0.026470588235294135,125.20536896753472,True,family,Normalised SCP,random_8,random,hist_gbr
Polyolefins,31,0.9354838709677419,0.03548387096774186,193.31828162488668,True,family,Normalised SCP,random_8,random,hist_gbr
Polyesters,184,0.9402173913043478,0.04021739130434776,116.51817677486807,True,family,Normalised SCP,random_8,random,hist_gbr
Polystyrenes,53,0.9433962264150944,0.04339622641509433,140.47466150020546,True,family,Normalised SCP,random_8,random,hist_gbr
Polycarbonates,22,0.9545454545454546,0.054545454545454564,119.5363857428043,True,family,Normalised SCP,random_8,random,hist_gbr
Polyamides,185,0.9567567567567568,0.05675675675675673,114.55636075459788,True,family,Normalised SCP,random_8,random,hist_gbr
Polyhalo-olefins,8,1.0,0.09999999999999998,195.3850592330544,False,family,Normalised SCP,random_8,random,hist_gbr
0,53,0.6792452830188679,-0.22075471698113214,135.39599999999993,True,similarity,SCP,random_8,random,extra_trees
2,145,0.8344827586206897,-0.06551724137931036,135.39599999999996,True,similarity,SCP,random_8,random,extra_trees
1,85,0.8470588235294118,-0.05294117647058827,135.396,True,similarity,SCP,random_8,random,extra_trees
3,215,0.8976744186046511,-0.0023255813953488857,135.396,True,similarity,SCP,random_8,random,extra_trees
4,272,0.9448529411764706,0.04485294117647054,135.39599999999996,True,similarity,SCP,random_8,random,extra_trees
5,665,0.968421052631579,0.06842105263157894,135.39599999999996,True,similarity,SCP,random_8,random,extra_trees
Polydienes,17,0.5882352941176471,-0.31176470588235294,135.39599999999996,True,family,SCP,random_8,random,extra_trees
Polyphosphazenes,25,0.72,-0.18000000000000005,135.39599999999996,True,family,SCP,random_8,random,extra_trees
Polyimines,5,0.8,-0.09999999999999998,135.39599999999996,False,family,SCP,random_8,random,extra_trees
Polysiloxanes,44,0.8181818181818182,-0.08181818181818179,135.39599999999993,True,family,SCP,random_8,random,extra_trees
Polyolefins,31,0.8709677419354839,-0.029032258064516148,135.3959999999999,True,family,SCP,random_8,random,extra_trees
Polyhalo-olefins,8,0.875,-0.025000000000000022,135.39599999999996,False,family,SCP,random_8,random,extra_trees
Polyphenylenes,87,0.8850574712643678,-0.014942528735632177,135.39600000000002,True,family,SCP,random_8,random,extra_trees
Polyvinyls,47,0.8936170212765957,-0.00638297872340432,135.39599999999993,True,family,SCP,random_8,random,extra_trees
Polysulfones,49,0.8979591836734694,-0.0020408163265306367,135.39599999999996,True,family,SCP,random_8,random,extra_trees
Polyureas,10,0.9,0.0,135.39599999999996,True,family,SCP,random_8,random,extra_trees
Polyethers,153,0.9150326797385621,0.015032679738562038,135.396,True,family,SCP,random_8,random,extra_trees
Polyanhydrides,12,0.9166666666666666,0.016666666666666607,135.39599999999996,True,family,SCP,random_8,random,extra_trees
Polystyrenes,53,0.9245283018867925,0.024528301886792447,135.39599999999993,True,family,SCP,random_8,random,extra_trees
Polyurethanes,29,0.9310344827586207,0.03103448275862064,135.39599999999993,True,family,SCP,random_8,random,extra_trees
Polyimides,340,0.9470588235294117,0.04705882352941171,135.39599999999996,True,family,SCP,random_8,random,extra_trees
Polyacrylics,122,0.9508196721311475,0.050819672131147464,135.39599999999996,True,family,SCP,random_8,random,extra_trees
Polyesters,184,0.9510869565217391,0.05108695652173911,135.39599999999996,True,family,SCP,random_8,random,extra_trees
Polyamides,185,0.9513513513513514,0.05135135135135138,135.39599999999996,True,family,SCP,random_8,random,extra_trees
Polycarbonates,22,0.9545454545454546,0.054545454545454564,135.3959999999999,True,family,SCP,random_8,random,extra_trees
Polysulfides,12,1.0,0.09999999999999998,135.39599999999996,True,family,SCP,random_8,random,extra_trees
1,85,0.8941176470588236,-0.00588235294117645,207.76143999999977,True,similarity,Mondrian-similarity,random_8,random,extra_trees
5,665,0.8947368421052632,-0.0052631578947368585,82.65999999999997,True,similarity,Mondrian-similarity,random_8,random,extra_trees
3,215,0.9069767441860465,0.006976744186046435,148.6683600000001,True,similarity,Mondrian-similarity,random_8,random,extra_trees
2,145,0.9172413793103448,0.01724137931034475,174.29219999999998,True,similarity,Mondrian-similarity,random_8,random,extra_trees
4,272,0.9558823529411765,0.055882352941176494,150.808,True,similarity,Mondrian-similarity,random_8,random,extra_trees
0,53,0.9811320754716981,0.0811320754716981,309.33900000000017,True,similarity,Mondrian-similarity,random_8,random,extra_trees
Polydienes,17,0.7058823529411765,-0.1941176470588235,193.62837411764704,True,family,Mondrian-similarity,random_8,random,extra_trees
Polyimines,5,0.8,-0.09999999999999998,127.9958,False,family,Mondrian-similarity,random_8,random,extra_trees
Polyanhydrides,12,0.8333333333333334,-0.06666666666666665,142.62092333333337,True,family,Mondrian-similarity,random_8,random,extra_trees
Polyphenylenes,87,0.8390804597701149,-0.060919540229885105,142.9622864367816,True,family,Mondrian-similarity,random_8,random,extra_trees
Polysiloxanes,44,0.8409090909090909,-0.05909090909090908,130.63248,True,family,Mondrian-similarity,random_8,random,extra_trees
Polysulfones,49,0.8571428571428571,-0.04285714285714293,145.14345387755102,True,family,Mondrian-similarity,random_8,random,extra_trees
Polyurethanes,29,0.8620689655172413,-0.037931034482758696,128.2432013793103,True,family,Mondrian-similarity,random_8,random,extra_trees
Polyhalo-olefins,8,0.875,-0.025000000000000022,230.09908000000001,False,family,Mondrian-similarity,random_8,random,extra_trees
Polyphosphazenes,25,0.88,-0.020000000000000018,165.8826768,True,family,Mondrian-similarity,random_8,random,extra_trees
Polyureas,10,0.9,0.0,121.216876,True,family,Mondrian-similarity,random_8,random,extra_trees
Polyimides,340,0.9029411764705882,0.002941176470588225,111.62694823529412,True,family,Mondrian-similarity,random_8,random,extra_trees
Polyamides,185,0.9243243243243243,0.024324324324324298,112.23888281081078,True,family,Mondrian-similarity,random_8,random,extra_trees
Polyacrylics,122,0.9262295081967213,0.02622950819672132,136.30870852459017,True,family,Mondrian-similarity,random_8,random,extra_trees
Polyethers,153,0.934640522875817,0.03464052287581698,135.35751241830067,True,family,Mondrian-similarity,random_8,random,extra_trees
Polyolefins,31,0.9354838709677419,0.03548387096774186,176.90254451612896,True,family,Mondrian-similarity,random_8,random,extra_trees
Polystyrenes,53,0.9433962264150944,0.04339622641509433,140.888801509434,True,family,Mondrian-similarity,random_8,random,extra_trees
Polyesters,184,0.9565217391304348,0.05652173913043479,128.45094456521738,True,family,Mondrian-similarity,random_8,random,extra_trees
Polysulfides,12,1.0,0.09999999999999998,180.4063433333333,True,family,Mondrian-similarity,random_8,random,extra_trees
Polyvinyls,47,1.0,0.09999999999999998,163.81327744680848,True,family,Mondrian-similarity,random_8,random,extra_trees
Polycarbonates,22,1.0,0.09999999999999998,132.39927454545452,True,family,Mondrian-similarity,random_8,random,extra_trees
0,53,0.7547169811320755,-0.1452830188679245,155.14968226415095,True,similarity,Mondrian-family,random_8,random,extra_trees
1,85,0.788235294117647,-0.11176470588235299,157.59249458823535,True,similarity,Mondrian-family,random_8,random,extra_trees
2,145,0.8620689655172413,-0.037931034482758696,140.9336783448276,True,similarity,Mondrian-family,random_8,random,extra_trees
3,215,0.8651162790697674,-0.03488372093023262,132.9090809302326,True,similarity,Mondrian-family,random_8,random,extra_trees
4,272,0.9080882352941176,0.008088235294117618,125.1646147058824,True,similarity,Mondrian-family,random_8,random,extra_trees
5,665,0.9699248120300752,0.06992481203007517,132.85491193984964,True,similarity,Mondrian-family,random_8,random,extra_trees
Polydienes,17,0.5882352941176471,-0.31176470588235294,135.39599999999996,True,family,Mondrian-family,random_8,random,extra_trees
Polyvinyls,47,0.7659574468085106,-0.1340425531914894,93.38800000000008,True,family,Mondrian-family,random_8,random,extra_trees
Polyimines,5,0.8,-0.09999999999999998,135.39599999999996,False,family,Mondrian-family,random_8,random,extra_trees
Polysulfones,49,0.8163265306122449,-0.0836734693877551,77.24600000000011,True,family,Mondrian-family,random_8,random,extra_trees
Polysiloxanes,44,0.8409090909090909,-0.05909090909090908,148.6683600000001,True,family,Mondrian-family,random_8,random,extra_trees
Polyhalo-olefins,8,0.875,-0.025000000000000022,135.39599999999996,False,family,Mondrian-family,random_8,random,extra_trees
Polyethers,153,0.8823529411764706,-0.01764705882352946,117.35740000000042,True,family,Mondrian-family,random_8,random,extra_trees
Polyureas,10,0.9,0.0,135.39599999999996,True,family,Mondrian-family,random_8,random,extra_trees
Polystyrenes,53,0.9056603773584906,0.005660377358490565,118.10519999999994,True,family,Mondrian-family,random_8,random,extra_trees
Polyacrylics,122,0.9098360655737705,0.00983606557377048,113.03320000000006,True,family,Mondrian-family,random_8,random,extra_trees
Polyimides,340,0.9147058823529411,0.014705882352941124,119.00795999999997,True,family,Mondrian-family,random_8,random,extra_trees
Polyanhydrides,12,0.9166666666666666,0.016666666666666607,135.39599999999996,True,family,Mondrian-family,random_8,random,extra_trees
Polyesters,184,0.9293478260869565,0.02934782608695652,115.21759999999999,True,family,Mondrian-family,random_8,random,extra_trees
Polyphenylenes,87,0.9540229885057471,0.05402298850574705,189.37455999999986,True,family,Mondrian-family,random_8,random,extra_trees
Polycarbonates,22,0.9545454545454546,0.054545454545454564,135.3959999999999,True,family,Mondrian-family,random_8,random,extra_trees
Polyamides,185,0.9675675675675676,0.06756756756756754,146.9816,True,family,Mondrian-family,random_8,random,extra_trees
Polyolefins,31,1.0,0.09999999999999998,364.05664000000013,True,family,Mondrian-family,random_8,random,extra_trees
Polyphosphazenes,25,1.0,0.09999999999999998,218.89599999999996,True,family,Mondrian-family,random_8,random,extra_trees
Polyurethanes,29,1.0,0.09999999999999998,226.52679999999984,True,family,Mondrian-family,random_8,random,extra_trees
Polysulfides,12,1.0,0.09999999999999998,135.39599999999996,True,family,Mondrian-family,random_8,random,extra_trees
0,53,0.6792452830188679,-0.22075471698113214,159.06555799437115,True,similarity,Normalised SCP,random_8,random,extra_trees
2,145,0.8275862068965517,-0.07241379310344831,139.45948619094872,True,similarity,Normalised SCP,random_8,random,extra_trees
1,85,0.8705882352941177,-0.02941176470588236,153.00900871118918,True,similarity,Normalised SCP,random_8,random,extra_trees
3,215,0.8883720930232558,-0.011627906976744207,133.79130553691013,True,similarity,Normalised SCP,random_8,random,extra_trees
4,272,0.9044117647058824,0.004411764705882337,124.66384051738072,True,similarity,Normalised SCP,random_8,random,extra_trees
5,665,0.9518796992481203,0.0518796992481203,106.61201848695265,True,similarity,Normalised SCP,random_8,random,extra_trees
Polyhalo-olefins,8,0.625,-0.275,109.45394361662974,False,family,Normalised SCP,random_8,random,extra_trees
Polyphosphazenes,25,0.76,-0.14,143.51670198491178,True,family,Normalised SCP,random_8,random,extra_trees
Polydienes,17,0.7647058823529411,-0.1352941176470589,192.5867650355631,True,family,Normalised SCP,random_8,random,extra_trees
Polyurethanes,29,0.7931034482758621,-0.10689655172413792,103.30550440399267,True,family,Normalised SCP,random_8,random,extra_trees
Polyphenylenes,87,0.8505747126436781,-0.0494252873563219,149.42079298920427,True,family,Normalised SCP,random_8,random,extra_trees
Polysiloxanes,44,0.8636363636363636,-0.036363636363636376,142.52921435698602,True,family,Normalised SCP,random_8,random,extra_trees
Polystyrenes,53,0.8679245283018868,-0.0320754716981132,128.13704135901594,True,family,Normalised SCP,random_8,random,extra_trees
Polyethers,153,0.8888888888888888,-0.011111111111111183,118.7092005604883,True,family,Normalised SCP,random_8,random,extra_trees
Polyvinyls,47,0.8936170212765957,-0.00638297872340432,130.5550877029294,True,family,Normalised SCP,random_8,random,extra_trees
Polyureas,10,0.9,0.0,122.51277469978417,True,family,Normalised SCP,random_8,random,extra_trees
Polyolefins,31,0.9032258064516129,0.003225806451612856,169.3025427550091,True,family,Normalised SCP,random_8,random,extra_trees
Polyanhydrides,12,0.9166666666666666,0.016666666666666607,113.13221254080565,True,family,Normalised SCP,random_8,random,extra_trees
Polyimides,340,0.9176470588235294,0.01764705882352935,116.92701526357386,True,family,Normalised SCP,random_8,random,extra_trees
Polysulfones,49,0.9183673469387755,0.01836734693877551,134.41940786868895,True,family,Normalised SCP,random_8,random,extra_trees
Polyamides,185,0.9243243243243243,0.024324324324324298,100.35608194901118,True,family,Normalised SCP,random_8,random,extra_trees
Polyacrylics,122,0.9344262295081968,0.03442622950819674,124.5409818043665,True,family,Normalised SCP,random_8,random,extra_trees
Polycarbonates,22,0.9545454545454546,0.054545454545454564,111.18041816422947,True,family,Normalised SCP,random_8,random,extra_trees
Polyesters,184,0.9565217391304348,0.05652173913043479,116.47102725122724,True,family,Normalised SCP,random_8,random,extra_trees
Polysulfides,12,1.0,0.09999999999999998,137.85263186633566,True,family,Normalised SCP,random_8,random,extra_trees
Polyimines,5,1.0,0.09999999999999998,134.168245670826,False,family,Normalised SCP,random_8,random,extra_trees
4,282,0.8546099290780141,-0.04539007092198588,358.0,True,similarity,SCP,random_9,random,median
2,151,0.8807947019867549,-0.01920529801324511,358.0,True,similarity,SCP,random_9,random,median
5,668,0.8922155688622755,-0.0077844311377245345,358.0,True,similarity,SCP,random_9,random,median
0,38,0.8947368421052632,-0.0052631578947368585,358.0,True,similarity,SCP,random_9,random,median
3,215,0.9023255813953488,0.0023255813953487747,358.0,True,similarity,SCP,random_9,random,median
1,81,0.9135802469135802,0.013580246913580174,358.0,True,similarity,SCP,random_9,random,median
Polysiloxanes,49,0.6122448979591837,-0.28775510204081634,358.0,True,family,SCP,random_9,random,median
Polyphosphazenes,29,0.7586206896551724,-0.14137931034482765,358.0,True,family,SCP,random_9,random,median
Polydienes,17,0.7647058823529411,-0.1352941176470589,358.0,True,family,SCP,random_9,random,median
Polyimides,325,0.8246153846153846,-0.07538461538461538,358.0,True,family,SCP,random_9,random,median
Polyphenylenes,74,0.8513513513513513,-0.04864864864864871,358.0,True,family,SCP,random_9,random,median
Polyolefins,42,0.8809523809523809,-0.01904761904761909,358.0,True,family,SCP,random_9,random,median
Polysulfones,43,0.8837209302325582,-0.016279069767441867,358.0,True,family,SCP,random_9,random,median
Polyethers,132,0.8863636363636364,-0.013636363636363669,358.0,True,family,SCP,random_9,random,median
Polyvinyls,45,0.8888888888888888,-0.011111111111111183,358.0,True,family,SCP,random_9,random,median
Polyacrylics,135,0.9037037037037037,0.0037037037037036535,358.0,True,family,SCP,random_9,random,median
Polyhalo-olefins,11,0.9090909090909091,0.009090909090909038,358.0,True,family,SCP,random_9,random,median
Polysulfides,15,0.9333333333333333,0.033333333333333326,358.0,True,family,SCP,random_9,random,median
Polyesters,172,0.936046511627907,0.03604651162790695,358.0,True,family,SCP,random_9,random,median
Polyamides,221,0.9592760180995475,0.05927601809954752,358.0,True,family,SCP,random_9,random,median
Polystyrenes,41,1.0,0.09999999999999998,358.0,True,family,SCP,random_9,random,median
Polyurethanes,41,1.0,0.09999999999999998,358.0,True,family,SCP,random_9,random,median
Polycarbonates,23,1.0,0.09999999999999998,358.0,True,family,SCP,random_9,random,median
Polyanhydrides,5,1.0,0.09999999999999998,358.0,False,family,SCP,random_9,random,median
Polyureas,8,1.0,0.09999999999999998,358.0,False,family,SCP,random_9,random,median
Polyimines,7,1.0,0.09999999999999998,358.0,False,family,SCP,random_9,random,median
4,282,0.8546099290780141,-0.04539007092198588,360.0,True,similarity,Mondrian-similarity,random_9,random,median
2,151,0.8874172185430463,-0.012582781456953684,366.0,True,similarity,Mondrian-similarity,random_9,random,median
0,38,0.8947368421052632,-0.0052631578947368585,334.0,True,similarity,Mondrian-similarity,random_9,random,median
5,668,0.8952095808383234,-0.004790419161676662,363.0,True,similarity,Mondrian-similarity,random_9,random,median
1,81,0.9012345679012346,0.0012345679012345512,350.0,True,similarity,Mondrian-similarity,random_9,random,median
3,215,0.9348837209302325,0.03488372093023251,382.0,True,similarity,Mondrian-similarity,random_9,random,median
Polysiloxanes,49,0.6326530612244898,-0.2673469387755102,365.40816326530614,True,family,Mondrian-similarity,random_9,random,median
Polyphosphazenes,29,0.7586206896551724,-0.14137931034482765,361.8965517241379,True,family,Mondrian-similarity,random_9,random,median
Polydienes,17,0.7647058823529411,-0.1352941176470589,357.2352941176471,True,family,Mondrian-similarity,random_9,random,median
Polyimides,325,0.8338461538461538,-0.06615384615384623,363.8676923076923,True,family,Mondrian-similarity,random_9,random,median
Polyphenylenes,74,0.8513513513513513,-0.04864864864864871,362.9864864864865,True,family,Mondrian-similarity,random_9,random,median
Polyolefins,42,0.8809523809523809,-0.01904761904761909,359.04761904761904,True,family,Mondrian-similarity,random_9,random,median
Polysulfones,43,0.8837209302325582,-0.016279069767441867,365.2325581395349,True,family,Mondrian-similarity,random_9,random,median
Polyvinyls,45,0.8888888888888888,-0.011111111111111183,364.1333333333333,True,family,Mondrian-similarity,random_9,random,median
Polyethers,132,0.8939393939393939,-0.0060606060606061,363.57575757575756,True,family,Mondrian-similarity,random_9,random,median
Polyacrylics,135,0.9185185185185185,0.01851851851851849,365.10370370370373,True,family,Mondrian-similarity,random_9,random,median
Polysulfides,15,0.9333333333333333,0.033333333333333326,358.06666666666666,True,family,Mondrian-similarity,random_9,random,median
Polyesters,172,0.936046511627907,0.03604651162790695,366.0813953488372,True,family,Mondrian-similarity,random_9,random,median
Polyamides,221,0.9638009049773756,0.06380090497737556,363.6877828054299,True,family,Mondrian-similarity,random_9,random,median
Polyhalo-olefins,11,1.0,0.09999999999999998,357.90909090909093,True,family,Mondrian-similarity,random_9,random,median
Polystyrenes,41,1.0,0.09999999999999998,370.4878048780488,True,family,Mondrian-similarity,random_9,random,median
Polyurethanes,41,1.0,0.09999999999999998,365.1463414634146,True,family,Mondrian-similarity,random_9,random,median
Polycarbonates,23,1.0,0.09999999999999998,364.2173913043478,True,family,Mondrian-similarity,random_9,random,median
Polyanhydrides,5,1.0,0.09999999999999998,356.0,False,family,Mondrian-similarity,random_9,random,median
Polyureas,8,1.0,0.09999999999999998,363.375,False,family,Mondrian-similarity,random_9,random,median
Polyimines,7,1.0,0.09999999999999998,360.7142857142857,False,family,Mondrian-similarity,random_9,random,median
4,282,0.8475177304964538,-0.052482269503546175,341.9078014184397,True,similarity,Mondrian-family,random_9,random,median
2,151,0.8807947019867549,-0.01920529801324511,348.5960264900662,True,similarity,Mondrian-family,random_9,random,median
3,215,0.8883720930232558,-0.011627906976744207,341.50697674418603,True,similarity,Mondrian-family,random_9,random,median
5,668,0.8937125748502994,-0.006287425149700598,354.688622754491,True,similarity,Mondrian-family,random_9,random,median
1,81,0.9259259259259259,0.025925925925925908,374.0740740740741,True,similarity,Mondrian-family,random_9,random,median
0,38,0.9473684210526315,0.047368421052631504,380.05263157894734,True,similarity,Mondrian-family,random_9,random,median
Polyurethanes,41,0.6585365853658537,-0.24146341463414633,188.0,True,family,Mondrian-family,random_9,random,median
Polydienes,17,0.7647058823529411,-0.1352941176470589,358.0,True,family,Mondrian-family,random_9,random,median
Polyacrylics,135,0.8074074074074075,-0.09259259259259256,240.0,True,family,Mondrian-family,random_9,random,median
Polyimides,325,0.8523076923076923,-0.0476923076923077,380.0,True,family,Mondrian-family,random_9,random,median
Polysulfones,43,0.8604651162790697,-0.03953488372093028,314.0,True,family,Mondrian-family,random_9,random,median
Polyethers,132,0.8863636363636364,-0.013636363636363669,366.0,True,family,Mondrian-family,random_9,random,median
Polyesters,172,0.8895348837209303,-0.010465116279069764,312.0,True,family,Mondrian-family,random_9,random,median
Polystyrenes,41,0.9024390243902439,0.0024390243902439046,240.0,True,family,Mondrian-family,random_9,random,median
Polyhalo-olefins,11,0.9090909090909091,0.009090909090909038,358.0,True,family,Mondrian-family,random_9,random,median
Polyamides,221,0.9276018099547512,0.027601809954751144,334.0,True,family,Mondrian-family,random_9,random,median
Polyolefins,42,0.9285714285714286,0.02857142857142858,382.0,True,family,Mondrian-family,random_9,random,median
Polysulfides,15,0.9333333333333333,0.033333333333333326,358.0,True,family,Mondrian-family,random_9,random,median
Polyvinyls,45,0.9333333333333333,0.033333333333333326,398.0,True,family,Mondrian-family,random_9,random,median
Polyphosphazenes,29,0.9655172413793104,0.06551724137931036,438.0,True,family,Mondrian-family,random_9,random,median
Polyphenylenes,74,0.972972972972973,0.072972972972973,540.0,True,family,Mondrian-family,random_9,random,median
Polysiloxanes,49,0.9795918367346939,0.07959183673469383,490.0,True,family,Mondrian-family,random_9,random,median
Polycarbonates,23,1.0,0.09999999999999998,358.0,True,family,Mondrian-family,random_9,random,median
Polyanhydrides,5,1.0,0.09999999999999998,358.0,False,family,Mondrian-family,random_9,random,median
Polyureas,8,1.0,0.09999999999999998,358.0,False,family,Mondrian-family,random_9,random,median
Polyimines,7,1.0,0.09999999999999998,358.0,False,family,Mondrian-family,random_9,random,median
3,215,0.8232558139534883,-0.07674418604651168,281.08840701511144,True,similarity,Normalised SCP,random_9,random,median
2,151,0.8344370860927153,-0.06556291390728475,287.8125236607234,True,similarity,Normalised SCP,random_9,random,median
1,81,0.8395061728395061,-0.060493827160493896,314.9660718174009,True,similarity,Normalised SCP,random_9,random,median
4,282,0.8900709219858156,-0.009929078014184411,312.4109631958387,True,similarity,Normalised SCP,random_9,random,median
0,38,0.9210526315789473,0.021052631578947323,313.7722455743386,True,similarity,Normalised SCP,random_9,random,median
5,668,0.9535928143712575,0.05359281437125751,350.97136560946547,True,similarity,Normalised SCP,random_9,random,median
Polyureas,8,0.75,-0.15000000000000002,290.20131388935374,False,family,Normalised SCP,random_9,random,median
Polysiloxanes,49,0.7755102040816326,-0.1244897959183674,372.56599660216574,True,family,Normalised SCP,random_9,random,median
Polyphosphazenes,29,0.7931034482758621,-0.10689655172413792,421.2406279459391,True,family,Normalised SCP,random_9,random,median
Polyolefins,42,0.8095238095238095,-0.09047619047619049,386.16338059053334,True,family,Normalised SCP,random_9,random,median
Polyesters,172,0.8372093023255814,-0.06279069767441858,247.31569680844316,True,family,Normalised SCP,random_9,random,median
Polyimines,7,0.8571428571428571,-0.04285714285714293,185.19990140547978,False,family,Normalised SCP,random_9,random,median
Polyacrylics,135,0.8740740740740741,-0.025925925925925908,284.7020278520138,True,family,Normalised SCP,random_9,random,median
Polyurethanes,41,0.8780487804878049,-0.02195121951219514,266.84387870157957,True,family,Normalised SCP,random_9,random,median
Polyphenylenes,74,0.8918918918918919,-0.008108108108108136,288.3004582147386,True,family,Normalised SCP,random_9,random,median
Polyethers,132,0.9015151515151515,0.0015151515151514694,305.36979900851566,True,family,Normalised SCP,random_9,random,median
Polyamides,221,0.9049773755656109,0.004977375565610842,273.3348719446568,True,family,Normalised SCP,random_9,random,median
Polysulfones,43,0.9069767441860465,0.006976744186046435,290.90087340219566,True,family,Normalised SCP,random_9,random,median
Polydienes,17,0.9411764705882353,0.04117647058823526,369.7915838946971,True,family,Normalised SCP,random_9,random,median
Polystyrenes,41,0.9512195121951219,0.051219512195121886,198.08427029454595,True,family,Normalised SCP,random_9,random,median
Polyvinyls,45,0.9555555555555556,0.05555555555555558,323.0795265177339,True,family,Normalised SCP,random_9,random,median
Polyimides,325,0.963076923076923,0.06307692307692303,433.01698356579607,True,family,Normalised SCP,random_9,random,median
Polycarbonates,23,1.0,0.09999999999999998,329.1289170778267,True,family,Normalised SCP,random_9,random,median
Polysulfides,15,1.0,0.09999999999999998,264.00300563424236,True,family,Normalised SCP,random_9,random,median
Polyhalo-olefins,11,1.0,0.09999999999999998,451.693897743299,True,family,Normalised SCP,random_9,random,median
Polyanhydrides,5,1.0,0.09999999999999998,184.27160896859792,False,family,Normalised SCP,random_9,random,median
0,38,0.6578947368421053,-0.2421052631578947,154.28155105263767,True,similarity,SCP,random_9,random,svr
2,151,0.8145695364238411,-0.08543046357615891,154.2815510526376,True,similarity,SCP,random_9,random,svr
3,215,0.8465116279069768,-0.05348837209302326,154.28155105263758,True,similarity,SCP,random_9,random,svr
1,81,0.8641975308641975,-0.03580246913580254,154.28155105263758,True,similarity,SCP,random_9,random,svr
4,282,0.925531914893617,0.025531914893616947,154.2815510526376,True,similarity,SCP,random_9,random,svr
5,668,0.9595808383233533,0.05958083832335326,154.28155105263758,True,similarity,SCP,random_9,random,svr
Polydienes,17,0.47058823529411764,-0.4294117647058824,154.2815510526376,True,family,SCP,random_9,random,svr
Polyphosphazenes,29,0.6896551724137931,-0.21034482758620687,154.28155105263764,True,family,SCP,random_9,random,svr
Polyureas,8,0.75,-0.15000000000000002,154.2815510526376,False,family,SCP,random_9,random,svr
Polyphenylenes,74,0.7837837837837838,-0.11621621621621625,154.2815510526376,True,family,SCP,random_9,random,svr
Polysiloxanes,49,0.7959183673469388,-0.10408163265306125,154.2815510526376,True,family,SCP,random_9,random,svr
Polystyrenes,41,0.8292682926829268,-0.07073170731707323,154.2815510526376,True,family,SCP,random_9,random,svr
Polyolefins,42,0.8333333333333334,-0.06666666666666665,154.28155105263764,True,family,SCP,random_9,random,svr
Polysulfones,43,0.8604651162790697,-0.03953488372093028,154.28155105263764,True,family,SCP,random_9,random,svr
Polyurethanes,41,0.9024390243902439,0.0024390243902439046,154.2815510526376,True,family,SCP,random_9,random,svr
Polyacrylics,135,0.9185185185185185,0.01851851851851849,154.28155105263764,True,family,SCP,random_9,random,svr
Polyimides,325,0.9261538461538461,0.026153846153846083,154.2815510526376,True,family,SCP,random_9,random,svr
Polysulfides,15,0.9333333333333333,0.033333333333333326,154.28155105263755,True,family,SCP,random_9,random,svr
Polyesters,172,0.9418604651162791,0.041860465116279055,154.28155105263758,True,family,SCP,random_9,random,svr
Polyamides,221,0.9502262443438914,0.050226244343891335,154.28155105263758,True,family,SCP,random_9,random,svr
Polyethers,132,0.9545454545454546,0.054545454545454564,154.2815510526376,True,family,SCP,random_9,random,svr
Polyhalo-olefins,11,1.0,0.09999999999999998,154.28155105263758,True,family,SCP,random_9,random,svr
Polycarbonates,23,1.0,0.09999999999999998,154.28155105263758,True,family,SCP,random_9,random,svr
Polyvinyls,45,1.0,0.09999999999999998,154.28155105263764,True,family,SCP,random_9,random,svr
Polyanhydrides,5,1.0,0.09999999999999998,154.2815510526376,False,family,SCP,random_9,random,svr
Polyimines,7,1.0,0.09999999999999998,154.28155105263764,False,family,SCP,random_9,random,svr
0,38,0.868421052631579,-0.03157894736842104,274.7893632177402,True,similarity,Mondrian-similarity,random_9,random,svr
5,668,0.8862275449101796,-0.01377245508982039,101.31314936815839,True,similarity,Mondrian-similarity,random_9,random,svr
2,151,0.9139072847682119,0.013907284768211903,220.2181204661587,True,similarity,Mondrian-similarity,random_9,random,svr
4,282,0.9184397163120568,0.018439716312056764,149.10893256490886,True,similarity,Mondrian-similarity,random_9,random,svr
3,215,0.9302325581395349,0.03023255813953485,209.09513502083388,True,similarity,Mondrian-similarity,random_9,random,svr
1,81,0.9876543209876543,0.08765432098765424,255.4550594282541,True,similarity,Mondrian-similarity,random_9,random,svr
Polydienes,17,0.7058823529411765,-0.1941176470588235,208.41722983607545,True,family,Mondrian-similarity,random_9,random,svr
Polysiloxanes,49,0.8163265306122449,-0.0836734693877551,152.2080389659966,True,family,Mondrian-similarity,random_9,random,svr
Polyphosphazenes,29,0.8275862068965517,-0.07241379310344831,200.15994311495325,True,family,Mondrian-similarity,random_9,random,svr
Polyolefins,42,0.8333333333333334,-0.06666666666666665,213.51875891919858,True,family,Mondrian-similarity,random_9,random,svr
Polyphenylenes,74,0.8513513513513513,-0.04864864864864871,164.46589793765412,True,family,Mondrian-similarity,random_9,random,svr
Polysulfones,43,0.8604651162790697,-0.03953488372093028,147.033996129228,True,family,Mondrian-similarity,random_9,random,svr
Polysulfides,15,0.8666666666666667,-0.033333333333333326,171.2459749575092,True,family,Mondrian-similarity,random_9,random,svr
Polyureas,8,0.875,-0.025000000000000022,137.0138650422523,False,family,Mondrian-similarity,random_9,random,svr
Polyimides,325,0.8830769230769231,-0.01692307692307693,130.01961957954393,True,family,Mondrian-similarity,random_9,random,svr
Polyacrylics,135,0.8962962962962963,-0.0037037037037037646,165.31445595822368,True,family,Mondrian-similarity,random_9,random,svr
Polyurethanes,41,0.926829268292683,0.02682926829268295,140.28058345836513,True,family,Mondrian-similarity,random_9,random,svr
Polyamides,221,0.9276018099547512,0.027601809954751144,139.5694898480066,True,family,Mondrian-similarity,random_9,random,svr
Polyesters,172,0.9534883720930233,0.05348837209302326,152.2722415409159,True,family,Mondrian-similarity,random_9,random,svr
Polyethers,132,0.9545454545454546,0.054545454545454564,154.88615444989804,True,family,Mondrian-similarity,random_9,random,svr
Polycarbonates,23,0.9565217391304348,0.05652173913043479,144.3006761224062,True,family,Mondrian-similarity,random_9,random,svr
Polyvinyls,45,0.9777777777777777,0.07777777777777772,189.35441289353943,True,family,Mondrian-similarity,random_9,random,svr
Polystyrenes,41,1.0,0.09999999999999998,179.9778001713866,True,family,Mondrian-similarity,random_9,random,svr
Polyhalo-olefins,11,1.0,0.09999999999999998,204.5527659080348,True,family,Mondrian-similarity,random_9,random,svr
Polyanhydrides,5,1.0,0.09999999999999998,155.12670541677494,False,family,Mondrian-similarity,random_9,random,svr
Polyimines,7,1.0,0.09999999999999998,155.14883021040956,False,family,Mondrian-similarity,random_9,random,svr
0,38,0.6842105263157895,-0.21578947368421053,171.90748761528033,True,similarity,Mondrian-family,random_9,random,svr
2,151,0.8079470198675497,-0.09205298013245033,164.21447240849432,True,similarity,Mondrian-family,random_9,random,svr
1,81,0.8148148148148148,-0.08518518518518525,168.3237626656224,True,similarity,Mondrian-family,random_9,random,svr
3,215,0.8837209302325582,-0.016279069767441867,164.9420195039975,True,similarity,Mondrian-family,random_9,random,svr
4,282,0.8900709219858156,-0.009929078014184411,148.78386550882158,True,similarity,Mondrian-family,random_9,random,svr
5,668,0.9431137724550899,0.04311377245508985,147.67739629289255,True,similarity,Mondrian-family,random_9,random,svr
Polydienes,17,0.47058823529411764,-0.4294117647058824,154.2815510526376,True,family,Mondrian-family,random_9,random,svr
Polyureas,8,0.75,-0.15000000000000002,154.2815510526376,False,family,Mondrian-family,random_9,random,svr
Polyolefins,42,0.7619047619047619,-0.13809523809523816,136.2886249980025,True,family,Mondrian-family,random_9,random,svr
Polyethers,132,0.8333333333333334,-0.06666666666666665,96.73484051834522,True,family,Mondrian-family,random_9,random,svr
Polysulfones,43,0.8604651162790697,-0.03953488372093028,156.24895672189288,True,family,Mondrian-family,random_9,random,svr
Polyamides,221,0.8823529411764706,-0.01764705882352946,115.67086937303385,True,family,Mondrian-family,random_9,random,svr
Polyimides,325,0.8830769230769231,-0.01692307692307693,128.11173415077815,True,family,Mondrian-family,random_9,random,svr
Polysiloxanes,49,0.8979591836734694,-0.0020408163265306367,257.0308776536159,True,family,Mondrian-family,random_9,random,svr
Polystyrenes,41,0.9024390243902439,0.0024390243902439046,192.5456905811905,True,family,Mondrian-family,random_9,random,svr
Polyacrylics,135,0.9185185185185185,0.01851851851851849,159.12656115090272,True,family,Mondrian-family,random_9,random,svr
Polysulfides,15,0.9333333333333333,0.033333333333333326,154.28155105263755,True,family,Mondrian-family,random_9,random,svr
Polyphenylenes,74,0.9459459459459459,0.04594594594594592,241.19385944502662,True,family,Mondrian-family,random_9,random,svr
Polyesters,172,0.9476744186046512,0.04767441860465116,163.09597285914106,True,family,Mondrian-family,random_9,random,svr
Polyurethanes,41,0.9512195121951219,0.051219512195121886,209.09513502083394,True,family,Mondrian-family,random_9,random,svr
Polyphosphazenes,29,0.9655172413793104,0.06551724137931036,311.67346090824884,True,family,Mondrian-family,random_9,random,svr
Polyhalo-olefins,11,1.0,0.09999999999999998,154.28155105263758,True,family,Mondrian-family,random_9,random,svr
Polycarbonates,23,1.0,0.09999999999999998,154.28155105263758,True,family,Mondrian-family,random_9,random,svr
Polyvinyls,45,1.0,0.09999999999999998,219.29573920007402,True,family,Mondrian-family,random_9,random,svr
Polyanhydrides,5,1.0,0.09999999999999998,154.2815510526376,False,family,Mondrian-family,random_9,random,svr
Polyimines,7,1.0,0.09999999999999998,154.28155105263764,False,family,Mondrian-family,random_9,random,svr
0,38,0.8157894736842105,-0.08421052631578951,243.2332195188782,True,similarity,Normalised SCP,random_9,random,svr
2,151,0.8344370860927153,-0.06556291390728475,165.3229397734221,True,similarity,Normalised SCP,random_9,random,svr
3,215,0.8883720930232558,-0.011627906976744207,164.39797914245725,True,similarity,Normalised SCP,random_9,random,svr
1,81,0.8888888888888888,-0.011111111111111183,209.6251058266491,True,similarity,Normalised SCP,random_9,random,svr
4,282,0.900709219858156,0.0007092198581559739,147.4905474160842,True,similarity,Normalised SCP,random_9,random,svr
5,668,0.9431137724550899,0.04311377245508985,127.56200665564376,True,similarity,Normalised SCP,random_9,random,svr
Polyureas,8,0.75,-0.15000000000000002,102.60205401700532,False,family,Normalised SCP,random_9,random,svr
Polydienes,17,0.7647058823529411,-0.1352941176470589,309.40972233104634,True,family,Normalised SCP,random_9,random,svr
Polyurethanes,41,0.8292682926829268,-0.07073170731707323,113.2028291875977,True,family,Normalised SCP,random_9,random,svr
Polyimines,7,0.8571428571428571,-0.04285714285714293,137.58641769356657,False,family,Normalised SCP,random_9,random,svr
Polyphosphazenes,29,0.8620689655172413,-0.037931034482758696,217.44694412013837,True,family,Normalised SCP,random_9,random,svr
Polyacrylics,135,0.8666666666666667,-0.033333333333333326,138.80253476744545,True,family,Normalised SCP,random_9,random,svr
Polyphenylenes,74,0.8783783783783784,-0.021621621621621623,191.13118901461297,True,family,Normalised SCP,random_9,random,svr
Polysulfones,43,0.8837209302325582,-0.016279069767441867,141.86837561693494,True,family,Normalised SCP,random_9,random,svr
Polyimides,325,0.8923076923076924,-0.007692307692307665,134.01840122803947,True,family,Normalised SCP,random_9,random,svr
Polysiloxanes,49,0.8979591836734694,-0.0020408163265306367,203.24730633189006,True,family,Normalised SCP,random_9,random,svr
Polyolefins,42,0.9047619047619048,0.004761904761904745,252.9886520613827,True,family,Normalised SCP,random_9,random,svr
Polyesters,172,0.9302325581395349,0.03023255813953485,138.55601969167645,True,family,Normalised SCP,random_9,random,svr
Polysulfides,15,0.9333333333333333,0.033333333333333326,185.35354126698783,True,family,Normalised SCP,random_9,random,svr
Polyamides,221,0.9366515837104072,0.03665158371040722,116.14601050037722,True,family,Normalised SCP,random_9,random,svr
Polyethers,132,0.946969696969697,0.046969696969696995,149.44665797924242,True,family,Normalised SCP,random_9,random,svr
Polystyrenes,41,0.9512195121951219,0.051219512195121886,196.7101037325325,True,family,Normalised SCP,random_9,random,svr
Polyvinyls,45,0.9777777777777777,0.07777777777777772,133.64159522969172,True,family,Normalised SCP,random_9,random,svr
Polyhalo-olefins,11,1.0,0.09999999999999998,217.74416393558786,True,family,Normalised SCP,random_9,random,svr
Polycarbonates,23,1.0,0.09999999999999998,124.45738189691372,True,family,Normalised SCP,random_9,random,svr
Polyanhydrides,5,1.0,0.09999999999999998,175.50934146545168,False,family,Normalised SCP,random_9,random,svr
0,38,0.5526315789473685,-0.34736842105263155,138.05664,True,similarity,SCP,random_9,random,random_forest
2,151,0.7549668874172185,-0.1450331125827815,138.05664000000007,True,similarity,SCP,random_9,random,random_forest
1,81,0.7901234567901234,-0.10987654320987661,138.05664000000002,True,similarity,SCP,random_9,random,random_forest
3,215,0.8325581395348837,-0.06744186046511635,138.05664000000004,True,similarity,SCP,random_9,random,random_forest
4,282,0.9113475177304965,0.01134751773049647,138.05664000000002,True,similarity,SCP,random_9,random,random_forest
5,668,0.9535928143712575,0.05359281437125751,138.05664000000002,True,similarity,SCP,random_9,random,random_forest
Polydienes,17,0.5882352941176471,-0.31176470588235294,138.05664000000002,True,family,SCP,random_9,random,random_forest
Polysiloxanes,49,0.673469387755102,-0.226530612244898,138.05664000000002,True,family,SCP,random_9,random,random_forest
Polyphosphazenes,29,0.6896551724137931,-0.21034482758620687,138.05664,True,family,SCP,random_9,random,random_forest
Polysulfides,15,0.7333333333333333,-0.16666666666666674,138.05664000000004,True,family,SCP,random_9,random,random_forest
Polyureas,8,0.75,-0.15000000000000002,138.05664000000002,False,family,SCP,random_9,random,random_forest
Polyolefins,42,0.7619047619047619,-0.13809523809523816,138.05664000000002,True,family,SCP,random_9,random,random_forest
Polyphenylenes,74,0.7837837837837838,-0.11621621621621625,138.05664000000004,True,family,SCP,random_9,random,random_forest
Polyimines,7,0.8571428571428571,-0.04285714285714293,138.05664000000002,False,family,SCP,random_9,random,random_forest
Polystyrenes,41,0.8780487804878049,-0.02195121951219514,138.05664000000002,True,family,SCP,random_9,random,random_forest
Polysulfones,43,0.8837209302325582,-0.016279069767441867,138.05664,True,family,SCP,random_9,random,random_forest
Polyacrylics,135,0.8962962962962963,-0.0037037037037037646,138.05664000000004,True,family,SCP,random_9,random,random_forest
Polyhalo-olefins,11,0.9090909090909091,0.009090909090909038,138.05664000000002,True,family,SCP,random_9,random,random_forest
Polyamides,221,0.9095022624434389,0.00950226244343888,138.05664000000004,True,family,SCP,random_9,random,random_forest
Polyimides,325,0.9107692307692308,0.010769230769230753,138.05664000000004,True,family,SCP,random_9,random,random_forest
Polyvinyls,45,0.9333333333333333,0.033333333333333326,138.05664,True,family,SCP,random_9,random,random_forest
Polyethers,132,0.9393939393939394,0.039393939393939426,138.05664000000004,True,family,SCP,random_9,random,random_forest
Polyesters,172,0.9418604651162791,0.041860465116279055,138.05664000000002,True,family,SCP,random_9,random,random_forest
Polyurethanes,41,0.9512195121951219,0.051219512195121886,138.05664000000002,True,family,SCP,random_9,random,random_forest
Polycarbonates,23,0.9565217391304348,0.05652173913043479,138.05663999999996,True,family,SCP,random_9,random,random_forest
Polyanhydrides,5,1.0,0.09999999999999998,138.05664000000002,False,family,SCP,random_9,random,random_forest
0,38,0.8157894736842105,-0.08421052631578951,244.63860000000003,True,similarity,Mondrian-similarity,random_9,random,random_forest
1,81,0.8888888888888888,-0.011111111111111183,182.87119999999985,True,similarity,Mondrian-similarity,random_9,random,random_forest
5,668,0.8922155688622755,-0.0077844311377245345,95.12995999999998,True,similarity,Mondrian-similarity,random_9,random,random_forest
2,151,0.8940397350993378,-0.00596026490066226,185.12825999999998,True,similarity,Mondrian-similarity,random_9,random,random_forest
4,282,0.9113475177304965,0.01134751773049647,138.05664000000002,True,similarity,Mondrian-similarity,random_9,random,random_forest
3,215,0.9302325581395349,0.03023255813953485,181.7112,True,similarity,Mondrian-similarity,random_9,random,random_forest
Polysiloxanes,49,0.6938775510204082,-0.20612244897959187,135.48717551020408,True,family,Mondrian-similarity,random_9,random,random_forest
Polydienes,17,0.7058823529411765,-0.1941176470588235,169.51096941176468,True,family,Mondrian-similarity,random_9,random,random_forest
Polysulfides,15,0.7333333333333333,-0.16666666666666674,150.360636,True,family,Mondrian-similarity,random_9,random,random_forest
Polyureas,8,0.75,-0.15000000000000002,122.99537000000001,False,family,Mondrian-similarity,random_9,random,random_forest
Polyolefins,42,0.7857142857142857,-0.11428571428571432,177.6392276190476,True,family,Mondrian-similarity,random_9,random,random_forest
Polyphenylenes,74,0.7972972972972973,-0.10270270270270276,142.92446486486486,True,family,Mondrian-similarity,random_9,random,random_forest
Polysulfones,43,0.8604651162790697,-0.03953488372093028,132.97353255813954,True,family,Mondrian-similarity,random_9,random,random_forest
Polyphosphazenes,29,0.8620689655172413,-0.037931034482758696,167.98313103448274,True,family,Mondrian-similarity,random_9,random,random_forest
Polyimides,325,0.8769230769230769,-0.023076923076923106,118.18550873846154,True,family,Mondrian-similarity,random_9,random,random_forest
Polyamides,221,0.9230769230769231,0.023076923076923106,125.00013429864254,True,family,Mondrian-similarity,random_9,random,random_forest
Polyacrylics,135,0.9333333333333333,0.033333333333333326,145.8905948148148,True,family,Mondrian-similarity,random_9,random,random_forest
Polyesters,172,0.936046511627907,0.03604651162790695,135.94593197674416,True,family,Mondrian-similarity,random_9,random,random_forest
Polyethers,132,0.9696969696969697,0.0696969696969697,136.08876378787878,True,family,Mondrian-similarity,random_9,random,random_forest
Polyurethanes,41,0.975609756097561,0.07560975609756093,125.18712975609755,True,family,Mondrian-similarity,random_9,random,random_forest
Polystyrenes,41,0.975609756097561,0.07560975609756093,156.77263658536583,True,family,Mondrian-similarity,random_9,random,random_forest
Polyvinyls,45,0.9777777777777777,0.07777777777777772,158.5778693333333,True,family,Mondrian-similarity,random_9,random,random_forest
Polycarbonates,23,1.0,0.09999999999999998,127.72461043478258,True,family,Mondrian-similarity,random_9,random,random_forest
Polyhalo-olefins,11,1.0,0.09999999999999998,164.86190909090905,True,family,Mondrian-similarity,random_9,random,random_forest
Polyanhydrides,5,1.0,0.09999999999999998,142.20236,False,family,Mondrian-similarity,random_9,random,random_forest
Polyimines,7,1.0,0.09999999999999998,141.12185142857143,False,family,Mondrian-similarity,random_9,random,random_forest
0,38,0.6052631578947368,-0.2947368421052632,155.8396742105263,True,similarity,Mondrian-family,random_9,random,random_forest
2,151,0.8079470198675497,-0.09205298013245033,151.90264993377488,True,similarity,Mondrian-family,random_9,random,random_forest
1,81,0.8148148148148148,-0.08518518518518525,156.41987234567907,True,similarity,Mondrian-family,random_9,random,random_forest
3,215,0.8837209302325582,-0.016279069767441867,157.23080706976754,True,similarity,Mondrian-family,random_9,random,random_forest
4,282,0.900709219858156,0.0007092198581559739,144.467775248227,True,similarity,Mondrian-family,random_9,random,random_forest
5,668,0.9595808383233533,0.05958083832335326,139.22706266467074,True,similarity,Mondrian-family,random_9,random,random_forest
Polydienes,17,0.5882352941176471,-0.31176470588235294,138.05664000000002,True,family,Mondrian-family,random_9,random,random_forest
Polysulfides,15,0.7333333333333333,-0.16666666666666674,138.05664000000004,True,family,Mondrian-family,random_9,random,random_forest
Polyureas,8,0.75,-0.15000000000000002,138.05664000000002,False,family,Mondrian-family,random_9,random,random_forest
Polyolefins,42,0.7619047619047619,-0.13809523809523816,131.36004,True,family,Mondrian-family,random_9,random,random_forest
Polyphenylenes,74,0.8513513513513513,-0.04864864864864871,176.62,True,family,Mondrian-family,random_9,random,random_forest
Polyimines,7,0.8571428571428571,-0.04285714285714293,138.05664000000002,False,family,Mondrian-family,random_9,random,random_forest
Polyethers,132,0.8863636363636364,-0.013636363636363669,122.13199999999993,True,family,Mondrian-family,random_9,random,random_forest
Polyimides,325,0.8892307692307693,-0.010769230769230753,121.30782000000005,True,family,Mondrian-family,random_9,random,random_forest
Polyamides,221,0.8914027149321267,-0.008597285067873273,119.72048000000046,True,family,Mondrian-family,random_9,random,random_forest
Polysiloxanes,49,0.8979591836734694,-0.0020408163265306367,197.6479599999999,True,family,Mondrian-family,random_9,random,random_forest
Polyhalo-olefins,11,0.9090909090909091,0.009090909090909038,138.05664000000002,True,family,Mondrian-family,random_9,random,random_forest
Polyacrylics,135,0.9111111111111111,0.011111111111111072,156.55259999999993,True,family,Mondrian-family,random_9,random,random_forest
Polyphosphazenes,29,0.9310344827586207,0.03103448275862064,251.60879999999997,True,family,Mondrian-family,random_9,random,random_forest
Polyurethanes,41,0.9512195121951219,0.051219512195121886,133.66359999999992,True,family,Mondrian-family,random_9,random,random_forest
Polysulfones,43,0.9534883720930233,0.05348837209302326,167.18076,True,family,Mondrian-family,random_9,random,random_forest
Polycarbonates,23,0.9565217391304348,0.05652173913043479,138.05663999999996,True,family,Mondrian-family,random_9,random,random_forest
Polyesters,172,0.9767441860465116,0.07674418604651156,162.6415999999999,True,family,Mondrian-family,random_9,random,random_forest
Polyvinyls,45,1.0,0.09999999999999998,211.43740000000014,True,family,Mondrian-family,random_9,random,random_forest
Polystyrenes,41,1.0,0.09999999999999998,203.38639999999998,True,family,Mondrian-family,random_9,random,random_forest
Polyanhydrides,5,1.0,0.09999999999999998,138.05664000000002,False,family,Mondrian-family,random_9,random,random_forest
0,38,0.7631578947368421,-0.13684210526315788,215.79280707611605,True,similarity,Normalised SCP,random_9,random,random_forest
2,151,0.8211920529801324,-0.0788079470198676,162.41368964197477,True,similarity,Normalised SCP,random_9,random,random_forest
1,81,0.8395061728395061,-0.060493827160493896,199.92543097246522,True,similarity,Normalised SCP,random_9,random,random_forest
3,215,0.8697674418604651,-0.03023255813953496,160.96795640352096,True,similarity,Normalised SCP,random_9,random,random_forest
4,282,0.925531914893617,0.025531914893616947,146.96972229842845,True,similarity,Normalised SCP,random_9,random,random_forest
5,668,0.9595808383233533,0.05958083832335326,131.70229588999774,True,similarity,Normalised SCP,random_9,random,random_forest
Polyureas,8,0.625,-0.275,130.37964478016482,False,family,Normalised SCP,random_9,random,random_forest
Polyolefins,42,0.7857142857142857,-0.11428571428571432,220.27096805265052,True,family,Normalised SCP,random_9,random,random_forest
Polyphenylenes,74,0.8513513513513513,-0.04864864864864871,180.82536867806047,True,family,Normalised SCP,random_9,random,random_forest
Polyurethanes,41,0.8536585365853658,-0.04634146341463419,110.06930434356053,True,family,Normalised SCP,random_9,random,random_forest
Polyimines,7,0.8571428571428571,-0.04285714285714293,148.552523667211,False,family,Normalised SCP,random_9,random,random_forest
Polyacrylics,135,0.8814814814814815,-0.01851851851851849,131.62440591573625,True,family,Normalised SCP,random_9,random,random_forest
Polyamides,221,0.9049773755656109,0.004977375565610842,128.85097948358487,True,family,Normalised SCP,random_9,random,random_forest
Polyhalo-olefins,11,0.9090909090909091,0.009090909090909038,147.27813969796887,True,family,Normalised SCP,random_9,random,random_forest
Polysiloxanes,49,0.9183673469387755,0.01836734693877551,246.57411156650525,True,family,Normalised SCP,random_9,random,random_forest
Polyimides,325,0.9261538461538461,0.026153846153846083,137.42160371545745,True,family,Normalised SCP,random_9,random,random_forest
Polyphosphazenes,29,0.9310344827586207,0.03103448275862064,203.12288948069818,True,family,Normalised SCP,random_9,random,random_forest
Polysulfides,15,0.9333333333333333,0.033333333333333326,190.81711590635217,True,family,Normalised SCP,random_9,random,random_forest
Polyesters,172,0.936046511627907,0.03604651162790695,133.42076448873897,True,family,Normalised SCP,random_9,random,random_forest
Polydienes,17,0.9411764705882353,0.04117647058823526,279.8723554204636,True,family,Normalised SCP,random_9,random,random_forest
Polyethers,132,0.946969696969697,0.046969696969696995,148.88958429468067,True,family,Normalised SCP,random_9,random,random_forest
Polystyrenes,41,0.9512195121951219,0.051219512195121886,177.03336162199696,True,family,Normalised SCP,random_9,random,random_forest
Polysulfones,43,0.9534883720930233,0.05348837209302326,161.94675637179012,True,family,Normalised SCP,random_9,random,random_forest
Polyvinyls,45,0.9555555555555556,0.05555555555555558,117.915705688011,True,family,Normalised SCP,random_9,random,random_forest
Polycarbonates,23,0.9565217391304348,0.05652173913043479,113.94515108150613,True,family,Normalised SCP,random_9,random,random_forest
Polyanhydrides,5,1.0,0.09999999999999998,170.00223784438649,False,family,Normalised SCP,random_9,random,random_forest
0,38,0.5263157894736842,-0.37368421052631584,132.67380067118785,True,similarity,SCP,random_9,random,hist_gbr
1,81,0.7530864197530864,-0.1469135802469136,132.67380067118793,True,similarity,SCP,random_9,random,hist_gbr
2,151,0.7549668874172185,-0.1450331125827815,132.67380067118788,True,similarity,SCP,random_9,random,hist_gbr
3,215,0.8558139534883721,-0.04418604651162794,132.67380067118793,True,similarity,SCP,random_9,random,hist_gbr
4,282,0.9219858156028369,0.021985815602836856,132.6738006711879,True,similarity,SCP,random_9,random,hist_gbr
5,668,0.9565868263473054,0.056586826347305386,132.67380067118793,True,similarity,SCP,random_9,random,hist_gbr
Polydienes,17,0.5882352941176471,-0.31176470588235294,132.6738006711879,True,family,SCP,random_9,random,hist_gbr
Polyolefins,42,0.6904761904761905,-0.20952380952380956,132.67380067118788,True,family,SCP,random_9,random,hist_gbr
Polyhalo-olefins,11,0.7272727272727273,-0.17272727272727273,132.67380067118793,True,family,SCP,random_9,random,hist_gbr
Polyphenylenes,74,0.7432432432432432,-0.15675675675675682,132.6738006711879,True,family,SCP,random_9,random,hist_gbr
Polyureas,8,0.75,-0.15000000000000002,132.6738006711879,False,family,SCP,random_9,random,hist_gbr
Polysiloxanes,49,0.8163265306122449,-0.0836734693877551,132.6738006711879,True,family,SCP,random_9,random,hist_gbr
Polyimines,7,0.8571428571428571,-0.04285714285714293,132.6738006711879,False,family,SCP,random_9,random,hist_gbr
Polyphosphazenes,29,0.8620689655172413,-0.037931034482758696,132.67380067118793,True,family,SCP,random_9,random,hist_gbr
Polysulfides,15,0.8666666666666667,-0.033333333333333326,132.67380067118796,True,family,SCP,random_9,random,hist_gbr
Polystyrenes,41,0.8780487804878049,-0.02195121951219514,132.6738006711879,True,family,SCP,random_9,random,hist_gbr
Polyurethanes,41,0.9024390243902439,0.0024390243902439046,132.6738006711879,True,family,SCP,random_9,random,hist_gbr
Polyacrylics,135,0.9037037037037037,0.0037037037037036535,132.67380067118788,True,family,SCP,random_9,random,hist_gbr
Polysulfones,43,0.9069767441860465,0.006976744186046435,132.67380067118788,True,family,SCP,random_9,random,hist_gbr
Polyethers,132,0.9090909090909091,0.009090909090909038,132.6738006711879,True,family,SCP,random_9,random,hist_gbr
Polyimides,325,0.9138461538461539,0.013846153846153841,132.67380067118793,True,family,SCP,random_9,random,hist_gbr
Polyesters,172,0.9186046511627907,0.018604651162790642,132.67380067118793,True,family,SCP,random_9,random,hist_gbr
Polyamides,221,0.9366515837104072,0.03665158371040722,132.67380067118793,True,family,SCP,random_9,random,hist_gbr
Polyvinyls,45,0.9555555555555556,0.05555555555555558,132.67380067118788,True,family,SCP,random_9,random,hist_gbr
Polycarbonates,23,0.9565217391304348,0.05652173913043479,132.67380067118793,True,family,SCP,random_9,random,hist_gbr
Polyanhydrides,5,1.0,0.09999999999999998,132.6738006711879,False,family,SCP,random_9,random,hist_gbr
1,81,0.8271604938271605,-0.07283950617283952,156.94277675816642,True,similarity,Mondrian-similarity,random_9,random,hist_gbr
2,151,0.847682119205298,-0.05231788079470201,158.15856806473104,True,similarity,Mondrian-similarity,random_9,random,hist_gbr
0,38,0.868421052631579,-0.03157894736842104,259.05591833879447,True,similarity,Mondrian-similarity,random_9,random,hist_gbr
5,668,0.8967065868263473,-0.003293413173652726,92.56072143500067,True,similarity,Mondrian-similarity,random_9,random,hist_gbr
3,215,0.9116279069767442,0.011627906976744207,161.89994449794426,True,similarity,Mondrian-similarity,random_9,random,hist_gbr
4,282,0.9326241134751773,0.03262411347517724,138.3413622685562,True,similarity,Mondrian-similarity,random_9,random,hist_gbr
Polydienes,17,0.5882352941176471,-0.31176470588235294,156.1323771290619,True,family,Mondrian-similarity,random_9,random,hist_gbr
Polysulfides,15,0.7333333333333333,-0.16666666666666674,144.37995825861177,True,family,Mondrian-similarity,random_9,random,hist_gbr
Polyphenylenes,74,0.7432432432432432,-0.15675675675675682,133.62764230035376,True,family,Mondrian-similarity,random_9,random,hist_gbr
Polyolefins,42,0.7857142857142857,-0.11428571428571432,164.6113264731024,True,family,Mondrian-similarity,random_9,random,hist_gbr
Polyureas,8,0.875,-0.025000000000000022,114.68276319662772,False,family,Mondrian-similarity,random_9,random,hist_gbr
Polysiloxanes,49,0.8775510204081632,-0.022448979591836782,125.93304646103232,True,family,Mondrian-similarity,random_9,random,hist_gbr
Polyimides,325,0.8830769230769231,-0.01692307692307693,113.20374451117326,True,family,Mondrian-similarity,random_9,random,hist_gbr
Polysulfones,43,0.9069767441860465,0.006976744186046435,126.68561006986576,True,family,Mondrian-similarity,random_9,random,hist_gbr
Polyhalo-olefins,11,0.9090909090909091,0.009090909090909038,149.33875184580623,True,family,Mondrian-similarity,random_9,random,hist_gbr
Polyamides,221,0.9095022624434389,0.00950226244343888,118.3178803498527,True,family,Mondrian-similarity,random_9,random,hist_gbr
Polyethers,132,0.9166666666666666,0.016666666666666607,127.94189754789234,True,family,Mondrian-similarity,random_9,random,hist_gbr
Polyesters,172,0.9244186046511628,0.024418604651162745,127.49311694478578,True,family,Mondrian-similarity,random_9,random,hist_gbr
Polystyrenes,41,0.926829268292683,0.02682926829268295,143.07546498613266,True,family,Mondrian-similarity,random_9,random,hist_gbr
Polyacrylics,135,0.9407407407407408,0.040740740740740744,136.49767385719602,True,family,Mondrian-similarity,random_9,random,hist_gbr
Polyvinyls,45,0.9555555555555556,0.05555555555555558,145.06259302933955,True,family,Mondrian-similarity,random_9,random,hist_gbr
Polycarbonates,23,0.9565217391304348,0.05652173913043479,118.7691479771155,True,family,Mondrian-similarity,random_9,random,hist_gbr
Polyphosphazenes,29,0.9655172413793104,0.06551724137931036,155.20439157100498,True,family,Mondrian-similarity,random_9,random,hist_gbr
Polyurethanes,41,0.975609756097561,0.07560975609756093,116.65310713623207,True,family,Mondrian-similarity,random_9,random,hist_gbr
Polyanhydrides,5,1.0,0.09999999999999998,144.17201714918164,False,family,Mondrian-similarity,random_9,random,hist_gbr
Polyimines,7,1.0,0.09999999999999998,139.33153595412188,False,family,Mondrian-similarity,random_9,random,hist_gbr
0,38,0.5789473684210527,-0.32105263157894737,146.3170772413977,True,similarity,Mondrian-family,random_9,random,hist_gbr
1,81,0.7654320987654321,-0.13456790123456797,146.59259851022873,True,similarity,Mondrian-family,random_9,random,hist_gbr
2,151,0.7947019867549668,-0.10529801324503318,143.3666572956415,True,similarity,Mondrian-family,random_9,random,hist_gbr
3,215,0.8697674418604651,-0.03023255813953496,145.97512246514833,True,similarity,Mondrian-family,random_9,random,hist_gbr
4,282,0.9184397163120568,0.018439716312056764,135.6539577213749,True,similarity,Mondrian-family,random_9,random,hist_gbr
5,668,0.9505988023952096,0.05059880239520953,133.60952470080747,True,similarity,Mondrian-family,random_9,random,hist_gbr
Polydienes,17,0.5882352941176471,-0.31176470588235294,132.6738006711879,True,family,Mondrian-family,random_9,random,hist_gbr
Polyolefins,42,0.6666666666666666,-0.2333333333333334,122.7109511370266,True,family,Mondrian-family,random_9,random,hist_gbr
Polyhalo-olefins,11,0.7272727272727273,-0.17272727272727273,132.67380067118793,True,family,Mondrian-family,random_9,random,hist_gbr
Polyureas,8,0.75,-0.15000000000000002,132.6738006711879,False,family,Mondrian-family,random_9,random,hist_gbr
Polyphenylenes,74,0.8513513513513513,-0.04864864864864871,176.26016544445164,True,family,Mondrian-family,random_9,random,hist_gbr
Polyimines,7,0.8571428571428571,-0.04285714285714293,132.6738006711879,False,family,Mondrian-family,random_9,random,hist_gbr
Polysulfides,15,0.8666666666666667,-0.033333333333333326,132.67380067118796,True,family,Mondrian-family,random_9,random,hist_gbr
Polyimides,325,0.8830769230769231,-0.01692307692307693,114.76421797084072,True,family,Mondrian-family,random_9,random,hist_gbr
Polyamides,221,0.8868778280542986,-0.013122171945701422,115.79789610010674,True,family,Mondrian-family,random_9,random,hist_gbr
Polyethers,132,0.8939393939393939,-0.0060606060606061,121.12933173659007,True,family,Mondrian-family,random_9,random,hist_gbr
Polyacrylics,135,0.8962962962962963,-0.0037037037037037646,130.62836537396808,True,family,Mondrian-family,random_9,random,hist_gbr
Polystyrenes,41,0.926829268292683,0.02682926829268295,160.0036666125876,True,family,Mondrian-family,random_9,random,hist_gbr
Polyesters,172,0.9418604651162791,0.041860465116279055,145.2536979472289,True,family,Mondrian-family,random_9,random,hist_gbr
Polysulfones,43,0.9534883720930233,0.05348837209302326,194.91255172456417,True,family,Mondrian-family,random_9,random,hist_gbr
Polycarbonates,23,0.9565217391304348,0.05652173913043479,132.67380067118793,True,family,Mondrian-family,random_9,random,hist_gbr
Polyphosphazenes,29,0.9655172413793104,0.06551724137931036,192.77676649039978,True,family,Mondrian-family,random_9,random,hist_gbr
Polyurethanes,41,0.975609756097561,0.07560975609756093,145.3830556477797,True,family,Mondrian-family,random_9,random,hist_gbr
Polysiloxanes,49,0.9795918367346939,0.07959183673469383,216.63676845198302,True,family,Mondrian-family,random_9,random,hist_gbr
Polyvinyls,45,1.0,0.09999999999999998,216.90042813033222,True,family,Mondrian-family,random_9,random,hist_gbr
Polyanhydrides,5,1.0,0.09999999999999998,132.6738006711879,False,family,Mondrian-family,random_9,random,hist_gbr
0,38,0.6842105263157895,-0.21578947368421053,193.25194541410679,True,similarity,Normalised SCP,random_9,random,hist_gbr
2,151,0.8079470198675497,-0.09205298013245033,155.92721880791777,True,similarity,Normalised SCP,random_9,random,hist_gbr
1,81,0.8395061728395061,-0.060493827160493896,185.22007279920365,True,similarity,Normalised SCP,random_9,random,hist_gbr
3,215,0.9023255813953488,0.0023255813953487747,153.95486019532092,True,similarity,Normalised SCP,random_9,random,hist_gbr
4,282,0.9148936170212766,0.014893617021276562,136.59214265359543,True,similarity,Normalised SCP,random_9,random,hist_gbr
5,668,0.9535928143712575,0.05359281437125751,121.90696922066257,True,similarity,Normalised SCP,random_9,random,hist_gbr
Polyureas,8,0.75,-0.15000000000000002,135.66712951635526,False,family,Normalised SCP,random_9,random,hist_gbr
Polyolefins,42,0.8095238095238095,-0.09047619047619049,213.67944061101537,True,family,Normalised SCP,random_9,random,hist_gbr
Polydienes,17,0.8235294117647058,-0.07647058823529418,238.96300803119527,True,family,Normalised SCP,random_9,random,hist_gbr
Polyphenylenes,74,0.8513513513513513,-0.04864864864864871,175.14660338760436,True,family,Normalised SCP,random_9,random,hist_gbr
Polyimines,7,0.8571428571428571,-0.04285714285714293,148.9190015492554,False,family,Normalised SCP,random_9,random,hist_gbr
Polyimides,325,0.8923076923076924,-0.007692307692307665,119.76529916547673,True,family,Normalised SCP,random_9,random,hist_gbr
Polyesters,172,0.8953488372093024,-0.0046511627906976605,125.34733620990973,True,family,Normalised SCP,random_9,random,hist_gbr
Polyphosphazenes,29,0.896551724137931,-0.0034482758620689724,174.92039045229498,True,family,Normalised SCP,random_9,random,hist_gbr
Polyhalo-olefins,11,0.9090909090909091,0.009090909090909038,161.8170985650895,True,family,Normalised SCP,random_9,random,hist_gbr
Polyethers,132,0.9166666666666666,0.016666666666666607,140.13170736749984,True,family,Normalised SCP,random_9,random,hist_gbr
Polysiloxanes,49,0.9183673469387755,0.01836734693877551,193.61080325396483,True,family,Normalised SCP,random_9,random,hist_gbr
Polyacrylics,135,0.9259259259259259,0.025925925925925908,127.78484179597932,True,family,Normalised SCP,random_9,random,hist_gbr
Polyurethanes,41,0.926829268292683,0.02682926829268295,119.55433857529498,True,family,Normalised SCP,random_9,random,hist_gbr
Polysulfones,43,0.9302325581395349,0.03023255813953485,133.9302134223276,True,family,Normalised SCP,random_9,random,hist_gbr
Polysulfides,15,0.9333333333333333,0.033333333333333326,167.2314012489207,True,family,Normalised SCP,random_9,random,hist_gbr
Polyamides,221,0.9411764705882353,0.04117647058823526,128.8166189058458,True,family,Normalised SCP,random_9,random,hist_gbr
Polycarbonates,23,0.9565217391304348,0.05652173913043479,124.34281994524416,True,family,Normalised SCP,random_9,random,hist_gbr
Polystyrenes,41,0.975609756097561,0.07560975609756093,168.5003932297702,True,family,Normalised SCP,random_9,random,hist_gbr
Polyvinyls,45,0.9777777777777777,0.07777777777777772,133.2054785800632,True,family,Normalised SCP,random_9,random,hist_gbr
Polyanhydrides,5,1.0,0.09999999999999998,169.45758415219697,False,family,Normalised SCP,random_9,random,hist_gbr
0,38,0.5526315789473685,-0.34736842105263155,134.8094,True,similarity,SCP,random_9,random,extra_trees
2,151,0.7218543046357616,-0.1781456953642384,134.8094,True,similarity,SCP,random_9,random,extra_trees
1,81,0.8271604938271605,-0.07283950617283952,134.8094,True,similarity,SCP,random_9,random,extra_trees
3,215,0.8604651162790697,-0.03953488372093028,134.80940000000004,True,similarity,SCP,random_9,random,extra_trees
4,282,0.925531914893617,0.025531914893616947,134.8094,True,similarity,SCP,random_9,random,extra_trees
5,668,0.9610778443113772,0.061077844311377194,134.8094,True,similarity,SCP,random_9,random,extra_trees
Polydienes,17,0.6470588235294118,-0.2529411764705882,134.8094,True,family,SCP,random_9,random,extra_trees
Polysiloxanes,49,0.673469387755102,-0.226530612244898,134.8094,True,family,SCP,random_9,random,extra_trees
Polyureas,8,0.75,-0.15000000000000002,134.80939999999998,False,family,SCP,random_9,random,extra_trees
Polyolefins,42,0.7619047619047619,-0.13809523809523816,134.8094,True,family,SCP,random_9,random,extra_trees
Polyphosphazenes,29,0.7931034482758621,-0.10689655172413792,134.80940000000004,True,family,SCP,random_9,random,extra_trees
Polyphenylenes,74,0.7972972972972973,-0.10270270270270276,134.8094,True,family,SCP,random_9,random,extra_trees
Polysulfides,15,0.8,-0.09999999999999998,134.80940000000007,True,family,SCP,random_9,random,extra_trees
Polyimines,7,0.8571428571428571,-0.04285714285714293,134.80940000000004,False,family,SCP,random_9,random,extra_trees
Polystyrenes,41,0.8780487804878049,-0.02195121951219514,134.8094,True,family,SCP,random_9,random,extra_trees
Polyacrylics,135,0.8962962962962963,-0.0037037037037037646,134.8094,True,family,SCP,random_9,random,extra_trees
Polyhalo-olefins,11,0.9090909090909091,0.009090909090909038,134.80940000000004,True,family,SCP,random_9,random,extra_trees
Polyamides,221,0.918552036199095,0.018552036199094957,134.8094,True,family,SCP,random_9,random,extra_trees
Polyimides,325,0.9230769230769231,0.023076923076923106,134.8094,True,family,SCP,random_9,random,extra_trees
Polyethers,132,0.9242424242424242,0.024242424242424176,134.80939999999998,True,family,SCP,random_9,random,extra_trees
Polysulfones,43,0.9302325581395349,0.03023255813953485,134.8094,True,family,SCP,random_9,random,extra_trees
Polyesters,172,0.936046511627907,0.03604651162790695,134.8094,True,family,SCP,random_9,random,extra_trees
Polyvinyls,45,0.9555555555555556,0.05555555555555558,134.8094,True,family,SCP,random_9,random,extra_trees
Polycarbonates,23,0.9565217391304348,0.05652173913043479,134.8094,True,family,SCP,random_9,random,extra_trees
Polyurethanes,41,0.975609756097561,0.07560975609756093,134.8094,True,family,SCP,random_9,random,extra_trees
Polyanhydrides,5,1.0,0.09999999999999998,134.8094,False,family,SCP,random_9,random,extra_trees
0,38,0.868421052631579,-0.03157894736842104,248.70139999999992,True,similarity,Mondrian-similarity,random_9,random,extra_trees
2,151,0.8807947019867549,-0.01920529801324511,177.33399999999995,True,similarity,Mondrian-similarity,random_9,random,extra_trees
5,668,0.9101796407185628,0.01017964071856281,89.68580000000003,True,similarity,Mondrian-similarity,random_9,random,extra_trees
4,282,0.9184397163120568,0.018439716312056764,123.94900000000052,True,similarity,Mondrian-similarity,random_9,random,extra_trees
1,81,0.9259259259259259,0.025925925925925908,201.64939999999999,True,similarity,Mondrian-similarity,random_9,random,extra_trees
3,215,0.9395348837209302,0.03953488372093017,179.15629999999996,True,similarity,Mondrian-similarity,random_9,random,extra_trees
Polydienes,17,0.7058823529411765,-0.1941176470588235,172.7785411764706,True,family,Mondrian-similarity,random_9,random,extra_trees
Polyphenylenes,74,0.7702702702702703,-0.12972972972972974,139.10958783783792,True,family,Mondrian-similarity,random_9,random,extra_trees
Polysiloxanes,49,0.7959183673469388,-0.10408163265306125,130.06954693877552,True,family,Mondrian-similarity,random_9,random,extra_trees
Polysulfides,15,0.8,-0.09999999999999998,145.01861333333346,True,family,Mondrian-similarity,random_9,random,extra_trees
Polyolefins,42,0.8095238095238095,-0.09047619047619049,179.0306666666667,True,family,Mondrian-similarity,random_9,random,extra_trees
Polyureas,8,0.875,-0.025000000000000022,115.88075000000006,False,family,Mondrian-similarity,random_9,random,extra_trees
Polysulfones,43,0.8837209302325582,-0.016279069767441867,125.70632558139552,True,family,Mondrian-similarity,random_9,random,extra_trees
Polyimides,325,0.8984615384615384,-0.0015384615384615996,111.62568676923088,True,family,Mondrian-similarity,random_9,random,extra_trees
Polyamides,221,0.9230769230769231,0.023076923076923106,118.82150678733039,True,family,Mondrian-similarity,random_9,random,extra_trees
Polyacrylics,135,0.9407407407407408,0.040740740740740744,139.46309259259274,True,family,Mondrian-similarity,random_9,random,extra_trees
Polyesters,172,0.9476744186046512,0.04767441860465116,129.4659011627908,True,family,Mondrian-similarity,random_9,random,extra_trees
Polycarbonates,23,0.9565217391304348,0.05652173913043479,122.04610434782617,True,family,Mondrian-similarity,random_9,random,extra_trees
Polyethers,132,0.9621212121212122,0.06212121212121213,131.2457068181819,True,family,Mondrian-similarity,random_9,random,extra_trees
Polyphosphazenes,29,0.9655172413793104,0.06551724137931036,167.7122655172414,True,family,Mondrian-similarity,random_9,random,extra_trees
Polystyrenes,41,0.975609756097561,0.07560975609756093,151.8014780487806,True,family,Mondrian-similarity,random_9,random,extra_trees
Polyvinyls,45,0.9777777777777777,0.07777777777777772,157.36407555555567,True,family,Mondrian-similarity,random_9,random,extra_trees
Polyurethanes,41,1.0,0.09999999999999998,119.49697317073178,True,family,Mondrian-similarity,random_9,random,extra_trees
Polyhalo-olefins,11,1.0,0.09999999999999998,168.92551818181812,True,family,Mondrian-similarity,random_9,random,extra_trees
Polyanhydrides,5,1.0,0.09999999999999998,135.1942000000002,False,family,Mondrian-similarity,random_9,random,extra_trees
Polyimines,7,1.0,0.09999999999999998,134.97330000000014,False,family,Mondrian-similarity,random_9,random,extra_trees
0,38,0.5526315789473685,-0.34736842105263155,149.8100610526316,True,similarity,Mondrian-family,random_9,random,extra_trees
2,151,0.7682119205298014,-0.13178807947019866,147.34168953642387,True,similarity,Mondrian-family,random_9,random,extra_trees
1,81,0.8271604938271605,-0.07283950617283952,150.9874538271605,True,similarity,Mondrian-family,random_9,random,extra_trees
3,215,0.8883720930232558,-0.011627906976744207,153.51297841860466,True,similarity,Mondrian-family,random_9,random,extra_trees
4,282,0.9184397163120568,0.018439716312056764,139.04190737588652,True,similarity,Mondrian-family,random_9,random,extra_trees
5,668,0.9565868263473054,0.056586826347305386,134.11362161676647,True,similarity,Mondrian-family,random_9,random,extra_trees
Polydienes,17,0.6470588235294118,-0.2529411764705882,134.8094,True,family,Mondrian-family,random_9,random,extra_trees
Polyureas,8,0.75,-0.15000000000000002,134.80939999999998,False,family,Mondrian-family,random_9,random,extra_trees
Polyolefins,42,0.7619047619047619,-0.13809523809523816,130.15019999999998,True,family,Mondrian-family,random_9,random,extra_trees
Polysulfides,15,0.8,-0.09999999999999998,134.80940000000007,True,family,Mondrian-family,random_9,random,extra_trees
Polyimines,7,0.8571428571428571,-0.04285714285714293,134.80940000000004,False,family,Mondrian-family,random_9,random,extra_trees
Polyamides,221,0.8642533936651584,-0.03574660633484161,110.75324000000023,True,family,Mondrian-family,random_9,random,extra_trees
Polyethers,132,0.8787878787878788,-0.021212121212121238,112.85411999999997,True,family,Mondrian-family,random_9,random,extra_trees
Polyphenylenes,74,0.8918918918918919,-0.008108108108108136,201.64939999999999,True,family,Mondrian-family,random_9,random,extra_trees
Polyimides,325,0.8953846153846153,-0.004615384615384688,117.96619999999982,True,family,Mondrian-family,random_9,random,extra_trees
Polyphosphazenes,29,0.896551724137931,-0.0034482758620689724,182.82476000000017,True,family,Mondrian-family,random_9,random,extra_trees
Polyhalo-olefins,11,0.9090909090909091,0.009090909090909038,134.80940000000004,True,family,Mondrian-family,random_9,random,extra_trees
Polysiloxanes,49,0.9183673469387755,0.01836734693877551,208.1772,True,family,Mondrian-family,random_9,random,extra_trees
Polyacrylics,135,0.9259259259259259,0.025925925925925908,150.96175999999994,True,family,Mondrian-family,random_9,random,extra_trees
Polysulfones,43,0.9302325581395349,0.03023255813953485,163.28116000000026,True,family,Mondrian-family,random_9,random,extra_trees
Polyurethanes,41,0.9512195121951219,0.051219512195121886,117.81848000000008,True,family,Mondrian-family,random_9,random,extra_trees
Polyesters,172,0.9534883720930233,0.05348837209302326,145.39959999999996,True,family,Mondrian-family,random_9,random,extra_trees
Polycarbonates,23,0.9565217391304348,0.05652173913043479,134.8094,True,family,Mondrian-family,random_9,random,extra_trees
Polyvinyls,45,1.0,0.09999999999999998,217.82228,True,family,Mondrian-family,random_9,random,extra_trees
Polystyrenes,41,1.0,0.09999999999999998,237.4476,True,family,Mondrian-family,random_9,random,extra_trees
Polyanhydrides,5,1.0,0.09999999999999998,134.8094,False,family,Mondrian-family,random_9,random,extra_trees
0,38,0.7631578947368421,-0.13684210526315788,193.47653867150402,True,similarity,Normalised SCP,random_9,random,extra_trees
2,151,0.8145695364238411,-0.08543046357615891,150.32739850033525,True,similarity,Normalised SCP,random_9,random,extra_trees
1,81,0.8765432098765432,-0.023456790123456805,181.53685123059773,True,similarity,Normalised SCP,random_9,random,extra_trees
3,215,0.8790697674418605,-0.020930232558139528,150.62278652659077,True,similarity,Normalised SCP,random_9,random,extra_trees
4,282,0.9219858156028369,0.021985815602836856,136.93714950866195,True,similarity,Normalised SCP,random_9,random,extra_trees
5,668,0.9550898203592815,0.05508982035928145,121.51479726607177,True,similarity,Normalised SCP,random_9,random,extra_trees
Polyureas,8,0.75,-0.15000000000000002,127.10535262165611,False,family,Normalised SCP,random_9,random,extra_trees
Polyolefins,42,0.8095238095238095,-0.09047619047619049,201.03303319672622,True,family,Normalised SCP,random_9,random,extra_trees
Polyphenylenes,74,0.8378378378378378,-0.06216216216216219,178.88578364088144,True,family,Normalised SCP,random_9,random,extra_trees
Polyimines,7,0.8571428571428571,-0.04285714285714293,169.29000862037176,False,family,Normalised SCP,random_9,random,extra_trees
Polydienes,17,0.8823529411764706,-0.01764705882352946,237.41768856376342,True,family,Normalised SCP,random_9,random,extra_trees
Polyesters,172,0.9011627906976745,0.0011627906976744429,118.99409078550948,True,family,Normalised SCP,random_9,random,extra_trees
Polyamides,221,0.9049773755656109,0.004977375565610842,116.11834652370783,True,family,Normalised SCP,random_9,random,extra_trees
Polyimides,325,0.9107692307692308,0.010769230769230753,124.06235406364885,True,family,Normalised SCP,random_9,random,extra_trees
Polyacrylics,135,0.9111111111111111,0.011111111111111072,131.1719536100516,True,family,Normalised SCP,random_9,random,extra_trees
Polycarbonates,23,0.9130434782608695,0.01304347826086949,109.25349170734408,True,family,Normalised SCP,random_9,random,extra_trees
Polyurethanes,41,0.926829268292683,0.02682926829268295,100.2880927132905,True,family,Normalised SCP,random_9,random,extra_trees
Polyphosphazenes,29,0.9310344827586207,0.03103448275862064,173.7350653980483,True,family,Normalised SCP,random_9,random,extra_trees
Polysulfides,15,0.9333333333333333,0.033333333333333326,187.02973688879214,True,family,Normalised SCP,random_9,random,extra_trees
Polysiloxanes,49,0.9387755102040817,0.038775510204081653,208.35466829399365,True,family,Normalised SCP,random_9,random,extra_trees
Polysulfones,43,0.9534883720930233,0.05348837209302326,142.5697474218415,True,family,Normalised SCP,random_9,random,extra_trees
Polyethers,132,0.9545454545454546,0.054545454545454564,144.65634174025897,True,family,Normalised SCP,random_9,random,extra_trees
Polystyrenes,41,0.975609756097561,0.07560975609756093,176.02354035981696,True,family,Normalised SCP,random_9,random,extra_trees
Polyvinyls,45,0.9777777777777777,0.07777777777777772,118.54562556285211,True,family,Normalised SCP,random_9,random,extra_trees
Polyhalo-olefins,11,1.0,0.09999999999999998,142.1012784458551,True,family,Normalised SCP,random_9,random,extra_trees
Polyanhydrides,5,1.0,0.09999999999999998,166.80240640618905,False,family,Normalised SCP,random_9,random,extra_trees
