group,n,coverage,coverage_error,mean_width,reliable,taxonomy,conformal,split,regime,model
0,335,0.9223880597014925,0.02238805970149249,366.0,True,similarity,SCP,family_Polyacrylics,family,median
2,100,0.93,0.030000000000000027,366.0,True,similarity,SCP,family_Polyacrylics,family,median
1,200,0.955,0.05499999999999994,366.0,True,similarity,SCP,family_Polyacrylics,family,median
3,25,1.0,0.09999999999999998,366.0,True,similarity,SCP,family_Polyacrylics,family,median
4,1,1.0,0.09999999999999998,366.0,False,similarity,SCP,family_Polyacrylics,family,median
Polyacrylics,661,0.9364599092284418,0.03645990922844178,366.0,True,family,SCP,family_Polyacrylics,family,median
2,100,0.97,0.06999999999999995,412.0,True,similarity,Mondrian-similarity,family_Polyacrylics,family,median
0,335,0.9880597014925373,0.08805970149253728,436.0,True,similarity,Mondrian-similarity,family_Polyacrylics,family,median
1,200,0.99,0.08999999999999997,415.0,True,similarity,Mondrian-similarity,family_Polyacrylics,family,median
3,25,1.0,0.09999999999999998,364.0,True,similarity,Mondrian-similarity,family_Polyacrylics,family,median
4,1,1.0,0.09999999999999998,358.0,False,similarity,Mondrian-similarity,family_Polyacrylics,family,median
Polyacrylics,661,0.9863842662632375,0.08638426626323747,423.17397881996976,True,family,Mondrian-similarity,family_Polyacrylics,family,median
0,335,0.9223880597014925,0.02238805970149249,366.0,True,similarity,Mondrian-family,family_Polyacrylics,family,median
2,100,0.93,0.030000000000000027,366.0,True,similarity,Mondrian-family,family_Polyacrylics,family,median
1,200,0.955,0.05499999999999994,366.0,True,similarity,Mondrian-family,family_Polyacrylics,family,median
3,25,1.0,0.09999999999999998,366.0,True,similarity,Mondrian-family,family_Polyacrylics,family,median
4,1,1.0,0.09999999999999998,366.0,False,similarity,Mondrian-family,family_Polyacrylics,family,median
Polyacrylics,661,0.9364599092284418,0.03645990922844178,366.0,True,family,Mondrian-family,family_Polyacrylics,family,median
4,1,0.0,-0.9,234.400879039002,False,similarity,Normalised SCP,family_Polyacrylics,family,median
3,25,0.72,-0.18000000000000005,266.8429890084283,True,similarity,Normalised SCP,family_Polyacrylics,family,median
1,200,0.74,-0.16000000000000003,290.20513049766197,True,similarity,Normalised SCP,family_Polyacrylics,family,median
2,100,0.88,-0.020000000000000018,308.9701002796912,True,similarity,Normalised SCP,family_Polyacrylics,family,median
0,335,0.9044776119402985,0.004477611940298498,341.70456917604537,True,similarity,Normalised SCP,family_Polyacrylics,family,median
Polyacrylics,661,0.8426626323751891,-0.0573373676248109,318.17631226282367,True,family,Normalised SCP,family_Polyacrylics,family,median
0,335,0.8298507462686567,-0.07014925373134329,135.45305141023098,True,similarity,SCP,family_Polyacrylics,family,svr
1,200,0.88,-0.020000000000000018,135.45305141023096,True,similarity,SCP,family_Polyacrylics,family,svr
2,100,0.9,0.0,135.45305141023098,True,similarity,SCP,family_Polyacrylics,family,svr
3,25,1.0,0.09999999999999998,135.4530514102309,True,similarity,SCP,family_Polyacrylics,family,svr
4,1,1.0,0.09999999999999998,135.45305141023093,False,similarity,SCP,family_Polyacrylics,family,svr
Polyacrylics,661,0.8623298033282905,-0.037670196671709566,135.45305141023096,True,family,SCP,family_Polyacrylics,family,svr
2,100,0.94,0.039999999999999925,171.54748917832046,True,similarity,Mondrian-similarity,family_Polyacrylics,family,svr
1,200,0.99,0.08999999999999997,255.54590323009367,True,similarity,Mondrian-similarity,family_Polyacrylics,family,svr
0,335,0.991044776119403,0.09104477611940298,299.2866725052222,True,similarity,Mondrian-similarity,family_Polyacrylics,family,svr
3,25,1.0,0.09999999999999998,188.87416108674768,True,similarity,Mondrian-similarity,family_Polyacrylics,family,svr
4,1,1.0,0.09999999999999998,125.39235839095704,False,similarity,Mondrian-similarity,family_Polyacrylics,family,svr
Polyacrylics,661,0.983358547655068,0.083358547655068,262.287762842148,True,family,Mondrian-similarity,family_Polyacrylics,family,svr
0,335,0.8298507462686567,-0.07014925373134329,135.45305141023098,True,similarity,Mondrian-family,family_Polyacrylics,family,svr
1,200,0.88,-0.020000000000000018,135.45305141023096,True,similarity,Mondrian-family,family_Polyacrylics,family,svr
2,100,0.9,0.0,135.45305141023098,True,similarity,Mondrian-family,family_Polyacrylics,family,svr
3,25,1.0,0.09999999999999998,135.4530514102309,True,similarity,Mondrian-family,family_Polyacrylics,family,svr
4,1,1.0,0.09999999999999998,135.45305141023093,False,similarity,Mondrian-family,family_Polyacrylics,family,svr
Polyacrylics,661,0.8623298033282905,-0.037670196671709566,135.45305141023096,True,family,Mondrian-family,family_Polyacrylics,family,svr
0,335,0.7701492537313432,-0.12985074626865678,128.97086661046228,True,similarity,Normalised SCP,family_Polyacrylics,family,svr
1,200,0.81,-0.08999999999999997,117.76872783350308,True,similarity,Normalised SCP,family_Polyacrylics,family,svr
2,100,0.89,-0.010000000000000009,113.8111990519491,True,similarity,Normalised SCP,family_Polyacrylics,family,svr
3,25,1.0,0.09999999999999998,90.16654756861122,True,similarity,Normalised SCP,family_Polyacrylics,family,svr
4,1,1.0,0.09999999999999998,71.72979969943006,False,similarity,Normalised SCP,family_Polyacrylics,family,svr
Polyacrylics,661,0.8093797276853253,-0.09062027231467473,121.7337356661348,True,family,Normalised SCP,family_Polyacrylics,family,svr
0,335,0.7432835820895523,-0.15671641791044777,125.97215999999987,True,similarity,SCP,family_Polyacrylics,family,random_forest
1,200,0.855,-0.04500000000000004,125.97215999999987,True,similarity,SCP,family_Polyacrylics,family,random_forest
2,100,0.9,0.0,125.97215999999986,True,similarity,SCP,family_Polyacrylics,family,random_forest
3,25,1.0,0.09999999999999998,125.97215999999992,True,similarity,SCP,family_Polyacrylics,family,random_forest
4,1,1.0,0.09999999999999998,125.97215999999992,False,similarity,SCP,family_Polyacrylics,family,random_forest
Polyacrylics,661,0.81089258698941,-0.08910741301059,125.97215999999987,True,family,SCP,family_Polyacrylics,family,random_forest
2,100,0.92,0.020000000000000018,164.18243999999999,True,similarity,Mondrian-similarity,family_Polyacrylics,family,random_forest
0,335,0.9671641791044776,0.06716417910447758,262.652,True,similarity,Mondrian-similarity,family_Polyacrylics,family,random_forest
1,200,0.98,0.07999999999999996,236.24356000000003,True,similarity,Mondrian-similarity,family_Polyacrylics,family,random_forest
3,25,1.0,0.09999999999999998,160.24043999999992,True,similarity,Mondrian-similarity,family_Polyacrylics,family,random_forest
4,1,1.0,0.09999999999999998,121.46819999999997,False,similarity,Mondrian-similarity,family_Polyacrylics,family,random_forest
Polyacrylics,661,0.9652042360060514,0.06520423600605141,235.67754190620272,True,family,Mondrian-similarity,family_Polyacrylics,family,random_forest
0,335,0.7432835820895523,-0.15671641791044777,125.97215999999987,True,similarity,Mondrian-family,family_Polyacrylics,family,random_forest
1,200,0.855,-0.04500000000000004,125.97215999999987,True,similarity,Mondrian-family,family_Polyacrylics,family,random_forest
2,100,0.9,0.0,125.97215999999986,True,similarity,Mondrian-family,family_Polyacrylics,family,random_forest
3,25,1.0,0.09999999999999998,125.97215999999992,True,similarity,Mondrian-family,family_Polyacrylics,family,random_forest
4,1,1.0,0.09999999999999998,125.97215999999992,False,similarity,Mondrian-family,family_Polyacrylics,family,random_forest
Polyacrylics,661,0.81089258698941,-0.08910741301059,125.97215999999987,True,family,Mondrian-family,family_Polyacrylics,family,random_forest
0,335,0.7522388059701492,-0.14776119402985077,128.38588490053272,True,similarity,Normalised SCP,family_Polyacrylics,family,random_forest
1,200,0.815,-0.08500000000000008,114.93302939067752,True,similarity,Normalised SCP,family_Polyacrylics,family,random_forest
2,100,0.86,-0.040000000000000036,102.24033582476142,True,similarity,Normalised SCP,family_Polyacrylics,family,random_forest
3,25,1.0,0.09999999999999998,80.87236468666138,True,similarity,Normalised SCP,family_Polyacrylics,family,random_forest
4,1,1.0,0.09999999999999998,73.68434978537432,False,similarity,Normalised SCP,family_Polyacrylics,family,random_forest
Polyacrylics,661,0.7972768532526475,-0.1027231467473525,118.48018815316493,True,family,Normalised SCP,family_Polyacrylics,family,random_forest
0,335,0.7701492537313432,-0.12985074626865678,116.09160039520096,True,similarity,SCP,family_Polyacrylics,family,hist_gbr
1,200,0.845,-0.05500000000000005,116.09160039520094,True,similarity,SCP,family_Polyacrylics,family,hist_gbr
2,100,0.9,0.0,116.09160039520094,True,similarity,SCP,family_Polyacrylics,family,hist_gbr
3,25,1.0,0.09999999999999998,116.09160039520097,True,similarity,SCP,family_Polyacrylics,family,hist_gbr
4,1,1.0,0.09999999999999998,116.09160039520097,False,similarity,SCP,family_Polyacrylics,family,hist_gbr
Polyacrylics,661,0.8214826021180031,-0.07851739788199696,116.09160039520097,True,family,SCP,family_Polyacrylics,family,hist_gbr
2,100,0.94,0.039999999999999925,160.23684503169397,True,similarity,Mondrian-similarity,family_Polyacrylics,family,hist_gbr
1,200,0.97,0.06999999999999995,212.1677908684333,True,similarity,Mondrian-similarity,family_Polyacrylics,family,hist_gbr
0,335,0.9701492537313433,0.07014925373134329,279.0084570212962,True,similarity,Mondrian-similarity,family_Polyacrylics,family,hist_gbr
3,25,1.0,0.09999999999999998,138.51894943360514,True,similarity,Mondrian-similarity,family_Polyacrylics,family,hist_gbr
4,1,1.0,0.09999999999999998,115.77844633548159,False,similarity,Mondrian-similarity,family_Polyacrylics,family,hist_gbr
Polyacrylics,661,0.9667170953101362,0.06671709531013614,235.25541295183945,True,family,Mondrian-similarity,family_Polyacrylics,family,hist_gbr
0,335,0.7701492537313432,-0.12985074626865678,116.09160039520096,True,similarity,Mondrian-family,family_Polyacrylics,family,hist_gbr
1,200,0.845,-0.05500000000000005,116.09160039520094,True,similarity,Mondrian-family,family_Polyacrylics,family,hist_gbr
2,100,0.9,0.0,116.09160039520094,True,similarity,Mondrian-family,family_Polyacrylics,family,hist_gbr
3,25,1.0,0.09999999999999998,116.09160039520097,True,similarity,Mondrian-family,family_Polyacrylics,family,hist_gbr
4,1,1.0,0.09999999999999998,116.09160039520097,False,similarity,Mondrian-family,family_Polyacrylics,family,hist_gbr
Polyacrylics,661,0.8214826021180031,-0.07851739788199696,116.09160039520097,True,family,Mondrian-family,family_Polyacrylics,family,hist_gbr
0,335,0.7611940298507462,-0.13880597014925378,116.53612162138946,True,similarity,Normalised SCP,family_Polyacrylics,family,hist_gbr
1,200,0.775,-0.125,103.93321986490012,True,similarity,Normalised SCP,family_Polyacrylics,family,hist_gbr
2,100,0.86,-0.040000000000000036,94.4012751129337,True,similarity,Normalised SCP,family_Polyacrylics,family,hist_gbr
3,25,0.92,0.020000000000000018,71.74476139484986,True,similarity,Normalised SCP,family_Polyacrylics,family,hist_gbr
4,1,1.0,0.09999999999999998,55.17385426309208,False,similarity,Normalised SCP,family_Polyacrylics,family,hist_gbr
Polyacrylics,661,0.7866868381240545,-0.11331316187594553,107.5872392081289,True,family,Normalised SCP,family_Polyacrylics,family,hist_gbr
0,335,0.7044776119402985,-0.19552238805970157,116.35240000000047,True,similarity,SCP,family_Polyacrylics,family,extra_trees
1,200,0.835,-0.06500000000000006,116.35240000000047,True,similarity,SCP,family_Polyacrylics,family,extra_trees
2,100,0.84,-0.06000000000000005,116.35240000000046,True,similarity,SCP,family_Polyacrylics,family,extra_trees
3,25,1.0,0.09999999999999998,116.3524000000005,True,similarity,SCP,family_Polyacrylics,family,extra_trees
4,1,1.0,0.09999999999999998,116.3524000000005,False,similarity,SCP,family_Polyacrylics,family,extra_trees
Polyacrylics,661,0.7760968229954615,-0.12390317700453857,116.35240000000047,True,family,SCP,family_Polyacrylics,family,extra_trees
2,100,0.93,0.030000000000000027,172.61900000000003,True,similarity,Mondrian-similarity,family_Polyacrylics,family,extra_trees
0,335,0.9701492537313433,0.07014925373134329,273.2122,True,similarity,Mondrian-similarity,family_Polyacrylics,family,extra_trees
1,200,0.98,0.07999999999999996,240.4207999999999,True,similarity,Mondrian-similarity,family_Polyacrylics,family,extra_trees
3,25,1.0,0.09999999999999998,140.14454000000006,True,similarity,Mondrian-similarity,family_Polyacrylics,family,extra_trees
4,1,1.0,0.09999999999999998,115.08776,False,similarity,Mondrian-similarity,family_Polyacrylics,family,extra_trees
Polyacrylics,661,0.9682299546142209,0.06822995461422088,242.80007301059,True,family,Mondrian-similarity,family_Polyacrylics,family,extra_trees
0,335,0.7044776119402985,-0.19552238805970157,116.35240000000047,True,similarity,Mondrian-family,family_Polyacrylics,family,extra_trees
1,200,0.835,-0.06500000000000006,116.35240000000047,True,similarity,Mondrian-family,family_Polyacrylics,family,extra_trees
2,100,0.84,-0.06000000000000005,116.35240000000046,True,similarity,Mondrian-family,family_Polyacrylics,family,extra_trees
3,25,1.0,0.09999999999999998,116.3524000000005,True,similarity,Mondrian-family,family_Polyacrylics,family,extra_trees
4,1,1.0,0.09999999999999998,116.3524000000005,False,similarity,Mondrian-family,family_Polyacrylics,family,extra_trees
Polyacrylics,661,0.7760968229954615,-0.12390317700453857,116.35240000000047,True,family,Mondrian-family,family_Polyacrylics,family,extra_trees
0,335,0.7074626865671642,-0.19253731343283587,121.47479931731114,True,similarity,Normalised SCP,family_Polyacrylics,family,extra_trees
1,200,0.77,-0.13,107.7438647274626,True,similarity,Normalised SCP,family_Polyacrylics,family,extra_trees
2,100,0.79,-0.10999999999999999,96.3212717773322,True,similarity,Normalised SCP,family_Polyacrylics,family,extra_trees
3,25,1.0,0.09999999999999998,74.77966338042046,True,similarity,Normalised SCP,family_Polyacrylics,family,extra_trees
4,1,1.0,0.09999999999999998,72.97023709701907,False,similarity,Normalised SCP,family_Polyacrylics,family,extra_trees
Polyacrylics,661,0.7503782148260212,-0.14962178517397884,111.67537022107791,True,family,Normalised SCP,family_Polyacrylics,family,extra_trees
0,229,0.9563318777292577,0.05633187772925763,385.0,True,similarity,SCP,family_Polyamides,family,median
1,309,0.9644012944983819,0.06440129449838183,385.0,True,similarity,SCP,family_Polyamides,family,median
4,54,0.9814814814814815,0.08148148148148149,385.0,True,similarity,SCP,family_Polyamides,family,median
2,288,0.9826388888888888,0.08263888888888882,385.0,True,similarity,SCP,family_Polyamides,family,median
3,97,0.9896907216494846,0.08969072164948455,385.0,True,similarity,SCP,family_Polyamides,family,median
5,5,1.0,0.09999999999999998,385.0,False,similarity,SCP,family_Polyamides,family,median
Polyamides,982,0.9714867617107943,0.07148676171079427,385.0,True,family,SCP,family_Polyamides,family,median
1,309,0.86084142394822,-0.03915857605177997,308.0,True,similarity,Mondrian-similarity,family_Polyamides,family,median
3,97,0.9175257731958762,0.017525773195876226,324.0,True,similarity,Mondrian-similarity,family_Polyamides,family,median
0,229,0.9344978165938864,0.0344978165938864,356.0,True,similarity,Mondrian-similarity,family_Polyamides,family,median
2,288,0.9583333333333334,0.05833333333333335,346.0,True,similarity,Mondrian-similarity,family_Polyamides,family,median
4,54,0.9814814814814815,0.08148148148148149,406.0,True,similarity,Mondrian-similarity,family_Polyamides,family,median
5,5,1.0,0.09999999999999998,390.0,False,similarity,Mondrian-similarity,family_Polyamides,family,median
Polyamides,982,0.9195519348268839,0.019551934826883888,337.72505091649697,True,family,Mondrian-similarity,family_Polyamides,family,median
0,229,0.9563318777292577,0.05633187772925763,385.0,True,similarity,Mondrian-family,family_Polyamides,family,median
1,309,0.9644012944983819,0.06440129449838183,385.0,True,similarity,Mondrian-family,family_Polyamides,family,median
4,54,0.9814814814814815,0.08148148148148149,385.0,True,similarity,Mondrian-family,family_Polyamides,family,median
2,288,0.9826388888888888,0.08263888888888882,385.0,True,similarity,Mondrian-family,family_Polyamides,family,median
3,97,0.9896907216494846,0.08969072164948455,385.0,True,similarity,Mondrian-family,family_Polyamides,family,median
5,5,1.0,0.09999999999999998,385.0,False,similarity,Mondrian-family,family_Polyamides,family,median
Polyamides,982,0.9714867617107943,0.07148676171079427,385.0,True,family,Mondrian-family,family_Polyamides,family,median
5,5,0.6,-0.30000000000000004,328.73391804594786,False,similarity,Normalised SCP,family_Polyamides,family,median
1,309,0.7216828478964401,-0.17831715210355992,249.79218292035003,True,similarity,Normalised SCP,family_Polyamides,family,median
0,229,0.7467248908296943,-0.15327510917030573,249.7217173380749,True,similarity,Normalised SCP,family_Polyamides,family,median
3,97,0.8041237113402062,-0.0958762886597938,256.1511160444196,True,similarity,Normalised SCP,family_Polyamides,family,median
4,54,0.8148148148148148,-0.08518518518518525,244.45377426821864,True,similarity,Normalised SCP,family_Polyamides,family,median
2,288,0.8576388888888888,-0.04236111111111118,291.26067581582214,True,similarity,Normalised SCP,family_Polyamides,family,median
Polyamides,982,0.780040733197556,-0.11995926680244406,262.6740978460146,True,family,Normalised SCP,family_Polyamides,family,median
0,229,0.6899563318777293,-0.2100436681222707,136.24541956631197,True,similarity,SCP,family_Polyamides,family,svr
5,5,0.8,-0.09999999999999998,136.24541956631194,False,similarity,SCP,family_Polyamides,family,svr
1,309,0.8058252427184466,-0.09417475728155345,136.2454195663119,True,similarity,SCP,family_Polyamides,family,svr
2,288,0.8576388888888888,-0.04236111111111118,136.24541956631194,True,similarity,SCP,family_Polyamides,family,svr
3,97,0.8762886597938144,-0.023711340206185594,136.24541956631194,True,similarity,SCP,family_Polyamides,family,svr
4,54,0.9259259259259259,0.025925925925925908,136.24541956631197,True,similarity,SCP,family_Polyamides,family,svr
Polyamides,982,0.8075356415478615,-0.09246435845213852,136.24541956631194,True,family,SCP,family_Polyamides,family,svr
5,5,0.4,-0.5,99.8074910167336,False,similarity,Mondrian-similarity,family_Polyamides,family,svr
3,97,0.8865979381443299,-0.013402061855670167,146.47322639510892,True,similarity,Mondrian-similarity,family_Polyamides,family,svr
4,54,0.9074074074074074,0.007407407407407418,131.17707380868492,True,similarity,Mondrian-similarity,family_Polyamides,family,svr
0,229,0.9475982532751092,0.04759825327510914,280.52185684213316,True,similarity,Mondrian-similarity,family_Polyamides,family,svr
1,309,0.9546925566343042,0.05469255663430417,253.36666288551157,True,similarity,Mondrian-similarity,family_Polyamides,family,svr
2,288,0.9618055555555556,0.06180555555555556,207.81250866277674,True,similarity,Mondrian-similarity,family_Polyamides,family,svr
Polyamides,982,0.9429735234215886,0.042973523421588555,228.27933701062068,True,family,Mondrian-similarity,family_Polyamides,family,svr
0,229,0.6899563318777293,-0.2100436681222707,136.24541956631197,True,similarity,Mondrian-family,family_Polyamides,family,svr
5,5,0.8,-0.09999999999999998,136.24541956631194,False,similarity,Mondrian-family,family_Polyamides,family,svr
1,309,0.8058252427184466,-0.09417475728155345,136.2454195663119,True,similarity,Mondrian-family,family_Polyamides,family,svr
2,288,0.8576388888888888,-0.04236111111111118,136.24541956631194,True,similarity,Mondrian-family,family_Polyamides,family,svr
3,97,0.8762886597938144,-0.023711340206185594,136.24541956631194,True,similarity,Mondrian-family,family_Polyamides,family,svr
4,54,0.9259259259259259,0.025925925925925908,136.24541956631197,True,similarity,Mondrian-family,family_Polyamides,family,svr
Polyamides,982,0.8075356415478615,-0.09246435845213852,136.24541956631194,True,family,Mondrian-family,family_Polyamides,family,svr
0,229,0.5633187772925764,-0.3366812227074236,121.79658019945926,True,similarity,Normalised SCP,family_Polyamides,family,svr
5,5,0.6,-0.30000000000000004,113.98913467441142,False,similarity,Normalised SCP,family_Polyamides,family,svr
1,309,0.6763754045307443,-0.22362459546925573,116.49722935229306,True,similarity,Normalised SCP,family_Polyamides,family,svr
2,288,0.7118055555555556,-0.18819444444444444,111.06276745984796,True,similarity,Normalised SCP,family_Polyamides,family,svr
4,54,0.7592592592592593,-0.14074074074074072,95.14204852263921,True,similarity,Normalised SCP,family_Polyamides,family,svr
3,97,0.7731958762886598,-0.1268041237113402,106.23875967188494,True,similarity,Normalised SCP,family_Polyamides,family,svr
Polyamides,982,0.6741344195519349,-0.22586558044806515,113.93881236836899,True,family,Normalised SCP,family_Polyamides,family,svr
0,229,0.5938864628820961,-0.3061135371179039,135.67959999999994,True,similarity,SCP,family_Polyamides,family,random_forest
5,5,0.6,-0.30000000000000004,135.6796,False,similarity,SCP,family_Polyamides,family,random_forest
1,309,0.7119741100323624,-0.18802588996763758,135.67959999999997,True,similarity,SCP,family_Polyamides,family,random_forest
2,288,0.7881944444444444,-0.1118055555555556,135.6796,True,similarity,SCP,family_Polyamides,family,random_forest
3,97,0.8556701030927835,-0.04432989690721656,135.67959999999997,True,similarity,SCP,family_Polyamides,family,random_forest
4,54,0.9629629629629629,0.06296296296296289,135.67960000000002,True,similarity,SCP,family_Polyamides,family,random_forest
Polyamides,982,0.7342158859470469,-0.16578411405295312,135.67959999999997,True,family,SCP,family_Polyamides,family,random_forest
5,5,0.6,-0.30000000000000004,102.2186,False,similarity,Mondrian-similarity,family_Polyamides,family,random_forest
1,309,0.8187702265372169,-0.08122977346278315,179.9748,True,similarity,Mondrian-similarity,family_Polyamides,family,random_forest
0,229,0.8384279475982532,-0.06157205240174679,231.10652000000016,True,similarity,Mondrian-similarity,family_Polyamides,family,random_forest
3,97,0.8865979381443299,-0.013402061855670167,149.43360000000004,True,similarity,Mondrian-similarity,family_Polyamides,family,random_forest
4,54,0.8888888888888888,-0.011111111111111183,123.86859999999999,True,similarity,Mondrian-similarity,family_Polyamides,family,random_forest
2,288,0.8888888888888888,-0.011111111111111183,183.75956000000008,True,similarity,Mondrian-similarity,family_Polyamides,family,random_forest
Polyamides,982,0.8533604887983707,-0.04663951120162935,186.5106070875764,True,family,Mondrian-similarity,family_Polyamides,family,random_forest
0,229,0.5938864628820961,-0.3061135371179039,135.67959999999994,True,similarity,Mondrian-family,family_Polyamides,family,random_forest
5,5,0.6,-0.30000000000000004,135.6796,False,similarity,Mondrian-family,family_Polyamides,family,random_forest
1,309,0.7119741100323624,-0.18802588996763758,135.67959999999997,True,similarity,Mondrian-family,family_Polyamides,family,random_forest
2,288,0.7881944444444444,-0.1118055555555556,135.6796,True,similarity,Mondrian-family,family_Polyamides,family,random_forest
3,97,0.8556701030927835,-0.04432989690721656,135.67959999999997,True,similarity,Mondrian-family,family_Polyamides,family,random_forest
4,54,0.9629629629629629,0.06296296296296289,135.67960000000002,True,similarity,Mondrian-family,family_Polyamides,family,random_forest
Polyamides,982,0.7342158859470469,-0.16578411405295312,135.67959999999997,True,family,Mondrian-family,family_Polyamides,family,random_forest
0,229,0.5545851528384279,-0.3454148471615721,116.62360962610063,True,similarity,Normalised SCP,family_Polyamides,family,random_forest
5,5,0.6,-0.30000000000000004,99.99353046353049,False,similarity,Normalised SCP,family_Polyamides,family,random_forest
1,309,0.6472491909385113,-0.2527508090614887,115.42087976915411,True,similarity,Normalised SCP,family_Polyamides,family,random_forest
2,288,0.71875,-0.18125000000000002,104.03980659147638,True,similarity,Normalised SCP,family_Polyamides,family,random_forest
3,97,0.7216494845360825,-0.17835051546391756,110.5110083471557,True,similarity,Normalised SCP,family_Polyamides,family,random_forest
4,54,0.7407407407407407,-0.15925925925925932,97.4882659778766,True,similarity,Normalised SCP,family_Polyamides,family,random_forest
Polyamides,982,0.6588594704684317,-0.24114052953156828,110.81387431383703,True,family,Normalised SCP,family_Polyamides,family,random_forest
0,229,0.5851528384279476,-0.3148471615720524,124.72994310447692,True,similarity,SCP,family_Polyamides,family,hist_gbr
1,309,0.6925566343042071,-0.20744336569579291,124.72994310447692,True,similarity,SCP,family_Polyamides,family,hist_gbr
3,97,0.7628865979381443,-0.13711340206185574,124.72994310447693,True,similarity,SCP,family_Polyamides,family,hist_gbr
2,288,0.78125,-0.11875000000000002,124.72994310447692,True,similarity,SCP,family_Polyamides,family,hist_gbr
5,5,0.8,-0.09999999999999998,124.72994310447693,False,similarity,SCP,family_Polyamides,family,hist_gbr
4,54,0.8333333333333334,-0.06666666666666665,124.7299431044769,True,similarity,SCP,family_Polyamides,family,hist_gbr
Polyamides,982,0.7087576374745418,-0.19124236252545823,124.72994310447692,True,family,SCP,family_Polyamides,family,hist_gbr
5,5,0.6,-0.30000000000000004,92.80047995935251,False,similarity,Mondrian-similarity,family_Polyamides,family,hist_gbr
3,97,0.8144329896907216,-0.08556701030927838,135.780161349443,True,similarity,Mondrian-similarity,family_Polyamides,family,hist_gbr
4,54,0.8148148148148148,-0.08518518518518525,114.70458310514044,True,similarity,Mondrian-similarity,family_Polyamides,family,hist_gbr
0,229,0.8209606986899564,-0.07903930131004366,221.94614952965136,True,similarity,Mondrian-similarity,family_Polyamides,family,hist_gbr
1,309,0.883495145631068,-0.01650485436893201,205.23172448766917,True,similarity,Mondrian-similarity,family_Polyamides,family,hist_gbr
2,288,0.9375,0.03749999999999998,198.38293151916352,True,similarity,Mondrian-similarity,family_Polyamides,family,hist_gbr
Polyamides,982,0.8727087576374746,-0.027291242362525447,194.71006204161847,True,family,Mondrian-similarity,family_Polyamides,family,hist_gbr
0,229,0.5851528384279476,-0.3148471615720524,124.72994310447692,True,similarity,Mondrian-family,family_Polyamides,family,hist_gbr
1,309,0.6925566343042071,-0.20744336569579291,124.72994310447692,True,similarity,Mondrian-family,family_Polyamides,family,hist_gbr
3,97,0.7628865979381443,-0.13711340206185574,124.72994310447693,True,similarity,Mondrian-family,family_Polyamides,family,hist_gbr
2,288,0.78125,-0.11875000000000002,124.72994310447692,True,similarity,Mondrian-family,family_Polyamides,family,hist_gbr
5,5,0.8,-0.09999999999999998,124.72994310447693,False,similarity,Mondrian-family,family_Polyamides,family,hist_gbr
4,54,0.8333333333333334,-0.06666666666666665,124.7299431044769,True,similarity,Mondrian-family,family_Polyamides,family,hist_gbr
Polyamides,982,0.7087576374745418,-0.19124236252545823,124.72994310447692,True,family,Mondrian-family,family_Polyamides,family,hist_gbr
0,229,0.5283842794759825,-0.3716157205240175,105.69770596271253,True,similarity,Normalised SCP,family_Polyamides,family,hist_gbr
1,309,0.5954692556634305,-0.30453074433656957,102.04435386483948,True,similarity,Normalised SCP,family_Polyamides,family,hist_gbr
5,5,0.6,-0.30000000000000004,102.62918447263216,False,similarity,Normalised SCP,family_Polyamides,family,hist_gbr
3,97,0.6185567010309279,-0.28144329896907216,99.84332444912573,True,similarity,Normalised SCP,family_Polyamides,family,hist_gbr
4,54,0.6296296296296297,-0.27037037037037037,88.27994873571163,True,similarity,Normalised SCP,family_Polyamides,family,hist_gbr
2,288,0.7013888888888888,-0.19861111111111118,89.05294126649164,True,similarity,Normalised SCP,family_Polyamides,family,hist_gbr
Polyamides,982,0.615071283095723,-0.284928716904277,98.11486020377082,True,family,Normalised SCP,family_Polyamides,family,hist_gbr
0,229,0.537117903930131,-0.362882096069869,124.89578000000003,True,similarity,SCP,family_Polyamides,family,extra_trees
5,5,0.6,-0.30000000000000004,124.89577999999999,False,similarity,SCP,family_Polyamides,family,extra_trees
1,309,0.6343042071197411,-0.2656957928802589,124.89578000000003,True,similarity,SCP,family_Polyamides,family,extra_trees
3,97,0.6804123711340206,-0.21958762886597938,124.89578000000003,True,similarity,SCP,family_Polyamides,family,extra_trees
4,54,0.6851851851851852,-0.2148148148148148,124.89578,True,similarity,SCP,family_Polyamides,family,extra_trees
2,288,0.71875,-0.18125000000000002,124.89578000000003,True,similarity,SCP,family_Polyamides,family,extra_trees
Polyamides,982,0.6435845213849287,-0.2564154786150713,124.89578000000003,True,family,SCP,family_Polyamides,family,extra_trees
4,54,0.5740740740740741,-0.32592592592592595,114.9447199999999,True,similarity,Mondrian-similarity,family_Polyamides,family,extra_trees
5,5,0.6,-0.30000000000000004,92.23979999999999,False,similarity,Mondrian-similarity,family_Polyamides,family,extra_trees
3,97,0.6804123711340206,-0.21958762886597938,135.13039999999998,True,similarity,Mondrian-similarity,family_Polyamides,family,extra_trees
2,288,0.7951388888888888,-0.10486111111111118,164.99479999999994,True,similarity,Mondrian-similarity,family_Polyamides,family,extra_trees
0,229,0.8078602620087336,-0.0921397379912664,233.30999999999995,True,similarity,Mondrian-similarity,family_Polyamides,family,extra_trees
1,309,0.889967637540453,-0.010032362459546973,223.49151999999998,True,similarity,Mondrian-similarity,family_Polyamides,family,extra_trees
Polyamides,982,0.8034623217922607,-0.09653767820773929,193.25991319755596,True,family,Mondrian-similarity,family_Polyamides,family,extra_trees
0,229,0.537117903930131,-0.362882096069869,124.89578000000003,True,similarity,Mondrian-family,family_Polyamides,family,extra_trees
5,5,0.6,-0.30000000000000004,124.89577999999999,False,similarity,Mondrian-family,family_Polyamides,family,extra_trees
1,309,0.6343042071197411,-0.2656957928802589,124.89578000000003,True,similarity,Mondrian-family,family_Polyamides,family,extra_trees
3,97,0.6804123711340206,-0.21958762886597938,124.89578000000003,True,similarity,Mondrian-family,family_Polyamides,family,extra_trees
4,54,0.6851851851851852,-0.2148148148148148,124.89578,True,similarity,Mondrian-family,family_Polyamides,family,extra_trees
2,288,0.71875,-0.18125000000000002,124.89578000000003,True,similarity,Mondrian-family,family_Polyamides,family,extra_trees
Polyamides,982,0.6435845213849287,-0.2564154786150713,124.89578000000003,True,family,Mondrian-family,family_Polyamides,family,extra_trees
4,54,0.48148148148148145,-0.41851851851851857,89.59777340565,True,similarity,Normalised SCP,family_Polyamides,family,extra_trees
0,229,0.49344978165938863,-0.4065502183406114,104.11974089454802,True,similarity,Normalised SCP,family_Polyamides,family,extra_trees
1,309,0.5501618122977346,-0.3498381877022654,102.2383775974409,True,similarity,Normalised SCP,family_Polyamides,family,extra_trees
3,97,0.5876288659793815,-0.31237113402061856,102.06733711674792,True,similarity,Normalised SCP,family_Polyamides,family,extra_trees
5,5,0.6,-0.30000000000000004,97.10830255091541,False,similarity,Normalised SCP,family_Polyamides,family,extra_trees
2,288,0.6006944444444444,-0.2993055555555556,87.38055996518457,True,similarity,Normalised SCP,family_Polyamides,family,extra_trees
Polyamides,982,0.5519348268839104,-0.34806517311608964,97.58150060022213,True,family,Normalised SCP,family_Polyamides,family,extra_trees
0,18,1.0,0.09999999999999998,369.0,True,similarity,SCP,family_Polyanhydrides,family,median
2,12,1.0,0.09999999999999998,369.0,True,similarity,SCP,family_Polyanhydrides,family,median
1,4,1.0,0.09999999999999998,369.0,False,similarity,SCP,family_Polyanhydrides,family,median
5,3,1.0,0.09999999999999998,369.0,False,similarity,SCP,family_Polyanhydrides,family,median
3,5,1.0,0.09999999999999998,369.0,False,similarity,SCP,family_Polyanhydrides,family,median
4,1,1.0,0.09999999999999998,369.0,False,similarity,SCP,family_Polyanhydrides,family,median
Polyanhydrides,43,1.0,0.09999999999999998,369.0,True,family,SCP,family_Polyanhydrides,family,median
0,18,1.0,0.09999999999999998,356.0,True,similarity,Mondrian-similarity,family_Polyanhydrides,family,median
2,12,1.0,0.09999999999999998,388.0,True,similarity,Mondrian-similarity,family_Polyanhydrides,family,median
1,4,1.0,0.09999999999999998,375.0,False,similarity,Mondrian-similarity,family_Polyanhydrides,family,median
5,3,1.0,0.09999999999999998,376.0,False,similarity,Mondrian-similarity,family_Polyanhydrides,family,median
3,5,1.0,0.09999999999999998,350.0,False,similarity,Mondrian-similarity,family_Polyanhydrides,family,median
4,1,1.0,0.09999999999999998,380.0,False,similarity,Mondrian-similarity,family_Polyanhydrides,family,median
Polyanhydrides,43,1.0,0.09999999999999998,367.95348837209303,True,family,Mondrian-similarity,family_Polyanhydrides,family,median
0,18,1.0,0.09999999999999998,369.0,True,similarity,Mondrian-family,family_Polyanhydrides,family,median
2,12,1.0,0.09999999999999998,369.0,True,similarity,Mondrian-family,family_Polyanhydrides,family,median
1,4,1.0,0.09999999999999998,369.0,False,similarity,Mondrian-family,family_Polyanhydrides,family,median
5,3,1.0,0.09999999999999998,369.0,False,similarity,Mondrian-family,family_Polyanhydrides,family,median
3,5,1.0,0.09999999999999998,369.0,False,similarity,Mondrian-family,family_Polyanhydrides,family,median
4,1,1.0,0.09999999999999998,369.0,False,similarity,Mondrian-family,family_Polyanhydrides,family,median
Polyanhydrides,43,1.0,0.09999999999999998,369.0,True,family,Mondrian-family,family_Polyanhydrides,family,median
0,18,0.8333333333333334,-0.06666666666666665,152.28832352149303,True,similarity,Normalised SCP,family_Polyanhydrides,family,median
2,12,1.0,0.09999999999999998,217.32479010709918,True,similarity,Normalised SCP,family_Polyanhydrides,family,median
1,4,1.0,0.09999999999999998,233.37474808901203,False,similarity,Normalised SCP,family_Polyanhydrides,family,median
5,3,1.0,0.09999999999999998,249.20205383313854,False,similarity,Normalised SCP,family_Polyanhydrides,family,median
3,5,1.0,0.09999999999999998,239.403697619573,False,similarity,Normalised SCP,family_Polyanhydrides,family,median
4,1,1.0,0.09999999999999998,232.91467843797807,False,similarity,Normalised SCP,family_Polyanhydrides,family,median
Polyanhydrides,43,0.9302325581395349,0.03023255813953485,196.7471075596133,True,family,Normalised SCP,family_Polyanhydrides,family,median
0,18,0.3333333333333333,-0.5666666666666667,141.31458173955156,True,similarity,SCP,family_Polyanhydrides,family,svr
2,12,0.9166666666666666,0.016666666666666607,141.31458173955158,True,similarity,SCP,family_Polyanhydrides,family,svr
1,4,1.0,0.09999999999999998,141.31458173955156,False,similarity,SCP,family_Polyanhydrides,family,svr
5,3,1.0,0.09999999999999998,141.31458173955156,False,similarity,SCP,family_Polyanhydrides,family,svr
3,5,1.0,0.09999999999999998,141.31458173955156,False,similarity,SCP,family_Polyanhydrides,family,svr
4,1,1.0,0.09999999999999998,141.31458173955156,False,similarity,SCP,family_Polyanhydrides,family,svr
Polyanhydrides,43,0.6976744186046512,-0.20232558139534884,141.31458173955158,True,family,SCP,family_Polyanhydrides,family,svr
0,18,0.8333333333333334,-0.06666666666666665,270.95223837174876,True,similarity,Mondrian-similarity,family_Polyanhydrides,family,svr
2,12,0.9166666666666666,0.016666666666666607,204.07824841727438,True,similarity,Mondrian-similarity,family_Polyanhydrides,family,svr
1,4,1.0,0.09999999999999998,205.35818253160312,False,similarity,Mondrian-similarity,family_Polyanhydrides,family,svr
5,3,1.0,0.09999999999999998,107.72883052338022,False,similarity,Mondrian-similarity,family_Polyanhydrides,family,svr
3,5,1.0,0.09999999999999998,175.1570105427702,False,similarity,Mondrian-similarity,family_Polyanhydrides,family,svr
4,1,1.0,0.09999999999999998,123.68379520981672,False,similarity,Mondrian-similarity,family_Polyanhydrides,family,svr
Polyanhydrides,43,0.9069767441860465,0.006976744186046435,220.23644979811604,True,family,Mondrian-similarity,family_Polyanhydrides,family,svr
0,18,0.3333333333333333,-0.5666666666666667,141.31458173955156,True,similarity,Mondrian-family,family_Polyanhydrides,family,svr
2,12,0.9166666666666666,0.016666666666666607,141.31458173955158,True,similarity,Mondrian-family,family_Polyanhydrides,family,svr
1,4,1.0,0.09999999999999998,141.31458173955156,False,similarity,Mondrian-family,family_Polyanhydrides,family,svr
5,3,1.0,0.09999999999999998,141.31458173955156,False,similarity,Mondrian-family,family_Polyanhydrides,family,svr
3,5,1.0,0.09999999999999998,141.31458173955156,False,similarity,Mondrian-family,family_Polyanhydrides,family,svr
4,1,1.0,0.09999999999999998,141.31458173955156,False,similarity,Mondrian-family,family_Polyanhydrides,family,svr
Polyanhydrides,43,0.6976744186046512,-0.20232558139534884,141.31458173955158,True,family,Mondrian-family,family_Polyanhydrides,family,svr
0,18,0.6111111111111112,-0.28888888888888886,177.14553664759413,True,similarity,Normalised SCP,family_Polyanhydrides,family,svr
1,4,0.75,-0.15000000000000002,132.70979182188705,False,similarity,Normalised SCP,family_Polyanhydrides,family,svr
2,12,0.9166666666666666,0.016666666666666607,120.53289087734656,True,similarity,Normalised SCP,family_Polyanhydrides,family,svr
5,3,1.0,0.09999999999999998,119.657060604714,False,similarity,Normalised SCP,family_Polyanhydrides,family,svr
3,5,1.0,0.09999999999999998,105.60935902519455,False,similarity,Normalised SCP,family_Polyanhydrides,family,svr
4,1,1.0,0.09999999999999998,120.1427029617902,False,similarity,Normalised SCP,family_Polyanhydrides,family,svr
Polyanhydrides,43,0.7906976744186046,-0.10930232558139541,143.5584697063792,True,family,Normalised SCP,family_Polyanhydrides,family,svr
1,4,0.5,-0.4,134.91483999999997,False,similarity,SCP,family_Polyanhydrides,family,random_forest
0,18,0.5555555555555556,-0.34444444444444444,134.91483999999997,True,similarity,SCP,family_Polyanhydrides,family,random_forest
3,5,0.8,-0.09999999999999998,134.91483999999997,False,similarity,SCP,family_Polyanhydrides,family,random_forest
2,12,0.8333333333333334,-0.06666666666666665,134.91483999999994,True,similarity,SCP,family_Polyanhydrides,family,random_forest
5,3,1.0,0.09999999999999998,134.91483999999997,False,similarity,SCP,family_Polyanhydrides,family,random_forest
4,1,1.0,0.09999999999999998,134.91483999999997,False,similarity,SCP,family_Polyanhydrides,family,random_forest
Polyanhydrides,43,0.6976744186046512,-0.20232558139534884,134.91484,True,family,SCP,family_Polyanhydrides,family,random_forest
0,18,0.7777777777777778,-0.12222222222222223,216.80370000000005,True,similarity,Mondrian-similarity,family_Polyanhydrides,family,random_forest
2,12,1.0,0.09999999999999998,171.3072,True,similarity,Mondrian-similarity,family_Polyanhydrides,family,random_forest
1,4,1.0,0.09999999999999998,224.01859999999994,False,similarity,Mondrian-similarity,family_Polyanhydrides,family,random_forest
5,3,1.0,0.09999999999999998,98.89659999999992,False,similarity,Mondrian-similarity,family_Polyanhydrides,family,random_forest
3,5,1.0,0.09999999999999998,152.48340000000002,False,similarity,Mondrian-similarity,family_Polyanhydrides,family,random_forest
4,1,1.0,0.09999999999999998,116.59429999999999,False,similarity,Mondrian-similarity,family_Polyanhydrides,family,random_forest
Polyanhydrides,43,0.9069767441860465,0.006976744186046435,186.74252325581398,True,family,Mondrian-similarity,family_Polyanhydrides,family,random_forest
1,4,0.5,-0.4,134.91483999999997,False,similarity,Mondrian-family,family_Polyanhydrides,family,random_forest
0,18,0.5555555555555556,-0.34444444444444444,134.91483999999997,True,similarity,Mondrian-family,family_Polyanhydrides,family,random_forest
3,5,0.8,-0.09999999999999998,134.91483999999997,False,similarity,Mondrian-family,family_Polyanhydrides,family,random_forest
2,12,0.8333333333333334,-0.06666666666666665,134.91483999999994,True,similarity,Mondrian-family,family_Polyanhydrides,family,random_forest
5,3,1.0,0.09999999999999998,134.91483999999997,False,similarity,Mondrian-family,family_Polyanhydrides,family,random_forest
4,1,1.0,0.09999999999999998,134.91483999999997,False,similarity,Mondrian-family,family_Polyanhydrides,family,random_forest
Polyanhydrides,43,0.6976744186046512,-0.20232558139534884,134.91484,True,family,Mondrian-family,family_Polyanhydrides,family,random_forest
0,18,0.7222222222222222,-0.1777777777777778,172.365611382761,True,similarity,Normalised SCP,family_Polyanhydrides,family,random_forest
3,5,0.8,-0.09999999999999998,121.80945639665978,False,similarity,Normalised SCP,family_Polyanhydrides,family,random_forest
2,12,0.9166666666666666,0.016666666666666607,138.0192581390157,True,similarity,Normalised SCP,family_Polyanhydrides,family,random_forest
1,4,1.0,0.09999999999999998,161.55244621317394,False,similarity,Normalised SCP,family_Polyanhydrides,family,random_forest
5,3,1.0,0.09999999999999998,107.5165794095298,False,similarity,Normalised SCP,family_Polyanhydrides,family,random_forest
4,1,1.0,0.09999999999999998,122.48526557813896,False,similarity,Normalised SCP,family_Polyanhydrides,family,random_forest
Polyanhydrides,43,0.8372093023255814,-0.06279069767441858,150.21172495815372,True,family,Normalised SCP,family_Polyanhydrides,family,random_forest
0,18,0.4444444444444444,-0.4555555555555556,129.22605452916892,True,similarity,SCP,family_Polyanhydrides,family,hist_gbr
2,12,1.0,0.09999999999999998,129.22605452916898,True,similarity,SCP,family_Polyanhydrides,family,hist_gbr
1,4,1.0,0.09999999999999998,129.22605452916895,False,similarity,SCP,family_Polyanhydrides,family,hist_gbr
5,3,1.0,0.09999999999999998,129.22605452916895,False,similarity,SCP,family_Polyanhydrides,family,hist_gbr
3,5,1.0,0.09999999999999998,129.22605452916895,False,similarity,SCP,family_Polyanhydrides,family,hist_gbr
4,1,1.0,0.09999999999999998,129.22605452916895,False,similarity,SCP,family_Polyanhydrides,family,hist_gbr
Polyanhydrides,43,0.7674418604651163,-0.1325581395348837,129.22605452916898,True,family,SCP,family_Polyanhydrides,family,hist_gbr
0,18,1.0,0.09999999999999998,253.86756069890484,True,similarity,Mondrian-similarity,family_Polyanhydrides,family,hist_gbr
2,12,1.0,0.09999999999999998,171.38770712201404,True,similarity,Mondrian-similarity,family_Polyanhydrides,family,hist_gbr
1,4,1.0,0.09999999999999998,183.7243350464957,False,similarity,Mondrian-similarity,family_Polyanhydrides,family,hist_gbr
5,3,1.0,0.09999999999999998,92.52603031275459,False,similarity,Mondrian-similarity,family_Polyanhydrides,family,hist_gbr
3,5,1.0,0.09999999999999998,139.33260468279332,False,similarity,Mondrian-similarity,family_Polyanhydrides,family,hist_gbr
4,1,1.0,0.09999999999999998,115.9831746076232,False,similarity,Mondrian-similarity,family_Polyanhydrides,family,hist_gbr
Polyanhydrides,43,1.0,0.09999999999999998,196.54395830675097,True,family,Mondrian-similarity,family_Polyanhydrides,family,hist_gbr
0,18,0.4444444444444444,-0.4555555555555556,129.22605452916892,True,similarity,Mondrian-family,family_Polyanhydrides,family,hist_gbr
2,12,1.0,0.09999999999999998,129.22605452916898,True,similarity,Mondrian-family,family_Polyanhydrides,family,hist_gbr
1,4,1.0,0.09999999999999998,129.22605452916895,False,similarity,Mondrian-family,family_Polyanhydrides,family,hist_gbr
5,3,1.0,0.09999999999999998,129.22605452916895,False,similarity,Mondrian-family,family_Polyanhydrides,family,hist_gbr
3,5,1.0,0.09999999999999998,129.22605452916895,False,similarity,Mondrian-family,family_Polyanhydrides,family,hist_gbr
4,1,1.0,0.09999999999999998,129.22605452916895,False,similarity,Mondrian-family,family_Polyanhydrides,family,hist_gbr
Polyanhydrides,43,0.7674418604651163,-0.1325581395348837,129.22605452916898,True,family,Mondrian-family,family_Polyanhydrides,family,hist_gbr
0,18,0.6111111111111112,-0.28888888888888886,162.46530615445792,True,similarity,Normalised SCP,family_Polyanhydrides,family,hist_gbr
2,12,1.0,0.09999999999999998,131.35958013599733,True,similarity,Normalised SCP,family_Polyanhydrides,family,hist_gbr
1,4,1.0,0.09999999999999998,142.3591759558003,False,similarity,Normalised SCP,family_Polyanhydrides,family,hist_gbr
5,3,1.0,0.09999999999999998,116.70522359626052,False,similarity,Normalised SCP,family_Polyanhydrides,family,hist_gbr
3,5,1.0,0.09999999999999998,125.53000412826205,False,similarity,Normalised SCP,family_Polyanhydrides,family,hist_gbr
4,1,1.0,0.09999999999999998,131.01817730957157,False,similarity,Normalised SCP,family_Polyanhydrides,family,hist_gbr
Polyanhydrides,43,0.8372093023255814,-0.06279069767441858,143.6956056970948,True,family,Normalised SCP,family_Polyanhydrides,family,hist_gbr
0,18,0.5,-0.4,126.14968000000009,True,similarity,SCP,family_Polyanhydrides,family,extra_trees
2,12,0.9166666666666666,0.016666666666666607,126.14968000000006,True,similarity,SCP,family_Polyanhydrides,family,extra_trees
1,4,1.0,0.09999999999999998,126.1496800000001,False,similarity,SCP,family_Polyanhydrides,family,extra_trees
5,3,1.0,0.09999999999999998,126.1496800000001,False,similarity,SCP,family_Polyanhydrides,family,extra_trees
3,5,1.0,0.09999999999999998,126.1496800000001,False,similarity,SCP,family_Polyanhydrides,family,extra_trees
4,1,1.0,0.09999999999999998,126.1496800000001,False,similarity,SCP,family_Polyanhydrides,family,extra_trees
Polyanhydrides,43,0.7674418604651163,-0.1325581395348837,126.14968000000013,True,family,SCP,family_Polyanhydrides,family,extra_trees
0,18,0.7777777777777778,-0.12222222222222223,239.24128000000007,True,similarity,Mondrian-similarity,family_Polyanhydrides,family,extra_trees
2,12,1.0,0.09999999999999998,170.5149999999999,True,similarity,Mondrian-similarity,family_Polyanhydrides,family,extra_trees
1,4,1.0,0.09999999999999998,200.21940000000018,False,similarity,Mondrian-similarity,family_Polyanhydrides,family,extra_trees
5,3,1.0,0.09999999999999998,94.93759999999997,False,similarity,Mondrian-similarity,family_Polyanhydrides,family,extra_trees
3,5,1.0,0.09999999999999998,144.63304000000016,False,similarity,Mondrian-similarity,family_Polyanhydrides,family,extra_trees
4,1,1.0,0.09999999999999998,111.44247999999988,False,similarity,Mondrian-similarity,family_Polyanhydrides,family,extra_trees
Polyanhydrides,43,0.9069767441860465,0.006976744186046435,192.39118883720937,True,family,Mondrian-similarity,family_Polyanhydrides,family,extra_trees
0,18,0.5,-0.4,126.14968000000009,True,similarity,Mondrian-family,family_Polyanhydrides,family,extra_trees
2,12,0.9166666666666666,0.016666666666666607,126.14968000000006,True,similarity,Mondrian-family,family_Polyanhydrides,family,extra_trees
1,4,1.0,0.09999999999999998,126.1496800000001,False,similarity,Mondrian-family,family_Polyanhydrides,family,extra_trees
5,3,1.0,0.09999999999999998,126.1496800000001,False,similarity,Mondrian-family,family_Polyanhydrides,family,extra_trees
3,5,1.0,0.09999999999999998,126.1496800000001,False,similarity,Mondrian-family,family_Polyanhydrides,family,extra_trees
4,1,1.0,0.09999999999999998,126.1496800000001,False,similarity,Mondrian-family,family_Polyanhydrides,family,extra_trees
Polyanhydrides,43,0.7674418604651163,-0.1325581395348837,126.14968000000013,True,family,Mondrian-family,family_Polyanhydrides,family,extra_trees
0,18,0.6111111111111112,-0.28888888888888886,161.70802129767642,True,similarity,Normalised SCP,family_Polyanhydrides,family,extra_trees
2,12,1.0,0.09999999999999998,137.3165991477085,True,similarity,Normalised SCP,family_Polyanhydrides,family,extra_trees
1,4,1.0,0.09999999999999998,162.4766985858046,False,similarity,Normalised SCP,family_Polyanhydrides,family,extra_trees
5,3,1.0,0.09999999999999998,119.85226292101117,False,similarity,Normalised SCP,family_Polyanhydrides,family,extra_trees
3,5,1.0,0.09999999999999998,124.52877922092247,False,similarity,Normalised SCP,family_Polyanhydrides,family,extra_trees
4,1,1.0,0.09999999999999998,138.71663578216038,False,similarity,Normalised SCP,family_Polyanhydrides,family,extra_trees
Polyanhydrides,43,0.8372093023255814,-0.06279069767441858,147.19459739822562,True,family,Normalised SCP,family_Polyanhydrides,family,extra_trees
0,11,1.0,0.09999999999999998,368.0,True,similarity,SCP,family_Polycarbonates,family,median
3,36,1.0,0.09999999999999998,368.0,True,similarity,SCP,family_Polycarbonates,family,median
2,25,1.0,0.09999999999999998,368.0,True,similarity,SCP,family_Polycarbonates,family,median
1,12,1.0,0.09999999999999998,368.0,True,similarity,SCP,family_Polycarbonates,family,median
4,12,1.0,0.09999999999999998,368.0,True,similarity,SCP,family_Polycarbonates,family,median
5,2,1.0,0.09999999999999998,368.0,False,similarity,SCP,family_Polycarbonates,family,median
Polycarbonates,98,1.0,0.09999999999999998,368.0,True,family,SCP,family_Polycarbonates,family,median
2,25,0.96,0.05999999999999994,348.0,True,similarity,Mondrian-similarity,family_Polycarbonates,family,median
0,11,1.0,0.09999999999999998,374.0,True,similarity,Mondrian-similarity,family_Polycarbonates,family,median
3,36,1.0,0.09999999999999998,368.0,True,similarity,Mondrian-similarity,family_Polycarbonates,family,median
1,12,1.0,0.09999999999999998,354.0,True,similarity,Mondrian-similarity,family_Polycarbonates,family,median
4,12,1.0,0.09999999999999998,394.0,True,similarity,Mondrian-similarity,family_Polycarbonates,family,median
5,2,1.0,0.09999999999999998,368.0,False,similarity,Mondrian-similarity,family_Polycarbonates,family,median
Polycarbonates,98,0.9897959183673469,0.0897959183673469,365.0408163265306,True,family,Mondrian-similarity,family_Polycarbonates,family,median
0,11,1.0,0.09999999999999998,368.0,True,similarity,Mondrian-family,family_Polycarbonates,family,median
3,36,1.0,0.09999999999999998,368.0,True,similarity,Mondrian-family,family_Polycarbonates,family,median
2,25,1.0,0.09999999999999998,368.0,True,similarity,Mondrian-family,family_Polycarbonates,family,median
1,12,1.0,0.09999999999999998,368.0,True,similarity,Mondrian-family,family_Polycarbonates,family,median
4,12,1.0,0.09999999999999998,368.0,True,similarity,Mondrian-family,family_Polycarbonates,family,median
5,2,1.0,0.09999999999999998,368.0,False,similarity,Mondrian-family,family_Polycarbonates,family,median
Polycarbonates,98,1.0,0.09999999999999998,368.0,True,family,Mondrian-family,family_Polycarbonates,family,median
5,2,0.5,-0.4,136.22037091417388,False,similarity,Normalised SCP,family_Polycarbonates,family,median
0,11,0.8181818181818182,-0.08181818181818179,330.9328101300257,True,similarity,Normalised SCP,family_Polycarbonates,family,median
4,12,0.9166666666666666,0.016666666666666607,357.88515916164005,True,similarity,Normalised SCP,family_Polycarbonates,family,median
2,25,0.96,0.05999999999999994,296.96349602597985,True,similarity,Normalised SCP,family_Polycarbonates,family,median
1,12,1.0,0.09999999999999998,251.09722118130074,True,similarity,Normalised SCP,family_Polycarbonates,family,median
3,36,1.0,0.09999999999999998,353.6113880775522,True,similarity,Normalised SCP,family_Polycarbonates,family,median
Polycarbonates,98,0.9489795918367347,0.048979591836734726,320.14885294709484,True,family,Normalised SCP,family_Polycarbonates,family,median
1,12,0.9166666666666666,0.016666666666666607,146.10419739004172,True,similarity,SCP,family_Polycarbonates,family,svr
0,11,1.0,0.09999999999999998,146.10419739004172,True,similarity,SCP,family_Polycarbonates,family,svr
3,36,1.0,0.09999999999999998,146.10419739004178,True,similarity,SCP,family_Polycarbonates,family,svr
2,25,1.0,0.09999999999999998,146.10419739004175,True,similarity,SCP,family_Polycarbonates,family,svr
4,12,1.0,0.09999999999999998,146.10419739004172,True,similarity,SCP,family_Polycarbonates,family,svr
5,2,1.0,0.09999999999999998,146.10419739004175,False,similarity,SCP,family_Polycarbonates,family,svr
Polycarbonates,98,0.9897959183673469,0.0897959183673469,146.1041973900417,True,family,SCP,family_Polycarbonates,family,svr
5,2,0.5,-0.4,109.9531427685697,False,similarity,Mondrian-similarity,family_Polycarbonates,family,svr
0,11,1.0,0.09999999999999998,315.25668940303973,True,similarity,Mondrian-similarity,family_Polycarbonates,family,svr
2,25,1.0,0.09999999999999998,193.66542558145906,True,similarity,Mondrian-similarity,family_Polycarbonates,family,svr
3,36,1.0,0.09999999999999998,202.0573251338936,True,similarity,Mondrian-similarity,family_Polycarbonates,family,svr
1,12,1.0,0.09999999999999998,218.70911732594462,True,similarity,Mondrian-similarity,family_Polycarbonates,family,svr
4,12,1.0,0.09999999999999998,143.57178523716402,True,similarity,Mondrian-similarity,family_Polycarbonates,family,svr
Polycarbonates,98,0.9897959183673469,0.0897959183673469,205.62040861310743,True,family,Mondrian-similarity,family_Polycarbonates,family,svr
1,12,0.9166666666666666,0.016666666666666607,146.10419739004172,True,similarity,Mondrian-family,family_Polycarbonates,family,svr
0,11,1.0,0.09999999999999998,146.10419739004172,True,similarity,Mondrian-family,family_Polycarbonates,family,svr
3,36,1.0,0.09999999999999998,146.10419739004178,True,similarity,Mondrian-family,family_Polycarbonates,family,svr
2,25,1.0,0.09999999999999998,146.10419739004175,True,similarity,Mondrian-family,family_Polycarbonates,family,svr
4,12,1.0,0.09999999999999998,146.10419739004172,True,similarity,Mondrian-family,family_Polycarbonates,family,svr
5,2,1.0,0.09999999999999998,146.10419739004175,False,similarity,Mondrian-family,family_Polycarbonates,family,svr
Polycarbonates,98,0.9897959183673469,0.0897959183673469,146.1041973900417,True,family,Mondrian-family,family_Polycarbonates,family,svr
1,12,0.9166666666666666,0.016666666666666607,139.21300781279265,True,similarity,Normalised SCP,family_Polycarbonates,family,svr
3,36,0.9722222222222222,0.07222222222222219,134.92798800660273,True,similarity,Normalised SCP,family_Polycarbonates,family,svr
0,11,1.0,0.09999999999999998,168.31049525445601,True,similarity,Normalised SCP,family_Polycarbonates,family,svr
2,25,1.0,0.09999999999999998,184.15401138313595,True,similarity,Normalised SCP,family_Polycarbonates,family,svr
4,12,1.0,0.09999999999999998,108.14670054423891,True,similarity,Normalised SCP,family_Polycarbonates,family,svr
5,2,1.0,0.09999999999999998,142.31052409287298,False,similarity,Normalised SCP,family_Polycarbonates,family,svr
Polycarbonates,98,0.9795918367346939,0.07959183673469383,148.62868213352283,True,family,Normalised SCP,family_Polycarbonates,family,svr
0,11,0.9090909090909091,0.009090909090909038,138.42799999999997,True,similarity,SCP,family_Polycarbonates,family,random_forest
1,12,0.9166666666666666,0.016666666666666607,138.42799999999997,True,similarity,SCP,family_Polycarbonates,family,random_forest
4,12,0.9166666666666666,0.016666666666666607,138.428,True,similarity,SCP,family_Polycarbonates,family,random_forest
2,25,0.96,0.05999999999999994,138.428,True,similarity,SCP,family_Polycarbonates,family,random_forest
3,36,0.9722222222222222,0.07222222222222219,138.428,True,similarity,SCP,family_Polycarbonates,family,random_forest
5,2,1.0,0.09999999999999998,138.428,False,similarity,SCP,family_Polycarbonates,family,random_forest
Polycarbonates,98,0.9489795918367347,0.048979591836734726,138.42799999999997,True,family,SCP,family_Polycarbonates,family,random_forest
4,12,0.8333333333333334,-0.06666666666666665,127.48738000000002,True,similarity,Mondrian-similarity,family_Polycarbonates,family,random_forest
3,36,0.9722222222222222,0.07222222222222219,162.42352000000008,True,similarity,Mondrian-similarity,family_Polycarbonates,family,random_forest
2,25,1.0,0.09999999999999998,169.93664000000012,True,similarity,Mondrian-similarity,family_Polycarbonates,family,random_forest
0,11,1.0,0.09999999999999998,312.4829999999998,True,similarity,Mondrian-similarity,family_Polycarbonates,family,random_forest
1,12,1.0,0.09999999999999998,162.80428000000003,True,similarity,Mondrian-similarity,family_Polycarbonates,family,random_forest
5,2,1.0,0.09999999999999998,100.48692,False,similarity,Mondrian-similarity,family_Polycarbonates,family,random_forest
Polycarbonates,98,0.9693877551020408,0.06938775510204076,175.68826000000004,True,family,Mondrian-similarity,family_Polycarbonates,family,random_forest
0,11,0.9090909090909091,0.009090909090909038,138.42799999999997,True,similarity,Mondrian-family,family_Polycarbonates,family,random_forest
1,12,0.9166666666666666,0.016666666666666607,138.42799999999997,True,similarity,Mondrian-family,family_Polycarbonates,family,random_forest
4,12,0.9166666666666666,0.016666666666666607,138.428,True,similarity,Mondrian-family,family_Polycarbonates,family,random_forest
2,25,0.96,0.05999999999999994,138.428,True,similarity,Mondrian-family,family_Polycarbonates,family,random_forest
3,36,0.9722222222222222,0.07222222222222219,138.428,True,similarity,Mondrian-family,family_Polycarbonates,family,random_forest
5,2,1.0,0.09999999999999998,138.428,False,similarity,Mondrian-family,family_Polycarbonates,family,random_forest
Polycarbonates,98,0.9489795918367347,0.048979591836734726,138.42799999999997,True,family,Mondrian-family,family_Polycarbonates,family,random_forest
3,36,0.8055555555555556,-0.09444444444444444,131.35843647698522,True,similarity,Normalised SCP,family_Polycarbonates,family,random_forest
0,11,0.9090909090909091,0.009090909090909038,160.10774327413483,True,similarity,Normalised SCP,family_Polycarbonates,family,random_forest
1,12,0.9166666666666666,0.016666666666666607,132.64878454063754,True,similarity,Normalised SCP,family_Polycarbonates,family,random_forest
4,12,0.9166666666666666,0.016666666666666607,118.57490327546675,True,similarity,Normalised SCP,family_Polycarbonates,family,random_forest
2,25,1.0,0.09999999999999998,177.35997473513638,True,similarity,Normalised SCP,family_Polycarbonates,family,random_forest
5,2,1.0,0.09999999999999998,142.89679932672277,False,similarity,Normalised SCP,family_Polycarbonates,family,random_forest
Polycarbonates,98,0.8979591836734694,-0.0020408163265306367,145.14863377563327,True,family,Normalised SCP,family_Polycarbonates,family,random_forest
0,11,0.8181818181818182,-0.08181818181818179,126.27719017179328,True,similarity,SCP,family_Polycarbonates,family,hist_gbr
1,12,0.9166666666666666,0.016666666666666607,126.27719017179328,True,similarity,SCP,family_Polycarbonates,family,hist_gbr
2,25,0.96,0.05999999999999994,126.27719017179326,True,similarity,SCP,family_Polycarbonates,family,hist_gbr
3,36,1.0,0.09999999999999998,126.27719017179326,True,similarity,SCP,family_Polycarbonates,family,hist_gbr
4,12,1.0,0.09999999999999998,126.27719017179326,True,similarity,SCP,family_Polycarbonates,family,hist_gbr
5,2,1.0,0.09999999999999998,126.27719017179325,False,similarity,SCP,family_Polycarbonates,family,hist_gbr
Polycarbonates,98,0.9591836734693877,0.05918367346938769,126.27719017179326,True,family,SCP,family_Polycarbonates,family,hist_gbr
0,11,1.0,0.09999999999999998,359.2673070791224,True,similarity,Mondrian-similarity,family_Polycarbonates,family,hist_gbr
3,36,1.0,0.09999999999999998,162.2023709924969,True,similarity,Mondrian-similarity,family_Polycarbonates,family,hist_gbr
2,25,1.0,0.09999999999999998,183.3296009781418,True,similarity,Mondrian-similarity,family_Polycarbonates,family,hist_gbr
1,12,1.0,0.09999999999999998,171.3350531687236,True,similarity,Mondrian-similarity,family_Polycarbonates,family,hist_gbr
4,12,1.0,0.09999999999999998,111.47793322079804,True,similarity,Mondrian-similarity,family_Polycarbonates,family,hist_gbr
5,2,1.0,0.09999999999999998,98.83476192166404,False,similarity,Mondrian-similarity,family_Polycarbonates,family,hist_gbr
Polycarbonates,98,1.0,0.09999999999999998,183.32541957725883,True,family,Mondrian-similarity,family_Polycarbonates,family,hist_gbr
0,11,0.8181818181818182,-0.08181818181818179,126.27719017179328,True,similarity,Mondrian-family,family_Polycarbonates,family,hist_gbr
1,12,0.9166666666666666,0.016666666666666607,126.27719017179328,True,similarity,Mondrian-family,family_Polycarbonates,family,hist_gbr
2,25,0.96,0.05999999999999994,126.27719017179326,True,similarity,Mondrian-family,family_Polycarbonates,family,hist_gbr
3,36,1.0,0.09999999999999998,126.27719017179326,True,similarity,Mondrian-family,family_Polycarbonates,family,hist_gbr
4,12,1.0,0.09999999999999998,126.27719017179326,True,similarity,Mondrian-family,family_Polycarbonates,family,hist_gbr
5,2,1.0,0.09999999999999998,126.27719017179325,False,similarity,Mondrian-family,family_Polycarbonates,family,hist_gbr
Polycarbonates,98,0.9591836734693877,0.05918367346938769,126.27719017179326,True,family,Mondrian-family,family_Polycarbonates,family,hist_gbr
0,11,0.9090909090909091,0.009090909090909038,165.00999921976617,True,similarity,Normalised SCP,family_Polycarbonates,family,hist_gbr
1,12,0.9166666666666666,0.016666666666666607,128.9414397541252,True,similarity,Normalised SCP,family_Polycarbonates,family,hist_gbr
3,36,0.9722222222222222,0.07222222222222219,133.33345313266508,True,similarity,Normalised SCP,family_Polycarbonates,family,hist_gbr
2,25,1.0,0.09999999999999998,177.90060933844674,True,similarity,Normalised SCP,family_Polycarbonates,family,hist_gbr
4,12,1.0,0.09999999999999998,122.22850889093627,True,similarity,Normalised SCP,family_Polycarbonates,family,hist_gbr
5,2,1.0,0.09999999999999998,155.17573176938495,False,similarity,Normalised SCP,family_Polycarbonates,family,hist_gbr
Polycarbonates,98,0.9693877551020408,0.06938775510204076,146.80633045851067,True,family,Normalised SCP,family_Polycarbonates,family,hist_gbr
5,2,0.5,-0.4,127.196,False,similarity,SCP,family_Polycarbonates,family,extra_trees
0,11,0.9090909090909091,0.009090909090909038,127.19599999999997,True,similarity,SCP,family_Polycarbonates,family,extra_trees
1,12,0.9166666666666666,0.016666666666666607,127.19599999999997,True,similarity,SCP,family_Polycarbonates,family,extra_trees
3,36,0.9722222222222222,0.07222222222222219,127.19599999999998,True,similarity,SCP,family_Polycarbonates,family,extra_trees
2,25,1.0,0.09999999999999998,127.19599999999998,True,similarity,SCP,family_Polycarbonates,family,extra_trees
4,12,1.0,0.09999999999999998,127.19599999999998,True,similarity,SCP,family_Polycarbonates,family,extra_trees
Polycarbonates,98,0.9591836734693877,0.05918367346938769,127.19599999999998,True,family,SCP,family_Polycarbonates,family,extra_trees
5,2,0.5,-0.4,98.608,False,similarity,Mondrian-similarity,family_Polycarbonates,family,extra_trees
1,12,0.9166666666666666,0.016666666666666607,172.79400000000007,True,similarity,Mondrian-similarity,family_Polycarbonates,family,extra_trees
3,36,0.9722222222222222,0.07222222222222219,168.5035,True,similarity,Mondrian-similarity,family_Polycarbonates,family,extra_trees
0,11,1.0,0.09999999999999998,264.30324000000013,True,similarity,Mondrian-similarity,family_Polycarbonates,family,extra_trees
2,25,1.0,0.09999999999999998,169.0928,True,similarity,Mondrian-similarity,family_Polycarbonates,family,extra_trees
4,12,1.0,0.09999999999999998,115.88040000000001,True,similarity,Mondrian-similarity,family_Polycarbonates,family,extra_trees
Polycarbonates,98,0.9693877551020408,0.06938775510204076,172.06214734693884,True,family,Mondrian-similarity,family_Polycarbonates,family,extra_trees
5,2,0.5,-0.4,127.196,False,similarity,Mondrian-family,family_Polycarbonates,family,extra_trees
0,11,0.9090909090909091,0.009090909090909038,127.19599999999997,True,similarity,Mondrian-family,family_Polycarbonates,family,extra_trees
1,12,0.9166666666666666,0.016666666666666607,127.19599999999997,True,similarity,Mondrian-family,family_Polycarbonates,family,extra_trees
3,36,0.9722222222222222,0.07222222222222219,127.19599999999998,True,similarity,Mondrian-family,family_Polycarbonates,family,extra_trees
2,25,1.0,0.09999999999999998,127.19599999999998,True,similarity,Mondrian-family,family_Polycarbonates,family,extra_trees
4,12,1.0,0.09999999999999998,127.19599999999998,True,similarity,Mondrian-family,family_Polycarbonates,family,extra_trees
Polycarbonates,98,0.9591836734693877,0.05918367346938769,127.19599999999998,True,family,Mondrian-family,family_Polycarbonates,family,extra_trees
5,2,0.5,-0.4,146.00231525566684,False,similarity,Normalised SCP,family_Polycarbonates,family,extra_trees
3,36,0.75,-0.15000000000000002,124.14984000698249,True,similarity,Normalised SCP,family_Polycarbonates,family,extra_trees
0,11,0.9090909090909091,0.009090909090909038,150.9443735417709,True,similarity,Normalised SCP,family_Polycarbonates,family,extra_trees
1,12,0.9166666666666666,0.016666666666666607,133.40765892096746,True,similarity,Normalised SCP,family_Polycarbonates,family,extra_trees
4,12,0.9166666666666666,0.016666666666666607,109.09692160320297,True,similarity,Normalised SCP,family_Polycarbonates,family,extra_trees
2,25,1.0,0.09999999999999998,158.8322595956357,True,similarity,Normalised SCP,family_Polycarbonates,family,extra_trees
Polycarbonates,98,0.8673469387755102,-0.032653061224489854,135.74131057044,True,family,Normalised SCP,family_Polycarbonates,family,extra_trees
2,9,0.6666666666666666,-0.2333333333333334,366.0,False,similarity,SCP,family_Polydienes,family,median
1,15,0.8,-0.09999999999999998,366.0,True,similarity,SCP,family_Polydienes,family,median
0,63,0.8571428571428571,-0.04285714285714293,366.0,True,similarity,SCP,family_Polydienes,family,median
3,2,1.0,0.09999999999999998,366.0,False,similarity,SCP,family_Polydienes,family,median
Polydienes,89,0.8314606741573034,-0.06853932584269662,366.0,True,family,SCP,family_Polydienes,family,median
3,2,0.5,-0.4,330.20000000000005,False,similarity,Mondrian-similarity,family_Polydienes,family,median
2,9,0.6666666666666666,-0.2333333333333334,353.0,False,similarity,Mondrian-similarity,family_Polydienes,family,median
1,15,0.8,-0.09999999999999998,368.0,True,similarity,Mondrian-similarity,family_Polydienes,family,median
0,63,0.9206349206349206,0.02063492063492056,400.0,True,similarity,Mondrian-similarity,family_Polydienes,family,median
Polydienes,89,0.8651685393258427,-0.03483146067415732,388.285393258427,True,family,Mondrian-similarity,family_Polydienes,family,median
2,9,0.6666666666666666,-0.2333333333333334,366.0,False,similarity,Mondrian-family,family_Polydienes,family,median
1,15,0.8,-0.09999999999999998,366.0,True,similarity,Mondrian-family,family_Polydienes,family,median
0,63,0.8571428571428571,-0.04285714285714293,366.0,True,similarity,Mondrian-family,family_Polydienes,family,median
3,2,1.0,0.09999999999999998,366.0,False,similarity,Mondrian-family,family_Polydienes,family,median
Polydienes,89,0.8314606741573034,-0.06853932584269662,366.0,True,family,Mondrian-family,family_Polydienes,family,median
3,2,0.5,-0.4,253.6421045575114,False,similarity,Normalised SCP,family_Polydienes,family,median
1,15,0.6666666666666666,-0.2333333333333334,334.7983195756152,True,similarity,Normalised SCP,family_Polydienes,family,median
2,9,0.7777777777777778,-0.12222222222222223,360.64013127008207,False,similarity,Normalised SCP,family_Polydienes,family,median
0,63,0.9365079365079365,0.03650793650793649,343.9475013920575,True,similarity,Normalised SCP,family_Polydienes,family,median
Polydienes,89,0.8651685393258427,-0.03483146067415732,342.06418844808553,True,family,Normalised SCP,family_Polydienes,family,median
0,63,0.42857142857142855,-0.4714285714285715,130.15624239460553,True,similarity,SCP,family_Polydienes,family,svr
1,15,0.7333333333333333,-0.16666666666666674,130.1562423946056,True,similarity,SCP,family_Polydienes,family,svr
2,9,0.7777777777777778,-0.12222222222222223,130.15624239460556,False,similarity,SCP,family_Polydienes,family,svr
3,2,1.0,0.09999999999999998,130.15624239460556,False,similarity,SCP,family_Polydienes,family,svr
Polydienes,89,0.5280898876404494,-0.3719101123595506,130.15624239460558,True,family,SCP,family_Polydienes,family,svr
0,63,0.7619047619047619,-0.13809523809523816,283.6969860450115,True,similarity,Mondrian-similarity,family_Polydienes,family,svr
1,15,0.8,-0.09999999999999998,254.20286719512438,True,similarity,Mondrian-similarity,family_Polydienes,family,svr
3,2,1.0,0.09999999999999998,153.65567792594652,False,similarity,Mondrian-similarity,family_Polydienes,family,svr
2,9,1.0,0.09999999999999998,235.86481422673447,False,similarity,Mondrian-similarity,family_Polydienes,family,svr
Polydienes,89,0.797752808988764,-0.10224719101123603,270.9668293556751,True,family,Mondrian-similarity,family_Polydienes,family,svr
0,63,0.42857142857142855,-0.4714285714285715,130.15624239460553,True,similarity,Mondrian-family,family_Polydienes,family,svr
1,15,0.7333333333333333,-0.16666666666666674,130.1562423946056,True,similarity,Mondrian-family,family_Polydienes,family,svr
2,9,0.7777777777777778,-0.12222222222222223,130.15624239460556,False,similarity,Mondrian-family,family_Polydienes,family,svr
3,2,1.0,0.09999999999999998,130.15624239460556,False,similarity,Mondrian-family,family_Polydienes,family,svr
Polydienes,89,0.5280898876404494,-0.3719101123595506,130.15624239460558,True,family,Mondrian-family,family_Polydienes,family,svr
0,63,0.5238095238095238,-0.3761904761904762,180.23325496192373,True,similarity,Normalised SCP,family_Polydienes,family,svr
1,15,0.7333333333333333,-0.16666666666666674,171.85726576449667,True,similarity,Normalised SCP,family_Polydienes,family,svr
2,9,0.7777777777777778,-0.12222222222222223,130.90552200797262,False,similarity,Normalised SCP,family_Polydienes,family,svr
3,2,1.0,0.09999999999999998,128.1990829244828,False,similarity,Normalised SCP,family_Polydienes,family,svr
Polydienes,89,0.5955056179775281,-0.3044943820224719,172.66406643808278,True,family,Normalised SCP,family_Polydienes,family,svr
0,63,0.5079365079365079,-0.3920634920634921,131.56134,True,similarity,SCP,family_Polydienes,family,random_forest
1,15,0.7333333333333333,-0.16666666666666674,131.56133999999997,True,similarity,SCP,family_Polydienes,family,random_forest
3,2,1.0,0.09999999999999998,131.56133999999997,False,similarity,SCP,family_Polydienes,family,random_forest
2,9,1.0,0.09999999999999998,131.56133999999997,False,similarity,SCP,family_Polydienes,family,random_forest
Polydienes,89,0.6067415730337079,-0.2932584269662921,131.56133999999997,True,family,SCP,family_Polydienes,family,random_forest
0,63,0.7142857142857143,-0.18571428571428572,246.61607999999984,True,similarity,Mondrian-similarity,family_Polydienes,family,random_forest
1,15,0.8666666666666667,-0.033333333333333326,205.11270000000016,True,similarity,Mondrian-similarity,family_Polydienes,family,random_forest
3,2,1.0,0.09999999999999998,155.68374000000045,False,similarity,Mondrian-similarity,family_Polydienes,family,random_forest
2,9,1.0,0.09999999999999998,218.08280000000008,False,similarity,Mondrian-similarity,family_Polydienes,family,random_forest
Polydienes,89,0.7752808988764045,-0.12471910112359552,234.69231707865166,True,family,Mondrian-similarity,family_Polydienes,family,random_forest
0,63,0.5079365079365079,-0.3920634920634921,131.56134,True,similarity,Mondrian-family,family_Polydienes,family,random_forest
1,15,0.7333333333333333,-0.16666666666666674,131.56133999999997,True,similarity,Mondrian-family,family_Polydienes,family,random_forest
3,2,1.0,0.09999999999999998,131.56133999999997,False,similarity,Mondrian-family,family_Polydienes,family,random_forest
2,9,1.0,0.09999999999999998,131.56133999999997,False,similarity,Mondrian-family,family_Polydienes,family,random_forest
Polydienes,89,0.6067415730337079,-0.2932584269662921,131.56133999999997,True,family,Mondrian-family,family_Polydienes,family,random_forest
0,63,0.5555555555555556,-0.34444444444444444,177.36235115045827,True,similarity,Normalised SCP,family_Polydienes,family,random_forest
1,15,0.7333333333333333,-0.16666666666666674,185.72934445509125,True,similarity,Normalised SCP,family_Polydienes,family,random_forest
2,9,0.7777777777777778,-0.12222222222222223,122.79530066626565,False,similarity,Normalised SCP,family_Polydienes,family,random_forest
3,2,1.0,0.09999999999999998,137.6802544889265,False,similarity,Normalised SCP,family_Polydienes,family,random_forest
Polydienes,89,0.6179775280898876,-0.2820224719101124,172.36276971100543,True,family,Normalised SCP,family_Polydienes,family,random_forest
0,63,0.47619047619047616,-0.42380952380952386,119.99485427543034,True,similarity,SCP,family_Polydienes,family,hist_gbr
1,15,0.8,-0.09999999999999998,119.99485427543044,True,similarity,SCP,family_Polydienes,family,hist_gbr
2,9,0.8888888888888888,-0.011111111111111183,119.9948542754304,False,similarity,SCP,family_Polydienes,family,hist_gbr
3,2,1.0,0.09999999999999998,119.99485427543038,False,similarity,SCP,family_Polydienes,family,hist_gbr
Polydienes,89,0.5842696629213483,-0.3157303370786517,119.99485427543041,True,family,SCP,family_Polydienes,family,hist_gbr
0,63,0.7619047619047619,-0.13809523809523816,277.4432655737211,True,similarity,Mondrian-similarity,family_Polydienes,family,hist_gbr
1,15,0.8666666666666667,-0.033333333333333326,226.9548828384936,True,similarity,Mondrian-similarity,family_Polydienes,family,hist_gbr
3,2,1.0,0.09999999999999998,136.81962523713082,False,similarity,Mondrian-similarity,family_Polydienes,family,hist_gbr
2,9,1.0,0.09999999999999998,241.17537935742914,False,similarity,Mondrian-similarity,family_Polydienes,family,hist_gbr
Polydienes,89,0.8089887640449438,-0.09101123595505622,262.106366723741,True,family,Mondrian-similarity,family_Polydienes,family,hist_gbr
0,63,0.47619047619047616,-0.42380952380952386,119.99485427543034,True,similarity,Mondrian-family,family_Polydienes,family,hist_gbr
1,15,0.8,-0.09999999999999998,119.99485427543044,True,similarity,Mondrian-family,family_Polydienes,family,hist_gbr
2,9,0.8888888888888888,-0.011111111111111183,119.9948542754304,False,similarity,Mondrian-family,family_Polydienes,family,hist_gbr
3,2,1.0,0.09999999999999998,119.99485427543038,False,similarity,Mondrian-family,family_Polydienes,family,hist_gbr
Polydienes,89,0.5842696629213483,-0.3157303370786517,119.99485427543041,True,family,Mondrian-family,family_Polydienes,family,hist_gbr
0,63,0.5238095238095238,-0.3761904761904762,158.34789110113053,True,similarity,Normalised SCP,family_Polydienes,family,hist_gbr
1,15,0.8,-0.09999999999999998,146.8311910042925,True,similarity,Normalised SCP,family_Polydienes,family,hist_gbr
2,9,0.8888888888888888,-0.011111111111111183,127.53551034916924,False,similarity,Normalised SCP,family_Polydienes,family,hist_gbr
3,2,1.0,0.09999999999999998,125.60125761323943,False,similarity,Normalised SCP,family_Polydienes,family,hist_gbr
Polydienes,89,0.6179775280898876,-0.2820224719101124,152.55513609892824,True,family,Normalised SCP,family_Polydienes,family,hist_gbr
0,63,0.42857142857142855,-0.4714285714285715,121.65420000000003,True,similarity,SCP,family_Polydienes,family,extra_trees
1,15,0.6,-0.30000000000000004,121.65419999999999,True,similarity,SCP,family_Polydienes,family,extra_trees
2,9,0.7777777777777778,-0.12222222222222223,121.65420000000002,False,similarity,SCP,family_Polydienes,family,extra_trees
3,2,1.0,0.09999999999999998,121.65420000000003,False,similarity,SCP,family_Polydienes,family,extra_trees
Polydienes,89,0.5056179775280899,-0.3943820224719101,121.65420000000003,True,family,SCP,family_Polydienes,family,extra_trees
0,63,0.6984126984126984,-0.20158730158730165,256.7528,True,similarity,Mondrian-similarity,family_Polydienes,family,extra_trees
1,15,0.8666666666666667,-0.033333333333333326,192.53407999999993,True,similarity,Mondrian-similarity,family_Polydienes,family,extra_trees
3,2,1.0,0.09999999999999998,140.37311999999997,False,similarity,Mondrian-similarity,family_Polydienes,family,extra_trees
2,9,1.0,0.09999999999999998,215.60183999999992,False,similarity,Mondrian-similarity,family_Polydienes,family,extra_trees
Polydienes,89,0.7640449438202247,-0.13595505617977532,239.152813483146,True,family,Mondrian-similarity,family_Polydienes,family,extra_trees
0,63,0.42857142857142855,-0.4714285714285715,121.65420000000003,True,similarity,Mondrian-family,family_Polydienes,family,extra_trees
1,15,0.6,-0.30000000000000004,121.65419999999999,True,similarity,Mondrian-family,family_Polydienes,family,extra_trees
2,9,0.7777777777777778,-0.12222222222222223,121.65420000000002,False,similarity,Mondrian-family,family_Polydienes,family,extra_trees
3,2,1.0,0.09999999999999998,121.65420000000003,False,similarity,Mondrian-family,family_Polydienes,family,extra_trees
Polydienes,89,0.5056179775280899,-0.3943820224719101,121.65420000000003,True,family,Mondrian-family,family_Polydienes,family,extra_trees
0,63,0.47619047619047616,-0.42380952380952386,157.06369178239947,True,similarity,Normalised SCP,family_Polydienes,family,extra_trees
1,15,0.7333333333333333,-0.16666666666666674,166.37960505888634,True,similarity,Normalised SCP,family_Polydienes,family,extra_trees
2,9,0.7777777777777778,-0.12222222222222223,116.38077860034332,False,similarity,Normalised SCP,family_Polydienes,family,extra_trees
3,2,1.0,0.09999999999999998,126.03554199121665,False,similarity,Normalised SCP,family_Polydienes,family,extra_trees
Polydienes,89,0.5617977528089888,-0.3382022471910112,153.82252527595486,True,family,Normalised SCP,family_Polydienes,family,extra_trees
4,54,0.8518518518518519,-0.04814814814814816,370.0,True,similarity,SCP,family_Polyesters,family,median
2,289,0.9238754325259516,0.02387543252595159,370.0,True,similarity,SCP,family_Polyesters,family,median
3,93,0.946236559139785,0.04623655913978497,370.0,True,similarity,SCP,family_Polyesters,family,median
1,286,0.9545454545454546,0.054545454545454564,370.0,True,similarity,SCP,family_Polyesters,family,median
0,108,0.9814814814814815,0.08148148148148149,370.0,True,similarity,SCP,family_Polyesters,family,median
5,6,1.0,0.09999999999999998,370.0,False,similarity,SCP,family_Polyesters,family,median
Polyesters,836,0.9401913875598086,0.040191387559808556,370.0,True,family,SCP,family_Polyesters,family,median
4,54,0.8518518518518519,-0.04814814814814816,368.0,True,similarity,Mondrian-similarity,family_Polyesters,family,median
1,286,0.9230769230769231,0.023076923076923106,350.0,True,similarity,Mondrian-similarity,family_Polyesters,family,median
2,289,0.9238754325259516,0.02387543252595159,368.0,True,similarity,Mondrian-similarity,family_Polyesters,family,median
3,93,0.978494623655914,0.07849462365591398,400.0,True,similarity,Mondrian-similarity,family_Polyesters,family,median
0,108,0.9907407407407407,0.09074074074074068,394.0,True,similarity,Mondrian-similarity,family_Polyesters,family,median
5,6,1.0,0.09999999999999998,366.0,False,similarity,Mondrian-similarity,family_Polyesters,family,median
Polyesters,836,0.9342105263157895,0.03421052631578947,368.7464114832536,True,family,Mondrian-similarity,family_Polyesters,family,median
4,54,0.8518518518518519,-0.04814814814814816,370.0,True,similarity,Mondrian-family,family_Polyesters,family,median
2,289,0.9238754325259516,0.02387543252595159,370.0,True,similarity,Mondrian-family,family_Polyesters,family,median
3,93,0.946236559139785,0.04623655913978497,370.0,True,similarity,Mondrian-family,family_Polyesters,family,median
1,286,0.9545454545454546,0.054545454545454564,370.0,True,similarity,Mondrian-family,family_Polyesters,family,median
0,108,0.9814814814814815,0.08148148148148149,370.0,True,similarity,Mondrian-family,family_Polyesters,family,median
5,6,1.0,0.09999999999999998,370.0,False,similarity,Mondrian-family,family_Polyesters,family,median
Polyesters,836,0.9401913875598086,0.040191387559808556,370.0,True,family,Mondrian-family,family_Polyesters,family,median
0,108,0.7037037037037037,-0.1962962962962963,226.55966697121107,True,similarity,Normalised SCP,family_Polyesters,family,median
1,286,0.8041958041958042,-0.09580419580419586,242.31387506745492,True,similarity,Normalised SCP,family_Polyesters,family,median
5,6,0.8333333333333334,-0.06666666666666665,227.21717271167634,False,similarity,Normalised SCP,family_Polyesters,family,median
3,93,0.8494623655913979,-0.05053763440860215,241.0972882315134,True,similarity,Normalised SCP,family_Polyesters,family,median
2,289,0.8858131487889274,-0.01418685121107266,263.0107130399293,True,similarity,Normalised SCP,family_Polyesters,family,median
4,54,0.9074074074074074,0.007407407407407418,262.1975120029928,True,similarity,Normalised SCP,family_Polyesters,family,median
Polyesters,836,0.8313397129186603,-0.06866028708133975,248.4740727998623,True,family,Normalised SCP,family_Polyesters,family,median
0,108,0.7777777777777778,-0.12222222222222223,138.38435304746417,True,similarity,SCP,family_Polyesters,family,svr
3,93,0.8709677419354839,-0.029032258064516148,138.38435304746417,True,similarity,SCP,family_Polyesters,family,svr
1,286,0.8741258741258742,-0.025874125874125853,138.38435304746417,True,similarity,SCP,family_Polyesters,family,svr
4,54,0.9259259259259259,0.025925925925925908,138.38435304746417,True,similarity,SCP,family_Polyesters,family,svr
2,289,0.9342560553633218,0.03425605536332177,138.38435304746417,True,similarity,SCP,family_Polyesters,family,svr
5,6,1.0,0.09999999999999998,138.38435304746417,False,similarity,SCP,family_Polyesters,family,svr
Polyesters,836,0.8863636363636364,-0.013636363636363669,138.38435304746417,True,family,SCP,family_Polyesters,family,svr
5,6,0.6666666666666666,-0.2333333333333334,98.45310091857442,False,similarity,Mondrian-similarity,family_Polyesters,family,svr
4,54,0.9259259259259259,0.025925925925925908,137.89382453314283,True,similarity,Mondrian-similarity,family_Polyesters,family,svr
1,286,0.9545454545454546,0.054545454545454564,216.38909983071042,True,similarity,Mondrian-similarity,family_Polyesters,family,svr
0,108,0.9629629629629629,0.06296296296296289,287.9033355231709,True,similarity,Mondrian-similarity,family_Polyesters,family,svr
3,93,0.989247311827957,0.08924731182795698,195.53347759572526,True,similarity,Mondrian-similarity,family_Polyesters,family,svr
2,289,0.9896193771626297,0.08961937716262969,218.09316040897355,True,similarity,Mondrian-similarity,family_Polyesters,family,svr
Polyesters,836,0.9677033492822966,0.0677033492822966,217.9801013073955,True,family,Mondrian-similarity,family_Polyesters,family,svr
0,108,0.7777777777777778,-0.12222222222222223,138.38435304746417,True,similarity,Mondrian-family,family_Polyesters,family,svr
3,93,0.8709677419354839,-0.029032258064516148,138.38435304746417,True,similarity,Mondrian-family,family_Polyesters,family,svr
1,286,0.8741258741258742,-0.025874125874125853,138.38435304746417,True,similarity,Mondrian-family,family_Polyesters,family,svr
4,54,0.9259259259259259,0.025925925925925908,138.38435304746417,True,similarity,Mondrian-family,family_Polyesters,family,svr
2,289,0.9342560553633218,0.03425605536332177,138.38435304746417,True,similarity,Mondrian-family,family_Polyesters,family,svr
5,6,1.0,0.09999999999999998,138.38435304746417,False,similarity,Mondrian-family,family_Polyesters,family,svr
Polyesters,836,0.8863636363636364,-0.013636363636363669,138.38435304746417,True,family,Mondrian-family,family_Polyesters,family,svr
0,108,0.75,-0.15000000000000002,122.1323911211679,True,similarity,Normalised SCP,family_Polyesters,family,svr
3,93,0.7956989247311828,-0.10430107526881727,121.90612606337648,True,similarity,Normalised SCP,family_Polyesters,family,svr
1,286,0.8251748251748252,-0.07482517482517481,118.1135117318656,True,similarity,Normalised SCP,family_Polyesters,family,svr
4,54,0.8888888888888888,-0.011111111111111183,114.70303933399246,True,similarity,Normalised SCP,family_Polyesters,family,svr
2,289,0.8927335640138409,-0.00726643598615917,113.37051253150659,True,similarity,Normalised SCP,family_Polyesters,family,svr
5,6,1.0,0.09999999999999998,113.98569005353279,False,similarity,Normalised SCP,family_Polyesters,family,svr
Polyesters,836,0.8409090909090909,-0.05909090909090908,117.16505826107165,True,family,Normalised SCP,family_Polyesters,family,svr
1,286,0.8216783216783217,-0.07832167832167836,143.27319999999997,True,similarity,SCP,family_Polyesters,family,random_forest
0,108,0.8240740740740741,-0.07592592592592595,143.2732,True,similarity,SCP,family_Polyesters,family,random_forest
5,6,0.8333333333333334,-0.06666666666666665,143.27319999999997,False,similarity,SCP,family_Polyesters,family,random_forest
3,93,0.8817204301075269,-0.018279569892473146,143.27319999999997,True,similarity,SCP,family_Polyesters,family,random_forest
2,289,0.9100346020761245,0.0100346020761245,143.27319999999997,True,similarity,SCP,family_Polyesters,family,random_forest
4,54,0.9444444444444444,0.0444444444444444,143.27319999999995,True,similarity,SCP,family_Polyesters,family,random_forest
Polyesters,836,0.8672248803827751,-0.0327751196172249,143.2732,True,family,SCP,family_Polyesters,family,random_forest
5,6,0.8333333333333334,-0.06666666666666665,100.90320000000001,False,similarity,Mondrian-similarity,family_Polyesters,family,random_forest
4,54,0.8888888888888888,-0.011111111111111183,126.6228000000002,True,similarity,Mondrian-similarity,family_Polyesters,family,random_forest
3,93,0.946236559139785,0.04623655913978497,187.87159999999992,True,similarity,Mondrian-similarity,family_Polyesters,family,random_forest
1,286,0.9615384615384616,0.06153846153846154,235.89136000000008,True,similarity,Mondrian-similarity,family_Polyesters,family,random_forest
0,108,0.9629629629629629,0.06296296296296289,275.1278,True,similarity,Mondrian-similarity,family_Polyesters,family,random_forest
2,289,0.9826989619377162,0.0826989619377162,192.9201599999999,True,similarity,Mondrian-similarity,family_Polyesters,family,random_forest
Polyesters,836,0.9617224880382775,0.06172248803827751,212.73656315789472,True,family,Mondrian-similarity,family_Polyesters,family,random_forest
1,286,0.8216783216783217,-0.07832167832167836,143.27319999999997,True,similarity,Mondrian-family,family_Polyesters,family,random_forest
0,108,0.8240740740740741,-0.07592592592592595,143.2732,True,similarity,Mondrian-family,family_Polyesters,family,random_forest
5,6,0.8333333333333334,-0.06666666666666665,143.27319999999997,False,similarity,Mondrian-family,family_Polyesters,family,random_forest
3,93,0.8817204301075269,-0.018279569892473146,143.27319999999997,True,similarity,Mondrian-family,family_Polyesters,family,random_forest
2,289,0.9100346020761245,0.0100346020761245,143.27319999999997,True,similarity,Mondrian-family,family_Polyesters,family,random_forest
4,54,0.9444444444444444,0.0444444444444444,143.27319999999995,True,similarity,Mondrian-family,family_Polyesters,family,random_forest
Polyesters,836,0.8672248803827751,-0.0327751196172249,143.2732,True,family,Mondrian-family,family_Polyesters,family,random_forest
0,108,0.6481481481481481,-0.2518518518518519,116.91296591565032,True,similarity,Normalised SCP,family_Polyesters,family,random_forest
1,286,0.7447552447552448,-0.15524475524475523,121.86502311046812,True,similarity,Normalised SCP,family_Polyesters,family,random_forest
3,93,0.7741935483870968,-0.12580645161290327,131.42482898557492,True,similarity,Normalised SCP,family_Polyesters,family,random_forest
4,54,0.7777777777777778,-0.12222222222222223,121.37179363272266,True,similarity,Normalised SCP,family_Polyesters,family,random_forest
2,289,0.8131487889273357,-0.08685121107266436,117.25295242065131,True,similarity,Normalised SCP,family_Polyesters,family,random_forest
5,6,0.8333333333333334,-0.06666666666666665,123.23762860825126,False,similarity,Normalised SCP,family_Polyesters,family,random_forest
Polyesters,836,0.7619617224880383,-0.13803827751196174,120.67238265732936,True,family,Normalised SCP,family_Polyesters,family,random_forest
3,93,0.7956989247311828,-0.10430107526881727,128.1110072220944,True,similarity,SCP,family_Polyesters,family,hist_gbr
5,6,0.8333333333333334,-0.06666666666666665,128.11100722209437,False,similarity,SCP,family_Polyesters,family,hist_gbr
1,286,0.8391608391608392,-0.060839160839160855,128.11100722209437,True,similarity,SCP,family_Polyesters,family,hist_gbr
0,108,0.8518518518518519,-0.04814814814814816,128.11100722209443,True,similarity,SCP,family_Polyesters,family,hist_gbr
2,289,0.9065743944636678,0.00657439446366781,128.11100722209437,True,similarity,SCP,family_Polyesters,family,hist_gbr
4,54,0.9259259259259259,0.025925925925925908,128.11100722209437,True,similarity,SCP,family_Polyesters,family,hist_gbr
Polyesters,836,0.8648325358851675,-0.035167464114832514,128.11100722209443,True,family,SCP,family_Polyesters,family,hist_gbr
5,6,0.6666666666666666,-0.2333333333333334,91.98246254211341,False,similarity,Mondrian-similarity,family_Polyesters,family,hist_gbr
3,93,0.8602150537634409,-0.03978494623655915,139.13646880297296,True,similarity,Mondrian-similarity,family_Polyesters,family,hist_gbr
4,54,0.8888888888888888,-0.011111111111111183,116.73130555468467,True,similarity,Mondrian-similarity,family_Polyesters,family,hist_gbr
1,286,0.9405594405594405,0.040559440559440496,199.0438467154771,True,similarity,Mondrian-similarity,family_Polyesters,family,hist_gbr
2,289,0.9653979238754326,0.06539792387543253,185.94329024576408,True,similarity,Mondrian-similarity,family_Polyesters,family,hist_gbr
0,108,0.9722222222222222,0.07222222222222219,239.7606601627634,True,similarity,Mondrian-similarity,family_Polyesters,family,hist_gbr
Polyesters,836,0.9389952153110048,0.038995215311004805,187.02557322142684,True,family,Mondrian-similarity,family_Polyesters,family,hist_gbr
3,93,0.7956989247311828,-0.10430107526881727,128.1110072220944,True,similarity,Mondrian-family,family_Polyesters,family,hist_gbr
5,6,0.8333333333333334,-0.06666666666666665,128.11100722209437,False,similarity,Mondrian-family,family_Polyesters,family,hist_gbr
1,286,0.8391608391608392,-0.060839160839160855,128.11100722209437,True,similarity,Mondrian-family,family_Polyesters,family,hist_gbr
0,108,0.8518518518518519,-0.04814814814814816,128.11100722209443,True,similarity,Mondrian-family,family_Polyesters,family,hist_gbr
2,289,0.9065743944636678,0.00657439446366781,128.11100722209437,True,similarity,Mondrian-family,family_Polyesters,family,hist_gbr
4,54,0.9259259259259259,0.025925925925925908,128.11100722209437,True,similarity,Mondrian-family,family_Polyesters,family,hist_gbr
Polyesters,836,0.8648325358851675,-0.035167464114832514,128.11100722209443,True,family,Mondrian-family,family_Polyesters,family,hist_gbr
0,108,0.7777777777777778,-0.12222222222222223,112.03683058396011,True,similarity,Normalised SCP,family_Polyesters,family,hist_gbr
1,286,0.7797202797202797,-0.12027972027972034,114.88984963719504,True,similarity,Normalised SCP,family_Polyesters,family,hist_gbr
3,93,0.8064516129032258,-0.09354838709677427,120.67337360887868,True,similarity,Normalised SCP,family_Polyesters,family,hist_gbr
5,6,0.8333333333333334,-0.06666666666666665,110.166427072232,False,similarity,Normalised SCP,family_Polyesters,family,hist_gbr
2,289,0.8477508650519031,-0.05224913494809691,108.07146580583083,True,similarity,Normalised SCP,family_Polyesters,family,hist_gbr
4,54,0.9074074074074074,0.007407407407407418,113.8902484680246,True,similarity,Normalised SCP,family_Polyesters,family,hist_gbr
Polyesters,836,0.8145933014354066,-0.08540669856459338,112.70911966808974,True,family,Normalised SCP,family_Polyesters,family,hist_gbr
0,108,0.8240740740740741,-0.07592592592592595,136.2465200000001,True,similarity,SCP,family_Polyesters,family,extra_trees
5,6,0.8333333333333334,-0.06666666666666665,136.24652000000003,False,similarity,SCP,family_Polyesters,family,extra_trees
1,286,0.8496503496503497,-0.05034965034965033,136.24652000000003,True,similarity,SCP,family_Polyesters,family,extra_trees
3,93,0.8709677419354839,-0.029032258064516148,136.2465200000001,True,similarity,SCP,family_Polyesters,family,extra_trees
4,54,0.9074074074074074,0.007407407407407418,136.24652,True,similarity,SCP,family_Polyesters,family,extra_trees
2,289,0.9238754325259516,0.02387543252595159,136.24652000000006,True,similarity,SCP,family_Polyesters,family,extra_trees
Polyesters,836,0.8779904306220095,-0.02200956937799048,136.2465200000001,True,family,SCP,family_Polyesters,family,extra_trees
5,6,0.6666666666666666,-0.2333333333333334,93.25760000000014,False,similarity,Mondrian-similarity,family_Polyesters,family,extra_trees
4,54,0.8518518518518519,-0.04814814814814816,126.2312,True,similarity,Mondrian-similarity,family_Polyesters,family,extra_trees
3,93,0.956989247311828,0.05698924731182797,181.23040000000015,True,similarity,Mondrian-similarity,family_Polyesters,family,extra_trees
0,108,0.9722222222222222,0.07222222222222219,276.05440000000004,True,similarity,Mondrian-similarity,family_Polyesters,family,extra_trees
1,286,0.9755244755244755,0.0755244755244755,249.33692000000002,True,similarity,Mondrian-similarity,family_Polyesters,family,extra_trees
2,289,0.9792387543252595,0.07923875432525951,192.85673999999992,True,similarity,Mondrian-similarity,family_Polyesters,family,extra_trees
Polyesters,836,0.9641148325358851,0.06411483253588512,216.61517916267945,True,family,Mondrian-similarity,family_Polyesters,family,extra_trees
0,108,0.8240740740740741,-0.07592592592592595,136.2465200000001,True,similarity,Mondrian-family,family_Polyesters,family,extra_trees
5,6,0.8333333333333334,-0.06666666666666665,136.24652000000003,False,similarity,Mondrian-family,family_Polyesters,family,extra_trees
1,286,0.8496503496503497,-0.05034965034965033,136.24652000000003,True,similarity,Mondrian-family,family_Polyesters,family,extra_trees
3,93,0.8709677419354839,-0.029032258064516148,136.2465200000001,True,similarity,Mondrian-family,family_Polyesters,family,extra_trees
4,54,0.9074074074074074,0.007407407407407418,136.24652,True,similarity,Mondrian-family,family_Polyesters,family,extra_trees
2,289,0.9238754325259516,0.02387543252595159,136.24652000000006,True,similarity,Mondrian-family,family_Polyesters,family,extra_trees
Polyesters,836,0.8779904306220095,-0.02200956937799048,136.2465200000001,True,family,Mondrian-family,family_Polyesters,family,extra_trees
0,108,0.5925925925925926,-0.30740740740740746,107.40485659629074,True,similarity,Normalised SCP,family_Polyesters,family,extra_trees
3,93,0.7204301075268817,-0.17956989247311828,119.6000645395365,True,similarity,Normalised SCP,family_Polyesters,family,extra_trees
1,286,0.7587412587412588,-0.14125874125874127,112.2617476426172,True,similarity,Normalised SCP,family_Polyesters,family,extra_trees
4,54,0.7777777777777778,-0.12222222222222223,114.31754061289264,True,similarity,Normalised SCP,family_Polyesters,family,extra_trees
2,289,0.8027681660899654,-0.09723183391003465,106.41708041923168,True,similarity,Normalised SCP,family_Polyesters,family,extra_trees
5,6,1.0,0.09999999999999998,125.63992988668217,False,similarity,Normalised SCP,family_Polyesters,family,extra_trees
Polyesters,836,0.7511961722488039,-0.14880382775119616,110.65898726547735,True,family,Normalised SCP,family_Polyesters,family,extra_trees
5,49,0.7755102040816326,-0.1244897959183674,374.0,True,similarity,SCP,family_Polyethers,family,median
0,156,0.8717948717948718,-0.028205128205128216,374.0,True,similarity,SCP,family_Polyethers,family,median
4,126,0.873015873015873,-0.026984126984127,374.0,True,similarity,SCP,family_Polyethers,family,median
1,133,0.924812030075188,0.024812030075187952,374.0,True,similarity,SCP,family_Polyethers,family,median
2,153,0.9607843137254902,0.0607843137254902,374.0,True,similarity,SCP,family_Polyethers,family,median
3,119,0.9831932773109243,0.0831932773109243,374.0,True,similarity,SCP,family_Polyethers,family,median
Polyethers,736,0.9116847826086957,0.011684782608695654,374.0,True,family,SCP,family_Polyethers,family,median
5,49,0.7755102040816326,-0.1244897959183674,372.0,True,similarity,Mondrian-similarity,family_Polyethers,family,median
0,156,0.8397435897435898,-0.060256410256410264,360.0,True,similarity,Mondrian-similarity,family_Polyethers,family,median
4,126,0.8809523809523809,-0.01904761904761909,392.0,True,similarity,Mondrian-similarity,family_Polyethers,family,median
2,153,0.9150326797385621,0.015032679738562038,315.5999999999999,True,similarity,Mondrian-similarity,family_Polyethers,family,median
1,133,0.9323308270676691,0.0323308270676691,396.0,True,similarity,Mondrian-similarity,family_Polyethers,family,median
3,119,0.9831932773109243,0.0831932773109243,390.0,True,similarity,Mondrian-similarity,family_Polyethers,family,median
Polyethers,736,0.8980978260869565,-0.0019021739130434812,368.4032608695652,True,family,Mondrian-similarity,family_Polyethers,family,median
5,49,0.7755102040816326,-0.1244897959183674,374.0,True,similarity,Mondrian-family,family_Polyethers,family,median
0,156,0.8717948717948718,-0.028205128205128216,374.0,True,similarity,Mondrian-family,family_Polyethers,family,median
4,126,0.873015873015873,-0.026984126984127,374.0,True,similarity,Mondrian-family,family_Polyethers,family,median
1,133,0.924812030075188,0.024812030075187952,374.0,True,similarity,Mondrian-family,family_Polyethers,family,median
2,153,0.9607843137254902,0.0607843137254902,374.0,True,similarity,Mondrian-family,family_Polyethers,family,median
3,119,0.9831932773109243,0.0831932773109243,374.0,True,similarity,Mondrian-family,family_Polyethers,family,median
Polyethers,736,0.9116847826086957,0.011684782608695654,374.0,True,family,Mondrian-family,family_Polyethers,family,median
0,156,0.7692307692307693,-0.13076923076923075,275.9028893545946,True,similarity,Normalised SCP,family_Polyethers,family,median
1,133,0.8796992481203008,-0.020300751879699264,277.45673409598186,True,similarity,Normalised SCP,family_Polyethers,family,median
4,126,0.8809523809523809,-0.01904761904761909,305.2731508493937,True,similarity,Normalised SCP,family_Polyethers,family,median
2,153,0.8954248366013072,-0.004575163398692794,255.199514453651,True,similarity,Normalised SCP,family_Polyethers,family,median
3,119,0.907563025210084,0.007563025210084007,252.01789424032592,True,similarity,Normalised SCP,family_Polyethers,family,median
5,49,0.9387755102040817,0.038775510204081653,479.26495055782794,True,similarity,Normalised SCP,family_Polyethers,family,median
Polyethers,736,0.8682065217391305,-0.031793478260869534,286.58512375604204,True,family,Normalised SCP,family_Polyethers,family,median
5,49,0.7551020408163265,-0.14489795918367354,135.87298786858548,True,similarity,SCP,family_Polyethers,family,svr
0,156,0.7948717948717948,-0.1051282051282052,135.87298786858548,True,similarity,SCP,family_Polyethers,family,svr
1,133,0.9097744360902256,0.009774436090225547,135.8729878685855,True,similarity,SCP,family_Polyethers,family,svr
4,126,0.9126984126984127,0.012698412698412653,135.8729878685854,True,similarity,SCP,family_Polyethers,family,svr
3,119,0.9327731092436975,0.032773109243697474,135.8729878685855,True,similarity,SCP,family_Polyethers,family,svr
2,153,0.9477124183006536,0.047712418300653536,135.87298786858545,True,similarity,SCP,family_Polyethers,family,svr
Polyethers,736,0.8872282608695652,-0.012771739130434834,135.87298786858545,True,family,SCP,family_Polyethers,family,svr
5,49,0.5918367346938775,-0.3081632653061225,96.77336031142136,True,similarity,Mondrian-similarity,family_Polyethers,family,svr
4,126,0.9444444444444444,0.0444444444444444,152.423353330546,True,similarity,Mondrian-similarity,family_Polyethers,family,svr
0,156,0.9487179487179487,0.048717948717948656,242.84874587539255,True,similarity,Mondrian-similarity,family_Polyethers,family,svr
3,119,0.9831932773109243,0.0831932773109243,180.0757295403293,True,similarity,Mondrian-similarity,family_Polyethers,family,svr
1,133,0.9849624060150376,0.08496240601503757,225.21028341176566,True,similarity,Mondrian-similarity,family_Polyethers,family,svr
2,153,0.9869281045751634,0.08692810457516342,194.2492094139169,True,similarity,Mondrian-similarity,family_Polyethers,family,svr
Polyethers,736,0.9442934782608695,0.04429347826086949,194.20346478378127,True,family,Mondrian-similarity,family_Polyethers,family,svr
5,49,0.7551020408163265,-0.14489795918367354,135.87298786858548,True,similarity,Mondrian-family,family_Polyethers,family,svr
0,156,0.7948717948717948,-0.1051282051282052,135.87298786858548,True,similarity,Mondrian-family,family_Polyethers,family,svr
1,133,0.9097744360902256,0.009774436090225547,135.8729878685855,True,similarity,Mondrian-family,family_Polyethers,family,svr
4,126,0.9126984126984127,0.012698412698412653,135.8729878685854,True,similarity,Mondrian-family,family_Polyethers,family,svr
3,119,0.9327731092436975,0.032773109243697474,135.8729878685855,True,similarity,Mondrian-family,family_Polyethers,family,svr
2,153,0.9477124183006536,0.047712418300653536,135.87298786858545,True,similarity,Mondrian-family,family_Polyethers,family,svr
Polyethers,736,0.8872282608695652,-0.012771739130434834,135.87298786858545,True,family,Mondrian-family,family_Polyethers,family,svr
5,49,0.7346938775510204,-0.16530612244897958,128.49748046280672,True,similarity,Normalised SCP,family_Polyethers,family,svr
0,156,0.8141025641025641,-0.08589743589743593,150.70937673354334,True,similarity,Normalised SCP,family_Polyethers,family,svr
1,133,0.8796992481203008,-0.020300751879699264,136.10347099935225,True,similarity,Normalised SCP,family_Polyethers,family,svr
2,153,0.9150326797385621,0.015032679738562038,127.26814649561919,True,similarity,Normalised SCP,family_Polyethers,family,svr
4,126,0.9206349206349206,0.02063492063492056,126.44801583187798,True,similarity,Normalised SCP,family_Polyethers,family,svr
3,119,0.9495798319327731,0.049579831932773044,124.40602003721177,True,similarity,Normalised SCP,family_Polyethers,family,svr
Polyethers,736,0.8817934782608695,-0.01820652173913051,133.31194802866673,True,family,Normalised SCP,family_Polyethers,family,svr
0,156,0.7307692307692307,-0.1692307692307693,126.04440000000014,True,similarity,SCP,family_Polyethers,family,random_forest
5,49,0.8571428571428571,-0.04285714285714293,126.04440000000011,True,similarity,SCP,family_Polyethers,family,random_forest
2,153,0.869281045751634,-0.030718954248366015,126.04440000000014,True,similarity,SCP,family_Polyethers,family,random_forest
1,133,0.8721804511278195,-0.027819548872180522,126.04440000000012,True,similarity,SCP,family_Polyethers,family,random_forest
4,126,0.8809523809523809,-0.01904761904761909,126.04440000000015,True,similarity,SCP,family_Polyethers,family,random_forest
3,119,0.957983193277311,0.05798319327731094,126.04440000000015,True,similarity,SCP,family_Polyethers,family,random_forest
Polyethers,736,0.8559782608695652,-0.044021739130434834,126.04440000000012,True,family,SCP,family_Polyethers,family,random_forest
5,49,0.7755102040816326,-0.1244897959183674,91.08280000000002,True,similarity,Mondrian-similarity,family_Polyethers,family,random_forest
4,126,0.9206349206349206,0.02063492063492056,135.91620000000017,True,similarity,Mondrian-similarity,family_Polyethers,family,random_forest
2,153,0.9738562091503268,0.07385620915032676,178.41088000000002,True,similarity,Mondrian-similarity,family_Polyethers,family,random_forest
0,156,0.9743589743589743,0.07435897435897432,295.1348,True,similarity,Mondrian-similarity,family_Polyethers,family,random_forest
1,133,0.9849624060150376,0.08496240601503757,191.89607999999998,True,similarity,Mondrian-similarity,family_Polyethers,family,random_forest
3,119,1.0,0.09999999999999998,152.32500000000005,True,similarity,Mondrian-similarity,family_Polyethers,family,random_forest
Polyethers,736,0.9578804347826086,0.057880434782608625,188.28158353260875,True,family,Mondrian-similarity,family_Polyethers,family,random_forest
0,156,0.7307692307692307,-0.1692307692307693,126.04440000000014,True,similarity,Mondrian-family,family_Polyethers,family,random_forest
5,49,0.8571428571428571,-0.04285714285714293,126.04440000000011,True,similarity,Mondrian-family,family_Polyethers,family,random_forest
2,153,0.869281045751634,-0.030718954248366015,126.04440000000014,True,similarity,Mondrian-family,family_Polyethers,family,random_forest
1,133,0.8721804511278195,-0.027819548872180522,126.04440000000012,True,similarity,Mondrian-family,family_Polyethers,family,random_forest
4,126,0.8809523809523809,-0.01904761904761909,126.04440000000015,True,similarity,Mondrian-family,family_Polyethers,family,random_forest
3,119,0.957983193277311,0.05798319327731094,126.04440000000015,True,similarity,Mondrian-family,family_Polyethers,family,random_forest
Polyethers,736,0.8559782608695652,-0.044021739130434834,126.04440000000012,True,family,Mondrian-family,family_Polyethers,family,random_forest
0,156,0.7243589743589743,-0.17564102564102568,130.08096835298034,True,similarity,Normalised SCP,family_Polyethers,family,random_forest
2,153,0.8235294117647058,-0.07647058823529418,118.64962029495831,True,similarity,Normalised SCP,family_Polyethers,family,random_forest
1,133,0.849624060150376,-0.050375939849624074,128.36862619581623,True,similarity,Normalised SCP,family_Polyethers,family,random_forest
4,126,0.873015873015873,-0.026984126984127,121.41292670750211,True,similarity,Normalised SCP,family_Polyethers,family,random_forest
3,119,0.907563025210084,0.007563025210084007,123.30319902443561,True,similarity,Normalised SCP,family_Polyethers,family,random_forest
5,49,0.9183673469387755,0.01836734693877551,125.28423844175008,True,similarity,Normalised SCP,family_Polyethers,family,random_forest
Polyethers,736,0.8355978260869565,-0.06440217391304348,124.49604264257604,True,family,Normalised SCP,family_Polyethers,family,random_forest
0,156,0.7307692307692307,-0.1692307692307693,119.65857406868945,True,similarity,SCP,family_Polyethers,family,hist_gbr
1,133,0.8421052631578947,-0.05789473684210533,119.65857406868945,True,similarity,SCP,family_Polyethers,family,hist_gbr
2,153,0.869281045751634,-0.030718954248366015,119.65857406868945,True,similarity,SCP,family_Polyethers,family,hist_gbr
5,49,0.8979591836734694,-0.0020408163265306367,119.65857406868946,True,similarity,SCP,family_Polyethers,family,hist_gbr
4,126,0.9126984126984127,0.012698412698412653,119.65857406868946,True,similarity,SCP,family_Polyethers,family,hist_gbr
3,119,0.9495798319327731,0.049579831932773044,119.65857406868945,True,similarity,SCP,family_Polyethers,family,hist_gbr
Polyethers,736,0.8573369565217391,-0.04266304347826089,119.65857406868943,True,family,SCP,family_Polyethers,family,hist_gbr
5,49,0.7142857142857143,-0.18571428571428572,86.62972548929963,True,similarity,Mondrian-similarity,family_Polyethers,family,hist_gbr
4,126,0.9126984126984127,0.012698412698412653,125.1041983595406,True,similarity,Mondrian-similarity,family_Polyethers,family,hist_gbr
1,133,0.9398496240601504,0.03984962406015036,188.2862407480446,True,similarity,Mondrian-similarity,family_Polyethers,family,hist_gbr
2,153,0.954248366013072,0.054248366013071925,149.18844172888896,True,similarity,Mondrian-similarity,family_Polyethers,family,hist_gbr
3,119,0.9747899159663865,0.07478991596638651,149.99268659512086,True,similarity,Mondrian-similarity,family_Polyethers,family,hist_gbr
0,156,0.9807692307692307,0.0807692307692307,288.0573046061838,True,similarity,Mondrian-similarity,family_Polyethers,family,hist_gbr
Polyethers,736,0.9375,0.03749999999999998,177.52983202401063,True,family,Mondrian-similarity,family_Polyethers,family,hist_gbr
0,156,0.7307692307692307,-0.1692307692307693,119.65857406868945,True,similarity,Mondrian-family,family_Polyethers,family,hist_gbr
1,133,0.8421052631578947,-0.05789473684210533,119.65857406868945,True,similarity,Mondrian-family,family_Polyethers,family,hist_gbr
2,153,0.869281045751634,-0.030718954248366015,119.65857406868945,True,similarity,Mondrian-family,family_Polyethers,family,hist_gbr
5,49,0.8979591836734694,-0.0020408163265306367,119.65857406868946,True,similarity,Mondrian-family,family_Polyethers,family,hist_gbr
4,126,0.9126984126984127,0.012698412698412653,119.65857406868946,True,similarity,Mondrian-family,family_Polyethers,family,hist_gbr
3,119,0.9495798319327731,0.049579831932773044,119.65857406868945,True,similarity,Mondrian-family,family_Polyethers,family,hist_gbr
Polyethers,736,0.8573369565217391,-0.04266304347826089,119.65857406868943,True,family,Mondrian-family,family_Polyethers,family,hist_gbr
0,156,0.7371794871794872,-0.1628205128205128,129.13673726966852,True,similarity,Normalised SCP,family_Polyethers,family,hist_gbr
1,133,0.8195488721804511,-0.08045112781954888,119.49385518562731,True,similarity,Normalised SCP,family_Polyethers,family,hist_gbr
5,49,0.8367346938775511,-0.06326530612244896,110.03332830479623,True,similarity,Normalised SCP,family_Polyethers,family,hist_gbr
2,153,0.869281045751634,-0.030718954248366015,115.10866699559314,True,similarity,Normalised SCP,family_Polyethers,family,hist_gbr
4,126,0.8888888888888888,-0.011111111111111183,112.0870093191421,True,similarity,Normalised SCP,family_Polyethers,family,hist_gbr
3,119,0.9243697478991597,0.02436974789915969,115.02312035139634,True,similarity,Normalised SCP,family_Polyethers,family,hist_gbr
Polyethers,736,0.842391304347826,-0.05760869565217397,118.00541764544234,True,family,Normalised SCP,family_Polyethers,family,hist_gbr
0,156,0.7564102564102564,-0.14358974358974363,126.15159999999993,True,similarity,SCP,family_Polyethers,family,extra_trees
5,49,0.8571428571428571,-0.04285714285714293,126.15159999999997,True,similarity,SCP,family_Polyethers,family,extra_trees
1,133,0.8721804511278195,-0.027819548872180522,126.15159999999993,True,similarity,SCP,family_Polyethers,family,extra_trees
4,126,0.9126984126984127,0.012698412698412653,126.1515999999999,True,similarity,SCP,family_Polyethers,family,extra_trees
2,153,0.9150326797385621,0.015032679738562038,126.15159999999993,True,similarity,SCP,family_Polyethers,family,extra_trees
3,119,0.9747899159663865,0.07478991596638651,126.1515999999999,True,similarity,SCP,family_Polyethers,family,extra_trees
Polyethers,736,0.8790760869565217,-0.020923913043478293,126.15159999999995,True,family,SCP,family_Polyethers,family,extra_trees
5,49,0.6530612244897959,-0.24693877551020416,84.63400000000001,True,similarity,Mondrian-similarity,family_Polyethers,family,extra_trees
4,126,0.9126984126984127,0.012698412698412653,125.6563999999999,True,similarity,Mondrian-similarity,family_Polyethers,family,extra_trees
2,153,0.9477124183006536,0.047712418300653536,149.40139999999963,True,similarity,Mondrian-similarity,family_Polyethers,family,extra_trees
1,133,0.9699248120300752,0.06992481203007517,192.2888,True,similarity,Mondrian-similarity,family_Polyethers,family,extra_trees
0,156,0.9807692307692307,0.0807692307692307,338.1935999999998,True,similarity,Mondrian-similarity,family_Polyethers,family,extra_trees
3,119,1.0,0.09999999999999998,165.60604,True,similarity,Mondrian-similarity,family_Polyethers,family,extra_trees
Polyethers,736,0.9415760869565217,0.04157608695652171,191.4102138043477,True,family,Mondrian-similarity,family_Polyethers,family,extra_trees
0,156,0.7564102564102564,-0.14358974358974363,126.15159999999993,True,similarity,Mondrian-family,family_Polyethers,family,extra_trees
5,49,0.8571428571428571,-0.04285714285714293,126.15159999999997,True,similarity,Mondrian-family,family_Polyethers,family,extra_trees
1,133,0.8721804511278195,-0.027819548872180522,126.15159999999993,True,similarity,Mondrian-family,family_Polyethers,family,extra_trees
4,126,0.9126984126984127,0.012698412698412653,126.1515999999999,True,similarity,Mondrian-family,family_Polyethers,family,extra_trees
2,153,0.9150326797385621,0.015032679738562038,126.15159999999993,True,similarity,Mondrian-family,family_Polyethers,family,extra_trees
3,119,0.9747899159663865,0.07478991596638651,126.1515999999999,True,similarity,Mondrian-family,family_Polyethers,family,extra_trees
Polyethers,736,0.8790760869565217,-0.020923913043478293,126.15159999999995,True,family,Mondrian-family,family_Polyethers,family,extra_trees
0,156,0.7564102564102564,-0.14358974358974363,134.04058342419032,True,similarity,Normalised SCP,family_Polyethers,family,extra_trees
5,49,0.8775510204081632,-0.022448979591836782,134.73212234235473,True,similarity,Normalised SCP,family_Polyethers,family,extra_trees
1,133,0.8947368421052632,-0.0052631578947368585,127.79604537744494,True,similarity,Normalised SCP,family_Polyethers,family,extra_trees
4,126,0.8968253968253969,-0.0031746031746031633,126.31000050882798,True,similarity,Normalised SCP,family_Polyethers,family,extra_trees
2,153,0.9084967320261438,0.00849673202614376,123.86242996965511,True,similarity,Normalised SCP,family_Polyethers,family,extra_trees
3,119,0.9663865546218487,0.06638655462184873,126.38387632813935,True,similarity,Normalised SCP,family_Polyethers,family,extra_trees
Polyethers,736,0.8790760869565217,-0.020923913043478293,128.28094045742853,True,family,Normalised SCP,family_Polyethers,family,extra_trees
2,4,0.5,-0.4,351.6,False,similarity,SCP,family_Polyhalo-olefins,family,median
0,41,0.8780487804878049,-0.02195121951219514,351.6,True,similarity,SCP,family_Polyhalo-olefins,family,median
1,11,1.0,0.09999999999999998,351.59999999999997,True,similarity,SCP,family_Polyhalo-olefins,family,median
Polyhalo-olefins,56,0.875,-0.025000000000000022,351.59999999999997,True,family,SCP,family_Polyhalo-olefins,family,median
2,4,0.25,-0.65,329.6,False,similarity,Mondrian-similarity,family_Polyhalo-olefins,family,median
1,11,0.6363636363636364,-0.26363636363636367,319.59999999999997,True,similarity,Mondrian-similarity,family_Polyhalo-olefins,family,median
0,41,0.9512195121951219,0.051219512195121886,384.4,True,similarity,Mondrian-similarity,family_Polyhalo-olefins,family,median
Polyhalo-olefins,56,0.8392857142857143,-0.06071428571428572,367.75714285714287,True,family,Mondrian-similarity,family_Polyhalo-olefins,family,median
2,4,0.5,-0.4,351.6,False,similarity,Mondrian-family,family_Polyhalo-olefins,family,median
0,41,0.8780487804878049,-0.02195121951219514,351.6,True,similarity,Mondrian-family,family_Polyhalo-olefins,family,median
1,11,1.0,0.09999999999999998,351.59999999999997,True,similarity,Mondrian-family,family_Polyhalo-olefins,family,median
Polyhalo-olefins,56,0.875,-0.025000000000000022,351.59999999999997,True,family,Mondrian-family,family_Polyhalo-olefins,family,median
0,41,0.8292682926829268,-0.07073170731707323,324.11716354540164,True,similarity,Normalised SCP,family_Polyhalo-olefins,family,median
2,4,1.0,0.09999999999999998,543.9459183066355,False,similarity,Normalised SCP,family_Polyhalo-olefins,family,median
1,11,1.0,0.09999999999999998,565.5505633432546,True,similarity,Normalised SCP,family_Polyhalo-olefins,family,median
Polyhalo-olefins,56,0.875,-0.025000000000000022,387.2436352743537,True,family,Normalised SCP,family_Polyhalo-olefins,family,median
0,41,0.5609756097560976,-0.3390243902439024,141.71574581970106,True,similarity,SCP,family_Polyhalo-olefins,family,svr
2,4,0.75,-0.15000000000000002,141.71574581970106,False,similarity,SCP,family_Polyhalo-olefins,family,svr
1,11,0.8181818181818182,-0.08181818181818179,141.71574581970108,True,similarity,SCP,family_Polyhalo-olefins,family,svr
Polyhalo-olefins,56,0.625,-0.275,141.71574581970106,True,family,SCP,family_Polyhalo-olefins,family,svr
0,41,0.926829268292683,0.02682926829268295,381.07287776784415,True,similarity,Mondrian-similarity,family_Polyhalo-olefins,family,svr
2,4,1.0,0.09999999999999998,175.10904359935154,False,similarity,Mondrian-similarity,family_Polyhalo-olefins,family,svr
1,11,1.0,0.09999999999999998,228.66627021915284,True,similarity,Mondrian-similarity,family_Polyhalo-olefins,family,svr
Polyhalo-olefins,56,0.9464285714285714,0.046428571428571375,336.4241631301732,True,family,Mondrian-similarity,family_Polyhalo-olefins,family,svr
0,41,0.5609756097560976,-0.3390243902439024,141.71574581970106,True,similarity,Mondrian-family,family_Polyhalo-olefins,family,svr
2,4,0.75,-0.15000000000000002,141.71574581970106,False,similarity,Mondrian-family,family_Polyhalo-olefins,family,svr
1,11,0.8181818181818182,-0.08181818181818179,141.71574581970108,True,similarity,Mondrian-family,family_Polyhalo-olefins,family,svr
Polyhalo-olefins,56,0.625,-0.275,141.71574581970106,True,family,Mondrian-family,family_Polyhalo-olefins,family,svr
0,41,0.7804878048780488,-0.11951219512195121,258.6989444506864,True,similarity,Normalised SCP,family_Polyhalo-olefins,family,svr
2,4,1.0,0.09999999999999998,177.4606058299404,False,similarity,Normalised SCP,family_Polyhalo-olefins,family,svr
1,11,1.0,0.09999999999999998,222.2378798553933,True,similarity,Normalised SCP,family_Polyhalo-olefins,family,svr
Polyhalo-olefins,56,0.8392857142857143,-0.06071428571428572,245.7342111465577,True,family,Normalised SCP,family_Polyhalo-olefins,family,svr
1,11,0.7272727272727273,-0.17272727272727273,138.23960000000005,True,similarity,SCP,family_Polyhalo-olefins,family,random_forest
0,41,0.7317073170731707,-0.1682926829268293,138.23960000000002,True,similarity,SCP,family_Polyhalo-olefins,family,random_forest
2,4,0.75,-0.15000000000000002,138.23960000000002,False,similarity,SCP,family_Polyhalo-olefins,family,random_forest
Polyhalo-olefins,56,0.7321428571428571,-0.16785714285714293,138.23960000000002,True,family,SCP,family_Polyhalo-olefins,family,random_forest
1,11,0.8181818181818182,-0.08181818181818179,223.9656,True,similarity,Mondrian-similarity,family_Polyhalo-olefins,family,random_forest
0,41,0.926829268292683,0.02682926829268295,280.26159999999993,True,similarity,Mondrian-similarity,family_Polyhalo-olefins,family,random_forest
2,4,1.0,0.09999999999999998,173.59879999999998,False,similarity,Mondrian-similarity,family_Polyhalo-olefins,family,random_forest
Polyhalo-olefins,56,0.9107142857142857,0.010714285714285676,261.5846857142856,True,family,Mondrian-similarity,family_Polyhalo-olefins,family,random_forest
1,11,0.7272727272727273,-0.17272727272727273,138.23960000000005,True,similarity,Mondrian-family,family_Polyhalo-olefins,family,random_forest
0,41,0.7317073170731707,-0.1682926829268293,138.23960000000002,True,similarity,Mondrian-family,family_Polyhalo-olefins,family,random_forest
2,4,0.75,-0.15000000000000002,138.23960000000002,False,similarity,Mondrian-family,family_Polyhalo-olefins,family,random_forest
Polyhalo-olefins,56,0.7321428571428571,-0.16785714285714293,138.23960000000002,True,family,Mondrian-family,family_Polyhalo-olefins,family,random_forest
0,41,0.9024390243902439,0.0024390243902439046,213.35765433350505,True,similarity,Normalised SCP,family_Polyhalo-olefins,family,random_forest
1,11,0.9090909090909091,0.009090909090909038,175.58034979592318,True,similarity,Normalised SCP,family_Polyhalo-olefins,family,random_forest
2,4,1.0,0.09999999999999998,147.71970491434348,False,similarity,Normalised SCP,family_Polyhalo-olefins,family,random_forest
Polyhalo-olefins,56,0.9107142857142857,0.010714285714285676,201.24868741225418,True,family,Normalised SCP,family_Polyhalo-olefins,family,random_forest
1,11,0.5454545454545454,-0.3545454545454546,126.3709100822382,True,similarity,SCP,family_Polyhalo-olefins,family,hist_gbr
0,41,0.7317073170731707,-0.1682926829268293,126.3709100822382,True,similarity,SCP,family_Polyhalo-olefins,family,hist_gbr
2,4,0.75,-0.15000000000000002,126.3709100822382,False,similarity,SCP,family_Polyhalo-olefins,family,hist_gbr
Polyhalo-olefins,56,0.6964285714285714,-0.20357142857142863,126.3709100822382,True,family,SCP,family_Polyhalo-olefins,family,hist_gbr
1,11,0.7272727272727273,-0.17272727272727273,223.40994297879917,True,similarity,Mondrian-similarity,family_Polyhalo-olefins,family,hist_gbr
2,4,0.75,-0.15000000000000002,169.88465282046695,False,similarity,Mondrian-similarity,family_Polyhalo-olefins,family,hist_gbr
0,41,0.9024390243902439,0.0024390243902439046,257.08465196726837,True,similarity,Mondrian-similarity,family_Polyhalo-olefins,family,hist_gbr
Polyhalo-olefins,56,0.8571428571428571,-0.04285714285714293,244.2414056197618,True,family,Mondrian-similarity,family_Polyhalo-olefins,family,hist_gbr
1,11,0.5454545454545454,-0.3545454545454546,126.3709100822382,True,similarity,Mondrian-family,family_Polyhalo-olefins,family,hist_gbr
0,41,0.7317073170731707,-0.1682926829268293,126.3709100822382,True,similarity,Mondrian-family,family_Polyhalo-olefins,family,hist_gbr
2,4,0.75,-0.15000000000000002,126.3709100822382,False,similarity,Mondrian-family,family_Polyhalo-olefins,family,hist_gbr
Polyhalo-olefins,56,0.6964285714285714,-0.20357142857142863,126.3709100822382,True,family,Mondrian-family,family_Polyhalo-olefins,family,hist_gbr
1,11,0.7272727272727273,-0.17272727272727273,146.31752358815115,True,similarity,Normalised SCP,family_Polyhalo-olefins,family,hist_gbr
2,4,0.75,-0.15000000000000002,142.89175020045366,False,similarity,Normalised SCP,family_Polyhalo-olefins,family,hist_gbr
0,41,0.7560975609756098,-0.14390243902439026,138.42420787322467,True,similarity,Normalised SCP,family_Polyhalo-olefins,family,hist_gbr
Polyhalo-olefins,56,0.75,-0.15000000000000002,140.293790769173,True,family,Normalised SCP,family_Polyhalo-olefins,family,hist_gbr
2,4,0.5,-0.4,126.3264,False,similarity,SCP,family_Polyhalo-olefins,family,extra_trees
0,41,0.6341463414634146,-0.2658536585365854,126.3264,True,similarity,SCP,family_Polyhalo-olefins,family,extra_trees
1,11,0.7272727272727273,-0.17272727272727273,126.32639999999998,True,similarity,SCP,family_Polyhalo-olefins,family,extra_trees
Polyhalo-olefins,56,0.6428571428571429,-0.2571428571428571,126.32640000000002,True,family,SCP,family_Polyhalo-olefins,family,extra_trees
2,4,0.75,-0.15000000000000002,175.53936,False,similarity,Mondrian-similarity,family_Polyhalo-olefins,family,extra_trees
1,11,0.8181818181818182,-0.08181818181818179,193.18031999999997,True,similarity,Mondrian-similarity,family_Polyhalo-olefins,family,extra_trees
0,41,0.926829268292683,0.02682926829268295,285.90739999999994,True,similarity,Mondrian-similarity,family_Polyhalo-olefins,family,extra_trees
Polyhalo-olefins,56,0.8928571428571429,-0.0071428571428571175,259.8097207142857,True,family,Mondrian-similarity,family_Polyhalo-olefins,family,extra_trees
2,4,0.5,-0.4,126.3264,False,similarity,Mondrian-family,family_Polyhalo-olefins,family,extra_trees
0,41,0.6341463414634146,-0.2658536585365854,126.3264,True,similarity,Mondrian-family,family_Polyhalo-olefins,family,extra_trees
1,11,0.7272727272727273,-0.17272727272727273,126.32639999999998,True,similarity,Mondrian-family,family_Polyhalo-olefins,family,extra_trees
Polyhalo-olefins,56,0.6428571428571429,-0.2571428571428571,126.32640000000002,True,family,Mondrian-family,family_Polyhalo-olefins,family,extra_trees
2,4,0.5,-0.4,138.40692524524076,False,similarity,Normalised SCP,family_Polyhalo-olefins,family,extra_trees
0,41,0.8048780487804879,-0.09512195121951217,169.34752079842454,True,similarity,Normalised SCP,family_Polyhalo-olefins,family,extra_trees
1,11,0.8181818181818182,-0.08181818181818179,152.47689862316366,True,similarity,Normalised SCP,family_Polyhalo-olefins,family,extra_trees
Polyhalo-olefins,56,0.7857142857142857,-0.11428571428571432,163.82360604591372,True,family,Normalised SCP,family_Polyhalo-olefins,family,extra_trees
4,9,0.0,-0.9,334.0,False,similarity,SCP,family_Polyimides,family,median
5,1,0.0,-0.9,334.0,False,similarity,SCP,family_Polyimides,family,median
0,844,0.5616113744075829,-0.3383886255924171,334.0,True,similarity,SCP,family_Polyimides,family,median
1,637,0.6373626373626373,-0.2626373626373627,334.0,True,similarity,SCP,family_Polyimides,family,median
2,197,0.6395939086294417,-0.26040609137055837,334.0,True,similarity,SCP,family_Polyimides,family,median
3,19,0.7368421052631579,-0.16315789473684217,334.0,True,similarity,SCP,family_Polyimides,family,median
Polyimides,1707,0.5975395430579965,-0.3024604569420035,334.0,True,family,SCP,family_Polyimides,family,median
4,9,0.0,-0.9,316.0,False,similarity,Mondrian-similarity,family_Polyimides,family,median
5,1,0.0,-0.9,354.0,False,similarity,Mondrian-similarity,family_Polyimides,family,median
3,19,0.42105263157894735,-0.4789473684210527,302.0,True,similarity,Mondrian-similarity,family_Polyimides,family,median
1,637,0.4317111459968603,-0.46828885400313974,285.0,True,similarity,Mondrian-similarity,family_Polyimides,family,median
2,197,0.5786802030456852,-0.3213197969543148,312.0,True,similarity,Mondrian-similarity,family_Polyimides,family,median
0,844,0.7440758293838863,-0.15592417061611374,408.0,True,similarity,Mondrian-similarity,family_Polyimides,family,median
Polyimides,1707,0.6004686584651435,-0.2995313415348565,349.3245459871119,True,family,Mondrian-similarity,family_Polyimides,family,median
4,9,0.0,-0.9,334.0,False,similarity,Mondrian-family,family_Polyimides,family,median
5,1,0.0,-0.9,334.0,False,similarity,Mondrian-family,family_Polyimides,family,median
0,844,0.5616113744075829,-0.3383886255924171,334.0,True,similarity,Mondrian-family,family_Polyimides,family,median
1,637,0.6373626373626373,-0.2626373626373627,334.0,True,similarity,Mondrian-family,family_Polyimides,family,median
2,197,0.6395939086294417,-0.26040609137055837,334.0,True,similarity,Mondrian-family,family_Polyimides,family,median
3,19,0.7368421052631579,-0.16315789473684217,334.0,True,similarity,Mondrian-family,family_Polyimides,family,median
Polyimides,1707,0.5975395430579965,-0.3024604569420035,334.0,True,family,Mondrian-family,family_Polyimides,family,median
0,844,0.7997630331753555,-0.10023696682464456,411.15811915449774,True,similarity,Normalised SCP,family_Polyimides,family,median
1,637,0.8665620094191523,-0.03343799058084773,426.3888671822742,True,similarity,Normalised SCP,family_Polyimides,family,median
2,197,0.9289340101522843,0.02893401015228425,477.3776698659569,True,similarity,Normalised SCP,family_Polyimides,family,median
4,9,1.0,0.09999999999999998,823.1693123611595,False,similarity,Normalised SCP,family_Polyimides,family,median
3,19,1.0,0.09999999999999998,623.7015070916377,True,similarity,Normalised SCP,family_Polyimides,family,median
5,1,1.0,0.09999999999999998,882.2031074652041,False,similarity,Normalised SCP,family_Polyimides,family,median
Polyimides,1707,0.8429994141769186,-0.05700058582308143,429.29795985855606,True,family,Normalised SCP,family_Polyimides,family,median
4,9,0.0,-0.9,134.3573363052114,False,similarity,SCP,family_Polyimides,family,svr
5,1,0.0,-0.9,134.3573363052114,False,similarity,SCP,family_Polyimides,family,svr
0,844,0.45023696682464454,-0.4497630331753555,134.35733630521142,True,similarity,SCP,family_Polyimides,family,svr
1,637,0.48665620094191525,-0.41334379905808477,134.35733630521142,True,similarity,SCP,family_Polyimides,family,svr
2,197,0.5380710659898477,-0.36192893401015236,134.35733630521142,True,similarity,SCP,family_Polyimides,family,svr
3,19,0.631578947368421,-0.268421052631579,134.3573363052114,True,similarity,SCP,family_Polyimides,family,svr
Polyimides,1707,0.47334504979496195,-0.4266549502050381,134.35733630521142,True,family,SCP,family_Polyimides,family,svr
4,9,0.0,-0.9,109.75957681012892,False,similarity,Mondrian-similarity,family_Polyimides,family,svr
5,1,0.0,-0.9,100.13030408370554,False,similarity,Mondrian-similarity,family_Polyimides,family,svr
3,19,0.7368421052631579,-0.16315789473684217,161.40945216654026,True,similarity,Mondrian-similarity,family_Polyimides,family,svr
2,197,0.7969543147208121,-0.10304568527918789,205.30451511642397,True,similarity,Mondrian-similarity,family_Polyimides,family,svr
1,637,0.8210361067503925,-0.07896389324960751,232.34916127893655,True,similarity,Mondrian-similarity,family_Polyimides,family,svr
0,844,0.8317535545023697,-0.06824644549763037,264.5656124659585,True,similarity,Mondrian-similarity,family_Polyimides,family,svr
Polyimides,1707,0.817809021675454,-0.08219097832454603,243.64354318712725,True,family,Mondrian-similarity,family_Polyimides,family,svr
4,9,0.0,-0.9,134.3573363052114,False,similarity,Mondrian-family,family_Polyimides,family,svr
5,1,0.0,-0.9,134.3573363052114,False,similarity,Mondrian-family,family_Polyimides,family,svr
0,844,0.45023696682464454,-0.4497630331753555,134.35733630521142,True,similarity,Mondrian-family,family_Polyimides,family,svr
1,637,0.48665620094191525,-0.41334379905808477,134.35733630521142,True,similarity,Mondrian-family,family_Polyimides,family,svr
2,197,0.5380710659898477,-0.36192893401015236,134.35733630521142,True,similarity,Mondrian-family,family_Polyimides,family,svr
3,19,0.631578947368421,-0.268421052631579,134.3573363052114,True,similarity,Mondrian-family,family_Polyimides,family,svr
Polyimides,1707,0.47334504979496195,-0.4266549502050381,134.35733630521142,True,family,Mondrian-family,family_Polyimides,family,svr
4,9,0.0,-0.9,159.49475615140202,False,similarity,Normalised SCP,family_Polyimides,family,svr
5,1,0.0,-0.9,155.35768145395247,False,similarity,Normalised SCP,family_Polyimides,family,svr
1,637,0.39089481946624804,-0.509105180533752,121.10328582471914,True,similarity,Normalised SCP,family_Polyimides,family,svr
2,197,0.4416243654822335,-0.45837563451776653,117.85559274677993,True,similarity,Normalised SCP,family_Polyimides,family,svr
0,844,0.4549763033175355,-0.4450236966824645,136.55841427688543,True,similarity,Normalised SCP,family_Polyimides,family,svr
3,19,0.631578947368421,-0.268421052631579,130.1977273493208,True,similarity,Normalised SCP,family_Polyimides,family,svr
Polyimides,1707,0.4288224956063269,-0.4711775043936731,128.6937397759852,True,family,Normalised SCP,family_Polyimides,family,svr
3,19,0.6842105263157895,-0.21578947368421053,130.84254000000004,True,similarity,SCP,family_Polyimides,family,random_forest
0,844,0.7203791469194313,-0.17962085308056874,130.84254000000007,True,similarity,SCP,family_Polyimides,family,random_forest
4,9,0.7777777777777778,-0.12222222222222223,130.84254000000004,False,similarity,SCP,family_Polyimides,family,random_forest
1,637,0.8131868131868132,-0.08681318681318684,130.84254000000004,True,similarity,SCP,family_Polyimides,family,random_forest
2,197,0.817258883248731,-0.08274111675126905,130.84254000000004,True,similarity,SCP,family_Polyimides,family,random_forest
5,1,1.0,0.09999999999999998,130.84254,False,similarity,SCP,family_Polyimides,family,random_forest
Polyimides,1707,0.7662565905096661,-0.13374340949033392,130.84254000000004,True,family,SCP,family_Polyimides,family,random_forest
4,9,0.6666666666666666,-0.2333333333333334,113.46208000000001,False,similarity,Mondrian-similarity,family_Polyimides,family,random_forest
3,19,0.6842105263157895,-0.21578947368421053,158.06296,True,similarity,Mondrian-similarity,family_Polyimides,family,random_forest
1,637,0.9199372056514914,0.019937205651491374,186.46437999999998,True,similarity,Mondrian-similarity,family_Polyimides,family,random_forest
2,197,0.9289340101522843,0.02893401015228425,181.00600000000003,True,similarity,Mondrian-similarity,family_Polyimides,family,random_forest
0,844,0.9466824644549763,0.04668246445497626,267.4911,True,similarity,Mondrian-similarity,family_Polyimides,family,random_forest
5,1,1.0,0.09999999999999998,103.42440000000022,False,similarity,Mondrian-similarity,family_Polyimides,family,random_forest
Polyimides,1707,0.9302870533099004,0.030287053309900336,225.14719380199182,True,family,Mondrian-similarity,family_Polyimides,family,random_forest
3,19,0.6842105263157895,-0.21578947368421053,130.84254000000004,True,similarity,Mondrian-family,family_Polyimides,family,random_forest
0,844,0.7203791469194313,-0.17962085308056874,130.84254000000007,True,similarity,Mondrian-family,family_Polyimides,family,random_forest
4,9,0.7777777777777778,-0.12222222222222223,130.84254000000004,False,similarity,Mondrian-family,family_Polyimides,family,random_forest
1,637,0.8131868131868132,-0.08681318681318684,130.84254000000004,True,similarity,Mondrian-family,family_Polyimides,family,random_forest
2,197,0.817258883248731,-0.08274111675126905,130.84254000000004,True,similarity,Mondrian-family,family_Polyimides,family,random_forest
5,1,1.0,0.09999999999999998,130.84254,False,similarity,Mondrian-family,family_Polyimides,family,random_forest
Polyimides,1707,0.7662565905096661,-0.13374340949033392,130.84254000000004,True,family,Mondrian-family,family_Polyimides,family,random_forest
3,19,0.5263157894736842,-0.37368421052631584,126.14118119913569,True,similarity,Normalised SCP,family_Polyimides,family,random_forest
4,9,0.6666666666666666,-0.2333333333333334,107.41239059283852,False,similarity,Normalised SCP,family_Polyimides,family,random_forest
0,844,0.7665876777251185,-0.13341232227488153,146.00205381079508,True,similarity,Normalised SCP,family_Polyimides,family,random_forest
1,637,0.8069073783359497,-0.0930926216640503,127.73808559359927,True,similarity,Normalised SCP,family_Polyimides,family,random_forest
2,197,0.817258883248731,-0.08274111675126905,128.8636674666854,True,similarity,Normalised SCP,family_Polyimides,family,random_forest
5,1,1.0,0.09999999999999998,95.45618097133934,False,similarity,Normalised SCP,family_Polyimides,family,random_forest
Polyimides,1707,0.7844171060339777,-0.11558289396602228,136.75447367865334,True,family,Normalised SCP,family_Polyimides,family,random_forest
4,9,0.5555555555555556,-0.34444444444444444,124.17576357904682,False,similarity,SCP,family_Polyimides,family,hist_gbr
3,19,0.5789473684210527,-0.32105263157894737,124.17576357904682,True,similarity,SCP,family_Polyimides,family,hist_gbr
0,844,0.7950236966824644,-0.1049763033175356,124.17576357904682,True,similarity,SCP,family_Polyimides,family,hist_gbr
1,637,0.8492935635792779,-0.050706436420722145,124.17576357904682,True,similarity,SCP,family_Polyimides,family,hist_gbr
2,197,0.8527918781725888,-0.04720812182741119,124.17576357904683,True,similarity,SCP,family_Polyimides,family,hist_gbr
5,1,1.0,0.09999999999999998,124.17576357904682,False,similarity,SCP,family_Polyimides,family,hist_gbr
Polyimides,1707,0.8183948447568834,-0.08160515524311662,124.17576357904683,True,family,SCP,family_Polyimides,family,hist_gbr
5,1,0.0,-0.9,89.50749404979626,False,similarity,Mondrian-similarity,family_Polyimides,family,hist_gbr
4,9,0.4444444444444444,-0.4555555555555556,96.03186323541945,False,similarity,Mondrian-similarity,family_Polyimides,family,hist_gbr
3,19,0.631578947368421,-0.268421052631579,148.19043010070027,True,similarity,Mondrian-similarity,family_Polyimides,family,hist_gbr
2,197,0.9441624365482234,0.04416243654822338,174.58912965585012,True,similarity,Mondrian-similarity,family_Polyimides,family,hist_gbr
0,844,0.9585308056872038,0.05853080568720381,233.62396261959037,True,similarity,Mondrian-similarity,family_Polyimides,family,hist_gbr
1,637,0.9686028257456829,0.06860282574568288,199.23665472953562,True,similarity,Mondrian-similarity,family_Polyimides,family,hist_gbr
Polyimides,1707,0.9537199765670767,0.05371997656707672,212.21783508549086,True,family,Mondrian-similarity,family_Polyimides,family,hist_gbr
4,9,0.5555555555555556,-0.34444444444444444,124.17576357904682,False,similarity,Mondrian-family,family_Polyimides,family,hist_gbr
3,19,0.5789473684210527,-0.32105263157894737,124.17576357904682,True,similarity,Mondrian-family,family_Polyimides,family,hist_gbr
0,844,0.7950236966824644,-0.1049763033175356,124.17576357904682,True,similarity,Mondrian-family,family_Polyimides,family,hist_gbr
1,637,0.8492935635792779,-0.050706436420722145,124.17576357904682,True,similarity,Mondrian-family,family_Polyimides,family,hist_gbr
2,197,0.8527918781725888,-0.04720812182741119,124.17576357904683,True,similarity,Mondrian-family,family_Polyimides,family,hist_gbr
5,1,1.0,0.09999999999999998,124.17576357904682,False,similarity,Mondrian-family,family_Polyimides,family,hist_gbr
Polyimides,1707,0.8183948447568834,-0.08160515524311662,124.17576357904683,True,family,Mondrian-family,family_Polyimides,family,hist_gbr
5,1,0.0,-0.9,88.44628145329557,False,similarity,Normalised SCP,family_Polyimides,family,hist_gbr
4,9,0.4444444444444444,-0.4555555555555556,97.29447387201014,False,similarity,Normalised SCP,family_Polyimides,family,hist_gbr
3,19,0.5263157894736842,-0.37368421052631584,108.51879516271215,True,similarity,Normalised SCP,family_Polyimides,family,hist_gbr
1,637,0.7786499215070644,-0.12135007849293566,108.43328623356233,True,similarity,Normalised SCP,family_Polyimides,family,hist_gbr
0,844,0.7914691943127962,-0.10853080568720386,127.873149887869,True,similarity,Normalised SCP,family_Polyimides,family,hist_gbr
2,197,0.7969543147208121,-0.10304568527918789,105.93357385670181,True,similarity,Normalised SCP,family_Polyimides,family,hist_gbr
Polyimides,1707,0.7820738137082601,-0.1179261862917399,117.6870588988306,True,family,Normalised SCP,family_Polyimides,family,hist_gbr
3,19,0.6842105263157895,-0.21578947368421053,124.44431999999996,True,similarity,SCP,family_Polyimides,family,extra_trees
0,844,0.7239336492890995,-0.1760663507109005,124.44431999999996,True,similarity,SCP,family_Polyimides,family,extra_trees
4,9,0.7777777777777778,-0.12222222222222223,124.44431999999996,False,similarity,SCP,family_Polyimides,family,extra_trees
1,637,0.814756671899529,-0.08524332810047097,124.44431999999998,True,similarity,SCP,family_Polyimides,family,extra_trees
2,197,0.8223350253807107,-0.07766497461928934,124.44431999999999,True,similarity,SCP,family_Polyimides,family,extra_trees
5,1,1.0,0.09999999999999998,124.44431999999995,False,similarity,SCP,family_Polyimides,family,extra_trees
Polyimides,1707,0.7691857059168131,-0.1308142940831869,124.44431999999996,True,family,SCP,family_Polyimides,family,extra_trees
4,9,0.5555555555555556,-0.34444444444444444,100.46659999999997,False,similarity,Mondrian-similarity,family_Polyimides,family,extra_trees
3,19,0.7368421052631579,-0.16315789473684217,158.98680000000004,True,similarity,Mondrian-similarity,family_Polyimides,family,extra_trees
0,844,0.9146919431279621,0.01469194312796207,218.8454,True,similarity,Mondrian-similarity,family_Polyimides,family,extra_trees
2,197,0.934010152284264,0.03401015228426396,170.52370000000002,True,similarity,Mondrian-similarity,family_Polyimides,family,extra_trees
1,637,0.9419152276295133,0.041915227629513274,195.63807999999997,True,similarity,Mondrian-similarity,family_Polyimides,family,extra_trees
5,1,1.0,0.09999999999999998,83.77260000000001,False,similarity,Mondrian-similarity,family_Polyimides,family,extra_trees
Polyimides,1707,0.9232571763327475,0.023257176332747487,203.23893653192732,True,family,Mondrian-similarity,family_Polyimides,family,extra_trees
3,19,0.6842105263157895,-0.21578947368421053,124.44431999999996,True,similarity,Mondrian-family,family_Polyimides,family,extra_trees
0,844,0.7239336492890995,-0.1760663507109005,124.44431999999996,True,similarity,Mondrian-family,family_Polyimides,family,extra_trees
4,9,0.7777777777777778,-0.12222222222222223,124.44431999999996,False,similarity,Mondrian-family,family_Polyimides,family,extra_trees
1,637,0.814756671899529,-0.08524332810047097,124.44431999999998,True,similarity,Mondrian-family,family_Polyimides,family,extra_trees
2,197,0.8223350253807107,-0.07766497461928934,124.44431999999999,True,similarity,Mondrian-family,family_Polyimides,family,extra_trees
5,1,1.0,0.09999999999999998,124.44431999999995,False,similarity,Mondrian-family,family_Polyimides,family,extra_trees
Polyimides,1707,0.7691857059168131,-0.1308142940831869,124.44431999999996,True,family,Mondrian-family,family_Polyimides,family,extra_trees
5,1,0.0,-0.9,54.35036911486657,False,similarity,Normalised SCP,family_Polyimides,family,extra_trees
4,9,0.4444444444444444,-0.4555555555555556,70.99272267480227,False,similarity,Normalised SCP,family_Polyimides,family,extra_trees
3,19,0.47368421052631576,-0.42631578947368426,96.3995093461969,True,similarity,Normalised SCP,family_Polyimides,family,extra_trees
0,844,0.70260663507109,-0.19739336492891002,123.43311546903367,True,similarity,Normalised SCP,family_Polyimides,family,extra_trees
1,637,0.7237048665620094,-0.17629513343799064,99.74155570616186,True,similarity,Normalised SCP,family_Polyimides,family,extra_trees
2,197,0.7461928934010152,-0.15380710659898478,99.15254375879873,True,similarity,Normalised SCP,family_Polyimides,family,extra_trees
Polyimides,1707,0.7111892208553017,-0.18881077914469835,111.17214242058506,True,family,Normalised SCP,family_Polyimides,family,extra_trees
0,12,0.9166666666666666,0.016666666666666607,366.5,True,similarity,SCP,family_Polyimines,family,median
1,5,1.0,0.09999999999999998,366.5,False,similarity,SCP,family_Polyimines,family,median
2,22,1.0,0.09999999999999998,366.5,True,similarity,SCP,family_Polyimines,family,median
3,8,1.0,0.09999999999999998,366.5,False,similarity,SCP,family_Polyimines,family,median
4,5,1.0,0.09999999999999998,366.5,False,similarity,SCP,family_Polyimines,family,median
Polyimines,52,0.9807692307692307,0.0807692307692307,366.5,True,family,SCP,family_Polyimines,family,median
1,5,1.0,0.09999999999999998,360.5,False,similarity,Mondrian-similarity,family_Polyimines,family,median
0,12,1.0,0.09999999999999998,395.5,True,similarity,Mondrian-similarity,family_Polyimines,family,median
2,22,1.0,0.09999999999999998,356.5,True,similarity,Mondrian-similarity,family_Polyimines,family,median
3,8,1.0,0.09999999999999998,365.5,False,similarity,Mondrian-similarity,family_Polyimines,family,median
4,5,1.0,0.09999999999999998,373.5,False,similarity,Mondrian-similarity,family_Polyimines,family,median
Polyimines,52,1.0,0.09999999999999998,368.90384615384613,True,family,Mondrian-similarity,family_Polyimines,family,median
0,12,0.9166666666666666,0.016666666666666607,366.5,True,similarity,Mondrian-family,family_Polyimines,family,median
1,5,1.0,0.09999999999999998,366.5,False,similarity,Mondrian-family,family_Polyimines,family,median
2,22,1.0,0.09999999999999998,366.5,True,similarity,Mondrian-family,family_Polyimines,family,median
3,8,1.0,0.09999999999999998,366.5,False,similarity,Mondrian-family,family_Polyimines,family,median
4,5,1.0,0.09999999999999998,366.5,False,similarity,Mondrian-family,family_Polyimines,family,median
Polyimines,52,0.9807692307692307,0.0807692307692307,366.5,True,family,Mondrian-family,family_Polyimines,family,median
0,12,0.75,-0.15000000000000002,201.61151619450303,True,similarity,Normalised SCP,family_Polyimines,family,median
1,5,1.0,0.09999999999999998,327.3289854297477,False,similarity,Normalised SCP,family_Polyimines,family,median
2,22,1.0,0.09999999999999998,254.2425303989817,True,similarity,Normalised SCP,family_Polyimines,family,median
3,8,1.0,0.09999999999999998,223.8423090241397,False,similarity,Normalised SCP,family_Polyimines,family,median
4,5,1.0,0.09999999999999998,173.86727786893354,False,similarity,Normalised SCP,family_Polyimines,family,median
Polyimines,52,0.9423076923076923,0.04230769230769227,236.71910868842616,True,family,Normalised SCP,family_Polyimines,family,median
0,12,0.5833333333333334,-0.31666666666666665,135.881150549073,True,similarity,SCP,family_Polyimines,family,svr
2,22,0.7727272727272727,-0.12727272727272732,135.881150549073,True,similarity,SCP,family_Polyimines,family,svr
1,5,0.8,-0.09999999999999998,135.88115054907303,False,similarity,SCP,family_Polyimines,family,svr
3,8,1.0,0.09999999999999998,135.88115054907303,False,similarity,SCP,family_Polyimines,family,svr
4,5,1.0,0.09999999999999998,135.881150549073,False,similarity,SCP,family_Polyimines,family,svr
Polyimines,52,0.7884615384615384,-0.11153846153846159,135.881150549073,True,family,SCP,family_Polyimines,family,svr
0,12,0.75,-0.15000000000000002,362.4394788188524,True,similarity,Mondrian-similarity,family_Polyimines,family,svr
2,22,0.9090909090909091,0.009090909090909038,174.22246165002827,True,similarity,Mondrian-similarity,family_Polyimines,family,svr
1,5,1.0,0.09999999999999998,228.48114615386058,False,similarity,Mondrian-similarity,family_Polyimines,family,svr
3,8,1.0,0.09999999999999998,158.43619348246028,False,similarity,Mondrian-similarity,family_Polyimines,family,svr
4,5,1.0,0.09999999999999998,121.91084194498137,False,similarity,Mondrian-similarity,family_Polyimines,family,svr
Polyimines,52,0.9038461538461539,0.0038461538461538325,215.4157190477066,True,family,Mondrian-similarity,family_Polyimines,family,svr
0,12,0.5833333333333334,-0.31666666666666665,135.881150549073,True,similarity,Mondrian-family,family_Polyimines,family,svr
2,22,0.7727272727272727,-0.12727272727272732,135.881150549073,True,similarity,Mondrian-family,family_Polyimines,family,svr
1,5,0.8,-0.09999999999999998,135.88115054907303,False,similarity,Mondrian-family,family_Polyimines,family,svr
3,8,1.0,0.09999999999999998,135.88115054907303,False,similarity,Mondrian-family,family_Polyimines,family,svr
4,5,1.0,0.09999999999999998,135.881150549073,False,similarity,Mondrian-family,family_Polyimines,family,svr
Polyimines,52,0.7884615384615384,-0.11153846153846159,135.881150549073,True,family,Mondrian-family,family_Polyimines,family,svr
2,22,0.5454545454545454,-0.3545454545454546,122.90709779358941,True,similarity,Normalised SCP,family_Polyimines,family,svr
0,12,0.5833333333333334,-0.31666666666666665,150.25556490075243,True,similarity,Normalised SCP,family_Polyimines,family,svr
4,5,0.6,-0.30000000000000004,100.85636054911325,False,similarity,Normalised SCP,family_Polyimines,family,svr
3,8,0.625,-0.275,101.9470994112236,False,similarity,Normalised SCP,family_Polyimines,family,svr
1,5,0.8,-0.09999999999999998,113.11478203480439,False,similarity,Normalised SCP,family_Polyimines,family,svr
Polyimines,52,0.5961538461538461,-0.3038461538461539,122.93183535533412,True,family,Normalised SCP,family_Polyimines,family,svr
0,12,0.6666666666666666,-0.2333333333333334,131.22432000000003,True,similarity,SCP,family_Polyimines,family,random_forest
1,5,0.8,-0.09999999999999998,131.22432000000003,False,similarity,SCP,family_Polyimines,family,random_forest
2,22,1.0,0.09999999999999998,131.2243200000001,True,similarity,SCP,family_Polyimines,family,random_forest
3,8,1.0,0.09999999999999998,131.22432000000003,False,similarity,SCP,family_Polyimines,family,random_forest
4,5,1.0,0.09999999999999998,131.22432000000003,False,similarity,SCP,family_Polyimines,family,random_forest
Polyimines,52,0.9038461538461539,0.0038461538461538325,131.22432000000006,True,family,SCP,family_Polyimines,family,random_forest
4,5,0.8,-0.09999999999999998,109.81552000000006,False,similarity,Mondrian-similarity,family_Polyimines,family,random_forest
0,12,0.8333333333333334,-0.06666666666666665,308.7286400000002,True,similarity,Mondrian-similarity,family_Polyimines,family,random_forest
2,22,1.0,0.09999999999999998,163.80199999999988,True,similarity,Mondrian-similarity,family_Polyimines,family,random_forest
1,5,1.0,0.09999999999999998,263.7406,False,similarity,Mondrian-similarity,family_Polyimines,family,random_forest
3,8,1.0,0.09999999999999998,144.74640000000005,False,similarity,Mondrian-similarity,family_Polyimines,family,random_forest
Polyimines,52,0.9423076923076923,0.04230769230769227,198.7334515384615,True,family,Mondrian-similarity,family_Polyimines,family,random_forest
0,12,0.6666666666666666,-0.2333333333333334,131.22432000000003,True,similarity,Mondrian-family,family_Polyimines,family,random_forest
1,5,0.8,-0.09999999999999998,131.22432000000003,False,similarity,Mondrian-family,family_Polyimines,family,random_forest
2,22,1.0,0.09999999999999998,131.2243200000001,True,similarity,Mondrian-family,family_Polyimines,family,random_forest
3,8,1.0,0.09999999999999998,131.22432000000003,False,similarity,Mondrian-family,family_Polyimines,family,random_forest
4,5,1.0,0.09999999999999998,131.22432000000003,False,similarity,Mondrian-family,family_Polyimines,family,random_forest
Polyimines,52,0.9038461538461539,0.0038461538461538325,131.22432000000006,True,family,Mondrian-family,family_Polyimines,family,random_forest
0,12,0.75,-0.15000000000000002,151.23861921453823,True,similarity,Normalised SCP,family_Polyimines,family,random_forest
1,5,0.8,-0.09999999999999998,130.58271605662344,False,similarity,Normalised SCP,family_Polyimines,family,random_forest
3,8,0.875,-0.025000000000000022,132.67818448811488,False,similarity,Normalised SCP,family_Polyimines,family,random_forest
2,22,1.0,0.09999999999999998,145.5492736531477,True,similarity,Normalised SCP,family_Polyimines,family,random_forest
4,5,1.0,0.09999999999999998,118.02723284564499,False,similarity,Normalised SCP,family_Polyimines,family,random_forest
Polyimines,52,0.9038461538461539,0.0038461538461538325,140.7965898338456,True,family,Normalised SCP,family_Polyimines,family,random_forest
0,12,0.5,-0.4,117.18455875160555,True,similarity,SCP,family_Polyimines,family,hist_gbr
1,5,0.8,-0.09999999999999998,117.18455875160555,False,similarity,SCP,family_Polyimines,family,hist_gbr
2,22,0.8636363636363636,-0.036363636363636376,117.18455875160552,True,similarity,SCP,family_Polyimines,family,hist_gbr
3,8,1.0,0.09999999999999998,117.18455875160555,False,similarity,SCP,family_Polyimines,family,hist_gbr
4,5,1.0,0.09999999999999998,117.18455875160555,False,similarity,SCP,family_Polyimines,family,hist_gbr
Polyimines,52,0.8076923076923077,-0.09230769230769231,117.18455875160554,True,family,SCP,family_Polyimines,family,hist_gbr
0,12,0.8333333333333334,-0.06666666666666665,260.45181242174823,True,similarity,Mondrian-similarity,family_Polyimines,family,hist_gbr
1,5,1.0,0.09999999999999998,241.91430104638857,False,similarity,Mondrian-similarity,family_Polyimines,family,hist_gbr
2,22,1.0,0.09999999999999998,142.48950914846102,True,similarity,Mondrian-similarity,family_Polyimines,family,hist_gbr
3,8,1.0,0.09999999999999998,133.46675712756775,False,similarity,Mondrian-similarity,family_Polyimines,family,hist_gbr
4,5,1.0,0.09999999999999998,101.36306595498496,False,similarity,Mondrian-similarity,family_Polyimines,family,hist_gbr
Polyimines,52,0.9615384615384616,0.06153846153846154,173.92907389143332,True,family,Mondrian-similarity,family_Polyimines,family,hist_gbr
0,12,0.5,-0.4,117.18455875160555,True,similarity,Mondrian-family,family_Polyimines,family,hist_gbr
1,5,0.8,-0.09999999999999998,117.18455875160555,False,similarity,Mondrian-family,family_Polyimines,family,hist_gbr
2,22,0.8636363636363636,-0.036363636363636376,117.18455875160552,True,similarity,Mondrian-family,family_Polyimines,family,hist_gbr
3,8,1.0,0.09999999999999998,117.18455875160555,False,similarity,Mondrian-family,family_Polyimines,family,hist_gbr
4,5,1.0,0.09999999999999998,117.18455875160555,False,similarity,Mondrian-family,family_Polyimines,family,hist_gbr
Polyimines,52,0.8076923076923077,-0.09230769230769231,117.18455875160554,True,family,Mondrian-family,family_Polyimines,family,hist_gbr
0,12,0.5833333333333334,-0.31666666666666665,126.65556042686154,True,similarity,Normalised SCP,family_Polyimines,family,hist_gbr
1,5,0.8,-0.09999999999999998,114.18088242499391,False,similarity,Normalised SCP,family_Polyimines,family,hist_gbr
2,22,0.8181818181818182,-0.08181818181818179,108.08870202458185,True,similarity,Normalised SCP,family_Polyimines,family,hist_gbr
3,8,0.875,-0.025000000000000022,101.0954463130866,False,similarity,Normalised SCP,family_Polyimines,family,hist_gbr
4,5,1.0,0.09999999999999998,89.52817896632271,False,similarity,Normalised SCP,family_Polyimines,family,hist_gbr
Polyimines,52,0.7884615384615384,-0.11153846153846159,110.09859706008491,True,family,Normalised SCP,family_Polyimines,family,hist_gbr
0,12,0.5833333333333334,-0.31666666666666665,121.06680000000006,True,similarity,SCP,family_Polyimines,family,extra_trees
1,5,0.8,-0.09999999999999998,121.06680000000006,False,similarity,SCP,family_Polyimines,family,extra_trees
2,22,1.0,0.09999999999999998,121.06680000000006,True,similarity,SCP,family_Polyimines,family,extra_trees
3,8,1.0,0.09999999999999998,121.06680000000006,False,similarity,SCP,family_Polyimines,family,extra_trees
4,5,1.0,0.09999999999999998,121.06680000000006,False,similarity,SCP,family_Polyimines,family,extra_trees
Polyimines,52,0.8846153846153846,-0.015384615384615441,121.06680000000009,True,family,SCP,family_Polyimines,family,extra_trees
0,12,0.8333333333333334,-0.06666666666666665,261.75956,True,similarity,Mondrian-similarity,family_Polyimines,family,extra_trees
1,5,1.0,0.09999999999999998,207.27063999999996,False,similarity,Mondrian-similarity,family_Polyimines,family,extra_trees
2,22,1.0,0.09999999999999998,163.12900000000002,True,similarity,Mondrian-similarity,family_Polyimines,family,extra_trees
3,8,1.0,0.09999999999999998,128.33439999999993,False,similarity,Mondrian-similarity,family_Polyimines,family,extra_trees
4,5,1.0,0.09999999999999998,104.38380000000006,False,similarity,Mondrian-similarity,family_Polyimines,family,extra_trees
Polyimines,52,0.9615384615384616,0.06153846153846154,179.13269461538468,True,family,Mondrian-similarity,family_Polyimines,family,extra_trees
0,12,0.5833333333333334,-0.31666666666666665,121.06680000000006,True,similarity,Mondrian-family,family_Polyimines,family,extra_trees
1,5,0.8,-0.09999999999999998,121.06680000000006,False,similarity,Mondrian-family,family_Polyimines,family,extra_trees
2,22,1.0,0.09999999999999998,121.06680000000006,True,similarity,Mondrian-family,family_Polyimines,family,extra_trees
3,8,1.0,0.09999999999999998,121.06680000000006,False,similarity,Mondrian-family,family_Polyimines,family,extra_trees
4,5,1.0,0.09999999999999998,121.06680000000006,False,similarity,Mondrian-family,family_Polyimines,family,extra_trees
Polyimines,52,0.8846153846153846,-0.015384615384615441,121.06680000000009,True,family,Mondrian-family,family_Polyimines,family,extra_trees
0,12,0.5833333333333334,-0.31666666666666665,131.74043694124333,True,similarity,Normalised SCP,family_Polyimines,family,extra_trees
1,5,0.6,-0.30000000000000004,96.34041298380917,False,similarity,Normalised SCP,family_Polyimines,family,extra_trees
2,22,0.9545454545454546,0.054545454545454564,119.27568877815379,True,similarity,Normalised SCP,family_Polyimines,family,extra_trees
3,8,1.0,0.09999999999999998,111.3950994957071,False,similarity,Normalised SCP,family_Polyimines,family,extra_trees
4,5,1.0,0.09999999999999998,107.58564403820394,False,similarity,Normalised SCP,family_Polyimines,family,extra_trees
Polyimines,52,0.8461538461538461,-0.05384615384615388,117.61041302865434,True,family,Normalised SCP,family_Polyimines,family,extra_trees
1,48,0.6041666666666666,-0.2958333333333334,352.0,True,similarity,SCP,family_Polyolefins,family,median
3,8,0.75,-0.15000000000000002,352.0,False,similarity,SCP,family_Polyolefins,family,median
2,29,0.7586206896551724,-0.14137931034482765,352.0,True,similarity,SCP,family_Polyolefins,family,median
0,87,0.8735632183908046,-0.02643678160919538,352.0,True,similarity,SCP,family_Polyolefins,family,median
Polyolefins,172,0.7732558139534884,-0.1267441860465116,352.0,True,family,SCP,family_Polyolefins,family,median
1,48,0.6666666666666666,-0.2333333333333334,364.0,True,similarity,Mondrian-similarity,family_Polyolefins,family,median
3,8,0.75,-0.15000000000000002,355.0,False,similarity,Mondrian-similarity,family_Polyolefins,family,median
2,29,0.7586206896551724,-0.14137931034482765,350.0,True,similarity,Mondrian-similarity,family_Polyolefins,family,median
0,87,0.8735632183908046,-0.02643678160919538,352.0,True,similarity,Mondrian-similarity,family_Polyolefins,family,median
Polyolefins,172,0.7906976744186046,-0.10930232558139541,355.1511627906977,True,family,Mondrian-similarity,family_Polyolefins,family,median
1,48,0.6041666666666666,-0.2958333333333334,352.0,True,similarity,Mondrian-family,family_Polyolefins,family,median
3,8,0.75,-0.15000000000000002,352.0,False,similarity,Mondrian-family,family_Polyolefins,family,median
2,29,0.7586206896551724,-0.14137931034482765,352.0,True,similarity,Mondrian-family,family_Polyolefins,family,median
0,87,0.8735632183908046,-0.02643678160919538,352.0,True,similarity,Mondrian-family,family_Polyolefins,family,median
Polyolefins,172,0.7732558139534884,-0.1267441860465116,352.0,True,family,Mondrian-family,family_Polyolefins,family,median
3,8,0.375,-0.525,327.3382163883599,False,similarity,Normalised SCP,family_Polyolefins,family,median
0,87,0.735632183908046,-0.16436781609195406,342.9976078660046,True,similarity,Normalised SCP,family_Polyolefins,family,median
2,29,0.7586206896551724,-0.14137931034482765,444.76663322866074,True,similarity,Normalised SCP,family_Polyolefins,family,median
1,48,0.7916666666666666,-0.10833333333333339,471.83633180142925,True,similarity,Normalised SCP,family_Polyolefins,family,median
Polyolefins,172,0.7383720930232558,-0.16162790697674423,395.38298782295954,True,family,Normalised SCP,family_Polyolefins,family,median
0,87,0.6091954022988506,-0.2908045977011494,148.0964748052451,True,similarity,SCP,family_Polyolefins,family,svr
1,48,0.875,-0.025000000000000022,148.0964748052451,True,similarity,SCP,family_Polyolefins,family,svr
2,29,0.9310344827586207,0.03103448275862064,148.0964748052451,True,similarity,SCP,family_Polyolefins,family,svr
3,8,1.0,0.09999999999999998,148.0964748052451,False,similarity,SCP,family_Polyolefins,family,svr
Polyolefins,172,0.7558139534883721,-0.14418604651162792,148.0964748052451,True,family,SCP,family_Polyolefins,family,svr
0,87,0.896551724137931,-0.0034482758620689724,294.3119173141268,True,similarity,Mondrian-similarity,family_Polyolefins,family,svr
1,48,0.9166666666666666,0.016666666666666607,168.96594213222522,True,similarity,Mondrian-similarity,family_Polyolefins,family,svr
2,29,0.9655172413793104,0.06551724137931036,237.07042873834072,True,similarity,Mondrian-similarity,family_Polyolefins,family,svr
3,8,1.0,0.09999999999999998,190.5701660371525,False,similarity,Mondrian-similarity,family_Polyolefins,family,svr
Polyolefins,172,0.9186046511627907,0.018604651162790642,244.85526622316823,True,family,Mondrian-similarity,family_Polyolefins,family,svr
0,87,0.6091954022988506,-0.2908045977011494,148.0964748052451,True,similarity,Mondrian-family,family_Polyolefins,family,svr
1,48,0.875,-0.025000000000000022,148.0964748052451,True,similarity,Mondrian-family,family_Polyolefins,family,svr
2,29,0.9310344827586207,0.03103448275862064,148.0964748052451,True,similarity,Mondrian-family,family_Polyolefins,family,svr
3,8,1.0,0.09999999999999998,148.0964748052451,False,similarity,Mondrian-family,family_Polyolefins,family,svr
Polyolefins,172,0.7558139534883721,-0.14418604651162792,148.0964748052451,True,family,Mondrian-family,family_Polyolefins,family,svr
0,87,0.7126436781609196,-0.18735632183908046,193.24890950250622,True,similarity,Normalised SCP,family_Polyolefins,family,svr
2,29,0.8275862068965517,-0.07241379310344831,149.2551486008528,True,similarity,Normalised SCP,family_Polyolefins,family,svr
1,48,0.9166666666666666,0.016666666666666607,166.76038089974864,True,similarity,Normalised SCP,family_Polyolefins,family,svr
3,8,1.0,0.09999999999999998,149.73660182645813,False,similarity,Normalised SCP,family_Polyolefins,family,svr
Polyolefins,172,0.8023255813953488,-0.0976744186046512,176.41538101129285,True,family,Normalised SCP,family_Polyolefins,family,svr
0,87,0.5632183908045977,-0.33678160919540234,137.9984600000002,True,similarity,SCP,family_Polyolefins,family,random_forest
1,48,0.7916666666666666,-0.10833333333333339,137.99846000000014,True,similarity,SCP,family_Polyolefins,family,random_forest
3,8,0.875,-0.025000000000000022,137.99846000000014,False,similarity,SCP,family_Polyolefins,family,random_forest
2,29,0.9310344827586207,0.03103448275862064,137.99846000000016,True,similarity,SCP,family_Polyolefins,family,random_forest
Polyolefins,172,0.7034883720930233,-0.19651162790697674,137.99846000000016,True,family,SCP,family_Polyolefins,family,random_forest
1,48,0.8541666666666666,-0.04583333333333339,155.62487999999996,True,similarity,Mondrian-similarity,family_Polyolefins,family,random_forest
0,87,0.8620689655172413,-0.037931034482758696,247.89579999999992,True,similarity,Mondrian-similarity,family_Polyolefins,family,random_forest
2,29,0.9655172413793104,0.06551724137931036,190.2879,True,similarity,Mondrian-similarity,family_Polyolefins,family,random_forest
3,8,1.0,0.09999999999999998,173.36880000000002,False,similarity,Mondrian-similarity,family_Polyolefins,family,random_forest
Polyolefins,172,0.8837209302325582,-0.016279069767441867,208.9664438372093,True,family,Mondrian-similarity,family_Polyolefins,family,random_forest
0,87,0.5632183908045977,-0.33678160919540234,137.9984600000002,True,similarity,Mondrian-family,family_Polyolefins,family,random_forest
1,48,0.7916666666666666,-0.10833333333333339,137.99846000000014,True,similarity,Mondrian-family,family_Polyolefins,family,random_forest
3,8,0.875,-0.025000000000000022,137.99846000000014,False,similarity,Mondrian-family,family_Polyolefins,family,random_forest
2,29,0.9310344827586207,0.03103448275862064,137.99846000000016,True,similarity,Mondrian-family,family_Polyolefins,family,random_forest
Polyolefins,172,0.7034883720930233,-0.19651162790697674,137.99846000000016,True,family,Mondrian-family,family_Polyolefins,family,random_forest
0,87,0.7011494252873564,-0.19885057471264367,204.81765055887013,True,similarity,Normalised SCP,family_Polyolefins,family,random_forest
3,8,0.75,-0.15000000000000002,134.78488016191125,False,similarity,Normalised SCP,family_Polyolefins,family,random_forest
1,48,0.875,-0.025000000000000022,200.82271248803784,True,similarity,Normalised SCP,family_Polyolefins,family,random_forest
2,29,0.896551724137931,-0.0034482758620689724,167.40492656984412,True,similarity,Normalised SCP,family_Polyolefins,family,random_forest
Polyolefins,172,0.7848837209302325,-0.11511627906976751,194.1374866852807,True,family,Normalised SCP,family_Polyolefins,family,random_forest
0,87,0.45977011494252873,-0.4402298850574713,119.78317479475804,True,similarity,SCP,family_Polyolefins,family,hist_gbr
1,48,0.7708333333333334,-0.12916666666666665,119.783174794758,True,similarity,SCP,family_Polyolefins,family,hist_gbr
2,29,0.7931034482758621,-0.10689655172413792,119.783174794758,True,similarity,SCP,family_Polyolefins,family,hist_gbr
3,8,1.0,0.09999999999999998,119.783174794758,False,similarity,SCP,family_Polyolefins,family,hist_gbr
Polyolefins,172,0.627906976744186,-0.27209302325581397,119.78317479475801,True,family,SCP,family_Polyolefins,family,hist_gbr
0,87,0.7701149425287356,-0.12988505747126444,246.43490592444542,True,similarity,Mondrian-similarity,family_Polyolefins,family,hist_gbr
1,48,0.8333333333333334,-0.06666666666666665,139.28385514263394,True,similarity,Mondrian-similarity,family_Polyolefins,family,hist_gbr
2,29,0.896551724137931,-0.0034482758620689724,186.06017869818024,True,similarity,Mondrian-similarity,family_Polyolefins,family,hist_gbr
3,8,1.0,0.09999999999999998,143.4293450246272,False,similarity,Mondrian-similarity,family_Polyolefins,family,hist_gbr
Polyolefins,172,0.8197674418604651,-0.08023255813953489,201.56187095765944,True,family,Mondrian-similarity,family_Polyolefins,family,hist_gbr
0,87,0.45977011494252873,-0.4402298850574713,119.78317479475804,True,similarity,Mondrian-family,family_Polyolefins,family,hist_gbr
1,48,0.7708333333333334,-0.12916666666666665,119.783174794758,True,similarity,Mondrian-family,family_Polyolefins,family,hist_gbr
2,29,0.7931034482758621,-0.10689655172413792,119.783174794758,True,similarity,Mondrian-family,family_Polyolefins,family,hist_gbr
3,8,1.0,0.09999999999999998,119.783174794758,False,similarity,Mondrian-family,family_Polyolefins,family,hist_gbr
Polyolefins,172,0.627906976744186,-0.27209302325581397,119.78317479475801,True,family,Mondrian-family,family_Polyolefins,family,hist_gbr
0,87,0.6206896551724138,-0.2793103448275862,185.3827856797518,True,similarity,Normalised SCP,family_Polyolefins,family,hist_gbr
2,29,0.8275862068965517,-0.07241379310344831,148.84633854499862,True,similarity,Normalised SCP,family_Polyolefins,family,hist_gbr
1,48,0.875,-0.025000000000000022,183.3507977346909,True,similarity,Normalised SCP,family_Polyolefins,family,hist_gbr
3,8,1.0,0.09999999999999998,116.34959225072157,False,similarity,Normalised SCP,family_Polyolefins,family,hist_gbr
Polyolefins,172,0.7441860465116279,-0.15581395348837213,175.4446581465948,True,family,Normalised SCP,family_Polyolefins,family,hist_gbr
0,87,0.5862068965517241,-0.31379310344827593,124.81060000000008,True,similarity,SCP,family_Polyolefins,family,extra_trees
1,48,0.75,-0.15000000000000002,124.81060000000002,True,similarity,SCP,family_Polyolefins,family,extra_trees
3,8,0.875,-0.025000000000000022,124.81060000000002,False,similarity,SCP,family_Polyolefins,family,extra_trees
2,29,0.896551724137931,-0.0034482758620689724,124.81059999999998,True,similarity,SCP,family_Polyolefins,family,extra_trees
Polyolefins,172,0.6976744186046512,-0.20232558139534884,124.81060000000002,True,family,SCP,family_Polyolefins,family,extra_trees
0,87,0.8160919540229885,-0.08390804597701151,235.64775999999995,True,similarity,Mondrian-similarity,family_Polyolefins,family,extra_trees
1,48,0.8541666666666666,-0.04583333333333339,145.20615999999998,True,similarity,Mondrian-similarity,family_Polyolefins,family,extra_trees
2,29,0.9310344827586207,0.03103448275862064,178.4062000000001,True,similarity,Mondrian-similarity,family_Polyolefins,family,extra_trees
3,8,1.0,0.09999999999999998,165.48392,False,similarity,Mondrian-similarity,family_Polyolefins,family,extra_trees
Polyolefins,172,0.8546511627906976,-0.045348837209302384,197.49361604651165,True,family,Mondrian-similarity,family_Polyolefins,family,extra_trees
0,87,0.5862068965517241,-0.31379310344827593,124.81060000000008,True,similarity,Mondrian-family,family_Polyolefins,family,extra_trees
1,48,0.75,-0.15000000000000002,124.81060000000002,True,similarity,Mondrian-family,family_Polyolefins,family,extra_trees
3,8,0.875,-0.025000000000000022,124.81060000000002,False,similarity,Mondrian-family,family_Polyolefins,family,extra_trees
2,29,0.896551724137931,-0.0034482758620689724,124.81059999999998,True,similarity,Mondrian-family,family_Polyolefins,family,extra_trees
Polyolefins,172,0.6976744186046512,-0.20232558139534884,124.81060000000002,True,family,Mondrian-family,family_Polyolefins,family,extra_trees
0,87,0.6666666666666666,-0.2333333333333334,169.77343837631372,True,similarity,Normalised SCP,family_Polyolefins,family,extra_trees
3,8,0.75,-0.15000000000000002,116.35632747822372,False,similarity,Normalised SCP,family_Polyolefins,family,extra_trees
1,48,0.875,-0.025000000000000022,167.47478400442444,True,similarity,Normalised SCP,family_Polyolefins,family,extra_trees
2,29,0.896551724137931,-0.0034482758620689724,142.05602060960254,True,similarity,Normalised SCP,family_Polyolefins,family,extra_trees
Polyolefins,172,0.7674418604651163,-0.1325581395348837,161.97415109567402,True,family,Normalised SCP,family_Polyolefins,family,extra_trees
5,34,0.23529411764705882,-0.6647058823529413,370.0,True,similarity,SCP,family_Polyphenylenes,family,median
4,24,0.5,-0.4,370.0,True,similarity,SCP,family_Polyphenylenes,family,median
3,17,0.6470588235294118,-0.2529411764705882,370.0,True,similarity,SCP,family_Polyphenylenes,family,median
2,54,0.8333333333333334,-0.06666666666666665,370.0,True,similarity,SCP,family_Polyphenylenes,family,median
1,100,0.96,0.05999999999999994,370.0,True,similarity,SCP,family_Polyphenylenes,family,median
0,200,0.98,0.07999999999999996,370.0,True,similarity,SCP,family_Polyphenylenes,family,median
Polyphenylenes,429,0.8578088578088578,-0.04219114219114217,370.0,True,family,SCP,family_Polyphenylenes,family,median
5,34,0.20588235294117646,-0.6941176470588235,366.0,True,similarity,Mondrian-similarity,family_Polyphenylenes,family,median
4,24,0.5,-0.4,375.0,True,similarity,Mondrian-similarity,family_Polyphenylenes,family,median
3,17,0.6470588235294118,-0.2529411764705882,372.0,True,similarity,Mondrian-similarity,family_Polyphenylenes,family,median
2,54,0.8518518518518519,-0.04814814814814816,394.0,True,similarity,Mondrian-similarity,family_Polyphenylenes,family,median
1,100,0.96,0.05999999999999994,370.0,True,similarity,Mondrian-similarity,family_Polyphenylenes,family,median
0,200,0.99,0.08999999999999997,388.0,True,similarity,Mondrian-similarity,family_Polyphenylenes,family,median
Polyphenylenes,429,0.8624708624708625,-0.03752913752913756,381.45454545454544,True,family,Mondrian-similarity,family_Polyphenylenes,family,median
5,34,0.23529411764705882,-0.6647058823529413,370.0,True,similarity,Mondrian-family,family_Polyphenylenes,family,median
4,24,0.5,-0.4,370.0,True,similarity,Mondrian-family,family_Polyphenylenes,family,median
3,17,0.6470588235294118,-0.2529411764705882,370.0,True,similarity,Mondrian-family,family_Polyphenylenes,family,median
2,54,0.8333333333333334,-0.06666666666666665,370.0,True,similarity,Mondrian-family,family_Polyphenylenes,family,median
1,100,0.96,0.05999999999999994,370.0,True,similarity,Mondrian-family,family_Polyphenylenes,family,median
0,200,0.98,0.07999999999999996,370.0,True,similarity,Mondrian-family,family_Polyphenylenes,family,median
Polyphenylenes,429,0.8578088578088578,-0.04219114219114217,370.0,True,family,Mondrian-family,family_Polyphenylenes,family,median
4,24,0.7083333333333334,-0.19166666666666665,410.5773582116999,True,similarity,Normalised SCP,family_Polyphenylenes,family,median
5,34,0.7352941176470589,-0.16470588235294115,470.1017166691077,True,similarity,Normalised SCP,family_Polyphenylenes,family,median
0,200,0.74,-0.16000000000000003,199.6180672361458,True,similarity,Normalised SCP,family_Polyphenylenes,family,median
1,100,0.84,-0.06000000000000005,208.74933282457653,True,similarity,Normalised SCP,family_Polyphenylenes,family,median
2,54,0.8703703703703703,-0.029629629629629672,303.8764230639946,True,similarity,Normalised SCP,family_Polyphenylenes,family,median
3,17,0.8823529411764706,-0.01764705882352946,349.0649758090921,True,similarity,Normalised SCP,family_Polyphenylenes,family,median
Polyphenylenes,429,0.7832167832167832,-0.11678321678321679,254.03098631171923,True,family,Normalised SCP,family_Polyphenylenes,family,median
5,34,0.4411764705882353,-0.45882352941176474,126.42824834267925,True,similarity,SCP,family_Polyphenylenes,family,svr
3,17,0.5882352941176471,-0.31176470588235294,126.42824834267924,True,similarity,SCP,family_Polyphenylenes,family,svr
2,54,0.6296296296296297,-0.27037037037037037,126.42824834267928,True,similarity,SCP,family_Polyphenylenes,family,svr
4,24,0.6666666666666666,-0.2333333333333334,126.42824834267924,True,similarity,SCP,family_Polyphenylenes,family,svr
0,200,0.685,-0.21499999999999997,126.42824834267921,True,similarity,SCP,family_Polyphenylenes,family,svr
1,100,0.79,-0.10999999999999999,126.42824834267924,True,similarity,SCP,family_Polyphenylenes,family,svr
Polyphenylenes,429,0.6783216783216783,-0.2216783216783217,126.42824834267923,True,family,SCP,family_Polyphenylenes,family,svr
5,34,0.38235294117647056,-0.5176470588235295,98.29300747985029,True,similarity,Mondrian-similarity,family_Polyphenylenes,family,svr
3,17,0.7058823529411765,-0.1941176470588235,185.43715400543465,True,similarity,Mondrian-similarity,family_Polyphenylenes,family,svr
4,24,0.7083333333333334,-0.19166666666666665,129.79971587597595,True,similarity,Mondrian-similarity,family_Polyphenylenes,family,svr
0,200,0.825,-0.07500000000000007,202.59912090129805,True,similarity,Mondrian-similarity,family_Polyphenylenes,family,svr
1,100,0.85,-0.050000000000000044,166.04338612828568,True,similarity,Mondrian-similarity,family_Polyphenylenes,family,svr
2,54,0.8703703703703703,-0.029629629629629672,193.8179033406012,True,similarity,Mondrian-similarity,family_Polyphenylenes,family,svr
Polyphenylenes,429,0.7902097902097902,-0.10979020979020981,179.95318561051596,True,family,Mondrian-similarity,family_Polyphenylenes,family,svr
5,34,0.4411764705882353,-0.45882352941176474,126.42824834267925,True,similarity,Mondrian-family,family_Polyphenylenes,family,svr
3,17,0.5882352941176471,-0.31176470588235294,126.42824834267924,True,similarity,Mondrian-family,family_Polyphenylenes,family,svr
2,54,0.6296296296296297,-0.27037037037037037,126.42824834267928,True,similarity,Mondrian-family,family_Polyphenylenes,family,svr
4,24,0.6666666666666666,-0.2333333333333334,126.42824834267924,True,similarity,Mondrian-family,family_Polyphenylenes,family,svr
0,200,0.685,-0.21499999999999997,126.42824834267921,True,similarity,Mondrian-family,family_Polyphenylenes,family,svr
1,100,0.79,-0.10999999999999999,126.42824834267924,True,similarity,Mondrian-family,family_Polyphenylenes,family,svr
Polyphenylenes,429,0.6783216783216783,-0.2216783216783217,126.42824834267923,True,family,Mondrian-family,family_Polyphenylenes,family,svr
5,34,0.6176470588235294,-0.2823529411764706,161.64958356191417,True,similarity,Normalised SCP,family_Polyphenylenes,family,svr
3,17,0.6470588235294118,-0.2529411764705882,160.27624140636098,True,similarity,Normalised SCP,family_Polyphenylenes,family,svr
2,54,0.6666666666666666,-0.2333333333333334,158.96493056230727,True,similarity,Normalised SCP,family_Polyphenylenes,family,svr
4,24,0.75,-0.15000000000000002,166.12655804741394,True,similarity,Normalised SCP,family_Polyphenylenes,family,svr
0,200,0.76,-0.14,169.08956829495125,True,similarity,Normalised SCP,family_Polyphenylenes,family,svr
1,100,0.87,-0.030000000000000027,154.76467586389236,True,similarity,Normalised SCP,family_Polyphenylenes,family,svr
Polyphenylenes,429,0.7575757575757576,-0.14242424242424245,163.37134460115433,True,family,Normalised SCP,family_Polyphenylenes,family,svr
4,24,0.6666666666666666,-0.2333333333333334,130.53937999999985,True,similarity,SCP,family_Polyphenylenes,family,random_forest
5,34,0.6764705882352942,-0.22352941176470587,130.5393799999999,True,similarity,SCP,family_Polyphenylenes,family,random_forest
0,200,0.695,-0.20500000000000007,130.5393799999999,True,similarity,SCP,family_Polyphenylenes,family,random_forest
2,54,0.7777777777777778,-0.12222222222222223,130.53937999999994,True,similarity,SCP,family_Polyphenylenes,family,random_forest
1,100,0.8,-0.09999999999999998,130.53937999999994,True,similarity,SCP,family_Polyphenylenes,family,random_forest
3,17,0.8235294117647058,-0.07647058823529418,130.5393799999999,True,similarity,SCP,family_Polyphenylenes,family,random_forest
Polyphenylenes,429,0.7319347319347319,-0.16806526806526811,130.5393799999999,True,family,SCP,family_Polyphenylenes,family,random_forest
5,34,0.5588235294117647,-0.3411764705882353,96.3673,True,similarity,Mondrian-similarity,family_Polyphenylenes,family,random_forest
4,24,0.625,-0.275,114.91119999999994,True,similarity,Mondrian-similarity,family_Polyphenylenes,family,random_forest
2,54,0.8518518518518519,-0.04814814814814816,173.54537999999997,True,similarity,Mondrian-similarity,family_Polyphenylenes,family,random_forest
3,17,0.8823529411764706,-0.01764705882352946,180.4752000000001,True,similarity,Mondrian-similarity,family_Polyphenylenes,family,random_forest
0,200,0.89,-0.010000000000000009,230.5731999999999,True,similarity,Mondrian-similarity,family_Polyphenylenes,family,random_forest
1,100,0.93,0.030000000000000027,207.57080000000002,True,similarity,Mondrian-similarity,family_Polyphenylenes,family,random_forest
Polyphenylenes,429,0.8531468531468531,-0.0468531468531469,198.94080634032628,True,family,Mondrian-similarity,family_Polyphenylenes,family,random_forest
4,24,0.6666666666666666,-0.2333333333333334,130.53937999999985,True,similarity,Mondrian-family,family_Polyphenylenes,family,random_forest
5,34,0.6764705882352942,-0.22352941176470587,130.5393799999999,True,similarity,Mondrian-family,family_Polyphenylenes,family,random_forest
0,200,0.695,-0.20500000000000007,130.5393799999999,True,similarity,Mondrian-family,family_Polyphenylenes,family,random_forest
2,54,0.7777777777777778,-0.12222222222222223,130.53937999999994,True,similarity,Mondrian-family,family_Polyphenylenes,family,random_forest
1,100,0.8,-0.09999999999999998,130.53937999999994,True,similarity,Mondrian-family,family_Polyphenylenes,family,random_forest
3,17,0.8235294117647058,-0.07647058823529418,130.5393799999999,True,similarity,Mondrian-family,family_Polyphenylenes,family,random_forest
Polyphenylenes,429,0.7319347319347319,-0.16806526806526811,130.5393799999999,True,family,Mondrian-family,family_Polyphenylenes,family,random_forest
0,200,0.69,-0.21000000000000008,144.8512956424408,True,similarity,Normalised SCP,family_Polyphenylenes,family,random_forest
4,24,0.7083333333333334,-0.19166666666666665,145.7725628500074,True,similarity,Normalised SCP,family_Polyphenylenes,family,random_forest
2,54,0.7592592592592593,-0.14074074074074072,142.71727684014155,True,similarity,Normalised SCP,family_Polyphenylenes,family,random_forest
5,34,0.7941176470588235,-0.10588235294117654,146.51414811055903,True,similarity,Normalised SCP,family_Polyphenylenes,family,random_forest
1,100,0.82,-0.08000000000000007,139.12364634509788,True,similarity,Normalised SCP,family_Polyphenylenes,family,random_forest
3,17,0.8235294117647058,-0.07647058823529418,148.79810456495863,True,similarity,Normalised SCP,family_Polyphenylenes,family,random_forest
Polyphenylenes,429,0.7435897435897436,-0.1564102564102564,143.587289123844,True,family,Normalised SCP,family_Polyphenylenes,family,random_forest
5,34,0.6470588235294118,-0.2529411764705882,117.21120587460457,True,similarity,SCP,family_Polyphenylenes,family,hist_gbr
0,200,0.66,-0.24,117.21120587460453,True,similarity,SCP,family_Polyphenylenes,family,hist_gbr
3,17,0.7058823529411765,-0.1941176470588235,117.21120587460457,True,similarity,SCP,family_Polyphenylenes,family,hist_gbr
4,24,0.75,-0.15000000000000002,117.21120587460454,True,similarity,SCP,family_Polyphenylenes,family,hist_gbr
2,54,0.7777777777777778,-0.12222222222222223,117.21120587460453,True,similarity,SCP,family_Polyphenylenes,family,hist_gbr
1,100,0.79,-0.10999999999999999,117.21120587460453,True,similarity,SCP,family_Polyphenylenes,family,hist_gbr
Polyphenylenes,429,0.710955710955711,-0.18904428904428905,117.21120587460452,True,family,SCP,family_Polyphenylenes,family,hist_gbr
5,34,0.5,-0.4,86.98711745391331,True,similarity,Mondrian-similarity,family_Polyphenylenes,family,hist_gbr
4,24,0.6666666666666666,-0.2333333333333334,109.91394030152537,True,similarity,Mondrian-similarity,family_Polyphenylenes,family,hist_gbr
2,54,0.8148148148148148,-0.08518518518518525,143.75543918627267,True,similarity,Mondrian-similarity,family_Polyphenylenes,family,hist_gbr
3,17,0.8823529411764706,-0.01764705882352946,175.85269813592146,True,similarity,Mondrian-similarity,family_Polyphenylenes,family,hist_gbr
0,200,0.895,-0.0050000000000000044,218.27605755298515,True,similarity,Mondrian-similarity,family_Polyphenylenes,family,hist_gbr
1,100,0.93,0.030000000000000027,194.76909163383291,True,similarity,Mondrian-similarity,family_Polyphenylenes,family,hist_gbr
Polyphenylenes,429,0.8484848484848485,-0.051515151515151514,185.26784806298224,True,family,Mondrian-similarity,family_Polyphenylenes,family,hist_gbr
5,34,0.6470588235294118,-0.2529411764705882,117.21120587460457,True,similarity,Mondrian-family,family_Polyphenylenes,family,hist_gbr
0,200,0.66,-0.24,117.21120587460453,True,similarity,Mondrian-family,family_Polyphenylenes,family,hist_gbr
3,17,0.7058823529411765,-0.1941176470588235,117.21120587460457,True,similarity,Mondrian-family,family_Polyphenylenes,family,hist_gbr
4,24,0.75,-0.15000000000000002,117.21120587460454,True,similarity,Mondrian-family,family_Polyphenylenes,family,hist_gbr
2,54,0.7777777777777778,-0.12222222222222223,117.21120587460453,True,similarity,Mondrian-family,family_Polyphenylenes,family,hist_gbr
1,100,0.79,-0.10999999999999999,117.21120587460453,True,similarity,Mondrian-family,family_Polyphenylenes,family,hist_gbr
Polyphenylenes,429,0.710955710955711,-0.18904428904428905,117.21120587460452,True,family,Mondrian-family,family_Polyphenylenes,family,hist_gbr
3,17,0.7647058823529411,-0.1352941176470589,134.91437556208143,True,similarity,Normalised SCP,family_Polyphenylenes,family,hist_gbr
0,200,0.775,-0.125,148.7826645975453,True,similarity,Normalised SCP,family_Polyphenylenes,family,hist_gbr
4,24,0.7916666666666666,-0.10833333333333339,146.3113770000235,True,similarity,Normalised SCP,family_Polyphenylenes,family,hist_gbr
2,54,0.8148148148148148,-0.08518518518518525,136.85673965617838,True,similarity,Normalised SCP,family_Polyphenylenes,family,hist_gbr
5,34,0.8529411764705882,-0.04705882352941182,139.43098435128337,True,similarity,Normalised SCP,family_Polyphenylenes,family,hist_gbr
1,100,0.87,-0.030000000000000027,137.85656076989707,True,similarity,Normalised SCP,family_Polyphenylenes,family,hist_gbr
Polyphenylenes,429,0.8088578088578089,-0.09114219114219113,143.3056499730349,True,family,Normalised SCP,family_Polyphenylenes,family,hist_gbr
5,34,0.5882352941176471,-0.31176470588235294,121.81549999999989,True,similarity,SCP,family_Polyphenylenes,family,extra_trees
0,200,0.665,-0.235,121.8154999999999,True,similarity,SCP,family_Polyphenylenes,family,extra_trees
4,24,0.7083333333333334,-0.19166666666666665,121.81549999999987,True,similarity,SCP,family_Polyphenylenes,family,extra_trees
3,17,0.7647058823529411,-0.1352941176470589,121.81549999999989,True,similarity,SCP,family_Polyphenylenes,family,extra_trees
2,54,0.7962962962962963,-0.10370370370370374,121.81549999999986,True,similarity,SCP,family_Polyphenylenes,family,extra_trees
1,100,0.8,-0.09999999999999998,121.81549999999991,True,similarity,SCP,family_Polyphenylenes,family,extra_trees
Polyphenylenes,429,0.7132867132867133,-0.18671328671328669,121.81549999999993,True,family,SCP,family_Polyphenylenes,family,extra_trees
5,34,0.38235294117647056,-0.5176470588235295,80.12160000000006,True,similarity,Mondrian-similarity,family_Polyphenylenes,family,extra_trees
4,24,0.6666666666666666,-0.2333333333333334,107.54769999999996,True,similarity,Mondrian-similarity,family_Polyphenylenes,family,extra_trees
3,17,0.8235294117647058,-0.07647058823529418,155.68699999999995,True,similarity,Mondrian-similarity,family_Polyphenylenes,family,extra_trees
2,54,0.8518518518518519,-0.04814814814814816,161.43288000000004,True,similarity,Mondrian-similarity,family_Polyphenylenes,family,extra_trees
0,200,0.86,-0.040000000000000036,198.50680000000008,True,similarity,Mondrian-similarity,family_Polyphenylenes,family,extra_trees
1,100,0.92,0.020000000000000018,210.35448000000008,True,similarity,Mondrian-similarity,family_Polyphenylenes,family,extra_trees
Polyphenylenes,429,0.8228438228438228,-0.07715617715617717,180.43389678321682,True,family,Mondrian-similarity,family_Polyphenylenes,family,extra_trees
5,34,0.5882352941176471,-0.31176470588235294,121.81549999999989,True,similarity,Mondrian-family,family_Polyphenylenes,family,extra_trees
0,200,0.665,-0.235,121.8154999999999,True,similarity,Mondrian-family,family_Polyphenylenes,family,extra_trees
4,24,0.7083333333333334,-0.19166666666666665,121.81549999999987,True,similarity,Mondrian-family,family_Polyphenylenes,family,extra_trees
3,17,0.7647058823529411,-0.1352941176470589,121.81549999999989,True,similarity,Mondrian-family,family_Polyphenylenes,family,extra_trees
2,54,0.7962962962962963,-0.10370370370370374,121.81549999999986,True,similarity,Mondrian-family,family_Polyphenylenes,family,extra_trees
1,100,0.8,-0.09999999999999998,121.81549999999991,True,similarity,Mondrian-family,family_Polyphenylenes,family,extra_trees
Polyphenylenes,429,0.7132867132867133,-0.18671328671328669,121.81549999999993,True,family,Mondrian-family,family_Polyphenylenes,family,extra_trees
0,200,0.695,-0.20500000000000007,144.38744092034815,True,similarity,Normalised SCP,family_Polyphenylenes,family,extra_trees
5,34,0.7352941176470589,-0.16470588235294115,131.29401243927944,True,similarity,Normalised SCP,family_Polyphenylenes,family,extra_trees
4,24,0.75,-0.15000000000000002,126.89870995439226,True,similarity,Normalised SCP,family_Polyphenylenes,family,extra_trees
1,100,0.78,-0.12,135.01634384999295,True,similarity,Normalised SCP,family_Polyphenylenes,family,extra_trees
2,54,0.8148148148148148,-0.08518518518518525,128.52000789626777,True,similarity,Normalised SCP,family_Polyphenylenes,family,extra_trees
3,17,0.8235294117647058,-0.07647058823529418,134.04301273734646,True,similarity,Normalised SCP,family_Polyphenylenes,family,extra_trees
Polyphenylenes,429,0.7412587412587412,-0.15874125874125877,137.77971951944798,True,family,Normalised SCP,family_Polyphenylenes,family,extra_trees
0,107,0.7289719626168224,-0.17102803738317762,371.0,True,similarity,SCP,family_Polyphosphazenes,family,median
1,9,0.8888888888888888,-0.011111111111111183,371.0,False,similarity,SCP,family_Polyphosphazenes,family,median
2,2,1.0,0.09999999999999998,371.0,False,similarity,SCP,family_Polyphosphazenes,family,median
Polyphosphazenes,118,0.7457627118644068,-0.15423728813559323,371.0,True,family,SCP,family_Polyphosphazenes,family,median
1,9,0.5555555555555556,-0.34444444444444444,339.0,False,similarity,Mondrian-similarity,family_Polyphosphazenes,family,median
0,107,0.6542056074766355,-0.24579439252336455,347.0,True,similarity,Mondrian-similarity,family_Polyphosphazenes,family,median
2,2,1.0,0.09999999999999998,417.79999999999995,False,similarity,Mondrian-similarity,family_Polyphosphazenes,family,median
Polyphosphazenes,118,0.652542372881356,-0.24745762711864405,347.5898305084746,True,family,Mondrian-similarity,family_Polyphosphazenes,family,median
0,107,0.7289719626168224,-0.17102803738317762,371.0,True,similarity,Mondrian-family,family_Polyphosphazenes,family,median
1,9,0.8888888888888888,-0.011111111111111183,371.0,False,similarity,Mondrian-family,family_Polyphosphazenes,family,median
2,2,1.0,0.09999999999999998,371.0,False,similarity,Mondrian-family,family_Polyphosphazenes,family,median
Polyphosphazenes,118,0.7457627118644068,-0.15423728813559323,371.0,True,family,Mondrian-family,family_Polyphosphazenes,family,median
2,2,0.5,-0.4,225.20687373988528,False,similarity,Normalised SCP,family_Polyphosphazenes,family,median
1,9,0.5555555555555556,-0.34444444444444444,282.2277801843574,False,similarity,Normalised SCP,family_Polyphosphazenes,family,median
0,107,0.6355140186915887,-0.2644859813084113,354.9670659825892,True,similarity,Normalised SCP,family_Polyphosphazenes,family,median
Polyphosphazenes,118,0.6271186440677966,-0.2728813559322034,347.2198290616614,True,family,Normalised SCP,family_Polyphosphazenes,family,median
2,2,0.0,-0.9,139.00879846639157,False,similarity,SCP,family_Polyphosphazenes,family,svr
1,9,0.2222222222222222,-0.6777777777777778,139.00879846639157,False,similarity,SCP,family_Polyphosphazenes,family,svr
0,107,0.42990654205607476,-0.47009345794392526,139.0087984663915,True,similarity,SCP,family_Polyphosphazenes,family,svr
Polyphosphazenes,118,0.4067796610169492,-0.49322033898305084,139.0087984663915,True,family,SCP,family_Polyphosphazenes,family,svr
1,9,0.5555555555555556,-0.34444444444444444,227.64225346252988,False,similarity,Mondrian-similarity,family_Polyphosphazenes,family,svr
0,107,0.9252336448598131,0.025233644859813054,304.31531082870424,True,similarity,Mondrian-similarity,family_Polyphosphazenes,family,svr
2,2,1.0,0.09999999999999998,228.17864493597915,False,similarity,Mondrian-similarity,family_Polyphosphazenes,family,svr
Polyphosphazenes,118,0.8983050847457628,-0.0016949152542372614,297.1769138110685,True,family,Mondrian-similarity,family_Polyphosphazenes,family,svr
2,2,0.0,-0.9,139.00879846639157,False,similarity,Mondrian-family,family_Polyphosphazenes,family,svr
1,9,0.2222222222222222,-0.6777777777777778,139.00879846639157,False,similarity,Mondrian-family,family_Polyphosphazenes,family,svr
0,107,0.42990654205607476,-0.47009345794392526,139.0087984663915,True,similarity,Mondrian-family,family_Polyphosphazenes,family,svr
Polyphosphazenes,118,0.4067796610169492,-0.49322033898305084,139.0087984663915,True,family,Mondrian-family,family_Polyphosphazenes,family,svr
2,2,0.0,-0.9,121.52665027056847,False,similarity,Normalised SCP,family_Polyphosphazenes,family,svr
1,9,0.1111111111111111,-0.788888888888889,132.4486173067779,False,similarity,Normalised SCP,family_Polyphosphazenes,family,svr
0,107,0.40186915887850466,-0.49813084112149536,148.1335492488531,True,similarity,Normalised SCP,family_Polyphosphazenes,family,svr
Polyphosphazenes,118,0.3728813559322034,-0.5271186440677966,146.48627649092728,True,family,Normalised SCP,family_Polyphosphazenes,family,svr
2,2,0.0,-0.9,138.4776,False,similarity,SCP,family_Polyphosphazenes,family,random_forest
1,9,0.1111111111111111,-0.788888888888889,138.4776,False,similarity,SCP,family_Polyphosphazenes,family,random_forest
0,107,0.42990654205607476,-0.47009345794392526,138.47759999999997,True,similarity,SCP,family_Polyphosphazenes,family,random_forest
Polyphosphazenes,118,0.3983050847457627,-0.5016949152542374,138.47759999999997,True,family,SCP,family_Polyphosphazenes,family,random_forest
2,2,0.5,-0.4,226.2188799999999,False,similarity,Mondrian-similarity,family_Polyphosphazenes,family,random_forest
0,107,0.7289719626168224,-0.17102803738317762,257.7863999999992,True,similarity,Mondrian-similarity,family_Polyphosphazenes,family,random_forest
1,9,0.7777777777777778,-0.12222222222222223,219.14896,False,similarity,Mondrian-similarity,family_Polyphosphazenes,family,random_forest
Polyphosphazenes,118,0.7288135593220338,-0.17118644067796618,254.30443389830438,True,family,Mondrian-similarity,family_Polyphosphazenes,family,random_forest
2,2,0.0,-0.9,138.4776,False,similarity,Mondrian-family,family_Polyphosphazenes,family,random_forest
1,9,0.1111111111111111,-0.788888888888889,138.4776,False,similarity,Mondrian-family,family_Polyphosphazenes,family,random_forest
0,107,0.42990654205607476,-0.47009345794392526,138.47759999999997,True,similarity,Mondrian-family,family_Polyphosphazenes,family,random_forest
Polyphosphazenes,118,0.3983050847457627,-0.5016949152542374,138.47759999999997,True,family,Mondrian-family,family_Polyphosphazenes,family,random_forest
1,9,0.0,-0.9,115.23207615167829,False,similarity,Normalised SCP,family_Polyphosphazenes,family,random_forest
2,2,0.0,-0.9,83.34437435822485,False,similarity,Normalised SCP,family_Polyphosphazenes,family,random_forest
0,107,0.42990654205607476,-0.47009345794392526,149.9140387306356,True,similarity,Normalised SCP,family_Polyphosphazenes,family,random_forest
Polyphosphazenes,118,0.3898305084745763,-0.5101694915254238,146.14050490050474,True,family,Normalised SCP,family_Polyphosphazenes,family,random_forest
2,2,0.0,-0.9,123.16964491214327,False,similarity,SCP,family_Polyphosphazenes,family,hist_gbr
1,9,0.1111111111111111,-0.788888888888889,123.16964491214327,False,similarity,SCP,family_Polyphosphazenes,family,hist_gbr
0,107,0.34579439252336447,-0.5542056074766355,123.16964491214323,True,similarity,SCP,family_Polyphosphazenes,family,hist_gbr
Polyphosphazenes,118,0.3220338983050847,-0.5779661016949154,123.1696449121432,True,family,SCP,family_Polyphosphazenes,family,hist_gbr
2,2,0.0,-0.9,186.6217812332833,False,similarity,Mondrian-similarity,family_Polyphosphazenes,family,hist_gbr
1,9,0.6666666666666666,-0.2333333333333334,198.5470148059253,False,similarity,Mondrian-similarity,family_Polyphosphazenes,family,hist_gbr
0,107,0.8878504672897196,-0.012149532710280408,297.7540874589709,True,similarity,Mondrian-similarity,family_Polyphosphazenes,family,hist_gbr
Polyphosphazenes,118,0.8559322033898306,-0.04406779661016946,288.3038479138116,True,family,Mondrian-similarity,family_Polyphosphazenes,family,hist_gbr
2,2,0.0,-0.9,123.16964491214327,False,similarity,Mondrian-family,family_Polyphosphazenes,family,hist_gbr
1,9,0.1111111111111111,-0.788888888888889,123.16964491214327,False,similarity,Mondrian-family,family_Polyphosphazenes,family,hist_gbr
0,107,0.34579439252336447,-0.5542056074766355,123.16964491214323,True,similarity,Mondrian-family,family_Polyphosphazenes,family,hist_gbr
Polyphosphazenes,118,0.3220338983050847,-0.5779661016949154,123.1696449121432,True,family,Mondrian-family,family_Polyphosphazenes,family,hist_gbr
2,2,0.0,-0.9,93.0479823755097,False,similarity,Normalised SCP,family_Polyphosphazenes,family,hist_gbr
1,9,0.1111111111111111,-0.788888888888889,107.96142417652112,False,similarity,Normalised SCP,family_Polyphosphazenes,family,hist_gbr
0,107,0.2897196261682243,-0.6102803738317757,130.42149455428205,True,similarity,Normalised SCP,family_Polyphosphazenes,family,hist_gbr
Polyphosphazenes,118,0.2711864406779661,-0.6288135593220339,128.07498898006685,True,family,Normalised SCP,family_Polyphosphazenes,family,hist_gbr
1,9,0.0,-0.9,123.50699999999996,False,similarity,SCP,family_Polyphosphazenes,family,extra_trees
2,2,0.0,-0.9,123.50699999999995,False,similarity,SCP,family_Polyphosphazenes,family,extra_trees
0,107,0.3364485981308411,-0.563551401869159,123.50699999999996,True,similarity,SCP,family_Polyphosphazenes,family,extra_trees
Polyphosphazenes,118,0.3050847457627119,-0.5949152542372882,123.50699999999995,True,family,SCP,family_Polyphosphazenes,family,extra_trees
2,2,0.5,-0.4,201.46639999999996,False,similarity,Mondrian-similarity,family_Polyphosphazenes,family,extra_trees
0,107,0.794392523364486,-0.10560747663551406,254.20839999999868,True,similarity,Mondrian-similarity,family_Polyphosphazenes,family,extra_trees
1,9,0.8888888888888888,-0.011111111111111183,233.22168,False,similarity,Mondrian-similarity,family_Polyphosphazenes,family,extra_trees
Polyphosphazenes,118,0.7966101694915254,-0.10338983050847461,251.71378576271064,True,family,Mondrian-similarity,family_Polyphosphazenes,family,extra_trees
1,9,0.0,-0.9,123.50699999999996,False,similarity,Mondrian-family,family_Polyphosphazenes,family,extra_trees
2,2,0.0,-0.9,123.50699999999995,False,similarity,Mondrian-family,family_Polyphosphazenes,family,extra_trees
0,107,0.3364485981308411,-0.563551401869159,123.50699999999996,True,similarity,Mondrian-family,family_Polyphosphazenes,family,extra_trees
Polyphosphazenes,118,0.3050847457627119,-0.5949152542372882,123.50699999999995,True,family,Mondrian-family,family_Polyphosphazenes,family,extra_trees
2,2,0.0,-0.9,88.8702472774676,False,similarity,Normalised SCP,family_Polyphosphazenes,family,extra_trees
1,9,0.1111111111111111,-0.788888888888889,115.26177788563922,False,similarity,Normalised SCP,family_Polyphosphazenes,family,extra_trees
0,107,0.34579439252336447,-0.5542056074766355,141.66575887839676,True,similarity,Normalised SCP,family_Polyphosphazenes,family,extra_trees
Polyphosphazenes,118,0.3220338983050847,-0.5779661016949154,138.7570567416453,True,family,Normalised SCP,family_Polyphosphazenes,family,extra_trees
0,118,0.4745762711864407,-0.42542372881355933,348.0,True,similarity,SCP,family_Polysiloxanes,family,median
2,31,0.7419354838709677,-0.15806451612903227,348.0,True,similarity,SCP,family_Polysiloxanes,family,median
1,50,0.76,-0.14,348.0,True,similarity,SCP,family_Polysiloxanes,family,median
3,9,0.7777777777777778,-0.12222222222222223,348.0,False,similarity,SCP,family_Polysiloxanes,family,median
4,1,1.0,0.09999999999999998,348.0,False,similarity,SCP,family_Polysiloxanes,family,median
Polysiloxanes,209,0.5980861244019139,-0.30191387559808613,348.0,True,family,SCP,family_Polysiloxanes,family,median
0,118,0.5508474576271186,-0.3491525423728814,376.0,True,similarity,Mondrian-similarity,family_Polysiloxanes,family,median
2,31,0.7096774193548387,-0.19032258064516128,342.7999999999998,True,similarity,Mondrian-similarity,family_Polysiloxanes,family,median
1,50,0.76,-0.14,350.0,True,similarity,Mondrian-similarity,family_Polysiloxanes,family,median
3,9,0.7777777777777778,-0.12222222222222223,328.0,False,similarity,Mondrian-similarity,family_Polysiloxanes,family,median
4,1,1.0,0.09999999999999998,358.0,False,similarity,Mondrian-similarity,family_Polysiloxanes,family,median
Polysiloxanes,209,0.6363636363636364,-0.26363636363636367,362.70239234449764,True,family,Mondrian-similarity,family_Polysiloxanes,family,median
0,118,0.4745762711864407,-0.42542372881355933,348.0,True,similarity,Mondrian-family,family_Polysiloxanes,family,median
2,31,0.7419354838709677,-0.15806451612903227,348.0,True,similarity,Mondrian-family,family_Polysiloxanes,family,median
1,50,0.76,-0.14,348.0,True,similarity,Mondrian-family,family_Polysiloxanes,family,median
3,9,0.7777777777777778,-0.12222222222222223,348.0,False,similarity,Mondrian-family,family_Polysiloxanes,family,median
4,1,1.0,0.09999999999999998,348.0,False,similarity,Mondrian-family,family_Polysiloxanes,family,median
Polysiloxanes,209,0.5980861244019139,-0.30191387559808613,348.0,True,family,Mondrian-family,family_Polysiloxanes,family,median
3,9,0.3333333333333333,-0.5666666666666667,270.62363915576935,False,similarity,Normalised SCP,family_Polysiloxanes,family,median
0,118,0.5508474576271186,-0.3491525423728814,343.45807603727644,True,similarity,Normalised SCP,family_Polysiloxanes,family,median
2,31,0.6774193548387096,-0.2225806451612904,327.3551980014766,True,similarity,Normalised SCP,family_Polysiloxanes,family,median
1,50,0.78,-0.12,302.261450729341,True,similarity,Normalised SCP,family_Polysiloxanes,family,median
4,1,1.0,0.09999999999999998,186.412285876851,False,similarity,Normalised SCP,family_Polysiloxanes,family,median
Polysiloxanes,209,0.6172248803827751,-0.2827751196172249,327.326132465025,True,family,Normalised SCP,family_Polysiloxanes,family,median
0,118,0.4491525423728814,-0.45084745762711864,150.2372792163183,True,similarity,SCP,family_Polysiloxanes,family,svr
1,50,0.66,-0.24,150.2372792163183,True,similarity,SCP,family_Polysiloxanes,family,svr
2,31,0.8387096774193549,-0.06129032258064515,150.23727921631837,True,similarity,SCP,family_Polysiloxanes,family,svr
3,9,1.0,0.09999999999999998,150.2372792163183,False,similarity,SCP,family_Polysiloxanes,family,svr
4,1,1.0,0.09999999999999998,150.2372792163183,False,similarity,SCP,family_Polysiloxanes,family,svr
Polysiloxanes,209,0.583732057416268,-0.31626794258373203,150.23727921631829,True,family,SCP,family_Polysiloxanes,family,svr
1,50,0.8,-0.09999999999999998,219.58861256396878,True,similarity,Mondrian-similarity,family_Polysiloxanes,family,svr
0,118,0.8898305084745762,-0.01016949152542379,320.1366198413812,True,similarity,Mondrian-similarity,family_Polysiloxanes,family,svr
2,31,0.9354838709677419,0.03548387096774186,188.59914758077576,True,similarity,Mondrian-similarity,family_Polysiloxanes,family,svr
3,9,1.0,0.09999999999999998,178.04383707483728,False,similarity,Mondrian-similarity,family_Polysiloxanes,family,svr
4,1,1.0,0.09999999999999998,157.55381853531225,False,similarity,Mondrian-similarity,family_Polysiloxanes,family,svr
Polysiloxanes,209,0.8803827751196173,-0.019617224880382755,269.6749937640877,True,family,Mondrian-similarity,family_Polysiloxanes,family,svr
0,118,0.4491525423728814,-0.45084745762711864,150.2372792163183,True,similarity,Mondrian-family,family_Polysiloxanes,family,svr
1,50,0.66,-0.24,150.2372792163183,True,similarity,Mondrian-family,family_Polysiloxanes,family,svr
2,31,0.8387096774193549,-0.06129032258064515,150.23727921631837,True,similarity,Mondrian-family,family_Polysiloxanes,family,svr
3,9,1.0,0.09999999999999998,150.2372792163183,False,similarity,Mondrian-family,family_Polysiloxanes,family,svr
4,1,1.0,0.09999999999999998,150.2372792163183,False,similarity,Mondrian-family,family_Polysiloxanes,family,svr
Polysiloxanes,209,0.583732057416268,-0.31626794258373203,150.23727921631829,True,family,Mondrian-family,family_Polysiloxanes,family,svr
0,118,0.5847457627118644,-0.3152542372881356,194.19621331499047,True,similarity,Normalised SCP,family_Polysiloxanes,family,svr
1,50,0.62,-0.28,138.67253121168696,True,similarity,Normalised SCP,family_Polysiloxanes,family,svr
2,31,0.8387096774193549,-0.06129032258064515,138.81586537040135,True,similarity,Normalised SCP,family_Polysiloxanes,family,svr
3,9,1.0,0.09999999999999998,145.79307618376606,False,similarity,Normalised SCP,family_Polysiloxanes,family,svr
4,1,1.0,0.09999999999999998,129.54002113627388,False,similarity,Normalised SCP,family_Polysiloxanes,family,svr
Polysiloxanes,209,0.6507177033492823,-0.24928229665071777,170.30502040682217,True,family,Normalised SCP,family_Polysiloxanes,family,svr
0,118,0.3220338983050847,-0.5779661016949154,138.82079999999996,True,similarity,SCP,family_Polysiloxanes,family,random_forest
1,50,0.64,-0.26,138.82080000000002,True,similarity,SCP,family_Polysiloxanes,family,random_forest
2,31,0.6451612903225806,-0.2548387096774194,138.82080000000005,True,similarity,SCP,family_Polysiloxanes,family,random_forest
3,9,1.0,0.09999999999999998,138.82080000000002,False,similarity,SCP,family_Polysiloxanes,family,random_forest
4,1,1.0,0.09999999999999998,138.82080000000002,False,similarity,SCP,family_Polysiloxanes,family,random_forest
Polysiloxanes,209,0.4784688995215311,-0.4215311004784689,138.82079999999996,True,family,SCP,family_Polysiloxanes,family,random_forest
1,50,0.68,-0.21999999999999997,167.74167999999997,True,similarity,Mondrian-similarity,family_Polysiloxanes,family,random_forest
0,118,0.8389830508474576,-0.06101694915254241,262.03062000000006,True,similarity,Mondrian-similarity,family_Polysiloxanes,family,random_forest
2,31,0.8709677419354839,-0.029032258064516148,183.9444800000001,True,similarity,Mondrian-similarity,family_Polysiloxanes,family,random_forest
3,9,1.0,0.09999999999999998,165.68256000000002,False,similarity,Mondrian-similarity,family_Polysiloxanes,family,random_forest
4,1,1.0,0.09999999999999998,154.39919999999995,False,similarity,Mondrian-similarity,family_Polysiloxanes,family,random_forest
Polysiloxanes,209,0.8133971291866029,-0.08660287081339713,223.2273601913876,True,family,Mondrian-similarity,family_Polysiloxanes,family,random_forest
0,118,0.3220338983050847,-0.5779661016949154,138.82079999999996,True,similarity,Mondrian-family,family_Polysiloxanes,family,random_forest
1,50,0.64,-0.26,138.82080000000002,True,similarity,Mondrian-family,family_Polysiloxanes,family,random_forest
2,31,0.6451612903225806,-0.2548387096774194,138.82080000000005,True,similarity,Mondrian-family,family_Polysiloxanes,family,random_forest
3,9,1.0,0.09999999999999998,138.82080000000002,False,similarity,Mondrian-family,family_Polysiloxanes,family,random_forest
4,1,1.0,0.09999999999999998,138.82080000000002,False,similarity,Mondrian-family,family_Polysiloxanes,family,random_forest
Polysiloxanes,209,0.4784688995215311,-0.4215311004784689,138.82079999999996,True,family,Mondrian-family,family_Polysiloxanes,family,random_forest
0,118,0.5847457627118644,-0.3152542372881356,195.0675791216051,True,similarity,Normalised SCP,family_Polysiloxanes,family,random_forest
1,50,0.62,-0.28,128.6060233172623,True,similarity,Normalised SCP,family_Polysiloxanes,family,random_forest
2,31,0.6451612903225806,-0.2548387096774194,129.0951379240875,True,similarity,Normalised SCP,family_Polysiloxanes,family,random_forest
3,9,1.0,0.09999999999999998,160.69840587752128,False,similarity,Normalised SCP,family_Polysiloxanes,family,random_forest
4,1,1.0,0.09999999999999998,154.06548895171113,False,similarity,Normalised SCP,family_Polysiloxanes,family,random_forest
Polysiloxanes,209,0.6220095693779905,-0.27799043062200957,167.70610487898867,True,family,Normalised SCP,family_Polysiloxanes,family,random_forest
0,118,0.3389830508474576,-0.5610169491525424,130.9542682975052,True,similarity,SCP,family_Polysiloxanes,family,hist_gbr
2,31,0.6129032258064516,-0.2870967741935484,130.95426829750522,True,similarity,SCP,family_Polysiloxanes,family,hist_gbr
1,50,0.62,-0.28,130.95426829750522,True,similarity,SCP,family_Polysiloxanes,family,hist_gbr
3,9,1.0,0.09999999999999998,130.95426829750522,False,similarity,SCP,family_Polysiloxanes,family,hist_gbr
4,1,1.0,0.09999999999999998,130.95426829750522,False,similarity,SCP,family_Polysiloxanes,family,hist_gbr
Polysiloxanes,209,0.4784688995215311,-0.4215311004784689,130.95426829750522,True,family,SCP,family_Polysiloxanes,family,hist_gbr
1,50,0.7,-0.20000000000000007,175.29318377887907,True,similarity,Mondrian-similarity,family_Polysiloxanes,family,hist_gbr
2,31,0.7741935483870968,-0.12580645161290327,178.69583247802223,True,similarity,Mondrian-similarity,family_Polysiloxanes,family,hist_gbr
0,118,0.9491525423728814,0.04915254237288136,333.5937602786513,True,similarity,Mondrian-similarity,family_Polysiloxanes,family,hist_gbr
3,9,1.0,0.09999999999999998,143.18016950758897,False,similarity,Mondrian-similarity,family_Polysiloxanes,family,hist_gbr
4,1,1.0,0.09999999999999998,142.34310270607637,False,similarity,Mondrian-similarity,family_Polysiloxanes,family,hist_gbr
Polysiloxanes,209,0.8660287081339713,-0.03397129186602876,263.63281500917645,True,family,Mondrian-similarity,family_Polysiloxanes,family,hist_gbr
0,118,0.3389830508474576,-0.5610169491525424,130.9542682975052,True,similarity,Mondrian-family,family_Polysiloxanes,family,hist_gbr
2,31,0.6129032258064516,-0.2870967741935484,130.95426829750522,True,similarity,Mondrian-family,family_Polysiloxanes,family,hist_gbr
1,50,0.62,-0.28,130.95426829750522,True,similarity,Mondrian-family,family_Polysiloxanes,family,hist_gbr
3,9,1.0,0.09999999999999998,130.95426829750522,False,similarity,Mondrian-family,family_Polysiloxanes,family,hist_gbr
4,1,1.0,0.09999999999999998,130.95426829750522,False,similarity,Mondrian-family,family_Polysiloxanes,family,hist_gbr
Polysiloxanes,209,0.4784688995215311,-0.4215311004784689,130.95426829750522,True,family,Mondrian-family,family_Polysiloxanes,family,hist_gbr
0,118,0.4406779661016949,-0.4593220338983051,153.64836881313374,True,similarity,Normalised SCP,family_Polysiloxanes,family,hist_gbr
2,31,0.5161290322580645,-0.3838709677419355,119.14311645707599,True,similarity,Normalised SCP,family_Polysiloxanes,family,hist_gbr
1,50,0.6,-0.30000000000000004,111.25006095012942,True,similarity,Normalised SCP,family_Polysiloxanes,family,hist_gbr
3,9,1.0,0.09999999999999998,136.91305189725253,False,similarity,Normalised SCP,family_Polysiloxanes,family,hist_gbr
4,1,1.0,0.09999999999999998,137.48590964168363,False,similarity,Normalised SCP,family_Polysiloxanes,family,hist_gbr
Polysiloxanes,209,0.5167464114832536,-0.3832535885167464,137.58923710211755,True,family,Normalised SCP,family_Polysiloxanes,family,hist_gbr
0,118,0.3220338983050847,-0.5779661016949154,130.3872,True,similarity,SCP,family_Polysiloxanes,family,extra_trees
1,50,0.62,-0.28,130.3872,True,similarity,SCP,family_Polysiloxanes,family,extra_trees
2,31,0.6774193548387096,-0.2225806451612904,130.38720000000004,True,similarity,SCP,family_Polysiloxanes,family,extra_trees
3,9,1.0,0.09999999999999998,130.3872,False,similarity,SCP,family_Polysiloxanes,family,extra_trees
4,1,1.0,0.09999999999999998,130.3872,False,similarity,SCP,family_Polysiloxanes,family,extra_trees
Polysiloxanes,209,0.4784688995215311,-0.4215311004784689,130.38720000000004,True,family,SCP,family_Polysiloxanes,family,extra_trees
1,50,0.62,-0.28,149.4605599999999,True,similarity,Mondrian-similarity,family_Polysiloxanes,family,extra_trees
0,118,0.7966101694915254,-0.10338983050847461,261.45024,True,similarity,Mondrian-similarity,family_Polysiloxanes,family,extra_trees
2,31,0.8387096774193549,-0.06129032258064515,170.36603999999994,True,similarity,Mondrian-similarity,family_Polysiloxanes,family,extra_trees
3,9,1.0,0.09999999999999998,149.45276000000007,False,similarity,Mondrian-similarity,family_Polysiloxanes,family,extra_trees
4,1,1.0,0.09999999999999998,142.4765599999999,False,similarity,Mondrian-similarity,family_Polysiloxanes,family,extra_trees
Polysiloxanes,209,0.7703349282296651,-0.12966507177033493,215.75624382775123,True,family,Mondrian-similarity,family_Polysiloxanes,family,extra_trees
0,118,0.3220338983050847,-0.5779661016949154,130.3872,True,similarity,Mondrian-family,family_Polysiloxanes,family,extra_trees
1,50,0.62,-0.28,130.3872,True,similarity,Mondrian-family,family_Polysiloxanes,family,extra_trees
2,31,0.6774193548387096,-0.2225806451612904,130.38720000000004,True,similarity,Mondrian-family,family_Polysiloxanes,family,extra_trees
3,9,1.0,0.09999999999999998,130.3872,False,similarity,Mondrian-family,family_Polysiloxanes,family,extra_trees
4,1,1.0,0.09999999999999998,130.3872,False,similarity,Mondrian-family,family_Polysiloxanes,family,extra_trees
Polysiloxanes,209,0.4784688995215311,-0.4215311004784689,130.38720000000004,True,family,Mondrian-family,family_Polysiloxanes,family,extra_trees
0,118,0.4406779661016949,-0.4593220338983051,168.06508574574585,True,similarity,Normalised SCP,family_Polysiloxanes,family,extra_trees
1,50,0.6,-0.30000000000000004,121.74209304917102,True,similarity,Normalised SCP,family_Polysiloxanes,family,extra_trees
2,31,0.6129032258064516,-0.2870967741935484,121.45333206685333,True,similarity,Normalised SCP,family_Polysiloxanes,family,extra_trees
3,9,1.0,0.09999999999999998,154.76942299564442,False,similarity,Normalised SCP,family_Polysiloxanes,family,extra_trees
4,1,1.0,0.09999999999999998,186.03055109225255,False,similarity,Normalised SCP,family_Polysiloxanes,family,extra_trees
Polysiloxanes,209,0.5311004784688995,-0.3688995215311005,149.58274364871804,True,family,Normalised SCP,family_Polysiloxanes,family,extra_trees
0,137,0.9635036496350365,0.06350364963503652,366.0,True,similarity,SCP,family_Polystyrenes,family,median
1,72,0.9722222222222222,0.07222222222222219,366.0,True,similarity,SCP,family_Polystyrenes,family,median
2,37,1.0,0.09999999999999998,366.0,True,similarity,SCP,family_Polystyrenes,family,median
3,2,1.0,0.09999999999999998,366.0,False,similarity,SCP,family_Polystyrenes,family,median
4,2,1.0,0.09999999999999998,366.0,False,similarity,SCP,family_Polystyrenes,family,median
Polystyrenes,250,0.972,0.07199999999999995,366.0,True,family,SCP,family_Polystyrenes,family,median
1,72,0.9722222222222222,0.07222222222222219,366.0,True,similarity,Mondrian-similarity,family_Polystyrenes,family,median
0,137,0.9854014598540146,0.0854014598540146,409.59999999999997,True,similarity,Mondrian-similarity,family_Polystyrenes,family,median
2,37,1.0,0.09999999999999998,394.0,True,similarity,Mondrian-similarity,family_Polystyrenes,family,median
3,2,1.0,0.09999999999999998,346.0,False,similarity,Mondrian-similarity,family_Polystyrenes,family,median
4,2,1.0,0.09999999999999998,383.79999999999995,False,similarity,Mondrian-similarity,family_Polystyrenes,family,median
Polystyrenes,250,0.984,0.08399999999999996,394.01919999999996,True,family,Mondrian-similarity,family_Polystyrenes,family,median
0,137,0.9635036496350365,0.06350364963503652,366.0,True,similarity,Mondrian-family,family_Polystyrenes,family,median
1,72,0.9722222222222222,0.07222222222222219,366.0,True,similarity,Mondrian-family,family_Polystyrenes,family,median
2,37,1.0,0.09999999999999998,366.0,True,similarity,Mondrian-family,family_Polystyrenes,family,median
3,2,1.0,0.09999999999999998,366.0,False,similarity,Mondrian-family,family_Polystyrenes,family,median
4,2,1.0,0.09999999999999998,366.0,False,similarity,Mondrian-family,family_Polystyrenes,family,median
Polystyrenes,250,0.972,0.07199999999999995,366.0,True,family,Mondrian-family,family_Polystyrenes,family,median
0,137,0.8248175182481752,-0.07518248175182485,243.13545967187983,True,similarity,Normalised SCP,family_Polystyrenes,family,median
1,72,0.8611111111111112,-0.03888888888888886,241.77492485283295,True,similarity,Normalised SCP,family_Polystyrenes,family,median
2,37,1.0,0.09999999999999998,224.29829072149738,True,similarity,Normalised SCP,family_Polystyrenes,family,median
3,2,1.0,0.09999999999999998,292.65319773126566,False,similarity,Normalised SCP,family_Polystyrenes,family,median
4,2,1.0,0.09999999999999998,318.49655232711893,False,similarity,Normalised SCP,family_Polystyrenes,family,median
Polystyrenes,250,0.864,-0.03600000000000003,240.9547552850547,True,family,Normalised SCP,family_Polystyrenes,family,median
0,137,0.583941605839416,-0.316058394160584,128.90805904702074,True,similarity,SCP,family_Polystyrenes,family,svr
1,72,0.8194444444444444,-0.0805555555555556,128.90805904702074,True,similarity,SCP,family_Polystyrenes,family,svr
2,37,0.8918918918918919,-0.008108108108108136,128.90805904702069,True,similarity,SCP,family_Polystyrenes,family,svr
3,2,1.0,0.09999999999999998,128.90805904702074,False,similarity,SCP,family_Polystyrenes,family,svr
4,2,1.0,0.09999999999999998,128.90805904702074,False,similarity,SCP,family_Polystyrenes,family,svr
Polystyrenes,250,0.704,-0.19600000000000006,128.90805904702074,True,family,SCP,family_Polystyrenes,family,svr
1,72,0.9722222222222222,0.07222222222222219,257.93428238292995,True,similarity,Mondrian-similarity,family_Polystyrenes,family,svr
2,37,0.972972972972973,0.072972972972973,173.34283756215908,True,similarity,Mondrian-similarity,family_Polystyrenes,family,svr
0,137,0.9927007299270073,0.09270072992700729,388.8059216780948,True,similarity,Mondrian-similarity,family_Polystyrenes,family,svr
3,2,1.0,0.09999999999999998,152.59715259388287,False,similarity,Mondrian-similarity,family_Polystyrenes,family,svr
4,2,1.0,0.09999999999999998,126.69236828339365,False,similarity,Mondrian-similarity,family_Polystyrenes,family,svr
Polystyrenes,250,0.984,0.08399999999999996,315.2397745320975,True,family,Mondrian-similarity,family_Polystyrenes,family,svr
0,137,0.583941605839416,-0.316058394160584,128.90805904702074,True,similarity,Mondrian-family,family_Polystyrenes,family,svr
1,72,0.8194444444444444,-0.0805555555555556,128.90805904702074,True,similarity,Mondrian-family,family_Polystyrenes,family,svr
2,37,0.8918918918918919,-0.008108108108108136,128.90805904702069,True,similarity,Mondrian-family,family_Polystyrenes,family,svr
3,2,1.0,0.09999999999999998,128.90805904702074,False,similarity,Mondrian-family,family_Polystyrenes,family,svr
4,2,1.0,0.09999999999999998,128.90805904702074,False,similarity,Mondrian-family,family_Polystyrenes,family,svr
Polystyrenes,250,0.704,-0.19600000000000006,128.90805904702074,True,family,Mondrian-family,family_Polystyrenes,family,svr
0,137,0.6642335766423357,-0.2357664233576643,141.53304672113802,True,similarity,Normalised SCP,family_Polystyrenes,family,svr
2,37,0.7297297297297297,-0.1702702702702703,103.77535137695165,True,similarity,Normalised SCP,family_Polystyrenes,family,svr
1,72,0.8472222222222222,-0.05277777777777781,132.3268480873412,True,similarity,Normalised SCP,family_Polystyrenes,family,svr
3,2,1.0,0.09999999999999998,127.23178655329613,False,similarity,Normalised SCP,family_Polystyrenes,family,svr
4,2,1.0,0.09999999999999998,105.85683093452968,False,similarity,Normalised SCP,family_Polystyrenes,family,svr
Polystyrenes,250,0.732,-0.16800000000000004,132.89370279602934,True,family,Normalised SCP,family_Polystyrenes,family,svr
0,137,0.6131386861313869,-0.28686131386861313,118.68899999999996,True,similarity,SCP,family_Polystyrenes,family,random_forest
1,72,0.8333333333333334,-0.06666666666666665,118.68899999999995,True,similarity,SCP,family_Polystyrenes,family,random_forest
2,37,0.9459459459459459,0.04594594594594592,118.689,True,similarity,SCP,family_Polystyrenes,family,random_forest
3,2,1.0,0.09999999999999998,118.68899999999996,False,similarity,SCP,family_Polystyrenes,family,random_forest
4,2,1.0,0.09999999999999998,118.68899999999996,False,similarity,SCP,family_Polystyrenes,family,random_forest
Polystyrenes,250,0.732,-0.16800000000000004,118.68899999999994,True,family,SCP,family_Polystyrenes,family,random_forest
2,37,0.972972972972973,0.072972972972973,158.39045999999982,True,similarity,Mondrian-similarity,family_Polystyrenes,family,random_forest
1,72,0.9861111111111112,0.08611111111111114,284.32320000000004,True,similarity,Mondrian-similarity,family_Polystyrenes,family,random_forest
0,137,0.9927007299270073,0.09270072992700729,331.87795999999986,True,similarity,Mondrian-similarity,family_Polystyrenes,family,random_forest
3,2,1.0,0.09999999999999998,145.06102,False,similarity,Mondrian-similarity,family_Polystyrenes,family,random_forest
4,2,1.0,0.09999999999999998,112.60659999999999,False,similarity,Mondrian-similarity,family_Polystyrenes,family,random_forest
Polystyrenes,250,0.988,0.08799999999999997,289.25733271999985,True,family,Mondrian-similarity,family_Polystyrenes,family,random_forest
0,137,0.6131386861313869,-0.28686131386861313,118.68899999999996,True,similarity,Mondrian-family,family_Polystyrenes,family,random_forest
1,72,0.8333333333333334,-0.06666666666666665,118.68899999999995,True,similarity,Mondrian-family,family_Polystyrenes,family,random_forest
2,37,0.9459459459459459,0.04594594594594592,118.689,True,similarity,Mondrian-family,family_Polystyrenes,family,random_forest
3,2,1.0,0.09999999999999998,118.68899999999996,False,similarity,Mondrian-family,family_Polystyrenes,family,random_forest
4,2,1.0,0.09999999999999998,118.68899999999996,False,similarity,Mondrian-family,family_Polystyrenes,family,random_forest
Polystyrenes,250,0.732,-0.16800000000000004,118.68899999999994,True,family,Mondrian-family,family_Polystyrenes,family,random_forest
0,137,0.6277372262773723,-0.27226277372262775,127.41221501328172,True,similarity,Normalised SCP,family_Polystyrenes,family,random_forest
2,37,0.7027027027027027,-0.19729729729729728,92.45323543598788,True,similarity,Normalised SCP,family_Polystyrenes,family,random_forest
1,72,0.8472222222222222,-0.05277777777777781,117.37525784539697,True,similarity,Normalised SCP,family_Polystyrenes,family,random_forest
3,2,1.0,0.09999999999999998,105.20298423994433,False,similarity,Normalised SCP,family_Polystyrenes,family,random_forest
4,2,1.0,0.09999999999999998,107.37479298671612,False,similarity,Normalised SCP,family_Polystyrenes,family,random_forest
Polystyrenes,250,0.708,-0.19200000000000006,119.0096691490922,True,family,Normalised SCP,family_Polystyrenes,family,random_forest
0,137,0.583941605839416,-0.316058394160584,106.05966030900817,True,similarity,SCP,family_Polystyrenes,family,hist_gbr
1,72,0.8055555555555556,-0.09444444444444444,106.05966030900818,True,similarity,SCP,family_Polystyrenes,family,hist_gbr
2,37,0.8378378378378378,-0.06216216216216219,106.05966030900814,True,similarity,SCP,family_Polystyrenes,family,hist_gbr
3,2,1.0,0.09999999999999998,106.05966030900817,False,similarity,SCP,family_Polystyrenes,family,hist_gbr
4,2,1.0,0.09999999999999998,106.05966030900817,False,similarity,SCP,family_Polystyrenes,family,hist_gbr
Polystyrenes,250,0.692,-0.20800000000000007,106.0596603090082,True,family,SCP,family_Polystyrenes,family,hist_gbr
4,2,0.5,-0.4,100.1771359574036,False,similarity,Mondrian-similarity,family_Polystyrenes,family,hist_gbr
2,37,0.9459459459459459,0.04594594594594592,136.27519618223315,True,similarity,Mondrian-similarity,family_Polystyrenes,family,hist_gbr
1,72,0.9722222222222222,0.07222222222222219,238.00201281996584,True,similarity,Mondrian-similarity,family_Polystyrenes,family,hist_gbr
0,137,0.9854014598540146,0.0854014598540146,314.09015589185213,True,similarity,Mondrian-similarity,family_Polystyrenes,family,hist_gbr
3,2,1.0,0.09999999999999998,137.90378301768436,False,similarity,Mondrian-similarity,family_Polystyrenes,family,hist_gbr
Polystyrenes,250,0.972,0.07199999999999995,262.73936150765627,True,family,Mondrian-similarity,family_Polystyrenes,family,hist_gbr
0,137,0.583941605839416,-0.316058394160584,106.05966030900817,True,similarity,Mondrian-family,family_Polystyrenes,family,hist_gbr
1,72,0.8055555555555556,-0.09444444444444444,106.05966030900818,True,similarity,Mondrian-family,family_Polystyrenes,family,hist_gbr
2,37,0.8378378378378378,-0.06216216216216219,106.05966030900814,True,similarity,Mondrian-family,family_Polystyrenes,family,hist_gbr
3,2,1.0,0.09999999999999998,106.05966030900817,False,similarity,Mondrian-family,family_Polystyrenes,family,hist_gbr
4,2,1.0,0.09999999999999998,106.05966030900817,False,similarity,Mondrian-family,family_Polystyrenes,family,hist_gbr
Polystyrenes,250,0.692,-0.20800000000000007,106.0596603090082,True,family,Mondrian-family,family_Polystyrenes,family,hist_gbr
0,137,0.6131386861313869,-0.28686131386861313,113.52131263621597,True,similarity,Normalised SCP,family_Polystyrenes,family,hist_gbr
1,72,0.7777777777777778,-0.12222222222222223,108.83376573142816,True,similarity,Normalised SCP,family_Polystyrenes,family,hist_gbr
2,37,0.8648648648648649,-0.03513513513513511,97.17181852320225,True,similarity,Normalised SCP,family_Polystyrenes,family,hist_gbr
3,2,1.0,0.09999999999999998,98.7661067016334,False,similarity,Normalised SCP,family_Polystyrenes,family,hist_gbr
4,2,1.0,0.09999999999999998,105.39443323110271,False,similarity,Normalised SCP,family_Polystyrenes,family,hist_gbr
Polystyrenes,250,0.704,-0.19600000000000006,109.56851731619348,True,family,Normalised SCP,family_Polystyrenes,family,hist_gbr
0,137,0.5547445255474452,-0.3452554744525548,115.1336,True,similarity,SCP,family_Polystyrenes,family,extra_trees
1,72,0.7777777777777778,-0.12222222222222223,115.13360000000002,True,similarity,SCP,family_Polystyrenes,family,extra_trees
2,37,0.8918918918918919,-0.008108108108108136,115.13360000000002,True,similarity,SCP,family_Polystyrenes,family,extra_trees
3,2,1.0,0.09999999999999998,115.1336,False,similarity,SCP,family_Polystyrenes,family,extra_trees
4,2,1.0,0.09999999999999998,115.1336,False,similarity,SCP,family_Polystyrenes,family,extra_trees
Polystyrenes,250,0.676,-0.22399999999999998,115.13360000000003,True,family,SCP,family_Polystyrenes,family,extra_trees
1,72,0.9722222222222222,0.07222222222222219,264.384,True,similarity,Mondrian-similarity,family_Polystyrenes,family,extra_trees
2,37,0.972972972972973,0.072972972972973,141.31094000000002,True,similarity,Mondrian-similarity,family_Polystyrenes,family,extra_trees
0,137,0.9927007299270073,0.09270072992700729,329.34220000000005,True,similarity,Mondrian-similarity,family_Polystyrenes,family,extra_trees
3,2,1.0,0.09999999999999998,142.8397999999999,False,similarity,Mondrian-similarity,family_Polystyrenes,family,extra_trees
4,2,1.0,0.09999999999999998,108.23899999999992,False,similarity,Mondrian-similarity,family_Polystyrenes,family,extra_trees
Polystyrenes,250,0.984,0.08399999999999996,279.54476711999996,True,family,Mondrian-similarity,family_Polystyrenes,family,extra_trees
0,137,0.5547445255474452,-0.3452554744525548,115.1336,True,similarity,Mondrian-family,family_Polystyrenes,family,extra_trees
1,72,0.7777777777777778,-0.12222222222222223,115.13360000000002,True,similarity,Mondrian-family,family_Polystyrenes,family,extra_trees
2,37,0.8918918918918919,-0.008108108108108136,115.13360000000002,True,similarity,Mondrian-family,family_Polystyrenes,family,extra_trees
3,2,1.0,0.09999999999999998,115.1336,False,similarity,Mondrian-family,family_Polystyrenes,family,extra_trees
4,2,1.0,0.09999999999999998,115.1336,False,similarity,Mondrian-family,family_Polystyrenes,family,extra_trees
Polystyrenes,250,0.676,-0.22399999999999998,115.13360000000003,True,family,Mondrian-family,family_Polystyrenes,family,extra_trees
0,137,0.5693430656934306,-0.3306569343065694,123.30335482283701,True,similarity,Normalised SCP,family_Polystyrenes,family,extra_trees
2,37,0.7027027027027027,-0.19729729729729728,95.3131883763228,True,similarity,Normalised SCP,family_Polystyrenes,family,extra_trees
1,72,0.75,-0.15000000000000002,114.50982250073922,True,similarity,Normalised SCP,family_Polystyrenes,family,extra_trees
3,2,1.0,0.09999999999999998,108.26190209511736,False,similarity,Normalised SCP,family_Polystyrenes,family,extra_trees
4,2,1.0,0.09999999999999998,93.36457824128001,False,similarity,Normalised SCP,family_Polystyrenes,family,extra_trees
Polystyrenes,250,0.648,-0.252,116.26843104551453,True,family,Normalised SCP,family_Polystyrenes,family,extra_trees
0,17,0.5294117647058824,-0.37058823529411766,358.0,True,similarity,SCP,family_Polysulfides,family,median
5,7,0.7142857142857143,-0.18571428571428572,358.0,False,similarity,SCP,family_Polysulfides,family,median
1,16,0.875,-0.025000000000000022,358.0,True,similarity,SCP,family_Polysulfides,family,median
2,13,0.9230769230769231,0.023076923076923106,358.0,True,similarity,SCP,family_Polysulfides,family,median
3,2,1.0,0.09999999999999998,358.0,False,similarity,SCP,family_Polysulfides,family,median
4,5,1.0,0.09999999999999998,358.0,False,similarity,SCP,family_Polysulfides,family,median
Polysulfides,60,0.7833333333333333,-0.1166666666666667,358.0,True,family,SCP,family_Polysulfides,family,median
0,17,0.5294117647058824,-0.37058823529411766,354.0,True,similarity,Mondrian-similarity,family_Polysulfides,family,median
5,7,0.7142857142857143,-0.18571428571428572,366.0,False,similarity,Mondrian-similarity,family_Polysulfides,family,median
1,16,0.9375,0.03749999999999998,366.0,True,similarity,Mondrian-similarity,family_Polysulfides,family,median
2,13,1.0,0.09999999999999998,398.0,True,similarity,Mondrian-similarity,family_Polysulfides,family,median
3,2,1.0,0.09999999999999998,337.1,False,similarity,Mondrian-similarity,family_Polysulfides,family,median
4,5,1.0,0.09999999999999998,354.0,False,similarity,Mondrian-similarity,family_Polysulfides,family,median
Polysulfides,60,0.8166666666666667,-0.08333333333333337,367.57,True,family,Mondrian-similarity,family_Polysulfides,family,median
0,17,0.5294117647058824,-0.37058823529411766,358.0,True,similarity,Mondrian-family,family_Polysulfides,family,median
5,7,0.7142857142857143,-0.18571428571428572,358.0,False,similarity,Mondrian-family,family_Polysulfides,family,median
1,16,0.875,-0.025000000000000022,358.0,True,similarity,Mondrian-family,family_Polysulfides,family,median
2,13,0.9230769230769231,0.023076923076923106,358.0,True,similarity,Mondrian-family,family_Polysulfides,family,median
3,2,1.0,0.09999999999999998,358.0,False,similarity,Mondrian-family,family_Polysulfides,family,median
4,5,1.0,0.09999999999999998,358.0,False,similarity,Mondrian-family,family_Polysulfides,family,median
Polysulfides,60,0.7833333333333333,-0.1166666666666667,358.0,True,family,Mondrian-family,family_Polysulfides,family,median
0,17,0.8823529411764706,-0.01764705882352946,416.98355590204835,True,similarity,Normalised SCP,family_Polysulfides,family,median
2,13,0.9230769230769231,0.023076923076923106,278.52341923932767,True,similarity,Normalised SCP,family_Polysulfides,family,median
1,16,0.9375,0.03749999999999998,295.3544542874174,True,similarity,Normalised SCP,family_Polysulfides,family,median
3,2,1.0,0.09999999999999998,154.65101054114783,False,similarity,Normalised SCP,family_Polysulfides,family,median
4,5,1.0,0.09999999999999998,330.22144036711285,False,similarity,Normalised SCP,family_Polysulfides,family,median
5,7,1.0,0.09999999999999998,515.0211037895323,False,similarity,Normalised SCP,family_Polysulfides,family,median
Polysulfides,60,0.9333333333333333,0.033333333333333326,350.0125519748224,True,family,Normalised SCP,family_Polysulfides,family,median
0,17,0.7647058823529411,-0.1352941176470589,139.16264195318251,True,similarity,SCP,family_Polysulfides,family,svr
1,16,0.8125,-0.08750000000000002,139.16264195318251,True,similarity,SCP,family_Polysulfides,family,svr
2,13,0.9230769230769231,0.023076923076923106,139.16264195318257,True,similarity,SCP,family_Polysulfides,family,svr
3,2,1.0,0.09999999999999998,139.16264195318251,False,similarity,SCP,family_Polysulfides,family,svr
4,5,1.0,0.09999999999999998,139.16264195318251,False,similarity,SCP,family_Polysulfides,family,svr
5,7,1.0,0.09999999999999998,139.16264195318251,False,similarity,SCP,family_Polysulfides,family,svr
Polysulfides,60,0.8666666666666667,-0.033333333333333326,139.16264195318251,True,family,SCP,family_Polysulfides,family,svr
1,16,0.9375,0.03749999999999998,233.3730774592965,True,similarity,Mondrian-similarity,family_Polysulfides,family,svr
2,13,1.0,0.09999999999999998,179.34014652272,True,similarity,Mondrian-similarity,family_Polysulfides,family,svr
0,17,1.0,0.09999999999999998,383.8025396722988,True,similarity,Mondrian-similarity,family_Polysulfides,family,svr
3,2,1.0,0.09999999999999998,167.34244501330886,False,similarity,Mondrian-similarity,family_Polysulfides,family,svr
4,5,1.0,0.09999999999999998,130.61221629872898,False,similarity,Mondrian-similarity,family_Polysulfides,family,svr
5,7,1.0,0.09999999999999998,106.2191475160441,False,similarity,Mondrian-similarity,family_Polysulfides,family,svr
Polysulfides,60,0.9833333333333333,0.08333333333333326,238.6885720450959,True,family,Mondrian-similarity,family_Polysulfides,family,svr
0,17,0.7647058823529411,-0.1352941176470589,139.16264195318251,True,similarity,Mondrian-family,family_Polysulfides,family,svr
1,16,0.8125,-0.08750000000000002,139.16264195318251,True,similarity,Mondrian-family,family_Polysulfides,family,svr
2,13,0.9230769230769231,0.023076923076923106,139.16264195318257,True,similarity,Mondrian-family,family_Polysulfides,family,svr
3,2,1.0,0.09999999999999998,139.16264195318251,False,similarity,Mondrian-family,family_Polysulfides,family,svr
4,5,1.0,0.09999999999999998,139.16264195318251,False,similarity,Mondrian-family,family_Polysulfides,family,svr
5,7,1.0,0.09999999999999998,139.16264195318251,False,similarity,Mondrian-family,family_Polysulfides,family,svr
Polysulfides,60,0.8666666666666667,-0.033333333333333326,139.16264195318251,True,family,Mondrian-family,family_Polysulfides,family,svr
0,17,0.7647058823529411,-0.1352941176470589,184.19425355357424,True,similarity,Normalised SCP,family_Polysulfides,family,svr
2,13,0.8461538461538461,-0.05384615384615388,142.17318229559098,True,similarity,Normalised SCP,family_Polysulfides,family,svr
1,16,0.9375,0.03749999999999998,171.3520258103539,True,similarity,Normalised SCP,family_Polysulfides,family,svr
3,2,1.0,0.09999999999999998,108.99953484121943,False,similarity,Normalised SCP,family_Polysulfides,family,svr
4,5,1.0,0.09999999999999998,131.27504817448883,False,similarity,Normalised SCP,family_Polysulfides,family,svr
5,7,1.0,0.09999999999999998,107.34472197635931,False,similarity,Normalised SCP,family_Polysulfides,family,svr
Polysulfides,60,0.8833333333333333,-0.01666666666666672,155.78289096014174,True,family,Normalised SCP,family_Polysulfides,family,svr
0,17,0.6470588235294118,-0.2529411764705882,131.05388,True,similarity,SCP,family_Polysulfides,family,random_forest
5,7,0.7142857142857143,-0.18571428571428572,131.05387999999996,False,similarity,SCP,family_Polysulfides,family,random_forest
1,16,0.75,-0.15000000000000002,131.05388,True,similarity,SCP,family_Polysulfides,family,random_forest
2,13,0.9230769230769231,0.023076923076923106,131.05387999999996,True,similarity,SCP,family_Polysulfides,family,random_forest
3,2,1.0,0.09999999999999998,131.05388,False,similarity,SCP,family_Polysulfides,family,random_forest
4,5,1.0,0.09999999999999998,131.05388,False,similarity,SCP,family_Polysulfides,family,random_forest
Polysulfides,60,0.7833333333333333,-0.1166666666666667,131.05388,True,family,SCP,family_Polysulfides,family,random_forest
5,7,0.7142857142857143,-0.18571428571428572,103.03319999999997,False,similarity,Mondrian-similarity,family_Polysulfides,family,random_forest
0,17,0.7647058823529411,-0.1352941176470589,221.84040000000005,True,similarity,Mondrian-similarity,family_Polysulfides,family,random_forest
4,5,0.8,-0.09999999999999998,125.4132,False,similarity,Mondrian-similarity,family_Polysulfides,family,random_forest
2,13,0.9230769230769231,0.023076923076923106,160.34017999999995,True,similarity,Mondrian-similarity,family_Polysulfides,family,random_forest
1,16,0.9375,0.03749999999999998,248.33232000000004,True,similarity,Mondrian-similarity,family_Polysulfides,family,random_forest
3,2,1.0,0.09999999999999998,152.4502600000008,False,similarity,Mondrian-similarity,family_Polysulfides,family,random_forest
Polysulfides,60,0.85,-0.050000000000000044,191.37041966666666,True,family,Mondrian-similarity,family_Polysulfides,family,random_forest
0,17,0.6470588235294118,-0.2529411764705882,131.05388,True,similarity,Mondrian-family,family_Polysulfides,family,random_forest
5,7,0.7142857142857143,-0.18571428571428572,131.05387999999996,False,similarity,Mondrian-family,family_Polysulfides,family,random_forest
1,16,0.75,-0.15000000000000002,131.05388,True,similarity,Mondrian-family,family_Polysulfides,family,random_forest
2,13,0.9230769230769231,0.023076923076923106,131.05387999999996,True,similarity,Mondrian-family,family_Polysulfides,family,random_forest
3,2,1.0,0.09999999999999998,131.05388,False,similarity,Mondrian-family,family_Polysulfides,family,random_forest
4,5,1.0,0.09999999999999998,131.05388,False,similarity,Mondrian-family,family_Polysulfides,family,random_forest
Polysulfides,60,0.7833333333333333,-0.1166666666666667,131.05388,True,family,Mondrian-family,family_Polysulfides,family,random_forest
0,17,0.7058823529411765,-0.1941176470588235,203.60533388474252,True,similarity,Normalised SCP,family_Polysulfides,family,random_forest
5,7,0.7142857142857143,-0.18571428571428572,97.49168500811717,False,similarity,Normalised SCP,family_Polysulfides,family,random_forest
1,16,0.875,-0.025000000000000022,193.98024561117717,True,similarity,Normalised SCP,family_Polysulfides,family,random_forest
2,13,0.9230769230769231,0.023076923076923106,158.3953366198039,True,similarity,Normalised SCP,family_Polysulfides,family,random_forest
3,2,1.0,0.09999999999999998,132.83777896203378,False,similarity,Normalised SCP,family_Polysulfides,family,random_forest
4,5,1.0,0.09999999999999998,170.02577454358808,False,similarity,Normalised SCP,family_Polysulfides,family,random_forest
Polysulfides,60,0.8333333333333334,-0.06666666666666665,173.7060034595956,True,family,Normalised SCP,family_Polysulfides,family,random_forest
0,17,0.5882352941176471,-0.31176470588235294,122.03144691261508,True,similarity,SCP,family_Polysulfides,family,hist_gbr
1,16,0.8125,-0.08750000000000002,122.03144691261508,True,similarity,SCP,family_Polysulfides,family,hist_gbr
5,7,0.8571428571428571,-0.04285714285714293,122.0314469126151,False,similarity,SCP,family_Polysulfides,family,hist_gbr
2,13,0.9230769230769231,0.023076923076923106,122.03144691261511,True,similarity,SCP,family_Polysulfides,family,hist_gbr
3,2,1.0,0.09999999999999998,122.03144691261508,False,similarity,SCP,family_Polysulfides,family,hist_gbr
4,5,1.0,0.09999999999999998,122.03144691261507,False,similarity,SCP,family_Polysulfides,family,hist_gbr
Polysulfides,60,0.8,-0.09999999999999998,122.03144691261511,True,family,SCP,family_Polysulfides,family,hist_gbr
5,7,0.7142857142857143,-0.18571428571428572,98.27477876400319,False,similarity,Mondrian-similarity,family_Polysulfides,family,hist_gbr
0,17,0.8235294117647058,-0.07647058823529418,261.03054778752573,True,similarity,Mondrian-similarity,family_Polysulfides,family,hist_gbr
2,13,0.9230769230769231,0.023076923076923106,147.5379912439457,True,similarity,Mondrian-similarity,family_Polysulfides,family,hist_gbr
1,16,0.9375,0.03749999999999998,231.21881572304665,True,similarity,Mondrian-similarity,family_Polysulfides,family,hist_gbr
3,2,1.0,0.09999999999999998,142.7608608880542,False,similarity,Mondrian-similarity,family_Polysulfides,family,hist_gbr
4,5,1.0,0.09999999999999998,110.44178822559267,False,similarity,Mondrian-similarity,family_Polysulfides,family,hist_gbr
Polysulfides,60,0.8833333333333333,-0.01666666666666672,193.0111394063346,True,family,Mondrian-similarity,family_Polysulfides,family,hist_gbr
0,17,0.5882352941176471,-0.31176470588235294,122.03144691261508,True,similarity,Mondrian-family,family_Polysulfides,family,hist_gbr
1,16,0.8125,-0.08750000000000002,122.03144691261508,True,similarity,Mondrian-family,family_Polysulfides,family,hist_gbr
5,7,0.8571428571428571,-0.04285714285714293,122.0314469126151,False,similarity,Mondrian-family,family_Polysulfides,family,hist_gbr
2,13,0.9230769230769231,0.023076923076923106,122.03144691261511,True,similarity,Mondrian-family,family_Polysulfides,family,hist_gbr
3,2,1.0,0.09999999999999998,122.03144691261508,False,similarity,Mondrian-family,family_Polysulfides,family,hist_gbr
4,5,1.0,0.09999999999999998,122.03144691261507,False,similarity,Mondrian-family,family_Polysulfides,family,hist_gbr
Polysulfides,60,0.8,-0.09999999999999998,122.03144691261511,True,family,Mondrian-family,family_Polysulfides,family,hist_gbr
0,17,0.7058823529411765,-0.1941176470588235,183.4745197721681,True,similarity,Normalised SCP,family_Polysulfides,family,hist_gbr
5,7,0.7142857142857143,-0.18571428571428572,93.50186759142596,False,similarity,Normalised SCP,family_Polysulfides,family,hist_gbr
2,13,0.9230769230769231,0.023076923076923106,139.30117901435148,True,similarity,Normalised SCP,family_Polysulfides,family,hist_gbr
1,16,0.9375,0.03749999999999998,158.51132198515364,True,similarity,Normalised SCP,family_Polysulfides,family,hist_gbr
3,2,1.0,0.09999999999999998,121.22105860689304,False,similarity,Normalised SCP,family_Polysulfides,family,hist_gbr
4,5,1.0,0.09999999999999998,147.79042199689752,False,similarity,Normalised SCP,family_Polysulfides,family,hist_gbr
Polysulfides,60,0.85,-0.050000000000000044,151.70117692356902,True,family,Normalised SCP,family_Polysulfides,family,hist_gbr
4,5,0.6,-0.30000000000000004,123.41080000000011,False,similarity,SCP,family_Polysulfides,family,extra_trees
0,17,0.6470588235294118,-0.2529411764705882,123.41080000000008,True,similarity,SCP,family_Polysulfides,family,extra_trees
1,16,0.75,-0.15000000000000002,123.41080000000011,True,similarity,SCP,family_Polysulfides,family,extra_trees
2,13,0.8461538461538461,-0.05384615384615388,123.41080000000011,True,similarity,SCP,family_Polysulfides,family,extra_trees
3,2,1.0,0.09999999999999998,123.41080000000011,False,similarity,SCP,family_Polysulfides,family,extra_trees
5,7,1.0,0.09999999999999998,123.41080000000011,False,similarity,SCP,family_Polysulfides,family,extra_trees
Polysulfides,60,0.7666666666666667,-0.1333333333333333,123.41080000000008,True,family,SCP,family_Polysulfides,family,extra_trees
4,5,0.6,-0.30000000000000004,121.87180000000012,False,similarity,Mondrian-similarity,family_Polysulfides,family,extra_trees
5,7,0.7142857142857143,-0.18571428571428572,93.00840000000005,False,similarity,Mondrian-similarity,family_Polysulfides,family,extra_trees
0,17,0.7647058823529411,-0.1352941176470589,208.19664,True,similarity,Mondrian-similarity,family_Polysulfides,family,extra_trees
2,13,0.9230769230769231,0.023076923076923106,166.613,True,similarity,Mondrian-similarity,family_Polysulfides,family,extra_trees
1,16,0.9375,0.03749999999999998,254.73712000000006,True,similarity,Mondrian-similarity,family_Polysulfides,family,extra_trees
3,2,1.0,0.09999999999999998,138.8012,False,similarity,Mondrian-similarity,family_Polysulfides,family,extra_trees
Polysulfides,60,0.8333333333333334,-0.06666666666666665,188.65210000000005,True,family,Mondrian-similarity,family_Polysulfides,family,extra_trees
4,5,0.6,-0.30000000000000004,123.41080000000011,False,similarity,Mondrian-family,family_Polysulfides,family,extra_trees
0,17,0.6470588235294118,-0.2529411764705882,123.41080000000008,True,similarity,Mondrian-family,family_Polysulfides,family,extra_trees
1,16,0.75,-0.15000000000000002,123.41080000000011,True,similarity,Mondrian-family,family_Polysulfides,family,extra_trees
2,13,0.8461538461538461,-0.05384615384615388,123.41080000000011,True,similarity,Mondrian-family,family_Polysulfides,family,extra_trees
3,2,1.0,0.09999999999999998,123.41080000000011,False,similarity,Mondrian-family,family_Polysulfides,family,extra_trees
5,7,1.0,0.09999999999999998,123.41080000000011,False,similarity,Mondrian-family,family_Polysulfides,family,extra_trees
Polysulfides,60,0.7666666666666667,-0.1333333333333333,123.41080000000008,True,family,Mondrian-family,family_Polysulfides,family,extra_trees
0,17,0.7058823529411765,-0.1941176470588235,175.01746602605297,True,similarity,Normalised SCP,family_Polysulfides,family,extra_trees
5,7,0.7142857142857143,-0.18571428571428572,93.12709635455087,False,similarity,Normalised SCP,family_Polysulfides,family,extra_trees
1,16,0.8125,-0.08750000000000002,162.50142557621956,True,similarity,Normalised SCP,family_Polysulfides,family,extra_trees
2,13,0.9230769230769231,0.023076923076923106,142.16893794425795,True,similarity,Normalised SCP,family_Polysulfides,family,extra_trees
3,2,1.0,0.09999999999999998,127.86364329012088,False,similarity,Normalised SCP,family_Polysulfides,family,extra_trees
4,5,1.0,0.09999999999999998,129.81533808609134,False,similarity,Normalised SCP,family_Polysulfides,family,extra_trees
Polysulfides,60,0.8166666666666667,-0.08333333333333337,149.67015960717205,True,family,Normalised SCP,family_Polysulfides,family,extra_trees
5,13,0.8461538461538461,-0.05384615384615388,363.5,True,similarity,SCP,family_Polysulfones,family,median
4,39,0.9230769230769231,0.023076923076923106,363.5,True,similarity,SCP,family_Polysulfones,family,median
0,31,0.967741935483871,0.06774193548387097,363.5,True,similarity,SCP,family_Polysulfones,family,median
3,38,0.9736842105263158,0.0736842105263158,363.5,True,similarity,SCP,family_Polysulfones,family,median
1,54,0.9814814814814815,0.08148148148148149,363.5,True,similarity,SCP,family_Polysulfones,family,median
2,57,0.9824561403508771,0.08245614035087712,363.5,True,similarity,SCP,family_Polysulfones,family,median
Polysulfones,232,0.9612068965517241,0.061206896551724066,363.5,True,family,SCP,family_Polysulfones,family,median
5,13,0.8461538461538461,-0.05384615384615388,367.5,True,similarity,Mondrian-similarity,family_Polysulfones,family,median
4,39,0.9230769230769231,0.023076923076923106,387.5,True,similarity,Mondrian-similarity,family_Polysulfones,family,median
2,57,0.9649122807017544,0.06491228070175437,318.5,True,similarity,Mondrian-similarity,family_Polysulfones,family,median
0,31,0.967741935483871,0.06774193548387097,384.5,True,similarity,Mondrian-similarity,family_Polysulfones,family,median
3,38,0.9736842105263158,0.0736842105263158,342.5,True,similarity,Mondrian-similarity,family_Polysulfones,family,median
1,54,0.9814814814814815,0.08148148148148149,369.75,True,similarity,Mondrian-similarity,family_Polysulfones,family,median
Polysulfones,232,0.9568965517241379,0.05689655172413788,357.52370689655174,True,family,Mondrian-similarity,family_Polysulfones,family,median
5,13,0.8461538461538461,-0.05384615384615388,363.5,True,similarity,Mondrian-family,family_Polysulfones,family,median
4,39,0.9230769230769231,0.023076923076923106,363.5,True,similarity,Mondrian-family,family_Polysulfones,family,median
0,31,0.967741935483871,0.06774193548387097,363.5,True,similarity,Mondrian-family,family_Polysulfones,family,median
3,38,0.9736842105263158,0.0736842105263158,363.5,True,similarity,Mondrian-family,family_Polysulfones,family,median
1,54,0.9814814814814815,0.08148148148148149,363.5,True,similarity,Mondrian-family,family_Polysulfones,family,median
2,57,0.9824561403508771,0.08245614035087712,363.5,True,similarity,Mondrian-family,family_Polysulfones,family,median
Polysulfones,232,0.9612068965517241,0.061206896551724066,363.5,True,family,Mondrian-family,family_Polysulfones,family,median
0,31,0.8709677419354839,-0.029032258064516148,290.39633679771725,True,similarity,Normalised SCP,family_Polysulfones,family,median
1,54,0.9259259259259259,0.025925925925925908,275.65873881130597,True,similarity,Normalised SCP,family_Polysulfones,family,median
2,57,0.9298245614035088,0.029824561403508754,261.56780807105605,True,similarity,Normalised SCP,family_Polysulfones,family,median
3,38,0.9473684210526315,0.047368421052631504,278.6783932529386,True,similarity,Normalised SCP,family_Polysulfones,family,median
4,39,0.9743589743589743,0.07435897435897432,357.86230069939506,True,similarity,Normalised SCP,family_Polysulfones,family,median
5,13,1.0,0.09999999999999998,312.19589650939764,True,similarity,Normalised SCP,family_Polysulfones,family,median
Polysulfones,232,0.9353448275862069,0.03534482758620683,290.52663242284564,True,family,Normalised SCP,family_Polysulfones,family,median
1,54,0.7777777777777778,-0.12222222222222223,135.9990154292503,True,similarity,SCP,family_Polysulfones,family,svr
0,31,0.8387096774193549,-0.06129032258064515,135.99901542925033,True,similarity,SCP,family_Polysulfones,family,svr
2,57,0.8596491228070176,-0.04035087719298247,135.99901542925033,True,similarity,SCP,family_Polysulfones,family,svr
5,13,0.9230769230769231,0.023076923076923106,135.99901542925036,True,similarity,SCP,family_Polysulfones,family,svr
3,38,0.9736842105263158,0.0736842105263158,135.99901542925028,True,similarity,SCP,family_Polysulfones,family,svr
4,39,0.9743589743589743,0.07435897435897432,135.99901542925028,True,similarity,SCP,family_Polysulfones,family,svr
Polysulfones,232,0.8793103448275862,-0.020689655172413834,135.9990154292504,True,family,SCP,family_Polysulfones,family,svr
2,57,0.9122807017543859,0.012280701754385892,156.16989465428975,True,similarity,Mondrian-similarity,family_Polysulfones,family,svr
5,13,0.9230769230769231,0.023076923076923106,102.71242571361186,True,similarity,Mondrian-similarity,family_Polysulfones,family,svr
0,31,0.967741935483871,0.06774193548387097,289.4691331455689,True,similarity,Mondrian-similarity,family_Polysulfones,family,svr
3,38,0.9736842105263158,0.0736842105263158,179.8790807170324,True,similarity,Mondrian-similarity,family_Polysulfones,family,svr
4,39,0.9743589743589743,0.07435897435897432,134.73688244766382,True,similarity,Mondrian-similarity,family_Polysulfones,family,svr
1,54,0.9814814814814815,0.08148148148148149,234.55802742134634,True,similarity,Mondrian-similarity,family_Polysulfones,family,svr
Polysulfones,232,0.9568965517241379,0.05689655172413788,189.5119207782023,True,family,Mondrian-similarity,family_Polysulfones,family,svr
1,54,0.7777777777777778,-0.12222222222222223,135.9990154292503,True,similarity,Mondrian-family,family_Polysulfones,family,svr
0,31,0.8387096774193549,-0.06129032258064515,135.99901542925033,True,similarity,Mondrian-family,family_Polysulfones,family,svr
2,57,0.8596491228070176,-0.04035087719298247,135.99901542925033,True,similarity,Mondrian-family,family_Polysulfones,family,svr
5,13,0.9230769230769231,0.023076923076923106,135.99901542925036,True,similarity,Mondrian-family,family_Polysulfones,family,svr
3,38,0.9736842105263158,0.0736842105263158,135.99901542925028,True,similarity,Mondrian-family,family_Polysulfones,family,svr
4,39,0.9743589743589743,0.07435897435897432,135.99901542925028,True,similarity,Mondrian-family,family_Polysulfones,family,svr
Polysulfones,232,0.8793103448275862,-0.020689655172413834,135.9990154292504,True,family,Mondrian-family,family_Polysulfones,family,svr
1,54,0.6851851851851852,-0.2148148148148148,121.12329147101498,True,similarity,Normalised SCP,family_Polysulfones,family,svr
2,57,0.7894736842105263,-0.1105263157894737,124.91490886813631,True,similarity,Normalised SCP,family_Polysulfones,family,svr
0,31,0.8387096774193549,-0.06129032258064515,155.62581668205658,True,similarity,Normalised SCP,family_Polysulfones,family,svr
3,38,0.9210526315789473,0.021052631578947323,118.3874302559299,True,similarity,Normalised SCP,family_Polysulfones,family,svr
4,39,0.9230769230769231,0.023076923076923106,110.22831973296564,True,similarity,Normalised SCP,family_Polysulfones,family,svr
5,13,1.0,0.09999999999999998,101.87964463439923,True,similarity,Normalised SCP,family_Polysulfones,family,svr
Polysulfones,232,0.8275862068965517,-0.07241379310344831,123.30719854146776,True,family,Normalised SCP,family_Polysulfones,family,svr
0,31,0.6129032258064516,-0.2870967741935484,125.35750000000003,True,similarity,SCP,family_Polysulfones,family,random_forest
2,57,0.6666666666666666,-0.2333333333333334,125.35750000000004,True,similarity,SCP,family_Polysulfones,family,random_forest
1,54,0.7222222222222222,-0.1777777777777778,125.35750000000004,True,similarity,SCP,family_Polysulfones,family,random_forest
3,38,0.8157894736842105,-0.08421052631578951,125.35750000000003,True,similarity,SCP,family_Polysulfones,family,random_forest
4,39,0.9487179487179487,0.048717948717948656,125.35750000000003,True,similarity,SCP,family_Polysulfones,family,random_forest
5,13,1.0,0.09999999999999998,125.35750000000004,True,similarity,SCP,family_Polysulfones,family,random_forest
Polysulfones,232,0.7629310344827587,-0.13706896551724135,125.35750000000004,True,family,SCP,family_Polysulfones,family,random_forest
2,57,0.7543859649122807,-0.1456140350877193,145.01432,True,similarity,Mondrian-similarity,family_Polysulfones,family,random_forest
4,39,0.8974358974358975,-0.002564102564102555,118.4948000000001,True,similarity,Mondrian-similarity,family_Polysulfones,family,random_forest
3,38,0.9210526315789473,0.021052631578947323,154.94340000000034,True,similarity,Mondrian-similarity,family_Polysulfones,family,random_forest
5,13,0.9230769230769231,0.023076923076923106,100.63196000000006,True,similarity,Mondrian-similarity,family_Polysulfones,family,random_forest
1,54,0.9259259259259259,0.025925925925925908,204.20955999999993,True,similarity,Mondrian-similarity,family_Polysulfones,family,random_forest
0,31,0.967741935483871,0.06774193548387097,288.86928000000006,True,similarity,Mondrian-similarity,family_Polysulfones,family,random_forest
Polysulfones,232,0.8836206896551724,-0.016379310344827647,172.69587086206903,True,family,Mondrian-similarity,family_Polysulfones,family,random_forest
0,31,0.6129032258064516,-0.2870967741935484,125.35750000000003,True,similarity,Mondrian-family,family_Polysulfones,family,random_forest
2,57,0.6666666666666666,-0.2333333333333334,125.35750000000004,True,similarity,Mondrian-family,family_Polysulfones,family,random_forest
1,54,0.7222222222222222,-0.1777777777777778,125.35750000000004,True,similarity,Mondrian-family,family_Polysulfones,family,random_forest
3,38,0.8157894736842105,-0.08421052631578951,125.35750000000003,True,similarity,Mondrian-family,family_Polysulfones,family,random_forest
4,39,0.9487179487179487,0.048717948717948656,125.35750000000003,True,similarity,Mondrian-family,family_Polysulfones,family,random_forest
5,13,1.0,0.09999999999999998,125.35750000000004,True,similarity,Mondrian-family,family_Polysulfones,family,random_forest
Polysulfones,232,0.7629310344827587,-0.13706896551724135,125.35750000000004,True,family,Mondrian-family,family_Polysulfones,family,random_forest
2,57,0.6140350877192983,-0.28596491228070176,124.0247259888097,True,similarity,Normalised SCP,family_Polysulfones,family,random_forest
0,31,0.6774193548387096,-0.2225806451612904,147.14128248316584,True,similarity,Normalised SCP,family_Polysulfones,family,random_forest
1,54,0.7407407407407407,-0.15925925925925932,127.85565472697807,True,similarity,Normalised SCP,family_Polysulfones,family,random_forest
3,38,0.7631578947368421,-0.13684210526315788,113.29120689696087,True,similarity,Normalised SCP,family_Polysulfones,family,random_forest
4,39,0.8717948717948718,-0.028205128205128216,121.24332125264412,True,similarity,Normalised SCP,family_Polysulfones,family,random_forest
5,13,1.0,0.09999999999999998,109.45880905009996,True,similarity,Normalised SCP,family_Polysulfones,family,random_forest
Polysulfones,232,0.7413793103448276,-0.1586206896551724,124.96342414735365,True,family,Normalised SCP,family_Polysulfones,family,random_forest
2,57,0.7368421052631579,-0.16315789473684217,123.04998062760097,True,similarity,SCP,family_Polysulfones,family,hist_gbr
0,31,0.7419354838709677,-0.15806451612903227,123.04998062760102,True,similarity,SCP,family_Polysulfones,family,hist_gbr
1,54,0.8703703703703703,-0.029629629629629672,123.04998062760097,True,similarity,SCP,family_Polysulfones,family,hist_gbr
3,38,0.9210526315789473,0.021052631578947323,123.049980627601,True,similarity,SCP,family_Polysulfones,family,hist_gbr
4,39,0.9487179487179487,0.048717948717948656,123.049980627601,True,similarity,SCP,family_Polysulfones,family,hist_gbr
5,13,1.0,0.09999999999999998,123.04998062760097,True,similarity,SCP,family_Polysulfones,family,hist_gbr
Polysulfones,232,0.8491379310344828,-0.05086206896551726,123.04998062760095,True,family,SCP,family_Polysulfones,family,hist_gbr
2,57,0.8421052631578947,-0.05789473684210533,145.88339769443613,True,similarity,Mondrian-similarity,family_Polysulfones,family,hist_gbr
3,38,0.9210526315789473,0.021052631578947323,139.4460732197729,True,similarity,Mondrian-similarity,family_Polysulfones,family,hist_gbr
4,39,0.9230769230769231,0.023076923076923106,115.09237485050224,True,similarity,Mondrian-similarity,family_Polysulfones,family,hist_gbr
1,54,0.9629629629629629,0.06296296296296289,228.54258750386765,True,similarity,Mondrian-similarity,family_Polysulfones,family,hist_gbr
0,31,0.967741935483871,0.06774193548387097,293.15106327787026,True,similarity,Mondrian-similarity,family_Polysulfones,family,hist_gbr
5,13,1.0,0.09999999999999998,91.80252188978012,True,similarity,Mondrian-similarity,family_Polysulfones,family,hist_gbr
Polysulfones,232,0.9224137931034483,0.022413793103448265,175.5401833685077,True,family,Mondrian-similarity,family_Polysulfones,family,hist_gbr
2,57,0.7368421052631579,-0.16315789473684217,123.04998062760097,True,similarity,Mondrian-family,family_Polysulfones,family,hist_gbr
0,31,0.7419354838709677,-0.15806451612903227,123.04998062760102,True,similarity,Mondrian-family,family_Polysulfones,family,hist_gbr
1,54,0.8703703703703703,-0.029629629629629672,123.04998062760097,True,similarity,Mondrian-family,family_Polysulfones,family,hist_gbr
3,38,0.9210526315789473,0.021052631578947323,123.049980627601,True,similarity,Mondrian-family,family_Polysulfones,family,hist_gbr
4,39,0.9487179487179487,0.048717948717948656,123.049980627601,True,similarity,Mondrian-family,family_Polysulfones,family,hist_gbr
5,13,1.0,0.09999999999999998,123.04998062760097,True,similarity,Mondrian-family,family_Polysulfones,family,hist_gbr
Polysulfones,232,0.8491379310344828,-0.05086206896551726,123.04998062760095,True,family,Mondrian-family,family_Polysulfones,family,hist_gbr
2,57,0.7543859649122807,-0.1456140350877193,119.69816667922332,True,similarity,Normalised SCP,family_Polysulfones,family,hist_gbr
1,54,0.8148148148148148,-0.08518518518518525,122.26047221419476,True,similarity,Normalised SCP,family_Polysulfones,family,hist_gbr
0,31,0.8387096774193549,-0.06129032258064515,139.3779498115039,True,similarity,Normalised SCP,family_Polysulfones,family,hist_gbr
3,38,0.868421052631579,-0.03157894736842104,110.33119579513638,True,similarity,Normalised SCP,family_Polysulfones,family,hist_gbr
4,39,0.8974358974358975,-0.002564102564102555,114.02062808393862,True,similarity,Normalised SCP,family_Polysulfones,family,hist_gbr
5,13,1.0,0.09999999999999998,99.54556975911746,True,similarity,Normalised SCP,family_Polysulfones,family,hist_gbr
Polysulfones,232,0.8362068965517241,-0.06379310344827593,119.30629218446632,True,family,Normalised SCP,family_Polysulfones,family,hist_gbr
0,31,0.7419354838709677,-0.15806451612903227,122.59839999999997,True,similarity,SCP,family_Polysulfones,family,extra_trees
2,57,0.7894736842105263,-0.1105263157894737,122.59839999999998,True,similarity,SCP,family_Polysulfones,family,extra_trees
1,54,0.8333333333333334,-0.06666666666666665,122.59839999999998,True,similarity,SCP,family_Polysulfones,family,extra_trees
3,38,0.8421052631578947,-0.05789473684210533,122.59839999999997,True,similarity,SCP,family_Polysulfones,family,extra_trees
4,39,0.9487179487179487,0.048717948717948656,122.59839999999997,True,similarity,SCP,family_Polysulfones,family,extra_trees
5,13,1.0,0.09999999999999998,122.59840000000001,True,similarity,SCP,family_Polysulfones,family,extra_trees
Polysulfones,232,0.8405172413793104,-0.059482758620689635,122.59840000000001,True,family,SCP,family_Polysulfones,family,extra_trees
5,13,0.7692307692307693,-0.13076923076923075,90.55880000000002,True,similarity,Mondrian-similarity,family_Polysulfones,family,extra_trees
2,57,0.8421052631578947,-0.05789473684210533,149.79721999999992,True,similarity,Mondrian-similarity,family_Polysulfones,family,extra_trees
0,31,0.9032258064516129,0.003225806451612856,208.93879999999996,True,similarity,Mondrian-similarity,family_Polysulfones,family,extra_trees
1,54,0.9259259259259259,0.025925925925925908,212.4608000000001,True,similarity,Mondrian-similarity,family_Polysulfones,family,extra_trees
4,39,0.9487179487179487,0.048717948717948656,117.24740000000006,True,similarity,Mondrian-similarity,family_Polysulfones,family,extra_trees
3,38,0.9736842105263158,0.0736842105263158,156.64394,True,similarity,Mondrian-similarity,family_Polysulfones,family,extra_trees
Polysulfones,232,0.9051724137931034,0.005172413793103403,164.61556146551723,True,family,Mondrian-similarity,family_Polysulfones,family,extra_trees
0,31,0.7419354838709677,-0.15806451612903227,122.59839999999997,True,similarity,Mondrian-family,family_Polysulfones,family,extra_trees
2,57,0.7894736842105263,-0.1105263157894737,122.59839999999998,True,similarity,Mondrian-family,family_Polysulfones,family,extra_trees
1,54,0.8333333333333334,-0.06666666666666665,122.59839999999998,True,similarity,Mondrian-family,family_Polysulfones,family,extra_trees
3,38,0.8421052631578947,-0.05789473684210533,122.59839999999997,True,similarity,Mondrian-family,family_Polysulfones,family,extra_trees
4,39,0.9487179487179487,0.048717948717948656,122.59839999999997,True,similarity,Mondrian-family,family_Polysulfones,family,extra_trees
5,13,1.0,0.09999999999999998,122.59840000000001,True,similarity,Mondrian-family,family_Polysulfones,family,extra_trees
Polysulfones,232,0.8405172413793104,-0.059482758620689635,122.59840000000001,True,family,Mondrian-family,family_Polysulfones,family,extra_trees
0,31,0.7419354838709677,-0.15806451612903227,135.402203229265,True,similarity,Normalised SCP,family_Polysulfones,family,extra_trees
2,57,0.8070175438596491,-0.09298245614035094,125.41384154564868,True,similarity,Normalised SCP,family_Polysulfones,family,extra_trees
3,38,0.8421052631578947,-0.05789473684210533,116.93719164191955,True,similarity,Normalised SCP,family_Polysulfones,family,extra_trees
1,54,0.8518518518518519,-0.04814814814814816,132.64726542384437,True,similarity,Normalised SCP,family_Polysulfones,family,extra_trees
4,39,0.9230769230769231,0.023076923076923106,119.761249878593,True,similarity,Normalised SCP,family_Polysulfones,family,extra_trees
5,13,1.0,0.09999999999999998,94.12800889884058,True,similarity,Normalised SCP,family_Polysulfones,family,extra_trees
Polysulfones,232,0.8448275862068966,-0.05517241379310345,124.3404126915508,True,family,Normalised SCP,family_Polysulfones,family,extra_trees
2,21,0.9523809523809523,0.052380952380952306,364.0,True,similarity,SCP,family_Polyureas,family,median
0,6,1.0,0.09999999999999998,364.0,False,similarity,SCP,family_Polyureas,family,median
3,8,1.0,0.09999999999999998,364.0,False,similarity,SCP,family_Polyureas,family,median
1,4,1.0,0.09999999999999998,364.0,False,similarity,SCP,family_Polyureas,family,median
4,2,1.0,0.09999999999999998,364.0,False,similarity,SCP,family_Polyureas,family,median
5,2,1.0,0.09999999999999998,364.0,False,similarity,SCP,family_Polyureas,family,median
Polyureas,43,0.9767441860465116,0.07674418604651156,364.0,True,family,SCP,family_Polyureas,family,median
2,21,0.9523809523809523,0.052380952380952306,350.0,True,similarity,Mondrian-similarity,family_Polyureas,family,median
0,6,1.0,0.09999999999999998,382.0,False,similarity,Mondrian-similarity,family_Polyureas,family,median
3,8,1.0,0.09999999999999998,360.0,False,similarity,Mondrian-similarity,family_Polyureas,family,median
1,4,1.0,0.09999999999999998,326.0,False,similarity,Mondrian-similarity,family_Polyureas,family,median
4,2,1.0,0.09999999999999998,352.0,False,similarity,Mondrian-similarity,family_Polyureas,family,median
5,2,1.0,0.09999999999999998,376.0,False,similarity,Mondrian-similarity,family_Polyureas,family,median
Polyureas,43,0.9767441860465116,0.07674418604651156,355.3953488372093,True,family,Mondrian-similarity,family_Polyureas,family,median
2,21,0.9523809523809523,0.052380952380952306,364.0,True,similarity,Mondrian-family,family_Polyureas,family,median
0,6,1.0,0.09999999999999998,364.0,False,similarity,Mondrian-family,family_Polyureas,family,median
3,8,1.0,0.09999999999999998,364.0,False,similarity,Mondrian-family,family_Polyureas,family,median
1,4,1.0,0.09999999999999998,364.0,False,similarity,Mondrian-family,family_Polyureas,family,median
4,2,1.0,0.09999999999999998,364.0,False,similarity,Mondrian-family,family_Polyureas,family,median
5,2,1.0,0.09999999999999998,364.0,False,similarity,Mondrian-family,family_Polyureas,family,median
Polyureas,43,0.9767441860465116,0.07674418604651156,364.0,True,family,Mondrian-family,family_Polyureas,family,median
5,2,0.5,-0.4,164.5383925531958,False,similarity,Normalised SCP,family_Polyureas,family,median
4,2,0.5,-0.4,185.08381627313273,False,similarity,Normalised SCP,family_Polyureas,family,median
0,6,0.6666666666666666,-0.2333333333333334,235.66666841589645,False,similarity,Normalised SCP,family_Polyureas,family,median
2,21,0.7142857142857143,-0.18571428571428572,238.0922229748078,True,similarity,Normalised SCP,family_Polyureas,family,median
1,4,0.75,-0.15000000000000002,351.97495146703295,False,similarity,Normalised SCP,family_Polyureas,family,median
3,8,0.75,-0.15000000000000002,336.69872690722934,False,similarity,Normalised SCP,family_Polyureas,family,median
Polyureas,43,0.6976744186046512,-0.20232558139534884,260.8062960870922,True,family,Normalised SCP,family_Polyureas,family,median
2,21,0.2857142857142857,-0.6142857142857143,138.54109696315564,True,similarity,SCP,family_Polyureas,family,svr
3,8,0.375,-0.525,138.5410969631556,False,similarity,SCP,family_Polyureas,family,svr
1,4,0.75,-0.15000000000000002,138.5410969631556,False,similarity,SCP,family_Polyureas,family,svr
0,6,0.8333333333333334,-0.06666666666666665,138.5410969631556,False,similarity,SCP,family_Polyureas,family,svr
4,2,1.0,0.09999999999999998,138.5410969631556,False,similarity,SCP,family_Polyureas,family,svr
5,2,1.0,0.09999999999999998,138.5410969631556,False,similarity,SCP,family_Polyureas,family,svr
Polyureas,43,0.4883720930232558,-0.41162790697674423,138.5410969631556,True,family,SCP,family_Polyureas,family,svr
2,21,0.2857142857142857,-0.6142857142857143,142.3471149984022,True,similarity,Mondrian-similarity,family_Polyureas,family,svr
3,8,0.5,-0.4,166.9545021171977,False,similarity,Mondrian-similarity,family_Polyureas,family,svr
5,2,0.5,-0.4,106.0355294402766,False,similarity,Mondrian-similarity,family_Polyureas,family,svr
0,6,1.0,0.09999999999999998,261.7418679769953,False,similarity,Mondrian-similarity,family_Polyureas,family,svr
1,4,1.0,0.09999999999999998,213.9767791560932,False,similarity,Mondrian-similarity,family_Polyureas,family,svr
4,2,1.0,0.09999999999999998,125.06631969218927,False,similarity,Mondrian-similarity,family_Polyureas,family,svr
Polyureas,43,0.5348837209302325,-0.3651162790697675,167.75552220128617,True,family,Mondrian-similarity,family_Polyureas,family,svr
2,21,0.2857142857142857,-0.6142857142857143,138.54109696315564,True,similarity,Mondrian-family,family_Polyureas,family,svr
3,8,0.375,-0.525,138.5410969631556,False,similarity,Mondrian-family,family_Polyureas,family,svr
1,4,0.75,-0.15000000000000002,138.5410969631556,False,similarity,Mondrian-family,family_Polyureas,family,svr
0,6,0.8333333333333334,-0.06666666666666665,138.5410969631556,False,similarity,Mondrian-family,family_Polyureas,family,svr
4,2,1.0,0.09999999999999998,138.5410969631556,False,similarity,Mondrian-family,family_Polyureas,family,svr
5,2,1.0,0.09999999999999998,138.5410969631556,False,similarity,Mondrian-family,family_Polyureas,family,svr
Polyureas,43,0.4883720930232558,-0.41162790697674423,138.5410969631556,True,family,Mondrian-family,family_Polyureas,family,svr
3,8,0.25,-0.65,112.77801569897657,False,similarity,Normalised SCP,family_Polyureas,family,svr
2,21,0.3333333333333333,-0.5666666666666667,124.20322197231685,True,similarity,Normalised SCP,family_Polyureas,family,svr
1,4,0.75,-0.15000000000000002,150.29396741687887,False,similarity,Normalised SCP,family_Polyureas,family,svr
0,6,0.8333333333333334,-0.06666666666666665,149.72200716363733,False,similarity,Normalised SCP,family_Polyureas,family,svr
4,2,1.0,0.09999999999999998,133.3512605983971,False,similarity,Normalised SCP,family_Polyureas,family,svr
5,2,1.0,0.09999999999999998,156.84437975821925,False,similarity,Normalised SCP,family_Polyureas,family,svr
Polyureas,43,0.4883720930232558,-0.41162790697674423,130.00909256681484,True,family,Normalised SCP,family_Polyureas,family,svr
1,4,0.25,-0.65,132.33971999999994,False,similarity,SCP,family_Polyureas,family,random_forest
2,21,0.47619047619047616,-0.42380952380952386,132.33971999999994,True,similarity,SCP,family_Polyureas,family,random_forest
0,6,0.6666666666666666,-0.2333333333333334,132.33971999999997,False,similarity,SCP,family_Polyureas,family,random_forest
3,8,0.875,-0.025000000000000022,132.33971999999994,False,similarity,SCP,family_Polyureas,family,random_forest
4,2,1.0,0.09999999999999998,132.33971999999994,False,similarity,SCP,family_Polyureas,family,random_forest
5,2,1.0,0.09999999999999998,132.33971999999994,False,similarity,SCP,family_Polyureas,family,random_forest
Polyureas,43,0.6046511627906976,-0.2953488372093024,132.33971999999994,True,family,SCP,family_Polyureas,family,random_forest
2,21,0.5238095238095238,-0.3761904761904762,145.79520000000002,True,similarity,Mondrian-similarity,family_Polyureas,family,random_forest
3,8,0.875,-0.025000000000000022,156.08743999999996,False,similarity,Mondrian-similarity,family_Polyureas,family,random_forest
0,6,1.0,0.09999999999999998,226.91560000000007,False,similarity,Mondrian-similarity,family_Polyureas,family,random_forest
1,4,1.0,0.09999999999999998,285.3302800000001,False,similarity,Mondrian-similarity,family_Polyureas,family,random_forest
4,2,1.0,0.09999999999999998,122.27034000000008,False,similarity,Mondrian-similarity,family_Polyureas,family,random_forest
5,2,1.0,0.09999999999999998,98.96519999999998,False,similarity,Mondrian-similarity,family_Polyureas,family,random_forest
Polyureas,43,0.7441860465116279,-0.15581395348837213,168.73684930232562,True,family,Mondrian-similarity,family_Polyureas,family,random_forest
1,4,0.25,-0.65,132.33971999999994,False,similarity,Mondrian-family,family_Polyureas,family,random_forest
2,21,0.47619047619047616,-0.42380952380952386,132.33971999999994,True,similarity,Mondrian-family,family_Polyureas,family,random_forest
0,6,0.6666666666666666,-0.2333333333333334,132.33971999999997,False,similarity,Mondrian-family,family_Polyureas,family,random_forest
3,8,0.875,-0.025000000000000022,132.33971999999994,False,similarity,Mondrian-family,family_Polyureas,family,random_forest
4,2,1.0,0.09999999999999998,132.33971999999994,False,similarity,Mondrian-family,family_Polyureas,family,random_forest
5,2,1.0,0.09999999999999998,132.33971999999994,False,similarity,Mondrian-family,family_Polyureas,family,random_forest
Polyureas,43,0.6046511627906976,-0.2953488372093024,132.33971999999994,True,family,Mondrian-family,family_Polyureas,family,random_forest
1,4,0.25,-0.65,140.31710321804778,False,similarity,Normalised SCP,family_Polyureas,family,random_forest
2,21,0.38095238095238093,-0.5190476190476191,134.20612125842854,True,similarity,Normalised SCP,family_Polyureas,family,random_forest
0,6,0.8333333333333334,-0.06666666666666665,147.31736062361125,False,similarity,Normalised SCP,family_Polyureas,family,random_forest
3,8,0.875,-0.025000000000000022,107.75823708896164,False,similarity,Normalised SCP,family_Polyureas,family,random_forest
4,2,1.0,0.09999999999999998,167.87693461495297,False,similarity,Normalised SCP,family_Polyureas,family,random_forest
5,2,1.0,0.09999999999999998,168.922448920262,False,similarity,Normalised SCP,family_Polyureas,family,random_forest
Polyureas,43,0.5813953488372093,-0.3186046511627907,134.86432062379026,True,family,Normalised SCP,family_Polyureas,family,random_forest
1,4,0.25,-0.65,125.0092859352339,False,similarity,SCP,family_Polyureas,family,hist_gbr
2,21,0.42857142857142855,-0.4714285714285715,125.0092859352339,True,similarity,SCP,family_Polyureas,family,hist_gbr
0,6,0.8333333333333334,-0.06666666666666665,125.0092859352339,False,similarity,SCP,family_Polyureas,family,hist_gbr
3,8,1.0,0.09999999999999998,125.00928593523389,False,similarity,SCP,family_Polyureas,family,hist_gbr
4,2,1.0,0.09999999999999998,125.00928593523388,False,similarity,SCP,family_Polyureas,family,hist_gbr
5,2,1.0,0.09999999999999998,125.00928593523389,False,similarity,SCP,family_Polyureas,family,hist_gbr
Polyureas,43,0.627906976744186,-0.27209302325581397,125.00928593523388,True,family,SCP,family_Polyureas,family,hist_gbr
1,4,0.5,-0.4,221.04204714216883,False,similarity,Mondrian-similarity,family_Polyureas,family,hist_gbr
2,21,0.5238095238095238,-0.3761904761904762,143.76412386355892,True,similarity,Mondrian-similarity,family_Polyureas,family,hist_gbr
0,6,1.0,0.09999999999999998,242.1671281290414,False,similarity,Mondrian-similarity,family_Polyureas,family,hist_gbr
3,8,1.0,0.09999999999999998,148.59516116197602,False,similarity,Mondrian-similarity,family_Polyureas,family,hist_gbr
4,2,1.0,0.09999999999999998,111.22321577816558,False,similarity,Mondrian-similarity,family_Polyureas,family,hist_gbr
5,2,1.0,0.09999999999999998,94.10663484176814,False,similarity,Mondrian-similarity,family_Polyureas,family,hist_gbr
Polyureas,43,0.7209302325581395,-0.17906976744186054,161.75903602356598,True,family,Mondrian-similarity,family_Polyureas,family,hist_gbr
1,4,0.25,-0.65,125.0092859352339,False,similarity,Mondrian-family,family_Polyureas,family,hist_gbr
2,21,0.42857142857142855,-0.4714285714285715,125.0092859352339,True,similarity,Mondrian-family,family_Polyureas,family,hist_gbr
0,6,0.8333333333333334,-0.06666666666666665,125.0092859352339,False,similarity,Mondrian-family,family_Polyureas,family,hist_gbr
3,8,1.0,0.09999999999999998,125.00928593523389,False,similarity,Mondrian-family,family_Polyureas,family,hist_gbr
4,2,1.0,0.09999999999999998,125.00928593523388,False,similarity,Mondrian-family,family_Polyureas,family,hist_gbr
5,2,1.0,0.09999999999999998,125.00928593523389,False,similarity,Mondrian-family,family_Polyureas,family,hist_gbr
Polyureas,43,0.627906976744186,-0.27209302325581397,125.00928593523388,True,family,Mondrian-family,family_Polyureas,family,hist_gbr
1,4,0.25,-0.65,126.54225605331847,False,similarity,Normalised SCP,family_Polyureas,family,hist_gbr
2,21,0.3333333333333333,-0.5666666666666667,131.9946663934596,True,similarity,Normalised SCP,family_Polyureas,family,hist_gbr
3,8,0.5,-0.4,98.6216083237395,False,similarity,Normalised SCP,family_Polyureas,family,hist_gbr
0,6,0.6666666666666666,-0.2333333333333334,132.36418920114673,False,similarity,Normalised SCP,family_Polyureas,family,hist_gbr
4,2,1.0,0.09999999999999998,145.9592024350518,False,similarity,Normalised SCP,family_Polyureas,family,hist_gbr
5,2,1.0,0.09999999999999998,172.48222129357873,False,similarity,Normalised SCP,family_Polyureas,family,hist_gbr
Polyureas,43,0.46511627906976744,-0.4348837209302326,127.86274110999962,True,family,Normalised SCP,family_Polyureas,family,hist_gbr
1,4,0.0,-0.9,126.67379999999984,False,similarity,SCP,family_Polyureas,family,extra_trees
2,21,0.38095238095238093,-0.5190476190476191,126.6737999999999,True,similarity,SCP,family_Polyureas,family,extra_trees
0,6,0.6666666666666666,-0.2333333333333334,126.67379999999987,False,similarity,SCP,family_Polyureas,family,extra_trees
3,8,0.875,-0.025000000000000022,126.67379999999986,False,similarity,SCP,family_Polyureas,family,extra_trees
4,2,1.0,0.09999999999999998,126.67379999999987,False,similarity,SCP,family_Polyureas,family,extra_trees
5,2,1.0,0.09999999999999998,126.67379999999986,False,similarity,SCP,family_Polyureas,family,extra_trees
Polyureas,43,0.5348837209302325,-0.3651162790697675,126.67379999999983,True,family,SCP,family_Polyureas,family,extra_trees
2,21,0.5714285714285714,-0.3285714285714286,157.12732,True,similarity,Mondrian-similarity,family_Polyureas,family,extra_trees
3,8,0.875,-0.025000000000000022,147.08053999999902,False,similarity,Mondrian-similarity,family_Polyureas,family,extra_trees
0,6,1.0,0.09999999999999998,226.75470000000004,False,similarity,Mondrian-similarity,family_Polyureas,family,extra_trees
1,4,1.0,0.09999999999999998,224.33232000000004,False,similarity,Mondrian-similarity,family_Polyureas,family,extra_trees
4,2,1.0,0.09999999999999998,112.53557999999998,False,similarity,Mondrian-similarity,family_Polyureas,family,extra_trees
5,2,1.0,0.09999999999999998,97.8596,False,similarity,Mondrian-similarity,family_Polyureas,family,extra_trees
Polyureas,43,0.7674418604651163,-0.1325581395348837,166.39455534883706,True,family,Mondrian-similarity,family_Polyureas,family,extra_trees
1,4,0.0,-0.9,126.67379999999984,False,similarity,Mondrian-family,family_Polyureas,family,extra_trees
2,21,0.38095238095238093,-0.5190476190476191,126.6737999999999,True,similarity,Mondrian-family,family_Polyureas,family,extra_trees
0,6,0.6666666666666666,-0.2333333333333334,126.67379999999987,False,similarity,Mondrian-family,family_Polyureas,family,extra_trees
3,8,0.875,-0.025000000000000022,126.67379999999986,False,similarity,Mondrian-family,family_Polyureas,family,extra_trees
4,2,1.0,0.09999999999999998,126.67379999999987,False,similarity,Mondrian-family,family_Polyureas,family,extra_trees
5,2,1.0,0.09999999999999998,126.67379999999986,False,similarity,Mondrian-family,family_Polyureas,family,extra_trees
Polyureas,43,0.5348837209302325,-0.3651162790697675,126.67379999999983,True,family,Mondrian-family,family_Polyureas,family,extra_trees
1,4,0.25,-0.65,130.6075252418906,False,similarity,Normalised SCP,family_Polyureas,family,extra_trees
2,21,0.38095238095238093,-0.5190476190476191,118.4438870926718,True,similarity,Normalised SCP,family_Polyureas,family,extra_trees
0,6,0.6666666666666666,-0.2333333333333334,139.85423190423015,False,similarity,Normalised SCP,family_Polyureas,family,extra_trees
3,8,0.875,-0.025000000000000022,110.23981881722692,False,similarity,Normalised SCP,family_Polyureas,family,extra_trees
4,2,1.0,0.09999999999999998,138.94936241924782,False,similarity,Normalised SCP,family_Polyureas,family,extra_trees
5,2,1.0,0.09999999999999998,140.40837775490053,False,similarity,Normalised SCP,family_Polyureas,family,extra_trees
Polyureas,43,0.5581395348837209,-0.3418604651162791,123.01188726105032,True,family,Normalised SCP,family_Polyureas,family,extra_trees
0,41,0.975609756097561,0.07560975609756093,364.0,True,similarity,SCP,family_Polyurethanes,family,median
1,65,0.9846153846153847,0.08461538461538465,364.0,True,similarity,SCP,family_Polyurethanes,family,median
2,73,0.9863013698630136,0.08630136986301362,364.0,True,similarity,SCP,family_Polyurethanes,family,median
4,3,1.0,0.09999999999999998,364.0,False,similarity,SCP,family_Polyurethanes,family,median
5,1,1.0,0.09999999999999998,364.0,False,similarity,SCP,family_Polyurethanes,family,median
3,6,1.0,0.09999999999999998,364.0,False,similarity,SCP,family_Polyurethanes,family,median
Polyurethanes,189,0.9841269841269841,0.08412698412698405,364.0,True,family,SCP,family_Polyurethanes,family,median
1,65,0.9846153846153847,0.08461538461538465,382.0,True,similarity,Mondrian-similarity,family_Polyurethanes,family,median
2,73,0.9863013698630136,0.08630136986301362,350.79999999999995,True,similarity,Mondrian-similarity,family_Polyurethanes,family,median
0,41,1.0,0.09999999999999998,400.0,True,similarity,Mondrian-similarity,family_Polyurethanes,family,median
4,3,1.0,0.09999999999999998,338.0,False,similarity,Mondrian-similarity,family_Polyurethanes,family,median
5,1,1.0,0.09999999999999998,372.0,False,similarity,Mondrian-similarity,family_Polyurethanes,family,median
3,6,1.0,0.09999999999999998,330.0,False,similarity,Mondrian-similarity,family_Polyurethanes,family,median
Polyurethanes,189,0.9894179894179894,0.0894179894179894,371.4518518518518,True,family,Mondrian-similarity,family_Polyurethanes,family,median
0,41,0.975609756097561,0.07560975609756093,364.0,True,similarity,Mondrian-family,family_Polyurethanes,family,median
1,65,0.9846153846153847,0.08461538461538465,364.0,True,similarity,Mondrian-family,family_Polyurethanes,family,median
2,73,0.9863013698630136,0.08630136986301362,364.0,True,similarity,Mondrian-family,family_Polyurethanes,family,median
4,3,1.0,0.09999999999999998,364.0,False,similarity,Mondrian-family,family_Polyurethanes,family,median
5,1,1.0,0.09999999999999998,364.0,False,similarity,Mondrian-family,family_Polyurethanes,family,median
3,6,1.0,0.09999999999999998,364.0,False,similarity,Mondrian-family,family_Polyurethanes,family,median
Polyurethanes,189,0.9841269841269841,0.08412698412698405,364.0,True,family,Mondrian-family,family_Polyurethanes,family,median
0,41,0.6829268292682927,-0.2170731707317073,213.22480363294278,True,similarity,Normalised SCP,family_Polyurethanes,family,median
3,6,0.8333333333333334,-0.06666666666666665,214.63412796646276,False,similarity,Normalised SCP,family_Polyurethanes,family,median
1,65,0.9230769230769231,0.023076923076923106,272.4456696890747,True,similarity,Normalised SCP,family_Polyurethanes,family,median
2,73,0.958904109589041,0.05890410958904102,319.73300008700477,True,similarity,Normalised SCP,family_Polyurethanes,family,median
4,3,1.0,0.09999999999999998,141.3326765624914,False,similarity,Normalised SCP,family_Polyurethanes,family,median
5,1,1.0,0.09999999999999998,160.8740895199104,False,similarity,Normalised SCP,family_Polyurethanes,family,median
Polyurethanes,189,0.8835978835978836,-0.016402116402116418,273.35646228623284,True,family,Normalised SCP,family_Polyurethanes,family,median
0,41,0.43902439024390244,-0.4609756097560976,140.0671949190771,True,similarity,SCP,family_Polyurethanes,family,svr
2,73,0.5342465753424658,-0.36575342465753424,140.0671949190771,True,similarity,SCP,family_Polyurethanes,family,svr
1,65,0.6307692307692307,-0.2692307692307693,140.0671949190771,True,similarity,SCP,family_Polyurethanes,family,svr
4,3,1.0,0.09999999999999998,140.0671949190771,False,similarity,SCP,family_Polyurethanes,family,svr
5,1,1.0,0.09999999999999998,140.0671949190771,False,similarity,SCP,family_Polyurethanes,family,svr
3,6,1.0,0.09999999999999998,140.0671949190771,False,similarity,SCP,family_Polyurethanes,family,svr
Polyurethanes,189,0.5714285714285714,-0.3285714285714286,140.0671949190771,True,family,SCP,family_Polyurethanes,family,svr
2,73,0.8082191780821918,-0.09178082191780823,210.06700640558688,True,similarity,Mondrian-similarity,family_Polyurethanes,family,svr
1,65,0.8923076923076924,-0.007692307692307665,238.1727942917708,True,similarity,Mondrian-similarity,family_Polyurethanes,family,svr
0,41,0.975609756097561,0.07560975609756093,274.47583065047036,True,similarity,Mondrian-similarity,family_Polyurethanes,family,svr
4,3,1.0,0.09999999999999998,112.78940133951482,False,similarity,Mondrian-similarity,family_Polyurethanes,family,svr
5,1,1.0,0.09999999999999998,107.79209897764883,False,similarity,Mondrian-similarity,family_Polyurethanes,family,svr
3,6,1.0,0.09999999999999998,152.89033977452073,False,similarity,Mondrian-similarity,family_Polyurethanes,family,svr
Polyurethanes,189,0.8835978835978836,-0.016402116402116418,229.80494441738384,True,family,Mondrian-similarity,family_Polyurethanes,family,svr
0,41,0.43902439024390244,-0.4609756097560976,140.0671949190771,True,similarity,Mondrian-family,family_Polyurethanes,family,svr
2,73,0.5342465753424658,-0.36575342465753424,140.0671949190771,True,similarity,Mondrian-family,family_Polyurethanes,family,svr
1,65,0.6307692307692307,-0.2692307692307693,140.0671949190771,True,similarity,Mondrian-family,family_Polyurethanes,family,svr
4,3,1.0,0.09999999999999998,140.0671949190771,False,similarity,Mondrian-family,family_Polyurethanes,family,svr
5,1,1.0,0.09999999999999998,140.0671949190771,False,similarity,Mondrian-family,family_Polyurethanes,family,svr
3,6,1.0,0.09999999999999998,140.0671949190771,False,similarity,Mondrian-family,family_Polyurethanes,family,svr
Polyurethanes,189,0.5714285714285714,-0.3285714285714286,140.0671949190771,True,family,Mondrian-family,family_Polyurethanes,family,svr
0,41,0.36585365853658536,-0.5341463414634147,104.2399592277624,True,similarity,Normalised SCP,family_Polyurethanes,family,svr
2,73,0.4246575342465753,-0.4753424657534247,107.08621083912713,True,similarity,Normalised SCP,family_Polyurethanes,family,svr
1,65,0.5384615384615384,-0.3615384615384616,109.70540950323387,True,similarity,Normalised SCP,family_Polyurethanes,family,svr
4,3,1.0,0.09999999999999998,94.53261722387718,False,similarity,Normalised SCP,family_Polyurethanes,family,svr
5,1,1.0,0.09999999999999998,105.54239053967443,False,similarity,Normalised SCP,family_Polyurethanes,family,svr
3,6,1.0,0.09999999999999998,97.02137035191306,False,similarity,Normalised SCP,family_Polyurethanes,family,svr
Polyurethanes,189,0.48148148148148145,-0.41851851851851857,106.84260212501336,True,family,Normalised SCP,family_Polyurethanes,family,svr
0,41,0.5365853658536586,-0.36341463414634145,122.77199999999998,True,similarity,SCP,family_Polyurethanes,family,random_forest
1,65,0.6923076923076923,-0.20769230769230773,122.77199999999996,True,similarity,SCP,family_Polyurethanes,family,random_forest
2,73,0.7808219178082192,-0.11917808219178083,122.77199999999999,True,similarity,SCP,family_Polyurethanes,family,random_forest
3,6,0.8333333333333334,-0.06666666666666665,122.77199999999998,False,similarity,SCP,family_Polyurethanes,family,random_forest
4,3,1.0,0.09999999999999998,122.77199999999999,False,similarity,SCP,family_Polyurethanes,family,random_forest
5,1,1.0,0.09999999999999998,122.77199999999999,False,similarity,SCP,family_Polyurethanes,family,random_forest
Polyurethanes,189,0.7037037037037037,-0.1962962962962963,122.77199999999999,True,family,SCP,family_Polyurethanes,family,random_forest
3,6,0.8333333333333334,-0.06666666666666665,125.64279999999998,False,similarity,Mondrian-similarity,family_Polyurethanes,family,random_forest
1,65,0.8769230769230769,-0.023076923076923106,213.15591999999998,True,similarity,Mondrian-similarity,family_Polyurethanes,family,random_forest
0,41,0.8780487804878049,-0.02195121951219514,276.1990200000001,True,similarity,Mondrian-similarity,family_Polyurethanes,family,random_forest
2,73,0.8904109589041096,-0.009589041095890427,179.65259999999995,True,similarity,Mondrian-similarity,family_Polyurethanes,family,random_forest
4,3,1.0,0.09999999999999998,106.71103999999974,False,similarity,Mondrian-similarity,family_Polyurethanes,family,random_forest
5,1,1.0,0.09999999999999998,100.68,False,similarity,Mondrian-similarity,family_Polyurethanes,family,random_forest
Polyurethanes,189,0.8835978835978836,-0.016402116402116418,208.82859439153438,True,family,Mondrian-similarity,family_Polyurethanes,family,random_forest
0,41,0.5365853658536586,-0.36341463414634145,122.77199999999998,True,similarity,Mondrian-family,family_Polyurethanes,family,random_forest
1,65,0.6923076923076923,-0.20769230769230773,122.77199999999996,True,similarity,Mondrian-family,family_Polyurethanes,family,random_forest
2,73,0.7808219178082192,-0.11917808219178083,122.77199999999999,True,similarity,Mondrian-family,family_Polyurethanes,family,random_forest
3,6,0.8333333333333334,-0.06666666666666665,122.77199999999998,False,similarity,Mondrian-family,family_Polyurethanes,family,random_forest
4,3,1.0,0.09999999999999998,122.77199999999999,False,similarity,Mondrian-family,family_Polyurethanes,family,random_forest
5,1,1.0,0.09999999999999998,122.77199999999999,False,similarity,Mondrian-family,family_Polyurethanes,family,random_forest
Polyurethanes,189,0.7037037037037037,-0.1962962962962963,122.77199999999999,True,family,Mondrian-family,family_Polyurethanes,family,random_forest
0,41,0.4146341463414634,-0.48536585365853663,104.18857402208057,True,similarity,Normalised SCP,family_Polyurethanes,family,random_forest
1,65,0.6307692307692307,-0.2692307692307693,97.08674088645634,True,similarity,Normalised SCP,family_Polyurethanes,family,random_forest
3,6,0.6666666666666666,-0.2333333333333334,85.8411206412001,False,similarity,Normalised SCP,family_Polyurethanes,family,random_forest
2,73,0.684931506849315,-0.215068493150685,91.60181607287933,True,similarity,Normalised SCP,family_Polyurethanes,family,random_forest
4,3,1.0,0.09999999999999998,76.0408606110109,False,similarity,Normalised SCP,family_Polyurethanes,family,random_forest
5,1,1.0,0.09999999999999998,68.58797854038647,False,similarity,Normalised SCP,family_Polyurethanes,family,random_forest
Polyurethanes,189,0.6137566137566137,-0.2862433862433863,95.66698174637978,True,family,Normalised SCP,family_Polyurethanes,family,random_forest
0,41,0.6097560975609756,-0.2902439024390244,119.57338616088232,True,similarity,SCP,family_Polyurethanes,family,hist_gbr
1,65,0.6923076923076923,-0.20769230769230773,119.57338616088232,True,similarity,SCP,family_Polyurethanes,family,hist_gbr
2,73,0.7397260273972602,-0.1602739726027398,119.57338616088231,True,similarity,SCP,family_Polyurethanes,family,hist_gbr
4,3,1.0,0.09999999999999998,119.57338616088232,False,similarity,SCP,family_Polyurethanes,family,hist_gbr
5,1,1.0,0.09999999999999998,119.57338616088231,False,similarity,SCP,family_Polyurethanes,family,hist_gbr
3,6,1.0,0.09999999999999998,119.57338616088232,False,similarity,SCP,family_Polyurethanes,family,hist_gbr
Polyurethanes,189,0.708994708994709,-0.19100529100529107,119.57338616088232,True,family,SCP,family_Polyurethanes,family,hist_gbr
2,73,0.863013698630137,-0.03698630136986303,165.7353585936304,True,similarity,Mondrian-similarity,family_Polyurethanes,family,hist_gbr
1,65,0.8769230769230769,-0.023076923076923106,198.20665868161356,True,similarity,Mondrian-similarity,family_Polyurethanes,family,hist_gbr
0,41,0.975609756097561,0.07560975609756093,276.0420620439895,True,similarity,Mondrian-similarity,family_Polyurethanes,family,hist_gbr
4,3,1.0,0.09999999999999998,93.05896683294623,False,similarity,Mondrian-similarity,family_Polyurethanes,family,hist_gbr
5,1,1.0,0.09999999999999998,98.16020781312136,False,similarity,Mondrian-similarity,family_Polyurethanes,family,hist_gbr
3,6,1.0,0.09999999999999998,126.62751289004423,False,similarity,Mondrian-similarity,family_Polyurethanes,family,hist_gbr
Polyurethanes,189,0.8994708994708994,-0.0005291005291006012,198.07905143436878,True,family,Mondrian-similarity,family_Polyurethanes,family,hist_gbr
0,41,0.6097560975609756,-0.2902439024390244,119.57338616088232,True,similarity,Mondrian-family,family_Polyurethanes,family,hist_gbr
1,65,0.6923076923076923,-0.20769230769230773,119.57338616088232,True,similarity,Mondrian-family,family_Polyurethanes,family,hist_gbr
2,73,0.7397260273972602,-0.1602739726027398,119.57338616088231,True,similarity,Mondrian-family,family_Polyurethanes,family,hist_gbr
4,3,1.0,0.09999999999999998,119.57338616088232,False,similarity,Mondrian-family,family_Polyurethanes,family,hist_gbr
5,1,1.0,0.09999999999999998,119.57338616088231,False,similarity,Mondrian-family,family_Polyurethanes,family,hist_gbr
3,6,1.0,0.09999999999999998,119.57338616088232,False,similarity,Mondrian-family,family_Polyurethanes,family,hist_gbr
Polyurethanes,189,0.708994708994709,-0.19100529100529107,119.57338616088232,True,family,Mondrian-family,family_Polyurethanes,family,hist_gbr
2,73,0.5068493150684932,-0.39315068493150684,83.00387468601893,True,similarity,Normalised SCP,family_Polyurethanes,family,hist_gbr
0,41,0.5365853658536586,-0.36341463414634145,100.30857205602958,True,similarity,Normalised SCP,family_Polyurethanes,family,hist_gbr
1,65,0.5538461538461539,-0.34615384615384615,87.57239096379716,True,similarity,Normalised SCP,family_Polyurethanes,family,hist_gbr
3,6,0.8333333333333334,-0.06666666666666665,91.9869758156126,False,similarity,Normalised SCP,family_Polyurethanes,family,hist_gbr
4,3,1.0,0.09999999999999998,94.99323905173298,False,similarity,Normalised SCP,family_Polyurethanes,family,hist_gbr
5,1,1.0,0.09999999999999998,105.9559948000549,False,similarity,Normalised SCP,family_Polyurethanes,family,hist_gbr
Polyurethanes,189,0.5502645502645502,-0.3497354497354498,88.92591156546213,True,family,Normalised SCP,family_Polyurethanes,family,hist_gbr
0,41,0.36585365853658536,-0.5341463414634147,114.74064000000016,True,similarity,SCP,family_Polyurethanes,family,extra_trees
1,65,0.6615384615384615,-0.2384615384615385,114.74064000000018,True,similarity,SCP,family_Polyurethanes,family,extra_trees
2,73,0.726027397260274,-0.17397260273972603,114.74064000000018,True,similarity,SCP,family_Polyurethanes,family,extra_trees
3,6,0.8333333333333334,-0.06666666666666665,114.74064000000017,False,similarity,SCP,family_Polyurethanes,family,extra_trees
4,3,1.0,0.09999999999999998,114.74064000000017,False,similarity,SCP,family_Polyurethanes,family,extra_trees
5,1,1.0,0.09999999999999998,114.7406400000002,False,similarity,SCP,family_Polyurethanes,family,extra_trees
Polyurethanes,189,0.6349206349206349,-0.26507936507936514,114.7406400000002,True,family,SCP,family_Polyurethanes,family,extra_trees
0,41,0.8292682926829268,-0.07073170731707323,236.05007999999992,True,similarity,Mondrian-similarity,family_Polyurethanes,family,extra_trees
3,6,0.8333333333333334,-0.06666666666666665,112.38114000000003,False,similarity,Mondrian-similarity,family_Polyurethanes,family,extra_trees
1,65,0.8461538461538461,-0.05384615384615388,165.98239999999996,True,similarity,Mondrian-similarity,family_Polyurethanes,family,extra_trees
2,73,0.863013698630137,-0.03698630136986303,175.58328000000006,True,similarity,Mondrian-similarity,family_Polyurethanes,family,extra_trees
4,3,1.0,0.09999999999999998,90.43325999999979,False,similarity,Mondrian-similarity,family_Polyurethanes,family,extra_trees
5,1,1.0,0.09999999999999998,98.3046,False,similarity,Mondrian-similarity,family_Polyurethanes,family,extra_trees
Polyurethanes,189,0.8518518518518519,-0.04814814814814816,181.6316398941799,True,family,Mondrian-similarity,family_Polyurethanes,family,extra_trees
0,41,0.36585365853658536,-0.5341463414634147,114.74064000000016,True,similarity,Mondrian-family,family_Polyurethanes,family,extra_trees
1,65,0.6615384615384615,-0.2384615384615385,114.74064000000018,True,similarity,Mondrian-family,family_Polyurethanes,family,extra_trees
2,73,0.726027397260274,-0.17397260273972603,114.74064000000018,True,similarity,Mondrian-family,family_Polyurethanes,family,extra_trees
3,6,0.8333333333333334,-0.06666666666666665,114.74064000000017,False,similarity,Mondrian-family,family_Polyurethanes,family,extra_trees
4,3,1.0,0.09999999999999998,114.74064000000017,False,similarity,Mondrian-family,family_Polyurethanes,family,extra_trees
5,1,1.0,0.09999999999999998,114.7406400000002,False,similarity,Mondrian-family,family_Polyurethanes,family,extra_trees
Polyurethanes,189,0.6349206349206349,-0.26507936507936514,114.7406400000002,True,family,Mondrian-family,family_Polyurethanes,family,extra_trees
0,41,0.3902439024390244,-0.5097560975609756,98.85200235427325,True,similarity,Normalised SCP,family_Polyurethanes,family,extra_trees
2,73,0.6301369863013698,-0.2698630136986302,87.85800938095886,True,similarity,Normalised SCP,family_Polyurethanes,family,extra_trees
1,65,0.6307692307692307,-0.2692307692307693,93.69573669805764,True,similarity,Normalised SCP,family_Polyurethanes,family,extra_trees
3,6,0.8333333333333334,-0.06666666666666665,95.64428807468421,False,similarity,Normalised SCP,family_Polyurethanes,family,extra_trees
4,3,1.0,0.09999999999999998,70.22466513455244,False,similarity,Normalised SCP,family_Polyurethanes,family,extra_trees
5,1,1.0,0.09999999999999998,60.45930909676646,False,similarity,Normalised SCP,family_Polyurethanes,family,extra_trees
Polyurethanes,189,0.5925925925925926,-0.30740740740740746,92.07295608284377,True,family,Normalised SCP,family_Polyurethanes,family,extra_trees
2,31,0.8709677419354839,-0.029032258064516148,368.0,True,similarity,SCP,family_Polyvinyls,family,median
1,72,0.875,-0.025000000000000022,368.0,True,similarity,SCP,family_Polyvinyls,family,median
0,96,0.9583333333333334,0.05833333333333335,368.0,True,similarity,SCP,family_Polyvinyls,family,median
3,6,1.0,0.09999999999999998,368.0,False,similarity,SCP,family_Polyvinyls,family,median
4,3,1.0,0.09999999999999998,368.0,False,similarity,SCP,family_Polyvinyls,family,median
5,4,1.0,0.09999999999999998,368.0,False,similarity,SCP,family_Polyvinyls,family,median
Polyvinyls,212,0.9198113207547169,0.01981132075471692,368.0,True,family,SCP,family_Polyvinyls,family,median
2,31,0.8709677419354839,-0.029032258064516148,384.0,True,similarity,Mondrian-similarity,family_Polyvinyls,family,median
1,72,0.8888888888888888,-0.011111111111111183,382.0,True,similarity,Mondrian-similarity,family_Polyvinyls,family,median
0,96,1.0,0.09999999999999998,456.0,True,similarity,Mondrian-similarity,family_Polyvinyls,family,median
3,6,1.0,0.09999999999999998,372.0,False,similarity,Mondrian-similarity,family_Polyvinyls,family,median
4,3,1.0,0.09999999999999998,363.0,False,similarity,Mondrian-similarity,family_Polyvinyls,family,median
5,4,1.0,0.09999999999999998,360.0,False,similarity,Mondrian-similarity,family_Polyvinyls,family,median
Polyvinyls,212,0.9433962264150944,0.04339622641509433,414.83490566037733,True,family,Mondrian-similarity,family_Polyvinyls,family,median
2,31,0.8709677419354839,-0.029032258064516148,368.0,True,similarity,Mondrian-family,family_Polyvinyls,family,median
1,72,0.875,-0.025000000000000022,368.0,True,similarity,Mondrian-family,family_Polyvinyls,family,median
0,96,0.9583333333333334,0.05833333333333335,368.0,True,similarity,Mondrian-family,family_Polyvinyls,family,median
3,6,1.0,0.09999999999999998,368.0,False,similarity,Mondrian-family,family_Polyvinyls,family,median
4,3,1.0,0.09999999999999998,368.0,False,similarity,Mondrian-family,family_Polyvinyls,family,median
5,4,1.0,0.09999999999999998,368.0,False,similarity,Mondrian-family,family_Polyvinyls,family,median
Polyvinyls,212,0.9198113207547169,0.01981132075471692,368.0,True,family,Mondrian-family,family_Polyvinyls,family,median
3,6,0.8333333333333334,-0.06666666666666665,277.0323919778535,False,similarity,Normalised SCP,family_Polyvinyls,family,median
1,72,0.8472222222222222,-0.05277777777777781,341.0626261041549,True,similarity,Normalised SCP,family_Polyvinyls,family,median
0,96,0.875,-0.025000000000000022,252.6022582998556,True,similarity,Normalised SCP,family_Polyvinyls,family,median
2,31,0.9032258064516129,0.003225806451612856,378.90018913789424,True,similarity,Normalised SCP,family_Polyvinyls,family,median
4,3,1.0,0.09999999999999998,287.7355970070533,False,similarity,Normalised SCP,family_Polyvinyls,family,median
5,4,1.0,0.09999999999999998,272.7361915367777,False,similarity,Normalised SCP,family_Polyvinyls,family,median
Polyvinyls,212,0.8726415094339622,-0.027358490566037785,302.68197004054434,True,family,Normalised SCP,family_Polyvinyls,family,median
1,72,0.9027777777777778,0.002777777777777768,134.4760951748932,True,similarity,SCP,family_Polyvinyls,family,svr
0,96,0.9375,0.03749999999999998,134.47609517489317,True,similarity,SCP,family_Polyvinyls,family,svr
2,31,1.0,0.09999999999999998,134.47609517489317,True,similarity,SCP,family_Polyvinyls,family,svr
3,6,1.0,0.09999999999999998,134.4760951748932,False,similarity,SCP,family_Polyvinyls,family,svr
4,3,1.0,0.09999999999999998,134.4760951748932,False,similarity,SCP,family_Polyvinyls,family,svr
5,4,1.0,0.09999999999999998,134.4760951748932,False,similarity,SCP,family_Polyvinyls,family,svr
Polyvinyls,212,0.9386792452830188,0.038679245283018804,134.47609517489317,True,family,SCP,family_Polyvinyls,family,svr
5,4,0.75,-0.15000000000000002,98.46834076511584,False,similarity,Mondrian-similarity,family_Polyvinyls,family,svr
1,72,1.0,0.09999999999999998,237.1935723161021,True,similarity,Mondrian-similarity,family_Polyvinyls,family,svr
2,31,1.0,0.09999999999999998,210.54065392486964,True,similarity,Mondrian-similarity,family_Polyvinyls,family,svr
0,96,1.0,0.09999999999999998,312.1123095119743,True,similarity,Mondrian-similarity,family_Polyvinyls,family,svr
3,6,1.0,0.09999999999999998,187.7867593895696,False,similarity,Mondrian-similarity,family_Polyvinyls,family,svr
4,3,1.0,0.09999999999999998,127.60888487500233,False,similarity,Mondrian-similarity,family_Polyvinyls,family,svr
Polyvinyls,212,0.9952830188679245,0.09528301886792445,261.65518757359774,True,family,Mondrian-similarity,family_Polyvinyls,family,svr
1,72,0.9027777777777778,0.002777777777777768,134.4760951748932,True,similarity,Mondrian-family,family_Polyvinyls,family,svr
0,96,0.9375,0.03749999999999998,134.47609517489317,True,similarity,Mondrian-family,family_Polyvinyls,family,svr
2,31,1.0,0.09999999999999998,134.47609517489317,True,similarity,Mondrian-family,family_Polyvinyls,family,svr
3,6,1.0,0.09999999999999998,134.4760951748932,False,similarity,Mondrian-family,family_Polyvinyls,family,svr
4,3,1.0,0.09999999999999998,134.4760951748932,False,similarity,Mondrian-family,family_Polyvinyls,family,svr
5,4,1.0,0.09999999999999998,134.4760951748932,False,similarity,Mondrian-family,family_Polyvinyls,family,svr
Polyvinyls,212,0.9386792452830188,0.038679245283018804,134.47609517489317,True,family,Mondrian-family,family_Polyvinyls,family,svr
1,72,0.875,-0.025000000000000022,137.58177693921854,True,similarity,Normalised SCP,family_Polyvinyls,family,svr
0,96,0.9166666666666666,0.016666666666666607,157.5348865121787,True,similarity,Normalised SCP,family_Polyvinyls,family,svr
2,31,0.9354838709677419,0.03548387096774186,121.83299519102594,True,similarity,Normalised SCP,family_Polyvinyls,family,svr
3,6,1.0,0.09999999999999998,113.64624935955281,False,similarity,Normalised SCP,family_Polyvinyls,family,svr
4,3,1.0,0.09999999999999998,98.0160608751098,False,similarity,Normalised SCP,family_Polyvinyls,family,svr
5,4,1.0,0.09999999999999998,113.97723520812221,False,similarity,Normalised SCP,family_Polyvinyls,family,svr
Polyvinyls,212,0.910377358490566,0.01037735849056598,142.6315779024992,True,family,Normalised SCP,family_Polyvinyls,family,svr
1,72,0.8472222222222222,-0.05277777777777781,134.25400000000002,True,similarity,SCP,family_Polyvinyls,family,random_forest
0,96,0.9270833333333334,0.027083333333333348,134.254,True,similarity,SCP,family_Polyvinyls,family,random_forest
2,31,1.0,0.09999999999999998,134.254,True,similarity,SCP,family_Polyvinyls,family,random_forest
3,6,1.0,0.09999999999999998,134.25400000000002,False,similarity,SCP,family_Polyvinyls,family,random_forest
4,3,1.0,0.09999999999999998,134.25400000000002,False,similarity,SCP,family_Polyvinyls,family,random_forest
5,4,1.0,0.09999999999999998,134.25400000000002,False,similarity,SCP,family_Polyvinyls,family,random_forest
Polyvinyls,212,0.9150943396226415,0.015094339622641506,134.254,True,family,SCP,family_Polyvinyls,family,random_forest
1,72,1.0,0.09999999999999998,222.13860000000017,True,similarity,Mondrian-similarity,family_Polyvinyls,family,random_forest
0,96,1.0,0.09999999999999998,291.1437999999999,True,similarity,Mondrian-similarity,family_Polyvinyls,family,random_forest
2,31,1.0,0.09999999999999998,159.01805999999962,True,similarity,Mondrian-similarity,family_Polyvinyls,family,random_forest
3,6,1.0,0.09999999999999998,181.81236,False,similarity,Mondrian-similarity,family_Polyvinyls,family,random_forest
4,3,1.0,0.09999999999999998,119.68567999999999,False,similarity,Mondrian-similarity,family_Polyvinyls,family,random_forest
5,4,1.0,0.09999999999999998,95.87808000000007,False,similarity,Mondrian-similarity,family_Polyvinyls,family,random_forest
Polyvinyls,212,1.0,0.09999999999999998,239.1829593396226,True,family,Mondrian-similarity,family_Polyvinyls,family,random_forest
1,72,0.8472222222222222,-0.05277777777777781,134.25400000000002,True,similarity,Mondrian-family,family_Polyvinyls,family,random_forest
0,96,0.9270833333333334,0.027083333333333348,134.254,True,similarity,Mondrian-family,family_Polyvinyls,family,random_forest
2,31,1.0,0.09999999999999998,134.254,True,similarity,Mondrian-family,family_Polyvinyls,family,random_forest
3,6,1.0,0.09999999999999998,134.25400000000002,False,similarity,Mondrian-family,family_Polyvinyls,family,random_forest
4,3,1.0,0.09999999999999998,134.25400000000002,False,similarity,Mondrian-family,family_Polyvinyls,family,random_forest
5,4,1.0,0.09999999999999998,134.25400000000002,False,similarity,Mondrian-family,family_Polyvinyls,family,random_forest
Polyvinyls,212,0.9150943396226415,0.015094339622641506,134.254,True,family,Mondrian-family,family_Polyvinyls,family,random_forest
1,72,0.7638888888888888,-0.13611111111111118,130.39910791450112,True,similarity,Normalised SCP,family_Polyvinyls,family,random_forest
0,96,0.875,-0.025000000000000022,147.94568486295375,True,similarity,Normalised SCP,family_Polyvinyls,family,random_forest
2,31,0.967741935483871,0.06774193548387097,116.54962177351506,True,similarity,Normalised SCP,family_Polyvinyls,family,random_forest
3,6,1.0,0.09999999999999998,124.69762637291491,False,similarity,Normalised SCP,family_Polyvinyls,family,random_forest
4,3,1.0,0.09999999999999998,95.50549143883002,False,similarity,Normalised SCP,family_Polyvinyls,family,random_forest
5,4,1.0,0.09999999999999998,115.86961710381217,False,similarity,Normalised SCP,family_Polyvinyls,family,random_forest
Polyvinyls,212,0.8584905660377359,-0.04150943396226414,135.39028534262187,True,family,Normalised SCP,family_Polyvinyls,family,random_forest
1,72,0.7916666666666666,-0.10833333333333339,120.34694166501014,True,similarity,SCP,family_Polyvinyls,family,hist_gbr
0,96,0.84375,-0.05625000000000002,120.3469416650101,True,similarity,SCP,family_Polyvinyls,family,hist_gbr
2,31,0.967741935483871,0.06774193548387097,120.34694166501012,True,similarity,SCP,family_Polyvinyls,family,hist_gbr
3,6,1.0,0.09999999999999998,120.34694166501015,False,similarity,SCP,family_Polyvinyls,family,hist_gbr
4,3,1.0,0.09999999999999998,120.34694166501015,False,similarity,SCP,family_Polyvinyls,family,hist_gbr
5,4,1.0,0.09999999999999998,120.34694166501015,False,similarity,SCP,family_Polyvinyls,family,hist_gbr
Polyvinyls,212,0.8537735849056604,-0.04622641509433967,120.34694166501009,True,family,SCP,family_Polyvinyls,family,hist_gbr
1,72,0.9583333333333334,0.05833333333333335,212.9653981024173,True,similarity,Mondrian-similarity,family_Polyvinyls,family,hist_gbr
0,96,1.0,0.09999999999999998,287.2309974764367,True,similarity,Mondrian-similarity,family_Polyvinyls,family,hist_gbr
2,31,1.0,0.09999999999999998,165.03811653111816,True,similarity,Mondrian-similarity,family_Polyvinyls,family,hist_gbr
3,6,1.0,0.09999999999999998,145.333755786333,False,similarity,Mondrian-similarity,family_Polyvinyls,family,hist_gbr
4,3,1.0,0.09999999999999998,108.033552867926,False,similarity,Mondrian-similarity,family_Polyvinyls,family,hist_gbr
5,4,1.0,0.09999999999999998,86.3227733308886,False,similarity,Mondrian-similarity,family_Polyvinyls,family,hist_gbr
Polyvinyls,212,0.9858490566037735,0.08584905660377351,233.79839773689602,True,family,Mondrian-similarity,family_Polyvinyls,family,hist_gbr
1,72,0.7916666666666666,-0.10833333333333339,120.34694166501014,True,similarity,Mondrian-family,family_Polyvinyls,family,hist_gbr
0,96,0.84375,-0.05625000000000002,120.3469416650101,True,similarity,Mondrian-family,family_Polyvinyls,family,hist_gbr
2,31,0.967741935483871,0.06774193548387097,120.34694166501012,True,similarity,Mondrian-family,family_Polyvinyls,family,hist_gbr
3,6,1.0,0.09999999999999998,120.34694166501015,False,similarity,Mondrian-family,family_Polyvinyls,family,hist_gbr
4,3,1.0,0.09999999999999998,120.34694166501015,False,similarity,Mondrian-family,family_Polyvinyls,family,hist_gbr
5,4,1.0,0.09999999999999998,120.34694166501015,False,similarity,Mondrian-family,family_Polyvinyls,family,hist_gbr
Polyvinyls,212,0.8537735849056604,-0.04622641509433967,120.34694166501009,True,family,Mondrian-family,family_Polyvinyls,family,hist_gbr
1,72,0.75,-0.15000000000000002,128.45130729099412,True,similarity,Normalised SCP,family_Polyvinyls,family,hist_gbr
0,96,0.8958333333333334,-0.004166666666666652,149.87180521562343,True,similarity,Normalised SCP,family_Polyvinyls,family,hist_gbr
2,31,0.9354838709677419,0.03548387096774186,120.15521529221365,True,similarity,Normalised SCP,family_Polyvinyls,family,hist_gbr
3,6,1.0,0.09999999999999998,110.31639134201366,False,similarity,Normalised SCP,family_Polyvinyls,family,hist_gbr
4,3,1.0,0.09999999999999998,104.49764141647313,False,similarity,Normalised SCP,family_Polyvinyls,family,hist_gbr
5,4,1.0,0.09999999999999998,108.94123943593178,False,similarity,Normalised SCP,family_Polyvinyls,family,hist_gbr
Polyvinyls,212,0.8584905660377359,-0.04150943396226414,135.71771381960033,True,family,Normalised SCP,family_Polyvinyls,family,hist_gbr
1,72,0.7777777777777778,-0.12222222222222223,119.721,True,similarity,SCP,family_Polyvinyls,family,extra_trees
0,96,0.8854166666666666,-0.014583333333333393,119.721,True,similarity,SCP,family_Polyvinyls,family,extra_trees
2,31,1.0,0.09999999999999998,119.721,True,similarity,SCP,family_Polyvinyls,family,extra_trees
3,6,1.0,0.09999999999999998,119.721,False,similarity,SCP,family_Polyvinyls,family,extra_trees
4,3,1.0,0.09999999999999998,119.721,False,similarity,SCP,family_Polyvinyls,family,extra_trees
5,4,1.0,0.09999999999999998,119.721,False,similarity,SCP,family_Polyvinyls,family,extra_trees
Polyvinyls,212,0.8726415094339622,-0.027358490566037785,119.72099999999999,True,family,SCP,family_Polyvinyls,family,extra_trees
1,72,0.9583333333333334,0.05833333333333335,182.57659999999998,True,similarity,Mondrian-similarity,family_Polyvinyls,family,extra_trees
0,96,1.0,0.09999999999999998,317.9638,True,similarity,Mondrian-similarity,family_Polyvinyls,family,extra_trees
2,31,1.0,0.09999999999999998,158.67760000000004,True,similarity,Mondrian-similarity,family_Polyvinyls,family,extra_trees
3,6,1.0,0.09999999999999998,147.65859999999998,False,similarity,Mondrian-similarity,family_Polyvinyls,family,extra_trees
4,3,1.0,0.09999999999999998,109.12561999999974,False,similarity,Mondrian-similarity,family_Polyvinyls,family,extra_trees
5,4,1.0,0.09999999999999998,88.202,False,similarity,Mondrian-similarity,family_Polyvinyls,family,extra_trees
Polyvinyls,212,0.9858490566037735,0.08584905660377351,236.5810474528302,True,family,Mondrian-similarity,family_Polyvinyls,family,extra_trees
1,72,0.7777777777777778,-0.12222222222222223,119.721,True,similarity,Mondrian-family,family_Polyvinyls,family,extra_trees
0,96,0.8854166666666666,-0.014583333333333393,119.721,True,similarity,Mondrian-family,family_Polyvinyls,family,extra_trees
2,31,1.0,0.09999999999999998,119.721,True,similarity,Mondrian-family,family_Polyvinyls,family,extra_trees
3,6,1.0,0.09999999999999998,119.721,False,similarity,Mondrian-family,family_Polyvinyls,family,extra_trees
4,3,1.0,0.09999999999999998,119.721,False,similarity,Mondrian-family,family_Polyvinyls,family,extra_trees
5,4,1.0,0.09999999999999998,119.721,False,similarity,Mondrian-family,family_Polyvinyls,family,extra_trees
Polyvinyls,212,0.8726415094339622,-0.027358490566037785,119.72099999999999,True,family,Mondrian-family,family_Polyvinyls,family,extra_trees
1,72,0.7777777777777778,-0.12222222222222223,125.98009271298936,True,similarity,Normalised SCP,family_Polyvinyls,family,extra_trees
0,96,0.8958333333333334,-0.004166666666666652,149.3548519481969,True,similarity,Normalised SCP,family_Polyvinyls,family,extra_trees
2,31,0.9354838709677419,0.03548387096774186,109.83005400892452,True,similarity,Normalised SCP,family_Polyvinyls,family,extra_trees
3,6,1.0,0.09999999999999998,109.66131364114695,False,similarity,Normalised SCP,family_Polyvinyls,family,extra_trees
4,3,1.0,0.09999999999999998,89.37179327090341,False,similarity,Normalised SCP,family_Polyvinyls,family,extra_trees
5,4,1.0,0.09999999999999998,95.90896471196645,False,similarity,Normalised SCP,family_Polyvinyls,family,extra_trees
Polyvinyls,212,0.8679245283018868,-0.0320754716981132,132.65605309974652,True,family,Normalised SCP,family_Polyvinyls,family,extra_trees
