group,n,coverage,coverage_error,mean_width,reliable,taxonomy,conformal,split,regime,model
4,169,0.9053254437869822,0.005325443786982187,364.0,True,similarity,SCP,scaffold_0,scaffold,median
5,306,0.9215686274509803,0.021568627450980316,364.0,True,similarity,SCP,scaffold_0,scaffold,median
1,341,0.9560117302052786,0.05601173020527861,364.0,True,similarity,SCP,scaffold_0,scaffold,median
0,251,0.9601593625498008,0.06015936254980081,364.0,True,similarity,SCP,scaffold_0,scaffold,median
2,282,0.9609929078014184,0.06099290780141842,364.0,True,similarity,SCP,scaffold_0,scaffold,median
3,210,0.9761904761904762,0.07619047619047614,364.0,True,similarity,SCP,scaffold_0,scaffold,median
Polysiloxanes,46,0.6521739130434783,-0.24782608695652175,364.0,True,family,SCP,scaffold_0,scaffold,median
Polysulfides,14,0.7857142857142857,-0.11428571428571432,364.0,True,family,SCP,scaffold_0,scaffold,median
Other backbone,17,0.8235294117647058,-0.07647058823529418,364.0,True,family,SCP,scaffold_0,scaffold,median
Polyimides,232,0.9008620689655172,0.0008620689655172153,364.0,True,family,SCP,scaffold_0,scaffold,median
Polyphosphazenes,15,0.9333333333333333,0.033333333333333326,364.0,True,family,SCP,scaffold_0,scaffold,median
Polyphenylenes,120,0.9333333333333333,0.033333333333333326,364.0,True,family,SCP,scaffold_0,scaffold,median
Polyolefins,42,0.9523809523809523,0.052380952380952306,364.0,True,family,SCP,scaffold_0,scaffold,median
Polysulfones,48,0.9583333333333334,0.05833333333333335,364.0,True,family,SCP,scaffold_0,scaffold,median
Polyethers,120,0.9583333333333334,0.05833333333333335,364.0,True,family,SCP,scaffold_0,scaffold,median
Polystyrenes,185,0.9621621621621622,0.06216216216216219,364.0,True,family,SCP,scaffold_0,scaffold,median
Polyesters,159,0.9748427672955975,0.07484276729559747,364.0,True,family,SCP,scaffold_0,scaffold,median
Polyamides,195,0.9794871794871794,0.07948717948717943,364.0,True,family,SCP,scaffold_0,scaffold,median
Polyurethanes,50,0.98,0.07999999999999996,364.0,True,family,SCP,scaffold_0,scaffold,median
Polyacrylics,168,0.9880952380952381,0.08809523809523812,364.0,True,family,SCP,scaffold_0,scaffold,median
Polyhalo-olefins,10,1.0,0.09999999999999998,364.0,True,family,SCP,scaffold_0,scaffold,median
Polydienes,20,1.0,0.09999999999999998,364.0,True,family,SCP,scaffold_0,scaffold,median
Polyvinyls,70,1.0,0.09999999999999998,364.0,True,family,SCP,scaffold_0,scaffold,median
Polyanhydrides,4,1.0,0.09999999999999998,364.0,False,family,SCP,scaffold_0,scaffold,median
Polyureas,8,1.0,0.09999999999999998,364.0,False,family,SCP,scaffold_0,scaffold,median
Polycarbonates,20,1.0,0.09999999999999998,364.0,True,family,SCP,scaffold_0,scaffold,median
Polyimines,16,1.0,0.09999999999999998,364.0,True,family,SCP,scaffold_0,scaffold,median
4,169,0.9053254437869822,0.005325443786982187,372.0,True,similarity,Mondrian-similarity,scaffold_0,scaffold,median
5,306,0.9281045751633987,0.028104575163398704,366.0,True,similarity,Mondrian-similarity,scaffold_0,scaffold,median
0,251,0.9402390438247012,0.040239043824701226,340.0,True,similarity,Mondrian-similarity,scaffold_0,scaffold,median
1,341,0.9706744868035191,0.07067448680351907,374.0,True,similarity,Mondrian-similarity,scaffold_0,scaffold,median
3,210,0.9714285714285714,0.0714285714285714,352.0,True,similarity,Mondrian-similarity,scaffold_0,scaffold,median
2,282,0.975177304964539,0.075177304964539,400.0,True,similarity,Mondrian-similarity,scaffold_0,scaffold,median
Polysiloxanes,46,0.6739130434782609,-0.22608695652173916,373.69565217391306,True,family,Mondrian-similarity,scaffold_0,scaffold,median
Polysulfides,14,0.7857142857142857,-0.11428571428571432,360.7142857142857,True,family,Mondrian-similarity,scaffold_0,scaffold,median
Other backbone,17,0.8235294117647058,-0.07647058823529418,364.0,True,family,Mondrian-similarity,scaffold_0,scaffold,median
Polyimides,232,0.9051724137931034,0.005172413793103403,368.13793103448273,True,family,Mondrian-similarity,scaffold_0,scaffold,median
Polyphenylenes,120,0.925,0.025000000000000022,365.3833333333333,True,family,Mondrian-similarity,scaffold_0,scaffold,median
Polyphosphazenes,15,0.9333333333333333,0.033333333333333326,359.46666666666664,True,family,Mondrian-similarity,scaffold_0,scaffold,median
Polyimines,16,0.9375,0.03749999999999998,362.625,True,family,Mondrian-similarity,scaffold_0,scaffold,median
Polyethers,120,0.9583333333333334,0.05833333333333335,364.0,True,family,Mondrian-similarity,scaffold_0,scaffold,median
Polystyrenes,185,0.9675675675675676,0.06756756756756754,370.71351351351353,True,family,Mondrian-similarity,scaffold_0,scaffold,median
Polyolefins,42,0.9761904761904762,0.07619047619047614,354.0952380952381,True,family,Mondrian-similarity,scaffold_0,scaffold,median
Polysulfones,48,0.9791666666666666,0.07916666666666661,370.5833333333333,True,family,Mondrian-similarity,scaffold_0,scaffold,median
Polyamides,195,0.9794871794871794,0.07948717948717943,371.0769230769231,True,family,Mondrian-similarity,scaffold_0,scaffold,median
Polyurethanes,50,0.98,0.07999999999999996,367.28,True,family,Mondrian-similarity,scaffold_0,scaffold,median
Polyesters,159,0.9874213836477987,0.08742138364779872,373.2201257861635,True,family,Mondrian-similarity,scaffold_0,scaffold,median
Polyacrylics,168,0.9880952380952381,0.08809523809523812,370.3095238095238,True,family,Mondrian-similarity,scaffold_0,scaffold,median
Polydienes,20,1.0,0.09999999999999998,348.5,True,family,Mondrian-similarity,scaffold_0,scaffold,median
Polyvinyls,70,1.0,0.09999999999999998,375.45714285714286,True,family,Mondrian-similarity,scaffold_0,scaffold,median
Polyhalo-olefins,10,1.0,0.09999999999999998,348.4,True,family,Mondrian-similarity,scaffold_0,scaffold,median
Polycarbonates,20,1.0,0.09999999999999998,360.4,True,family,Mondrian-similarity,scaffold_0,scaffold,median
Polyanhydrides,4,1.0,0.09999999999999998,366.0,False,family,Mondrian-similarity,scaffold_0,scaffold,median
Polyureas,8,1.0,0.09999999999999998,371.75,False,family,Mondrian-similarity,scaffold_0,scaffold,median
4,169,0.9112426035502958,0.011242603550295827,363.7751479289941,True,similarity,Mondrian-family,scaffold_0,scaffold,median
5,306,0.9444444444444444,0.0444444444444444,365.61960784313726,True,similarity,Mondrian-family,scaffold_0,scaffold,median
1,341,0.9560117302052786,0.05601173020527861,370.4211143695015,True,similarity,Mondrian-family,scaffold_0,scaffold,median
0,251,0.9681274900398407,0.06812749003984064,373.14581673306776,True,similarity,Mondrian-family,scaffold_0,scaffold,median
2,282,0.9787234042553191,0.0787234042553191,364.18510638297874,True,similarity,Mondrian-family,scaffold_0,scaffold,median
3,210,0.9952380952380953,0.09523809523809523,354.4714285714286,True,similarity,Mondrian-family,scaffold_0,scaffold,median
Polysulfides,14,0.7857142857142857,-0.11428571428571432,364.0,True,family,Mondrian-family,scaffold_0,scaffold,median
Other backbone,17,0.8235294117647058,-0.07647058823529418,364.0,True,family,Mondrian-family,scaffold_0,scaffold,median
Polycarbonates,20,0.85,-0.050000000000000044,276.0,True,family,Mondrian-family,scaffold_0,scaffold,median
Polysulfones,48,0.9166666666666666,0.016666666666666607,300.0,True,family,Mondrian-family,scaffold_0,scaffold,median
Polyimides,232,0.9267241379310345,0.026724137931034453,392.0,True,family,Mondrian-family,scaffold_0,scaffold,median
Polyphosphazenes,15,0.9333333333333333,0.033333333333333326,364.0,True,family,Mondrian-family,scaffold_0,scaffold,median
Polyolefins,42,0.9523809523809523,0.052380952380952306,364.0,True,family,Mondrian-family,scaffold_0,scaffold,median
Polyamides,195,0.958974358974359,0.05897435897435899,290.0,True,family,Mondrian-family,scaffold_0,scaffold,median
Polyurethanes,50,0.96,0.05999999999999994,294.0,True,family,Mondrian-family,scaffold_0,scaffold,median
Polystyrenes,185,0.9621621621621622,0.06216216216216219,364.0,True,family,Mondrian-family,scaffold_0,scaffold,median
Polyethers,120,0.9666666666666667,0.06666666666666665,373.80000000000007,True,family,Mondrian-family,scaffold_0,scaffold,median
Polyesters,159,0.9748427672955975,0.07484276729559747,360.0,True,family,Mondrian-family,scaffold_0,scaffold,median
Polyacrylics,168,0.9821428571428571,0.08214285714285707,350.0,True,family,Mondrian-family,scaffold_0,scaffold,median
Polyphenylenes,120,0.9916666666666667,0.09166666666666667,462.0,True,family,Mondrian-family,scaffold_0,scaffold,median
Polyhalo-olefins,10,1.0,0.09999999999999998,364.0,True,family,Mondrian-family,scaffold_0,scaffold,median
Polydienes,20,1.0,0.09999999999999998,364.0,True,family,Mondrian-family,scaffold_0,scaffold,median
Polyvinyls,70,1.0,0.09999999999999998,430.0,True,family,Mondrian-family,scaffold_0,scaffold,median
Polyanhydrides,4,1.0,0.09999999999999998,364.0,False,family,Mondrian-family,scaffold_0,scaffold,median
Polyureas,8,1.0,0.09999999999999998,364.0,False,family,Mondrian-family,scaffold_0,scaffold,median
Polyimines,16,1.0,0.09999999999999998,364.0,True,family,Mondrian-family,scaffold_0,scaffold,median
Polysiloxanes,46,1.0,0.09999999999999998,466.0,True,family,Mondrian-family,scaffold_0,scaffold,median
0,251,0.6254980079681275,-0.27450199203187253,179.98428424692145,True,similarity,Normalised SCP,scaffold_0,scaffold,median
1,341,0.7214076246334311,-0.1785923753665689,210.0801950920788,True,similarity,Normalised SCP,scaffold_0,scaffold,median
2,282,0.7730496453900709,-0.1269503546099291,220.2675176533861,True,similarity,Normalised SCP,scaffold_0,scaffold,median
3,210,0.8428571428571429,-0.05714285714285716,245.42137589452204,True,similarity,Normalised SCP,scaffold_0,scaffold,median
4,169,0.9053254437869822,0.005325443786982187,297.2449059290319,True,similarity,Normalised SCP,scaffold_0,scaffold,median
5,306,0.9248366013071896,0.024836601307189565,313.68456651608824,True,similarity,Normalised SCP,scaffold_0,scaffold,median
Other backbone,17,0.35294117647058826,-0.5470588235294118,237.3975267738872,True,family,Normalised SCP,scaffold_0,scaffold,median
Polyphosphazenes,15,0.4,-0.5,206.15345291587266,True,family,Normalised SCP,scaffold_0,scaffold,median
Polyolefins,42,0.5476190476190477,-0.35238095238095235,167.22614100495537,True,family,Normalised SCP,scaffold_0,scaffold,median
Polysulfides,14,0.6428571428571429,-0.2571428571428571,237.63166293717063,True,family,Normalised SCP,scaffold_0,scaffold,median
Polydienes,20,0.65,-0.25,196.0608986433506,True,family,Normalised SCP,scaffold_0,scaffold,median
Polysiloxanes,46,0.6521739130434783,-0.24782608695652175,332.3522734645123,True,family,Normalised SCP,scaffold_0,scaffold,median
Polycarbonates,20,0.7,-0.20000000000000007,224.70920225564745,True,family,Normalised SCP,scaffold_0,scaffold,median
Polyvinyls,70,0.7142857142857143,-0.18571428571428572,182.5489008025711,True,family,Normalised SCP,scaffold_0,scaffold,median
Polyphenylenes,120,0.7166666666666667,-0.18333333333333335,235.9407627194231,True,family,Normalised SCP,scaffold_0,scaffold,median
Polyacrylics,168,0.7261904761904762,-0.17380952380952386,188.90598261361825,True,family,Normalised SCP,scaffold_0,scaffold,median
Polyurethanes,50,0.74,-0.16000000000000003,205.80697761927632,True,family,Normalised SCP,scaffold_0,scaffold,median
Polyethers,120,0.7583333333333333,-0.14166666666666672,210.59697186177664,True,family,Normalised SCP,scaffold_0,scaffold,median
Polystyrenes,185,0.7675675675675676,-0.1324324324324324,191.36468219016524,True,family,Normalised SCP,scaffold_0,scaffold,median
Polyesters,159,0.8050314465408805,-0.09496855345911948,250.73107422950386,True,family,Normalised SCP,scaffold_0,scaffold,median
Polyimines,16,0.8125,-0.08750000000000002,223.02787988010593,True,family,Normalised SCP,scaffold_0,scaffold,median
Polysulfones,48,0.875,-0.025000000000000022,237.88972327990828,True,family,Normalised SCP,scaffold_0,scaffold,median
Polyureas,8,0.875,-0.025000000000000022,206.45591833617098,False,family,Normalised SCP,scaffold_0,scaffold,median
Polyamides,195,0.8923076923076924,-0.007692307692307665,224.71344854247036,True,family,Normalised SCP,scaffold_0,scaffold,median
Polyimides,232,0.978448275862069,0.07844827586206893,385.2102175836282,True,family,Normalised SCP,scaffold_0,scaffold,median
Polyhalo-olefins,10,1.0,0.09999999999999998,124.32207424388989,True,family,Normalised SCP,scaffold_0,scaffold,median
Polyanhydrides,4,1.0,0.09999999999999998,194.7659228408766,False,family,Normalised SCP,scaffold_0,scaffold,median
0,251,0.7051792828685259,-0.19482071713147409,132.6216093709675,True,similarity,SCP,scaffold_0,scaffold,svr
1,341,0.7917888563049853,-0.10821114369501472,132.6216093709675,True,similarity,SCP,scaffold_0,scaffold,svr
2,282,0.8475177304964538,-0.052482269503546175,132.62160937096746,True,similarity,SCP,scaffold_0,scaffold,svr
3,210,0.9,0.0,132.62160937096746,True,similarity,SCP,scaffold_0,scaffold,svr
4,169,0.9171597633136095,0.017159763313609466,132.62160937096746,True,similarity,SCP,scaffold_0,scaffold,svr
5,306,0.9313725490196079,0.03137254901960784,132.62160937096746,True,similarity,SCP,scaffold_0,scaffold,svr
Polyolefins,42,0.5476190476190477,-0.35238095238095235,132.62160937096746,True,family,SCP,scaffold_0,scaffold,svr
Polydienes,20,0.55,-0.35,132.6216093709674,True,family,SCP,scaffold_0,scaffold,svr
Polysulfides,14,0.6428571428571429,-0.2571428571428571,132.62160937096746,True,family,SCP,scaffold_0,scaffold,svr
Polyphosphazenes,15,0.6666666666666666,-0.2333333333333334,132.62160937096746,True,family,SCP,scaffold_0,scaffold,svr
Polyhalo-olefins,10,0.7,-0.20000000000000007,132.62160937096746,True,family,SCP,scaffold_0,scaffold,svr
Polysiloxanes,46,0.717391304347826,-0.18260869565217397,132.62160937096743,True,family,SCP,scaffold_0,scaffold,svr
Polyurethanes,50,0.72,-0.18000000000000005,132.62160937096746,True,family,SCP,scaffold_0,scaffold,svr
Polystyrenes,185,0.7351351351351352,-0.16486486486486485,132.62160937096746,True,family,SCP,scaffold_0,scaffold,svr
Polyethers,120,0.8083333333333333,-0.09166666666666667,132.62160937096746,True,family,SCP,scaffold_0,scaffold,svr
Polyimines,16,0.8125,-0.08750000000000002,132.62160937096746,True,family,SCP,scaffold_0,scaffold,svr
Polyacrylics,168,0.8511904761904762,-0.04880952380952386,132.62160937096746,True,family,SCP,scaffold_0,scaffold,svr
Polyphenylenes,120,0.875,-0.025000000000000022,132.62160937096746,True,family,SCP,scaffold_0,scaffold,svr
Polycarbonates,20,0.9,0.0,132.6216093709674,True,family,SCP,scaffold_0,scaffold,svr
Polyamides,195,0.9025641025641026,0.002564102564102555,132.6216093709675,True,family,SCP,scaffold_0,scaffold,svr
Polyvinyls,70,0.9142857142857143,0.014285714285714235,132.62160937096752,True,family,SCP,scaffold_0,scaffold,svr
Polyesters,159,0.9182389937106918,0.01823899371069182,132.6216093709675,True,family,SCP,scaffold_0,scaffold,svr
Polyimides,232,0.9267241379310345,0.026724137931034453,132.62160937096746,True,family,SCP,scaffold_0,scaffold,svr
Polysulfones,48,0.9375,0.03749999999999998,132.62160937096746,True,family,SCP,scaffold_0,scaffold,svr
Other backbone,17,0.9411764705882353,0.04117647058823526,132.62160937096746,True,family,SCP,scaffold_0,scaffold,svr
Polyanhydrides,4,1.0,0.09999999999999998,132.62160937096746,False,family,SCP,scaffold_0,scaffold,svr
Polyureas,8,1.0,0.09999999999999998,132.62160937096746,False,family,SCP,scaffold_0,scaffold,svr
5,306,0.8954248366013072,-0.004575163398692794,100.54684801957482,True,similarity,Mondrian-similarity,scaffold_0,scaffold,svr
1,341,0.9149560117302052,0.014956011730205221,196.19809388536586,True,similarity,Mondrian-similarity,scaffold_0,scaffold,svr
0,251,0.9243027888446215,0.024302788844621448,291.66018009750996,True,similarity,Mondrian-similarity,scaffold_0,scaffold,svr
4,169,0.9289940828402367,0.028994082840236635,147.25763186650107,True,similarity,Mondrian-similarity,scaffold_0,scaffold,svr
3,210,0.9428571428571428,0.042857142857142816,157.0072867656927,True,similarity,Mondrian-similarity,scaffold_0,scaffold,svr
2,282,0.9468085106382979,0.04680851063829783,197.9907839468244,True,similarity,Mondrian-similarity,scaffold_0,scaffold,svr
Polyurethanes,50,0.78,-0.12,172.08223351550004,True,family,Mondrian-similarity,scaffold_0,scaffold,svr
Polydienes,20,0.8,-0.09999999999999998,267.7946585444741,True,family,Mondrian-similarity,scaffold_0,scaffold,svr
Polyimines,16,0.8125,-0.08750000000000002,170.7130748728814,True,family,Mondrian-similarity,scaffold_0,scaffold,svr
Polysulfides,14,0.8571428571428571,-0.04285714285714293,206.54184045063397,True,family,Mondrian-similarity,scaffold_0,scaffold,svr
Polyphosphazenes,15,0.8666666666666667,-0.033333333333333326,215.87352364964607,True,family,Mondrian-similarity,scaffold_0,scaffold,svr
Polystyrenes,185,0.8918918918918919,-0.008108108108108136,215.7727086829185,True,family,Mondrian-similarity,scaffold_0,scaffold,svr
Polycarbonates,20,0.9,0.0,207.9887015810039,True,family,Mondrian-similarity,scaffold_0,scaffold,svr
Polyhalo-olefins,10,0.9,0.0,238.99725885882208,True,family,Mondrian-similarity,scaffold_0,scaffold,svr
Polyethers,120,0.9083333333333333,0.008333333333333304,187.45427117925976,True,family,Mondrian-similarity,scaffold_0,scaffold,svr
Polyphenylenes,120,0.925,0.025000000000000022,206.6581283478916,True,family,Mondrian-similarity,scaffold_0,scaffold,svr
Polyimides,232,0.9267241379310345,0.026724137931034453,128.7201045539207,True,family,Mondrian-similarity,scaffold_0,scaffold,svr
Polyamides,195,0.9282051282051282,0.028205128205128216,168.95827485285344,True,family,Mondrian-similarity,scaffold_0,scaffold,svr
Polyolefins,42,0.9285714285714286,0.02857142857142858,253.04853906634048,True,family,Mondrian-similarity,scaffold_0,scaffold,svr
Polysiloxanes,46,0.9347826086956522,0.034782608695652195,190.95360667026046,True,family,Mondrian-similarity,scaffold_0,scaffold,svr
Polysulfones,48,0.9375,0.03749999999999998,162.63918885853772,True,family,Mondrian-similarity,scaffold_0,scaffold,svr
Polyesters,159,0.9559748427672956,0.055974842767295585,164.0797389366086,True,family,Mondrian-similarity,scaffold_0,scaffold,svr
Polyacrylics,168,0.9702380952380952,0.07023809523809521,192.14404967435678,True,family,Mondrian-similarity,scaffold_0,scaffold,svr
Polyvinyls,70,0.9714285714285714,0.0714285714285714,198.91433614766976,True,family,Mondrian-similarity,scaffold_0,scaffold,svr
Other backbone,17,1.0,0.09999999999999998,214.24885571351297,True,family,Mondrian-similarity,scaffold_0,scaffold,svr
Polyanhydrides,4,1.0,0.09999999999999998,150.25246513428363,False,family,Mondrian-similarity,scaffold_0,scaffold,svr
Polyureas,8,1.0,0.09999999999999998,177.7671521577757,False,family,Mondrian-similarity,scaffold_0,scaffold,svr
0,251,0.7171314741035857,-0.18286852589641434,140.57472306811223,True,similarity,Mondrian-family,scaffold_0,scaffold,svr
1,341,0.7888563049853372,-0.11114369501466281,130.22207412160782,True,similarity,Mondrian-family,scaffold_0,scaffold,svr
2,282,0.8333333333333334,-0.06666666666666665,131.14563544677702,True,similarity,Mondrian-family,scaffold_0,scaffold,svr
3,210,0.9047619047619048,0.004761904761904745,134.65542371247076,True,similarity,Mondrian-family,scaffold_0,scaffold,svr
4,169,0.9053254437869822,0.005325443786982187,134.63278175418463,True,similarity,Mondrian-family,scaffold_0,scaffold,svr
5,306,0.9313725490196079,0.03137254901960784,129.343472386594,True,similarity,Mondrian-family,scaffold_0,scaffold,svr
Polyolefins,42,0.5476190476190477,-0.35238095238095235,132.62160937096746,True,family,Mondrian-family,scaffold_0,scaffold,svr
Polydienes,20,0.55,-0.35,132.6216093709674,True,family,Mondrian-family,scaffold_0,scaffold,svr
Polysiloxanes,46,0.6304347826086957,-0.26956521739130435,108.33986235456122,True,family,Mondrian-family,scaffold_0,scaffold,svr
Polysulfides,14,0.6428571428571429,-0.2571428571428571,132.62160937096746,True,family,Mondrian-family,scaffold_0,scaffold,svr
Polyphosphazenes,15,0.6666666666666666,-0.2333333333333334,132.62160937096746,True,family,Mondrian-family,scaffold_0,scaffold,svr
Polyhalo-olefins,10,0.7,-0.20000000000000007,132.62160937096746,True,family,Mondrian-family,scaffold_0,scaffold,svr
Polystyrenes,185,0.7351351351351352,-0.16486486486486485,132.62160937096746,True,family,Mondrian-family,scaffold_0,scaffold,svr
Polyethers,120,0.8,-0.09999999999999998,123.55795823198356,True,family,Mondrian-family,scaffold_0,scaffold,svr
Polyimines,16,0.8125,-0.08750000000000002,132.62160937096746,True,family,Mondrian-family,scaffold_0,scaffold,svr
Polyamides,195,0.8615384615384616,-0.038461538461538436,107.13249737301999,True,family,Mondrian-family,scaffold_0,scaffold,svr
Polyacrylics,168,0.8690476190476191,-0.030952380952380953,137.26481942520704,True,family,Mondrian-family,scaffold_0,scaffold,svr
Polyesters,159,0.8805031446540881,-0.019496855345911945,110.55365220693034,True,family,Mondrian-family,scaffold_0,scaffold,svr
Polyvinyls,70,0.8857142857142857,-0.014285714285714346,99.0379454326223,True,family,Mondrian-family,scaffold_0,scaffold,svr
Polycarbonates,20,0.9,0.0,164.09226156400987,True,family,Mondrian-family,scaffold_0,scaffold,svr
Polyurethanes,50,0.9,0.0,239.0392639857196,True,family,Mondrian-family,scaffold_0,scaffold,svr
Polyimides,232,0.9224137931034483,0.022413793103448265,128.674395332039,True,family,Mondrian-family,scaffold_0,scaffold,svr
Polyphenylenes,120,0.9333333333333333,0.033333333333333326,192.73300215382048,True,family,Mondrian-family,scaffold_0,scaffold,svr
Polysulfones,48,0.9375,0.03749999999999998,143.7114648244676,True,family,Mondrian-family,scaffold_0,scaffold,svr
Other backbone,17,0.9411764705882353,0.04117647058823526,132.62160937096746,True,family,Mondrian-family,scaffold_0,scaffold,svr
Polyanhydrides,4,1.0,0.09999999999999998,132.62160937096746,False,family,Mondrian-family,scaffold_0,scaffold,svr
Polyureas,8,1.0,0.09999999999999998,132.62160937096746,False,family,Mondrian-family,scaffold_0,scaffold,svr
0,251,0.8007968127490039,-0.09920318725099608,178.71089130860412,True,similarity,Normalised SCP,scaffold_0,scaffold,svr
3,210,0.8476190476190476,-0.05238095238095242,126.9787115748632,True,similarity,Normalised SCP,scaffold_0,scaffold,svr
2,282,0.8546099290780141,-0.04539007092198588,144.2050522018105,True,similarity,Normalised SCP,scaffold_0,scaffold,svr
1,341,0.8563049853372434,-0.043695014662756604,159.9660067388727,True,similarity,Normalised SCP,scaffold_0,scaffold,svr
5,306,0.9215686274509803,0.021568627450980316,110.03321957490857,True,similarity,Normalised SCP,scaffold_0,scaffold,svr
4,169,0.9230769230769231,0.023076923076923106,128.36459980063535,True,similarity,Normalised SCP,scaffold_0,scaffold,svr
Polyphosphazenes,15,0.6,-0.30000000000000004,169.3323860241636,True,family,Normalised SCP,scaffold_0,scaffold,svr
Polyurethanes,50,0.74,-0.16000000000000003,124.41627937559583,True,family,Normalised SCP,scaffold_0,scaffold,svr
Polydienes,20,0.75,-0.15000000000000002,220.31087798282107,True,family,Normalised SCP,scaffold_0,scaffold,svr
Polysulfides,14,0.7857142857142857,-0.11428571428571432,174.3156238497642,True,family,Normalised SCP,scaffold_0,scaffold,svr
Polyolefins,42,0.8095238095238095,-0.09047619047619049,187.39446974187803,True,family,Normalised SCP,scaffold_0,scaffold,svr
Polyamides,195,0.8102564102564103,-0.08974358974358976,114.88353923180402,True,family,Normalised SCP,scaffold_0,scaffold,svr
Polyimines,16,0.8125,-0.08750000000000002,130.67636653648563,True,family,Normalised SCP,scaffold_0,scaffold,svr
Polyethers,120,0.8166666666666667,-0.08333333333333337,135.36069427335875,True,family,Normalised SCP,scaffold_0,scaffold,svr
Polyacrylics,168,0.8690476190476191,-0.030952380952380953,149.71949693142108,True,family,Normalised SCP,scaffold_0,scaffold,svr
Polystyrenes,185,0.8702702702702703,-0.02972972972972976,166.08632519808685,True,family,Normalised SCP,scaffold_0,scaffold,svr
Polyesters,159,0.8742138364779874,-0.025786163522012573,116.54794524144062,True,family,Normalised SCP,scaffold_0,scaffold,svr
Polysiloxanes,46,0.8913043478260869,-0.008695652173913104,179.34708442055057,True,family,Normalised SCP,scaffold_0,scaffold,svr
Polyphenylenes,120,0.9,0.0,177.00219462071456,True,family,Normalised SCP,scaffold_0,scaffold,svr
Polyimides,232,0.9008620689655172,0.0008620689655172153,110.62273333112539,True,family,Normalised SCP,scaffold_0,scaffold,svr
Polysulfones,48,0.9166666666666666,0.016666666666666607,132.2883550291724,True,family,Normalised SCP,scaffold_0,scaffold,svr
Other backbone,17,0.9411764705882353,0.04117647058823526,182.20039619439086,True,family,Normalised SCP,scaffold_0,scaffold,svr
Polyvinyls,70,0.9857142857142858,0.08571428571428574,178.11127196597891,True,family,Normalised SCP,scaffold_0,scaffold,svr
Polyhalo-olefins,10,1.0,0.09999999999999998,189.8932878936539,True,family,Normalised SCP,scaffold_0,scaffold,svr
Polycarbonates,20,1.0,0.09999999999999998,159.91960129540553,True,family,Normalised SCP,scaffold_0,scaffold,svr
Polyanhydrides,4,1.0,0.09999999999999998,143.3663930958084,False,family,Normalised SCP,scaffold_0,scaffold,svr
Polyureas,8,1.0,0.09999999999999998,91.88500163953103,False,family,Normalised SCP,scaffold_0,scaffold,svr
0,251,0.5577689243027888,-0.34223107569721123,123.57079999999999,True,similarity,SCP,scaffold_0,scaffold,random_forest
1,341,0.7126099706744868,-0.18739002932551319,123.57079999999998,True,similarity,SCP,scaffold_0,scaffold,random_forest
2,282,0.75177304964539,-0.14822695035460998,123.57079999999999,True,similarity,SCP,scaffold_0,scaffold,random_forest
3,210,0.8238095238095238,-0.07619047619047625,123.57079999999996,True,similarity,SCP,scaffold_0,scaffold,random_forest
4,169,0.8461538461538461,-0.05384615384615388,123.57079999999995,True,similarity,SCP,scaffold_0,scaffold,random_forest
5,306,0.9215686274509803,0.021568627450980316,123.57079999999995,True,similarity,SCP,scaffold_0,scaffold,random_forest
Polydienes,20,0.25,-0.65,123.57079999999999,True,family,SCP,scaffold_0,scaffold,random_forest
Other backbone,17,0.29411764705882354,-0.6058823529411765,123.57079999999999,True,family,SCP,scaffold_0,scaffold,random_forest
Polyphosphazenes,15,0.3333333333333333,-0.5666666666666667,123.57079999999998,True,family,SCP,scaffold_0,scaffold,random_forest
Polyolefins,42,0.40476190476190477,-0.49523809523809526,123.5708,True,family,SCP,scaffold_0,scaffold,random_forest
Polysiloxanes,46,0.4782608695652174,-0.4217391304347826,123.57080000000006,True,family,SCP,scaffold_0,scaffold,random_forest
Polysulfides,14,0.5,-0.4,123.57079999999998,True,family,SCP,scaffold_0,scaffold,random_forest
Polyanhydrides,4,0.5,-0.4,123.5708,False,family,SCP,scaffold_0,scaffold,random_forest
Polyesters,159,0.7169811320754716,-0.18301886792452837,123.57079999999995,True,family,SCP,scaffold_0,scaffold,random_forest
Polyphenylenes,120,0.725,-0.17500000000000004,123.57079999999998,True,family,SCP,scaffold_0,scaffold,random_forest
Polyacrylics,168,0.7380952380952381,-0.16190476190476188,123.57079999999999,True,family,SCP,scaffold_0,scaffold,random_forest
Polyimines,16,0.75,-0.15000000000000002,123.57079999999999,True,family,SCP,scaffold_0,scaffold,random_forest
Polyurethanes,50,0.76,-0.14,123.57080000000002,True,family,SCP,scaffold_0,scaffold,random_forest
Polystyrenes,185,0.772972972972973,-0.12702702702702706,123.57079999999999,True,family,SCP,scaffold_0,scaffold,random_forest
Polyethers,120,0.8083333333333333,-0.09166666666666667,123.57079999999996,True,family,SCP,scaffold_0,scaffold,random_forest
Polysulfones,48,0.8333333333333334,-0.06666666666666665,123.57079999999998,True,family,SCP,scaffold_0,scaffold,random_forest
Polyvinyls,70,0.8428571428571429,-0.05714285714285716,123.57079999999998,True,family,SCP,scaffold_0,scaffold,random_forest
Polycarbonates,20,0.85,-0.050000000000000044,123.57079999999999,True,family,SCP,scaffold_0,scaffold,random_forest
Polyamides,195,0.8666666666666667,-0.033333333333333326,123.57079999999996,True,family,SCP,scaffold_0,scaffold,random_forest
Polyimides,232,0.9137931034482759,0.01379310344827589,123.57079999999996,True,family,SCP,scaffold_0,scaffold,random_forest
Polyhalo-olefins,10,1.0,0.09999999999999998,123.57079999999999,True,family,SCP,scaffold_0,scaffold,random_forest
Polyureas,8,1.0,0.09999999999999998,123.57079999999999,False,family,SCP,scaffold_0,scaffold,random_forest
5,306,0.8398692810457516,-0.060130718954248374,99.41499999999928,True,similarity,Mondrian-similarity,scaffold_0,scaffold,random_forest
4,169,0.8520710059171598,-0.04792899408284024,128.56976000000006,True,similarity,Mondrian-similarity,scaffold_0,scaffold,random_forest
2,282,0.875886524822695,-0.024113475177305,171.10979999999995,True,similarity,Mondrian-similarity,scaffold_0,scaffold,random_forest
1,341,0.8768328445747801,-0.023167155425219965,174.91280000000006,True,similarity,Mondrian-similarity,scaffold_0,scaffold,random_forest
3,210,0.8952380952380953,-0.004761904761904745,143.21028,True,similarity,Mondrian-similarity,scaffold_0,scaffold,random_forest
0,251,0.9362549800796812,0.0362549800796812,302.4687599999999,True,similarity,Mondrian-similarity,scaffold_0,scaffold,random_forest
Other backbone,17,0.5294117647058824,-0.37058823529411766,203.81109176470582,True,family,Mondrian-similarity,scaffold_0,scaffold,random_forest
Polysiloxanes,46,0.6086956521739131,-0.29130434782608694,177.26269826086946,True,family,Mondrian-similarity,scaffold_0,scaffold,random_forest
Polysulfides,14,0.7142857142857143,-0.18571428571428572,204.15533714285695,True,family,Mondrian-similarity,scaffold_0,scaffold,random_forest
Polyanhydrides,4,0.75,-0.15000000000000002,136.52695999999983,False,family,Mondrian-similarity,scaffold_0,scaffold,random_forest
Polyphosphazenes,15,0.8,-0.09999999999999998,210.4122399999999,True,family,Mondrian-similarity,scaffold_0,scaffold,random_forest
Polydienes,20,0.8,-0.09999999999999998,270.57976999999994,True,family,Mondrian-similarity,scaffold_0,scaffold,random_forest
Polyesters,159,0.8176100628930818,-0.08238993710691822,147.882487798742,True,family,Mondrian-similarity,scaffold_0,scaffold,random_forest
Polyurethanes,50,0.82,-0.08000000000000007,159.56151839999987,True,family,Mondrian-similarity,scaffold_0,scaffold,random_forest
Polyolefins,42,0.8571428571428571,-0.04285714285714293,251.48810666666662,True,family,Mondrian-similarity,scaffold_0,scaffold,random_forest
Polyimines,16,0.875,-0.025000000000000022,162.18742249999983,True,family,Mondrian-similarity,scaffold_0,scaffold,random_forest
Polysulfones,48,0.875,-0.025000000000000022,149.09867999999983,True,family,Mondrian-similarity,scaffold_0,scaffold,random_forest
Polyphenylenes,120,0.8833333333333333,-0.01666666666666672,196.78558233333328,True,family,Mondrian-similarity,scaffold_0,scaffold,random_forest
Polyimides,232,0.896551724137931,-0.0034482758620689724,119.8390203448272,True,family,Mondrian-similarity,scaffold_0,scaffold,random_forest
Polycarbonates,20,0.9,0.0,198.78161599999996,True,family,Mondrian-similarity,scaffold_0,scaffold,random_forest
Polyhalo-olefins,10,0.9,0.0,244.46810799999986,True,family,Mondrian-similarity,scaffold_0,scaffold,random_forest
Polyacrylics,168,0.9047619047619048,0.004761904761904745,177.05479666666662,True,family,Mondrian-similarity,scaffold_0,scaffold,random_forest
Polyethers,120,0.9083333333333333,0.008333333333333304,180.3680993333331,True,family,Mondrian-similarity,scaffold_0,scaffold,random_forest
Polyamides,195,0.9128205128205128,0.012820512820512775,155.44525189743572,True,family,Mondrian-similarity,scaffold_0,scaffold,random_forest
Polystyrenes,185,0.9405405405405406,0.04054054054054057,201.49787718918918,True,family,Mondrian-similarity,scaffold_0,scaffold,random_forest
Polyvinyls,70,0.9571428571428572,0.05714285714285716,179.1125497142857,True,family,Mondrian-similarity,scaffold_0,scaffold,random_forest
Polyureas,8,1.0,0.09999999999999998,161.41752000000002,False,family,Mondrian-similarity,scaffold_0,scaffold,random_forest
0,251,0.5577689243027888,-0.34223107569721123,129.82883952191236,True,similarity,Mondrian-family,scaffold_0,scaffold,random_forest
1,341,0.6832844574780058,-0.2167155425219942,121.34279090909094,True,similarity,Mondrian-family,scaffold_0,scaffold,random_forest
2,282,0.75177304964539,-0.14822695035460998,122.88416148936173,True,similarity,Mondrian-family,scaffold_0,scaffold,random_forest
3,210,0.8142857142857143,-0.08571428571428574,124.15521542857148,True,similarity,Mondrian-family,scaffold_0,scaffold,random_forest
4,169,0.834319526627219,-0.06568047337278105,125.60339171597636,True,similarity,Mondrian-family,scaffold_0,scaffold,random_forest
5,306,0.9150326797385621,0.015032679738562038,122.44114705882356,True,similarity,Mondrian-family,scaffold_0,scaffold,random_forest
Polydienes,20,0.25,-0.65,123.57079999999999,True,family,Mondrian-family,scaffold_0,scaffold,random_forest
Other backbone,17,0.29411764705882354,-0.6058823529411765,123.57079999999999,True,family,Mondrian-family,scaffold_0,scaffold,random_forest
Polyphosphazenes,15,0.3333333333333333,-0.5666666666666667,123.57079999999998,True,family,Mondrian-family,scaffold_0,scaffold,random_forest
Polyolefins,42,0.40476190476190477,-0.49523809523809526,123.5708,True,family,Mondrian-family,scaffold_0,scaffold,random_forest
Polysiloxanes,46,0.4782608695652174,-0.4217391304347826,126.55509999999994,True,family,Mondrian-family,scaffold_0,scaffold,random_forest
Polysulfides,14,0.5,-0.4,123.57079999999998,True,family,Mondrian-family,scaffold_0,scaffold,random_forest
Polyanhydrides,4,0.5,-0.4,123.5708,False,family,Mondrian-family,scaffold_0,scaffold,random_forest
Polyesters,159,0.660377358490566,-0.23962264150943402,110.05304000000004,True,family,Mondrian-family,scaffold_0,scaffold,random_forest
Polyacrylics,168,0.6845238095238095,-0.2154761904761905,109.98099999999998,True,family,Mondrian-family,scaffold_0,scaffold,random_forest
Polyimines,16,0.75,-0.15000000000000002,123.57079999999999,True,family,Mondrian-family,scaffold_0,scaffold,random_forest
Polyvinyls,70,0.7571428571428571,-0.1428571428571429,103.7936,True,family,Mondrian-family,scaffold_0,scaffold,random_forest
Polystyrenes,185,0.772972972972973,-0.12702702702702706,123.57079999999999,True,family,Mondrian-family,scaffold_0,scaffold,random_forest
Polyphenylenes,120,0.7916666666666666,-0.10833333333333339,163.8978400000001,True,family,Mondrian-family,scaffold_0,scaffold,random_forest
Polysulfones,48,0.8125,-0.08750000000000002,110.51711999999999,True,family,Mondrian-family,scaffold_0,scaffold,random_forest
Polyethers,120,0.8166666666666667,-0.08333333333333337,129.12519999999995,True,family,Mondrian-family,scaffold_0,scaffold,random_forest
Polyamides,195,0.8358974358974359,-0.0641025641025641,112.4124000000001,True,family,Mondrian-family,scaffold_0,scaffold,random_forest
Polycarbonates,20,0.9,0.0,133.7832600000001,True,family,Mondrian-family,scaffold_0,scaffold,random_forest
Polyimides,232,0.9008620689655172,0.0008620689655172153,119.15884000000005,True,family,Mondrian-family,scaffold_0,scaffold,random_forest
Polyurethanes,50,0.92,0.020000000000000018,214.24079999999995,True,family,Mondrian-family,scaffold_0,scaffold,random_forest
Polyhalo-olefins,10,1.0,0.09999999999999998,123.57079999999999,True,family,Mondrian-family,scaffold_0,scaffold,random_forest
Polyureas,8,1.0,0.09999999999999998,123.57079999999999,False,family,Mondrian-family,scaffold_0,scaffold,random_forest
0,251,0.6852589641434262,-0.21474103585657378,170.39790717026756,True,similarity,Normalised SCP,scaffold_0,scaffold,random_forest
1,341,0.7595307917888563,-0.14046920821114373,143.45876380132657,True,similarity,Normalised SCP,scaffold_0,scaffold,random_forest
3,210,0.8,-0.09999999999999998,120.57080981064958,True,similarity,Normalised SCP,scaffold_0,scaffold,random_forest
2,282,0.8049645390070922,-0.09503546099290783,136.47926314044906,True,similarity,Normalised SCP,scaffold_0,scaffold,random_forest
4,169,0.8698224852071006,-0.03017751479289943,128.68701830346427,True,similarity,Normalised SCP,scaffold_0,scaffold,random_forest
5,306,0.8856209150326797,-0.014379084967320321,110.6086703087264,True,similarity,Normalised SCP,scaffold_0,scaffold,random_forest
Polyphosphazenes,15,0.4,-0.5,135.4392174940712,True,family,Normalised SCP,scaffold_0,scaffold,random_forest
Polyanhydrides,4,0.5,-0.4,126.46250562835476,False,family,Normalised SCP,scaffold_0,scaffold,random_forest
Polyolefins,42,0.5952380952380952,-0.3047619047619048,183.649268747958,True,family,Normalised SCP,scaffold_0,scaffold,random_forest
Polysulfides,14,0.6428571428571429,-0.2571428571428571,195.34452649863093,True,family,Normalised SCP,scaffold_0,scaffold,random_forest
Polyesters,159,0.6477987421383647,-0.2522012578616353,106.92940263759333,True,family,Normalised SCP,scaffold_0,scaffold,random_forest
Polysiloxanes,46,0.6739130434782609,-0.22608695652173916,178.93999783937193,True,family,Normalised SCP,scaffold_0,scaffold,random_forest
Polyimines,16,0.6875,-0.21250000000000002,133.78521586481057,True,family,Normalised SCP,scaffold_0,scaffold,random_forest
Polydienes,20,0.75,-0.15000000000000002,242.3329146323428,True,family,Normalised SCP,scaffold_0,scaffold,random_forest
Polysulfones,48,0.7708333333333334,-0.12916666666666665,130.40860587220104,True,family,Normalised SCP,scaffold_0,scaffold,random_forest
Polyacrylics,168,0.7797619047619048,-0.12023809523809526,135.15217511098646,True,family,Normalised SCP,scaffold_0,scaffold,random_forest
Polyethers,120,0.7916666666666666,-0.10833333333333339,116.62620349411365,True,family,Normalised SCP,scaffold_0,scaffold,random_forest
Polystyrenes,185,0.8054054054054054,-0.09459459459459463,145.09760898496486,True,family,Normalised SCP,scaffold_0,scaffold,random_forest
Polyurethanes,50,0.82,-0.08000000000000007,127.52721494139358,True,family,Normalised SCP,scaffold_0,scaffold,random_forest
Polyamides,195,0.8358974358974359,-0.0641025641025641,115.41085773583185,True,family,Normalised SCP,scaffold_0,scaffold,random_forest
Polyvinyls,70,0.8428571428571429,-0.05714285714285716,127.7300865050795,True,family,Normalised SCP,scaffold_0,scaffold,random_forest
Other backbone,17,0.8823529411764706,-0.01764705882352946,265.678300892107,True,family,Normalised SCP,scaffold_0,scaffold,random_forest
Polyphenylenes,120,0.8916666666666667,-0.008333333333333304,178.32410152314648,True,family,Normalised SCP,scaffold_0,scaffold,random_forest
Polycarbonates,20,0.9,0.0,164.63971083622212,True,family,Normalised SCP,scaffold_0,scaffold,random_forest
Polyimides,232,0.9008620689655172,0.0008620689655172153,115.69250127427338,True,family,Normalised SCP,scaffold_0,scaffold,random_forest
Polyhalo-olefins,10,1.0,0.09999999999999998,136.28173912338985,True,family,Normalised SCP,scaffold_0,scaffold,random_forest
Polyureas,8,1.0,0.09999999999999998,105.90839691591997,False,family,Normalised SCP,scaffold_0,scaffold,random_forest
0,251,0.549800796812749,-0.35019920318725106,113.8395743445137,True,similarity,SCP,scaffold_0,scaffold,hist_gbr
1,341,0.7419354838709677,-0.15806451612903227,113.8395743445137,True,similarity,SCP,scaffold_0,scaffold,hist_gbr
2,282,0.8226950354609929,-0.07730496453900715,113.83957434451371,True,similarity,SCP,scaffold_0,scaffold,hist_gbr
3,210,0.9,0.0,113.83957434451371,True,similarity,SCP,scaffold_0,scaffold,hist_gbr
4,169,0.9112426035502958,0.011242603550295827,113.8395743445137,True,similarity,SCP,scaffold_0,scaffold,hist_gbr
5,306,0.9150326797385621,0.015032679738562038,113.8395743445137,True,similarity,SCP,scaffold_0,scaffold,hist_gbr
Other backbone,17,0.23529411764705882,-0.6647058823529413,113.83957434451366,True,family,SCP,scaffold_0,scaffold,hist_gbr
Polydienes,20,0.45,-0.45,113.83957434451365,True,family,SCP,scaffold_0,scaffold,hist_gbr
Polyanhydrides,4,0.5,-0.4,113.83957434451366,False,family,SCP,scaffold_0,scaffold,hist_gbr
Polyphosphazenes,15,0.5333333333333333,-0.3666666666666667,113.8395743445137,True,family,SCP,scaffold_0,scaffold,hist_gbr
Polysulfides,14,0.5714285714285714,-0.3285714285714286,113.8395743445137,True,family,SCP,scaffold_0,scaffold,hist_gbr
Polyolefins,42,0.5952380952380952,-0.3047619047619048,113.83957434451366,True,family,SCP,scaffold_0,scaffold,hist_gbr
Polysiloxanes,46,0.6086956521739131,-0.29130434782608694,113.83957434451365,True,family,SCP,scaffold_0,scaffold,hist_gbr
Polyhalo-olefins,10,0.7,-0.20000000000000007,113.83957434451368,True,family,SCP,scaffold_0,scaffold,hist_gbr
Polyphenylenes,120,0.725,-0.17500000000000004,113.83957434451371,True,family,SCP,scaffold_0,scaffold,hist_gbr
Polystyrenes,185,0.7567567567567568,-0.14324324324324322,113.8395743445137,True,family,SCP,scaffold_0,scaffold,hist_gbr
Polyurethanes,50,0.8,-0.09999999999999998,113.83957434451368,True,family,SCP,scaffold_0,scaffold,hist_gbr
Polycarbonates,20,0.8,-0.09999999999999998,113.83957434451365,True,family,SCP,scaffold_0,scaffold,hist_gbr
Polyethers,120,0.8083333333333333,-0.09166666666666667,113.83957434451371,True,family,SCP,scaffold_0,scaffold,hist_gbr
Polyimines,16,0.8125,-0.08750000000000002,113.83957434451366,True,family,SCP,scaffold_0,scaffold,hist_gbr
Polysulfones,48,0.8333333333333334,-0.06666666666666665,113.83957434451368,True,family,SCP,scaffold_0,scaffold,hist_gbr
Polyacrylics,168,0.8392857142857143,-0.06071428571428572,113.8395743445137,True,family,SCP,scaffold_0,scaffold,hist_gbr
Polyesters,159,0.8427672955974843,-0.05723270440251571,113.83957434451372,True,family,SCP,scaffold_0,scaffold,hist_gbr
Polyvinyls,70,0.8571428571428571,-0.04285714285714293,113.83957434451368,True,family,SCP,scaffold_0,scaffold,hist_gbr
Polyamides,195,0.8666666666666667,-0.033333333333333326,113.8395743445137,True,family,SCP,scaffold_0,scaffold,hist_gbr
Polyimides,232,0.9051724137931034,0.005172413793103403,113.83957434451368,True,family,SCP,scaffold_0,scaffold,hist_gbr
Polyureas,8,1.0,0.09999999999999998,113.83957434451366,False,family,SCP,scaffold_0,scaffold,hist_gbr
5,306,0.8594771241830066,-0.04052287581699343,90.15826912465273,True,similarity,Mondrian-similarity,scaffold_0,scaffold,hist_gbr
0,251,0.8685258964143426,-0.03147410358565739,225.42438934829502,True,similarity,Mondrian-similarity,scaffold_0,scaffold,hist_gbr
1,341,0.8973607038123167,-0.0026392961876833265,163.8069594004805,True,similarity,Mondrian-similarity,scaffold_0,scaffold,hist_gbr
4,169,0.9171597633136095,0.017159763313609466,116.54448914452959,True,similarity,Mondrian-similarity,scaffold_0,scaffold,hist_gbr
2,282,0.9219858156028369,0.021985815602836856,164.23461632017072,True,similarity,Mondrian-similarity,scaffold_0,scaffold,hist_gbr
3,210,0.9333333333333333,0.033333333333333326,135.66118364840602,True,similarity,Mondrian-similarity,scaffold_0,scaffold,hist_gbr
Polyanhydrides,4,0.5,-0.4,126.54272532951721,False,family,Mondrian-similarity,scaffold_0,scaffold,hist_gbr
Other backbone,17,0.5882352941176471,-0.31176470588235294,174.33650185921442,True,family,Mondrian-similarity,scaffold_0,scaffold,hist_gbr
Polysulfides,14,0.7142857142857143,-0.18571428571428572,165.8571495552666,True,family,Mondrian-similarity,scaffold_0,scaffold,hist_gbr
Polysiloxanes,46,0.717391304347826,-0.18260869565217397,156.4822590289826,True,family,Mondrian-similarity,scaffold_0,scaffold,hist_gbr
Polyphosphazenes,15,0.8,-0.09999999999999998,173.6354000702736,True,family,Mondrian-similarity,scaffold_0,scaffold,hist_gbr
Polydienes,20,0.8,-0.09999999999999998,210.02003186134135,True,family,Mondrian-similarity,scaffold_0,scaffold,hist_gbr
Polyhalo-olefins,10,0.8,-0.09999999999999998,187.48317528319004,True,family,Mondrian-similarity,scaffold_0,scaffold,hist_gbr
Polyimines,16,0.8125,-0.08750000000000002,139.88183298671774,True,family,Mondrian-similarity,scaffold_0,scaffold,hist_gbr
Polyolefins,42,0.8333333333333334,-0.06666666666666665,199.72085349501992,True,family,Mondrian-similarity,scaffold_0,scaffold,hist_gbr
Polycarbonates,20,0.85,-0.050000000000000044,169.25295211218634,True,family,Mondrian-similarity,scaffold_0,scaffold,hist_gbr
Polyphenylenes,120,0.875,-0.025000000000000022,167.82675503121155,True,family,Mondrian-similarity,scaffold_0,scaffold,hist_gbr
Polyurethanes,50,0.88,-0.020000000000000018,141.9772601066018,True,family,Mondrian-similarity,scaffold_0,scaffold,hist_gbr
Polyimides,232,0.8922413793103449,-0.00775862068965516,109.73976370670621,True,family,Mondrian-similarity,scaffold_0,scaffold,hist_gbr
Polyamides,195,0.9025641025641026,0.002564102564102555,141.29811658223215,True,family,Mondrian-similarity,scaffold_0,scaffold,hist_gbr
Polysulfones,48,0.9166666666666666,0.016666666666666607,135.36621208937638,True,family,Mondrian-similarity,scaffold_0,scaffold,hist_gbr
Polyethers,120,0.9166666666666666,0.016666666666666607,153.20957450162268,True,family,Mondrian-similarity,scaffold_0,scaffold,hist_gbr
Polyesters,159,0.9371069182389937,0.0371069182389937,137.17923167978927,True,family,Mondrian-similarity,scaffold_0,scaffold,hist_gbr
Polyacrylics,168,0.9404761904761905,0.04047619047619044,158.80459541283057,True,family,Mondrian-similarity,scaffold_0,scaffold,hist_gbr
Polystyrenes,185,0.9405405405405406,0.04054054054054057,175.81325164555616,True,family,Mondrian-similarity,scaffold_0,scaffold,hist_gbr
Polyvinyls,70,0.9571428571428572,0.05714285714285716,165.14289633327323,True,family,Mondrian-similarity,scaffold_0,scaffold,hist_gbr
Polyureas,8,1.0,0.09999999999999998,142.0235513489493,False,family,Mondrian-similarity,scaffold_0,scaffold,hist_gbr
0,251,0.5856573705179283,-0.3143426294820717,123.51019734802487,True,similarity,Mondrian-family,scaffold_0,scaffold,hist_gbr
1,341,0.7155425219941349,-0.1844574780058651,114.10105577795979,True,similarity,Mondrian-family,scaffold_0,scaffold,hist_gbr
2,282,0.8156028368794326,-0.08439716312056744,115.56616909464263,True,similarity,Mondrian-family,scaffold_0,scaffold,hist_gbr
4,169,0.8994082840236687,-0.0005917159763313418,115.23663896104192,True,similarity,Mondrian-family,scaffold_0,scaffold,hist_gbr
3,210,0.9,0.0,117.81563811022747,True,similarity,Mondrian-family,scaffold_0,scaffold,hist_gbr
5,306,0.9150326797385621,0.015032679738562038,113.47212614884268,True,similarity,Mondrian-family,scaffold_0,scaffold,hist_gbr
Other backbone,17,0.23529411764705882,-0.6647058823529413,113.83957434451366,True,family,Mondrian-family,scaffold_0,scaffold,hist_gbr
Polydienes,20,0.45,-0.45,113.83957434451365,True,family,Mondrian-family,scaffold_0,scaffold,hist_gbr
Polysiloxanes,46,0.5,-0.4,81.48330679487086,True,family,Mondrian-family,scaffold_0,scaffold,hist_gbr
Polyanhydrides,4,0.5,-0.4,113.83957434451366,False,family,Mondrian-family,scaffold_0,scaffold,hist_gbr
Polyphosphazenes,15,0.5333333333333333,-0.3666666666666667,113.8395743445137,True,family,Mondrian-family,scaffold_0,scaffold,hist_gbr
Polysulfides,14,0.5714285714285714,-0.3285714285714286,113.8395743445137,True,family,Mondrian-family,scaffold_0,scaffold,hist_gbr
Polyolefins,42,0.5952380952380952,-0.3047619047619048,113.83957434451366,True,family,Mondrian-family,scaffold_0,scaffold,hist_gbr
Polyvinyls,70,0.7,-0.20000000000000007,85.08345327289932,True,family,Mondrian-family,scaffold_0,scaffold,hist_gbr
Polyhalo-olefins,10,0.7,-0.20000000000000007,113.83957434451368,True,family,Mondrian-family,scaffold_0,scaffold,hist_gbr
Polystyrenes,185,0.7567567567567568,-0.14324324324324322,113.8395743445137,True,family,Mondrian-family,scaffold_0,scaffold,hist_gbr
Polysulfones,48,0.7708333333333334,-0.12916666666666665,92.26133133026796,True,family,Mondrian-family,scaffold_0,scaffold,hist_gbr
Polyethers,120,0.8,-0.09999999999999998,110.18988731721757,True,family,Mondrian-family,scaffold_0,scaffold,hist_gbr
Polyesters,159,0.8050314465408805,-0.09496855345911948,102.20294995453943,True,family,Mondrian-family,scaffold_0,scaffold,hist_gbr
Polyimines,16,0.8125,-0.08750000000000002,113.83957434451366,True,family,Mondrian-family,scaffold_0,scaffold,hist_gbr
Polyamides,195,0.8358974358974359,-0.0641025641025641,105.58632346603464,True,family,Mondrian-family,scaffold_0,scaffold,hist_gbr
Polycarbonates,20,0.85,-0.050000000000000044,122.30194349220952,True,family,Mondrian-family,scaffold_0,scaffold,hist_gbr
Polyacrylics,168,0.8690476190476191,-0.030952380952380953,119.2183957033495,True,family,Mondrian-family,scaffold_0,scaffold,hist_gbr
Polyphenylenes,120,0.875,-0.025000000000000022,190.42080953497899,True,family,Mondrian-family,scaffold_0,scaffold,hist_gbr
Polyurethanes,50,0.9,0.0,162.00061359808,True,family,Mondrian-family,scaffold_0,scaffold,hist_gbr
Polyimides,232,0.9008620689655172,0.0008620689655172153,112.65846209508845,True,family,Mondrian-family,scaffold_0,scaffold,hist_gbr
Polyureas,8,1.0,0.09999999999999998,113.83957434451366,False,family,Mondrian-family,scaffold_0,scaffold,hist_gbr
0,251,0.7609561752988048,-0.13904382470119525,167.234442011681,True,similarity,Normalised SCP,scaffold_0,scaffold,hist_gbr
1,341,0.8328445747800587,-0.06715542521994133,141.28825991751737,True,similarity,Normalised SCP,scaffold_0,scaffold,hist_gbr
2,282,0.8475177304964538,-0.052482269503546175,132.74260672535945,True,similarity,Normalised SCP,scaffold_0,scaffold,hist_gbr
3,210,0.8809523809523809,-0.01904761904761909,118.73733324579183,True,similarity,Normalised SCP,scaffold_0,scaffold,hist_gbr
5,306,0.9052287581699346,0.005228758169934622,104.29516811486701,True,similarity,Normalised SCP,scaffold_0,scaffold,hist_gbr
4,169,0.9112426035502958,0.011242603550295827,120.36693424654037,True,similarity,Normalised SCP,scaffold_0,scaffold,hist_gbr
Polyanhydrides,4,0.5,-0.4,105.70294680104197,False,family,Normalised SCP,scaffold_0,scaffold,hist_gbr
Polyphosphazenes,15,0.6,-0.30000000000000004,131.50723162401678,True,family,Normalised SCP,scaffold_0,scaffold,hist_gbr
Polysulfides,14,0.6428571428571429,-0.2571428571428571,175.16221230127894,True,family,Normalised SCP,scaffold_0,scaffold,hist_gbr
Other backbone,17,0.6470588235294118,-0.2529411764705882,184.24937942654847,True,family,Normalised SCP,scaffold_0,scaffold,hist_gbr
Polyurethanes,50,0.76,-0.14,109.36901874649786,True,family,Normalised SCP,scaffold_0,scaffold,hist_gbr
Polysiloxanes,46,0.782608695652174,-0.11739130434782608,155.8243644895719,True,family,Normalised SCP,scaffold_0,scaffold,hist_gbr
Polyesters,159,0.7924528301886793,-0.10754716981132073,101.44645601500791,True,family,Normalised SCP,scaffold_0,scaffold,hist_gbr
Polydienes,20,0.8,-0.09999999999999998,207.2488389538058,True,family,Normalised SCP,scaffold_0,scaffold,hist_gbr
Polyimines,16,0.8125,-0.08750000000000002,119.96431032080747,True,family,Normalised SCP,scaffold_0,scaffold,hist_gbr
Polysulfones,48,0.8333333333333334,-0.06666666666666665,118.27505063831234,True,family,Normalised SCP,scaffold_0,scaffold,hist_gbr
Polyphenylenes,120,0.8333333333333334,-0.06666666666666665,155.34301869565613,True,family,Normalised SCP,scaffold_0,scaffold,hist_gbr
Polyamides,195,0.841025641025641,-0.05897435897435899,107.51898428433955,True,family,Normalised SCP,scaffold_0,scaffold,hist_gbr
Polyethers,120,0.85,-0.050000000000000044,123.34795668310747,True,family,Normalised SCP,scaffold_0,scaffold,hist_gbr
Polyureas,8,0.875,-0.025000000000000022,95.71401159806433,False,family,Normalised SCP,scaffold_0,scaffold,hist_gbr
Polystyrenes,185,0.8864864864864865,-0.013513513513513487,150.97071845903915,True,family,Normalised SCP,scaffold_0,scaffold,hist_gbr
Polyhalo-olefins,10,0.9,0.0,151.38466701043512,True,family,Normalised SCP,scaffold_0,scaffold,hist_gbr
Polycarbonates,20,0.9,0.0,149.69017279823885,True,family,Normalised SCP,scaffold_0,scaffold,hist_gbr
Polyacrylics,168,0.9047619047619048,0.004761904761904745,147.231056468034,True,family,Normalised SCP,scaffold_0,scaffold,hist_gbr
Polyolefins,42,0.9047619047619048,0.004761904761904745,192.78000619510541,True,family,Normalised SCP,scaffold_0,scaffold,hist_gbr
Polyimides,232,0.9094827586206896,0.00948275862068959,110.8043816194,True,family,Normalised SCP,scaffold_0,scaffold,hist_gbr
Polyvinyls,70,0.9285714285714286,0.02857142857142858,144.87963599251194,True,family,Normalised SCP,scaffold_0,scaffold,hist_gbr
0,251,0.5657370517928287,-0.3342629482071713,113.3828000000001,True,similarity,SCP,scaffold_0,scaffold,extra_trees
1,341,0.6832844574780058,-0.2167155425219942,113.38280000000009,True,similarity,SCP,scaffold_0,scaffold,extra_trees
2,282,0.7553191489361702,-0.14468085106382977,113.38280000000007,True,similarity,SCP,scaffold_0,scaffold,extra_trees
3,210,0.8380952380952381,-0.06190476190476191,113.38280000000009,True,similarity,SCP,scaffold_0,scaffold,extra_trees
4,169,0.8520710059171598,-0.04792899408284024,113.38280000000009,True,similarity,SCP,scaffold_0,scaffold,extra_trees
5,306,0.9084967320261438,0.00849673202614376,113.38280000000007,True,similarity,SCP,scaffold_0,scaffold,extra_trees
Polydienes,20,0.25,-0.65,113.38280000000009,True,family,SCP,scaffold_0,scaffold,extra_trees
Other backbone,17,0.29411764705882354,-0.6058823529411765,113.38280000000009,True,family,SCP,scaffold_0,scaffold,extra_trees
Polysiloxanes,46,0.34782608695652173,-0.5521739130434783,113.38280000000012,True,family,SCP,scaffold_0,scaffold,extra_trees
Polyphosphazenes,15,0.4666666666666667,-0.43333333333333335,113.38280000000009,True,family,SCP,scaffold_0,scaffold,extra_trees
Polysulfides,14,0.5714285714285714,-0.3285714285714286,113.38280000000009,True,family,SCP,scaffold_0,scaffold,extra_trees
Polyolefins,42,0.6190476190476191,-0.28095238095238095,113.3828000000001,True,family,SCP,scaffold_0,scaffold,extra_trees
Polyacrylics,168,0.6904761904761905,-0.20952380952380956,113.3828000000001,True,family,SCP,scaffold_0,scaffold,extra_trees
Polyurethanes,50,0.7,-0.20000000000000007,113.3828000000001,True,family,SCP,scaffold_0,scaffold,extra_trees
Polystyrenes,185,0.7405405405405405,-0.1594594594594595,113.38280000000007,True,family,SCP,scaffold_0,scaffold,extra_trees
Polyesters,159,0.7484276729559748,-0.15157232704402523,113.38280000000005,True,family,SCP,scaffold_0,scaffold,extra_trees
Polycarbonates,20,0.75,-0.15000000000000002,113.38280000000009,True,family,SCP,scaffold_0,scaffold,extra_trees
Polyureas,8,0.75,-0.15000000000000002,113.38280000000009,False,family,SCP,scaffold_0,scaffold,extra_trees
Polyphenylenes,120,0.775,-0.125,113.38280000000009,True,family,SCP,scaffold_0,scaffold,extra_trees
Polyethers,120,0.8,-0.09999999999999998,113.38280000000009,True,family,SCP,scaffold_0,scaffold,extra_trees
Polyimines,16,0.8125,-0.08750000000000002,113.38280000000009,True,family,SCP,scaffold_0,scaffold,extra_trees
Polyamides,195,0.8461538461538461,-0.05384615384615388,113.38280000000007,True,family,SCP,scaffold_0,scaffold,extra_trees
Polysulfones,48,0.8541666666666666,-0.04583333333333339,113.38280000000009,True,family,SCP,scaffold_0,scaffold,extra_trees
Polyvinyls,70,0.8571428571428571,-0.04285714285714293,113.3828000000001,True,family,SCP,scaffold_0,scaffold,extra_trees
Polyhalo-olefins,10,0.9,0.0,113.38280000000009,True,family,SCP,scaffold_0,scaffold,extra_trees
Polyimides,232,0.9051724137931034,0.005172413793103403,113.3828000000001,True,family,SCP,scaffold_0,scaffold,extra_trees
Polyanhydrides,4,1.0,0.09999999999999998,113.38280000000009,False,family,SCP,scaffold_0,scaffold,extra_trees
5,306,0.8366013071895425,-0.06339869281045751,89.46929999999999,True,similarity,Mondrian-similarity,scaffold_0,scaffold,extra_trees
2,282,0.875886524822695,-0.024113475177305,148.82837999999995,True,similarity,Mondrian-similarity,scaffold_0,scaffold,extra_trees
4,169,0.8816568047337278,-0.01834319526627226,118.95067999999998,True,similarity,Mondrian-similarity,scaffold_0,scaffold,extra_trees
3,210,0.8904761904761904,-0.009523809523809601,133.34600000000012,True,similarity,Mondrian-similarity,scaffold_0,scaffold,extra_trees
0,251,0.9442231075697212,0.04422310756972114,300.6939999999999,True,similarity,Mondrian-similarity,scaffold_0,scaffold,extra_trees
1,341,0.9618768328445748,0.06187683284457479,224.43375999999998,True,similarity,Mondrian-similarity,scaffold_0,scaffold,extra_trees
Other backbone,17,0.6470588235294118,-0.2529411764705882,219.31319882352935,True,family,Mondrian-similarity,scaffold_0,scaffold,extra_trees
Polysulfides,14,0.7142857142857143,-0.18571428571428572,200.22017142857138,True,family,Mondrian-similarity,scaffold_0,scaffold,extra_trees
Polysiloxanes,46,0.717391304347826,-0.18260869565217397,175.09835391304344,True,family,Mondrian-similarity,scaffold_0,scaffold,extra_trees
Polyurethanes,50,0.78,-0.12,157.2828032,True,family,Mondrian-similarity,scaffold_0,scaffold,extra_trees
Polyesters,159,0.8301886792452831,-0.06981132075471697,149.06980251572327,True,family,Mondrian-similarity,scaffold_0,scaffold,extra_trees
Polyphosphazenes,15,0.8666666666666667,-0.033333333333333326,218.79751333333328,True,family,Mondrian-similarity,scaffold_0,scaffold,extra_trees
Polyimines,16,0.875,-0.025000000000000022,156.81637874999998,True,family,Mondrian-similarity,scaffold_0,scaffold,extra_trees
Polyimides,232,0.8793103448275862,-0.020689655172413834,109.86043646551724,True,family,Mondrian-similarity,scaffold_0,scaffold,extra_trees
Polysulfones,48,0.8958333333333334,-0.004166666666666652,147.59874,True,family,Mondrian-similarity,scaffold_0,scaffold,extra_trees
Polyhalo-olefins,10,0.9,0.0,240.27472799999993,True,family,Mondrian-similarity,scaffold_0,scaffold,extra_trees
Polyethers,120,0.9166666666666666,0.016666666666666607,176.63222283333332,True,family,Mondrian-similarity,scaffold_0,scaffold,extra_trees
Polyacrylics,168,0.9226190476190477,0.02261904761904765,182.24070892857142,True,family,Mondrian-similarity,scaffold_0,scaffold,extra_trees
Polyphenylenes,120,0.925,0.025000000000000022,200.27067749999995,True,family,Mondrian-similarity,scaffold_0,scaffold,extra_trees
Polyamides,195,0.9282051282051282,0.028205128205128216,153.6921754871795,True,family,Mondrian-similarity,scaffold_0,scaffold,extra_trees
Polydienes,20,0.95,0.04999999999999993,281.62893999999983,True,family,Mondrian-similarity,scaffold_0,scaffold,extra_trees
Polycarbonates,20,0.95,0.04999999999999993,204.956977,True,family,Mondrian-similarity,scaffold_0,scaffold,extra_trees
Polyolefins,42,0.9523809523809523,0.052380952380952306,263.01921999999985,True,family,Mondrian-similarity,scaffold_0,scaffold,extra_trees
Polystyrenes,185,0.972972972972973,0.072972972972973,213.03907740540532,True,family,Mondrian-similarity,scaffold_0,scaffold,extra_trees
Polyvinyls,70,0.9857142857142858,0.08571428571428574,209.99874085714282,True,family,Mondrian-similarity,scaffold_0,scaffold,extra_trees
Polyanhydrides,4,1.0,0.09999999999999998,141.54993500000003,False,family,Mondrian-similarity,scaffold_0,scaffold,extra_trees
Polyureas,8,1.0,0.09999999999999998,158.58869249999995,False,family,Mondrian-similarity,scaffold_0,scaffold,extra_trees
0,251,0.5896414342629482,-0.3103585657370518,120.70338988047814,True,similarity,Mondrian-family,scaffold_0,scaffold,extra_trees
1,341,0.6598240469208211,-0.24017595307917894,113.21447560117305,True,similarity,Mondrian-family,scaffold_0,scaffold,extra_trees
2,282,0.7695035460992907,-0.1304964539007093,114.23438049645391,True,similarity,Mondrian-family,scaffold_0,scaffold,extra_trees
3,210,0.8380952380952381,-0.06190476190476191,117.49999514285707,True,similarity,Mondrian-family,scaffold_0,scaffold,extra_trees
4,169,0.8461538461538461,-0.05384615384615388,119.07355088757377,True,similarity,Mondrian-family,scaffold_0,scaffold,extra_trees
5,306,0.9019607843137255,0.0019607843137254832,115.5428316339867,True,similarity,Mondrian-family,scaffold_0,scaffold,extra_trees
Polydienes,20,0.25,-0.65,113.38280000000009,True,family,Mondrian-family,scaffold_0,scaffold,extra_trees
Other backbone,17,0.29411764705882354,-0.6058823529411765,113.38280000000009,True,family,Mondrian-family,scaffold_0,scaffold,extra_trees
Polysiloxanes,46,0.32608695652173914,-0.5739130434782609,105.71060000000004,True,family,Mondrian-family,scaffold_0,scaffold,extra_trees
Polyphosphazenes,15,0.4666666666666667,-0.43333333333333335,113.38280000000009,True,family,Mondrian-family,scaffold_0,scaffold,extra_trees
Polysulfides,14,0.5714285714285714,-0.3285714285714286,113.38280000000009,True,family,Mondrian-family,scaffold_0,scaffold,extra_trees
Polyolefins,42,0.6190476190476191,-0.28095238095238095,113.3828000000001,True,family,Mondrian-family,scaffold_0,scaffold,extra_trees
Polyesters,159,0.660377358490566,-0.23962264150943402,99.77082000000004,True,family,Mondrian-family,scaffold_0,scaffold,extra_trees
Polyacrylics,168,0.6666666666666666,-0.2333333333333334,107.69987999999995,True,family,Mondrian-family,scaffold_0,scaffold,extra_trees
Polystyrenes,185,0.7405405405405405,-0.1594594594594595,113.38280000000007,True,family,Mondrian-family,scaffold_0,scaffold,extra_trees
Polyureas,8,0.75,-0.15000000000000002,113.38280000000009,False,family,Mondrian-family,scaffold_0,scaffold,extra_trees
Polyethers,120,0.8083333333333333,-0.09166666666666667,119.91656000000009,True,family,Mondrian-family,scaffold_0,scaffold,extra_trees
Polysulfones,48,0.8125,-0.08750000000000002,105.80751999999995,True,family,Mondrian-family,scaffold_0,scaffold,extra_trees
Polyimines,16,0.8125,-0.08750000000000002,113.38280000000009,True,family,Mondrian-family,scaffold_0,scaffold,extra_trees
Polyvinyls,70,0.8142857142857143,-0.08571428571428574,98.03091999999997,True,family,Mondrian-family,scaffold_0,scaffold,extra_trees
Polyamides,195,0.8205128205128205,-0.07948717948717954,101.2643200000001,True,family,Mondrian-family,scaffold_0,scaffold,extra_trees
Polyphenylenes,120,0.8666666666666667,-0.033333333333333326,148.17016000000004,True,family,Mondrian-family,scaffold_0,scaffold,extra_trees
Polyhalo-olefins,10,0.9,0.0,113.38280000000009,True,family,Mondrian-family,scaffold_0,scaffold,extra_trees
Polyimides,232,0.9094827586206896,0.00948275862068959,114.94415999999939,True,family,Mondrian-family,scaffold_0,scaffold,extra_trees
Polyurethanes,50,0.92,0.020000000000000018,227.9918799999998,True,family,Mondrian-family,scaffold_0,scaffold,extra_trees
Polycarbonates,20,0.95,0.04999999999999993,149.86350000000002,True,family,Mondrian-family,scaffold_0,scaffold,extra_trees
Polyanhydrides,4,1.0,0.09999999999999998,113.38280000000009,False,family,Mondrian-family,scaffold_0,scaffold,extra_trees
0,251,0.7091633466135459,-0.19083665338645417,161.10951157408195,True,similarity,Normalised SCP,scaffold_0,scaffold,extra_trees
1,341,0.7448680351906158,-0.15513196480938418,136.92693655707376,True,similarity,Normalised SCP,scaffold_0,scaffold,extra_trees
3,210,0.8238095238095238,-0.07619047619047625,113.96296387888326,True,similarity,Normalised SCP,scaffold_0,scaffold,extra_trees
2,282,0.8297872340425532,-0.07021276595744685,127.67046310737227,True,similarity,Normalised SCP,scaffold_0,scaffold,extra_trees
4,169,0.834319526627219,-0.06568047337278105,115.07351079036003,True,similarity,Normalised SCP,scaffold_0,scaffold,extra_trees
5,306,0.8758169934640523,-0.024183006535947738,99.05067859401416,True,similarity,Normalised SCP,scaffold_0,scaffold,extra_trees
Polyphosphazenes,15,0.4666666666666667,-0.43333333333333335,115.69632955035159,True,family,Normalised SCP,scaffold_0,scaffold,extra_trees
Polysulfides,14,0.5714285714285714,-0.3285714285714286,159.50125838097156,True,family,Normalised SCP,scaffold_0,scaffold,extra_trees
Polydienes,20,0.65,-0.25,192.00748644344668,True,family,Normalised SCP,scaffold_0,scaffold,extra_trees
Polyesters,159,0.6729559748427673,-0.22704402515723277,97.46865285793389,True,family,Normalised SCP,scaffold_0,scaffold,extra_trees
Polyurethanes,50,0.7,-0.20000000000000007,105.2018075781259,True,family,Normalised SCP,scaffold_0,scaffold,extra_trees
Polysulfones,48,0.75,-0.15000000000000002,118.55848830432103,True,family,Normalised SCP,scaffold_0,scaffold,extra_trees
Polyureas,8,0.75,-0.15000000000000002,86.27340402590889,False,family,Normalised SCP,scaffold_0,scaffold,extra_trees
Polyimines,16,0.75,-0.15000000000000002,108.05269968657234,True,family,Normalised SCP,scaffold_0,scaffold,extra_trees
Polysiloxanes,46,0.7608695652173914,-0.13913043478260867,170.79303916674175,True,family,Normalised SCP,scaffold_0,scaffold,extra_trees
Polyacrylics,168,0.7619047619047619,-0.13809523809523816,141.56761661469577,True,family,Normalised SCP,scaffold_0,scaffold,extra_trees
Other backbone,17,0.7647058823529411,-0.1352941176470589,210.12372546076543,True,family,Normalised SCP,scaffold_0,scaffold,extra_trees
Polystyrenes,185,0.8108108108108109,-0.08918918918918917,144.36570168463078,True,family,Normalised SCP,scaffold_0,scaffold,extra_trees
Polyethers,120,0.8166666666666667,-0.08333333333333337,113.55347529695513,True,family,Normalised SCP,scaffold_0,scaffold,extra_trees
Polyamides,195,0.841025641025641,-0.05897435897435899,100.10728590524097,True,family,Normalised SCP,scaffold_0,scaffold,extra_trees
Polyphenylenes,120,0.85,-0.050000000000000044,155.23434309222858,True,family,Normalised SCP,scaffold_0,scaffold,extra_trees
Polyimides,232,0.8577586206896551,-0.042241379310344884,103.1723931419627,True,family,Normalised SCP,scaffold_0,scaffold,extra_trees
Polyolefins,42,0.8809523809523809,-0.01904761904761909,185.83183379449054,True,family,Normalised SCP,scaffold_0,scaffold,extra_trees
Polyvinyls,70,0.9285714285714286,0.02857142857142858,133.03322943215935,True,family,Normalised SCP,scaffold_0,scaffold,extra_trees
Polycarbonates,20,0.95,0.04999999999999993,176.06043519981134,True,family,Normalised SCP,scaffold_0,scaffold,extra_trees
Polyhalo-olefins,10,1.0,0.09999999999999998,140.56571236093959,True,family,Normalised SCP,scaffold_0,scaffold,extra_trees
Polyanhydrides,4,1.0,0.09999999999999998,117.88995121286618,False,family,Normalised SCP,scaffold_0,scaffold,extra_trees
5,507,0.8619329388560157,-0.03806706114398428,370.0,True,similarity,SCP,scaffold_1,scaffold,median
4,290,0.8862068965517241,-0.01379310344827589,370.0,True,similarity,SCP,scaffold_1,scaffold,median
0,46,0.8913043478260869,-0.008695652173913104,370.0,True,similarity,SCP,scaffold_1,scaffold,median
3,278,0.9244604316546763,0.024460431654676262,370.0,True,similarity,SCP,scaffold_1,scaffold,median
2,223,0.9641255605381166,0.06412556053811658,370.0,True,similarity,SCP,scaffold_1,scaffold,median
1,91,0.967032967032967,0.06703296703296702,370.0,True,similarity,SCP,scaffold_1,scaffold,median
Polyphenylenes,83,0.7108433734939759,-0.18915662650602416,370.0,True,family,SCP,scaffold_1,scaffold,median
Polyolefins,4,0.75,-0.15000000000000002,370.0,False,family,SCP,scaffold_1,scaffold,median
Polyimides,478,0.8221757322175732,-0.07782426778242679,370.0,True,family,SCP,scaffold_1,scaffold,median
Polysulfides,8,0.875,-0.025000000000000022,370.0,False,family,SCP,scaffold_1,scaffold,median
Polystyrenes,13,0.9230769230769231,0.023076923076923106,370.0,True,family,SCP,scaffold_1,scaffold,median
Polyethers,184,0.9402173913043478,0.04021739130434776,370.0,True,family,SCP,scaffold_1,scaffold,median
Polyamides,176,0.9488636363636364,0.04886363636363633,370.0,True,family,SCP,scaffold_1,scaffold,median
Polysiloxanes,22,0.9545454545454546,0.054545454545454564,370.0,True,family,SCP,scaffold_1,scaffold,median
Polysulfones,68,0.9705882352941176,0.07058823529411762,370.0,True,family,SCP,scaffold_1,scaffold,median
Polyesters,172,0.9709302325581395,0.07093023255813946,370.0,True,family,SCP,scaffold_1,scaffold,median
Polyimines,17,1.0,0.09999999999999998,370.0,True,family,SCP,scaffold_1,scaffold,median
Polyacrylics,42,1.0,0.09999999999999998,370.0,True,family,SCP,scaffold_1,scaffold,median
Polyvinyls,6,1.0,0.09999999999999998,370.0,False,family,SCP,scaffold_1,scaffold,median
Polyanhydrides,16,1.0,0.09999999999999998,370.0,True,family,SCP,scaffold_1,scaffold,median
Polydienes,3,1.0,0.09999999999999998,370.0,False,family,SCP,scaffold_1,scaffold,median
Polyhalo-olefins,1,1.0,0.09999999999999998,370.0,False,family,SCP,scaffold_1,scaffold,median
Polycarbonates,68,1.0,0.09999999999999998,370.0,True,family,SCP,scaffold_1,scaffold,median
Polyurethanes,49,1.0,0.09999999999999998,370.0,True,family,SCP,scaffold_1,scaffold,median
Polyureas,15,1.0,0.09999999999999998,370.0,True,family,SCP,scaffold_1,scaffold,median
Polyphosphazenes,10,1.0,0.09999999999999998,370.0,True,family,SCP,scaffold_1,scaffold,median
5,507,0.8658777120315582,-0.034122287968441856,372.0,True,similarity,Mondrian-similarity,scaffold_1,scaffold,median
0,46,0.8695652173913043,-0.0304347826086957,318.29999999999984,True,similarity,Mondrian-similarity,scaffold_1,scaffold,median
3,278,0.9100719424460432,0.010071942446043147,352.0,True,similarity,Mondrian-similarity,scaffold_1,scaffold,median
4,290,0.9241379310344827,0.024137931034482696,412.0,True,similarity,Mondrian-similarity,scaffold_1,scaffold,median
1,91,0.945054945054945,0.045054945054945006,354.0,True,similarity,Mondrian-similarity,scaffold_1,scaffold,median
2,223,0.9596412556053812,0.05964125560538114,364.0,True,similarity,Mondrian-similarity,scaffold_1,scaffold,median
Polyphenylenes,83,0.7108433734939759,-0.18915662650602416,363.8084337349398,True,family,Mondrian-similarity,scaffold_1,scaffold,median
Polyolefins,4,0.75,-0.15000000000000002,382.5,False,family,Mondrian-similarity,scaffold_1,scaffold,median
Polyimides,478,0.8347280334728033,-0.06527196652719669,376.91903765690375,True,family,Mondrian-similarity,scaffold_1,scaffold,median
Polysulfides,8,0.875,-0.025000000000000022,372.2875,False,family,Mondrian-similarity,scaffold_1,scaffold,median
Polystyrenes,13,0.9230769230769231,0.023076923076923106,366.63846153846157,True,family,Mondrian-similarity,scaffold_1,scaffold,median
Polyethers,184,0.9402173913043478,0.04021739130434776,369.0576086956522,True,family,Mondrian-similarity,scaffold_1,scaffold,median
Polyamides,176,0.9431818181818182,0.04318181818181821,373.87386363636364,True,family,Mondrian-similarity,scaffold_1,scaffold,median
Polysiloxanes,22,0.9545454545454546,0.054545454545454564,364.65000000000003,True,family,Mondrian-similarity,scaffold_1,scaffold,median
Polysulfones,68,0.9705882352941176,0.07058823529411762,372.79411764705884,True,family,Mondrian-similarity,scaffold_1,scaffold,median
Polyesters,172,0.9709302325581395,0.07093023255813946,373.40697674418607,True,family,Mondrian-similarity,scaffold_1,scaffold,median
Polyimines,17,1.0,0.09999999999999998,358.5411764705882,True,family,Mondrian-similarity,scaffold_1,scaffold,median
Polyacrylics,42,1.0,0.09999999999999998,363.3071428571428,True,family,Mondrian-similarity,scaffold_1,scaffold,median
Polyvinyls,6,1.0,0.09999999999999998,342.1499999999999,False,family,Mondrian-similarity,scaffold_1,scaffold,median
Polyanhydrides,16,1.0,0.09999999999999998,353.59375,True,family,Mondrian-similarity,scaffold_1,scaffold,median
Polydienes,3,1.0,0.09999999999999998,341.43333333333334,False,family,Mondrian-similarity,scaffold_1,scaffold,median
Polyhalo-olefins,1,1.0,0.09999999999999998,372.0,False,family,Mondrian-similarity,scaffold_1,scaffold,median
Polycarbonates,68,1.0,0.09999999999999998,370.55882352941177,True,family,Mondrian-similarity,scaffold_1,scaffold,median
Polyurethanes,49,1.0,0.09999999999999998,374.0,True,family,Mondrian-similarity,scaffold_1,scaffold,median
Polyureas,15,1.0,0.09999999999999998,359.0866666666667,True,family,Mondrian-similarity,scaffold_1,scaffold,median
Polyphosphazenes,10,1.0,0.09999999999999998,365.2,True,family,Mondrian-similarity,scaffold_1,scaffold,median
4,290,0.9137931034482759,0.01379310344827589,380.8708965517241,True,similarity,Mondrian-family,scaffold_1,scaffold,median
5,507,0.9171597633136095,0.017159763313609466,394.44307692307694,True,similarity,Mondrian-family,scaffold_1,scaffold,median
0,46,0.9347826086956522,0.034782608695652195,388.244347826087,True,similarity,Mondrian-family,scaffold_1,scaffold,median
3,278,0.9460431654676259,0.04604316546762588,373.6178417266187,True,similarity,Mondrian-family,scaffold_1,scaffold,median
2,223,0.9551569506726457,0.0551569506726457,365.44304932735423,True,similarity,Mondrian-family,scaffold_1,scaffold,median
1,91,0.967032967032967,0.06703296703296702,366.0830769230769,True,similarity,Mondrian-family,scaffold_1,scaffold,median
Polyolefins,4,0.75,-0.15000000000000002,372.0,False,family,Mondrian-family,scaffold_1,scaffold,median
Polyphenylenes,83,0.8192771084337349,-0.08072289156626511,451.32000000000005,True,family,Mondrian-family,scaffold_1,scaffold,median
Polystyrenes,13,0.8461538461538461,-0.05384615384615388,250.0,True,family,Mondrian-family,scaffold_1,scaffold,median
Polysulfides,8,0.875,-0.025000000000000022,370.0,False,family,Mondrian-family,scaffold_1,scaffold,median
Polyamides,176,0.9034090909090909,0.003409090909090917,338.0,True,family,Mondrian-family,scaffold_1,scaffold,median
Polyimides,478,0.9079497907949791,0.00794979079497904,432.0,True,family,Mondrian-family,scaffold_1,scaffold,median
Polyesters,172,0.9534883720930233,0.05348837209302326,323.0,True,family,Mondrian-family,scaffold_1,scaffold,median
Polysulfones,68,0.9558823529411765,0.055882352941176494,352.0,True,family,Mondrian-family,scaffold_1,scaffold,median
Polyethers,184,0.9619565217391305,0.061956521739130466,394.0,True,family,Mondrian-family,scaffold_1,scaffold,median
Polyimines,17,1.0,0.09999999999999998,370.0,True,family,Mondrian-family,scaffold_1,scaffold,median
Polydienes,3,1.0,0.09999999999999998,370.0,False,family,Mondrian-family,scaffold_1,scaffold,median
Polyacrylics,42,1.0,0.09999999999999998,290.0,True,family,Mondrian-family,scaffold_1,scaffold,median
Polyvinyls,6,1.0,0.09999999999999998,374.0,False,family,Mondrian-family,scaffold_1,scaffold,median
Polyanhydrides,16,1.0,0.09999999999999998,370.0,True,family,Mondrian-family,scaffold_1,scaffold,median
Polyurethanes,49,1.0,0.09999999999999998,294.0,True,family,Mondrian-family,scaffold_1,scaffold,median
Polyhalo-olefins,1,1.0,0.09999999999999998,370.0,False,family,Mondrian-family,scaffold_1,scaffold,median
Polycarbonates,68,1.0,0.09999999999999998,326.0,True,family,Mondrian-family,scaffold_1,scaffold,median
Polyureas,15,1.0,0.09999999999999998,370.0,True,family,Mondrian-family,scaffold_1,scaffold,median
Polysiloxanes,22,1.0,0.09999999999999998,450.0,True,family,Mondrian-family,scaffold_1,scaffold,median
Polyphosphazenes,10,1.0,0.09999999999999998,370.0,True,family,Mondrian-family,scaffold_1,scaffold,median
0,46,0.782608695652174,-0.11739130434782608,227.4774007081871,True,similarity,Normalised SCP,scaffold_1,scaffold,median
1,91,0.8241758241758241,-0.07582417582417589,226.6641897465875,True,similarity,Normalised SCP,scaffold_1,scaffold,median
2,223,0.8430493273542601,-0.05695067264573994,219.53620364836542,True,similarity,Normalised SCP,scaffold_1,scaffold,median
3,278,0.8669064748201439,-0.03309352517985609,274.3656853869938,True,similarity,Normalised SCP,scaffold_1,scaffold,median
4,290,0.9,0.0,322.7517472888826,True,similarity,Normalised SCP,scaffold_1,scaffold,median
5,507,0.9211045364891519,0.021104536489151893,362.9523698898602,True,similarity,Normalised SCP,scaffold_1,scaffold,median
Polyolefins,4,0.25,-0.65,230.8534711618161,False,family,Normalised SCP,scaffold_1,scaffold,median
Polysiloxanes,22,0.5454545454545454,-0.3545454545454546,230.88373077670948,True,family,Normalised SCP,scaffold_1,scaffold,median
Polyphosphazenes,10,0.6,-0.30000000000000004,221.73799005808422,True,family,Normalised SCP,scaffold_1,scaffold,median
Polystyrenes,13,0.6153846153846154,-0.2846153846153846,174.7665919910907,True,family,Normalised SCP,scaffold_1,scaffold,median
Polydienes,3,0.6666666666666666,-0.2333333333333334,165.95499301288172,False,family,Normalised SCP,scaffold_1,scaffold,median
Polyanhydrides,16,0.75,-0.15000000000000002,167.87534806425205,True,family,Normalised SCP,scaffold_1,scaffold,median
Polyacrylics,42,0.7857142857142857,-0.11428571428571432,180.42775362945977,True,family,Normalised SCP,scaffold_1,scaffold,median
Polyureas,15,0.8,-0.09999999999999998,261.7897462817928,True,family,Normalised SCP,scaffold_1,scaffold,median
Polyesters,172,0.8023255813953488,-0.0976744186046512,205.8864604701289,True,family,Normalised SCP,scaffold_1,scaffold,median
Polysulfides,8,0.875,-0.025000000000000022,245.565922448058,False,family,Normalised SCP,scaffold_1,scaffold,median
Polyamides,176,0.8806818181818182,-0.01931818181818179,246.569890528252,True,family,Normalised SCP,scaffold_1,scaffold,median
Polycarbonates,68,0.8823529411764706,-0.01764705882352946,205.31385725619032,True,family,Normalised SCP,scaffold_1,scaffold,median
Polyurethanes,49,0.8979591836734694,-0.0020408163265306367,184.86988255075326,True,family,Normalised SCP,scaffold_1,scaffold,median
Polysulfones,68,0.9117647058823529,0.0117647058823529,262.27681479195354,True,family,Normalised SCP,scaffold_1,scaffold,median
Polyphenylenes,83,0.927710843373494,0.027710843373493943,380.12269371776847,True,family,Normalised SCP,scaffold_1,scaffold,median
Polyimides,478,0.9288702928870293,0.028870292887029247,415.2526397963178,True,family,Normalised SCP,scaffold_1,scaffold,median
Polyethers,184,0.9293478260869565,0.02934782608695652,285.10366259812685,True,family,Normalised SCP,scaffold_1,scaffold,median
Polyvinyls,6,1.0,0.09999999999999998,174.34632590868708,False,family,Normalised SCP,scaffold_1,scaffold,median
Polyimines,17,1.0,0.09999999999999998,200.7921120818918,True,family,Normalised SCP,scaffold_1,scaffold,median
Polyhalo-olefins,1,1.0,0.09999999999999998,166.95750789617387,False,family,Normalised SCP,scaffold_1,scaffold,median
0,46,0.8043478260869565,-0.09565217391304348,140.1795797474405,True,similarity,SCP,scaffold_1,scaffold,svr
3,278,0.8165467625899281,-0.08345323741007193,140.17957974744047,True,similarity,SCP,scaffold_1,scaffold,svr
1,91,0.8461538461538461,-0.05384615384615388,140.1795797474405,True,similarity,SCP,scaffold_1,scaffold,svr
4,290,0.8827586206896552,-0.017241379310344862,140.17957974744047,True,similarity,SCP,scaffold_1,scaffold,svr
2,223,0.8834080717488789,-0.016591928251121102,140.17957974744053,True,similarity,SCP,scaffold_1,scaffold,svr
5,507,0.9546351084812623,0.054635108481262296,140.1795797474405,True,similarity,SCP,scaffold_1,scaffold,svr
Polyolefins,4,0.25,-0.65,140.17957974744047,False,family,SCP,scaffold_1,scaffold,svr
Polyureas,15,0.4666666666666667,-0.43333333333333335,140.17957974744053,True,family,SCP,scaffold_1,scaffold,svr
Polysiloxanes,22,0.5909090909090909,-0.3090909090909091,140.1795797474405,True,family,SCP,scaffold_1,scaffold,svr
Polystyrenes,13,0.7692307692307693,-0.13076923076923075,140.17957974744053,True,family,SCP,scaffold_1,scaffold,svr
Polyurethanes,49,0.7755102040816326,-0.1244897959183674,140.17957974744047,True,family,SCP,scaffold_1,scaffold,svr
Polycarbonates,68,0.8529411764705882,-0.04705882352941182,140.17957974744047,True,family,SCP,scaffold_1,scaffold,svr
Polyanhydrides,16,0.875,-0.025000000000000022,140.17957974744047,True,family,SCP,scaffold_1,scaffold,svr
Polyphenylenes,83,0.891566265060241,-0.008433734939759074,140.1795797474405,True,family,SCP,scaffold_1,scaffold,svr
Polyamides,176,0.8920454545454546,-0.007954545454545436,140.1795797474405,True,family,SCP,scaffold_1,scaffold,svr
Polyimides,478,0.897489539748954,-0.002510460251046065,140.17957974744053,True,family,SCP,scaffold_1,scaffold,svr
Polyesters,172,0.9127906976744186,0.012790697674418539,140.1795797474405,True,family,SCP,scaffold_1,scaffold,svr
Polyethers,184,0.9347826086956522,0.034782608695652195,140.1795797474405,True,family,SCP,scaffold_1,scaffold,svr
Polysulfones,68,0.9411764705882353,0.04117647058823526,140.17957974744047,True,family,SCP,scaffold_1,scaffold,svr
Polyimines,17,0.9411764705882353,0.04117647058823526,140.17957974744047,True,family,SCP,scaffold_1,scaffold,svr
Polyacrylics,42,0.9523809523809523,0.052380952380952306,140.17957974744047,True,family,SCP,scaffold_1,scaffold,svr
Polydienes,3,1.0,0.09999999999999998,140.17957974744047,False,family,SCP,scaffold_1,scaffold,svr
Polyvinyls,6,1.0,0.09999999999999998,140.17957974744047,False,family,SCP,scaffold_1,scaffold,svr
Polyhalo-olefins,1,1.0,0.09999999999999998,140.17957974744047,False,family,SCP,scaffold_1,scaffold,svr
Polyphosphazenes,10,1.0,0.09999999999999998,140.1795797474405,True,family,SCP,scaffold_1,scaffold,svr
Polysulfides,8,1.0,0.09999999999999998,140.17957974744047,False,family,SCP,scaffold_1,scaffold,svr
4,290,0.8827586206896552,-0.017241379310344862,140.87980127852163,True,similarity,Mondrian-similarity,scaffold_1,scaffold,svr
5,507,0.893491124260355,-0.0065088757396449815,102.21218289538822,True,similarity,Mondrian-similarity,scaffold_1,scaffold,svr
1,91,0.9120879120879121,0.012087912087912045,219.90908777909178,True,similarity,Mondrian-similarity,scaffold_1,scaffold,svr
3,278,0.9136690647482014,0.013669064748201398,163.44663046794903,True,similarity,Mondrian-similarity,scaffold_1,scaffold,svr
2,223,0.968609865470852,0.06860986547085202,239.72427541498712,True,similarity,Mondrian-similarity,scaffold_1,scaffold,svr
0,46,1.0,0.09999999999999998,339.66255889530896,True,similarity,Mondrian-similarity,scaffold_1,scaffold,svr
Polyolefins,4,0.25,-0.65,166.27883020102104,False,family,Mondrian-similarity,scaffold_1,scaffold,svr
Polysiloxanes,22,0.6363636363636364,-0.26363636363636367,168.92284098844982,True,family,Mondrian-similarity,scaffold_1,scaffold,svr
Polyureas,15,0.7333333333333333,-0.16666666666666674,188.30916737169636,True,family,Mondrian-similarity,scaffold_1,scaffold,svr
Polyurethanes,49,0.8367346938775511,-0.06326530612244896,163.08700936410088,True,family,Mondrian-similarity,scaffold_1,scaffold,svr
Polystyrenes,13,0.8461538461538461,-0.05384615384615388,206.76956930985386,True,family,Mondrian-similarity,scaffold_1,scaffold,svr
Polyphenylenes,83,0.8674698795180723,-0.032530120481927716,175.4407402717041,True,family,Mondrian-similarity,scaffold_1,scaffold,svr
Polyamides,176,0.8920454545454546,-0.007954545454545436,144.15448911009472,True,family,Mondrian-similarity,scaffold_1,scaffold,svr
Polyimides,478,0.9142259414225942,0.014225941422594146,140.5208821839172,True,family,Mondrian-similarity,scaffold_1,scaffold,svr
Polyesters,172,0.9244186046511628,0.024418604651162745,167.31455861039754,True,family,Mondrian-similarity,scaffold_1,scaffold,svr
Polyethers,184,0.9402173913043478,0.04021739130434776,155.33049884765663,True,family,Mondrian-similarity,scaffold_1,scaffold,svr
Polyimines,17,0.9411764705882353,0.04117647058823526,206.0179291856699,True,family,Mondrian-similarity,scaffold_1,scaffold,svr
Polysulfones,68,0.9558823529411765,0.055882352941176494,158.3886408933654,True,family,Mondrian-similarity,scaffold_1,scaffold,svr
Polycarbonates,68,0.9705882352941176,0.07058823529411762,182.5604517241726,True,family,Mondrian-similarity,scaffold_1,scaffold,svr
Polyacrylics,42,0.9761904761904762,0.07619047619047614,198.29543881697637,True,family,Mondrian-similarity,scaffold_1,scaffold,svr
Polydienes,3,1.0,0.09999999999999998,241.00609238078331,False,family,Mondrian-similarity,scaffold_1,scaffold,svr
Polyhalo-olefins,1,1.0,0.09999999999999998,102.21218289538825,False,family,Mondrian-similarity,scaffold_1,scaffold,svr
Polyvinyls,6,1.0,0.09999999999999998,240.5535217092992,False,family,Mondrian-similarity,scaffold_1,scaffold,svr
Polyanhydrides,16,1.0,0.09999999999999998,247.8262748899063,True,family,Mondrian-similarity,scaffold_1,scaffold,svr
Polyphosphazenes,10,1.0,0.09999999999999998,206.95653451722916,True,family,Mondrian-similarity,scaffold_1,scaffold,svr
Polysulfides,8,1.0,0.09999999999999998,193.12741918601125,False,family,Mondrian-similarity,scaffold_1,scaffold,svr
0,46,0.8043478260869565,-0.09565217391304348,149.58927166903214,True,similarity,Mondrian-family,scaffold_1,scaffold,svr
3,278,0.8453237410071942,-0.054676258992805815,145.95410814545338,True,similarity,Mondrian-family,scaffold_1,scaffold,svr
1,91,0.8571428571428571,-0.04285714285714293,148.6114227418192,True,similarity,Mondrian-family,scaffold_1,scaffold,svr
2,223,0.8699551569506726,-0.03004484304932742,140.66146306252676,True,similarity,Mondrian-family,scaffold_1,scaffold,svr
4,290,0.8862068965517241,-0.01379310344827589,142.7960663472461,True,similarity,Mondrian-family,scaffold_1,scaffold,svr
5,507,0.9329388560157791,0.03293885601577906,137.2977269299621,True,similarity,Mondrian-family,scaffold_1,scaffold,svr
Polyureas,15,0.4666666666666667,-0.43333333333333335,140.17957974744053,True,family,Mondrian-family,scaffold_1,scaffold,svr
Polysiloxanes,22,0.6363636363636364,-0.26363636363636367,174.03559828915638,True,family,Mondrian-family,scaffold_1,scaffold,svr
Polyolefins,4,0.75,-0.15000000000000002,244.59901654023702,False,family,Mondrian-family,scaffold_1,scaffold,svr
Polycarbonates,68,0.8235294117647058,-0.07647058823529418,121.80480449678493,True,family,Mondrian-family,scaffold_1,scaffold,svr
Polyamides,176,0.8238636363636364,-0.07613636363636367,117.68261151055528,True,family,Mondrian-family,scaffold_1,scaffold,svr
Polystyrenes,13,0.8461538461538461,-0.05384615384615388,201.2028703070517,True,family,Mondrian-family,scaffold_1,scaffold,svr
Polyanhydrides,16,0.875,-0.025000000000000022,140.17957974744047,True,family,Mondrian-family,scaffold_1,scaffold,svr
Polyesters,172,0.8953488372093024,-0.0046511627906976605,130.49221030885815,True,family,Mondrian-family,scaffold_1,scaffold,svr
Polyimides,478,0.897489539748954,-0.002510460251046065,140.17957974744053,True,family,Mondrian-family,scaffold_1,scaffold,svr
Polyethers,184,0.9130434782608695,0.01304347826086949,114.39768415553115,True,family,Mondrian-family,scaffold_1,scaffold,svr
Polyphenylenes,83,0.927710843373494,0.027710843373493943,216.4530739380705,True,family,Mondrian-family,scaffold_1,scaffold,svr
Polyimines,17,0.9411764705882353,0.04117647058823526,140.17957974744047,True,family,Mondrian-family,scaffold_1,scaffold,svr
Polysulfones,68,0.9411764705882353,0.04117647058823526,135.69187934046408,True,family,Mondrian-family,scaffold_1,scaffold,svr
Polyacrylics,42,0.9523809523809523,0.052380952380952306,142.18663233255376,True,family,Mondrian-family,scaffold_1,scaffold,svr
Polyurethanes,49,0.9795918367346939,0.07959183673469383,258.4418873527131,True,family,Mondrian-family,scaffold_1,scaffold,svr
Polydienes,3,1.0,0.09999999999999998,140.17957974744047,False,family,Mondrian-family,scaffold_1,scaffold,svr
Polyvinyls,6,1.0,0.09999999999999998,135.0384140165302,False,family,Mondrian-family,scaffold_1,scaffold,svr
Polyhalo-olefins,1,1.0,0.09999999999999998,140.17957974744047,False,family,Mondrian-family,scaffold_1,scaffold,svr
Polyphosphazenes,10,1.0,0.09999999999999998,140.1795797474405,True,family,Mondrian-family,scaffold_1,scaffold,svr
Polysulfides,8,1.0,0.09999999999999998,140.17957974744047,False,family,Mondrian-family,scaffold_1,scaffold,svr
3,278,0.7985611510791367,-0.1014388489208633,126.18479101433839,True,similarity,Normalised SCP,scaffold_1,scaffold,svr
2,223,0.8026905829596412,-0.09730941704035878,126.10950881664556,True,similarity,Normalised SCP,scaffold_1,scaffold,svr
1,91,0.8241758241758241,-0.07582417582417589,143.74542969469306,True,similarity,Normalised SCP,scaffold_1,scaffold,svr
4,290,0.8689655172413793,-0.03103448275862075,128.66083751149475,True,similarity,Normalised SCP,scaffold_1,scaffold,svr
0,46,0.9130434782608695,0.01304347826086949,171.8361789138589,True,similarity,Normalised SCP,scaffold_1,scaffold,svr
5,507,0.9289940828402367,0.028994082840236635,127.12174000792871,True,similarity,Normalised SCP,scaffold_1,scaffold,svr
Polyureas,15,0.4,-0.5,105.22050284239431,True,family,Normalised SCP,scaffold_1,scaffold,svr
Polyolefins,4,0.5,-0.4,243.4046948141781,False,family,Normalised SCP,scaffold_1,scaffold,svr
Polysiloxanes,22,0.5909090909090909,-0.3090909090909091,142.7121930737036,True,family,Normalised SCP,scaffold_1,scaffold,svr
Polyurethanes,49,0.673469387755102,-0.226530612244898,103.58988210862978,True,family,Normalised SCP,scaffold_1,scaffold,svr
Polyacrylics,42,0.7619047619047619,-0.13809523809523816,124.98471505214398,True,family,Normalised SCP,scaffold_1,scaffold,svr
Polystyrenes,13,0.7692307692307693,-0.13076923076923075,149.3389424307969,True,family,Normalised SCP,scaffold_1,scaffold,svr
Polyimines,17,0.8235294117647058,-0.07647058823529418,129.31535535263302,True,family,Normalised SCP,scaffold_1,scaffold,svr
Polycarbonates,68,0.8382352941176471,-0.061764705882352944,122.47624754017512,True,family,Normalised SCP,scaffold_1,scaffold,svr
Polyamides,176,0.8465909090909091,-0.05340909090909096,111.26551709374449,True,family,Normalised SCP,scaffold_1,scaffold,svr
Polyesters,172,0.8488372093023255,-0.05116279069767449,107.36121090790586,True,family,Normalised SCP,scaffold_1,scaffold,svr
Polyphenylenes,83,0.891566265060241,-0.008433734939759074,174.81662006373418,True,family,Normalised SCP,scaffold_1,scaffold,svr
Polyphosphazenes,10,0.9,0.0,161.18411470388006,True,family,Normalised SCP,scaffold_1,scaffold,svr
Polyimides,478,0.9037656903765691,0.003765690376569042,139.108760512328,True,family,Normalised SCP,scaffold_1,scaffold,svr
Polyethers,184,0.907608695652174,0.007608695652173925,120.37304610920471,True,family,Normalised SCP,scaffold_1,scaffold,svr
Polysulfones,68,0.9264705882352942,0.026470588235294135,127.40091199190569,True,family,Normalised SCP,scaffold_1,scaffold,svr
Polydienes,3,1.0,0.09999999999999998,171.55159974388616,False,family,Normalised SCP,scaffold_1,scaffold,svr
Polyvinyls,6,1.0,0.09999999999999998,175.8849351324399,False,family,Normalised SCP,scaffold_1,scaffold,svr
Polyanhydrides,16,1.0,0.09999999999999998,190.99687459311752,True,family,Normalised SCP,scaffold_1,scaffold,svr
Polyhalo-olefins,1,1.0,0.09999999999999998,235.95273761735814,False,family,Normalised SCP,scaffold_1,scaffold,svr
Polysulfides,8,1.0,0.09999999999999998,140.77621872434088,False,family,Normalised SCP,scaffold_1,scaffold,svr
0,46,0.7391304347826086,-0.16086956521739137,134.78939999999994,True,similarity,SCP,scaffold_1,scaffold,random_forest
3,278,0.8561151079136691,-0.04388489208633095,134.7894,True,similarity,SCP,scaffold_1,scaffold,random_forest
1,91,0.8571428571428571,-0.04285714285714293,134.78940000000003,True,similarity,SCP,scaffold_1,scaffold,random_forest
2,223,0.8609865470852018,-0.039013452914798186,134.78940000000003,True,similarity,SCP,scaffold_1,scaffold,random_forest
4,290,0.8724137931034482,-0.02758620689655178,134.78940000000003,True,similarity,SCP,scaffold_1,scaffold,random_forest
5,507,0.9625246548323472,0.06252465483234715,134.78940000000003,True,similarity,SCP,scaffold_1,scaffold,random_forest
Polyolefins,4,0.25,-0.65,134.7894,False,family,SCP,scaffold_1,scaffold,random_forest
Polyureas,15,0.4666666666666667,-0.43333333333333335,134.78940000000003,True,family,SCP,scaffold_1,scaffold,random_forest
Polyphosphazenes,10,0.5,-0.4,134.78940000000003,True,family,SCP,scaffold_1,scaffold,random_forest
Polysiloxanes,22,0.6818181818181818,-0.21818181818181825,134.78940000000003,True,family,SCP,scaffold_1,scaffold,random_forest
Polyanhydrides,16,0.6875,-0.21250000000000002,134.7894,True,family,SCP,scaffold_1,scaffold,random_forest
Polyvinyls,6,0.8333333333333334,-0.06666666666666665,134.7894,False,family,SCP,scaffold_1,scaffold,random_forest
Polycarbonates,68,0.8382352941176471,-0.061764705882352944,134.78939999999997,True,family,SCP,scaffold_1,scaffold,random_forest
Polystyrenes,13,0.8461538461538461,-0.05384615384615388,134.7894,True,family,SCP,scaffold_1,scaffold,random_forest
Polyurethanes,49,0.8571428571428571,-0.04285714285714293,134.7894,True,family,SCP,scaffold_1,scaffold,random_forest
Polysulfides,8,0.875,-0.025000000000000022,134.7894,False,family,SCP,scaffold_1,scaffold,random_forest
Polysulfones,68,0.8823529411764706,-0.01764705882352946,134.78939999999997,True,family,SCP,scaffold_1,scaffold,random_forest
Polyamides,176,0.8920454545454546,-0.007954545454545436,134.78940000000003,True,family,SCP,scaffold_1,scaffold,random_forest
Polyimides,478,0.9121338912133892,0.012133891213389147,134.78940000000006,True,family,SCP,scaffold_1,scaffold,random_forest
Polyethers,184,0.9130434782608695,0.01304347826086949,134.78940000000003,True,family,SCP,scaffold_1,scaffold,random_forest
Polyacrylics,42,0.9285714285714286,0.02857142857142858,134.78939999999997,True,family,SCP,scaffold_1,scaffold,random_forest
Polyphenylenes,83,0.9397590361445783,0.03975903614457832,134.7894,True,family,SCP,scaffold_1,scaffold,random_forest
Polyimines,17,0.9411764705882353,0.04117647058823526,134.7894,True,family,SCP,scaffold_1,scaffold,random_forest
Polyesters,172,0.9534883720930233,0.05348837209302326,134.78940000000003,True,family,SCP,scaffold_1,scaffold,random_forest
Polyhalo-olefins,1,1.0,0.09999999999999998,134.7894,False,family,SCP,scaffold_1,scaffold,random_forest
Polydienes,3,1.0,0.09999999999999998,134.7894,False,family,SCP,scaffold_1,scaffold,random_forest
4,290,0.8758620689655172,-0.024137931034482807,136.01900000000012,True,similarity,Mondrian-similarity,scaffold_1,scaffold,random_forest
3,278,0.9100719424460432,0.010071942446043147,153.7710000000001,True,similarity,Mondrian-similarity,scaffold_1,scaffold,random_forest
5,507,0.9151873767258383,0.015187376725838253,98.58280000000009,True,similarity,Mondrian-similarity,scaffold_1,scaffold,random_forest
2,223,0.9461883408071748,0.04618834080717482,205.0012000000001,True,similarity,Mondrian-similarity,scaffold_1,scaffold,random_forest
1,91,0.978021978021978,0.07802197802197797,195.0149999999999,True,similarity,Mondrian-similarity,scaffold_1,scaffold,random_forest
0,46,1.0,0.09999999999999998,317.44700000000006,True,similarity,Mondrian-similarity,scaffold_1,scaffold,random_forest
Polyolefins,4,0.5,-0.4,155.20600000000005,False,family,Mondrian-similarity,scaffold_1,scaffold,random_forest
Polyphosphazenes,10,0.7,-0.20000000000000007,182.7339200000001,True,family,Mondrian-similarity,scaffold_1,scaffold,random_forest
Polyureas,15,0.8,-0.09999999999999998,171.88608000000008,True,family,Mondrian-similarity,scaffold_1,scaffold,random_forest
Polysiloxanes,22,0.8181818181818182,-0.08181818181818179,155.10115454545462,True,family,Mondrian-similarity,scaffold_1,scaffold,random_forest
Polysulfides,8,0.875,-0.025000000000000022,175.2067750000001,False,family,Mondrian-similarity,scaffold_1,scaffold,random_forest
Polyurethanes,49,0.8775510204081632,-0.022448979591836782,151.50349387755108,True,family,Mondrian-similarity,scaffold_1,scaffold,random_forest
Polysulfones,68,0.8970588235294118,-0.002941176470588225,146.21444411764716,True,family,Mondrian-similarity,scaffold_1,scaffold,random_forest
Polyamides,176,0.9034090909090909,0.003409090909090917,134.71521477272736,True,family,Mondrian-similarity,scaffold_1,scaffold,random_forest
Polycarbonates,68,0.9117647058823529,0.0117647058823529,165.719311764706,True,family,Mondrian-similarity,scaffold_1,scaffold,random_forest
Polyimides,478,0.9142259414225942,0.014225941422594146,132.13096527196663,True,family,Mondrian-similarity,scaffold_1,scaffold,random_forest
Polyphenylenes,83,0.927710843373494,0.027710843373493943,161.14497108433744,True,family,Mondrian-similarity,scaffold_1,scaffold,random_forest
Polyimines,17,0.9411764705882353,0.04117647058823526,191.11076470588242,True,family,Mondrian-similarity,scaffold_1,scaffold,random_forest
Polyesters,172,0.9418604651162791,0.041860465116279055,152.27292906976754,True,family,Mondrian-similarity,scaffold_1,scaffold,random_forest
Polyethers,184,0.9456521739130435,0.04565217391304344,143.5426032608697,True,family,Mondrian-similarity,scaffold_1,scaffold,random_forest
Polyacrylics,42,0.9761904761904762,0.07619047619047614,179.51332857142864,True,family,Mondrian-similarity,scaffold_1,scaffold,random_forest
Polydienes,3,1.0,0.09999999999999998,222.07766666666666,False,family,Mondrian-similarity,scaffold_1,scaffold,random_forest
Polyvinyls,6,1.0,0.09999999999999998,224.08693333333338,False,family,Mondrian-similarity,scaffold_1,scaffold,random_forest
Polyanhydrides,16,1.0,0.09999999999999998,224.48982500000005,True,family,Mondrian-similarity,scaffold_1,scaffold,random_forest
Polyhalo-olefins,1,1.0,0.09999999999999998,98.58280000000008,False,family,Mondrian-similarity,scaffold_1,scaffold,random_forest
Polystyrenes,13,1.0,0.09999999999999998,186.7776615384616,True,family,Mondrian-similarity,scaffold_1,scaffold,random_forest
0,46,0.782608695652174,-0.11739130434782608,140.43898173913038,True,similarity,Mondrian-family,scaffold_1,scaffold,random_forest
2,223,0.8430493273542601,-0.05695067264573994,134.45100358744392,True,similarity,Mondrian-family,scaffold_1,scaffold,random_forest
3,278,0.8561151079136691,-0.04388489208633095,137.42567410071945,True,similarity,Mondrian-family,scaffold_1,scaffold,random_forest
1,91,0.8571428571428571,-0.04285714285714293,142.88285450549452,True,similarity,Mondrian-family,scaffold_1,scaffold,random_forest
4,290,0.8724137931034482,-0.02758620689655178,134.55458317241377,True,similarity,Mondrian-family,scaffold_1,scaffold,random_forest
5,507,0.9546351084812623,0.054635108481262296,129.33377088757393,True,similarity,Mondrian-family,scaffold_1,scaffold,random_forest
Polyureas,15,0.4666666666666667,-0.43333333333333335,134.78940000000003,True,family,Mondrian-family,scaffold_1,scaffold,random_forest
Polyphosphazenes,10,0.5,-0.4,134.78940000000003,True,family,Mondrian-family,scaffold_1,scaffold,random_forest
Polyanhydrides,16,0.6875,-0.21250000000000002,134.7894,True,family,Mondrian-family,scaffold_1,scaffold,random_forest
Polycarbonates,68,0.8382352941176471,-0.061764705882352944,148.94731999999996,True,family,Mondrian-family,scaffold_1,scaffold,random_forest
Polyamides,176,0.8465909090909091,-0.05340909090909096,110.80539999999996,True,family,Mondrian-family,scaffold_1,scaffold,random_forest
Polysulfones,68,0.8676470588235294,-0.032352941176470584,129.21964,True,family,Mondrian-family,scaffold_1,scaffold,random_forest
Polysulfides,8,0.875,-0.025000000000000022,134.7894,False,family,Mondrian-family,scaffold_1,scaffold,random_forest
Polyacrylics,42,0.8809523809523809,-0.01904761904761909,112.40600000000003,True,family,Mondrian-family,scaffold_1,scaffold,random_forest
Polyethers,184,0.8913043478260869,-0.008695652173913104,119.03999999999998,True,family,Mondrian-family,scaffold_1,scaffold,random_forest
Polyurethanes,49,0.8979591836734694,-0.0020408163265306367,184.8228,True,family,Mondrian-family,scaffold_1,scaffold,random_forest
Polyimides,478,0.9100418410041841,0.010041841004184038,131.00699999999998,True,family,Mondrian-family,scaffold_1,scaffold,random_forest
Polyesters,172,0.9302325581395349,0.03023255813953485,123.84360000000002,True,family,Mondrian-family,scaffold_1,scaffold,random_forest
Polyphenylenes,83,0.9397590361445783,0.03975903614457832,181.8621600000001,True,family,Mondrian-family,scaffold_1,scaffold,random_forest
Polyimines,17,0.9411764705882353,0.04117647058823526,134.7894,True,family,Mondrian-family,scaffold_1,scaffold,random_forest
Polysiloxanes,22,0.9545454545454546,0.054545454545454564,195.26040000000003,True,family,Mondrian-family,scaffold_1,scaffold,random_forest
Polydienes,3,1.0,0.09999999999999998,134.7894,False,family,Mondrian-family,scaffold_1,scaffold,random_forest
Polyvinyls,6,1.0,0.09999999999999998,148.0286000000001,False,family,Mondrian-family,scaffold_1,scaffold,random_forest
Polyhalo-olefins,1,1.0,0.09999999999999998,134.7894,False,family,Mondrian-family,scaffold_1,scaffold,random_forest
Polyolefins,4,1.0,0.09999999999999998,317.447,False,family,Mondrian-family,scaffold_1,scaffold,random_forest
Polystyrenes,13,1.0,0.09999999999999998,249.13164000000003,True,family,Mondrian-family,scaffold_1,scaffold,random_forest
0,46,0.7608695652173914,-0.13913043478260867,162.59275494425538,True,similarity,Normalised SCP,scaffold_1,scaffold,random_forest
2,223,0.8251121076233184,-0.07488789237668159,128.42320533528223,True,similarity,Normalised SCP,scaffold_1,scaffold,random_forest
4,290,0.8344827586206897,-0.06551724137931036,126.72140198704271,True,similarity,Normalised SCP,scaffold_1,scaffold,random_forest
3,278,0.841726618705036,-0.058273381294964066,130.471341540718,True,similarity,Normalised SCP,scaffold_1,scaffold,random_forest
1,91,0.8681318681318682,-0.031868131868131866,138.29261195502346,True,similarity,Normalised SCP,scaffold_1,scaffold,random_forest
5,507,0.9487179487179487,0.048717948717948656,121.0391697604632,True,similarity,Normalised SCP,scaffold_1,scaffold,random_forest
Polyphosphazenes,10,0.4,-0.5,149.44167086762505,True,family,Normalised SCP,scaffold_1,scaffold,random_forest
Polyureas,15,0.4666666666666667,-0.43333333333333335,123.45665029970276,True,family,Normalised SCP,scaffold_1,scaffold,random_forest
Polycarbonates,68,0.6911764705882353,-0.20882352941176474,124.41082859098645,True,family,Normalised SCP,scaffold_1,scaffold,random_forest
Polysiloxanes,22,0.7272727272727273,-0.17272727272727273,148.31247137923884,True,family,Normalised SCP,scaffold_1,scaffold,random_forest
Polyacrylics,42,0.8095238095238095,-0.09047619047619049,131.26549521324483,True,family,Normalised SCP,scaffold_1,scaffold,random_forest
Polyanhydrides,16,0.8125,-0.08750000000000002,195.7760682868111,True,family,Normalised SCP,scaffold_1,scaffold,random_forest
Polyurethanes,49,0.8571428571428571,-0.04285714285714293,111.51909938096202,True,family,Normalised SCP,scaffold_1,scaffold,random_forest
Polyamides,176,0.8693181818181818,-0.030681818181818254,115.74517389309511,True,family,Normalised SCP,scaffold_1,scaffold,random_forest
Polysulfides,8,0.875,-0.025000000000000022,143.1266794716945,False,family,Normalised SCP,scaffold_1,scaffold,random_forest
Polysulfones,68,0.8823529411764706,-0.01764705882352946,136.51124851510286,True,family,Normalised SCP,scaffold_1,scaffold,random_forest
Polyethers,184,0.9021739130434783,0.0021739130434782483,120.07559659554109,True,family,Normalised SCP,scaffold_1,scaffold,random_forest
Polyphenylenes,83,0.9036144578313253,0.0036144578313253017,149.95509709631807,True,family,Normalised SCP,scaffold_1,scaffold,random_forest
Polyimides,478,0.9058577405857741,0.0058577405857740406,130.4001241529652,True,family,Normalised SCP,scaffold_1,scaffold,random_forest
Polyesters,172,0.9069767441860465,0.006976744186046435,113.90951466474651,True,family,Normalised SCP,scaffold_1,scaffold,random_forest
Polystyrenes,13,0.9230769230769231,0.023076923076923106,148.38717415320917,True,family,Normalised SCP,scaffold_1,scaffold,random_forest
Polyimines,17,0.9411764705882353,0.04117647058823526,119.19128488479305,True,family,Normalised SCP,scaffold_1,scaffold,random_forest
Polyvinyls,6,1.0,0.09999999999999998,169.15859215061406,False,family,Normalised SCP,scaffold_1,scaffold,random_forest
Polyolefins,4,1.0,0.09999999999999998,233.0399182001318,False,family,Normalised SCP,scaffold_1,scaffold,random_forest
Polyhalo-olefins,1,1.0,0.09999999999999998,221.2180293423624,False,family,Normalised SCP,scaffold_1,scaffold,random_forest
Polydienes,3,1.0,0.09999999999999998,174.62161907344264,False,family,Normalised SCP,scaffold_1,scaffold,random_forest
0,46,0.782608695652174,-0.11739130434782608,119.57518313758717,True,similarity,SCP,scaffold_1,scaffold,hist_gbr
3,278,0.8489208633093526,-0.05107913669064745,119.57518313758715,True,similarity,SCP,scaffold_1,scaffold,hist_gbr
2,223,0.852017937219731,-0.047982062780269064,119.57518313758716,True,similarity,SCP,scaffold_1,scaffold,hist_gbr
4,290,0.8551724137931035,-0.04482758620689653,119.57518313758713,True,similarity,SCP,scaffold_1,scaffold,hist_gbr
1,91,0.8901098901098901,-0.009890109890109966,119.57518313758716,True,similarity,SCP,scaffold_1,scaffold,hist_gbr
5,507,0.9526627218934911,0.05266272189349108,119.57518313758715,True,similarity,SCP,scaffold_1,scaffold,hist_gbr
Polyolefins,4,0.5,-0.4,119.57518313758715,False,family,SCP,scaffold_1,scaffold,hist_gbr
Polyureas,15,0.5333333333333333,-0.3666666666666667,119.57518313758715,True,family,SCP,scaffold_1,scaffold,hist_gbr
Polyanhydrides,16,0.5625,-0.3375,119.57518313758715,True,family,SCP,scaffold_1,scaffold,hist_gbr
Polyphosphazenes,10,0.8,-0.09999999999999998,119.57518313758715,True,family,SCP,scaffold_1,scaffold,hist_gbr
Polyvinyls,6,0.8333333333333334,-0.06666666666666665,119.57518313758715,False,family,SCP,scaffold_1,scaffold,hist_gbr
Polyurethanes,49,0.8367346938775511,-0.06326530612244896,119.57518313758715,True,family,SCP,scaffold_1,scaffold,hist_gbr
Polycarbonates,68,0.8382352941176471,-0.061764705882352944,119.57518313758716,True,family,SCP,scaffold_1,scaffold,hist_gbr
Polystyrenes,13,0.8461538461538461,-0.05384615384615388,119.57518313758715,True,family,SCP,scaffold_1,scaffold,hist_gbr
Polyphenylenes,83,0.8554216867469879,-0.04457831325301209,119.57518313758716,True,family,SCP,scaffold_1,scaffold,hist_gbr
Polysulfides,8,0.875,-0.025000000000000022,119.57518313758715,False,family,SCP,scaffold_1,scaffold,hist_gbr
Polysulfones,68,0.8823529411764706,-0.01764705882352946,119.57518313758716,True,family,SCP,scaffold_1,scaffold,hist_gbr
Polyimides,478,0.899581589958159,-0.00041841004184106634,119.57518313758715,True,family,SCP,scaffold_1,scaffold,hist_gbr
Polyethers,184,0.907608695652174,0.007608695652173925,119.57518313758713,True,family,SCP,scaffold_1,scaffold,hist_gbr
Polysiloxanes,22,0.9090909090909091,0.009090909090909038,119.57518313758716,True,family,SCP,scaffold_1,scaffold,hist_gbr
Polyesters,172,0.9127906976744186,0.012790697674418539,119.57518313758716,True,family,SCP,scaffold_1,scaffold,hist_gbr
Polyamides,176,0.9147727272727273,0.01477272727272727,119.57518313758715,True,family,SCP,scaffold_1,scaffold,hist_gbr
Polyacrylics,42,0.9285714285714286,0.02857142857142858,119.57518313758716,True,family,SCP,scaffold_1,scaffold,hist_gbr
Polyhalo-olefins,1,1.0,0.09999999999999998,119.57518313758715,False,family,SCP,scaffold_1,scaffold,hist_gbr
Polydienes,3,1.0,0.09999999999999998,119.57518313758715,False,family,SCP,scaffold_1,scaffold,hist_gbr
Polyimines,17,1.0,0.09999999999999998,119.57518313758715,True,family,SCP,scaffold_1,scaffold,hist_gbr
4,290,0.8413793103448276,-0.05862068965517242,111.72604164931738,True,similarity,Mondrian-similarity,scaffold_1,scaffold,hist_gbr
5,507,0.903353057199211,0.0033530571992109737,89.74100064160145,True,similarity,Mondrian-similarity,scaffold_1,scaffold,hist_gbr
3,278,0.9100719424460432,0.010071942446043147,138.60732168728262,True,similarity,Mondrian-similarity,scaffold_1,scaffold,hist_gbr
2,223,0.9327354260089686,0.032735426008968616,178.12008163352692,True,similarity,Mondrian-similarity,scaffold_1,scaffold,hist_gbr
1,91,0.989010989010989,0.08901098901098903,213.59970948718933,True,similarity,Mondrian-similarity,scaffold_1,scaffold,hist_gbr
0,46,1.0,0.09999999999999998,299.1175462040264,True,similarity,Mondrian-similarity,scaffold_1,scaffold,hist_gbr
Polyureas,15,0.6,-0.30000000000000004,158.9019455423468,True,family,Mondrian-similarity,scaffold_1,scaffold,hist_gbr
Polyolefins,4,0.75,-0.15000000000000002,143.91477861827667,False,family,Mondrian-similarity,scaffold_1,scaffold,hist_gbr
Polyphosphazenes,10,0.8,-0.09999999999999998,159.6268496512327,True,family,Mondrian-similarity,scaffold_1,scaffold,hist_gbr
Polysulfides,8,0.875,-0.025000000000000022,154.55148446080563,False,family,Mondrian-similarity,scaffold_1,scaffold,hist_gbr
Polyphenylenes,83,0.8795180722891566,-0.02048192771084345,148.02613090021046,True,family,Mondrian-similarity,scaffold_1,scaffold,hist_gbr
Polyimides,478,0.8828451882845189,-0.017154811715481166,118.07893781872811,True,family,Mondrian-similarity,scaffold_1,scaffold,hist_gbr
Polyurethanes,49,0.8979591836734694,-0.0020408163265306367,134.8216669378806,True,family,Mondrian-similarity,scaffold_1,scaffold,hist_gbr
Polyamides,176,0.9147727272727273,0.01477272727272727,120.8195570078221,True,family,Mondrian-similarity,scaffold_1,scaffold,hist_gbr
Polyethers,184,0.9184782608695652,0.018478260869565166,128.68152566555608,True,family,Mondrian-similarity,scaffold_1,scaffold,hist_gbr
Polyesters,172,0.9244186046511628,0.024418604651162745,136.73540078037607,True,family,Mondrian-similarity,scaffold_1,scaffold,hist_gbr
Polycarbonates,68,0.9264705882352942,0.026470588235294135,148.88658212601064,True,family,Mondrian-similarity,scaffold_1,scaffold,hist_gbr
Polysulfones,68,0.9264705882352942,0.026470588235294135,132.55430718175867,True,family,Mondrian-similarity,scaffold_1,scaffold,hist_gbr
Polysiloxanes,22,0.9545454545454546,0.054545454545454564,141.9127413466388,True,family,Mondrian-similarity,scaffold_1,scaffold,hist_gbr
Polyacrylics,42,0.9761904761904762,0.07619047619047614,164.74426160013422,True,family,Mondrian-similarity,scaffold_1,scaffold,hist_gbr
Polyimines,17,1.0,0.09999999999999998,174.9415760139951,True,family,Mondrian-similarity,scaffold_1,scaffold,hist_gbr
Polydienes,3,1.0,0.09999999999999998,217.10819245949946,False,family,Mondrian-similarity,scaffold_1,scaffold,hist_gbr
Polyvinyls,6,1.0,0.09999999999999998,215.0723915637452,False,family,Mondrian-similarity,scaffold_1,scaffold,hist_gbr
Polyanhydrides,16,1.0,0.09999999999999998,204.91091606135518,True,family,Mondrian-similarity,scaffold_1,scaffold,hist_gbr
Polyhalo-olefins,1,1.0,0.09999999999999998,89.74100064160145,False,family,Mondrian-similarity,scaffold_1,scaffold,hist_gbr
Polystyrenes,13,1.0,0.09999999999999998,176.94379979814477,True,family,Mondrian-similarity,scaffold_1,scaffold,hist_gbr
0,46,0.8260869565217391,-0.07391304347826089,134.0426122724271,True,similarity,Mondrian-family,scaffold_1,scaffold,hist_gbr
2,223,0.8430493273542601,-0.05695067264573994,123.52664747515986,True,similarity,Mondrian-family,scaffold_1,scaffold,hist_gbr
3,278,0.8489208633093526,-0.05107913669064745,122.64587356250071,True,similarity,Mondrian-family,scaffold_1,scaffold,hist_gbr
4,290,0.8689655172413793,-0.03103448275862075,122.59235710359103,True,similarity,Mondrian-family,scaffold_1,scaffold,hist_gbr
1,91,0.8901098901098901,-0.009890109890109966,132.36224133794363,True,similarity,Mondrian-family,scaffold_1,scaffold,hist_gbr
5,507,0.9506903353057199,0.05069033530571987,120.76788785075647,True,similarity,Mondrian-family,scaffold_1,scaffold,hist_gbr
Polyureas,15,0.5333333333333333,-0.3666666666666667,119.57518313758715,True,family,Mondrian-family,scaffold_1,scaffold,hist_gbr
Polyanhydrides,16,0.5625,-0.3375,119.57518313758715,True,family,Mondrian-family,scaffold_1,scaffold,hist_gbr
Polyphosphazenes,10,0.8,-0.09999999999999998,119.57518313758715,True,family,Mondrian-family,scaffold_1,scaffold,hist_gbr
Polyurethanes,49,0.8367346938775511,-0.06326530612244896,114.93383313301206,True,family,Mondrian-family,scaffold_1,scaffold,hist_gbr
Polycarbonates,68,0.8382352941176471,-0.061764705882352944,121.62905479686312,True,family,Mondrian-family,scaffold_1,scaffold,hist_gbr
Polyamides,176,0.8693181818181818,-0.030681818181818254,99.36914593837342,True,family,Mondrian-family,scaffold_1,scaffold,hist_gbr
Polyethers,184,0.8695652173913043,-0.0304347826086957,102.34827397442696,True,family,Mondrian-family,scaffold_1,scaffold,hist_gbr
Polysulfides,8,0.875,-0.025000000000000022,119.57518313758715,False,family,Mondrian-family,scaffold_1,scaffold,hist_gbr
Polysulfones,68,0.8823529411764706,-0.01764705882352946,115.14908381791292,True,family,Mondrian-family,scaffold_1,scaffold,hist_gbr
Polyimides,478,0.9079497907949791,0.00794979079497904,125.12575508096003,True,family,Mondrian-family,scaffold_1,scaffold,hist_gbr
Polyesters,172,0.9244186046511628,0.024418604651162745,122.05359044615416,True,family,Mondrian-family,scaffold_1,scaffold,hist_gbr
Polyphenylenes,83,0.927710843373494,0.027710843373493943,193.54963957102706,True,family,Mondrian-family,scaffold_1,scaffold,hist_gbr
Polyacrylics,42,0.9285714285714286,0.02857142857142858,116.04747478784391,True,family,Mondrian-family,scaffold_1,scaffold,hist_gbr
Polysiloxanes,22,0.9545454545454546,0.054545454545454564,152.3388649099399,True,family,Mondrian-family,scaffold_1,scaffold,hist_gbr
Polyimines,17,1.0,0.09999999999999998,119.57518313758715,True,family,Mondrian-family,scaffold_1,scaffold,hist_gbr
Polydienes,3,1.0,0.09999999999999998,119.57518313758715,False,family,Mondrian-family,scaffold_1,scaffold,hist_gbr
Polyvinyls,6,1.0,0.09999999999999998,155.76420316468486,False,family,Mondrian-family,scaffold_1,scaffold,hist_gbr
Polyhalo-olefins,1,1.0,0.09999999999999998,119.57518313758715,False,family,Mondrian-family,scaffold_1,scaffold,hist_gbr
Polyolefins,4,1.0,0.09999999999999998,294.3022348159127,False,family,Mondrian-family,scaffold_1,scaffold,hist_gbr
Polystyrenes,13,1.0,0.09999999999999998,231.14186164623183,True,family,Mondrian-family,scaffold_1,scaffold,hist_gbr
0,46,0.8043478260869565,-0.09565217391304348,134.74186590266655,True,similarity,Normalised SCP,scaffold_1,scaffold,hist_gbr
3,278,0.8129496402877698,-0.08705035971223019,118.3852109512035,True,similarity,Normalised SCP,scaffold_1,scaffold,hist_gbr
2,223,0.8161434977578476,-0.08385650224215246,116.09531489172717,True,similarity,Normalised SCP,scaffold_1,scaffold,hist_gbr
4,290,0.8482758620689655,-0.051724137931034475,120.00173206927289,True,similarity,Normalised SCP,scaffold_1,scaffold,hist_gbr
1,91,0.9010989010989011,0.001098901098901095,120.23730104666852,True,similarity,Normalised SCP,scaffold_1,scaffold,hist_gbr
5,507,0.9428007889546351,0.04280078895463513,118.37770968786053,True,similarity,Normalised SCP,scaffold_1,scaffold,hist_gbr
Polyureas,15,0.5333333333333333,-0.3666666666666667,121.1217216454413,True,family,Normalised SCP,scaffold_1,scaffold,hist_gbr
Polyanhydrides,16,0.625,-0.275,144.96111736557816,True,family,Normalised SCP,scaffold_1,scaffold,hist_gbr
Polyvinyls,6,0.6666666666666666,-0.2333333333333334,123.59213501693613,False,family,Normalised SCP,scaffold_1,scaffold,hist_gbr
Polysiloxanes,22,0.7272727272727273,-0.17272727272727273,112.86439432201136,True,family,Normalised SCP,scaffold_1,scaffold,hist_gbr
Polyolefins,4,0.75,-0.15000000000000002,201.92263043337653,False,family,Normalised SCP,scaffold_1,scaffold,hist_gbr
Polyurethanes,49,0.7551020408163265,-0.14489795918367354,97.89383027158564,True,family,Normalised SCP,scaffold_1,scaffold,hist_gbr
Polyphosphazenes,10,0.8,-0.09999999999999998,130.1110841686807,True,family,Normalised SCP,scaffold_1,scaffold,hist_gbr
Polycarbonates,68,0.8088235294117647,-0.0911764705882353,118.09479915304978,True,family,Normalised SCP,scaffold_1,scaffold,hist_gbr
Polyacrylics,42,0.8095238095238095,-0.09047619047619049,107.62759779922172,True,family,Normalised SCP,scaffold_1,scaffold,hist_gbr
Polyphenylenes,83,0.8313253012048193,-0.06867469879518073,142.31865530097716,True,family,Normalised SCP,scaffold_1,scaffold,hist_gbr
Polysulfones,68,0.8823529411764706,-0.01764705882352946,120.62842369140922,True,family,Normalised SCP,scaffold_1,scaffold,hist_gbr
Polyamides,176,0.8920454545454546,-0.007954545454545436,112.39813684871633,True,family,Normalised SCP,scaffold_1,scaffold,hist_gbr
Polyimides,478,0.895397489539749,-0.004602510460251064,124.352503708298,True,family,Normalised SCP,scaffold_1,scaffold,hist_gbr
Polyethers,184,0.8967391304347826,-0.003260869565217428,110.95226924443311,True,family,Normalised SCP,scaffold_1,scaffold,hist_gbr
Polyesters,172,0.9127906976744186,0.012790697674418539,108.03708983792265,True,family,Normalised SCP,scaffold_1,scaffold,hist_gbr
Polystyrenes,13,0.9230769230769231,0.023076923076923106,137.93250341568395,True,family,Normalised SCP,scaffold_1,scaffold,hist_gbr
Polyimines,17,0.9411764705882353,0.04117647058823526,117.78786621629521,True,family,Normalised SCP,scaffold_1,scaffold,hist_gbr
Polydienes,3,1.0,0.09999999999999998,137.21186211975544,False,family,Normalised SCP,scaffold_1,scaffold,hist_gbr
Polyhalo-olefins,1,1.0,0.09999999999999998,282.9013746532793,False,family,Normalised SCP,scaffold_1,scaffold,hist_gbr
Polysulfides,8,1.0,0.09999999999999998,151.93590454311544,False,family,Normalised SCP,scaffold_1,scaffold,hist_gbr
0,46,0.782608695652174,-0.11739130434782608,121.68019999999989,True,similarity,SCP,scaffold_1,scaffold,extra_trees
3,278,0.8237410071942446,-0.07625899280575543,121.6801999999999,True,similarity,SCP,scaffold_1,scaffold,extra_trees
2,223,0.8251121076233184,-0.07488789237668159,121.68019999999989,True,similarity,SCP,scaffold_1,scaffold,extra_trees
1,91,0.8461538461538461,-0.05384615384615388,121.68019999999994,True,similarity,SCP,scaffold_1,scaffold,extra_trees
4,290,0.8827586206896552,-0.017241379310344862,121.6801999999999,True,similarity,SCP,scaffold_1,scaffold,extra_trees
5,507,0.9428007889546351,0.04280078895463513,121.68019999999987,True,similarity,SCP,scaffold_1,scaffold,extra_trees
Polyureas,15,0.4,-0.5,121.68019999999987,True,family,SCP,scaffold_1,scaffold,extra_trees
Polyolefins,4,0.5,-0.4,121.6801999999999,False,family,SCP,scaffold_1,scaffold,extra_trees
Polyphosphazenes,10,0.5,-0.4,121.68019999999987,True,family,SCP,scaffold_1,scaffold,extra_trees
Polysiloxanes,22,0.6363636363636364,-0.26363636363636367,121.68019999999987,True,family,SCP,scaffold_1,scaffold,extra_trees
Polyanhydrides,16,0.6875,-0.21250000000000002,121.6801999999999,True,family,SCP,scaffold_1,scaffold,extra_trees
Polycarbonates,68,0.8088235294117647,-0.0911764705882353,121.6801999999999,True,family,SCP,scaffold_1,scaffold,extra_trees
Polyamides,176,0.8238636363636364,-0.07613636363636367,121.68019999999989,True,family,SCP,scaffold_1,scaffold,extra_trees
Polyvinyls,6,0.8333333333333334,-0.06666666666666665,121.6801999999999,False,family,SCP,scaffold_1,scaffold,extra_trees
Polystyrenes,13,0.8461538461538461,-0.05384615384615388,121.68019999999989,True,family,SCP,scaffold_1,scaffold,extra_trees
Polyurethanes,49,0.8571428571428571,-0.04285714285714293,121.6801999999999,True,family,SCP,scaffold_1,scaffold,extra_trees
Polysulfides,8,0.875,-0.025000000000000022,121.6801999999999,False,family,SCP,scaffold_1,scaffold,extra_trees
Polyphenylenes,83,0.8795180722891566,-0.02048192771084345,121.6801999999999,True,family,SCP,scaffold_1,scaffold,extra_trees
Polysulfones,68,0.8823529411764706,-0.01764705882352946,121.6801999999999,True,family,SCP,scaffold_1,scaffold,extra_trees
Polyethers,184,0.907608695652174,0.007608695652173925,121.68019999999987,True,family,SCP,scaffold_1,scaffold,extra_trees
Polyimides,478,0.9142259414225942,0.014225941422594146,121.68019999999987,True,family,SCP,scaffold_1,scaffold,extra_trees
Polyacrylics,42,0.9285714285714286,0.02857142857142858,121.68019999999991,True,family,SCP,scaffold_1,scaffold,extra_trees
Polyesters,172,0.936046511627907,0.03604651162790695,121.68019999999989,True,family,SCP,scaffold_1,scaffold,extra_trees
Polyimines,17,0.9411764705882353,0.04117647058823526,121.6801999999999,True,family,SCP,scaffold_1,scaffold,extra_trees
Polyhalo-olefins,1,1.0,0.09999999999999998,121.6801999999999,False,family,SCP,scaffold_1,scaffold,extra_trees
Polydienes,3,1.0,0.09999999999999998,121.6801999999999,False,family,SCP,scaffold_1,scaffold,extra_trees
3,278,0.8776978417266187,-0.022302158273381334,142.4552,True,similarity,Mondrian-similarity,scaffold_1,scaffold,extra_trees
4,290,0.8793103448275862,-0.020689655172413834,117.29279999999996,True,similarity,Mondrian-similarity,scaffold_1,scaffold,extra_trees
5,507,0.8796844181459567,-0.020315581854043363,90.73652000000011,True,similarity,Mondrian-similarity,scaffold_1,scaffold,extra_trees
2,223,0.9327354260089686,0.032735426008968616,190.8934,True,similarity,Mondrian-similarity,scaffold_1,scaffold,extra_trees
1,91,0.9340659340659341,0.034065934065934056,159.71499999999995,True,similarity,Mondrian-similarity,scaffold_1,scaffold,extra_trees
0,46,0.9782608695652174,0.07826086956521738,248.20335999999983,True,similarity,Mondrian-similarity,scaffold_1,scaffold,extra_trees
Polyolefins,4,0.5,-0.4,134.18894999999998,False,family,Mondrian-similarity,scaffold_1,scaffold,extra_trees
Polyureas,15,0.5333333333333333,-0.3666666666666667,152.92070666666666,True,family,Mondrian-similarity,scaffold_1,scaffold,extra_trees
Polyphosphazenes,10,0.6,-0.30000000000000004,169.00187999999997,True,family,Mondrian-similarity,scaffold_1,scaffold,extra_trees
Polysiloxanes,22,0.7727272727272727,-0.12727272727272732,138.89451818181817,True,family,Mondrian-similarity,scaffold_1,scaffold,extra_trees
Polycarbonates,68,0.8382352941176471,-0.061764705882352944,149.56387588235296,True,family,Mondrian-similarity,scaffold_1,scaffold,extra_trees
Polyamides,176,0.8409090909090909,-0.05909090909090908,120.69413568181822,True,family,Mondrian-similarity,scaffold_1,scaffold,extra_trees
Polysulfides,8,0.875,-0.025000000000000022,154.617775,False,family,Mondrian-similarity,scaffold_1,scaffold,extra_trees
Polyurethanes,49,0.8775510204081632,-0.022448979591836782,136.4629387755102,True,family,Mondrian-similarity,scaffold_1,scaffold,extra_trees
Polyimides,478,0.9016736401673641,0.0016736401673640433,118.1217166527197,True,family,Mondrian-similarity,scaffold_1,scaffold,extra_trees
Polyphenylenes,83,0.9036144578313253,0.0036144578313253017,142.54176578313255,True,family,Mondrian-similarity,scaffold_1,scaffold,extra_trees
Polysulfones,68,0.9117647058823529,0.0117647058823529,131.3538717647059,True,family,Mondrian-similarity,scaffold_1,scaffold,extra_trees
Polyethers,184,0.9130434782608695,0.01304347826086949,130.4519730434783,True,family,Mondrian-similarity,scaffold_1,scaffold,extra_trees
Polystyrenes,13,0.9230769230769231,0.023076923076923106,161.27172,True,family,Mondrian-similarity,scaffold_1,scaffold,extra_trees
Polyimines,17,0.9411764705882353,0.04117647058823526,163.52603999999997,True,family,Mondrian-similarity,scaffold_1,scaffold,extra_trees
Polyesters,172,0.9534883720930233,0.05348837209302326,137.5158386046512,True,family,Mondrian-similarity,scaffold_1,scaffold,extra_trees
Polyacrylics,42,0.9761904761904762,0.07619047619047614,159.02499142857144,True,family,Mondrian-similarity,scaffold_1,scaffold,extra_trees
Polyvinyls,6,1.0,0.09999999999999998,180.96635333333333,False,family,Mondrian-similarity,scaffold_1,scaffold,extra_trees
Polyanhydrides,16,1.0,0.09999999999999998,191.59926249999995,True,family,Mondrian-similarity,scaffold_1,scaffold,extra_trees
Polyhalo-olefins,1,1.0,0.09999999999999998,90.7365200000001,False,family,Mondrian-similarity,scaffold_1,scaffold,extra_trees
Polydienes,3,1.0,0.09999999999999998,183.45785333333325,False,family,Mondrian-similarity,scaffold_1,scaffold,extra_trees
0,46,0.7391304347826086,-0.16086956521739137,126.89229347826085,True,similarity,Mondrian-family,scaffold_1,scaffold,extra_trees
3,278,0.8201438848920863,-0.07985611510791368,122.5541162589928,True,similarity,Mondrian-family,scaffold_1,scaffold,extra_trees
2,223,0.820627802690583,-0.07937219730941703,121.55417282511212,True,similarity,Mondrian-family,scaffold_1,scaffold,extra_trees
4,290,0.8827586206896552,-0.017241379310344862,122.02488600000002,True,similarity,Mondrian-family,scaffold_1,scaffold,extra_trees
1,91,0.8901098901098901,-0.009890109890109966,128.4946118681319,True,similarity,Mondrian-family,scaffold_1,scaffold,extra_trees
5,507,0.9289940828402367,0.028994082840236635,119.635778382643,True,similarity,Mondrian-family,scaffold_1,scaffold,extra_trees
Polyureas,15,0.4,-0.5,121.68019999999987,True,family,Mondrian-family,scaffold_1,scaffold,extra_trees
Polyphosphazenes,10,0.5,-0.4,121.68019999999987,True,family,Mondrian-family,scaffold_1,scaffold,extra_trees
Polyanhydrides,16,0.6875,-0.21250000000000002,121.6801999999999,True,family,Mondrian-family,scaffold_1,scaffold,extra_trees
Polyamides,176,0.7613636363636364,-0.13863636363636367,104.09119999999997,True,family,Mondrian-family,scaffold_1,scaffold,extra_trees
Polycarbonates,68,0.7941176470588235,-0.10588235294117654,116.02931999999976,True,family,Mondrian-family,scaffold_1,scaffold,extra_trees
Polyacrylics,42,0.8333333333333334,-0.06666666666666665,107.14540000000004,True,family,Mondrian-family,scaffold_1,scaffold,extra_trees
Polyvinyls,6,0.8333333333333334,-0.06666666666666665,123.758,False,family,Mondrian-family,scaffold_1,scaffold,extra_trees
Polysulfones,68,0.8529411764705882,-0.04705882352941182,116.56292,True,family,Mondrian-family,scaffold_1,scaffold,extra_trees
Polysulfides,8,0.875,-0.025000000000000022,121.6801999999999,False,family,Mondrian-family,scaffold_1,scaffold,extra_trees
Polyethers,184,0.8913043478260869,-0.008695652173913104,111.66020000000002,True,family,Mondrian-family,scaffold_1,scaffold,extra_trees
Polysiloxanes,22,0.9090909090909091,0.009090909090909038,179.56280000000004,True,family,Mondrian-family,scaffold_1,scaffold,extra_trees
Polyimides,478,0.9142259414225942,0.014225941422594146,123.16339999999998,True,family,Mondrian-family,scaffold_1,scaffold,extra_trees
Polyurethanes,49,0.9183673469387755,0.01836734693877551,138.86080000000013,True,family,Mondrian-family,scaffold_1,scaffold,extra_trees
Polyesters,172,0.9186046511627907,0.018604651162790642,116.60908000000009,True,family,Mondrian-family,scaffold_1,scaffold,extra_trees
Polyphenylenes,83,0.927710843373494,0.027710843373493943,150.75992000000008,True,family,Mondrian-family,scaffold_1,scaffold,extra_trees
Polyimines,17,0.9411764705882353,0.04117647058823526,121.6801999999999,True,family,Mondrian-family,scaffold_1,scaffold,extra_trees
Polyolefins,4,1.0,0.09999999999999998,226.13319999999993,False,family,Mondrian-family,scaffold_1,scaffold,extra_trees
Polyhalo-olefins,1,1.0,0.09999999999999998,121.6801999999999,False,family,Mondrian-family,scaffold_1,scaffold,extra_trees
Polystyrenes,13,1.0,0.09999999999999998,246.62566000000004,True,family,Mondrian-family,scaffold_1,scaffold,extra_trees
Polydienes,3,1.0,0.09999999999999998,121.6801999999999,False,family,Mondrian-family,scaffold_1,scaffold,extra_trees
2,223,0.7937219730941704,-0.10627802690582966,115.05584731816636,True,similarity,Normalised SCP,scaffold_1,scaffold,extra_trees
0,46,0.8043478260869565,-0.09565217391304348,145.84060436571065,True,similarity,Normalised SCP,scaffold_1,scaffold,extra_trees
3,278,0.8057553956834532,-0.0942446043165468,120.4058132578337,True,similarity,Normalised SCP,scaffold_1,scaffold,extra_trees
4,290,0.8310344827586207,-0.06896551724137934,118.31045139715928,True,similarity,Normalised SCP,scaffold_1,scaffold,extra_trees
1,91,0.8791208791208791,-0.020879120879120916,121.73714976872391,True,similarity,Normalised SCP,scaffold_1,scaffold,extra_trees
5,507,0.9309664694280079,0.030966469428007848,117.6544760233006,True,similarity,Normalised SCP,scaffold_1,scaffold,extra_trees
Polyureas,15,0.4,-0.5,114.86841784287125,True,family,Normalised SCP,scaffold_1,scaffold,extra_trees
Polyphosphazenes,10,0.6,-0.30000000000000004,154.05201669081916,True,family,Normalised SCP,scaffold_1,scaffold,extra_trees
Polycarbonates,68,0.6470588235294118,-0.2529411764705882,108.97151296833994,True,family,Normalised SCP,scaffold_1,scaffold,extra_trees
Polysiloxanes,22,0.7272727272727273,-0.17272727272727273,121.98152866036229,True,family,Normalised SCP,scaffold_1,scaffold,extra_trees
Polyurethanes,49,0.7755102040816326,-0.1244897959183674,92.06172752819035,True,family,Normalised SCP,scaffold_1,scaffold,extra_trees
Polyamides,176,0.7897727272727273,-0.11022727272727273,109.41708370380903,True,family,Normalised SCP,scaffold_1,scaffold,extra_trees
Polyacrylics,42,0.8095238095238095,-0.09047619047619049,118.13598306171608,True,family,Normalised SCP,scaffold_1,scaffold,extra_trees
Polystyrenes,13,0.8461538461538461,-0.05384615384615388,151.43742367017546,True,family,Normalised SCP,scaffold_1,scaffold,extra_trees
Polyanhydrides,16,0.875,-0.025000000000000022,159.0489699155645,True,family,Normalised SCP,scaffold_1,scaffold,extra_trees
Polyesters,172,0.877906976744186,-0.02209302325581397,100.79143255086153,True,family,Normalised SCP,scaffold_1,scaffold,extra_trees
Polyphenylenes,83,0.8795180722891566,-0.02048192771084345,141.22229510487267,True,family,Normalised SCP,scaffold_1,scaffold,extra_trees
Polyethers,184,0.8913043478260869,-0.008695652173913104,113.4293943848213,True,family,Normalised SCP,scaffold_1,scaffold,extra_trees
Polysulfones,68,0.8970588235294118,-0.002941176470588225,120.3585375206456,True,family,Normalised SCP,scaffold_1,scaffold,extra_trees
Polyimides,478,0.9121338912133892,0.012133891213389147,126.23838289885553,True,family,Normalised SCP,scaffold_1,scaffold,extra_trees
Polyimines,17,0.9411764705882353,0.04117647058823526,123.71769318411401,True,family,Normalised SCP,scaffold_1,scaffold,extra_trees
Polydienes,3,1.0,0.09999999999999998,188.31648264984497,False,family,Normalised SCP,scaffold_1,scaffold,extra_trees
Polyvinyls,6,1.0,0.09999999999999998,159.52471743875245,False,family,Normalised SCP,scaffold_1,scaffold,extra_trees
Polyolefins,4,1.0,0.09999999999999998,201.2487139878673,False,family,Normalised SCP,scaffold_1,scaffold,extra_trees
Polyhalo-olefins,1,1.0,0.09999999999999998,276.234360915611,False,family,Normalised SCP,scaffold_1,scaffold,extra_trees
Polysulfides,8,1.0,0.09999999999999998,139.4515354834918,False,family,Normalised SCP,scaffold_1,scaffold,extra_trees
5,498,0.9036144578313253,0.0036144578313253017,374.0,True,similarity,SCP,scaffold_2,scaffold,median
4,270,0.9111111111111111,0.011111111111111072,374.0,True,similarity,SCP,scaffold_2,scaffold,median
3,273,0.9560439560439561,0.05604395604395607,374.0,True,similarity,SCP,scaffold_2,scaffold,median
2,219,0.9726027397260274,0.07260273972602738,374.0,True,similarity,SCP,scaffold_2,scaffold,median
1,115,0.9739130434782609,0.07391304347826089,374.0,True,similarity,SCP,scaffold_2,scaffold,median
0,62,0.9838709677419355,0.08387096774193548,374.0,True,similarity,SCP,scaffold_2,scaffold,median
Polyimides,410,0.8609756097560975,-0.039024390243902474,374.0,True,family,SCP,scaffold_2,scaffold,median
Polyphenylenes,71,0.8873239436619719,-0.012676056338028152,374.0,True,family,SCP,scaffold_2,scaffold,median
Polysulfides,10,0.9,0.0,374.0,True,family,SCP,scaffold_2,scaffold,median
Polyethers,149,0.9261744966442953,0.026174496644295275,374.0,True,family,SCP,scaffold_2,scaffold,median
Polyamides,191,0.9424083769633508,0.04240837696335076,374.0,True,family,SCP,scaffold_2,scaffold,median
Polysulfones,54,0.9629629629629629,0.06296296296296289,374.0,True,family,SCP,scaffold_2,scaffold,median
Polysiloxanes,51,0.9803921568627451,0.08039215686274503,374.0,True,family,SCP,scaffold_2,scaffold,median
Polyesters,215,0.986046511627907,0.086046511627907,374.0,True,family,SCP,scaffold_2,scaffold,median
Polyurethanes,14,1.0,0.09999999999999998,374.0,True,family,SCP,scaffold_2,scaffold,median
Polyimines,16,1.0,0.09999999999999998,374.0,True,family,SCP,scaffold_2,scaffold,median
Polyureas,8,1.0,0.09999999999999998,374.0,False,family,SCP,scaffold_2,scaffold,median
Polystyrenes,27,1.0,0.09999999999999998,374.0,True,family,SCP,scaffold_2,scaffold,median
Other backbone,4,1.0,0.09999999999999998,374.0,False,family,SCP,scaffold_2,scaffold,median
Polyvinyls,19,1.0,0.09999999999999998,374.0,True,family,SCP,scaffold_2,scaffold,median
Polyacrylics,134,1.0,0.09999999999999998,374.0,True,family,SCP,scaffold_2,scaffold,median
Polydienes,9,1.0,0.09999999999999998,374.0,False,family,SCP,scaffold_2,scaffold,median
Polyanhydrides,12,1.0,0.09999999999999998,374.0,True,family,SCP,scaffold_2,scaffold,median
Polyolefins,1,1.0,0.09999999999999998,374.0,False,family,SCP,scaffold_2,scaffold,median
Polycarbonates,36,1.0,0.09999999999999998,374.0,True,family,SCP,scaffold_2,scaffold,median
Polyphosphazenes,6,1.0,0.09999999999999998,374.0,False,family,SCP,scaffold_2,scaffold,median
5,498,0.8995983935742972,-0.00040160642570286065,370.0,True,similarity,Mondrian-similarity,scaffold_2,scaffold,median
4,270,0.9259259259259259,0.025925925925925908,396.0,True,similarity,Mondrian-similarity,scaffold_2,scaffold,median
3,273,0.9560439560439561,0.05604395604395607,372.0,True,similarity,Mondrian-similarity,scaffold_2,scaffold,median
1,115,0.9652173913043478,0.06521739130434778,348.0,True,similarity,Mondrian-similarity,scaffold_2,scaffold,median
2,219,0.9726027397260274,0.07260273972602738,364.0,True,similarity,Mondrian-similarity,scaffold_2,scaffold,median
0,62,0.9838709677419355,0.08387096774193548,304.0,True,similarity,Mondrian-similarity,scaffold_2,scaffold,median
Polyimides,410,0.8634146341463415,-0.03658536585365857,373.3658536585366,True,family,Mondrian-similarity,scaffold_2,scaffold,median
Polyphenylenes,71,0.8873239436619719,-0.012676056338028152,356.7887323943662,True,family,Mondrian-similarity,scaffold_2,scaffold,median
Polysulfides,10,0.9,0.0,368.2,True,family,Mondrian-similarity,scaffold_2,scaffold,median
Polyethers,149,0.9261744966442953,0.026174496644295275,372.255033557047,True,family,Mondrian-similarity,scaffold_2,scaffold,median
Polyamides,191,0.93717277486911,0.03717277486910997,370.73298429319374,True,family,Mondrian-similarity,scaffold_2,scaffold,median
Polysulfones,54,0.9629629629629629,0.06296296296296289,373.5925925925926,True,family,Mondrian-similarity,scaffold_2,scaffold,median
Polysiloxanes,51,0.9803921568627451,0.08039215686274503,366.19607843137254,True,family,Mondrian-similarity,scaffold_2,scaffold,median
Polyesters,215,0.9906976744186047,0.09069767441860466,372.0372093023256,True,family,Mondrian-similarity,scaffold_2,scaffold,median
Polyurethanes,14,1.0,0.09999999999999998,373.85714285714283,True,family,Mondrian-similarity,scaffold_2,scaffold,median
Polyimines,16,1.0,0.09999999999999998,358.5,True,family,Mondrian-similarity,scaffold_2,scaffold,median
Polyureas,8,1.0,0.09999999999999998,377.5,False,family,Mondrian-similarity,scaffold_2,scaffold,median
Polystyrenes,27,1.0,0.09999999999999998,340.14814814814815,True,family,Mondrian-similarity,scaffold_2,scaffold,median
Other backbone,4,1.0,0.09999999999999998,375.0,False,family,Mondrian-similarity,scaffold_2,scaffold,median
Polyvinyls,19,1.0,0.09999999999999998,357.4736842105263,True,family,Mondrian-similarity,scaffold_2,scaffold,median
Polyacrylics,134,1.0,0.09999999999999998,369.910447761194,True,family,Mondrian-similarity,scaffold_2,scaffold,median
Polydienes,9,1.0,0.09999999999999998,353.3333333333333,False,family,Mondrian-similarity,scaffold_2,scaffold,median
Polyanhydrides,12,1.0,0.09999999999999998,331.6666666666667,True,family,Mondrian-similarity,scaffold_2,scaffold,median
Polyolefins,1,1.0,0.09999999999999998,396.0,False,family,Mondrian-similarity,scaffold_2,scaffold,median
Polycarbonates,36,1.0,0.09999999999999998,371.1666666666667,True,family,Mondrian-similarity,scaffold_2,scaffold,median
Polyphosphazenes,6,1.0,0.09999999999999998,360.0,False,family,Mondrian-similarity,scaffold_2,scaffold,median
4,270,0.9037037037037037,0.0037037037037036535,368.0,True,similarity,Mondrian-family,scaffold_2,scaffold,median
5,498,0.9236947791164659,0.02369477911646589,375.60642570281124,True,similarity,Mondrian-family,scaffold_2,scaffold,median
3,273,0.945054945054945,0.045054945054945006,365.3699633699634,True,similarity,Mondrian-family,scaffold_2,scaffold,median
2,219,0.954337899543379,0.054337899543378976,356.3013698630137,True,similarity,Mondrian-family,scaffold_2,scaffold,median
1,115,0.9652173913043478,0.06521739130434778,373.0782608695652,True,similarity,Mondrian-family,scaffold_2,scaffold,median
0,62,0.967741935483871,0.06774193548387097,383.48387096774195,True,similarity,Mondrian-family,scaffold_2,scaffold,median
Polyamides,191,0.8167539267015707,-0.08324607329842937,308.0,True,family,Mondrian-family,scaffold_2,scaffold,median
Polysulfides,10,0.9,0.0,374.0,True,family,Mondrian-family,scaffold_2,scaffold,median
Polyimides,410,0.9073170731707317,0.007317073170731714,416.0,True,family,Mondrian-family,scaffold_2,scaffold,median
Polycarbonates,36,0.9166666666666666,0.016666666666666607,296.0,True,family,Mondrian-family,scaffold_2,scaffold,median
Polyethers,149,0.9261744966442953,0.026174496644295275,380.0,True,family,Mondrian-family,scaffold_2,scaffold,median
Polysulfones,54,0.9444444444444444,0.0444444444444444,338.0,True,family,Mondrian-family,scaffold_2,scaffold,median
Polystyrenes,27,0.9629629629629629,0.06296296296296289,262.0,True,family,Mondrian-family,scaffold_2,scaffold,median
Polyesters,215,0.986046511627907,0.086046511627907,322.0,True,family,Mondrian-family,scaffold_2,scaffold,median
Polyurethanes,14,1.0,0.09999999999999998,256.0,True,family,Mondrian-family,scaffold_2,scaffold,median
Polyacrylics,134,1.0,0.09999999999999998,330.0,True,family,Mondrian-family,scaffold_2,scaffold,median
Polyimines,16,1.0,0.09999999999999998,374.0,True,family,Mondrian-family,scaffold_2,scaffold,median
Polyureas,8,1.0,0.09999999999999998,374.0,False,family,Mondrian-family,scaffold_2,scaffold,median
Other backbone,4,1.0,0.09999999999999998,374.0,False,family,Mondrian-family,scaffold_2,scaffold,median
Polyvinyls,19,1.0,0.09999999999999998,376.0,True,family,Mondrian-family,scaffold_2,scaffold,median
Polydienes,9,1.0,0.09999999999999998,374.0,False,family,Mondrian-family,scaffold_2,scaffold,median
Polyphenylenes,71,1.0,0.09999999999999998,532.0,True,family,Mondrian-family,scaffold_2,scaffold,median
Polyanhydrides,12,1.0,0.09999999999999998,374.0,True,family,Mondrian-family,scaffold_2,scaffold,median
Polyolefins,1,1.0,0.09999999999999998,388.0,False,family,Mondrian-family,scaffold_2,scaffold,median
Polyphosphazenes,6,1.0,0.09999999999999998,424.0,False,family,Mondrian-family,scaffold_2,scaffold,median
Polysiloxanes,51,1.0,0.09999999999999998,430.0,True,family,Mondrian-family,scaffold_2,scaffold,median
0,62,0.7419354838709677,-0.15806451612903227,215.08495380156702,True,similarity,Normalised SCP,scaffold_2,scaffold,median
2,219,0.8721461187214612,-0.027853881278538828,265.96838982996303,True,similarity,Normalised SCP,scaffold_2,scaffold,median
1,115,0.8782608695652174,-0.021739130434782594,244.35790500581894,True,similarity,Normalised SCP,scaffold_2,scaffold,median
3,273,0.9304029304029304,0.030402930402930406,296.86945707100796,True,similarity,Normalised SCP,scaffold_2,scaffold,median
4,270,0.9333333333333333,0.033333333333333326,366.82693806268793,True,similarity,Normalised SCP,scaffold_2,scaffold,median
5,498,0.9538152610441767,0.053815261044176665,389.37046800035165,True,similarity,Normalised SCP,scaffold_2,scaffold,median
Polystyrenes,27,0.5925925925925926,-0.30740740740740746,179.67140431870715,True,family,Normalised SCP,scaffold_2,scaffold,median
Polyphenylenes,71,0.7746478873239436,-0.1253521126760564,290.54235752155967,True,family,Normalised SCP,scaffold_2,scaffold,median
Polysulfides,10,0.8,-0.09999999999999998,295.06233881139076,True,family,Normalised SCP,scaffold_2,scaffold,median
Polyanhydrides,12,0.8333333333333334,-0.06666666666666665,230.24424574888144,True,family,Normalised SCP,scaffold_2,scaffold,median
Polyamides,191,0.8429319371727748,-0.05706806282722521,300.1968428988291,True,family,Normalised SCP,scaffold_2,scaffold,median
Polysiloxanes,51,0.8823529411764706,-0.01764705882352946,319.42450905145915,True,family,Normalised SCP,scaffold_2,scaffold,median
Polycarbonates,36,0.8888888888888888,-0.011111111111111183,240.68558592863778,True,family,Normalised SCP,scaffold_2,scaffold,median
Polydienes,9,0.8888888888888888,-0.011111111111111183,217.64292906689312,False,family,Normalised SCP,scaffold_2,scaffold,median
Polysulfones,54,0.9074074074074074,0.007407407407407418,290.3242920973537,True,family,Normalised SCP,scaffold_2,scaffold,median
Polyethers,149,0.9194630872483222,0.01946308724832213,325.3502227963795,True,family,Normalised SCP,scaffold_2,scaffold,median
Polyesters,215,0.9302325581395349,0.03023255813953485,232.79049147323394,True,family,Normalised SCP,scaffold_2,scaffold,median
Polyvinyls,19,0.9473684210526315,0.047368421052631504,202.9896248689626,True,family,Normalised SCP,scaffold_2,scaffold,median
Polyacrylics,134,0.9552238805970149,0.055223880597014885,226.50078279075115,True,family,Normalised SCP,scaffold_2,scaffold,median
Polyimides,410,0.9829268292682927,0.08292682926829265,481.00794577454116,True,family,Normalised SCP,scaffold_2,scaffold,median
Polyureas,8,1.0,0.09999999999999998,264.5924800208743,False,family,Normalised SCP,scaffold_2,scaffold,median
Polyurethanes,14,1.0,0.09999999999999998,194.37625443013985,True,family,Normalised SCP,scaffold_2,scaffold,median
Polyolefins,1,1.0,0.09999999999999998,322.40687430741195,False,family,Normalised SCP,scaffold_2,scaffold,median
Other backbone,4,1.0,0.09999999999999998,286.77020805746486,False,family,Normalised SCP,scaffold_2,scaffold,median
Polyimines,16,1.0,0.09999999999999998,287.011733628593,True,family,Normalised SCP,scaffold_2,scaffold,median
Polyphosphazenes,6,1.0,0.09999999999999998,284.704773344114,False,family,Normalised SCP,scaffold_2,scaffold,median
0,62,0.6774193548387096,-0.2225806451612904,154.1749140701224,True,similarity,SCP,scaffold_2,scaffold,svr
1,115,0.808695652173913,-0.09130434782608698,154.17491407012224,True,similarity,SCP,scaffold_2,scaffold,svr
2,219,0.8858447488584474,-0.014155251141552583,154.17491407012227,True,similarity,SCP,scaffold_2,scaffold,svr
3,273,0.9560439560439561,0.05604395604395607,154.17491407012233,True,similarity,SCP,scaffold_2,scaffold,svr
4,270,0.9592592592592593,0.059259259259259234,154.17491407012233,True,similarity,SCP,scaffold_2,scaffold,svr
5,498,0.9819277108433735,0.08192771084337347,154.17491407012227,True,similarity,SCP,scaffold_2,scaffold,svr
Polydienes,9,0.4444444444444444,-0.4555555555555556,154.17491407012233,False,family,SCP,scaffold_2,scaffold,svr
Polystyrenes,27,0.5925925925925926,-0.30740740740740746,154.17491407012233,True,family,SCP,scaffold_2,scaffold,svr
Polyphosphazenes,6,0.6666666666666666,-0.2333333333333334,154.17491407012233,False,family,SCP,scaffold_2,scaffold,svr
Polyphenylenes,71,0.7746478873239436,-0.1253521126760564,154.1749140701224,True,family,SCP,scaffold_2,scaffold,svr
Polyanhydrides,12,0.8333333333333334,-0.06666666666666665,154.1749140701223,True,family,SCP,scaffold_2,scaffold,svr
Polyureas,8,0.875,-0.025000000000000022,154.17491407012233,False,family,SCP,scaffold_2,scaffold,svr
Polysiloxanes,51,0.9019607843137255,0.0019607843137254832,154.17491407012233,True,family,SCP,scaffold_2,scaffold,svr
Polyacrylics,134,0.9104477611940298,0.010447761194029792,154.17491407012236,True,family,SCP,scaffold_2,scaffold,svr
Polyamides,191,0.9267015706806283,0.026701570680628284,154.17491407012233,True,family,SCP,scaffold_2,scaffold,svr
Polyimines,16,0.9375,0.03749999999999998,154.17491407012233,True,family,SCP,scaffold_2,scaffold,svr
Polyvinyls,19,0.9473684210526315,0.047368421052631504,154.1749140701223,True,family,SCP,scaffold_2,scaffold,svr
Polyimides,410,0.9585365853658536,0.0585365853658536,154.1749140701223,True,family,SCP,scaffold_2,scaffold,svr
Polyesters,215,0.9674418604651163,0.06744186046511624,154.1749140701223,True,family,SCP,scaffold_2,scaffold,svr
Polyethers,149,0.9731543624161074,0.0731543624161074,154.17491407012233,True,family,SCP,scaffold_2,scaffold,svr
Polysulfones,54,0.9814814814814815,0.08148148148148149,154.17491407012233,True,family,SCP,scaffold_2,scaffold,svr
Polyurethanes,14,1.0,0.09999999999999998,154.17491407012227,True,family,SCP,scaffold_2,scaffold,svr
Polyolefins,1,1.0,0.09999999999999998,154.1749140701223,False,family,SCP,scaffold_2,scaffold,svr
Other backbone,4,1.0,0.09999999999999998,154.17491407012233,False,family,SCP,scaffold_2,scaffold,svr
Polysulfides,10,1.0,0.09999999999999998,154.1749140701223,True,family,SCP,scaffold_2,scaffold,svr
Polycarbonates,36,1.0,0.09999999999999998,154.17491407012233,True,family,SCP,scaffold_2,scaffold,svr
0,62,0.8225806451612904,-0.07741935483870965,345.54114896911744,True,similarity,Mondrian-similarity,scaffold_2,scaffold,svr
5,498,0.9136546184738956,0.013654618473895597,107.29662871808577,True,similarity,Mondrian-similarity,scaffold_2,scaffold,svr
2,219,0.9406392694063926,0.04063926940639262,200.31169213785344,True,similarity,Mondrian-similarity,scaffold_2,scaffold,svr
1,115,0.9652173913043478,0.06521739130434778,306.99342006932795,True,similarity,Mondrian-similarity,scaffold_2,scaffold,svr
4,270,0.9666666666666667,0.06666666666666665,168.0734796238523,True,similarity,Mondrian-similarity,scaffold_2,scaffold,svr
3,273,0.9853479853479854,0.08534798534798538,203.94650718143998,True,similarity,Mondrian-similarity,scaffold_2,scaffold,svr
Polystyrenes,27,0.6666666666666666,-0.2333333333333334,266.4568365297062,True,family,Mondrian-similarity,scaffold_2,scaffold,svr
Polydienes,9,0.7777777777777778,-0.12222222222222223,271.4328440921697,False,family,Mondrian-similarity,scaffold_2,scaffold,svr
Polyphosphazenes,6,0.8333333333333334,-0.06666666666666665,206.52463554665152,False,family,Mondrian-similarity,scaffold_2,scaffold,svr
Polysulfides,10,0.9,0.0,135.20114774401608,True,family,Mondrian-similarity,scaffold_2,scaffold,svr
Polyphenylenes,71,0.9014084507042254,0.0014084507042253502,218.02275929041966,True,family,Mondrian-similarity,scaffold_2,scaffold,svr
Polysiloxanes,51,0.9019607843137255,0.0019607843137254832,193.0155925392596,True,family,Mondrian-similarity,scaffold_2,scaffold,svr
Polyacrylics,134,0.9402985074626866,0.040298507462686595,200.35153844499243,True,family,Mondrian-similarity,scaffold_2,scaffold,svr
Polyimides,410,0.9414634146341463,0.04146341463414627,157.32769974002505,True,family,Mondrian-similarity,scaffold_2,scaffold,svr
Polyvinyls,19,0.9473684210526315,0.047368421052631504,230.56251499825157,True,family,Mondrian-similarity,scaffold_2,scaffold,svr
Polyamides,191,0.9476439790575916,0.047643979057591546,159.48173678376224,True,family,Mondrian-similarity,scaffold_2,scaffold,svr
Polyesters,215,0.9488372093023256,0.0488372093023256,177.35429758923772,True,family,Mondrian-similarity,scaffold_2,scaffold,svr
Polyethers,149,0.9731543624161074,0.0731543624161074,164.54017494860875,True,family,Mondrian-similarity,scaffold_2,scaffold,svr
Polysulfones,54,0.9814814814814815,0.08148148148148149,168.3808028934604,True,family,Mondrian-similarity,scaffold_2,scaffold,svr
Polyureas,8,1.0,0.09999999999999998,179.21251634249205,False,family,Mondrian-similarity,scaffold_2,scaffold,svr
Polyurethanes,14,1.0,0.09999999999999998,187.18811075773922,True,family,Mondrian-similarity,scaffold_2,scaffold,svr
Polyimines,16,1.0,0.09999999999999998,222.3854596016298,True,family,Mondrian-similarity,scaffold_2,scaffold,svr
Polyanhydrides,12,1.0,0.09999999999999998,314.4677310369161,True,family,Mondrian-similarity,scaffold_2,scaffold,svr
Polyolefins,1,1.0,0.09999999999999998,168.07347962385236,False,family,Mondrian-similarity,scaffold_2,scaffold,svr
Other backbone,4,1.0,0.09999999999999998,145.74460729946935,False,family,Mondrian-similarity,scaffold_2,scaffold,svr
Polycarbonates,36,1.0,0.09999999999999998,207.35166396207697,True,family,Mondrian-similarity,scaffold_2,scaffold,svr
0,62,0.6935483870967742,-0.20645161290322578,193.11127473249243,True,similarity,Mondrian-family,scaffold_2,scaffold,svr
1,115,0.8347826086956521,-0.0652173913043479,181.18840212009928,True,similarity,Mondrian-family,scaffold_2,scaffold,svr
2,219,0.8858447488584474,-0.014155251141552583,159.26992149936913,True,similarity,Mondrian-family,scaffold_2,scaffold,svr
4,270,0.9333333333333333,0.033333333333333326,147.02511541474976,True,similarity,Mondrian-family,scaffold_2,scaffold,svr
3,273,0.945054945054945,0.045054945054945006,149.3305714219599,True,similarity,Mondrian-family,scaffold_2,scaffold,svr
5,498,0.9618473895582329,0.06184738955823288,149.09495524546548,True,similarity,Mondrian-family,scaffold_2,scaffold,svr
Polydienes,9,0.4444444444444444,-0.4555555555555556,154.17491407012233,False,family,Mondrian-family,scaffold_2,scaffold,svr
Polystyrenes,27,0.6666666666666666,-0.2333333333333334,195.75135884352105,True,family,Mondrian-family,scaffold_2,scaffold,svr
Polyanhydrides,12,0.8333333333333334,-0.06666666666666665,154.1749140701223,True,family,Mondrian-family,scaffold_2,scaffold,svr
Polyphosphazenes,6,0.8333333333333334,-0.06666666666666665,267.2789782678867,False,family,Mondrian-family,scaffold_2,scaffold,svr
Polyureas,8,0.875,-0.025000000000000022,154.17491407012233,False,family,Mondrian-family,scaffold_2,scaffold,svr
Polyesters,215,0.8883720930232558,-0.011627906976744207,109.02550612913332,True,family,Mondrian-family,scaffold_2,scaffold,svr
Polysulfones,54,0.8888888888888888,-0.011111111111111183,90.25982101632017,True,family,Mondrian-family,scaffold_2,scaffold,svr
Polyvinyls,19,0.8947368421052632,-0.0052631578947368585,121.56302877061135,True,family,Mondrian-family,scaffold_2,scaffold,svr
Polyacrylics,134,0.9104477611940298,0.010447761194029792,150.38272024117396,True,family,Mondrian-family,scaffold_2,scaffold,svr
Polyamides,191,0.9109947643979057,0.010994764397905699,135.93865690629562,True,family,Mondrian-family,scaffold_2,scaffold,svr
Polyimines,16,0.9375,0.03749999999999998,154.17491407012233,True,family,Mondrian-family,scaffold_2,scaffold,svr
Polyimides,410,0.9414634146341463,0.04146341463414627,142.65787418160244,True,family,Mondrian-family,scaffold_2,scaffold,svr
Polyethers,149,0.9530201342281879,0.053020134228187854,138.7708402343418,True,family,Mondrian-family,scaffold_2,scaffold,svr
Polysiloxanes,51,0.9607843137254902,0.0607843137254902,321.667349181454,True,family,Mondrian-family,scaffold_2,scaffold,svr
Polyphenylenes,71,0.971830985915493,0.07183098591549297,340.28112704168154,True,family,Mondrian-family,scaffold_2,scaffold,svr
Polyurethanes,14,1.0,0.09999999999999998,255.8215897465916,True,family,Mondrian-family,scaffold_2,scaffold,svr
Polyolefins,1,1.0,0.09999999999999998,230.10905907219495,False,family,Mondrian-family,scaffold_2,scaffold,svr
Other backbone,4,1.0,0.09999999999999998,154.17491407012233,False,family,Mondrian-family,scaffold_2,scaffold,svr
Polysulfides,10,1.0,0.09999999999999998,154.1749140701223,True,family,Mondrian-family,scaffold_2,scaffold,svr
Polycarbonates,36,1.0,0.09999999999999998,170.40952876858896,True,family,Mondrian-family,scaffold_2,scaffold,svr
0,62,0.6935483870967742,-0.20645161290322578,151.26738924794648,True,similarity,Normalised SCP,scaffold_2,scaffold,svr
1,115,0.8260869565217391,-0.07391304347826089,160.17719104261786,True,similarity,Normalised SCP,scaffold_2,scaffold,svr
2,219,0.8356164383561644,-0.06438356164383563,140.43963613612772,True,similarity,Normalised SCP,scaffold_2,scaffold,svr
3,273,0.9267399267399268,0.026739926739926756,140.69577747226134,True,similarity,Normalised SCP,scaffold_2,scaffold,svr
4,270,0.9592592592592593,0.059259259259259234,151.55576165808327,True,similarity,Normalised SCP,scaffold_2,scaffold,svr
5,498,0.9618473895582329,0.06184738955823288,132.455577568356,True,similarity,Normalised SCP,scaffold_2,scaffold,svr
Polydienes,9,0.4444444444444444,-0.4555555555555556,163.1168096792448,False,family,Normalised SCP,scaffold_2,scaffold,svr
Polystyrenes,27,0.5555555555555556,-0.34444444444444444,127.03528571655477,True,family,Normalised SCP,scaffold_2,scaffold,svr
Polyphenylenes,71,0.8169014084507042,-0.08309859154929577,166.56708142013213,True,family,Normalised SCP,scaffold_2,scaffold,svr
Polyphosphazenes,6,0.8333333333333334,-0.06666666666666665,206.13771796063827,False,family,Normalised SCP,scaffold_2,scaffold,svr
Polysiloxanes,51,0.8627450980392157,-0.03725490196078429,157.13218088442838,True,family,Normalised SCP,scaffold_2,scaffold,svr
Polyacrylics,134,0.8656716417910447,-0.0343283582089553,132.79861420423458,True,family,Normalised SCP,scaffold_2,scaffold,svr
Polyureas,8,0.875,-0.025000000000000022,135.9124251650918,False,family,Normalised SCP,scaffold_2,scaffold,svr
Polyamides,191,0.9057591623036649,0.005759162303664911,119.52065619487631,True,family,Normalised SCP,scaffold_2,scaffold,svr
Polyesters,215,0.9116279069767442,0.011627906976744207,123.97335629641792,True,family,Normalised SCP,scaffold_2,scaffold,svr
Polyanhydrides,12,0.9166666666666666,0.016666666666666607,198.0317929626888,True,family,Normalised SCP,scaffold_2,scaffold,svr
Polyurethanes,14,0.9285714285714286,0.02857142857142858,128.7789249079004,True,family,Normalised SCP,scaffold_2,scaffold,svr
Polyethers,149,0.9328859060402684,0.03288590604026842,127.1814854161877,True,family,Normalised SCP,scaffold_2,scaffold,svr
Polyimines,16,0.9375,0.03749999999999998,122.53386193037642,True,family,Normalised SCP,scaffold_2,scaffold,svr
Polyimides,410,0.9609756097560975,0.060975609756097504,160.35938115318243,True,family,Normalised SCP,scaffold_2,scaffold,svr
Polysulfones,54,0.9629629629629629,0.06296296296296289,142.95345787335975,True,family,Normalised SCP,scaffold_2,scaffold,svr
Polysulfides,10,1.0,0.09999999999999998,137.53635915933702,True,family,Normalised SCP,scaffold_2,scaffold,svr
Polyolefins,1,1.0,0.09999999999999998,294.32684725764733,False,family,Normalised SCP,scaffold_2,scaffold,svr
Polyvinyls,19,1.0,0.09999999999999998,152.28794544213494,True,family,Normalised SCP,scaffold_2,scaffold,svr
Other backbone,4,1.0,0.09999999999999998,148.42700990420778,False,family,Normalised SCP,scaffold_2,scaffold,svr
Polycarbonates,36,1.0,0.09999999999999998,160.96330458174214,True,family,Normalised SCP,scaffold_2,scaffold,svr
0,62,0.7096774193548387,-0.19032258064516128,147.22132000000002,True,similarity,SCP,scaffold_2,scaffold,random_forest
1,115,0.8,-0.09999999999999998,147.22132000000005,True,similarity,SCP,scaffold_2,scaffold,random_forest
2,219,0.8767123287671232,-0.023287671232876783,147.22132000000005,True,similarity,SCP,scaffold_2,scaffold,random_forest
3,273,0.9230769230769231,0.023076923076923106,147.22132000000002,True,similarity,SCP,scaffold_2,scaffold,random_forest
4,270,0.9592592592592593,0.059259259259259234,147.22132000000005,True,similarity,SCP,scaffold_2,scaffold,random_forest
5,498,0.9618473895582329,0.06184738955823288,147.22132000000002,True,similarity,SCP,scaffold_2,scaffold,random_forest
Polydienes,9,0.4444444444444444,-0.4555555555555556,147.22132,False,family,SCP,scaffold_2,scaffold,random_forest
Polystyrenes,27,0.6666666666666666,-0.2333333333333334,147.22132,True,family,SCP,scaffold_2,scaffold,random_forest
Polyanhydrides,12,0.6666666666666666,-0.2333333333333334,147.22132000000002,True,family,SCP,scaffold_2,scaffold,random_forest
Polyphosphazenes,6,0.6666666666666666,-0.2333333333333334,147.22132,False,family,SCP,scaffold_2,scaffold,random_forest
Polyphenylenes,71,0.7746478873239436,-0.1253521126760564,147.22132000000005,True,family,SCP,scaffold_2,scaffold,random_forest
Polysiloxanes,51,0.7843137254901961,-0.11568627450980395,147.22131999999996,True,family,SCP,scaffold_2,scaffold,random_forest
Polycarbonates,36,0.8888888888888888,-0.011111111111111183,147.22131999999996,True,family,SCP,scaffold_2,scaffold,random_forest
Polysulfides,10,0.9,0.0,147.22132000000002,True,family,SCP,scaffold_2,scaffold,random_forest
Polyamides,191,0.9057591623036649,0.005759162303664911,147.22132000000005,True,family,SCP,scaffold_2,scaffold,random_forest
Polyacrylics,134,0.9328358208955224,0.032835820895522394,147.22132000000002,True,family,SCP,scaffold_2,scaffold,random_forest
Polyimines,16,0.9375,0.03749999999999998,147.22132,True,family,SCP,scaffold_2,scaffold,random_forest
Polyimides,410,0.9439024390243902,0.04390243902439017,147.22132000000002,True,family,SCP,scaffold_2,scaffold,random_forest
Polysulfones,54,0.9444444444444444,0.0444444444444444,147.22131999999996,True,family,SCP,scaffold_2,scaffold,random_forest
Polyesters,215,0.9534883720930233,0.05348837209302326,147.22132000000005,True,family,SCP,scaffold_2,scaffold,random_forest
Polyethers,149,0.9798657718120806,0.07986577181208054,147.22132000000002,True,family,SCP,scaffold_2,scaffold,random_forest
Polyurethanes,14,1.0,0.09999999999999998,147.22132000000005,True,family,SCP,scaffold_2,scaffold,random_forest
Polyolefins,1,1.0,0.09999999999999998,147.22131999999996,False,family,SCP,scaffold_2,scaffold,random_forest
Polyvinyls,19,1.0,0.09999999999999998,147.22132000000002,True,family,SCP,scaffold_2,scaffold,random_forest
Other backbone,4,1.0,0.09999999999999998,147.22132,False,family,SCP,scaffold_2,scaffold,random_forest
Polyureas,8,1.0,0.09999999999999998,147.22132,False,family,SCP,scaffold_2,scaffold,random_forest
5,498,0.8514056224899599,-0.04859437751004014,96.08420000000014,True,similarity,Mondrian-similarity,scaffold_2,scaffold,random_forest
2,219,0.9269406392694064,0.026940639269406375,177.80159999999998,True,similarity,Mondrian-similarity,scaffold_2,scaffold,random_forest
1,115,0.9391304347826087,0.03913043478260869,267.03470000000004,True,similarity,Mondrian-similarity,scaffold_2,scaffold,random_forest
0,62,0.9516129032258065,0.05161290322580647,289.0101999999996,True,similarity,Mondrian-similarity,scaffold_2,scaffold,random_forest
4,270,0.9592592592592593,0.059259259259259234,147.22132000000005,True,similarity,Mondrian-similarity,scaffold_2,scaffold,random_forest
3,273,0.9816849816849816,0.08168498168498162,198.48680000000016,True,similarity,Mondrian-similarity,scaffold_2,scaffold,random_forest
Polyphenylenes,71,0.7887323943661971,-0.11126760563380289,191.60689943661964,True,family,Mondrian-similarity,scaffold_2,scaffold,random_forest
Polyphosphazenes,6,0.8333333333333334,-0.06666666666666665,182.32023666666666,False,family,Mondrian-similarity,scaffold_2,scaffold,random_forest
Polydienes,9,0.8888888888888888,-0.011111111111111183,237.29033333333325,False,family,Mondrian-similarity,scaffold_2,scaffold,random_forest
Polysulfides,10,0.9,0.0,120.5994200000001,True,family,Mondrian-similarity,scaffold_2,scaffold,random_forest
Polyamides,191,0.900523560209424,0.0005235602094240122,143.54461832460743,True,family,Mondrian-similarity,scaffold_2,scaffold,random_forest
Polysulfones,54,0.9074074074074074,0.007407407407407418,151.2022477777778,True,family,Mondrian-similarity,scaffold_2,scaffold,random_forest
Polyacrylics,134,0.917910447761194,0.017910447761193993,181.18982716417912,True,family,Mondrian-similarity,scaffold_2,scaffold,random_forest
Polyimides,410,0.9219512195121952,0.02195121951219514,142.07367404878056,True,family,Mondrian-similarity,scaffold_2,scaffold,random_forest
Polyethers,149,0.9261744966442953,0.026174496644295275,150.84405114093968,True,family,Mondrian-similarity,scaffold_2,scaffold,random_forest
Polyurethanes,14,0.9285714285714286,0.02857142857142858,168.73363428571434,True,family,Mondrian-similarity,scaffold_2,scaffold,random_forest
Polyesters,215,0.9348837209302325,0.03488372093023251,159.82838809302336,True,family,Mondrian-similarity,scaffold_2,scaffold,random_forest
Polysiloxanes,51,0.9411764705882353,0.04117647058823526,171.72723176470595,True,family,Mondrian-similarity,scaffold_2,scaffold,random_forest
Polystyrenes,27,0.9629629629629629,0.06296296296296289,230.11830074074058,True,family,Mondrian-similarity,scaffold_2,scaffold,random_forest
Polycarbonates,36,0.9722222222222222,0.07222222222222219,188.44214611111113,True,family,Mondrian-similarity,scaffold_2,scaffold,random_forest
Polyimines,16,1.0,0.09999999999999998,202.44693875,True,family,Mondrian-similarity,scaffold_2,scaffold,random_forest
Polyureas,8,1.0,0.09999999999999998,162.23008250000004,False,family,Mondrian-similarity,scaffold_2,scaffold,random_forest
Polyanhydrides,12,1.0,0.09999999999999998,270.47883333333317,True,family,Mondrian-similarity,scaffold_2,scaffold,random_forest
Polyolefins,1,1.0,0.09999999999999998,147.22131999999996,False,family,Mondrian-similarity,scaffold_2,scaffold,random_forest
Polyvinyls,19,1.0,0.09999999999999998,199.89810947368417,True,family,Mondrian-similarity,scaffold_2,scaffold,random_forest
Other backbone,4,1.0,0.09999999999999998,129.29783000000006,False,family,Mondrian-similarity,scaffold_2,scaffold,random_forest
0,62,0.8225806451612904,-0.07741935483870965,183.11735451612913,True,similarity,Mondrian-family,scaffold_2,scaffold,random_forest
1,115,0.8347826086956521,-0.0652173913043479,167.0457401739131,True,similarity,Mondrian-family,scaffold_2,scaffold,random_forest
2,219,0.867579908675799,-0.032420091324200984,141.27381342465756,True,similarity,Mondrian-family,scaffold_2,scaffold,random_forest
3,273,0.8901098901098901,-0.009890109890109966,135.72710959706959,True,similarity,Mondrian-family,scaffold_2,scaffold,random_forest
4,270,0.9074074074074074,0.007407407407407418,133.36491562962965,True,similarity,Mondrian-family,scaffold_2,scaffold,random_forest
5,498,0.9196787148594378,0.01967871485943773,135.10873654618476,True,similarity,Mondrian-family,scaffold_2,scaffold,random_forest
Polydienes,9,0.4444444444444444,-0.4555555555555556,147.22132,False,family,Mondrian-family,scaffold_2,scaffold,random_forest
Polyanhydrides,12,0.6666666666666666,-0.2333333333333334,147.22132000000002,True,family,Mondrian-family,scaffold_2,scaffold,random_forest
Polysulfones,54,0.7407407407407407,-0.15925925925925932,85.98052000000007,True,family,Mondrian-family,scaffold_2,scaffold,random_forest
Polyamides,191,0.8010471204188482,-0.09895287958115184,107.89280000000011,True,family,Mondrian-family,scaffold_2,scaffold,random_forest
Polystyrenes,27,0.8518518518518519,-0.04814814814814816,164.85460000000003,True,family,Mondrian-family,scaffold_2,scaffold,random_forest
Polycarbonates,36,0.8611111111111112,-0.03888888888888886,137.8396400000001,True,family,Mondrian-family,scaffold_2,scaffold,random_forest
Polyesters,215,0.8744186046511628,-0.025581395348837188,103.63164000000002,True,family,Mondrian-family,scaffold_2,scaffold,random_forest
Polysulfides,10,0.9,0.0,147.22132000000002,True,family,Mondrian-family,scaffold_2,scaffold,random_forest
Polyimides,410,0.9170731707317074,0.017073170731707332,130.25019999999995,True,family,Mondrian-family,scaffold_2,scaffold,random_forest
Polyacrylics,134,0.917910447761194,0.017910447761193993,133.3038,True,family,Mondrian-family,scaffold_2,scaffold,random_forest
Polyimines,16,0.9375,0.03749999999999998,147.22132,True,family,Mondrian-family,scaffold_2,scaffold,random_forest
Polyphenylenes,71,0.9577464788732394,0.05774647887323936,356.50746,True,family,Mondrian-family,scaffold_2,scaffold,random_forest
Polyethers,149,0.959731543624161,0.059731543624161,136.33151999999998,True,family,Mondrian-family,scaffold_2,scaffold,random_forest
Polysiloxanes,51,0.9803921568627451,0.08039215686274503,237.51672,True,family,Mondrian-family,scaffold_2,scaffold,random_forest
Polyureas,8,1.0,0.09999999999999998,147.22132,False,family,Mondrian-family,scaffold_2,scaffold,random_forest
Polyurethanes,14,1.0,0.09999999999999998,198.48680000000013,True,family,Mondrian-family,scaffold_2,scaffold,random_forest
Polyolefins,1,1.0,0.09999999999999998,218.15719999999993,False,family,Mondrian-family,scaffold_2,scaffold,random_forest
Polyvinyls,19,1.0,0.09999999999999998,151.34300000000005,True,family,Mondrian-family,scaffold_2,scaffold,random_forest
Other backbone,4,1.0,0.09999999999999998,147.22132,False,family,Mondrian-family,scaffold_2,scaffold,random_forest
Polyphosphazenes,6,1.0,0.09999999999999998,223.58102,False,family,Mondrian-family,scaffold_2,scaffold,random_forest
0,62,0.6612903225806451,-0.2387096774193549,147.20276282091214,True,similarity,Normalised SCP,scaffold_2,scaffold,random_forest
1,115,0.8,-0.09999999999999998,143.56545632876487,True,similarity,Normalised SCP,scaffold_2,scaffold,random_forest
2,219,0.8310502283105022,-0.06894977168949779,126.08477987510038,True,similarity,Normalised SCP,scaffold_2,scaffold,random_forest
3,273,0.8827838827838828,-0.017216117216117266,125.11372968923716,True,similarity,Normalised SCP,scaffold_2,scaffold,random_forest
4,270,0.9296296296296296,0.02962962962962956,135.0105651624344,True,similarity,Normalised SCP,scaffold_2,scaffold,random_forest
5,498,0.9357429718875502,0.03574297188755016,122.78887369223625,True,similarity,Normalised SCP,scaffold_2,scaffold,random_forest
Polyphosphazenes,6,0.5,-0.4,140.97337406465894,False,family,Normalised SCP,scaffold_2,scaffold,random_forest
Polydienes,9,0.5555555555555556,-0.34444444444444444,171.3228177741527,False,family,Normalised SCP,scaffold_2,scaffold,random_forest
Polystyrenes,27,0.6296296296296297,-0.27037037037037037,129.7872612338631,True,family,Normalised SCP,scaffold_2,scaffold,random_forest
Polyanhydrides,12,0.6666666666666666,-0.2333333333333334,198.34528544637723,True,family,Normalised SCP,scaffold_2,scaffold,random_forest
Polysiloxanes,51,0.7647058823529411,-0.1352941176470589,132.97167644839988,True,family,Normalised SCP,scaffold_2,scaffold,random_forest
Polyurethanes,14,0.7857142857142857,-0.11428571428571432,98.73144741682464,True,family,Normalised SCP,scaffold_2,scaffold,random_forest
Polyphenylenes,71,0.8028169014084507,-0.09718309859154928,156.5661553236905,True,family,Normalised SCP,scaffold_2,scaffold,random_forest
Polyamides,191,0.837696335078534,-0.062303664921465995,114.56456980384559,True,family,Normalised SCP,scaffold_2,scaffold,random_forest
Polyimines,16,0.875,-0.025000000000000022,117.75943694561447,True,family,Normalised SCP,scaffold_2,scaffold,random_forest
Polyureas,8,0.875,-0.025000000000000022,168.85756308386223,False,family,Normalised SCP,scaffold_2,scaffold,random_forest
Polyacrylics,134,0.8880597014925373,-0.011940298507462699,113.89067114477864,True,family,Normalised SCP,scaffold_2,scaffold,random_forest
Polyesters,215,0.9023255813953488,0.0023255813953487747,112.75723507768427,True,family,Normalised SCP,scaffold_2,scaffold,random_forest
Polyethers,149,0.912751677852349,0.012751677852348986,132.75764190459498,True,family,Normalised SCP,scaffold_2,scaffold,random_forest
Polyimides,410,0.9365853658536586,0.03658536585365857,132.60889443908582,True,family,Normalised SCP,scaffold_2,scaffold,random_forest
Polycarbonates,36,0.9444444444444444,0.0444444444444444,159.54464434097818,True,family,Normalised SCP,scaffold_2,scaffold,random_forest
Polysulfones,54,0.9444444444444444,0.0444444444444444,149.98967716308186,True,family,Normalised SCP,scaffold_2,scaffold,random_forest
Polyolefins,1,1.0,0.09999999999999998,252.77368666740068,False,family,Normalised SCP,scaffold_2,scaffold,random_forest
Polyvinyls,19,1.0,0.09999999999999998,127.69030050361454,True,family,Normalised SCP,scaffold_2,scaffold,random_forest
Other backbone,4,1.0,0.09999999999999998,175.1973319469659,False,family,Normalised SCP,scaffold_2,scaffold,random_forest
Polysulfides,10,1.0,0.09999999999999998,146.05239350389547,True,family,Normalised SCP,scaffold_2,scaffold,random_forest
0,62,0.7419354838709677,-0.15806451612903227,135.33564138366577,True,similarity,SCP,scaffold_2,scaffold,hist_gbr
1,115,0.8260869565217391,-0.07391304347826089,135.33564138366586,True,similarity,SCP,scaffold_2,scaffold,hist_gbr
2,219,0.867579908675799,-0.032420091324200984,135.33564138366583,True,similarity,SCP,scaffold_2,scaffold,hist_gbr
3,273,0.9194139194139194,0.019413919413919345,135.3356413836658,True,similarity,SCP,scaffold_2,scaffold,hist_gbr
5,498,0.9598393574297188,0.0598393574297188,135.33564138366583,True,similarity,SCP,scaffold_2,scaffold,hist_gbr
4,270,0.9629629629629629,0.06296296296296289,135.33564138366583,True,similarity,SCP,scaffold_2,scaffold,hist_gbr
Polydienes,9,0.5555555555555556,-0.34444444444444444,135.3356413836658,False,family,SCP,scaffold_2,scaffold,hist_gbr
Polystyrenes,27,0.6296296296296297,-0.27037037037037037,135.3356413836658,True,family,SCP,scaffold_2,scaffold,hist_gbr
Polyanhydrides,12,0.6666666666666666,-0.2333333333333334,135.33564138366583,True,family,SCP,scaffold_2,scaffold,hist_gbr
Polyphenylenes,71,0.7887323943661971,-0.11126760563380289,135.33564138366586,True,family,SCP,scaffold_2,scaffold,hist_gbr
Polyphosphazenes,6,0.8333333333333334,-0.06666666666666665,135.3356413836658,False,family,SCP,scaffold_2,scaffold,hist_gbr
Polysiloxanes,51,0.8627450980392157,-0.03725490196078429,135.33564138366577,True,family,SCP,scaffold_2,scaffold,hist_gbr
Polyureas,8,0.875,-0.025000000000000022,135.3356413836658,False,family,SCP,scaffold_2,scaffold,hist_gbr
Polyamides,191,0.900523560209424,0.0005235602094240122,135.33564138366583,True,family,SCP,scaffold_2,scaffold,hist_gbr
Polyurethanes,14,0.9285714285714286,0.02857142857142858,135.33564138366586,True,family,SCP,scaffold_2,scaffold,hist_gbr
Polyacrylics,134,0.9328358208955224,0.032835820895522394,135.33564138366583,True,family,SCP,scaffold_2,scaffold,hist_gbr
Polyesters,215,0.9395348837209302,0.03953488372093017,135.33564138366586,True,family,SCP,scaffold_2,scaffold,hist_gbr
Polycarbonates,36,0.9444444444444444,0.0444444444444444,135.33564138366577,True,family,SCP,scaffold_2,scaffold,hist_gbr
Polyvinyls,19,0.9473684210526315,0.047368421052631504,135.33564138366583,True,family,SCP,scaffold_2,scaffold,hist_gbr
Polyimides,410,0.948780487804878,0.04878048780487798,135.33564138366583,True,family,SCP,scaffold_2,scaffold,hist_gbr
Polyethers,149,0.9530201342281879,0.053020134228187854,135.33564138366583,True,family,SCP,scaffold_2,scaffold,hist_gbr
Polysulfones,54,0.9629629629629629,0.06296296296296289,135.33564138366577,True,family,SCP,scaffold_2,scaffold,hist_gbr
Polyolefins,1,1.0,0.09999999999999998,135.3356413836658,False,family,SCP,scaffold_2,scaffold,hist_gbr
Other backbone,4,1.0,0.09999999999999998,135.3356413836658,False,family,SCP,scaffold_2,scaffold,hist_gbr
Polyimines,16,1.0,0.09999999999999998,135.3356413836658,True,family,SCP,scaffold_2,scaffold,hist_gbr
Polysulfides,10,1.0,0.09999999999999998,135.33564138366577,True,family,SCP,scaffold_2,scaffold,hist_gbr
5,498,0.8714859437751004,-0.028514056224899664,91.94926014993551,True,similarity,Mondrian-similarity,scaffold_2,scaffold,hist_gbr
2,219,0.9223744292237442,0.02237442922374422,166.94581746138303,True,similarity,Mondrian-similarity,scaffold_2,scaffold,hist_gbr
1,115,0.9478260869565217,0.047826086956521685,242.42117554591536,True,similarity,Mondrian-similarity,scaffold_2,scaffold,hist_gbr
0,62,0.9516129032258065,0.05161290322580647,338.47777408600524,True,similarity,Mondrian-similarity,scaffold_2,scaffold,hist_gbr
4,270,0.9629629629629629,0.06296296296296289,135.97850772534045,True,similarity,Mondrian-similarity,scaffold_2,scaffold,hist_gbr
3,273,0.9633699633699634,0.06336996336996337,163.95931194212767,True,similarity,Mondrian-similarity,scaffold_2,scaffold,hist_gbr
Polyphenylenes,71,0.8309859154929577,-0.06901408450704227,186.88899601029655,True,family,Mondrian-similarity,scaffold_2,scaffold,hist_gbr
Polyureas,8,0.875,-0.025000000000000022,145.2717303632579,False,family,Mondrian-similarity,scaffold_2,scaffold,hist_gbr
Polydienes,9,0.8888888888888888,-0.011111111111111183,217.2627228510712,False,family,Mondrian-similarity,scaffold_2,scaffold,hist_gbr
Polysiloxanes,51,0.9019607843137255,0.0019607843137254832,159.10507218712058,True,family,Mondrian-similarity,scaffold_2,scaffold,hist_gbr
Polyimides,410,0.9170731707317074,0.017073170731707332,131.4942537083635,True,family,Mondrian-similarity,scaffold_2,scaffold,hist_gbr
Polyesters,215,0.9209302325581395,0.020930232558139528,145.99893357824584,True,family,Mondrian-similarity,scaffold_2,scaffold,hist_gbr
Polyacrylics,134,0.9253731343283582,0.025373134328358193,165.0670254778693,True,family,Mondrian-similarity,scaffold_2,scaffold,hist_gbr
Polyamides,191,0.9267015706806283,0.026701570680628284,133.16355476675355,True,family,Mondrian-similarity,scaffold_2,scaffold,hist_gbr
Polyethers,149,0.9328859060402684,0.03288590604026842,135.7067478230408,True,family,Mondrian-similarity,scaffold_2,scaffold,hist_gbr
Polyimines,16,0.9375,0.03749999999999998,191.0219899267217,True,family,Mondrian-similarity,scaffold_2,scaffold,hist_gbr
Polysulfones,54,0.9444444444444444,0.0444444444444444,139.45672600771778,True,family,Mondrian-similarity,scaffold_2,scaffold,hist_gbr
Polystyrenes,27,0.9629629629629629,0.06296296296296289,241.051814434174,True,family,Mondrian-similarity,scaffold_2,scaffold,hist_gbr
Polycarbonates,36,0.9722222222222222,0.07222222222222219,167.49474219854906,True,family,Mondrian-similarity,scaffold_2,scaffold,hist_gbr
Other backbone,4,1.0,0.09999999999999998,121.70571137164863,False,family,Mondrian-similarity,scaffold_2,scaffold,hist_gbr
Polyurethanes,14,1.0,0.09999999999999998,152.1695523708677,True,family,Mondrian-similarity,scaffold_2,scaffold,hist_gbr
Polysulfides,10,1.0,0.09999999999999998,114.44822734336977,True,family,Mondrian-similarity,scaffold_2,scaffold,hist_gbr
Polyanhydrides,12,1.0,0.09999999999999998,275.9062696373039,True,family,Mondrian-similarity,scaffold_2,scaffold,hist_gbr
Polyolefins,1,1.0,0.09999999999999998,135.97850772534048,False,family,Mondrian-similarity,scaffold_2,scaffold,hist_gbr
Polyvinyls,19,1.0,0.09999999999999998,195.55595168196726,True,family,Mondrian-similarity,scaffold_2,scaffold,hist_gbr
Polyphosphazenes,6,1.0,0.09999999999999998,177.45588159987665,False,family,Mondrian-similarity,scaffold_2,scaffold,hist_gbr
0,62,0.7419354838709677,-0.15806451612903227,176.28828613107598,True,similarity,Mondrian-family,scaffold_2,scaffold,hist_gbr
1,115,0.8434782608695652,-0.05652173913043479,165.9981494418028,True,similarity,Mondrian-family,scaffold_2,scaffold,hist_gbr
2,219,0.8812785388127854,-0.018721461187214627,139.96849938171678,True,similarity,Mondrian-family,scaffold_2,scaffold,hist_gbr
3,273,0.9084249084249084,0.008424908424908395,130.89025224459832,True,similarity,Mondrian-family,scaffold_2,scaffold,hist_gbr
4,270,0.9185185185185185,0.01851851851851849,128.9850524332855,True,similarity,Mondrian-family,scaffold_2,scaffold,hist_gbr
5,498,0.9377510040160643,0.03775100401606424,129.50860324351584,True,similarity,Mondrian-family,scaffold_2,scaffold,hist_gbr
Polydienes,9,0.5555555555555556,-0.34444444444444444,135.3356413836658,False,family,Mondrian-family,scaffold_2,scaffold,hist_gbr
Polystyrenes,27,0.6666666666666666,-0.2333333333333334,156.93256168920396,True,family,Mondrian-family,scaffold_2,scaffold,hist_gbr
Polyanhydrides,12,0.6666666666666666,-0.2333333333333334,135.33564138366583,True,family,Mondrian-family,scaffold_2,scaffold,hist_gbr
Polysulfones,54,0.7222222222222222,-0.1777777777777778,65.7502853028527,True,family,Mondrian-family,scaffold_2,scaffold,hist_gbr
Polyamides,191,0.8481675392670157,-0.05183246073298431,106.50546806518302,True,family,Mondrian-family,scaffold_2,scaffold,hist_gbr
Polyureas,8,0.875,-0.025000000000000022,135.3356413836658,False,family,Mondrian-family,scaffold_2,scaffold,hist_gbr
Polyesters,215,0.8930232558139535,-0.006976744186046546,102.8516819917065,True,family,Mondrian-family,scaffold_2,scaffold,hist_gbr
Polyethers,149,0.9261744966442953,0.026174496644295275,116.78186439278181,True,family,Mondrian-family,scaffold_2,scaffold,hist_gbr
Polyimides,410,0.9317073170731708,0.03170731707317076,123.59061954620128,True,family,Mondrian-family,scaffold_2,scaffold,hist_gbr
Polyacrylics,134,0.9328358208955224,0.032835820895522394,135.33564138366583,True,family,Mondrian-family,scaffold_2,scaffold,hist_gbr
Polyvinyls,19,0.9473684210526315,0.047368421052631504,142.86520607480406,True,family,Mondrian-family,scaffold_2,scaffold,hist_gbr
Polyphenylenes,71,0.9577464788732394,0.05774647887323936,347.84597552526566,True,family,Mondrian-family,scaffold_2,scaffold,hist_gbr
Polycarbonates,36,0.9722222222222222,0.07222222222222219,161.06160037529622,True,family,Mondrian-family,scaffold_2,scaffold,hist_gbr
Polyimines,16,1.0,0.09999999999999998,135.3356413836658,True,family,Mondrian-family,scaffold_2,scaffold,hist_gbr
Polyurethanes,14,1.0,0.09999999999999998,178.22945780706954,True,family,Mondrian-family,scaffold_2,scaffold,hist_gbr
Polysulfides,10,1.0,0.09999999999999998,135.33564138366577,True,family,Mondrian-family,scaffold_2,scaffold,hist_gbr
Polyolefins,1,1.0,0.09999999999999998,222.84006218216234,False,family,Mondrian-family,scaffold_2,scaffold,hist_gbr
Other backbone,4,1.0,0.09999999999999998,135.3356413836658,False,family,Mondrian-family,scaffold_2,scaffold,hist_gbr
Polyphosphazenes,6,1.0,0.09999999999999998,191.41270658421743,False,family,Mondrian-family,scaffold_2,scaffold,hist_gbr
Polysiloxanes,51,1.0,0.09999999999999998,278.7258632785714,True,family,Mondrian-family,scaffold_2,scaffold,hist_gbr
0,62,0.6774193548387096,-0.2225806451612904,122.22764848708341,True,similarity,Normalised SCP,scaffold_2,scaffold,hist_gbr
1,115,0.7739130434782608,-0.12608695652173918,125.62954721986489,True,similarity,Normalised SCP,scaffold_2,scaffold,hist_gbr
2,219,0.8401826484018264,-0.059817351598173585,116.28239899446727,True,similarity,Normalised SCP,scaffold_2,scaffold,hist_gbr
3,273,0.8827838827838828,-0.017216117216117266,121.10689928720772,True,similarity,Normalised SCP,scaffold_2,scaffold,hist_gbr
4,270,0.9333333333333333,0.033333333333333326,125.89391609996852,True,similarity,Normalised SCP,scaffold_2,scaffold,hist_gbr
5,498,0.9397590361445783,0.03975903614457832,113.92801696239623,True,similarity,Normalised SCP,scaffold_2,scaffold,hist_gbr
Polydienes,9,0.5555555555555556,-0.34444444444444444,134.16929084058165,False,family,Normalised SCP,scaffold_2,scaffold,hist_gbr
Polystyrenes,27,0.5925925925925926,-0.30740740740740746,118.00303847451087,True,family,Normalised SCP,scaffold_2,scaffold,hist_gbr
Polyurethanes,14,0.6428571428571429,-0.2571428571428571,105.57807196780143,True,family,Normalised SCP,scaffold_2,scaffold,hist_gbr
Polyanhydrides,12,0.75,-0.15000000000000002,154.26096611242957,True,family,Normalised SCP,scaffold_2,scaffold,hist_gbr
Polysiloxanes,51,0.803921568627451,-0.09607843137254901,108.31569447262792,True,family,Normalised SCP,scaffold_2,scaffold,hist_gbr
Polyphenylenes,71,0.8169014084507042,-0.08309859154929577,143.59063338408947,True,family,Normalised SCP,scaffold_2,scaffold,hist_gbr
Polyphosphazenes,6,0.8333333333333334,-0.06666666666666665,129.0694069671761,False,family,Normalised SCP,scaffold_2,scaffold,hist_gbr
Polyamides,191,0.8429319371727748,-0.05706806282722521,107.59803425970104,True,family,Normalised SCP,scaffold_2,scaffold,hist_gbr
Polyimines,16,0.875,-0.025000000000000022,126.75605288099545,True,family,Normalised SCP,scaffold_2,scaffold,hist_gbr
Polycarbonates,36,0.8888888888888888,-0.011111111111111183,140.84034329545878,True,family,Normalised SCP,scaffold_2,scaffold,hist_gbr
Polyvinyls,19,0.8947368421052632,-0.0052631578947368585,107.76134719926418,True,family,Normalised SCP,scaffold_2,scaffold,hist_gbr
Polyesters,215,0.9023255813953488,0.0023255813953487747,108.90472328139047,True,family,Normalised SCP,scaffold_2,scaffold,hist_gbr
Polyacrylics,134,0.9029850746268657,0.0029850746268657025,114.46896498174553,True,family,Normalised SCP,scaffold_2,scaffold,hist_gbr
Polysulfones,54,0.9259259259259259,0.025925925925925908,124.65429457621597,True,family,Normalised SCP,scaffold_2,scaffold,hist_gbr
Polyimides,410,0.9292682926829269,0.029268292682926855,122.42357986787118,True,family,Normalised SCP,scaffold_2,scaffold,hist_gbr
Polyethers,149,0.9395973154362416,0.039597315436241565,124.86267935646582,True,family,Normalised SCP,scaffold_2,scaffold,hist_gbr
Polyolefins,1,1.0,0.09999999999999998,168.37178180654428,False,family,Normalised SCP,scaffold_2,scaffold,hist_gbr
Other backbone,4,1.0,0.09999999999999998,133.34561057851735,False,family,Normalised SCP,scaffold_2,scaffold,hist_gbr
Polyureas,8,1.0,0.09999999999999998,126.66145625624517,False,family,Normalised SCP,scaffold_2,scaffold,hist_gbr
Polysulfides,10,1.0,0.09999999999999998,136.9787819090621,True,family,Normalised SCP,scaffold_2,scaffold,hist_gbr
0,62,0.7096774193548387,-0.19032258064516128,140.91124000000002,True,similarity,SCP,scaffold_2,scaffold,extra_trees
1,115,0.7913043478260869,-0.10869565217391308,140.91123999999996,True,similarity,SCP,scaffold_2,scaffold,extra_trees
2,219,0.8767123287671232,-0.023287671232876783,140.91123999999996,True,similarity,SCP,scaffold_2,scaffold,extra_trees
3,273,0.9267399267399268,0.026739926739926756,140.91124,True,similarity,SCP,scaffold_2,scaffold,extra_trees
5,498,0.9618473895582329,0.06184738955823288,140.91124,True,similarity,SCP,scaffold_2,scaffold,extra_trees
4,270,0.9703703703703703,0.0703703703703703,140.91123999999996,True,similarity,SCP,scaffold_2,scaffold,extra_trees
Polydienes,9,0.4444444444444444,-0.4555555555555556,140.91124000000002,False,family,SCP,scaffold_2,scaffold,extra_trees
Polyanhydrides,12,0.5833333333333334,-0.31666666666666665,140.91124,True,family,SCP,scaffold_2,scaffold,extra_trees
Polystyrenes,27,0.6296296296296297,-0.27037037037037037,140.91124000000002,True,family,SCP,scaffold_2,scaffold,extra_trees
Polyphenylenes,71,0.7887323943661971,-0.11126760563380289,140.91123999999996,True,family,SCP,scaffold_2,scaffold,extra_trees
Polysiloxanes,51,0.803921568627451,-0.09607843137254901,140.91124000000005,True,family,SCP,scaffold_2,scaffold,extra_trees
Polyphosphazenes,6,0.8333333333333334,-0.06666666666666665,140.91124000000002,False,family,SCP,scaffold_2,scaffold,extra_trees
Polycarbonates,36,0.8888888888888888,-0.011111111111111183,140.91124000000005,True,family,SCP,scaffold_2,scaffold,extra_trees
Polyamides,191,0.9162303664921466,0.016230366492146597,140.91123999999996,True,family,SCP,scaffold_2,scaffold,extra_trees
Polyacrylics,134,0.9253731343283582,0.025373134328358193,140.91124,True,family,SCP,scaffold_2,scaffold,extra_trees
Polyimines,16,0.9375,0.03749999999999998,140.91124000000002,True,family,SCP,scaffold_2,scaffold,extra_trees
Polyimides,410,0.9414634146341463,0.04146341463414627,140.91124,True,family,SCP,scaffold_2,scaffold,extra_trees
Polyesters,215,0.9534883720930233,0.05348837209302326,140.91123999999996,True,family,SCP,scaffold_2,scaffold,extra_trees
Polysulfones,54,0.9629629629629629,0.06296296296296289,140.91124000000005,True,family,SCP,scaffold_2,scaffold,extra_trees
Polyethers,149,0.9798657718120806,0.07986577181208054,140.91124,True,family,SCP,scaffold_2,scaffold,extra_trees
Polyurethanes,14,1.0,0.09999999999999998,140.91123999999996,True,family,SCP,scaffold_2,scaffold,extra_trees
Polysulfides,10,1.0,0.09999999999999998,140.91124,True,family,SCP,scaffold_2,scaffold,extra_trees
Polyolefins,1,1.0,0.09999999999999998,140.91124,False,family,SCP,scaffold_2,scaffold,extra_trees
Polyvinyls,19,1.0,0.09999999999999998,140.91124,True,family,SCP,scaffold_2,scaffold,extra_trees
Other backbone,4,1.0,0.09999999999999998,140.91124000000002,False,family,SCP,scaffold_2,scaffold,extra_trees
Polyureas,8,1.0,0.09999999999999998,140.91124000000002,False,family,SCP,scaffold_2,scaffold,extra_trees
5,498,0.8393574297188755,-0.06064257028112452,87.61000000000003,True,similarity,Mondrian-similarity,scaffold_2,scaffold,extra_trees
0,62,0.9193548387096774,0.019354838709677358,244.72079999999997,True,similarity,Mondrian-similarity,scaffold_2,scaffold,extra_trees
1,115,0.9304347826086956,0.030434782608695587,231.45319999999995,True,similarity,Mondrian-similarity,scaffold_2,scaffold,extra_trees
2,219,0.9315068493150684,0.03150684931506842,187.3379,True,similarity,Mondrian-similarity,scaffold_2,scaffold,extra_trees
4,270,0.9666666666666667,0.06666666666666665,139.41408,True,similarity,Mondrian-similarity,scaffold_2,scaffold,extra_trees
3,273,0.978021978021978,0.07802197802197797,189.47219999999996,True,similarity,Mondrian-similarity,scaffold_2,scaffold,extra_trees
Polydienes,9,0.6666666666666666,-0.2333333333333334,216.74810000000002,False,family,Mondrian-similarity,scaffold_2,scaffold,extra_trees
Polyphenylenes,71,0.7887323943661971,-0.11126760563380289,173.13486394366203,True,family,Mondrian-similarity,scaffold_2,scaffold,extra_trees
Polyanhydrides,12,0.8333333333333334,-0.06666666666666665,233.48295,True,family,Mondrian-similarity,scaffold_2,scaffold,extra_trees
Polyphosphazenes,6,0.8333333333333334,-0.06666666666666665,163.3800466666667,False,family,Mondrian-similarity,scaffold_2,scaffold,extra_trees
Polysulfides,10,0.9,0.0,117.52837,True,family,Mondrian-similarity,scaffold_2,scaffold,extra_trees
Polysulfones,54,0.9074074074074074,0.007407407407407418,143.65344851851856,True,family,Mondrian-similarity,scaffold_2,scaffold,extra_trees
Polyacrylics,134,0.9104477611940298,0.010447761194029792,174.98769149253735,True,family,Mondrian-similarity,scaffold_2,scaffold,extra_trees
Polyamides,191,0.9109947643979057,0.010994764397905699,134.57461413612566,True,family,Mondrian-similarity,scaffold_2,scaffold,extra_trees
Polyethers,149,0.9194630872483222,0.01946308724832213,143.57540322147656,True,family,Mondrian-similarity,scaffold_2,scaffold,extra_trees
Polyimides,410,0.9195121951219513,0.019512195121951237,133.65877960975612,True,family,Mondrian-similarity,scaffold_2,scaffold,extra_trees
Polysiloxanes,51,0.9215686274509803,0.021568627450980316,163.44297019607845,True,family,Mondrian-similarity,scaffold_2,scaffold,extra_trees
Polyurethanes,14,0.9285714285714286,0.02857142857142858,159.03465142857144,True,family,Mondrian-similarity,scaffold_2,scaffold,extra_trees
Polyesters,215,0.9302325581395349,0.03023255813953485,151.55883051162792,True,family,Mondrian-similarity,scaffold_2,scaffold,extra_trees
Polystyrenes,27,0.9629629629629629,0.06296296296296289,212.36705851851855,True,family,Mondrian-similarity,scaffold_2,scaffold,extra_trees
Polycarbonates,36,0.9722222222222222,0.07222222222222219,177.66691222222227,True,family,Mondrian-similarity,scaffold_2,scaffold,extra_trees
Polyimines,16,1.0,0.09999999999999998,186.46032375000001,True,family,Mondrian-similarity,scaffold_2,scaffold,extra_trees
Polyolefins,1,1.0,0.09999999999999998,139.41407999999996,False,family,Mondrian-similarity,scaffold_2,scaffold,extra_trees
Polyvinyls,19,1.0,0.09999999999999998,179.244932631579,True,family,Mondrian-similarity,scaffold_2,scaffold,extra_trees
Other backbone,4,1.0,0.09999999999999998,125.492995,False,family,Mondrian-similarity,scaffold_2,scaffold,extra_trees
Polyureas,8,1.0,0.09999999999999998,150.48248,False,family,Mondrian-similarity,scaffold_2,scaffold,extra_trees
0,62,0.7741935483870968,-0.12580645161290327,184.97805967741928,True,similarity,Mondrian-family,scaffold_2,scaffold,extra_trees
1,115,0.8173913043478261,-0.08260869565217388,162.9901457391304,True,similarity,Mondrian-family,scaffold_2,scaffold,extra_trees
2,219,0.867579908675799,-0.032420091324200984,135.5634292237443,True,similarity,Mondrian-family,scaffold_2,scaffold,extra_trees
3,273,0.8937728937728938,-0.006227106227106205,129.77815274725273,True,similarity,Mondrian-family,scaffold_2,scaffold,extra_trees
4,270,0.9259259259259259,0.025925925925925908,127.4870879259259,True,similarity,Mondrian-family,scaffold_2,scaffold,extra_trees
5,498,0.9357429718875502,0.03574297188755016,129.71116971887548,True,similarity,Mondrian-family,scaffold_2,scaffold,extra_trees
Polydienes,9,0.4444444444444444,-0.4555555555555556,140.91124000000002,False,family,Mondrian-family,scaffold_2,scaffold,extra_trees
Polyanhydrides,12,0.5833333333333334,-0.31666666666666665,140.91124,True,family,Mondrian-family,scaffold_2,scaffold,extra_trees
Polysulfones,54,0.6111111111111112,-0.28888888888888886,64.73047999999972,True,family,Mondrian-family,scaffold_2,scaffold,extra_trees
Polystyrenes,27,0.7777777777777778,-0.12222222222222223,173.92032000000003,True,family,Mondrian-family,scaffold_2,scaffold,extra_trees
Polycarbonates,36,0.8888888888888888,-0.011111111111111183,125.84835999999996,True,family,Mondrian-family,scaffold_2,scaffold,extra_trees
Polyamides,191,0.8900523560209425,-0.009947643979057563,118.86059999999998,True,family,Mondrian-family,scaffold_2,scaffold,extra_trees
Polyesters,215,0.9069767441860465,0.006976744186046435,104.4550999999999,True,family,Mondrian-family,scaffold_2,scaffold,extra_trees
Polyimides,410,0.9097560975609756,0.009756097560975618,121.3928,True,family,Mondrian-family,scaffold_2,scaffold,extra_trees
Polyacrylics,134,0.917910447761194,0.017910447761193993,135.32840000000007,True,family,Mondrian-family,scaffold_2,scaffold,extra_trees
Polyethers,149,0.9194630872483222,0.01946308724832213,114.58340000000007,True,family,Mondrian-family,scaffold_2,scaffold,extra_trees
Polyimines,16,0.9375,0.03749999999999998,140.91124000000002,True,family,Mondrian-family,scaffold_2,scaffold,extra_trees
Polysiloxanes,51,0.9607843137254902,0.0607843137254902,193.80300000000014,True,family,Mondrian-family,scaffold_2,scaffold,extra_trees
Polyureas,8,1.0,0.09999999999999998,140.91124000000002,False,family,Mondrian-family,scaffold_2,scaffold,extra_trees
Polyurethanes,14,1.0,0.09999999999999998,176.96959999999993,True,family,Mondrian-family,scaffold_2,scaffold,extra_trees
Polyphenylenes,71,1.0,0.09999999999999998,377.04723999999965,True,family,Mondrian-family,scaffold_2,scaffold,extra_trees
Polysulfides,10,1.0,0.09999999999999998,140.91124,True,family,Mondrian-family,scaffold_2,scaffold,extra_trees
Polyolefins,1,1.0,0.09999999999999998,158.29659999999998,False,family,Mondrian-family,scaffold_2,scaffold,extra_trees
Polyvinyls,19,1.0,0.09999999999999998,134.94939999999997,True,family,Mondrian-family,scaffold_2,scaffold,extra_trees
Other backbone,4,1.0,0.09999999999999998,140.91124000000002,False,family,Mondrian-family,scaffold_2,scaffold,extra_trees
Polyphosphazenes,6,1.0,0.09999999999999998,219.99880000000076,False,family,Mondrian-family,scaffold_2,scaffold,extra_trees
0,62,0.6935483870967742,-0.20645161290322578,136.67190546695178,True,similarity,Normalised SCP,scaffold_2,scaffold,extra_trees
1,115,0.7739130434782608,-0.12608695652173918,138.02856995294746,True,similarity,Normalised SCP,scaffold_2,scaffold,extra_trees
2,219,0.8356164383561644,-0.06438356164383563,123.96170361465258,True,similarity,Normalised SCP,scaffold_2,scaffold,extra_trees
3,273,0.8827838827838828,-0.017216117216117266,123.20844089950106,True,similarity,Normalised SCP,scaffold_2,scaffold,extra_trees
4,270,0.937037037037037,0.03703703703703698,129.20077247920614,True,similarity,Normalised SCP,scaffold_2,scaffold,extra_trees
5,498,0.9437751004016064,0.04377510040160637,121.62937666670116,True,similarity,Normalised SCP,scaffold_2,scaffold,extra_trees
Polydienes,9,0.4444444444444444,-0.4555555555555556,155.23043292593147,False,family,Normalised SCP,scaffold_2,scaffold,extra_trees
Polystyrenes,27,0.5925925925925926,-0.30740740740740746,120.32299892933794,True,family,Normalised SCP,scaffold_2,scaffold,extra_trees
Polyanhydrides,12,0.6666666666666666,-0.2333333333333334,185.97414383667387,True,family,Normalised SCP,scaffold_2,scaffold,extra_trees
Polysiloxanes,51,0.7843137254901961,-0.11568627450980395,125.18233436784038,True,family,Normalised SCP,scaffold_2,scaffold,extra_trees
Polyphenylenes,71,0.8169014084507042,-0.08309859154929577,152.80267078897595,True,family,Normalised SCP,scaffold_2,scaffold,extra_trees
Polyphosphazenes,6,0.8333333333333334,-0.06666666666666665,142.1570966193683,False,family,Normalised SCP,scaffold_2,scaffold,extra_trees
Polyacrylics,134,0.8507462686567164,-0.04925373134328359,109.2232710426497,True,family,Normalised SCP,scaffold_2,scaffold,extra_trees
Polyesters,215,0.8976744186046511,-0.0023255813953488857,113.18303675169412,True,family,Normalised SCP,scaffold_2,scaffold,extra_trees
Polyamides,191,0.900523560209424,0.0005235602094240122,115.34495495155639,True,family,Normalised SCP,scaffold_2,scaffold,extra_trees
Polyimides,410,0.9073170731707317,0.007317073170731714,127.54671439713722,True,family,Normalised SCP,scaffold_2,scaffold,extra_trees
Polyethers,149,0.9328859060402684,0.03288590604026842,133.27831508647577,True,family,Normalised SCP,scaffold_2,scaffold,extra_trees
Polyimines,16,0.9375,0.03749999999999998,122.27947577937232,True,family,Normalised SCP,scaffold_2,scaffold,extra_trees
Polysulfones,54,0.9629629629629629,0.06296296296296289,141.10786820861043,True,family,Normalised SCP,scaffold_2,scaffold,extra_trees
Polycarbonates,36,0.9722222222222222,0.07222222222222219,161.95964385298916,True,family,Normalised SCP,scaffold_2,scaffold,extra_trees
Polyurethanes,14,1.0,0.09999999999999998,102.6169461250523,True,family,Normalised SCP,scaffold_2,scaffold,extra_trees
Polysulfides,10,1.0,0.09999999999999998,144.60287853240055,True,family,Normalised SCP,scaffold_2,scaffold,extra_trees
Polyolefins,1,1.0,0.09999999999999998,287.6789451097702,False,family,Normalised SCP,scaffold_2,scaffold,extra_trees
Polyvinyls,19,1.0,0.09999999999999998,111.7210606853194,True,family,Normalised SCP,scaffold_2,scaffold,extra_trees
Other backbone,4,1.0,0.09999999999999998,162.01789411635582,False,family,Normalised SCP,scaffold_2,scaffold,extra_trees
Polyureas,8,1.0,0.09999999999999998,140.08044878191487,False,family,Normalised SCP,scaffold_2,scaffold,extra_trees
5,523,0.8738049713193117,-0.026195028680688348,378.0,True,similarity,SCP,scaffold_3,scaffold,median
4,274,0.8795620437956204,-0.020437956204379604,378.0,True,similarity,SCP,scaffold_3,scaffold,median
3,232,0.9181034482758621,0.018103448275862077,378.0,True,similarity,SCP,scaffold_3,scaffold,median
1,105,0.9523809523809523,0.052380952380952306,378.0,True,similarity,SCP,scaffold_3,scaffold,median
2,223,0.9596412556053812,0.05964125560538114,378.0,True,similarity,SCP,scaffold_3,scaffold,median
0,79,0.9746835443037974,0.07468354430379742,378.0,True,similarity,SCP,scaffold_3,scaffold,median
Polyphenylenes,105,0.8,-0.09999999999999998,378.0,True,family,SCP,scaffold_3,scaffold,median
Polyimides,489,0.852760736196319,-0.04723926380368104,378.0,True,family,SCP,scaffold_3,scaffold,median
Polyolefins,7,0.8571428571428571,-0.04285714285714293,378.0,False,family,SCP,scaffold_3,scaffold,median
Polyimines,16,0.875,-0.025000000000000022,378.0,True,family,SCP,scaffold_3,scaffold,median
Polyethers,118,0.8983050847457628,-0.0016949152542372614,378.0,True,family,SCP,scaffold_3,scaffold,median
Polysulfides,10,0.9,0.0,378.0,True,family,SCP,scaffold_3,scaffold,median
Polyamides,204,0.9068627450980392,0.006862745098039191,378.0,True,family,SCP,scaffold_3,scaffold,median
Polycarbonates,18,0.9444444444444444,0.0444444444444444,378.0,True,family,SCP,scaffold_3,scaffold,median
Polysulfones,58,0.9482758620689655,0.0482758620689655,378.0,True,family,SCP,scaffold_3,scaffold,median
Polysiloxanes,35,0.9714285714285714,0.0714285714285714,378.0,True,family,SCP,scaffold_3,scaffold,median
Polyesters,159,0.9937106918238994,0.09371069182389935,378.0,True,family,SCP,scaffold_3,scaffold,median
Polyurethanes,42,1.0,0.09999999999999998,378.0,True,family,SCP,scaffold_3,scaffold,median
Polyphosphazenes,11,1.0,0.09999999999999998,378.0,True,family,SCP,scaffold_3,scaffold,median
Other backbone,6,1.0,0.09999999999999998,378.0,False,family,SCP,scaffold_3,scaffold,median
Polydienes,3,1.0,0.09999999999999998,378.0,False,family,SCP,scaffold_3,scaffold,median
Polyacrylics,95,1.0,0.09999999999999998,378.0,True,family,SCP,scaffold_3,scaffold,median
Polyhalo-olefins,2,1.0,0.09999999999999998,378.0,False,family,SCP,scaffold_3,scaffold,median
Polyureas,7,1.0,0.09999999999999998,378.0,False,family,SCP,scaffold_3,scaffold,median
Polystyrenes,15,1.0,0.09999999999999998,378.0,True,family,SCP,scaffold_3,scaffold,median
Polyanhydrides,26,1.0,0.09999999999999998,378.0,True,family,SCP,scaffold_3,scaffold,median
Polyvinyls,10,1.0,0.09999999999999998,378.0,True,family,SCP,scaffold_3,scaffold,median
5,523,0.8623326959847036,-0.03766730401529639,370.0,True,similarity,Mondrian-similarity,scaffold_3,scaffold,median
4,274,0.9124087591240876,0.012408759124087565,396.0,True,similarity,Mondrian-similarity,scaffold_3,scaffold,median
1,105,0.9333333333333333,0.033333333333333326,342.0,True,similarity,Mondrian-similarity,scaffold_3,scaffold,median
0,79,0.9367088607594937,0.036708860759493644,348.0,True,similarity,Mondrian-similarity,scaffold_3,scaffold,median
3,232,0.9439655172413793,0.043965517241379315,420.0,True,similarity,Mondrian-similarity,scaffold_3,scaffold,median
2,223,0.9641255605381166,0.06412556053811658,412.0,True,similarity,Mondrian-similarity,scaffold_3,scaffold,median
Polyimines,16,0.75,-0.15000000000000002,361.125,True,family,Mondrian-similarity,scaffold_3,scaffold,median
Polyphenylenes,105,0.819047619047619,-0.080952380952381,379.3142857142857,True,family,Mondrian-similarity,scaffold_3,scaffold,median
Polyolefins,7,0.8571428571428571,-0.04285714285714293,355.42857142857144,False,family,Mondrian-similarity,scaffold_3,scaffold,median
Polyimides,489,0.8609406952965235,-0.039059304703476516,383.91002044989773,True,family,Mondrian-similarity,scaffold_3,scaffold,median
Polycarbonates,18,0.8888888888888888,-0.011111111111111183,394.3333333333333,True,family,Mondrian-similarity,scaffold_3,scaffold,median
Polyethers,118,0.8898305084745762,-0.01016949152542379,385.6101694915254,True,family,Mondrian-similarity,scaffold_3,scaffold,median
Polysulfides,10,0.9,0.0,393.2,True,family,Mondrian-similarity,scaffold_3,scaffold,median
Polysulfones,58,0.9137931034482759,0.01379310344827589,384.6896551724138,True,family,Mondrian-similarity,scaffold_3,scaffold,median
Polyamides,204,0.9313725490196079,0.03137254901960784,390.1862745098039,True,family,Mondrian-similarity,scaffold_3,scaffold,median
Polysiloxanes,35,0.9714285714285714,0.0714285714285714,384.1714285714286,True,family,Mondrian-similarity,scaffold_3,scaffold,median
Polyesters,159,0.9937106918238994,0.09371069182389935,390.188679245283,True,family,Mondrian-similarity,scaffold_3,scaffold,median
Polyurethanes,42,1.0,0.09999999999999998,393.9047619047619,True,family,Mondrian-similarity,scaffold_3,scaffold,median
Polyphosphazenes,11,1.0,0.09999999999999998,394.72727272727275,True,family,Mondrian-similarity,scaffold_3,scaffold,median
Other backbone,6,1.0,0.09999999999999998,390.6666666666667,False,family,Mondrian-similarity,scaffold_3,scaffold,median
Polydienes,3,1.0,0.09999999999999998,370.0,False,family,Mondrian-similarity,scaffold_3,scaffold,median
Polyacrylics,95,1.0,0.09999999999999998,394.3578947368421,True,family,Mondrian-similarity,scaffold_3,scaffold,median
Polyhalo-olefins,2,1.0,0.09999999999999998,370.0,False,family,Mondrian-similarity,scaffold_3,scaffold,median
Polyureas,7,1.0,0.09999999999999998,399.7142857142857,False,family,Mondrian-similarity,scaffold_3,scaffold,median
Polystyrenes,15,1.0,0.09999999999999998,393.2,True,family,Mondrian-similarity,scaffold_3,scaffold,median
Polyanhydrides,26,1.0,0.09999999999999998,387.15384615384613,True,family,Mondrian-similarity,scaffold_3,scaffold,median
Polyvinyls,10,1.0,0.09999999999999998,367.2,True,family,Mondrian-similarity,scaffold_3,scaffold,median
5,523,0.9158699808795411,0.015869980879541057,414.50822179732313,True,similarity,Mondrian-family,scaffold_3,scaffold,median
3,232,0.9267241379310345,0.026724137931034453,379.9405172413794,True,similarity,Mondrian-family,scaffold_3,scaffold,median
4,274,0.9379562043795621,0.03795620437956204,415.00437956204377,True,similarity,Mondrian-family,scaffold_3,scaffold,median
1,105,0.9428571428571428,0.042857142857142816,379.41333333333336,True,similarity,Mondrian-family,scaffold_3,scaffold,median
2,223,0.968609865470852,0.06860986547085202,364.92107623318384,True,similarity,Mondrian-family,scaffold_3,scaffold,median
0,79,0.9746835443037974,0.07468354430379742,396.17974683544304,True,similarity,Mondrian-family,scaffold_3,scaffold,median
Polyphenylenes,105,0.819047619047619,-0.080952380952381,402.0,True,family,Mondrian-family,scaffold_3,scaffold,median
Polycarbonates,18,0.8333333333333334,-0.06666666666666665,312.0,True,family,Mondrian-family,scaffold_3,scaffold,median
Polyamides,204,0.8529411764705882,-0.04705882352941182,340.0,True,family,Mondrian-family,scaffold_3,scaffold,median
Polyolefins,7,0.8571428571428571,-0.04285714285714293,386.0,False,family,Mondrian-family,scaffold_3,scaffold,median
Polyimines,16,0.875,-0.025000000000000022,378.0,True,family,Mondrian-family,scaffold_3,scaffold,median
Polysulfides,10,0.9,0.0,378.0,True,family,Mondrian-family,scaffold_3,scaffold,median
Polyethers,118,0.9152542372881356,0.015254237288135575,385.0,True,family,Mondrian-family,scaffold_3,scaffold,median
Polystyrenes,15,0.9333333333333333,0.033333333333333326,280.0,True,family,Mondrian-family,scaffold_3,scaffold,median
Polyimides,489,0.950920245398773,0.050920245398772934,476.0,True,family,Mondrian-family,scaffold_3,scaffold,median
Polysulfones,58,0.9827586206896551,0.08275862068965512,456.0,True,family,Mondrian-family,scaffold_3,scaffold,median
Polyesters,159,0.9937106918238994,0.09371069182389935,346.0,True,family,Mondrian-family,scaffold_3,scaffold,median
Polyurethanes,42,1.0,0.09999999999999998,247.60000000000002,True,family,Mondrian-family,scaffold_3,scaffold,median
Polyphosphazenes,11,1.0,0.09999999999999998,396.0,True,family,Mondrian-family,scaffold_3,scaffold,median
Other backbone,6,1.0,0.09999999999999998,378.0,False,family,Mondrian-family,scaffold_3,scaffold,median
Polydienes,3,1.0,0.09999999999999998,378.0,False,family,Mondrian-family,scaffold_3,scaffold,median
Polyacrylics,95,1.0,0.09999999999999998,274.0,True,family,Mondrian-family,scaffold_3,scaffold,median
Polyhalo-olefins,2,1.0,0.09999999999999998,378.0,False,family,Mondrian-family,scaffold_3,scaffold,median
Polyureas,7,1.0,0.09999999999999998,378.0,False,family,Mondrian-family,scaffold_3,scaffold,median
Polyanhydrides,26,1.0,0.09999999999999998,378.0,True,family,Mondrian-family,scaffold_3,scaffold,median
Polyvinyls,10,1.0,0.09999999999999998,358.0,True,family,Mondrian-family,scaffold_3,scaffold,median
Polysiloxanes,35,1.0,0.09999999999999998,474.0,True,family,Mondrian-family,scaffold_3,scaffold,median
0,79,0.7088607594936709,-0.19113924050632913,224.3018422921557,True,similarity,Normalised SCP,scaffold_3,scaffold,median
1,105,0.7714285714285715,-0.12857142857142856,254.88762074510578,True,similarity,Normalised SCP,scaffold_3,scaffold,median
2,223,0.905829596412556,0.005829596412555982,261.67850878308485,True,similarity,Normalised SCP,scaffold_3,scaffold,median
3,232,0.9094827586206896,0.00948275862068959,324.23922514348857,True,similarity,Normalised SCP,scaffold_3,scaffold,median
5,523,0.9560229445506692,0.05602294455066914,416.36887855113804,True,similarity,Normalised SCP,scaffold_3,scaffold,median
4,274,0.9598540145985401,0.05985401459854012,404.9286906675605,True,similarity,Normalised SCP,scaffold_3,scaffold,median
Polyureas,7,0.42857142857142855,-0.4714285714285715,300.0300340790794,False,family,Normalised SCP,scaffold_3,scaffold,median
Polyolefins,7,0.5714285714285714,-0.3285714285714286,231.2816673175886,False,family,Normalised SCP,scaffold_3,scaffold,median
Polydienes,3,0.6666666666666666,-0.2333333333333334,195.30171887348465,False,family,Normalised SCP,scaffold_3,scaffold,median
Polycarbonates,18,0.7222222222222222,-0.1777777777777778,219.0274174891841,True,family,Normalised SCP,scaffold_3,scaffold,median
Polyimines,16,0.75,-0.15000000000000002,236.48897667634427,True,family,Normalised SCP,scaffold_3,scaffold,median
Polysiloxanes,35,0.8,-0.09999999999999998,284.25534567996027,True,family,Normalised SCP,scaffold_3,scaffold,median
Polyphenylenes,105,0.8095238095238095,-0.09047619047619049,345.1830395542334,True,family,Normalised SCP,scaffold_3,scaffold,median
Other backbone,6,0.8333333333333334,-0.06666666666666665,213.67168209827568,False,family,Normalised SCP,scaffold_3,scaffold,median
Polyamides,204,0.8823529411764706,-0.01764705882352946,308.91104324487793,True,family,Normalised SCP,scaffold_3,scaffold,median
Polyurethanes,42,0.9047619047619048,0.004761904761904745,179.3787926348849,True,family,Normalised SCP,scaffold_3,scaffold,median
Polyacrylics,95,0.9052631578947369,0.0052631578947368585,206.18438440586883,True,family,Normalised SCP,scaffold_3,scaffold,median
Polysulfones,58,0.9310344827586207,0.03103448275862064,304.5824641682385,True,family,Normalised SCP,scaffold_3,scaffold,median
Polyethers,118,0.9491525423728814,0.04915254237288136,390.2838065208934,True,family,Normalised SCP,scaffold_3,scaffold,median
Polyesters,159,0.949685534591195,0.04968553459119496,225.36416979248733,True,family,Normalised SCP,scaffold_3,scaffold,median
Polyimides,489,0.9550102249488752,0.0550102249488752,491.8134141846106,True,family,Normalised SCP,scaffold_3,scaffold,median
Polyanhydrides,26,0.9615384615384616,0.06153846153846154,188.40020758530838,True,family,Normalised SCP,scaffold_3,scaffold,median
Polyhalo-olefins,2,1.0,0.09999999999999998,211.30870673092372,False,family,Normalised SCP,scaffold_3,scaffold,median
Polyphosphazenes,11,1.0,0.09999999999999998,347.7954191119754,True,family,Normalised SCP,scaffold_3,scaffold,median
Polysulfides,10,1.0,0.09999999999999998,266.04068892665737,True,family,Normalised SCP,scaffold_3,scaffold,median
Polystyrenes,15,1.0,0.09999999999999998,224.84796433186378,True,family,Normalised SCP,scaffold_3,scaffold,median
Polyvinyls,10,1.0,0.09999999999999998,189.7535552946466,True,family,Normalised SCP,scaffold_3,scaffold,median
0,79,0.759493670886076,-0.14050632911392402,147.7272416444363,True,similarity,SCP,scaffold_3,scaffold,svr
1,105,0.7904761904761904,-0.10952380952380958,147.72724164443636,True,similarity,SCP,scaffold_3,scaffold,svr
2,223,0.852017937219731,-0.047982062780269064,147.72724164443633,True,similarity,SCP,scaffold_3,scaffold,svr
3,232,0.853448275862069,-0.04655172413793107,147.72724164443633,True,similarity,SCP,scaffold_3,scaffold,svr
4,274,0.9306569343065694,0.03065693430656935,147.72724164443633,True,similarity,SCP,scaffold_3,scaffold,svr
5,523,0.9445506692160612,0.04455066921606121,147.72724164443633,True,similarity,SCP,scaffold_3,scaffold,svr
Polyhalo-olefins,2,0.5,-0.4,147.72724164443633,False,family,SCP,scaffold_3,scaffold,svr
Polyolefins,7,0.5714285714285714,-0.3285714285714286,147.72724164443633,False,family,SCP,scaffold_3,scaffold,svr
Polysiloxanes,35,0.6,-0.30000000000000004,147.72724164443636,True,family,SCP,scaffold_3,scaffold,svr
Other backbone,6,0.6666666666666666,-0.2333333333333334,147.72724164443636,False,family,SCP,scaffold_3,scaffold,svr
Polyureas,7,0.7142857142857143,-0.18571428571428572,147.72724164443633,False,family,SCP,scaffold_3,scaffold,svr
Polyphenylenes,105,0.7904761904761904,-0.10952380952380958,147.72724164443636,True,family,SCP,scaffold_3,scaffold,svr
Polystyrenes,15,0.8,-0.09999999999999998,147.72724164443633,True,family,SCP,scaffold_3,scaffold,svr
Polyvinyls,10,0.8,-0.09999999999999998,147.72724164443633,True,family,SCP,scaffold_3,scaffold,svr
Polyurethanes,42,0.8095238095238095,-0.09047619047619049,147.72724164443636,True,family,SCP,scaffold_3,scaffold,svr
Polyimines,16,0.8125,-0.08750000000000002,147.72724164443633,True,family,SCP,scaffold_3,scaffold,svr
Polyphosphazenes,11,0.8181818181818182,-0.08181818181818179,147.72724164443636,True,family,SCP,scaffold_3,scaffold,svr
Polycarbonates,18,0.8333333333333334,-0.06666666666666665,147.7272416444363,True,family,SCP,scaffold_3,scaffold,svr
Polyacrylics,95,0.8842105263157894,-0.015789473684210575,147.72724164443633,True,family,SCP,scaffold_3,scaffold,svr
Polyamides,204,0.8921568627450981,-0.007843137254901933,147.72724164443636,True,family,SCP,scaffold_3,scaffold,svr
Polysulfones,58,0.9137931034482759,0.01379310344827589,147.72724164443633,True,family,SCP,scaffold_3,scaffold,svr
Polyethers,118,0.923728813559322,0.023728813559321993,147.72724164443633,True,family,SCP,scaffold_3,scaffold,svr
Polyimides,489,0.9304703476482618,0.03047034764826173,147.72724164443636,True,family,SCP,scaffold_3,scaffold,svr
Polyesters,159,0.9371069182389937,0.0371069182389937,147.72724164443633,True,family,SCP,scaffold_3,scaffold,svr
Polydienes,3,1.0,0.09999999999999998,147.72724164443633,False,family,SCP,scaffold_3,scaffold,svr
Polysulfides,10,1.0,0.09999999999999998,147.72724164443633,True,family,SCP,scaffold_3,scaffold,svr
Polyanhydrides,26,1.0,0.09999999999999998,147.72724164443633,True,family,SCP,scaffold_3,scaffold,svr
5,523,0.8718929254302104,-0.02810707456978967,99.18220165670576,True,similarity,Mondrian-similarity,scaffold_3,scaffold,svr
3,232,0.8836206896551724,-0.016379310344827647,161.83859936174946,True,similarity,Mondrian-similarity,scaffold_3,scaffold,svr
1,105,0.9238095238095239,0.023809523809523836,213.36210962405372,True,similarity,Mondrian-similarity,scaffold_3,scaffold,svr
4,274,0.9379562043795621,0.03795620437956204,156.83950454095907,True,similarity,Mondrian-similarity,scaffold_3,scaffold,svr
2,223,0.9596412556053812,0.05964125560538114,310.546954335479,True,similarity,Mondrian-similarity,scaffold_3,scaffold,svr
0,79,0.9620253164556962,0.0620253164556962,273.9309800158234,True,similarity,Mondrian-similarity,scaffold_3,scaffold,svr
Polyhalo-olefins,2,0.5,-0.4,99.18220165670579,False,family,Mondrian-similarity,scaffold_3,scaffold,svr
Polyolefins,7,0.7142857142857143,-0.18571428571428572,261.8564419495544,False,family,Mondrian-similarity,scaffold_3,scaffold,svr
Polysiloxanes,35,0.7428571428571429,-0.15714285714285714,187.0924119486885,True,family,Mondrian-similarity,scaffold_3,scaffold,svr
Polystyrenes,15,0.8,-0.09999999999999998,208.35797882173637,True,family,Mondrian-similarity,scaffold_3,scaffold,svr
Polyimines,16,0.8125,-0.08750000000000002,204.38115825030883,True,family,Mondrian-similarity,scaffold_3,scaffold,svr
Polyphosphazenes,11,0.8181818181818182,-0.08181818181818179,228.97068404612537,True,family,Mondrian-similarity,scaffold_3,scaffold,svr
Polyphenylenes,105,0.819047619047619,-0.080952380952381,178.0418538080489,True,family,Mondrian-similarity,scaffold_3,scaffold,svr
Polyamides,204,0.8774509803921569,-0.022549019607843168,158.11055485062158,True,family,Mondrian-similarity,scaffold_3,scaffold,svr
Polycarbonates,18,0.8888888888888888,-0.011111111111111183,220.46187356900288,True,family,Mondrian-similarity,scaffold_3,scaffold,svr
Polyurethanes,42,0.9047619047619048,0.004761904761904745,191.18167440306019,True,family,Mondrian-similarity,scaffold_3,scaffold,svr
Polyimides,489,0.918200408997955,0.018200408997954942,148.4808316124987,True,family,Mondrian-similarity,scaffold_3,scaffold,svr
Polyethers,118,0.940677966101695,0.04067796610169494,153.68916023476936,True,family,Mondrian-similarity,scaffold_3,scaffold,svr
Polyesters,159,0.949685534591195,0.04968553459119496,185.94215056643372,True,family,Mondrian-similarity,scaffold_3,scaffold,svr
Polyacrylics,95,0.9578947368421052,0.05789473684210522,223.55879593283584,True,family,Mondrian-similarity,scaffold_3,scaffold,svr
Polysulfones,58,0.9655172413793104,0.06551724137931036,161.00824371971257,True,family,Mondrian-similarity,scaffold_3,scaffold,svr
Polysulfides,10,1.0,0.09999999999999998,222.54820856333157,True,family,Mondrian-similarity,scaffold_3,scaffold,svr
Polyureas,7,1.0,0.09999999999999998,274.7051979774869,False,family,Mondrian-similarity,scaffold_3,scaffold,svr
Other backbone,6,1.0,0.09999999999999998,223.15426960526406,False,family,Mondrian-similarity,scaffold_3,scaffold,svr
Polydienes,3,1.0,0.09999999999999998,216.37722966720898,False,family,Mondrian-similarity,scaffold_3,scaffold,svr
Polyanhydrides,26,1.0,0.09999999999999998,246.85837855005138,True,family,Mondrian-similarity,scaffold_3,scaffold,svr
Polyvinyls,10,1.0,0.09999999999999998,180.91720925974246,True,family,Mondrian-similarity,scaffold_3,scaffold,svr
0,79,0.8227848101265823,-0.07721518987341769,171.03854130571708,True,similarity,Mondrian-family,scaffold_3,scaffold,svr
1,105,0.8285714285714286,-0.0714285714285714,165.21657214993854,True,similarity,Mondrian-family,scaffold_3,scaffold,svr
3,232,0.8620689655172413,-0.037931034482758696,154.8919426774951,True,similarity,Mondrian-family,scaffold_3,scaffold,svr
2,223,0.8654708520179372,-0.03452914798206286,154.28310721567863,True,similarity,Mondrian-family,scaffold_3,scaffold,svr
4,274,0.9343065693430657,0.03430656934306564,157.94780779704914,True,similarity,Mondrian-family,scaffold_3,scaffold,svr
5,523,0.9541108986615678,0.05411089866156782,155.08555973735045,True,similarity,Mondrian-family,scaffold_3,scaffold,svr
Polyhalo-olefins,2,0.5,-0.4,147.72724164443633,False,family,Mondrian-family,scaffold_3,scaffold,svr
Other backbone,6,0.6666666666666666,-0.2333333333333334,147.72724164443636,False,family,Mondrian-family,scaffold_3,scaffold,svr
Polyolefins,7,0.7142857142857143,-0.18571428571428572,257.10915654445836,False,family,Mondrian-family,scaffold_3,scaffold,svr
Polyureas,7,0.7142857142857143,-0.18571428571428572,147.72724164443633,False,family,Mondrian-family,scaffold_3,scaffold,svr
Polysiloxanes,35,0.7714285714285715,-0.12857142857142856,230.5083479427964,True,family,Mondrian-family,scaffold_3,scaffold,svr
Polycarbonates,18,0.7777777777777778,-0.12222222222222223,123.17362827830867,True,family,Mondrian-family,scaffold_3,scaffold,svr
Polyimines,16,0.8125,-0.08750000000000002,147.72724164443633,True,family,Mondrian-family,scaffold_3,scaffold,svr
Polyacrylics,95,0.8210526315789474,-0.07894736842105265,137.32726069495024,True,family,Mondrian-family,scaffold_3,scaffold,svr
Polyethers,118,0.8813559322033898,-0.01864406779661021,121.38047192132763,True,family,Mondrian-family,scaffold_3,scaffold,svr
Polyamides,204,0.8823529411764706,-0.01764705882352946,141.345780658131,True,family,Mondrian-family,scaffold_3,scaffold,svr
Polyvinyls,10,0.9,0.0,175.32502694903292,True,family,Mondrian-family,scaffold_3,scaffold,svr
Polyurethanes,42,0.9047619047619048,0.004761904761904745,165.1869714393612,True,family,Mondrian-family,scaffold_3,scaffold,svr
Polyphosphazenes,11,0.9090909090909091,0.009090909090909038,283.3943670640734,True,family,Mondrian-family,scaffold_3,scaffold,svr
Polyphenylenes,105,0.9142857142857143,0.014285714285714235,213.36210962405372,True,family,Mondrian-family,scaffold_3,scaffold,svr
Polysulfones,58,0.9310344827586207,0.03103448275862064,168.90539947404753,True,family,Mondrian-family,scaffold_3,scaffold,svr
Polystyrenes,15,0.9333333333333333,0.033333333333333326,178.74112362491047,True,family,Mondrian-family,scaffold_3,scaffold,svr
Polyesters,159,0.9371069182389937,0.0371069182389937,142.97391810419887,True,family,Mondrian-family,scaffold_3,scaffold,svr
Polyimides,489,0.9406952965235174,0.04069529652351733,158.56081125288614,True,family,Mondrian-family,scaffold_3,scaffold,svr
Polydienes,3,1.0,0.09999999999999998,147.72724164443633,False,family,Mondrian-family,scaffold_3,scaffold,svr
Polysulfides,10,1.0,0.09999999999999998,147.72724164443633,True,family,Mondrian-family,scaffold_3,scaffold,svr
Polyanhydrides,26,1.0,0.09999999999999998,147.72724164443633,True,family,Mondrian-family,scaffold_3,scaffold,svr
1,105,0.7047619047619048,-0.1952380952380952,145.43700487211487,True,similarity,Normalised SCP,scaffold_3,scaffold,svr
2,223,0.7937219730941704,-0.10627802690582966,131.2780765835623,True,similarity,Normalised SCP,scaffold_3,scaffold,svr
3,232,0.8146551724137931,-0.08534482758620687,137.77853816440165,True,similarity,Normalised SCP,scaffold_3,scaffold,svr
0,79,0.8354430379746836,-0.06455696202531647,175.29148928743192,True,similarity,Normalised SCP,scaffold_3,scaffold,svr
4,274,0.9014598540145985,0.0014598540145984717,138.20518024928637,True,similarity,Normalised SCP,scaffold_3,scaffold,svr
5,523,0.9388145315487572,0.038814531548757136,127.74428524503719,True,similarity,Normalised SCP,scaffold_3,scaffold,svr
Polysiloxanes,35,0.5142857142857142,-0.3857142857142858,127.96171121687564,True,family,Normalised SCP,scaffold_3,scaffold,svr
Polyimines,16,0.6875,-0.21250000000000002,109.00693000689546,True,family,Normalised SCP,scaffold_3,scaffold,svr
Polyolefins,7,0.7142857142857143,-0.18571428571428572,234.71892709585538,False,family,Normalised SCP,scaffold_3,scaffold,svr
Polycarbonates,18,0.7222222222222222,-0.1777777777777778,136.32721478850735,True,family,Normalised SCP,scaffold_3,scaffold,svr
Polyphenylenes,105,0.7428571428571429,-0.15714285714285714,137.72633665039595,True,family,Normalised SCP,scaffold_3,scaffold,svr
Polyurethanes,42,0.7857142857142857,-0.11428571428571432,114.3309159935318,True,family,Normalised SCP,scaffold_3,scaffold,svr
Polyacrylics,95,0.8,-0.09999999999999998,125.1798820460363,True,family,Normalised SCP,scaffold_3,scaffold,svr
Polyvinyls,10,0.8,-0.09999999999999998,120.73980702274085,True,family,Normalised SCP,scaffold_3,scaffold,svr
Polystyrenes,15,0.8,-0.09999999999999998,139.02225984138516,True,family,Normalised SCP,scaffold_3,scaffold,svr
Polyphosphazenes,11,0.8181818181818182,-0.08181818181818179,184.50432394905224,True,family,Normalised SCP,scaffold_3,scaffold,svr
Other backbone,6,0.8333333333333334,-0.06666666666666665,186.5140627515075,False,family,Normalised SCP,scaffold_3,scaffold,svr
Polyamides,204,0.8382352941176471,-0.061764705882352944,129.14791947878913,True,family,Normalised SCP,scaffold_3,scaffold,svr
Polyureas,7,0.8571428571428571,-0.04285714285714293,194.43253283844646,False,family,Normalised SCP,scaffold_3,scaffold,svr
Polyesters,159,0.8930817610062893,-0.00691823899371069,119.53343324562854,True,family,Normalised SCP,scaffold_3,scaffold,svr
Polysulfides,10,0.9,0.0,112.14361754746406,True,family,Normalised SCP,scaffold_3,scaffold,svr
Polyethers,118,0.9067796610169492,0.006779661016949157,127.1236816066318,True,family,Normalised SCP,scaffold_3,scaffold,svr
Polysulfones,58,0.9137931034482759,0.01379310344827589,144.55071245218545,True,family,Normalised SCP,scaffold_3,scaffold,svr
Polyimides,489,0.9366053169734151,0.03660531697341507,145.77366230246315,True,family,Normalised SCP,scaffold_3,scaffold,svr
Polyanhydrides,26,0.9615384615384616,0.06153846153846154,127.94216806334276,True,family,Normalised SCP,scaffold_3,scaffold,svr
Polydienes,3,1.0,0.09999999999999998,164.71518945958192,False,family,Normalised SCP,scaffold_3,scaffold,svr
Polyhalo-olefins,2,1.0,0.09999999999999998,398.88104872365284,False,family,Normalised SCP,scaffold_3,scaffold,svr
0,79,0.6708860759493671,-0.2291139240506329,140.27196000000046,True,similarity,SCP,scaffold_3,scaffold,random_forest
1,105,0.7523809523809524,-0.14761904761904765,140.2719600000005,True,similarity,SCP,scaffold_3,scaffold,random_forest
2,223,0.8340807174887892,-0.06591928251121082,140.2719600000005,True,similarity,SCP,scaffold_3,scaffold,random_forest
3,232,0.8879310344827587,-0.012068965517241348,140.2719600000005,True,similarity,SCP,scaffold_3,scaffold,random_forest
4,274,0.916058394160584,0.016058394160583966,140.2719600000005,True,similarity,SCP,scaffold_3,scaffold,random_forest
5,523,0.9502868068833652,0.050286806883365176,140.27196000000046,True,similarity,SCP,scaffold_3,scaffold,random_forest
Polyolefins,7,0.2857142857142857,-0.6142857142857143,140.2719600000005,False,family,SCP,scaffold_3,scaffold,random_forest
Polyhalo-olefins,2,0.5,-0.4,140.2719600000005,False,family,SCP,scaffold_3,scaffold,random_forest
Polysiloxanes,35,0.7142857142857143,-0.18571428571428572,140.27196000000046,True,family,SCP,scaffold_3,scaffold,random_forest
Polycarbonates,18,0.7222222222222222,-0.1777777777777778,140.2719600000005,True,family,SCP,scaffold_3,scaffold,random_forest
Polyphosphazenes,11,0.7272727272727273,-0.17272727272727273,140.2719600000005,True,family,SCP,scaffold_3,scaffold,random_forest
Polystyrenes,15,0.8,-0.09999999999999998,140.2719600000005,True,family,SCP,scaffold_3,scaffold,random_forest
Polyurethanes,42,0.8095238095238095,-0.09047619047619049,140.27196000000046,True,family,SCP,scaffold_3,scaffold,random_forest
Polyimines,16,0.8125,-0.08750000000000002,140.2719600000005,True,family,SCP,scaffold_3,scaffold,random_forest
Other backbone,6,0.8333333333333334,-0.06666666666666665,140.2719600000005,False,family,SCP,scaffold_3,scaffold,random_forest
Polyphenylenes,105,0.8476190476190476,-0.05238095238095242,140.2719600000005,True,family,SCP,scaffold_3,scaffold,random_forest
Polyureas,7,0.8571428571428571,-0.04285714285714293,140.2719600000005,False,family,SCP,scaffold_3,scaffold,random_forest
Polysulfones,58,0.8620689655172413,-0.037931034482758696,140.27196000000046,True,family,SCP,scaffold_3,scaffold,random_forest
Polyamides,204,0.8774509803921569,-0.022549019607843168,140.2719600000005,True,family,SCP,scaffold_3,scaffold,random_forest
Polyethers,118,0.8983050847457628,-0.0016949152542372614,140.2719600000005,True,family,SCP,scaffold_3,scaffold,random_forest
Polyvinyls,10,0.9,0.0,140.2719600000005,True,family,SCP,scaffold_3,scaffold,random_forest
Polyimides,489,0.9100204498977505,0.010020449897750527,140.27196000000052,True,family,SCP,scaffold_3,scaffold,random_forest
Polyesters,159,0.9119496855345912,0.011949685534591192,140.27196000000046,True,family,SCP,scaffold_3,scaffold,random_forest
Polyacrylics,95,0.9578947368421052,0.05789473684210522,140.27196000000046,True,family,SCP,scaffold_3,scaffold,random_forest
Polydienes,3,1.0,0.09999999999999998,140.2719600000005,False,family,SCP,scaffold_3,scaffold,random_forest
Polysulfides,10,1.0,0.09999999999999998,140.2719600000005,True,family,SCP,scaffold_3,scaffold,random_forest
Polyanhydrides,26,1.0,0.09999999999999998,140.2719600000005,True,family,SCP,scaffold_3,scaffold,random_forest
5,523,0.864244741873805,-0.035755258126195066,98.38280000000013,True,similarity,Mondrian-similarity,scaffold_3,scaffold,random_forest
0,79,0.9113924050632911,0.011392405063291089,235.42859999999993,True,similarity,Mondrian-similarity,scaffold_3,scaffold,random_forest
4,274,0.916058394160584,0.016058394160583966,136.09939999999995,True,similarity,Mondrian-similarity,scaffold_3,scaffold,random_forest
1,105,0.9333333333333333,0.033333333333333326,210.92459999999994,True,similarity,Mondrian-similarity,scaffold_3,scaffold,random_forest
3,232,0.9396551724137931,0.03965517241379313,178.66240000000013,True,similarity,Mondrian-similarity,scaffold_3,scaffold,random_forest
2,223,0.9596412556053812,0.05964125560538114,220.68400000000003,True,similarity,Mondrian-similarity,scaffold_3,scaffold,random_forest
Polyhalo-olefins,2,0.5,-0.4,98.38280000000015,False,family,Mondrian-similarity,scaffold_3,scaffold,random_forest
Polyphosphazenes,11,0.8181818181818182,-0.08181818181818179,186.55901818181817,True,family,Mondrian-similarity,scaffold_3,scaffold,random_forest
Other backbone,6,0.8333333333333334,-0.06666666666666665,197.49423333333334,False,family,Mondrian-similarity,scaffold_3,scaffold,random_forest
Polysulfones,58,0.8448275862068966,-0.05517241379310345,148.3842034482759,True,family,Mondrian-similarity,scaffold_3,scaffold,random_forest
Polyphenylenes,105,0.8571428571428571,-0.04285714285714293,158.3049447619048,True,family,Mondrian-similarity,scaffold_3,scaffold,random_forest
Polystyrenes,15,0.8666666666666667,-0.033333333333333326,188.7909733333333,True,family,Mondrian-similarity,scaffold_3,scaffold,random_forest
Polyimines,16,0.875,-0.025000000000000022,187.64247500000002,True,family,Mondrian-similarity,scaffold_3,scaffold,random_forest
Polyamides,204,0.8823529411764706,-0.01764705882352946,145.2804107843138,True,family,Mondrian-similarity,scaffold_3,scaffold,random_forest
Polycarbonates,18,0.8888888888888888,-0.011111111111111183,184.3673777777778,True,family,Mondrian-similarity,scaffold_3,scaffold,random_forest
Polyimides,489,0.9100204498977505,0.010020449897750527,136.20182249488758,True,family,Mondrian-similarity,scaffold_3,scaffold,random_forest
Polyethers,118,0.9152542372881356,0.015254237288135575,141.51908983050853,True,family,Mondrian-similarity,scaffold_3,scaffold,random_forest
Polyurethanes,42,0.9285714285714286,0.02857142857142858,171.05758571428578,True,family,Mondrian-similarity,scaffold_3,scaffold,random_forest
Polyesters,159,0.9371069182389937,0.0371069182389937,160.6115899371069,True,family,Mondrian-similarity,scaffold_3,scaffold,random_forest
Polysiloxanes,35,0.9428571428571428,0.042857142857142816,176.75558857142866,True,family,Mondrian-similarity,scaffold_3,scaffold,random_forest
Polyanhydrides,26,0.9615384615384616,0.06153846153846154,199.99343846153846,True,family,Mondrian-similarity,scaffold_3,scaffold,random_forest
Polyacrylics,95,0.968421052631579,0.06842105263157894,190.39579157894738,True,family,Mondrian-similarity,scaffold_3,scaffold,random_forest
Polyolefins,7,1.0,0.09999999999999998,226.32108571428566,False,family,Mondrian-similarity,scaffold_3,scaffold,random_forest
Polyureas,7,1.0,0.09999999999999998,207.20628571428568,False,family,Mondrian-similarity,scaffold_3,scaffold,random_forest
Polydienes,3,1.0,0.09999999999999998,208.33853333333334,False,family,Mondrian-similarity,scaffold_3,scaffold,random_forest
Polysulfides,10,1.0,0.09999999999999998,178.81554000000006,True,family,Mondrian-similarity,scaffold_3,scaffold,random_forest
Polyvinyls,10,1.0,0.09999999999999998,175.61042000000006,True,family,Mondrian-similarity,scaffold_3,scaffold,random_forest
0,79,0.6835443037974683,-0.2164556962025317,158.60094379746837,True,similarity,Mondrian-family,scaffold_3,scaffold,random_forest
1,105,0.819047619047619,-0.080952380952381,154.50831809523805,True,similarity,Mondrian-family,scaffold_3,scaffold,random_forest
2,223,0.8609865470852018,-0.039013452914798186,145.3061483408072,True,similarity,Mondrian-family,scaffold_3,scaffold,random_forest
3,232,0.8879310344827587,-0.012068965517241348,143.18439801724136,True,similarity,Mondrian-family,scaffold_3,scaffold,random_forest
4,274,0.927007299270073,0.02700729927007295,140.1940074452554,True,similarity,Mondrian-family,scaffold_3,scaffold,random_forest
5,523,0.9464627151051626,0.04646271510516253,140.12751059273413,True,similarity,Mondrian-family,scaffold_3,scaffold,random_forest
Polyhalo-olefins,2,0.5,-0.4,140.2719600000005,False,family,Mondrian-family,scaffold_3,scaffold,random_forest
Polyphosphazenes,11,0.7272727272727273,-0.17272727272727273,140.02380000000002,True,family,Mondrian-family,scaffold_3,scaffold,random_forest
Polystyrenes,15,0.8,-0.09999999999999998,136.18192000000002,True,family,Mondrian-family,scaffold_3,scaffold,random_forest
Polyimines,16,0.8125,-0.08750000000000002,140.2719600000005,True,family,Mondrian-family,scaffold_3,scaffold,random_forest
Other backbone,6,0.8333333333333334,-0.06666666666666665,140.2719600000005,False,family,Mondrian-family,scaffold_3,scaffold,random_forest
Polyethers,118,0.847457627118644,-0.05254237288135599,116.0318,True,family,Mondrian-family,scaffold_3,scaffold,random_forest
Polyamides,204,0.8529411764705882,-0.04705882352941182,129.6724,True,family,Mondrian-family,scaffold_3,scaffold,random_forest
Polyureas,7,0.8571428571428571,-0.04285714285714293,140.2719600000005,False,family,Mondrian-family,scaffold_3,scaffold,random_forest
Polysulfones,58,0.8793103448275862,-0.020689655172413834,150.21189999999916,True,family,Mondrian-family,scaffold_3,scaffold,random_forest
Polysiloxanes,35,0.8857142857142857,-0.014285714285714346,200.25519999999997,True,family,Mondrian-family,scaffold_3,scaffold,random_forest
Polyimides,489,0.9038854805725971,0.0038854805725970776,134.35139999999996,True,family,Mondrian-family,scaffold_3,scaffold,random_forest
Polyesters,159,0.9056603773584906,0.005660377358490565,131.94384,True,family,Mondrian-family,scaffold_3,scaffold,random_forest
Polyphenylenes,105,0.9142857142857143,0.014285714285714235,212.84888,True,family,Mondrian-family,scaffold_3,scaffold,random_forest
Polycarbonates,18,0.9444444444444444,0.0444444444444444,181.92659999999992,True,family,Mondrian-family,scaffold_3,scaffold,random_forest
Polyurethanes,42,0.9523809523809523,0.052380952380952306,163.96580000000006,True,family,Mondrian-family,scaffold_3,scaffold,random_forest
Polyacrylics,95,0.9578947368421052,0.05789473684210522,149.96730000000005,True,family,Mondrian-family,scaffold_3,scaffold,random_forest
Polyolefins,7,1.0,0.09999999999999998,230.55999999999997,False,family,Mondrian-family,scaffold_3,scaffold,random_forest
Polysulfides,10,1.0,0.09999999999999998,140.2719600000005,True,family,Mondrian-family,scaffold_3,scaffold,random_forest
Polydienes,3,1.0,0.09999999999999998,140.2719600000005,False,family,Mondrian-family,scaffold_3,scaffold,random_forest
Polyanhydrides,26,1.0,0.09999999999999998,140.2719600000005,True,family,Mondrian-family,scaffold_3,scaffold,random_forest
Polyvinyls,10,1.0,0.09999999999999998,175.84799999999996,True,family,Mondrian-family,scaffold_3,scaffold,random_forest
0,79,0.7468354430379747,-0.15316455696202536,171.2841232559833,True,similarity,Normalised SCP,scaffold_3,scaffold,random_forest
1,105,0.780952380952381,-0.11904761904761907,148.43522654933483,True,similarity,Normalised SCP,scaffold_3,scaffold,random_forest
2,223,0.8475336322869955,-0.0524663677130045,140.1704707261253,True,similarity,Normalised SCP,scaffold_3,scaffold,random_forest
3,232,0.8663793103448276,-0.0336206896551724,141.62793698413432,True,similarity,Normalised SCP,scaffold_3,scaffold,random_forest
4,274,0.9233576642335767,0.023357664233576658,137.4888169074518,True,similarity,Normalised SCP,scaffold_3,scaffold,random_forest
5,523,0.9407265774378585,0.04072657743785846,128.90913099394754,True,similarity,Normalised SCP,scaffold_3,scaffold,random_forest
Polystyrenes,15,0.7333333333333333,-0.16666666666666674,134.52783722317167,True,family,Normalised SCP,scaffold_3,scaffold,random_forest
Polysiloxanes,35,0.7428571428571429,-0.15714285714285714,133.3594548617384,True,family,Normalised SCP,scaffold_3,scaffold,random_forest
Polyimines,16,0.75,-0.15000000000000002,121.31613773842963,True,family,Normalised SCP,scaffold_3,scaffold,random_forest
Polyurethanes,42,0.7619047619047619,-0.13809523809523816,120.85293960016013,True,family,Normalised SCP,scaffold_3,scaffold,random_forest
Polycarbonates,18,0.7777777777777778,-0.12222222222222223,140.55256179475862,True,family,Normalised SCP,scaffold_3,scaffold,random_forest
Polyphosphazenes,11,0.8181818181818182,-0.08181818181818179,134.0273081288507,True,family,Normalised SCP,scaffold_3,scaffold,random_forest
Polyphenylenes,105,0.8285714285714286,-0.0714285714285714,145.01729166588123,True,family,Normalised SCP,scaffold_3,scaffold,random_forest
Other backbone,6,0.8333333333333334,-0.06666666666666665,208.19490899371155,False,family,Normalised SCP,scaffold_3,scaffold,random_forest
Polyureas,7,0.8571428571428571,-0.04285714285714293,189.60906105598715,False,family,Normalised SCP,scaffold_3,scaffold,random_forest
Polyethers,118,0.8813559322033898,-0.01864406779661021,127.13036629025908,True,family,Normalised SCP,scaffold_3,scaffold,random_forest
Polyamides,204,0.8921568627450981,-0.007843137254901933,144.07974788718957,True,family,Normalised SCP,scaffold_3,scaffold,random_forest
Polyesters,159,0.89937106918239,-0.0006289308176100628,121.90514327441693,True,family,Normalised SCP,scaffold_3,scaffold,random_forest
Polyvinyls,10,0.9,0.0,122.533248868596,True,family,Normalised SCP,scaffold_3,scaffold,random_forest
Polysulfones,58,0.9137931034482759,0.01379310344827589,156.23772277532976,True,family,Normalised SCP,scaffold_3,scaffold,random_forest
Polyimides,489,0.9141104294478528,0.01411042944785279,138.4894452061732,True,family,Normalised SCP,scaffold_3,scaffold,random_forest
Polyacrylics,95,0.9263157894736842,0.02631578947368418,132.97333312817477,True,family,Normalised SCP,scaffold_3,scaffold,random_forest
Polyolefins,7,1.0,0.09999999999999998,236.84241805808156,False,family,Normalised SCP,scaffold_3,scaffold,random_forest
Polyhalo-olefins,2,1.0,0.09999999999999998,314.68547023131714,False,family,Normalised SCP,scaffold_3,scaffold,random_forest
Polydienes,3,1.0,0.09999999999999998,148.04231752708526,False,family,Normalised SCP,scaffold_3,scaffold,random_forest
Polysulfides,10,1.0,0.09999999999999998,143.21948715631854,True,family,Normalised SCP,scaffold_3,scaffold,random_forest
Polyanhydrides,26,1.0,0.09999999999999998,162.81892463715363,True,family,Normalised SCP,scaffold_3,scaffold,random_forest
0,79,0.7468354430379747,-0.15316455696202536,136.55092627849183,True,similarity,SCP,scaffold_3,scaffold,hist_gbr
1,105,0.8095238095238095,-0.09047619047619049,136.55092627849177,True,similarity,SCP,scaffold_3,scaffold,hist_gbr
2,223,0.8430493273542601,-0.05695067264573994,136.55092627849174,True,similarity,SCP,scaffold_3,scaffold,hist_gbr
3,232,0.8793103448275862,-0.020689655172413834,136.55092627849174,True,similarity,SCP,scaffold_3,scaffold,hist_gbr
4,274,0.9416058394160584,0.04160583941605833,136.55092627849177,True,similarity,SCP,scaffold_3,scaffold,hist_gbr
5,523,0.9655831739961759,0.06558317399617586,136.55092627849177,True,similarity,SCP,scaffold_3,scaffold,hist_gbr
Polyolefins,7,0.42857142857142855,-0.4714285714285715,136.55092627849174,False,family,SCP,scaffold_3,scaffold,hist_gbr
Polyhalo-olefins,2,0.5,-0.4,136.55092627849177,False,family,SCP,scaffold_3,scaffold,hist_gbr
Other backbone,6,0.6666666666666666,-0.2333333333333334,136.55092627849174,False,family,SCP,scaffold_3,scaffold,hist_gbr
Polyureas,7,0.7142857142857143,-0.18571428571428572,136.55092627849177,False,family,SCP,scaffold_3,scaffold,hist_gbr
Polysiloxanes,35,0.7428571428571429,-0.15714285714285714,136.55092627849177,True,family,SCP,scaffold_3,scaffold,hist_gbr
Polycarbonates,18,0.7777777777777778,-0.12222222222222223,136.55092627849177,True,family,SCP,scaffold_3,scaffold,hist_gbr
Polystyrenes,15,0.8,-0.09999999999999998,136.55092627849174,True,family,SCP,scaffold_3,scaffold,hist_gbr
Polyimines,16,0.8125,-0.08750000000000002,136.55092627849177,True,family,SCP,scaffold_3,scaffold,hist_gbr
Polyphosphazenes,11,0.8181818181818182,-0.08181818181818179,136.55092627849174,True,family,SCP,scaffold_3,scaffold,hist_gbr
Polyphenylenes,105,0.8571428571428571,-0.04285714285714293,136.55092627849177,True,family,SCP,scaffold_3,scaffold,hist_gbr
Polysulfones,58,0.8793103448275862,-0.020689655172413834,136.55092627849177,True,family,SCP,scaffold_3,scaffold,hist_gbr
Polyamides,204,0.8823529411764706,-0.01764705882352946,136.55092627849177,True,family,SCP,scaffold_3,scaffold,hist_gbr
Polyvinyls,10,0.9,0.0,136.55092627849177,True,family,SCP,scaffold_3,scaffold,hist_gbr
Polyurethanes,42,0.9285714285714286,0.02857142857142858,136.55092627849177,True,family,SCP,scaffold_3,scaffold,hist_gbr
Polyimides,489,0.9304703476482618,0.03047034764826173,136.55092627849177,True,family,SCP,scaffold_3,scaffold,hist_gbr
Polyesters,159,0.9308176100628931,0.030817610062893075,136.5509262784918,True,family,SCP,scaffold_3,scaffold,hist_gbr
Polyethers,118,0.940677966101695,0.04067796610169494,136.5509262784918,True,family,SCP,scaffold_3,scaffold,hist_gbr
Polyacrylics,95,0.9473684210526315,0.047368421052631504,136.5509262784918,True,family,SCP,scaffold_3,scaffold,hist_gbr
Polydienes,3,1.0,0.09999999999999998,136.55092627849177,False,family,SCP,scaffold_3,scaffold,hist_gbr
Polysulfides,10,1.0,0.09999999999999998,136.55092627849177,True,family,SCP,scaffold_3,scaffold,hist_gbr
Polyanhydrides,26,1.0,0.09999999999999998,136.55092627849177,True,family,SCP,scaffold_3,scaffold,hist_gbr
5,523,0.8546845124282982,-0.045315487571701785,89.43823011386085,True,similarity,Mondrian-similarity,scaffold_3,scaffold,hist_gbr
1,105,0.8857142857142857,-0.014285714285714346,184.9289754325373,True,similarity,Mondrian-similarity,scaffold_3,scaffold,hist_gbr
4,274,0.8905109489051095,-0.00948905109489051,117.08919608735846,True,similarity,Mondrian-similarity,scaffold_3,scaffold,hist_gbr
0,79,0.9240506329113924,0.024050632911392422,261.2666037103432,True,similarity,Mondrian-similarity,scaffold_3,scaffold,hist_gbr
3,232,0.9353448275862069,0.03534482758620683,164.3197071554603,True,similarity,Mondrian-similarity,scaffold_3,scaffold,hist_gbr
2,223,0.9551569506726457,0.0551569506726457,206.96315966056136,True,similarity,Mondrian-similarity,scaffold_3,scaffold,hist_gbr
Polyhalo-olefins,2,0.5,-0.4,89.43823011386087,False,family,Mondrian-similarity,scaffold_3,scaffold,hist_gbr
Polyolefins,7,0.7142857142857143,-0.18571428571428572,231.69821790957258,False,family,Mondrian-similarity,scaffold_3,scaffold,hist_gbr
Polyphenylenes,105,0.7904761904761904,-0.10952380952380958,150.62528398796073,True,family,Mondrian-similarity,scaffold_3,scaffold,hist_gbr
Other backbone,6,0.8333333333333334,-0.06666666666666665,195.87082957992106,False,family,Mondrian-similarity,scaffold_3,scaffold,hist_gbr
Polystyrenes,15,0.8666666666666667,-0.033333333333333326,173.98727553526774,True,family,Mondrian-similarity,scaffold_3,scaffold,hist_gbr
Polyamides,204,0.8725490196078431,-0.027450980392156876,133.26925032507816,True,family,Mondrian-similarity,scaffold_3,scaffold,hist_gbr
Polyimines,16,0.875,-0.025000000000000022,185.88301960399795,True,family,Mondrian-similarity,scaffold_3,scaffold,hist_gbr
Polysulfones,58,0.8793103448275862,-0.020689655172413834,135.5515805480113,True,family,Mondrian-similarity,scaffold_3,scaffold,hist_gbr
Polyimides,489,0.8895705521472392,-0.010429447852760787,124.42073903591834,True,family,Mondrian-similarity,scaffold_3,scaffold,hist_gbr
Polyphosphazenes,11,0.9090909090909091,0.009090909090909038,173.33860993545633,True,family,Mondrian-similarity,scaffold_3,scaffold,hist_gbr
Polyesters,159,0.9119496855345912,0.011949685534591192,146.23143943812502,True,family,Mondrian-similarity,scaffold_3,scaffold,hist_gbr
Polyethers,118,0.9152542372881356,0.015254237288135575,130.4480380694606,True,family,Mondrian-similarity,scaffold_3,scaffold,hist_gbr
Polycarbonates,18,0.9444444444444444,0.0444444444444444,168.14623410431776,True,family,Mondrian-similarity,scaffold_3,scaffold,hist_gbr
Polyurethanes,42,0.9523809523809523,0.052380952380952306,157.90200584485257,True,family,Mondrian-similarity,scaffold_3,scaffold,hist_gbr
Polyacrylics,95,0.968421052631579,0.06842105263157894,177.17158884036064,True,family,Mondrian-similarity,scaffold_3,scaffold,hist_gbr
Polysiloxanes,35,0.9714285714285714,0.0714285714285714,160.40694854967606,True,family,Mondrian-similarity,scaffold_3,scaffold,hist_gbr
Polyureas,7,1.0,0.09999999999999998,190.97628140324323,False,family,Mondrian-similarity,scaffold_3,scaffold,hist_gbr
Polysulfides,10,1.0,0.09999999999999998,165.2379171232387,True,family,Mondrian-similarity,scaffold_3,scaffold,hist_gbr
Polydienes,3,1.0,0.09999999999999998,203.50509543278022,False,family,Mondrian-similarity,scaffold_3,scaffold,hist_gbr
Polyanhydrides,26,1.0,0.09999999999999998,192.17300630447,True,family,Mondrian-similarity,scaffold_3,scaffold,hist_gbr
Polyvinyls,10,1.0,0.09999999999999998,167.42742383708008,True,family,Mondrian-similarity,scaffold_3,scaffold,hist_gbr
0,79,0.7468354430379747,-0.15316455696202536,147.5261624512279,True,similarity,Mondrian-family,scaffold_3,scaffold,hist_gbr
1,105,0.8,-0.09999999999999998,142.1434081463396,True,similarity,Mondrian-family,scaffold_3,scaffold,hist_gbr
3,232,0.8491379310344828,-0.05086206896551726,131.23544228445977,True,similarity,Mondrian-family,scaffold_3,scaffold,hist_gbr
2,223,0.8654708520179372,-0.03452914798206286,135.3317478278246,True,similarity,Mondrian-family,scaffold_3,scaffold,hist_gbr
4,274,0.9233576642335767,0.023357664233576658,131.17626150037603,True,similarity,Mondrian-family,scaffold_3,scaffold,hist_gbr
5,523,0.9521988527724665,0.0521988527724665,128.9696617734238,True,similarity,Mondrian-family,scaffold_3,scaffold,hist_gbr
Polyhalo-olefins,2,0.5,-0.4,136.55092627849177,False,family,Mondrian-family,scaffold_3,scaffold,hist_gbr
Other backbone,6,0.6666666666666666,-0.2333333333333334,136.55092627849174,False,family,Mondrian-family,scaffold_3,scaffold,hist_gbr
Polyureas,7,0.7142857142857143,-0.18571428571428572,136.55092627849177,False,family,Mondrian-family,scaffold_3,scaffold,hist_gbr
Polystyrenes,15,0.8,-0.09999999999999998,159.0676981266068,True,family,Mondrian-family,scaffold_3,scaffold,hist_gbr
Polyimines,16,0.8125,-0.08750000000000002,136.55092627849177,True,family,Mondrian-family,scaffold_3,scaffold,hist_gbr
Polyphosphazenes,11,0.8181818181818182,-0.08181818181818179,142.4959903601074,True,family,Mondrian-family,scaffold_3,scaffold,hist_gbr
Polyamides,204,0.8235294117647058,-0.07647058823529418,115.635205853019,True,family,Mondrian-family,scaffold_3,scaffold,hist_gbr
Polyethers,118,0.8559322033898306,-0.04406779661016946,107.67282490633741,True,family,Mondrian-family,scaffold_3,scaffold,hist_gbr
Polyolefins,7,0.8571428571428571,-0.04285714285714293,223.52847355543622,False,family,Mondrian-family,scaffold_3,scaffold,hist_gbr
Polysulfones,58,0.8620689655172413,-0.037931034482758696,116.54074304662754,True,family,Mondrian-family,scaffold_3,scaffold,hist_gbr
Polysiloxanes,35,0.8857142857142857,-0.014285714285714346,158.49516010984638,True,family,Mondrian-family,scaffold_3,scaffold,hist_gbr
Polycarbonates,18,0.8888888888888888,-0.011111111111111183,164.31970715546035,True,family,Mondrian-family,scaffold_3,scaffold,hist_gbr
Polyesters,159,0.9119496855345912,0.011949685534591192,132.7803428866678,True,family,Mondrian-family,scaffold_3,scaffold,hist_gbr
Polyimides,489,0.9120654396728016,0.012065439672801603,127.15843731987636,True,family,Mondrian-family,scaffold_3,scaffold,hist_gbr
Polyphenylenes,105,0.9238095238095239,0.023809523809523836,187.1714905450093,True,family,Mondrian-family,scaffold_3,scaffold,hist_gbr
Polyurethanes,42,0.9285714285714286,0.02857142857142858,141.1327571860901,True,family,Mondrian-family,scaffold_3,scaffold,hist_gbr
Polyacrylics,95,0.968421052631579,0.06842105263157894,140.3683199181839,True,family,Mondrian-family,scaffold_3,scaffold,hist_gbr
Polysulfides,10,1.0,0.09999999999999998,136.55092627849177,True,family,Mondrian-family,scaffold_3,scaffold,hist_gbr
Polydienes,3,1.0,0.09999999999999998,136.55092627849177,False,family,Mondrian-family,scaffold_3,scaffold,hist_gbr
Polyanhydrides,26,1.0,0.09999999999999998,136.55092627849177,True,family,Mondrian-family,scaffold_3,scaffold,hist_gbr
Polyvinyls,10,1.0,0.09999999999999998,175.43734709931982,True,family,Mondrian-family,scaffold_3,scaffold,hist_gbr
1,105,0.7523809523809524,-0.14761904761904765,131.21458934777974,True,similarity,Normalised SCP,scaffold_3,scaffold,hist_gbr
0,79,0.759493670886076,-0.14050632911392402,153.55915784170546,True,similarity,Normalised SCP,scaffold_3,scaffold,hist_gbr
2,223,0.8340807174887892,-0.06591928251121082,121.66358035152548,True,similarity,Normalised SCP,scaffold_3,scaffold,hist_gbr
3,232,0.8405172413793104,-0.059482758620689635,125.10989673865079,True,similarity,Normalised SCP,scaffold_3,scaffold,hist_gbr
4,274,0.9087591240875912,0.008759124087591164,120.9832498595407,True,similarity,Normalised SCP,scaffold_3,scaffold,hist_gbr
5,523,0.9235181644359465,0.023518164435946454,116.53294353049654,True,similarity,Normalised SCP,scaffold_3,scaffold,hist_gbr
Polyolefins,7,0.5714285714285714,-0.3285714285714286,185.32964226993633,False,family,Normalised SCP,scaffold_3,scaffold,hist_gbr
Polycarbonates,18,0.6111111111111112,-0.28888888888888886,115.43155118214544,True,family,Normalised SCP,scaffold_3,scaffold,hist_gbr
Polysiloxanes,35,0.7142857142857143,-0.18571428571428572,116.61725368516895,True,family,Normalised SCP,scaffold_3,scaffold,hist_gbr
Polyureas,7,0.7142857142857143,-0.18571428571428572,163.13184791175013,False,family,Normalised SCP,scaffold_3,scaffold,hist_gbr
Polyimines,16,0.75,-0.15000000000000002,126.39493379685425,True,family,Normalised SCP,scaffold_3,scaffold,hist_gbr
Polyphenylenes,105,0.780952380952381,-0.11904761904761907,126.54636459566949,True,family,Normalised SCP,scaffold_3,scaffold,hist_gbr
Polystyrenes,15,0.8,-0.09999999999999998,123.22719354959288,True,family,Normalised SCP,scaffold_3,scaffold,hist_gbr
Polyphosphazenes,11,0.8181818181818182,-0.08181818181818179,114.48217680023977,True,family,Normalised SCP,scaffold_3,scaffold,hist_gbr
Other backbone,6,0.8333333333333334,-0.06666666666666665,165.38871185282846,False,family,Normalised SCP,scaffold_3,scaffold,hist_gbr
Polyethers,118,0.847457627118644,-0.05254237288135599,110.74812532936132,True,family,Normalised SCP,scaffold_3,scaffold,hist_gbr
Polyesters,159,0.8679245283018868,-0.0320754716981132,102.9780667229898,True,family,Normalised SCP,scaffold_3,scaffold,hist_gbr
Polyamides,204,0.8725490196078431,-0.027450980392156876,124.19682340161457,True,family,Normalised SCP,scaffold_3,scaffold,hist_gbr
Polyurethanes,42,0.8809523809523809,-0.01904761904761909,111.700352315414,True,family,Normalised SCP,scaffold_3,scaffold,hist_gbr
Polysulfones,58,0.896551724137931,-0.0034482758620689724,136.42941278613398,True,family,Normalised SCP,scaffold_3,scaffold,hist_gbr
Polyvinyls,10,0.9,0.0,110.5794005688656,True,family,Normalised SCP,scaffold_3,scaffold,hist_gbr
Polyimides,489,0.9100204498977505,0.010020449897750527,129.4301586100527,True,family,Normalised SCP,scaffold_3,scaffold,hist_gbr
Polyacrylics,95,0.9157894736842105,0.015789473684210464,115.38495926536635,True,family,Normalised SCP,scaffold_3,scaffold,hist_gbr
Polyhalo-olefins,2,1.0,0.09999999999999998,279.40758588574766,False,family,Normalised SCP,scaffold_3,scaffold,hist_gbr
Polydienes,3,1.0,0.09999999999999998,118.08611375091738,False,family,Normalised SCP,scaffold_3,scaffold,hist_gbr
Polysulfides,10,1.0,0.09999999999999998,102.21585137694504,True,family,Normalised SCP,scaffold_3,scaffold,hist_gbr
Polyanhydrides,26,1.0,0.09999999999999998,133.72220512085931,True,family,Normalised SCP,scaffold_3,scaffold,hist_gbr
0,79,0.6455696202531646,-0.25443037974683547,130.56799999999993,True,similarity,SCP,scaffold_3,scaffold,extra_trees
1,105,0.7428571428571429,-0.15714285714285714,130.56799999999998,True,similarity,SCP,scaffold_3,scaffold,extra_trees
2,223,0.8385650224215246,-0.06143497757847538,130.56799999999996,True,similarity,SCP,scaffold_3,scaffold,extra_trees
3,232,0.8577586206896551,-0.042241379310344884,130.56799999999998,True,similarity,SCP,scaffold_3,scaffold,extra_trees
4,274,0.9124087591240876,0.012408759124087565,130.56799999999998,True,similarity,SCP,scaffold_3,scaffold,extra_trees
5,523,0.9388145315487572,0.038814531548757136,130.56799999999996,True,similarity,SCP,scaffold_3,scaffold,extra_trees
Polyolefins,7,0.42857142857142855,-0.4714285714285715,130.56799999999998,False,family,SCP,scaffold_3,scaffold,extra_trees
Polyhalo-olefins,2,0.5,-0.4,130.56799999999998,False,family,SCP,scaffold_3,scaffold,extra_trees
Polysiloxanes,35,0.6,-0.30000000000000004,130.568,True,family,SCP,scaffold_3,scaffold,extra_trees
Other backbone,6,0.6666666666666666,-0.2333333333333334,130.56799999999998,False,family,SCP,scaffold_3,scaffold,extra_trees
Polyimines,16,0.6875,-0.21250000000000002,130.56799999999998,True,family,SCP,scaffold_3,scaffold,extra_trees
Polyureas,7,0.7142857142857143,-0.18571428571428572,130.56799999999998,False,family,SCP,scaffold_3,scaffold,extra_trees
Polycarbonates,18,0.7222222222222222,-0.1777777777777778,130.568,True,family,SCP,scaffold_3,scaffold,extra_trees
Polyurethanes,42,0.7857142857142857,-0.11428571428571432,130.56799999999998,True,family,SCP,scaffold_3,scaffold,extra_trees
Polystyrenes,15,0.8,-0.09999999999999998,130.56799999999998,True,family,SCP,scaffold_3,scaffold,extra_trees
Polyphenylenes,105,0.8095238095238095,-0.09047619047619049,130.56799999999998,True,family,SCP,scaffold_3,scaffold,extra_trees
Polysulfones,58,0.8275862068965517,-0.07241379310344831,130.56799999999998,True,family,SCP,scaffold_3,scaffold,extra_trees
Polyamides,204,0.8725490196078431,-0.027450980392156876,130.56799999999998,True,family,SCP,scaffold_3,scaffold,extra_trees
Polyimides,489,0.8977505112474438,-0.0022494887525562612,130.56799999999998,True,family,SCP,scaffold_3,scaffold,extra_trees
Polyethers,118,0.8983050847457628,-0.0016949152542372614,130.56799999999996,True,family,SCP,scaffold_3,scaffold,extra_trees
Polyphosphazenes,11,0.9090909090909091,0.009090909090909038,130.56799999999998,True,family,SCP,scaffold_3,scaffold,extra_trees
Polyesters,159,0.9245283018867925,0.024528301886792447,130.56799999999996,True,family,SCP,scaffold_3,scaffold,extra_trees
Polyacrylics,95,0.9578947368421052,0.05789473684210522,130.56799999999993,True,family,SCP,scaffold_3,scaffold,extra_trees
Polysulfides,10,1.0,0.09999999999999998,130.56799999999998,True,family,SCP,scaffold_3,scaffold,extra_trees
Polydienes,3,1.0,0.09999999999999998,130.56799999999998,False,family,SCP,scaffold_3,scaffold,extra_trees
Polyanhydrides,26,1.0,0.09999999999999998,130.568,True,family,SCP,scaffold_3,scaffold,extra_trees
Polyvinyls,10,1.0,0.09999999999999998,130.56799999999998,True,family,SCP,scaffold_3,scaffold,extra_trees
5,523,0.8508604206500956,-0.04913957934990443,89.65280000000004,True,similarity,Mondrian-similarity,scaffold_3,scaffold,extra_trees
0,79,0.8987341772151899,-0.0012658227848101333,231.56680000000014,True,similarity,Mondrian-similarity,scaffold_3,scaffold,extra_trees
1,105,0.9142857142857143,0.014285714285714235,205.34511999999992,True,similarity,Mondrian-similarity,scaffold_3,scaffold,extra_trees
4,274,0.916058394160584,0.016058394160583966,131.27519999999993,True,similarity,Mondrian-similarity,scaffold_3,scaffold,extra_trees
3,232,0.9181034482758621,0.018103448275862077,170.22558000000006,True,similarity,Mondrian-similarity,scaffold_3,scaffold,extra_trees
2,223,0.9461883408071748,0.04618834080717482,202.58480000000048,True,similarity,Mondrian-similarity,scaffold_3,scaffold,extra_trees
Polyhalo-olefins,2,0.5,-0.4,89.65280000000001,False,family,Mondrian-similarity,scaffold_3,scaffold,extra_trees
Polyolefins,7,0.5714285714285714,-0.3285714285714286,219.93460571428582,False,family,Mondrian-similarity,scaffold_3,scaffold,extra_trees
Polyphenylenes,105,0.8095238095238095,-0.09047619047619049,149.93346228571434,True,family,Mondrian-similarity,scaffold_3,scaffold,extra_trees
Polyimines,16,0.8125,-0.08750000000000002,182.03222875,True,family,Mondrian-similarity,scaffold_3,scaffold,extra_trees
Other backbone,6,0.8333333333333334,-0.06666666666666665,189.57412666666676,False,family,Mondrian-similarity,scaffold_3,scaffold,extra_trees
Polysulfones,58,0.8448275862068966,-0.05517241379310345,139.23140172413798,True,family,Mondrian-similarity,scaffold_3,scaffold,extra_trees
Polystyrenes,15,0.8666666666666667,-0.033333333333333326,180.02067066666677,True,family,Mondrian-similarity,scaffold_3,scaffold,extra_trees
Polyamides,204,0.8774509803921569,-0.022549019607843168,135.99626196078438,True,family,Mondrian-similarity,scaffold_3,scaffold,extra_trees
Polycarbonates,18,0.8888888888888888,-0.011111111111111183,173.21871666666684,True,family,Mondrian-similarity,scaffold_3,scaffold,extra_trees
Polyimides,489,0.8957055214723927,-0.004294478527607337,128.1706149693252,True,family,Mondrian-similarity,scaffold_3,scaffold,extra_trees
Polyurethanes,42,0.9047619047619048,0.004761904761904745,161.58650095238104,True,family,Mondrian-similarity,scaffold_3,scaffold,extra_trees
Polyphosphazenes,11,0.9090909090909091,0.009090909090909038,176.59795454545468,True,family,Mondrian-similarity,scaffold_3,scaffold,extra_trees
Polysiloxanes,35,0.9142857142857143,0.014285714285714235,168.63580000000005,True,family,Mondrian-similarity,scaffold_3,scaffold,extra_trees
Polyethers,118,0.9152542372881356,0.015254237288135575,132.717942881356,True,family,Mondrian-similarity,scaffold_3,scaffold,extra_trees
Polyesters,159,0.9245283018867925,0.024528301886792447,151.16085018867935,True,family,Mondrian-similarity,scaffold_3,scaffold,extra_trees
Polyacrylics,95,0.9789473684210527,0.07894736842105265,179.07438736842124,True,family,Mondrian-similarity,scaffold_3,scaffold,extra_trees
Polyureas,7,1.0,0.09999999999999998,192.792045714286,False,family,Mondrian-similarity,scaffold_3,scaffold,extra_trees
Polysulfides,10,1.0,0.09999999999999998,165.74531000000025,True,family,Mondrian-similarity,scaffold_3,scaffold,extra_trees
Polydienes,3,1.0,0.09999999999999998,202.3791666666667,False,family,Mondrian-similarity,scaffold_3,scaffold,extra_trees
Polyanhydrides,26,1.0,0.09999999999999998,189.07248153846174,True,family,Mondrian-similarity,scaffold_3,scaffold,extra_trees
Polyvinyls,10,1.0,0.09999999999999998,168.857852,True,family,Mondrian-similarity,scaffold_3,scaffold,extra_trees
0,79,0.6835443037974683,-0.2164556962025317,146.54709873417718,True,similarity,Mondrian-family,scaffold_3,scaffold,extra_trees
1,105,0.7904761904761904,-0.10952380952380958,144.22047161904763,True,similarity,Mondrian-family,scaffold_3,scaffold,extra_trees
2,223,0.852017937219731,-0.047982062780269064,136.51523668161434,True,similarity,Mondrian-family,scaffold_3,scaffold,extra_trees
3,232,0.8577586206896551,-0.042241379310344884,134.4748318103448,True,similarity,Mondrian-family,scaffold_3,scaffold,extra_trees
4,274,0.8978102189781022,-0.0021897810218978186,130.9660768613139,True,similarity,Mondrian-family,scaffold_3,scaffold,extra_trees
5,523,0.9464627151051626,0.04646271510516253,130.3772703632887,True,similarity,Mondrian-family,scaffold_3,scaffold,extra_trees
Polyhalo-olefins,2,0.5,-0.4,130.56799999999998,False,family,Mondrian-family,scaffold_3,scaffold,extra_trees
Polyolefins,7,0.5714285714285714,-0.3285714285714286,230.16959999999997,False,family,Mondrian-family,scaffold_3,scaffold,extra_trees
Other backbone,6,0.6666666666666666,-0.2333333333333334,130.56799999999998,False,family,Mondrian-family,scaffold_3,scaffold,extra_trees
Polyimines,16,0.6875,-0.21250000000000002,130.56799999999998,True,family,Mondrian-family,scaffold_3,scaffold,extra_trees
Polyureas,7,0.7142857142857143,-0.18571428571428572,130.56799999999998,False,family,Mondrian-family,scaffold_3,scaffold,extra_trees
Polystyrenes,15,0.8,-0.09999999999999998,124.00379999999998,True,family,Mondrian-family,scaffold_3,scaffold,extra_trees
Polysulfones,58,0.8275862068965517,-0.07241379310344831,130.56799999999998,True,family,Mondrian-family,scaffold_3,scaffold,extra_trees
Polysiloxanes,35,0.8285714285714286,-0.0714285714285714,187.80354,True,family,Mondrian-family,scaffold_3,scaffold,extra_trees
Polycarbonates,18,0.8333333333333334,-0.06666666666666665,160.33620000000008,True,family,Mondrian-family,scaffold_3,scaffold,extra_trees
Polyamides,204,0.8382352941176471,-0.061764705882352944,120.9535999999997,True,family,Mondrian-family,scaffold_3,scaffold,extra_trees
Polyurethanes,42,0.8809523809523809,-0.01904761904761909,170.26756,True,family,Mondrian-family,scaffold_3,scaffold,extra_trees
Polyethers,118,0.8813559322033898,-0.01864406779661021,110.8132999999999,True,family,Mondrian-family,scaffold_3,scaffold,extra_trees
Polyimides,489,0.8875255623721882,-0.012474437627811863,125.99,True,family,Mondrian-family,scaffold_3,scaffold,extra_trees
Polyphenylenes,105,0.9047619047619048,0.004761904761904745,185.62920000000003,True,family,Mondrian-family,scaffold_3,scaffold,extra_trees
Polyphosphazenes,11,0.9090909090909091,0.009090909090909038,112.1428,True,family,Mondrian-family,scaffold_3,scaffold,extra_trees
Polyesters,159,0.9182389937106918,0.01823899371069182,126.39948000000022,True,family,Mondrian-family,scaffold_3,scaffold,extra_trees
Polyacrylics,95,0.968421052631579,0.06842105263157894,147.49092,True,family,Mondrian-family,scaffold_3,scaffold,extra_trees
Polysulfides,10,1.0,0.09999999999999998,130.56799999999998,True,family,Mondrian-family,scaffold_3,scaffold,extra_trees
Polydienes,3,1.0,0.09999999999999998,130.56799999999998,False,family,Mondrian-family,scaffold_3,scaffold,extra_trees
Polyanhydrides,26,1.0,0.09999999999999998,130.568,True,family,Mondrian-family,scaffold_3,scaffold,extra_trees
Polyvinyls,10,1.0,0.09999999999999998,144.56799999999998,True,family,Mondrian-family,scaffold_3,scaffold,extra_trees
0,79,0.7468354430379747,-0.15316455696202536,164.24406652231588,True,similarity,Normalised SCP,scaffold_3,scaffold,extra_trees
1,105,0.7904761904761904,-0.10952380952380958,146.58495916374633,True,similarity,Normalised SCP,scaffold_3,scaffold,extra_trees
2,223,0.8161434977578476,-0.08385650224215246,129.63012254338716,True,similarity,Normalised SCP,scaffold_3,scaffold,extra_trees
3,232,0.8318965517241379,-0.06810344827586212,138.94849565574964,True,similarity,Normalised SCP,scaffold_3,scaffold,extra_trees
4,274,0.9014598540145985,0.0014598540145984717,135.51384324832264,True,similarity,Normalised SCP,scaffold_3,scaffold,extra_trees
5,523,0.9330783938814532,0.03307839388145317,122.99990976707852,True,similarity,Normalised SCP,scaffold_3,scaffold,extra_trees
Polyolefins,7,0.5714285714285714,-0.3285714285714286,226.40116465699938,False,family,Normalised SCP,scaffold_3,scaffold,extra_trees
Polysiloxanes,35,0.6571428571428571,-0.24285714285714288,134.67791580192514,True,family,Normalised SCP,scaffold_3,scaffold,extra_trees
Polyurethanes,42,0.6666666666666666,-0.2333333333333334,107.67012434078255,True,family,Normalised SCP,scaffold_3,scaffold,extra_trees
Polyimines,16,0.6875,-0.21250000000000002,126.56858130466836,True,family,Normalised SCP,scaffold_3,scaffold,extra_trees
Polycarbonates,18,0.7222222222222222,-0.1777777777777778,132.71729634361262,True,family,Normalised SCP,scaffold_3,scaffold,extra_trees
Polystyrenes,15,0.8,-0.09999999999999998,141.58725903421666,True,family,Normalised SCP,scaffold_3,scaffold,extra_trees
Other backbone,6,0.8333333333333334,-0.06666666666666665,213.60513203794395,False,family,Normalised SCP,scaffold_3,scaffold,extra_trees
Polyacrylics,95,0.8421052631578947,-0.05789473684210533,123.06219845893538,True,family,Normalised SCP,scaffold_3,scaffold,extra_trees
Polyphenylenes,105,0.8476190476190476,-0.05238095238095242,148.3144536226073,True,family,Normalised SCP,scaffold_3,scaffold,extra_trees
Polyureas,7,0.8571428571428571,-0.04285714285714293,164.62460835238593,False,family,Normalised SCP,scaffold_3,scaffold,extra_trees
Polysulfones,58,0.8620689655172413,-0.037931034482758696,136.81393435591414,True,family,Normalised SCP,scaffold_3,scaffold,extra_trees
Polyamides,204,0.8725490196078431,-0.027450980392156876,135.41075071416657,True,family,Normalised SCP,scaffold_3,scaffold,extra_trees
Polyethers,118,0.8898305084745762,-0.01016949152542379,123.93062621565194,True,family,Normalised SCP,scaffold_3,scaffold,extra_trees
Polyesters,159,0.89937106918239,-0.0006289308176100628,126.29363068774121,True,family,Normalised SCP,scaffold_3,scaffold,extra_trees
Polyimides,489,0.9079754601226994,0.00797546012269934,132.76303840273792,True,family,Normalised SCP,scaffold_3,scaffold,extra_trees
Polyphosphazenes,11,0.9090909090909091,0.009090909090909038,134.66664871849704,True,family,Normalised SCP,scaffold_3,scaffold,extra_trees
Polyhalo-olefins,2,1.0,0.09999999999999998,246.2535886660947,False,family,Normalised SCP,scaffold_3,scaffold,extra_trees
Polysulfides,10,1.0,0.09999999999999998,116.43826227395132,True,family,Normalised SCP,scaffold_3,scaffold,extra_trees
Polydienes,3,1.0,0.09999999999999998,152.3125441996597,False,family,Normalised SCP,scaffold_3,scaffold,extra_trees
Polyanhydrides,26,1.0,0.09999999999999998,149.5070063001071,True,family,Normalised SCP,scaffold_3,scaffold,extra_trees
Polyvinyls,10,1.0,0.09999999999999998,124.66176393222572,True,family,Normalised SCP,scaffold_3,scaffold,extra_trees
5,511,0.8571428571428571,-0.04285714285714293,374.0,True,similarity,SCP,scaffold_4,scaffold,median
4,288,0.8888888888888888,-0.011111111111111183,374.0,True,similarity,SCP,scaffold_4,scaffold,median
3,284,0.9049295774647887,0.004929577464788726,374.0,True,similarity,SCP,scaffold_4,scaffold,median
1,90,0.9555555555555556,0.05555555555555558,374.0,True,similarity,SCP,scaffold_4,scaffold,median
2,221,0.9638009049773756,0.06380090497737556,374.0,True,similarity,SCP,scaffold_4,scaffold,median
0,44,0.9772727272727273,0.07727272727272727,374.0,True,similarity,SCP,scaffold_4,scaffold,median
Polyolefins,10,0.7,-0.20000000000000007,374.0,True,family,SCP,scaffold_4,scaffold,median
Polydienes,6,0.8333333333333334,-0.06666666666666665,374.0,False,family,SCP,scaffold_4,scaffold,median
Polysulfides,6,0.8333333333333334,-0.06666666666666665,374.0,False,family,SCP,scaffold_4,scaffold,median
Polyimides,536,0.8395522388059702,-0.060447761194029836,374.0,True,family,SCP,scaffold_4,scaffold,median
Polyphenylenes,88,0.8409090909090909,-0.05909090909090908,374.0,True,family,SCP,scaffold_4,scaffold,median
Polyethers,178,0.8932584269662921,-0.006741573033707926,374.0,True,family,SCP,scaffold_4,scaffold,median
Polysulfones,49,0.9183673469387755,0.01836734693877551,374.0,True,family,SCP,scaffold_4,scaffold,median
Polyamides,158,0.9367088607594937,0.036708860759493644,374.0,True,family,SCP,scaffold_4,scaffold,median
Polyesters,139,0.9568345323741008,0.056834532374100744,374.0,True,family,SCP,scaffold_4,scaffold,median
Polysiloxanes,31,0.967741935483871,0.06774193548387097,374.0,True,family,SCP,scaffold_4,scaffold,median
Other backbone,3,1.0,0.09999999999999998,374.0,False,family,SCP,scaffold_4,scaffold,median
Polyurethanes,32,1.0,0.09999999999999998,374.0,True,family,SCP,scaffold_4,scaffold,median
Polyvinyls,5,1.0,0.09999999999999998,374.0,False,family,SCP,scaffold_4,scaffold,median
Polystyrenes,11,1.0,0.09999999999999998,374.0,True,family,SCP,scaffold_4,scaffold,median
Polyacrylics,92,1.0,0.09999999999999998,374.0,True,family,SCP,scaffold_4,scaffold,median
Polyanhydrides,33,1.0,0.09999999999999998,374.0,True,family,SCP,scaffold_4,scaffold,median
Polyphosphazenes,11,1.0,0.09999999999999998,374.0,True,family,SCP,scaffold_4,scaffold,median
Polycarbonates,29,1.0,0.09999999999999998,374.0,True,family,SCP,scaffold_4,scaffold,median
Polyureas,11,1.0,0.09999999999999998,374.0,True,family,SCP,scaffold_4,scaffold,median
Polyimines,10,1.0,0.09999999999999998,374.0,True,family,SCP,scaffold_4,scaffold,median
5,511,0.863013698630137,-0.03698630136986303,378.0,True,similarity,Mondrian-similarity,scaffold_4,scaffold,median
2,221,0.8733031674208145,-0.026696832579185537,304.5,True,similarity,Mondrian-similarity,scaffold_4,scaffold,median
4,288,0.9027777777777778,0.002777777777777768,388.0,True,similarity,Mondrian-similarity,scaffold_4,scaffold,median
3,284,0.9049295774647887,0.004929577464788726,382.0,True,similarity,Mondrian-similarity,scaffold_4,scaffold,median
1,90,0.9555555555555556,0.05555555555555558,372.0,True,similarity,Mondrian-similarity,scaffold_4,scaffold,median
0,44,1.0,0.09999999999999998,382.0,True,similarity,Mondrian-similarity,scaffold_4,scaffold,median
Polyolefins,10,0.8,-0.09999999999999998,372.45,True,family,Mondrian-similarity,scaffold_4,scaffold,median
Polyphenylenes,88,0.8181818181818182,-0.08181818181818179,360.21590909090907,True,family,Mondrian-similarity,scaffold_4,scaffold,median
Polyphosphazenes,11,0.8181818181818182,-0.08181818181818179,345.6818181818182,True,family,Mondrian-similarity,scaffold_4,scaffold,median
Polyimides,536,0.8302238805970149,-0.06977611940298512,374.64925373134326,True,family,Mondrian-similarity,scaffold_4,scaffold,median
Polysulfides,6,0.8333333333333334,-0.06666666666666665,340.25,False,family,Mondrian-similarity,scaffold_4,scaffold,median
Polyethers,178,0.8932584269662921,-0.006741573033707926,370.5842696629214,True,family,Mondrian-similarity,scaffold_4,scaffold,median
Polysulfones,49,0.8979591836734694,-0.0020408163265306367,368.44897959183675,True,family,Mondrian-similarity,scaffold_4,scaffold,median
Polyureas,11,0.9090909090909091,0.009090909090909038,367.0,True,family,Mondrian-similarity,scaffold_4,scaffold,median
Polyesters,139,0.920863309352518,0.02086330935251801,364.12589928057554,True,family,Mondrian-similarity,scaffold_4,scaffold,median
Polyamides,158,0.9493670886075949,0.04936708860759487,369.3132911392405,True,family,Mondrian-similarity,scaffold_4,scaffold,median
Polysiloxanes,31,0.967741935483871,0.06774193548387097,369.5,True,family,Mondrian-similarity,scaffold_4,scaffold,median
Other backbone,3,1.0,0.09999999999999998,384.0,False,family,Mondrian-similarity,scaffold_4,scaffold,median
Polyvinyls,5,1.0,0.09999999999999998,382.4,False,family,Mondrian-similarity,scaffold_4,scaffold,median
Polyurethanes,32,1.0,0.09999999999999998,372.625,True,family,Mondrian-similarity,scaffold_4,scaffold,median
Polydienes,6,1.0,0.09999999999999998,330.3333333333333,False,family,Mondrian-similarity,scaffold_4,scaffold,median
Polyacrylics,92,1.0,0.09999999999999998,368.67934782608694,True,family,Mondrian-similarity,scaffold_4,scaffold,median
Polycarbonates,29,1.0,0.09999999999999998,357.5344827586207,True,family,Mondrian-similarity,scaffold_4,scaffold,median
Polystyrenes,11,1.0,0.09999999999999998,347.3181818181818,True,family,Mondrian-similarity,scaffold_4,scaffold,median
Polyanhydrides,33,1.0,0.09999999999999998,348.8787878787879,True,family,Mondrian-similarity,scaffold_4,scaffold,median
Polyimines,10,1.0,0.09999999999999998,382.8,True,family,Mondrian-similarity,scaffold_4,scaffold,median
4,288,0.8923611111111112,-0.007638888888888862,385.6222222222222,True,similarity,Mondrian-family,scaffold_4,scaffold,median
5,511,0.9021526418786693,0.002152641878669259,404.8688845401174,True,similarity,Mondrian-family,scaffold_4,scaffold,median
3,284,0.926056338028169,0.02605633802816898,375.0323943661972,True,similarity,Mondrian-family,scaffold_4,scaffold,median
1,90,0.9444444444444444,0.0444444444444444,401.7733333333333,True,similarity,Mondrian-family,scaffold_4,scaffold,median
2,221,0.9457013574660633,0.0457013574660633,378.0452488687783,True,similarity,Mondrian-family,scaffold_4,scaffold,median
0,44,0.9772727272727273,0.07727272727272727,387.09090909090907,True,similarity,Mondrian-family,scaffold_4,scaffold,median
Polyolefins,10,0.7,-0.20000000000000007,374.0,True,family,Mondrian-family,scaffold_4,scaffold,median
Polydienes,6,0.8333333333333334,-0.06666666666666665,374.0,False,family,Mondrian-family,scaffold_4,scaffold,median
Polysulfides,6,0.8333333333333334,-0.06666666666666665,374.0,False,family,Mondrian-family,scaffold_4,scaffold,median
Polyamides,158,0.8607594936708861,-0.03924050632911391,332.0,True,family,Mondrian-family,scaffold_4,scaffold,median
Polyesters,139,0.8920863309352518,-0.007913669064748219,318.0,True,family,Mondrian-family,scaffold_4,scaffold,median
Polyethers,178,0.8932584269662921,-0.006741573033707926,376.0,True,family,Mondrian-family,scaffold_4,scaffold,median
Polycarbonates,29,0.896551724137931,-0.0034482758620689724,286.0,True,family,Mondrian-family,scaffold_4,scaffold,median
Polysulfones,49,0.8979591836734694,-0.0020408163265306367,358.0,True,family,Mondrian-family,scaffold_4,scaffold,median
Polyimides,536,0.9104477611940298,0.010447761194029792,444.0,True,family,Mondrian-family,scaffold_4,scaffold,median
Polyphenylenes,88,0.9659090909090909,0.06590909090909092,538.0,True,family,Mondrian-family,scaffold_4,scaffold,median
Polyacrylics,92,1.0,0.09999999999999998,264.0,True,family,Mondrian-family,scaffold_4,scaffold,median
Other backbone,3,1.0,0.09999999999999998,374.0,False,family,Mondrian-family,scaffold_4,scaffold,median
Polyvinyls,5,1.0,0.09999999999999998,361.6,False,family,Mondrian-family,scaffold_4,scaffold,median
Polyanhydrides,33,1.0,0.09999999999999998,374.0,True,family,Mondrian-family,scaffold_4,scaffold,median
Polystyrenes,11,1.0,0.09999999999999998,286.0,True,family,Mondrian-family,scaffold_4,scaffold,median
Polyurethanes,32,1.0,0.09999999999999998,294.0,True,family,Mondrian-family,scaffold_4,scaffold,median
Polyphosphazenes,11,1.0,0.09999999999999998,374.0,True,family,Mondrian-family,scaffold_4,scaffold,median
Polyureas,11,1.0,0.09999999999999998,374.0,True,family,Mondrian-family,scaffold_4,scaffold,median
Polysiloxanes,31,1.0,0.09999999999999998,456.0,True,family,Mondrian-family,scaffold_4,scaffold,median
Polyimines,10,1.0,0.09999999999999998,374.0,True,family,Mondrian-family,scaffold_4,scaffold,median
0,44,0.7954545454545454,-0.10454545454545461,227.04293160082835,True,similarity,Normalised SCP,scaffold_4,scaffold,median
1,90,0.8222222222222222,-0.07777777777777783,241.2471014801203,True,similarity,Normalised SCP,scaffold_4,scaffold,median
2,221,0.8416289592760181,-0.058371040723981915,255.7901457036768,True,similarity,Normalised SCP,scaffold_4,scaffold,median
3,284,0.8732394366197183,-0.026760563380281766,285.34297261897615,True,similarity,Normalised SCP,scaffold_4,scaffold,median
4,288,0.8993055555555556,-0.000694444444444442,326.55340166624643,True,similarity,Normalised SCP,scaffold_4,scaffold,median
5,511,0.9001956947162426,0.00019569471624258927,390.14937947476847,True,similarity,Normalised SCP,scaffold_4,scaffold,median
Polydienes,6,0.5,-0.4,205.57795211568143,False,family,Normalised SCP,scaffold_4,scaffold,median
Polyolefins,10,0.6,-0.30000000000000004,271.5609857102487,True,family,Normalised SCP,scaffold_4,scaffold,median
Polyphosphazenes,11,0.6363636363636364,-0.26363636363636367,320.87826481831615,True,family,Normalised SCP,scaffold_4,scaffold,median
Polyureas,11,0.6363636363636364,-0.26363636363636367,301.4884338079089,True,family,Normalised SCP,scaffold_4,scaffold,median
Other backbone,3,0.6666666666666666,-0.2333333333333334,290.1751310661245,False,family,Normalised SCP,scaffold_4,scaffold,median
Polysiloxanes,31,0.6774193548387096,-0.2225806451612904,220.81228364978577,True,family,Normalised SCP,scaffold_4,scaffold,median
Polyanhydrides,33,0.7575757575757576,-0.14242424242424245,168.1227731444174,True,family,Normalised SCP,scaffold_4,scaffold,median
Polycarbonates,29,0.7931034482758621,-0.10689655172413792,225.2516815342051,True,family,Normalised SCP,scaffold_4,scaffold,median
Polyamides,158,0.810126582278481,-0.08987341772151902,265.8926404139756,True,family,Normalised SCP,scaffold_4,scaffold,median
Polyphenylenes,88,0.8181818181818182,-0.08181818181818179,330.7366728614795,True,family,Normalised SCP,scaffold_4,scaffold,median
Polyesters,139,0.8201438848920863,-0.07985611510791368,221.4984525873368,True,family,Normalised SCP,scaffold_4,scaffold,median
Polyacrylics,92,0.8260869565217391,-0.07391304347826089,187.4629957468954,True,family,Normalised SCP,scaffold_4,scaffold,median
Polysulfides,6,0.8333333333333334,-0.06666666666666665,330.0070534740503,False,family,Normalised SCP,scaffold_4,scaffold,median
Polyurethanes,32,0.84375,-0.05625000000000002,174.2824414865066,True,family,Normalised SCP,scaffold_4,scaffold,median
Polysulfones,49,0.8775510204081632,-0.022448979591836782,301.62943809320734,True,family,Normalised SCP,scaffold_4,scaffold,median
Polystyrenes,11,0.9090909090909091,0.009090909090909038,159.5617531564285,True,family,Normalised SCP,scaffold_4,scaffold,median
Polyethers,178,0.9101123595505618,0.010112359550561778,314.8827052497285,True,family,Normalised SCP,scaffold_4,scaffold,median
Polyimides,536,0.9626865671641791,0.06268656716417909,427.39915450451326,True,family,Normalised SCP,scaffold_4,scaffold,median
Polyvinyls,5,1.0,0.09999999999999998,255.65805699843366,False,family,Normalised SCP,scaffold_4,scaffold,median
Polyimines,10,1.0,0.09999999999999998,243.54936710143028,True,family,Normalised SCP,scaffold_4,scaffold,median
0,44,0.6818181818181818,-0.21818181818181825,144.29988735333765,True,similarity,SCP,scaffold_4,scaffold,svr
1,90,0.8222222222222222,-0.07777777777777783,144.29988735333765,True,similarity,SCP,scaffold_4,scaffold,svr
3,284,0.9119718309859155,0.011971830985915477,144.29988735333765,True,similarity,SCP,scaffold_4,scaffold,svr
2,221,0.918552036199095,0.018552036199094957,144.29988735333762,True,similarity,SCP,scaffold_4,scaffold,svr
4,288,0.9201388888888888,0.020138888888888817,144.29988735333765,True,similarity,SCP,scaffold_4,scaffold,svr
5,511,0.9452054794520548,0.045205479452054775,144.29988735333765,True,similarity,SCP,scaffold_4,scaffold,svr
Polyolefins,10,0.6,-0.30000000000000004,144.29988735333762,True,family,SCP,scaffold_4,scaffold,svr
Polyphosphazenes,11,0.6363636363636364,-0.26363636363636367,144.29988735333765,True,family,SCP,scaffold_4,scaffold,svr
Other backbone,3,0.6666666666666666,-0.2333333333333334,144.29988735333762,False,family,SCP,scaffold_4,scaffold,svr
Polyureas,11,0.7272727272727273,-0.17272727272727273,144.29988735333765,True,family,SCP,scaffold_4,scaffold,svr
Polyurethanes,32,0.75,-0.15000000000000002,144.29988735333762,True,family,SCP,scaffold_4,scaffold,svr
Polyanhydrides,33,0.7878787878787878,-0.11212121212121218,144.29988735333762,True,family,SCP,scaffold_4,scaffold,svr
Polysulfides,6,0.8333333333333334,-0.06666666666666665,144.29988735333765,False,family,SCP,scaffold_4,scaffold,svr
Polydienes,6,0.8333333333333334,-0.06666666666666665,144.29988735333765,False,family,SCP,scaffold_4,scaffold,svr
Polysiloxanes,31,0.8387096774193549,-0.06129032258064515,144.29988735333762,True,family,SCP,scaffold_4,scaffold,svr
Polyphenylenes,88,0.8636363636363636,-0.036363636363636376,144.29988735333765,True,family,SCP,scaffold_4,scaffold,svr
Polyacrylics,92,0.9021739130434783,0.0021739130434782483,144.29988735333768,True,family,SCP,scaffold_4,scaffold,svr
Polyesters,139,0.9064748201438849,0.006474820143884896,144.29988735333765,True,family,SCP,scaffold_4,scaffold,svr
Polyamides,158,0.9113924050632911,0.011392405063291089,144.29988735333765,True,family,SCP,scaffold_4,scaffold,svr
Polycarbonates,29,0.9310344827586207,0.03103448275862064,144.2998873533376,True,family,SCP,scaffold_4,scaffold,svr
Polysulfones,49,0.9387755102040817,0.038775510204081653,144.29988735333765,True,family,SCP,scaffold_4,scaffold,svr
Polyethers,178,0.9438202247191011,0.043820224719101075,144.29988735333765,True,family,SCP,scaffold_4,scaffold,svr
Polyimides,536,0.9496268656716418,0.04962686567164176,144.29988735333762,True,family,SCP,scaffold_4,scaffold,svr
Polyvinyls,5,1.0,0.09999999999999998,144.29988735333762,False,family,SCP,scaffold_4,scaffold,svr
Polystyrenes,11,1.0,0.09999999999999998,144.29988735333765,True,family,SCP,scaffold_4,scaffold,svr
Polyimines,10,1.0,0.09999999999999998,144.29988735333762,True,family,SCP,scaffold_4,scaffold,svr
5,511,0.8845401174168297,-0.015459882583170326,105.01178158009168,True,similarity,Mondrian-similarity,scaffold_4,scaffold,svr
4,288,0.9201388888888888,0.020138888888888817,144.64121530578063,True,similarity,Mondrian-similarity,scaffold_4,scaffold,svr
3,284,0.926056338028169,0.02605633802816898,159.31517315066193,True,similarity,Mondrian-similarity,scaffold_4,scaffold,svr
2,221,0.9547511312217195,0.054751131221719485,172.95620581661828,True,similarity,Mondrian-similarity,scaffold_4,scaffold,svr
1,90,0.9888888888888889,0.0888888888888889,310.121302612833,True,similarity,Mondrian-similarity,scaffold_4,scaffold,svr
0,44,1.0,0.09999999999999998,310.3313473876843,True,similarity,Mondrian-similarity,scaffold_4,scaffold,svr
Polyolefins,10,0.6,-0.30000000000000004,263.3927933817416,True,family,Mondrian-similarity,scaffold_4,scaffold,svr
Polyphosphazenes,11,0.8181818181818182,-0.08181818181818179,168.01795058756477,True,family,Mondrian-similarity,scaffold_4,scaffold,svr
Polysulfides,6,0.8333333333333334,-0.06666666666666665,173.16891387047852,False,family,Mondrian-similarity,scaffold_4,scaffold,svr
Polyphenylenes,88,0.8409090909090909,-0.05909090909090908,176.36786971368102,True,family,Mondrian-similarity,scaffold_4,scaffold,svr
Polysiloxanes,31,0.8709677419354839,-0.029032258064516148,161.33896610836976,True,family,Mondrian-similarity,scaffold_4,scaffold,svr
Polyamides,158,0.879746835443038,-0.020253164556962022,133.77149621891917,True,family,Mondrian-similarity,scaffold_4,scaffold,svr
Polyurethanes,32,0.90625,0.006249999999999978,168.09592543660406,True,family,Mondrian-similarity,scaffold_4,scaffold,svr
Polyureas,11,0.9090909090909091,0.009090909090909038,185.48448704763058,True,family,Mondrian-similarity,scaffold_4,scaffold,svr
Polyesters,139,0.9136690647482014,0.013669064748201398,164.76127575957787,True,family,Mondrian-similarity,scaffold_4,scaffold,svr
Polyimides,536,0.9235074626865671,0.023507462686567115,139.40320352290473,True,family,Mondrian-similarity,scaffold_4,scaffold,svr
Polysulfones,49,0.9387755102040817,0.038775510204081653,153.08938556667795,True,family,Mondrian-similarity,scaffold_4,scaffold,svr
Polycarbonates,29,0.9655172413793104,0.06551724137931036,177.56838975865728,True,family,Mondrian-similarity,scaffold_4,scaffold,svr
Polyacrylics,92,0.967391304347826,0.06739130434782603,158.1858398944369,True,family,Mondrian-similarity,scaffold_4,scaffold,svr
Polyanhydrides,33,0.9696969696969697,0.0696969696969697,223.69143730718358,True,family,Mondrian-similarity,scaffold_4,scaffold,svr
Polyethers,178,0.9719101123595506,0.07191011235955058,154.08384593554217,True,family,Mondrian-similarity,scaffold_4,scaffold,svr
Other backbone,3,1.0,0.09999999999999998,255.10130336038307,False,family,Mondrian-similarity,scaffold_4,scaffold,svr
Polystyrenes,11,1.0,0.09999999999999998,164.18164637656196,True,family,Mondrian-similarity,scaffold_4,scaffold,svr
Polyvinyls,5,1.0,0.09999999999999998,183.60681590514366,False,family,Mondrian-similarity,scaffold_4,scaffold,svr
Polydienes,6,1.0,0.09999999999999998,218.74791967364027,False,family,Mondrian-similarity,scaffold_4,scaffold,svr
Polyimines,10,1.0,0.09999999999999998,131.72423338448135,True,family,Mondrian-similarity,scaffold_4,scaffold,svr
0,44,0.6818181818181818,-0.21818181818181825,141.53492932306634,True,similarity,Mondrian-family,scaffold_4,scaffold,svr
1,90,0.8333333333333334,-0.06666666666666665,156.12526241510207,True,similarity,Mondrian-family,scaffold_4,scaffold,svr
2,221,0.9004524886877828,0.0004524886877828038,146.66366337296304,True,similarity,Mondrian-family,scaffold_4,scaffold,svr
3,284,0.9014084507042254,0.0014084507042253502,150.00113040626943,True,similarity,Mondrian-family,scaffold_4,scaffold,svr
4,288,0.9270833333333334,0.027083333333333348,145.16865291997848,True,similarity,Mondrian-family,scaffold_4,scaffold,svr
5,511,0.949119373776908,0.049119373776908004,138.01004748830223,True,similarity,Mondrian-family,scaffold_4,scaffold,svr
Polyolefins,10,0.6,-0.30000000000000004,144.29988735333762,True,family,Mondrian-family,scaffold_4,scaffold,svr
Polyphosphazenes,11,0.6363636363636364,-0.26363636363636367,144.29988735333765,True,family,Mondrian-family,scaffold_4,scaffold,svr
Other backbone,3,0.6666666666666666,-0.2333333333333334,144.29988735333762,False,family,Mondrian-family,scaffold_4,scaffold,svr
Polyureas,11,0.7272727272727273,-0.17272727272727273,144.29988735333765,True,family,Mondrian-family,scaffold_4,scaffold,svr
Polyanhydrides,33,0.7878787878787878,-0.11212121212121218,144.29988735333762,True,family,Mondrian-family,scaffold_4,scaffold,svr
Polydienes,6,0.8333333333333334,-0.06666666666666665,144.29988735333765,False,family,Mondrian-family,scaffold_4,scaffold,svr
Polysulfides,6,0.8333333333333334,-0.06666666666666665,144.29988735333765,False,family,Mondrian-family,scaffold_4,scaffold,svr
Polyamides,158,0.8544303797468354,-0.04556962025316458,115.19275177877249,True,family,Mondrian-family,scaffold_4,scaffold,svr
Polyacrylics,92,0.8695652173913043,-0.0304347826086957,137.49112001001498,True,family,Mondrian-family,scaffold_4,scaffold,svr
Polyesters,139,0.8992805755395683,-0.0007194244604317168,142.23897897644804,True,family,Mondrian-family,scaffold_4,scaffold,svr
Polystyrenes,11,0.9090909090909091,0.009090909090909038,116.58301633210839,True,family,Mondrian-family,scaffold_4,scaffold,svr
Polyethers,178,0.9101123595505618,0.010112359550561778,115.94263940936094,True,family,Mondrian-family,scaffold_4,scaffold,svr
Polycarbonates,29,0.9310344827586207,0.03103448275862064,145.30543926519974,True,family,Mondrian-family,scaffold_4,scaffold,svr
Polyimides,536,0.9421641791044776,0.04216417910447756,139.6394413647981,True,family,Mondrian-family,scaffold_4,scaffold,svr
Polyphenylenes,88,0.9545454545454546,0.054545454545454564,195.75826343724108,True,family,Mondrian-family,scaffold_4,scaffold,svr
Polysulfones,49,0.9591836734693877,0.05918367346938769,150.59561565896914,True,family,Mondrian-family,scaffold_4,scaffold,svr
Polyvinyls,5,1.0,0.09999999999999998,118.06801966280109,False,family,Mondrian-family,scaffold_4,scaffold,svr
Polyurethanes,32,1.0,0.09999999999999998,322.2985251756621,True,family,Mondrian-family,scaffold_4,scaffold,svr
Polysiloxanes,31,1.0,0.09999999999999998,242.74371406186046,True,family,Mondrian-family,scaffold_4,scaffold,svr
Polyimines,10,1.0,0.09999999999999998,144.29988735333762,True,family,Mondrian-family,scaffold_4,scaffold,svr
1,90,0.7444444444444445,-0.15555555555555556,138.7852870335819,True,similarity,Normalised SCP,scaffold_4,scaffold,svr
0,44,0.7727272727272727,-0.12727272727272732,165.38250642552282,True,similarity,Normalised SCP,scaffold_4,scaffold,svr
3,284,0.8274647887323944,-0.07253521126760565,119.74316683206052,True,similarity,Normalised SCP,scaffold_4,scaffold,svr
2,221,0.8371040723981901,-0.06289592760180995,128.62491240215434,True,similarity,Normalised SCP,scaffold_4,scaffold,svr
4,288,0.8958333333333334,-0.004166666666666652,120.42817802743564,True,similarity,Normalised SCP,scaffold_4,scaffold,svr
5,511,0.9158512720156555,0.015851272015655504,115.36494857220488,True,similarity,Normalised SCP,scaffold_4,scaffold,svr
Polyolefins,10,0.6,-0.30000000000000004,167.64867431031013,True,family,Normalised SCP,scaffold_4,scaffold,svr
Polyurethanes,32,0.65625,-0.24375000000000002,107.27951948993116,True,family,Normalised SCP,scaffold_4,scaffold,svr
Polyphosphazenes,11,0.7272727272727273,-0.17272727272727273,172.1034801026255,True,family,Normalised SCP,scaffold_4,scaffold,svr
Polyureas,11,0.7272727272727273,-0.17272727272727273,153.97354304360394,True,family,Normalised SCP,scaffold_4,scaffold,svr
Polysulfones,49,0.7551020408163265,-0.14489795918367354,94.47046687856418,True,family,Normalised SCP,scaffold_4,scaffold,svr
Polyesters,139,0.7841726618705036,-0.11582733812949642,110.75053582143421,True,family,Normalised SCP,scaffold_4,scaffold,svr
Polyamides,158,0.8164556962025317,-0.08354430379746836,108.98505671808209,True,family,Normalised SCP,scaffold_4,scaffold,svr
Polyacrylics,92,0.8260869565217391,-0.07391304347826089,108.41467813810596,True,family,Normalised SCP,scaffold_4,scaffold,svr
Polysulfides,6,0.8333333333333334,-0.06666666666666665,149.157774126219,False,family,Normalised SCP,scaffold_4,scaffold,svr
Polydienes,6,0.8333333333333334,-0.06666666666666665,149.79624136157292,False,family,Normalised SCP,scaffold_4,scaffold,svr
Polyanhydrides,33,0.8484848484848485,-0.051515151515151514,143.72426561257845,True,family,Normalised SCP,scaffold_4,scaffold,svr
Polysiloxanes,31,0.8709677419354839,-0.029032258064516148,148.34101943850362,True,family,Normalised SCP,scaffold_4,scaffold,svr
Polycarbonates,29,0.896551724137931,-0.0034482758620689724,126.11350488617603,True,family,Normalised SCP,scaffold_4,scaffold,svr
Polyphenylenes,88,0.9090909090909091,0.009090909090909038,169.08573473529322,True,family,Normalised SCP,scaffold_4,scaffold,svr
Polystyrenes,11,0.9090909090909091,0.009090909090909038,127.48983904431539,True,family,Normalised SCP,scaffold_4,scaffold,svr
Polyethers,178,0.9157303370786517,0.01573033707865168,125.2075422454341,True,family,Normalised SCP,scaffold_4,scaffold,svr
Polyimides,536,0.9160447761194029,0.016044776119402915,120.23475658705266,True,family,Normalised SCP,scaffold_4,scaffold,svr
Other backbone,3,1.0,0.09999999999999998,170.82562972786366,False,family,Normalised SCP,scaffold_4,scaffold,svr
Polyvinyls,5,1.0,0.09999999999999998,113.89709703629282,False,family,Normalised SCP,scaffold_4,scaffold,svr
Polyimines,10,1.0,0.09999999999999998,103.28743881033124,True,family,Normalised SCP,scaffold_4,scaffold,svr
0,44,0.6590909090909091,-0.24090909090909096,137.29240000000001,True,similarity,SCP,scaffold_4,scaffold,random_forest
1,90,0.7222222222222222,-0.1777777777777778,137.29240000000001,True,similarity,SCP,scaffold_4,scaffold,random_forest
2,221,0.8416289592760181,-0.058371040723981915,137.29240000000004,True,similarity,SCP,scaffold_4,scaffold,random_forest
3,284,0.852112676056338,-0.04788732394366202,137.29240000000004,True,similarity,SCP,scaffold_4,scaffold,random_forest
5,511,0.9393346379647749,0.03933463796477488,137.29240000000004,True,similarity,SCP,scaffold_4,scaffold,random_forest
4,288,0.9444444444444444,0.0444444444444444,137.29240000000001,True,similarity,SCP,scaffold_4,scaffold,random_forest
Polyphosphazenes,11,0.5454545454545454,-0.3545454545454546,137.29240000000004,True,family,SCP,scaffold_4,scaffold,random_forest
Polydienes,6,0.6666666666666666,-0.2333333333333334,137.29240000000001,False,family,SCP,scaffold_4,scaffold,random_forest
Other backbone,3,0.6666666666666666,-0.2333333333333334,137.2924,False,family,SCP,scaffold_4,scaffold,random_forest
Polysulfides,6,0.6666666666666666,-0.2333333333333334,137.29240000000001,False,family,SCP,scaffold_4,scaffold,random_forest
Polyolefins,10,0.7,-0.20000000000000007,137.2924,True,family,SCP,scaffold_4,scaffold,random_forest
Polyphenylenes,88,0.7840909090909091,-0.11590909090909096,137.29240000000001,True,family,SCP,scaffold_4,scaffold,random_forest
Polyanhydrides,33,0.7878787878787878,-0.11212121212121218,137.29240000000004,True,family,SCP,scaffold_4,scaffold,random_forest
Polysiloxanes,31,0.8064516129032258,-0.09354838709677427,137.2924,True,family,SCP,scaffold_4,scaffold,random_forest
Polysulfones,49,0.8571428571428571,-0.04285714285714293,137.29240000000004,True,family,SCP,scaffold_4,scaffold,random_forest
Polycarbonates,29,0.8620689655172413,-0.037931034482758696,137.2924,True,family,SCP,scaffold_4,scaffold,random_forest
Polyamides,158,0.8670886075949367,-0.032911392405063356,137.29240000000004,True,family,SCP,scaffold_4,scaffold,random_forest
Polyurethanes,32,0.875,-0.025000000000000022,137.29240000000001,True,family,SCP,scaffold_4,scaffold,random_forest
Polyesters,139,0.8992805755395683,-0.0007194244604317168,137.29240000000001,True,family,SCP,scaffold_4,scaffold,random_forest
Polyimides,536,0.9067164179104478,0.006716417910447747,137.29240000000004,True,family,SCP,scaffold_4,scaffold,random_forest
Polystyrenes,11,0.9090909090909091,0.009090909090909038,137.29240000000001,True,family,SCP,scaffold_4,scaffold,random_forest
Polyureas,11,0.9090909090909091,0.009090909090909038,137.29240000000004,True,family,SCP,scaffold_4,scaffold,random_forest
Polyethers,178,0.9325842696629213,0.03258426966292127,137.29240000000001,True,family,SCP,scaffold_4,scaffold,random_forest
Polyacrylics,92,0.9456521739130435,0.04565217391304344,137.29240000000004,True,family,SCP,scaffold_4,scaffold,random_forest
Polyvinyls,5,1.0,0.09999999999999998,137.29240000000001,False,family,SCP,scaffold_4,scaffold,random_forest
Polyimines,10,1.0,0.09999999999999998,137.2924,True,family,SCP,scaffold_4,scaffold,random_forest
0,44,0.8636363636363636,-0.036363636363636376,250.84020000000007,True,similarity,Mondrian-similarity,scaffold_4,scaffold,random_forest
3,284,0.8802816901408451,-0.019718309859154903,152.50304,True,similarity,Mondrian-similarity,scaffold_4,scaffold,random_forest
5,511,0.8884540117416829,-0.011545988258317097,105.5088,True,similarity,Mondrian-similarity,scaffold_4,scaffold,random_forest
4,288,0.9166666666666666,0.016666666666666607,120.25390000000006,True,similarity,Mondrian-similarity,scaffold_4,scaffold,random_forest
2,221,0.9230769230769231,0.023076923076923106,171.7384000000001,True,similarity,Mondrian-similarity,scaffold_4,scaffold,random_forest
1,90,1.0,0.09999999999999998,317.71408000000025,True,similarity,Mondrian-similarity,scaffold_4,scaffold,random_forest
Other backbone,3,0.6666666666666666,-0.2333333333333334,207.31143333333333,False,family,Mondrian-similarity,scaffold_4,scaffold,random_forest
Polyphosphazenes,11,0.7272727272727273,-0.17272727272727273,164.7894236363637,True,family,Mondrian-similarity,scaffold_4,scaffold,random_forest
Polysulfones,49,0.7959183673469388,-0.10408163265306125,146.68269183673473,True,family,Mondrian-similarity,scaffold_4,scaffold,random_forest
Polyolefins,10,0.8,-0.09999999999999998,236.8749240000001,True,family,Mondrian-similarity,scaffold_4,scaffold,random_forest
Polydienes,6,0.8333333333333334,-0.06666666666666665,198.1056666666667,False,family,Mondrian-similarity,scaffold_4,scaffold,random_forest
Polysulfides,6,0.8333333333333334,-0.06666666666666665,173.99114666666674,False,family,Mondrian-similarity,scaffold_4,scaffold,random_forest
Polysiloxanes,31,0.8387096774193549,-0.06129032258064515,153.1353696774194,True,family,Mondrian-similarity,scaffold_4,scaffold,random_forest
Polyamides,158,0.8481012658227848,-0.051898734177215244,128.66297075949367,True,family,Mondrian-similarity,scaffold_4,scaffold,random_forest
Polyphenylenes,88,0.8636363636363636,-0.036363636363636376,172.37532159090915,True,family,Mondrian-similarity,scaffold_4,scaffold,random_forest
Polyurethanes,32,0.90625,0.006249999999999978,159.39657000000003,True,family,Mondrian-similarity,scaffold_4,scaffold,random_forest
Polyesters,139,0.9136690647482014,0.013669064748201398,157.1406591366907,True,family,Mondrian-similarity,scaffold_4,scaffold,random_forest
Polyimides,536,0.914179104477612,0.014179104477611948,132.54256563432835,True,family,Mondrian-similarity,scaffold_4,scaffold,random_forest
Polycarbonates,29,0.9310344827586207,0.03103448275862064,171.34714620689658,True,family,Mondrian-similarity,scaffold_4,scaffold,random_forest
Polyethers,178,0.9382022471910112,0.038202247191011174,146.49237685393263,True,family,Mondrian-similarity,scaffold_4,scaffold,random_forest
Polyanhydrides,33,0.9393939393939394,0.039393939393939426,201.5008460606061,True,family,Mondrian-similarity,scaffold_4,scaffold,random_forest
Polyacrylics,92,0.967391304347826,0.06739130434782603,147.94110760869566,True,family,Mondrian-similarity,scaffold_4,scaffold,random_forest
Polystyrenes,11,1.0,0.09999999999999998,158.31464545454548,True,family,Mondrian-similarity,scaffold_4,scaffold,random_forest
Polyvinyls,5,1.0,0.09999999999999998,172.64559200000008,False,family,Mondrian-similarity,scaffold_4,scaffold,random_forest
Polyureas,11,1.0,0.09999999999999998,170.21895636363638,True,family,Mondrian-similarity,scaffold_4,scaffold,random_forest
Polyimines,10,1.0,0.09999999999999998,120.80568800000003,True,family,Mondrian-similarity,scaffold_4,scaffold,random_forest
0,44,0.6818181818181818,-0.21818181818181825,141.3291736363637,True,similarity,Mondrian-family,scaffold_4,scaffold,random_forest
1,90,0.7777777777777778,-0.12222222222222223,158.72978000000006,True,similarity,Mondrian-family,scaffold_4,scaffold,random_forest
2,221,0.8416289592760181,-0.058371040723981915,147.44290199095025,True,similarity,Mondrian-family,scaffold_4,scaffold,random_forest
3,284,0.8485915492957746,-0.051408450704225395,140.56239816901413,True,similarity,Mondrian-family,scaffold_4,scaffold,random_forest
5,511,0.9412915851272016,0.04129158512720155,138.3198579256361,True,similarity,Mondrian-family,scaffold_4,scaffold,random_forest
4,288,0.9444444444444444,0.0444444444444444,136.90423611111115,True,similarity,Mondrian-family,scaffold_4,scaffold,random_forest
Polyphosphazenes,11,0.5454545454545454,-0.3545454545454546,137.29240000000004,True,family,Mondrian-family,scaffold_4,scaffold,random_forest
Polydienes,6,0.6666666666666666,-0.2333333333333334,137.29240000000001,False,family,Mondrian-family,scaffold_4,scaffold,random_forest
Other backbone,3,0.6666666666666666,-0.2333333333333334,137.2924,False,family,Mondrian-family,scaffold_4,scaffold,random_forest
Polysulfides,6,0.6666666666666666,-0.2333333333333334,137.29240000000001,False,family,Mondrian-family,scaffold_4,scaffold,random_forest
Polyolefins,10,0.7,-0.20000000000000007,137.2924,True,family,Mondrian-family,scaffold_4,scaffold,random_forest
Polyanhydrides,33,0.7878787878787878,-0.11212121212121218,137.29240000000004,True,family,Mondrian-family,scaffold_4,scaffold,random_forest
Polyamides,158,0.8417721518987342,-0.0582278481012658,125.53600000000002,True,family,Mondrian-family,scaffold_4,scaffold,random_forest
Polycarbonates,29,0.8620689655172413,-0.037931034482758696,151.1886200000001,True,family,Mondrian-family,scaffold_4,scaffold,random_forest
Polyethers,178,0.8707865168539326,-0.02921348314606742,104.03111999999992,True,family,Mondrian-family,scaffold_4,scaffold,random_forest
Polysulfones,49,0.8979591836734694,-0.0020408163265306367,153.78719999999987,True,family,Mondrian-family,scaffold_4,scaffold,random_forest
Polyesters,139,0.8992805755395683,-0.0007194244604317168,142.54888000000005,True,family,Mondrian-family,scaffold_4,scaffold,random_forest
Polyimides,536,0.9029850746268657,0.0029850746268657025,135.22060000000013,True,family,Mondrian-family,scaffold_4,scaffold,random_forest
Polysiloxanes,31,0.9032258064516129,0.003225806451612856,172.19239999999996,True,family,Mondrian-family,scaffold_4,scaffold,random_forest
Polyureas,11,0.9090909090909091,0.009090909090909038,137.29240000000004,True,family,Mondrian-family,scaffold_4,scaffold,random_forest
Polystyrenes,11,0.9090909090909091,0.009090909090909038,114.67879999999995,True,family,Mondrian-family,scaffold_4,scaffold,random_forest
Polyacrylics,92,0.9239130434782609,0.023913043478260843,121.67480000000002,True,family,Mondrian-family,scaffold_4,scaffold,random_forest
Polyurethanes,32,0.9375,0.03749999999999998,182.8006,True,family,Mondrian-family,scaffold_4,scaffold,random_forest
Polyphenylenes,88,0.9886363636363636,0.08863636363636362,273.89000000000016,True,family,Mondrian-family,scaffold_4,scaffold,random_forest
Polyvinyls,5,1.0,0.09999999999999998,90.41192000000004,False,family,Mondrian-family,scaffold_4,scaffold,random_forest
Polyimines,10,1.0,0.09999999999999998,137.2924,True,family,Mondrian-family,scaffold_4,scaffold,random_forest
0,44,0.6136363636363636,-0.2863636363636364,147.74078371772234,True,similarity,Normalised SCP,scaffold_4,scaffold,random_forest
1,90,0.7444444444444445,-0.15555555555555556,133.10504141262763,True,similarity,Normalised SCP,scaffold_4,scaffold,random_forest
3,284,0.8133802816901409,-0.08661971830985915,120.99501301534566,True,similarity,Normalised SCP,scaffold_4,scaffold,random_forest
2,221,0.8461538461538461,-0.05384615384615388,127.74724702399853,True,similarity,Normalised SCP,scaffold_4,scaffold,random_forest
4,288,0.8923611111111112,-0.007638888888888862,118.37990867383208,True,similarity,Normalised SCP,scaffold_4,scaffold,random_forest
5,511,0.9178082191780822,0.017808219178082174,110.53137620405387,True,similarity,Normalised SCP,scaffold_4,scaffold,random_forest
Polydienes,6,0.5,-0.4,135.45511950260632,False,family,Normalised SCP,scaffold_4,scaffold,random_forest
Polyolefins,10,0.5,-0.4,136.60261380211114,True,family,Normalised SCP,scaffold_4,scaffold,random_forest
Polyphosphazenes,11,0.6363636363636364,-0.26363636363636367,160.14179394857717,True,family,Normalised SCP,scaffold_4,scaffold,random_forest
Other backbone,3,0.6666666666666666,-0.2333333333333334,197.65988806850262,False,family,Normalised SCP,scaffold_4,scaffold,random_forest
Polyanhydrides,33,0.7272727272727273,-0.17272727272727273,130.58387304146075,True,family,Normalised SCP,scaffold_4,scaffold,random_forest
Polyurethanes,32,0.78125,-0.11875000000000002,117.95302014318872,True,family,Normalised SCP,scaffold_4,scaffold,random_forest
Polysulfones,49,0.8163265306122449,-0.0836734693877551,116.41638149241712,True,family,Normalised SCP,scaffold_4,scaffold,random_forest
Polyureas,11,0.8181818181818182,-0.08181818181818179,151.3242433954617,True,family,Normalised SCP,scaffold_4,scaffold,random_forest
Polysulfides,6,0.8333333333333334,-0.06666666666666665,136.82860959936065,False,family,Normalised SCP,scaffold_4,scaffold,random_forest
Polyesters,139,0.8345323741007195,-0.06546762589928057,109.68669177576017,True,family,Normalised SCP,scaffold_4,scaffold,random_forest
Polyamides,158,0.8354430379746836,-0.06455696202531647,117.09116334582308,True,family,Normalised SCP,scaffold_4,scaffold,random_forest
Polyacrylics,92,0.8369565217391305,-0.06304347826086953,108.11377915863649,True,family,Normalised SCP,scaffold_4,scaffold,random_forest
Polycarbonates,29,0.8620689655172413,-0.037931034482758696,135.12158745288002,True,family,Normalised SCP,scaffold_4,scaffold,random_forest
Polyphenylenes,88,0.8636363636363636,-0.036363636363636376,154.74179633147492,True,family,Normalised SCP,scaffold_4,scaffold,random_forest
Polyimides,536,0.8899253731343284,-0.010074626865671621,114.05705601764204,True,family,Normalised SCP,scaffold_4,scaffold,random_forest
Polyethers,178,0.898876404494382,-0.0011235955056180247,117.06321011623942,True,family,Normalised SCP,scaffold_4,scaffold,random_forest
Polystyrenes,11,0.9090909090909091,0.009090909090909038,122.42350635345338,True,family,Normalised SCP,scaffold_4,scaffold,random_forest
Polysiloxanes,31,0.967741935483871,0.06774193548387097,151.22472133812752,True,family,Normalised SCP,scaffold_4,scaffold,random_forest
Polyvinyls,5,1.0,0.09999999999999998,102.44066955573207,False,family,Normalised SCP,scaffold_4,scaffold,random_forest
Polyimines,10,1.0,0.09999999999999998,109.49312353478186,True,family,Normalised SCP,scaffold_4,scaffold,random_forest
0,44,0.5681818181818182,-0.3318181818181818,125.23535693094176,True,similarity,SCP,scaffold_4,scaffold,hist_gbr
1,90,0.8,-0.09999999999999998,125.23535693094178,True,similarity,SCP,scaffold_4,scaffold,hist_gbr
2,221,0.8416289592760181,-0.058371040723981915,125.23535693094178,True,similarity,SCP,scaffold_4,scaffold,hist_gbr
3,284,0.8485915492957746,-0.051408450704225395,125.23535693094179,True,similarity,SCP,scaffold_4,scaffold,hist_gbr
4,288,0.9236111111111112,0.023611111111111138,125.23535693094179,True,similarity,SCP,scaffold_4,scaffold,hist_gbr
5,511,0.9256360078277887,0.02563600782778863,125.23535693094178,True,similarity,SCP,scaffold_4,scaffold,hist_gbr
Polyureas,11,0.6363636363636364,-0.26363636363636367,125.23535693094178,True,family,SCP,scaffold_4,scaffold,hist_gbr
Polydienes,6,0.6666666666666666,-0.2333333333333334,125.23535693094179,False,family,SCP,scaffold_4,scaffold,hist_gbr
Polysulfides,6,0.6666666666666666,-0.2333333333333334,125.23535693094176,False,family,SCP,scaffold_4,scaffold,hist_gbr
Other backbone,3,0.6666666666666666,-0.2333333333333334,125.23535693094179,False,family,SCP,scaffold_4,scaffold,hist_gbr
Polyanhydrides,33,0.7272727272727273,-0.17272727272727273,125.23535693094178,True,family,SCP,scaffold_4,scaffold,hist_gbr
Polyolefins,10,0.8,-0.09999999999999998,125.23535693094179,True,family,SCP,scaffold_4,scaffold,hist_gbr
Polyphenylenes,88,0.8068181818181818,-0.09318181818181825,125.23535693094176,True,family,SCP,scaffold_4,scaffold,hist_gbr
Polysiloxanes,31,0.8387096774193549,-0.06129032258064515,125.23535693094175,True,family,SCP,scaffold_4,scaffold,hist_gbr
Polyesters,139,0.841726618705036,-0.058273381294964066,125.23535693094179,True,family,SCP,scaffold_4,scaffold,hist_gbr
Polysulfones,49,0.8571428571428571,-0.04285714285714293,125.23535693094178,True,family,SCP,scaffold_4,scaffold,hist_gbr
Polyamides,158,0.8734177215189873,-0.02658227848101269,125.23535693094178,True,family,SCP,scaffold_4,scaffold,hist_gbr
Polyurethanes,32,0.875,-0.025000000000000022,125.23535693094178,True,family,SCP,scaffold_4,scaffold,hist_gbr
Polycarbonates,29,0.896551724137931,-0.0034482758620689724,125.23535693094176,True,family,SCP,scaffold_4,scaffold,hist_gbr
Polyimides,536,0.9048507462686567,0.004850746268656669,125.23535693094175,True,family,SCP,scaffold_4,scaffold,hist_gbr
Polyphosphazenes,11,0.9090909090909091,0.009090909090909038,125.2353569309418,True,family,SCP,scaffold_4,scaffold,hist_gbr
Polystyrenes,11,0.9090909090909091,0.009090909090909038,125.2353569309418,True,family,SCP,scaffold_4,scaffold,hist_gbr
Polyethers,178,0.9101123595505618,0.010112359550561778,125.2353569309418,True,family,SCP,scaffold_4,scaffold,hist_gbr
Polyacrylics,92,0.9130434782608695,0.01304347826086949,125.23535693094178,True,family,SCP,scaffold_4,scaffold,hist_gbr
Polyvinyls,5,1.0,0.09999999999999998,125.23535693094178,False,family,SCP,scaffold_4,scaffold,hist_gbr
Polyimines,10,1.0,0.09999999999999998,125.23535693094179,True,family,SCP,scaffold_4,scaffold,hist_gbr
5,511,0.8747553816046967,-0.025244618395303342,91.61288104145899,True,similarity,Mondrian-similarity,scaffold_4,scaffold,hist_gbr
4,288,0.8888888888888888,-0.011111111111111183,105.3238123651996,True,similarity,Mondrian-similarity,scaffold_4,scaffold,hist_gbr
3,284,0.8943661971830986,-0.005633802816901401,147.1379645378007,True,similarity,Mondrian-similarity,scaffold_4,scaffold,hist_gbr
2,221,0.9004524886877828,0.0004524886877828038,152.026831611782,True,similarity,Mondrian-similarity,scaffold_4,scaffold,hist_gbr
0,44,0.9318181818181818,0.031818181818181746,255.11490840333997,True,similarity,Mondrian-similarity,scaffold_4,scaffold,hist_gbr
1,90,0.9666666666666667,0.06666666666666665,235.7555297248338,True,similarity,Mondrian-similarity,scaffold_4,scaffold,hist_gbr
Polysulfides,6,0.6666666666666666,-0.2333333333333334,145.84363110718292,False,family,Mondrian-similarity,scaffold_4,scaffold,hist_gbr
Polydienes,6,0.8333333333333334,-0.06666666666666665,186.3895238756346,False,family,Mondrian-similarity,scaffold_4,scaffold,hist_gbr
Polyphenylenes,88,0.8522727272727273,-0.04772727272727273,147.4152162300349,True,family,Mondrian-similarity,scaffold_4,scaffold,hist_gbr
Polysulfones,49,0.8571428571428571,-0.04285714285714293,125.48823558574051,True,family,Mondrian-similarity,scaffold_4,scaffold,hist_gbr
Polyamides,158,0.8607594936708861,-0.03924050632911391,114.38021367481237,True,family,Mondrian-similarity,scaffold_4,scaffold,hist_gbr
Polyesters,139,0.8705035971223022,-0.029496402877697836,138.48050942954998,True,family,Mondrian-similarity,scaffold_4,scaffold,hist_gbr
Polysiloxanes,31,0.8709677419354839,-0.029032258064516148,133.61600197004407,True,family,Mondrian-similarity,scaffold_4,scaffold,hist_gbr
Polyimides,536,0.8936567164179104,-0.006343283582089576,116.78391548710232,True,family,Mondrian-similarity,scaffold_4,scaffold,hist_gbr
Polycarbonates,29,0.896551724137931,-0.0034482758620689724,148.39779158558252,True,family,Mondrian-similarity,scaffold_4,scaffold,hist_gbr
Polystyrenes,11,0.9090909090909091,0.009090909090909038,145.55889028301024,True,family,Mondrian-similarity,scaffold_4,scaffold,hist_gbr
Polyacrylics,92,0.9130434782608695,0.01304347826086949,133.7978279732428,True,family,Mondrian-similarity,scaffold_4,scaffold,hist_gbr
Polyethers,178,0.9157303370786517,0.01573033707865168,129.4599799174573,True,family,Mondrian-similarity,scaffold_4,scaffold,hist_gbr
Polyurethanes,32,0.9375,0.03749999999999998,142.1331138966611,True,family,Mondrian-similarity,scaffold_4,scaffold,hist_gbr
Polyanhydrides,33,0.9696969696969697,0.0696969696969697,188.04091446463502,True,family,Mondrian-similarity,scaffold_4,scaffold,hist_gbr
Other backbone,3,1.0,0.09999999999999998,205.18454305729315,False,family,Mondrian-similarity,scaffold_4,scaffold,hist_gbr
Polyolefins,10,1.0,0.09999999999999998,209.0400679130042,True,family,Mondrian-similarity,scaffold_4,scaffold,hist_gbr
Polyphosphazenes,11,1.0,0.09999999999999998,143.51956284613297,True,family,Mondrian-similarity,scaffold_4,scaffold,hist_gbr
Polyvinyls,5,1.0,0.09999999999999998,148.1358167061669,False,family,Mondrian-similarity,scaffold_4,scaffold,hist_gbr
Polyureas,11,1.0,0.09999999999999998,152.96938564978674,True,family,Mondrian-similarity,scaffold_4,scaffold,hist_gbr
Polyimines,10,1.0,0.09999999999999998,108.20227027022358,True,family,Mondrian-similarity,scaffold_4,scaffold,hist_gbr
0,44,0.5681818181818182,-0.3318181818181818,127.88686658818948,True,similarity,Mondrian-family,scaffold_4,scaffold,hist_gbr
2,221,0.8235294117647058,-0.07647058823529418,132.76786681680665,True,similarity,Mondrian-family,scaffold_4,scaffold,hist_gbr
3,284,0.8309859154929577,-0.06901408450704227,125.30243903409543,True,similarity,Mondrian-family,scaffold_4,scaffold,hist_gbr
1,90,0.8333333333333334,-0.06666666666666665,143.91736364963404,True,similarity,Mondrian-family,scaffold_4,scaffold,hist_gbr
4,288,0.9166666666666666,0.016666666666666607,122.89036713964632,True,similarity,Mondrian-family,scaffold_4,scaffold,hist_gbr
5,511,0.9275929549902152,0.02759295499021519,123.8987201854785,True,similarity,Mondrian-family,scaffold_4,scaffold,hist_gbr
Polyureas,11,0.6363636363636364,-0.26363636363636367,125.23535693094178,True,family,Mondrian-family,scaffold_4,scaffold,hist_gbr
Polydienes,6,0.6666666666666666,-0.2333333333333334,125.23535693094179,False,family,Mondrian-family,scaffold_4,scaffold,hist_gbr
Polysulfides,6,0.6666666666666666,-0.2333333333333334,125.23535693094176,False,family,Mondrian-family,scaffold_4,scaffold,hist_gbr
Other backbone,3,0.6666666666666666,-0.2333333333333334,125.23535693094179,False,family,Mondrian-family,scaffold_4,scaffold,hist_gbr
Polyanhydrides,33,0.7272727272727273,-0.17272727272727273,125.23535693094178,True,family,Mondrian-family,scaffold_4,scaffold,hist_gbr
Polyolefins,10,0.8,-0.09999999999999998,125.23535693094179,True,family,Mondrian-family,scaffold_4,scaffold,hist_gbr
Polyacrylics,92,0.8152173913043478,-0.08478260869565224,91.7844642242048,True,family,Mondrian-family,scaffold_4,scaffold,hist_gbr
Polyamides,158,0.8227848101265823,-0.07721518987341769,109.0627452221204,True,family,Mondrian-family,scaffold_4,scaffold,hist_gbr
Polyethers,178,0.848314606741573,-0.051685393258427026,97.89451305700322,True,family,Mondrian-family,scaffold_4,scaffold,hist_gbr
Polyesters,139,0.8776978417266187,-0.022302158273381334,138.3770831739173,True,family,Mondrian-family,scaffold_4,scaffold,hist_gbr
Polyimides,536,0.8880597014925373,-0.011940298507462699,118.64134244270599,True,family,Mondrian-family,scaffold_4,scaffold,hist_gbr
Polycarbonates,29,0.896551724137931,-0.0034482758620689724,122.12134328610864,True,family,Mondrian-family,scaffold_4,scaffold,hist_gbr
Polysiloxanes,31,0.9032258064516129,0.003225806451612856,152.0268316117819,True,family,Mondrian-family,scaffold_4,scaffold,hist_gbr
Polyphosphazenes,11,0.9090909090909091,0.009090909090909038,125.2353569309418,True,family,Mondrian-family,scaffold_4,scaffold,hist_gbr
Polystyrenes,11,0.9090909090909091,0.009090909090909038,126.66074052122899,True,family,Mondrian-family,scaffold_4,scaffold,hist_gbr
Polysulfones,49,0.9387755102040817,0.038775510204081653,174.23823943679383,True,family,Mondrian-family,scaffold_4,scaffold,hist_gbr
Polyurethanes,32,0.96875,0.06874999999999998,161.51140852588253,True,family,Mondrian-family,scaffold_4,scaffold,hist_gbr
Polyphenylenes,88,0.9886363636363636,0.08863636363636362,238.60162384182803,True,family,Mondrian-family,scaffold_4,scaffold,hist_gbr
Polyvinyls,5,1.0,0.09999999999999998,132.51665302327768,False,family,Mondrian-family,scaffold_4,scaffold,hist_gbr
Polyimines,10,1.0,0.09999999999999998,125.23535693094179,True,family,Mondrian-family,scaffold_4,scaffold,hist_gbr
0,44,0.5454545454545454,-0.3545454545454546,128.84418412239322,True,similarity,Normalised SCP,scaffold_4,scaffold,hist_gbr
1,90,0.7,-0.20000000000000007,118.17295139463027,True,similarity,Normalised SCP,scaffold_4,scaffold,hist_gbr
3,284,0.7922535211267606,-0.1077464788732394,110.23707952298054,True,similarity,Normalised SCP,scaffold_4,scaffold,hist_gbr
2,221,0.8280542986425339,-0.07194570135746614,112.92273303159683,True,similarity,Normalised SCP,scaffold_4,scaffold,hist_gbr
5,511,0.9001956947162426,0.00019569471624258927,103.78779650904195,True,similarity,Normalised SCP,scaffold_4,scaffold,hist_gbr
4,288,0.9027777777777778,0.002777777777777768,109.87857346261283,True,similarity,Normalised SCP,scaffold_4,scaffold,hist_gbr
Polyureas,11,0.6363636363636364,-0.26363636363636367,127.12627908997975,True,family,Normalised SCP,scaffold_4,scaffold,hist_gbr
Polydienes,6,0.6666666666666666,-0.2333333333333334,117.71517446925775,False,family,Normalised SCP,scaffold_4,scaffold,hist_gbr
Polysulfides,6,0.6666666666666666,-0.2333333333333334,113.75119918317172,False,family,Normalised SCP,scaffold_4,scaffold,hist_gbr
Other backbone,3,0.6666666666666666,-0.2333333333333334,141.89877691517736,False,family,Normalised SCP,scaffold_4,scaffold,hist_gbr
Polyanhydrides,33,0.696969696969697,-0.203030303030303,106.17704482962056,True,family,Normalised SCP,scaffold_4,scaffold,hist_gbr
Polyesters,139,0.762589928057554,-0.13741007194244603,98.1463046278195,True,family,Normalised SCP,scaffold_4,scaffold,hist_gbr
Polyurethanes,32,0.78125,-0.11875000000000002,101.61773838533234,True,family,Normalised SCP,scaffold_4,scaffold,hist_gbr
Polyacrylics,92,0.7934782608695652,-0.10652173913043483,97.36420838362882,True,family,Normalised SCP,scaffold_4,scaffold,hist_gbr
Polyolefins,10,0.8,-0.09999999999999998,137.62382520300324,True,family,Normalised SCP,scaffold_4,scaffold,hist_gbr
Polyphosphazenes,11,0.8181818181818182,-0.08181818181818179,118.83544170085302,True,family,Normalised SCP,scaffold_4,scaffold,hist_gbr
Polycarbonates,29,0.8275862068965517,-0.07241379310344831,111.00741255365631,True,family,Normalised SCP,scaffold_4,scaffold,hist_gbr
Polysulfones,49,0.8367346938775511,-0.06326530612244896,104.47068989722843,True,family,Normalised SCP,scaffold_4,scaffold,hist_gbr
Polysiloxanes,31,0.8387096774193549,-0.06129032258064515,118.24799554255132,True,family,Normalised SCP,scaffold_4,scaffold,hist_gbr
Polyphenylenes,88,0.8409090909090909,-0.05909090909090908,139.64944083304383,True,family,Normalised SCP,scaffold_4,scaffold,hist_gbr
Polyamides,158,0.8417721518987342,-0.0582278481012658,103.03224137131923,True,family,Normalised SCP,scaffold_4,scaffold,hist_gbr
Polyethers,178,0.8820224719101124,-0.017977528089887618,98.84554640673456,True,family,Normalised SCP,scaffold_4,scaffold,hist_gbr
Polyimides,536,0.8861940298507462,-0.013805970149253777,113.7861203609737,True,family,Normalised SCP,scaffold_4,scaffold,hist_gbr
Polyimines,10,0.9,0.0,87.73960155583212,True,family,Normalised SCP,scaffold_4,scaffold,hist_gbr
Polystyrenes,11,0.9090909090909091,0.009090909090909038,129.4249772752134,True,family,Normalised SCP,scaffold_4,scaffold,hist_gbr
Polyvinyls,5,1.0,0.09999999999999998,107.92840176484592,False,family,Normalised SCP,scaffold_4,scaffold,hist_gbr
0,44,0.6136363636363636,-0.2863636363636364,128.14343999999994,True,similarity,SCP,scaffold_4,scaffold,extra_trees
1,90,0.7666666666666667,-0.1333333333333333,128.1434399999999,True,similarity,SCP,scaffold_4,scaffold,extra_trees
2,221,0.8371040723981901,-0.06289592760180995,128.14343999999988,True,similarity,SCP,scaffold_4,scaffold,extra_trees
3,284,0.852112676056338,-0.04788732394366202,128.14343999999994,True,similarity,SCP,scaffold_4,scaffold,extra_trees
4,288,0.9305555555555556,0.030555555555555558,128.14343999999994,True,similarity,SCP,scaffold_4,scaffold,extra_trees
5,511,0.9373776908023483,0.03737769080234832,128.1434399999999,True,similarity,SCP,scaffold_4,scaffold,extra_trees
Other backbone,3,0.3333333333333333,-0.5666666666666667,128.14343999999994,False,family,SCP,scaffold_4,scaffold,extra_trees
Polydienes,6,0.5,-0.4,128.14343999999994,False,family,SCP,scaffold_4,scaffold,extra_trees
Polysulfides,6,0.5,-0.4,128.14343999999994,False,family,SCP,scaffold_4,scaffold,extra_trees
Polyphosphazenes,11,0.6363636363636364,-0.26363636363636367,128.1434399999999,True,family,SCP,scaffold_4,scaffold,extra_trees
Polyolefins,10,0.7,-0.20000000000000007,128.1434399999999,True,family,SCP,scaffold_4,scaffold,extra_trees
Polystyrenes,11,0.7272727272727273,-0.17272727272727273,128.1434399999999,True,family,SCP,scaffold_4,scaffold,extra_trees
Polyureas,11,0.7272727272727273,-0.17272727272727273,128.1434399999999,True,family,SCP,scaffold_4,scaffold,extra_trees
Polysiloxanes,31,0.7419354838709677,-0.15806451612903227,128.1434399999999,True,family,SCP,scaffold_4,scaffold,extra_trees
Polyurethanes,32,0.78125,-0.11875000000000002,128.14343999999994,True,family,SCP,scaffold_4,scaffold,extra_trees
Polyphenylenes,88,0.8068181818181818,-0.09318181818181825,128.1434399999999,True,family,SCP,scaffold_4,scaffold,extra_trees
Polyanhydrides,33,0.8181818181818182,-0.08181818181818179,128.14343999999994,True,family,SCP,scaffold_4,scaffold,extra_trees
Polysulfones,49,0.8367346938775511,-0.06326530612244896,128.14343999999994,True,family,SCP,scaffold_4,scaffold,extra_trees
Polycarbonates,29,0.8620689655172413,-0.037931034482758696,128.1434399999999,True,family,SCP,scaffold_4,scaffold,extra_trees
Polyamides,158,0.8734177215189873,-0.02658227848101269,128.1434399999999,True,family,SCP,scaffold_4,scaffold,extra_trees
Polyesters,139,0.8776978417266187,-0.022302158273381334,128.14343999999994,True,family,SCP,scaffold_4,scaffold,extra_trees
Polyethers,178,0.9213483146067416,0.02134831460674158,128.1434399999999,True,family,SCP,scaffold_4,scaffold,extra_trees
Polyimides,536,0.9235074626865671,0.023507462686567115,128.14343999999994,True,family,SCP,scaffold_4,scaffold,extra_trees
Polyacrylics,92,0.9456521739130435,0.04565217391304344,128.1434399999999,True,family,SCP,scaffold_4,scaffold,extra_trees
Polyvinyls,5,1.0,0.09999999999999998,128.14343999999994,False,family,SCP,scaffold_4,scaffold,extra_trees
Polyimines,10,1.0,0.09999999999999998,128.1434399999999,True,family,SCP,scaffold_4,scaffold,extra_trees
0,44,0.8409090909090909,-0.05909090909090908,235.17408000000012,True,similarity,Mondrian-similarity,scaffold_4,scaffold,extra_trees
5,511,0.863013698630137,-0.03698630136986303,92.00119999999998,True,similarity,Mondrian-similarity,scaffold_4,scaffold,extra_trees
3,284,0.8767605633802817,-0.02323943661971828,140.59840000000008,True,similarity,Mondrian-similarity,scaffold_4,scaffold,extra_trees
4,288,0.8958333333333334,-0.004166666666666652,109.40250000000007,True,similarity,Mondrian-similarity,scaffold_4,scaffold,extra_trees
2,221,0.9366515837104072,0.03665158371040722,175.718,True,similarity,Mondrian-similarity,scaffold_4,scaffold,extra_trees
1,90,1.0,0.09999999999999998,311.1983999999998,True,similarity,Mondrian-similarity,scaffold_4,scaffold,extra_trees
Other backbone,3,0.3333333333333333,-0.5666666666666667,193.25022000000004,False,family,Mondrian-similarity,scaffold_4,scaffold,extra_trees
Polydienes,6,0.6666666666666666,-0.2333333333333334,195.53669333333335,False,family,Mondrian-similarity,scaffold_4,scaffold,extra_trees
Polysulfones,49,0.7959183673469388,-0.10408163265306125,137.61187959183673,True,family,Mondrian-similarity,scaffold_4,scaffold,extra_trees
Polysiloxanes,31,0.8064516129032258,-0.09354838709677427,144.30974516129032,True,family,Mondrian-similarity,scaffold_4,scaffold,extra_trees
Polyphosphazenes,11,0.8181818181818182,-0.08181818181818179,160.3991,True,family,Mondrian-similarity,scaffold_4,scaffold,extra_trees
Polyphenylenes,88,0.8181818181818182,-0.08181818181818179,164.84226068181817,True,family,Mondrian-similarity,scaffold_4,scaffold,extra_trees
Polysulfides,6,0.8333333333333334,-0.06666666666666665,170.39246666666665,False,family,Mondrian-similarity,scaffold_4,scaffold,extra_trees
Polyamides,158,0.8607594936708861,-0.03924050632911391,118.38216240506333,True,family,Mondrian-similarity,scaffold_4,scaffold,extra_trees
Polyethers,178,0.898876404494382,-0.0011235955056180247,136.5907768539326,True,family,Mondrian-similarity,scaffold_4,scaffold,extra_trees
Polyolefins,10,0.9,0.0,226.881452,True,family,Mondrian-similarity,scaffold_4,scaffold,extra_trees
Polyimides,536,0.9048507462686567,0.004850746268656669,121.58216279850748,True,family,Mondrian-similarity,scaffold_4,scaffold,extra_trees
Polyurethanes,32,0.90625,0.006249999999999978,150.14580000000004,True,family,Mondrian-similarity,scaffold_4,scaffold,extra_trees
Polystyrenes,11,0.9090909090909091,0.009090909090909038,153.72586363636364,True,family,Mondrian-similarity,scaffold_4,scaffold,extra_trees
Polyureas,11,0.9090909090909091,0.009090909090909038,160.76268727272728,True,family,Mondrian-similarity,scaffold_4,scaffold,extra_trees
Polyesters,139,0.9136690647482014,0.013669064748201398,148.98262892086333,True,family,Mondrian-similarity,scaffold_4,scaffold,extra_trees
Polycarbonates,29,0.9310344827586207,0.03103448275862064,165.22276551724136,True,family,Mondrian-similarity,scaffold_4,scaffold,extra_trees
Polyanhydrides,33,0.9393939393939394,0.039393939393939426,195.47158424242426,True,family,Mondrian-similarity,scaffold_4,scaffold,extra_trees
Polyacrylics,92,0.9565217391304348,0.05652173913043479,139.24130847826092,True,family,Mondrian-similarity,scaffold_4,scaffold,extra_trees
Polyvinyls,5,1.0,0.09999999999999998,162.24004000000002,False,family,Mondrian-similarity,scaffold_4,scaffold,extra_trees
Polyimines,10,1.0,0.09999999999999998,108.68116000000002,True,family,Mondrian-similarity,scaffold_4,scaffold,extra_trees
0,44,0.5909090909090909,-0.3090909090909091,130.51278227272724,True,similarity,Mondrian-family,scaffold_4,scaffold,extra_trees
2,221,0.8506787330316742,-0.04932126696832584,137.0375193665158,True,similarity,Mondrian-family,scaffold_4,scaffold,extra_trees
1,90,0.8555555555555555,-0.04444444444444451,149.34382022222223,True,similarity,Mondrian-family,scaffold_4,scaffold,extra_trees
3,284,0.8591549295774648,-0.04084507042253527,132.67917274647888,True,similarity,Mondrian-family,scaffold_4,scaffold,extra_trees
4,288,0.9236111111111112,0.023611111111111138,128.34661958333334,True,similarity,Mondrian-family,scaffold_4,scaffold,extra_trees
5,511,0.9295499021526419,0.02954990215264186,124.28318665362035,True,similarity,Mondrian-family,scaffold_4,scaffold,extra_trees
Other backbone,3,0.3333333333333333,-0.5666666666666667,128.14343999999994,False,family,Mondrian-family,scaffold_4,scaffold,extra_trees
Polydienes,6,0.5,-0.4,128.14343999999994,False,family,Mondrian-family,scaffold_4,scaffold,extra_trees
Polysulfides,6,0.5,-0.4,128.14343999999994,False,family,Mondrian-family,scaffold_4,scaffold,extra_trees
Polyphosphazenes,11,0.6363636363636364,-0.26363636363636367,128.1434399999999,True,family,Mondrian-family,scaffold_4,scaffold,extra_trees
Polyolefins,10,0.7,-0.20000000000000007,128.1434399999999,True,family,Mondrian-family,scaffold_4,scaffold,extra_trees
Polystyrenes,11,0.7272727272727273,-0.17272727272727273,93.5196,True,family,Mondrian-family,scaffold_4,scaffold,extra_trees
Polyureas,11,0.7272727272727273,-0.17272727272727273,128.1434399999999,True,family,Mondrian-family,scaffold_4,scaffold,extra_trees
Polyamides,158,0.8164556962025317,-0.08354430379746836,95.56479999999995,True,family,Mondrian-family,scaffold_4,scaffold,extra_trees
Polyanhydrides,33,0.8181818181818182,-0.08181818181818179,128.14343999999994,True,family,Mondrian-family,scaffold_4,scaffold,extra_trees
Polyethers,178,0.8651685393258427,-0.03483146067415732,96.17419999999997,True,family,Mondrian-family,scaffold_4,scaffold,extra_trees
Polysiloxanes,31,0.8709677419354839,-0.029032258064516148,188.33335999999989,True,family,Mondrian-family,scaffold_4,scaffold,extra_trees
Polyesters,139,0.8848920863309353,-0.015107913669064721,137.78526000000002,True,family,Mondrian-family,scaffold_4,scaffold,extra_trees
Polycarbonates,29,0.896551724137931,-0.0034482758620689724,150.264,True,family,Mondrian-family,scaffold_4,scaffold,extra_trees
Polysulfones,49,0.8979591836734694,-0.0020408163265306367,148.524,True,family,Mondrian-family,scaffold_4,scaffold,extra_trees
Polyimides,536,0.9104477611940298,0.010447761194029792,122.23176000000002,True,family,Mondrian-family,scaffold_4,scaffold,extra_trees
Polyacrylics,92,0.9565217391304348,0.05652173913043479,131.57539999999995,True,family,Mondrian-family,scaffold_4,scaffold,extra_trees
Polyurethanes,32,0.96875,0.06874999999999998,190.8009600000001,True,family,Mondrian-family,scaffold_4,scaffold,extra_trees
Polyphenylenes,88,0.9886363636363636,0.08863636363636362,248.34554000000009,True,family,Mondrian-family,scaffold_4,scaffold,extra_trees
Polyvinyls,5,1.0,0.09999999999999998,127.06620000000001,False,family,Mondrian-family,scaffold_4,scaffold,extra_trees
Polyimines,10,1.0,0.09999999999999998,128.1434399999999,True,family,Mondrian-family,scaffold_4,scaffold,extra_trees
0,44,0.5909090909090909,-0.3090909090909091,130.23155869871573,True,similarity,Normalised SCP,scaffold_4,scaffold,extra_trees
1,90,0.7555555555555555,-0.1444444444444445,124.15958925641046,True,similarity,Normalised SCP,scaffold_4,scaffold,extra_trees
3,284,0.8133802816901409,-0.08661971830985915,115.07688120910761,True,similarity,Normalised SCP,scaffold_4,scaffold,extra_trees
2,221,0.8235294117647058,-0.07647058823529418,118.76001460995217,True,similarity,Normalised SCP,scaffold_4,scaffold,extra_trees
4,288,0.90625,0.006249999999999978,113.86627217987751,True,similarity,Normalised SCP,scaffold_4,scaffold,extra_trees
5,511,0.9119373776908023,0.011937377690802276,108.90558648637352,True,similarity,Normalised SCP,scaffold_4,scaffold,extra_trees
Other backbone,3,0.3333333333333333,-0.5666666666666667,159.37148937889978,False,family,Normalised SCP,scaffold_4,scaffold,extra_trees
Polydienes,6,0.5,-0.4,124.29200546402122,False,family,Normalised SCP,scaffold_4,scaffold,extra_trees
Polyureas,11,0.5454545454545454,-0.3545454545454546,130.83593477277475,True,family,Normalised SCP,scaffold_4,scaffold,extra_trees
Polyurethanes,32,0.65625,-0.24375000000000002,103.08334207226557,True,family,Normalised SCP,scaffold_4,scaffold,extra_trees
Polysulfides,6,0.6666666666666666,-0.2333333333333334,136.93686637343225,False,family,Normalised SCP,scaffold_4,scaffold,extra_trees
Polyphosphazenes,11,0.7272727272727273,-0.17272727272727273,131.8383187972699,True,family,Normalised SCP,scaffold_4,scaffold,extra_trees
Polystyrenes,11,0.7272727272727273,-0.17272727272727273,117.26750441446784,True,family,Normalised SCP,scaffold_4,scaffold,extra_trees
Polysulfones,49,0.7551020408163265,-0.14489795918367354,96.76410742152585,True,family,Normalised SCP,scaffold_4,scaffold,extra_trees
Polyolefins,10,0.8,-0.09999999999999998,145.796520038368,True,family,Normalised SCP,scaffold_4,scaffold,extra_trees
Polyanhydrides,33,0.8181818181818182,-0.08181818181818179,115.90232567462597,True,family,Normalised SCP,scaffold_4,scaffold,extra_trees
Polyesters,139,0.8201438848920863,-0.07985611510791368,105.01359031261146,True,family,Normalised SCP,scaffold_4,scaffold,extra_trees
Polycarbonates,29,0.8275862068965517,-0.07241379310344831,128.71556607095363,True,family,Normalised SCP,scaffold_4,scaffold,extra_trees
Polyamides,158,0.8481012658227848,-0.051898734177215244,107.16003534350132,True,family,Normalised SCP,scaffold_4,scaffold,extra_trees
Polyphenylenes,88,0.8522727272727273,-0.04772727272727273,148.99745901244114,True,family,Normalised SCP,scaffold_4,scaffold,extra_trees
Polyacrylics,92,0.8695652173913043,-0.0304347826086957,106.38558696873837,True,family,Normalised SCP,scaffold_4,scaffold,extra_trees
Polyimides,536,0.8899253731343284,-0.010074626865671621,110.76330233014124,True,family,Normalised SCP,scaffold_4,scaffold,extra_trees
Polyimines,10,0.9,0.0,103.70284516387801,True,family,Normalised SCP,scaffold_4,scaffold,extra_trees
Polysiloxanes,31,0.9032258064516129,0.003225806451612856,137.10200413242384,True,family,Normalised SCP,scaffold_4,scaffold,extra_trees
Polyethers,178,0.9269662921348315,0.026966292134831482,119.84305987953341,True,family,Normalised SCP,scaffold_4,scaffold,extra_trees
Polyvinyls,5,1.0,0.09999999999999998,116.06625209683679,False,family,Normalised SCP,scaffold_4,scaffold,extra_trees
4,244,0.8975409836065574,-0.0024590163934425924,380.0,True,similarity,SCP,scaffold_5,scaffold,median
5,425,0.9223529411764706,0.022352941176470575,380.0,True,similarity,SCP,scaffold_5,scaffold,median
3,253,0.9565217391304348,0.05652173913043479,380.0,True,similarity,SCP,scaffold_5,scaffold,median
2,332,0.9668674698795181,0.06686746987951808,380.0,True,similarity,SCP,scaffold_5,scaffold,median
1,309,0.9676375404530745,0.06763754045307446,380.0,True,similarity,SCP,scaffold_5,scaffold,median
0,208,0.9903846153846154,0.0903846153846154,380.0,True,similarity,SCP,scaffold_5,scaffold,median
Polysiloxanes,43,0.6976744186046512,-0.20232558139534884,380.0,True,family,SCP,scaffold_5,scaffold,median
Polyphenylenes,117,0.8461538461538461,-0.05384615384615388,380.0,True,family,SCP,scaffold_5,scaffold,median
Polyimides,351,0.8888888888888888,-0.011111111111111183,380.0,True,family,SCP,scaffold_5,scaffold,median
Polysulfones,42,0.9047619047619048,0.004761904761904745,380.0,True,family,SCP,scaffold_5,scaffold,median
Polyethers,137,0.9343065693430657,0.03430656934306564,380.0,True,family,SCP,scaffold_5,scaffold,median
Other backbone,18,0.9444444444444444,0.0444444444444444,380.0,True,family,SCP,scaffold_5,scaffold,median
Polyurethanes,45,0.9777777777777777,0.07777777777777772,380.0,True,family,SCP,scaffold_5,scaffold,median
Polyacrylics,170,0.9882352941176471,0.08823529411764708,380.0,True,family,SCP,scaffold_5,scaffold,median
Polyamides,272,0.9889705882352942,0.08897058823529413,380.0,True,family,SCP,scaffold_5,scaffold,median
Polystyrenes,190,0.9894736842105263,0.08947368421052626,380.0,True,family,SCP,scaffold_5,scaffold,median
Polydienes,18,1.0,0.09999999999999998,380.0,True,family,SCP,scaffold_5,scaffold,median
Polyesters,168,1.0,0.09999999999999998,380.0,True,family,SCP,scaffold_5,scaffold,median
Polyolefins,36,1.0,0.09999999999999998,380.0,True,family,SCP,scaffold_5,scaffold,median
Polyvinyls,70,1.0,0.09999999999999998,380.0,True,family,SCP,scaffold_5,scaffold,median
Polyanhydrides,26,1.0,0.09999999999999998,380.0,True,family,SCP,scaffold_5,scaffold,median
Polyhalo-olefins,3,1.0,0.09999999999999998,380.0,False,family,SCP,scaffold_5,scaffold,median
Polycarbonates,22,1.0,0.09999999999999998,380.0,True,family,SCP,scaffold_5,scaffold,median
Polysulfides,9,1.0,0.09999999999999998,380.0,False,family,SCP,scaffold_5,scaffold,median
Polyimines,11,1.0,0.09999999999999998,380.0,True,family,SCP,scaffold_5,scaffold,median
Polyureas,12,1.0,0.09999999999999998,380.0,True,family,SCP,scaffold_5,scaffold,median
Polyphosphazenes,11,1.0,0.09999999999999998,380.0,True,family,SCP,scaffold_5,scaffold,median
4,244,0.9098360655737705,0.00983606557377048,406.0,True,similarity,Mondrian-similarity,scaffold_5,scaffold,median
5,425,0.9176470588235294,0.01764705882352935,374.0,True,similarity,Mondrian-similarity,scaffold_5,scaffold,median
1,309,0.9320388349514563,0.03203883495145632,340.0,True,similarity,Mondrian-similarity,scaffold_5,scaffold,median
3,253,0.9604743083003953,0.06047430830039524,398.0,True,similarity,Mondrian-similarity,scaffold_5,scaffold,median
2,332,0.9668674698795181,0.06686746987951808,378.0,True,similarity,Mondrian-similarity,scaffold_5,scaffold,median
0,208,0.9903846153846154,0.0903846153846154,382.0,True,similarity,Mondrian-similarity,scaffold_5,scaffold,median
Polysiloxanes,43,0.627906976744186,-0.27209302325581397,367.4418604651163,True,family,Mondrian-similarity,scaffold_5,scaffold,median
Polyphenylenes,117,0.8461538461538461,-0.05384615384615388,378.1025641025641,True,family,Mondrian-similarity,scaffold_5,scaffold,median
Polyimides,351,0.8917378917378918,-0.00826210826210827,384.29059829059827,True,family,Mondrian-similarity,scaffold_5,scaffold,median
Polysulfones,42,0.9047619047619048,0.004761904761904745,380.7142857142857,True,family,Mondrian-similarity,scaffold_5,scaffold,median
Polyethers,137,0.9343065693430657,0.03430656934306564,383.43065693430657,True,family,Mondrian-similarity,scaffold_5,scaffold,median
Other backbone,18,0.9444444444444444,0.0444444444444444,370.77777777777777,True,family,Mondrian-similarity,scaffold_5,scaffold,median
Polystyrenes,190,0.9631578947368421,0.06315789473684208,363.4526315789474,True,family,Mondrian-similarity,scaffold_5,scaffold,median
Polyurethanes,45,0.9777777777777777,0.07777777777777772,389.5111111111111,True,family,Mondrian-similarity,scaffold_5,scaffold,median
Polyamides,272,0.9852941176470589,0.08529411764705885,380.25735294117646,True,family,Mondrian-similarity,scaffold_5,scaffold,median
Polyesters,168,0.9880952380952381,0.08809523809523812,381.2261904761905,True,family,Mondrian-similarity,scaffold_5,scaffold,median
Polyacrylics,170,0.9941176470588236,0.09411764705882353,373.7176470588235,True,family,Mondrian-similarity,scaffold_5,scaffold,median
Polydienes,18,1.0,0.09999999999999998,370.3333333333333,True,family,Mondrian-similarity,scaffold_5,scaffold,median
Polyolefins,36,1.0,0.09999999999999998,372.3333333333333,True,family,Mondrian-similarity,scaffold_5,scaffold,median
Polyvinyls,70,1.0,0.09999999999999998,360.74285714285713,True,family,Mondrian-similarity,scaffold_5,scaffold,median
Polyanhydrides,26,1.0,0.09999999999999998,378.38461538461536,True,family,Mondrian-similarity,scaffold_5,scaffold,median
Polyhalo-olefins,3,1.0,0.09999999999999998,382.0,False,family,Mondrian-similarity,scaffold_5,scaffold,median
Polycarbonates,22,1.0,0.09999999999999998,374.54545454545456,True,family,Mondrian-similarity,scaffold_5,scaffold,median
Polysulfides,9,1.0,0.09999999999999998,378.8888888888889,False,family,Mondrian-similarity,scaffold_5,scaffold,median
Polyimines,11,1.0,0.09999999999999998,388.0,True,family,Mondrian-similarity,scaffold_5,scaffold,median
Polyureas,12,1.0,0.09999999999999998,385.0,True,family,Mondrian-similarity,scaffold_5,scaffold,median
Polyphosphazenes,11,1.0,0.09999999999999998,378.72727272727275,True,family,Mondrian-similarity,scaffold_5,scaffold,median
4,244,0.8852459016393442,-0.014754098360655776,373.04918032786884,True,similarity,Mondrian-family,scaffold_5,scaffold,median
5,425,0.9435294117647058,0.043529411764705817,385.67905882352943,True,similarity,Mondrian-family,scaffold_5,scaffold,median
3,253,0.9565217391304348,0.05652173913043479,371.72490118577076,True,similarity,Mondrian-family,scaffold_5,scaffold,median
1,309,0.9676375404530745,0.06763754045307446,379.5909385113269,True,similarity,Mondrian-family,scaffold_5,scaffold,median
2,332,0.9759036144578314,0.07590361445783134,375.52530120481924,True,similarity,Mondrian-family,scaffold_5,scaffold,median
0,208,0.9903846153846154,0.0903846153846154,393.9326923076923,True,similarity,Mondrian-family,scaffold_5,scaffold,median
Polysulfones,42,0.8809523809523809,-0.01904761904761909,320.0,True,family,Mondrian-family,scaffold_5,scaffold,median
Polyimides,351,0.905982905982906,0.005982905982905962,406.0,True,family,Mondrian-family,scaffold_5,scaffold,median
Polyphenylenes,117,0.9145299145299145,0.014529914529914478,490.0,True,family,Mondrian-family,scaffold_5,scaffold,median
Polyethers,137,0.9416058394160584,0.04160583941605833,392.0,True,family,Mondrian-family,scaffold_5,scaffold,median
Other backbone,18,0.9444444444444444,0.0444444444444444,380.0,True,family,Mondrian-family,scaffold_5,scaffold,median
Polysiloxanes,43,0.9534883720930233,0.05348837209302326,436.0,True,family,Mondrian-family,scaffold_5,scaffold,median
Polyurethanes,45,0.9555555555555556,0.05555555555555558,283.6,True,family,Mondrian-family,scaffold_5,scaffold,median
Polyamides,272,0.9558823529411765,0.055882352941176494,334.0,True,family,Mondrian-family,scaffold_5,scaffold,median
Polyesters,168,0.9642857142857143,0.06428571428571428,348.0,True,family,Mondrian-family,scaffold_5,scaffold,median
Polyacrylics,170,0.9882352941176471,0.08823529411764708,368.0,True,family,Mondrian-family,scaffold_5,scaffold,median
Polystyrenes,190,0.9894736842105263,0.08947368421052626,380.0,True,family,Mondrian-family,scaffold_5,scaffold,median
Polydienes,18,1.0,0.09999999999999998,380.0,True,family,Mondrian-family,scaffold_5,scaffold,median
Polyolefins,36,1.0,0.09999999999999998,380.0,True,family,Mondrian-family,scaffold_5,scaffold,median
Polyvinyls,70,1.0,0.09999999999999998,410.0,True,family,Mondrian-family,scaffold_5,scaffold,median
Polyanhydrides,26,1.0,0.09999999999999998,380.0,True,family,Mondrian-family,scaffold_5,scaffold,median
Polyhalo-olefins,3,1.0,0.09999999999999998,380.0,False,family,Mondrian-family,scaffold_5,scaffold,median
Polycarbonates,22,1.0,0.09999999999999998,314.0,True,family,Mondrian-family,scaffold_5,scaffold,median
Polysulfides,9,1.0,0.09999999999999998,380.0,False,family,Mondrian-family,scaffold_5,scaffold,median
Polyimines,11,1.0,0.09999999999999998,380.0,True,family,Mondrian-family,scaffold_5,scaffold,median
Polyureas,12,1.0,0.09999999999999998,380.0,True,family,Mondrian-family,scaffold_5,scaffold,median
Polyphosphazenes,11,1.0,0.09999999999999998,380.0,True,family,Mondrian-family,scaffold_5,scaffold,median
1,309,0.7443365695792881,-0.15566343042071196,218.93868566337125,True,similarity,Normalised SCP,scaffold_5,scaffold,median
0,208,0.7932692307692307,-0.1067307692307693,222.61777025050716,True,similarity,Normalised SCP,scaffold_5,scaffold,median
3,253,0.8102766798418972,-0.0897233201581028,260.13105452503913,True,similarity,Normalised SCP,scaffold_5,scaffold,median
2,332,0.8343373493975904,-0.06566265060240961,238.23807041212478,True,similarity,Normalised SCP,scaffold_5,scaffold,median
4,244,0.8770491803278688,-0.022950819672131195,299.45927270238667,True,similarity,Normalised SCP,scaffold_5,scaffold,median
5,425,0.908235294117647,0.008235294117647007,329.316752638382,True,similarity,Normalised SCP,scaffold_5,scaffold,median
Polysiloxanes,43,0.4418604651162791,-0.45813953488372094,276.0837831691179,True,family,Normalised SCP,scaffold_5,scaffold,median
Polyphosphazenes,11,0.6363636363636364,-0.26363636363636367,230.176870797386,True,family,Normalised SCP,scaffold_5,scaffold,median
Other backbone,18,0.6666666666666666,-0.2333333333333334,249.59809197153922,True,family,Normalised SCP,scaffold_5,scaffold,median
Polysulfides,9,0.6666666666666666,-0.2333333333333334,327.1487607265367,False,family,Normalised SCP,scaffold_5,scaffold,median
Polyolefins,36,0.7222222222222222,-0.1777777777777778,249.27076432167718,True,family,Normalised SCP,scaffold_5,scaffold,median
Polyacrylics,170,0.7352941176470589,-0.16470588235294115,210.58539559563755,True,family,Normalised SCP,scaffold_5,scaffold,median
Polyesters,168,0.7619047619047619,-0.13809523809523816,222.3596912972523,True,family,Normalised SCP,scaffold_5,scaffold,median
Polyphenylenes,117,0.7692307692307693,-0.13076923076923075,266.9321453409506,True,family,Normalised SCP,scaffold_5,scaffold,median
Polycarbonates,22,0.7727272727272727,-0.12727272727272732,245.11122141849182,True,family,Normalised SCP,scaffold_5,scaffold,median
Polydienes,18,0.7777777777777778,-0.12222222222222223,222.92111956017314,True,family,Normalised SCP,scaffold_5,scaffold,median
Polyurethanes,45,0.8222222222222222,-0.07777777777777783,238.48145290175788,True,family,Normalised SCP,scaffold_5,scaffold,median
Polyureas,12,0.8333333333333334,-0.06666666666666665,302.02679844805533,True,family,Normalised SCP,scaffold_5,scaffold,median
Polystyrenes,190,0.8368421052631579,-0.06315789473684208,204.12281816964372,True,family,Normalised SCP,scaffold_5,scaffold,median
Polyethers,137,0.8394160583941606,-0.060583941605839464,253.99418776694026,True,family,Normalised SCP,scaffold_5,scaffold,median
Polysulfones,42,0.8809523809523809,-0.01904761904761909,265.74383892355735,True,family,Normalised SCP,scaffold_5,scaffold,median
Polyvinyls,70,0.8857142857142857,-0.014285714285714346,190.3276013042609,True,family,Normalised SCP,scaffold_5,scaffold,median
Polyamides,272,0.8933823529411765,-0.006617647058823506,248.95329892956954,True,family,Normalised SCP,scaffold_5,scaffold,median
Polyimides,351,0.9430199430199431,0.04301994301994305,392.5703705632117,True,family,Normalised SCP,scaffold_5,scaffold,median
Polyanhydrides,26,0.9615384615384616,0.06153846153846154,234.34207812487452,True,family,Normalised SCP,scaffold_5,scaffold,median
Polyhalo-olefins,3,1.0,0.09999999999999998,287.61908652273206,False,family,Normalised SCP,scaffold_5,scaffold,median
Polyimines,11,1.0,0.09999999999999998,218.3678947929332,True,family,Normalised SCP,scaffold_5,scaffold,median
1,309,0.7508090614886731,-0.14919093851132692,141.0357072102763,True,similarity,SCP,scaffold_5,scaffold,svr
0,208,0.7980769230769231,-0.1019230769230769,141.0357072102763,True,similarity,SCP,scaffold_5,scaffold,svr
2,332,0.8283132530120482,-0.07168674698795185,141.0357072102763,True,similarity,SCP,scaffold_5,scaffold,svr
3,253,0.8695652173913043,-0.0304347826086957,141.0357072102763,True,similarity,SCP,scaffold_5,scaffold,svr
4,244,0.9221311475409836,0.022131147540983553,141.03570721027634,True,similarity,SCP,scaffold_5,scaffold,svr
5,425,0.9317647058823529,0.03176470588235292,141.0357072102763,True,similarity,SCP,scaffold_5,scaffold,svr
Polydienes,18,0.5,-0.4,141.03570721027629,True,family,SCP,scaffold_5,scaffold,svr
Polysulfides,9,0.5555555555555556,-0.34444444444444444,141.0357072102763,False,family,SCP,scaffold_5,scaffold,svr
Polysiloxanes,43,0.5581395348837209,-0.3418604651162791,141.03570721027629,True,family,SCP,scaffold_5,scaffold,svr
Polyhalo-olefins,3,0.6666666666666666,-0.2333333333333334,141.0357072102763,False,family,SCP,scaffold_5,scaffold,svr
Polyureas,12,0.75,-0.15000000000000002,141.0357072102763,True,family,SCP,scaffold_5,scaffold,svr
Polyphenylenes,117,0.7521367521367521,-0.1478632478632479,141.0357072102763,True,family,SCP,scaffold_5,scaffold,svr
Polyurethanes,45,0.7555555555555555,-0.1444444444444445,141.03570721027629,True,family,SCP,scaffold_5,scaffold,svr
Polystyrenes,190,0.7684210526315789,-0.13157894736842113,141.03570721027629,True,family,SCP,scaffold_5,scaffold,svr
Polyacrylics,170,0.8235294117647058,-0.07647058823529418,141.0357072102763,True,family,SCP,scaffold_5,scaffold,svr
Polyolefins,36,0.8333333333333334,-0.06666666666666665,141.03570721027629,True,family,SCP,scaffold_5,scaffold,svr
Polyethers,137,0.8613138686131386,-0.03868613138686139,141.0357072102763,True,family,SCP,scaffold_5,scaffold,svr
Polyamides,272,0.9007352941176471,0.0007352941176470562,141.0357072102763,True,family,SCP,scaffold_5,scaffold,svr
Polyimides,351,0.9031339031339032,0.0031339031339031598,141.0357072102763,True,family,SCP,scaffold_5,scaffold,svr
Polysulfones,42,0.9047619047619048,0.004761904761904745,141.0357072102763,True,family,SCP,scaffold_5,scaffold,svr
Polycarbonates,22,0.9090909090909091,0.009090909090909038,141.03570721027626,True,family,SCP,scaffold_5,scaffold,svr
Polyesters,168,0.9226190476190477,0.02261904761904765,141.0357072102763,True,family,SCP,scaffold_5,scaffold,svr
Polyvinyls,70,0.9714285714285714,0.0714285714285714,141.03570721027629,True,family,SCP,scaffold_5,scaffold,svr
Other backbone,18,1.0,0.09999999999999998,141.03570721027629,True,family,SCP,scaffold_5,scaffold,svr
Polyanhydrides,26,1.0,0.09999999999999998,141.03570721027629,True,family,SCP,scaffold_5,scaffold,svr
Polyimines,11,1.0,0.09999999999999998,141.0357072102763,True,family,SCP,scaffold_5,scaffold,svr
Polyphosphazenes,11,1.0,0.09999999999999998,141.0357072102763,True,family,SCP,scaffold_5,scaffold,svr
1,309,0.8673139158576052,-0.03268608414239482,177.17978371172057,True,similarity,Mondrian-similarity,scaffold_5,scaffold,svr
5,425,0.8729411764705882,-0.027058823529411802,101.59459097170009,True,similarity,Mondrian-similarity,scaffold_5,scaffold,svr
4,244,0.9016393442622951,0.0016393442622950616,128.50038527449013,True,similarity,Mondrian-similarity,scaffold_5,scaffold,svr
2,332,0.9066265060240963,0.0066265060240963125,208.9048762942113,True,similarity,Mondrian-similarity,scaffold_5,scaffold,svr
3,253,0.924901185770751,0.024901185770750955,172.64658661627092,True,similarity,Mondrian-similarity,scaffold_5,scaffold,svr
0,208,0.9807692307692307,0.0807692307692307,388.48631499540994,True,similarity,Mondrian-similarity,scaffold_5,scaffold,svr
Polyhalo-olefins,3,0.6666666666666666,-0.2333333333333334,125.27858951989037,False,family,Mondrian-similarity,scaffold_5,scaffold,svr
Polyphenylenes,117,0.7435897435897436,-0.1564102564102564,210.25534331356914,True,family,Mondrian-similarity,scaffold_5,scaffold,svr
Polyureas,12,0.75,-0.15000000000000002,145.53006780018373,True,family,Mondrian-similarity,scaffold_5,scaffold,svr
Polydienes,18,0.7777777777777778,-0.12222222222222223,329.79005630549625,True,family,Mondrian-similarity,scaffold_5,scaffold,svr
Polyurethanes,45,0.8,-0.09999999999999998,184.6973079231015,True,family,Mondrian-similarity,scaffold_5,scaffold,svr
Polysulfides,9,0.8888888888888888,-0.011111111111111183,272.90224713181794,False,family,Mondrian-similarity,scaffold_5,scaffold,svr
Polyethers,137,0.8905109489051095,-0.00948905109489051,182.66103840134534,True,family,Mondrian-similarity,scaffold_5,scaffold,svr
Polyimides,351,0.9002849002849003,0.0002849002849002469,129.6179020612842,True,family,Mondrian-similarity,scaffold_5,scaffold,svr
Polysulfones,42,0.9047619047619048,0.004761904761904745,159.3586427991544,True,family,Mondrian-similarity,scaffold_5,scaffold,svr
Polystyrenes,190,0.9052631578947369,0.0052631578947368585,233.43776857894318,True,family,Mondrian-similarity,scaffold_5,scaffold,svr
Polysiloxanes,43,0.9069767441860465,0.006976744186046435,209.31078143215157,True,family,Mondrian-similarity,scaffold_5,scaffold,svr
Polyamides,272,0.9080882352941176,0.008088235294117618,161.3248653047957,True,family,Mondrian-similarity,scaffold_5,scaffold,svr
Polyolefins,36,0.9166666666666666,0.016666666666666607,267.4781398640828,True,family,Mondrian-similarity,scaffold_5,scaffold,svr
Polyesters,168,0.9345238095238095,0.03452380952380951,160.1658522477779,True,family,Mondrian-similarity,scaffold_5,scaffold,svr
Polyacrylics,170,0.9411764705882353,0.04117647058823526,191.5253733138149,True,family,Mondrian-similarity,scaffold_5,scaffold,svr
Other backbone,18,1.0,0.09999999999999998,253.97751284949098,True,family,Mondrian-similarity,scaffold_5,scaffold,svr
Polycarbonates,22,1.0,0.09999999999999998,207.2397075020224,True,family,Mondrian-similarity,scaffold_5,scaffold,svr
Polyanhydrides,26,1.0,0.09999999999999998,199.39072081946728,True,family,Mondrian-similarity,scaffold_5,scaffold,svr
Polyvinyls,70,1.0,0.09999999999999998,256.99352045452633,True,family,Mondrian-similarity,scaffold_5,scaffold,svr
Polyimines,11,1.0,0.09999999999999998,167.00498829774952,True,family,Mondrian-similarity,scaffold_5,scaffold,svr
Polyphosphazenes,11,1.0,0.09999999999999998,182.75317837036152,True,family,Mondrian-similarity,scaffold_5,scaffold,svr
0,208,0.7932692307692307,-0.1067307692307693,163.50236332513538,True,similarity,Mondrian-family,scaffold_5,scaffold,svr
1,309,0.7993527508090615,-0.10064724919093848,158.33973478001636,True,similarity,Mondrian-family,scaffold_5,scaffold,svr
2,332,0.8493975903614458,-0.050602409638554224,155.12752861746722,True,similarity,Mondrian-family,scaffold_5,scaffold,svr
3,253,0.8932806324110671,-0.0067193675889328786,150.02301576031053,True,similarity,Mondrian-family,scaffold_5,scaffold,svr
4,244,0.9057377049180327,0.0057377049180327155,136.61755920733117,True,similarity,Mondrian-family,scaffold_5,scaffold,svr
5,425,0.9388235294117647,0.0388235294117647,139.39758585084107,True,similarity,Mondrian-family,scaffold_5,scaffold,svr
Polydienes,18,0.5,-0.4,141.03570721027629,True,family,Mondrian-family,scaffold_5,scaffold,svr
Polysulfides,9,0.5555555555555556,-0.34444444444444444,141.0357072102763,False,family,Mondrian-family,scaffold_5,scaffold,svr
Polyhalo-olefins,3,0.6666666666666666,-0.2333333333333334,141.0357072102763,False,family,Mondrian-family,scaffold_5,scaffold,svr
Polyureas,12,0.75,-0.15000000000000002,141.0357072102763,True,family,Mondrian-family,scaffold_5,scaffold,svr
Polystyrenes,190,0.7684210526315789,-0.13157894736842113,141.03570721027629,True,family,Mondrian-family,scaffold_5,scaffold,svr
Polyethers,137,0.7883211678832117,-0.1116788321167883,113.61246176702556,True,family,Mondrian-family,scaffold_5,scaffold,svr
Polyolefins,36,0.8333333333333334,-0.06666666666666665,141.03570721027629,True,family,Mondrian-family,scaffold_5,scaffold,svr
Polyurethanes,45,0.8444444444444444,-0.05555555555555558,184.2471055291088,True,family,Mondrian-family,scaffold_5,scaffold,svr
Polysulfones,42,0.8571428571428571,-0.04285714285714293,123.65486178705203,True,family,Mondrian-family,scaffold_5,scaffold,svr
Polycarbonates,22,0.8636363636363636,-0.036363636363636376,132.47709465838182,True,family,Mondrian-family,scaffold_5,scaffold,svr
Polyimides,351,0.8803418803418803,-0.0196581196581197,124.22335708363434,True,family,Mondrian-family,scaffold_5,scaffold,svr
Polyphenylenes,117,0.8803418803418803,-0.0196581196581197,255.01542927856443,True,family,Mondrian-family,scaffold_5,scaffold,svr
Polyacrylics,170,0.8823529411764706,-0.01764705882352946,155.09514327937976,True,family,Mondrian-family,scaffold_5,scaffold,svr
Polyamides,272,0.9044117647058824,0.004411764705882337,142.65648035506388,True,family,Mondrian-family,scaffold_5,scaffold,svr
Polyesters,168,0.9166666666666666,0.016666666666666607,133.8684305667242,True,family,Mondrian-family,scaffold_5,scaffold,svr
Polysiloxanes,43,0.9302325581395349,0.03023255813953485,261.98505595467196,True,family,Mondrian-family,scaffold_5,scaffold,svr
Polyanhydrides,26,1.0,0.09999999999999998,141.03570721027629,True,family,Mondrian-family,scaffold_5,scaffold,svr
Polyvinyls,70,1.0,0.09999999999999998,193.41632466088186,True,family,Mondrian-family,scaffold_5,scaffold,svr
Other backbone,18,1.0,0.09999999999999998,141.03570721027629,True,family,Mondrian-family,scaffold_5,scaffold,svr
Polyimines,11,1.0,0.09999999999999998,141.0357072102763,True,family,Mondrian-family,scaffold_5,scaffold,svr
Polyphosphazenes,11,1.0,0.09999999999999998,141.0357072102763,True,family,Mondrian-family,scaffold_5,scaffold,svr
1,309,0.8155339805825242,-0.08446601941747578,169.38917043747963,True,similarity,Normalised SCP,scaffold_5,scaffold,svr
2,332,0.8433734939759037,-0.05662650602409636,159.45971370067585,True,similarity,Normalised SCP,scaffold_5,scaffold,svr
3,253,0.8537549407114624,-0.046245059288537615,138.04421866883914,True,similarity,Normalised SCP,scaffold_5,scaffold,svr
0,208,0.8653846153846154,-0.0346153846153846,219.45192752156072,True,similarity,Normalised SCP,scaffold_5,scaffold,svr
4,244,0.930327868852459,0.030327868852458972,138.09538609166546,True,similarity,Normalised SCP,scaffold_5,scaffold,svr
5,425,0.9411764705882353,0.04117647058823526,143.5954139008087,True,similarity,Normalised SCP,scaffold_5,scaffold,svr
Polyurethanes,45,0.6888888888888889,-0.21111111111111114,117.0872578131905,True,family,Normalised SCP,scaffold_5,scaffold,svr
Polysiloxanes,43,0.6976744186046512,-0.20232558139534884,161.10738209550266,True,family,Normalised SCP,scaffold_5,scaffold,svr
Polyureas,12,0.75,-0.15000000000000002,109.1552887411798,True,family,Normalised SCP,scaffold_5,scaffold,svr
Polyphenylenes,117,0.8205128205128205,-0.07948717948717954,210.51422189858303,True,family,Normalised SCP,scaffold_5,scaffold,svr
Polyacrylics,170,0.8294117647058824,-0.07058823529411762,147.15318008990747,True,family,Normalised SCP,scaffold_5,scaffold,svr
Polysulfones,42,0.8333333333333334,-0.06666666666666665,141.7458436500671,True,family,Normalised SCP,scaffold_5,scaffold,svr
Polyethers,137,0.8467153284671532,-0.05328467153284677,148.74593832067947,True,family,Normalised SCP,scaffold_5,scaffold,svr
Polyamides,272,0.8713235294117647,-0.028676470588235303,116.09215679178169,True,family,Normalised SCP,scaffold_5,scaffold,svr
Polysulfides,9,0.8888888888888888,-0.011111111111111183,282.31223360973223,False,family,Normalised SCP,scaffold_5,scaffold,svr
Polystyrenes,190,0.8894736842105263,-0.010526315789473717,217.7599676443646,True,family,Normalised SCP,scaffold_5,scaffold,svr
Polyimides,351,0.9116809116809117,0.011680911680911676,139.71438982569765,True,family,Normalised SCP,scaffold_5,scaffold,svr
Polyesters,168,0.9166666666666666,0.016666666666666607,132.28749133565987,True,family,Normalised SCP,scaffold_5,scaffold,svr
Polyolefins,36,0.9444444444444444,0.0444444444444444,250.71507458486678,True,family,Normalised SCP,scaffold_5,scaffold,svr
Polydienes,18,0.9444444444444444,0.0444444444444444,345.109028958764,True,family,Normalised SCP,scaffold_5,scaffold,svr
Polycarbonates,22,0.9545454545454546,0.054545454545454564,162.06611249298024,True,family,Normalised SCP,scaffold_5,scaffold,svr
Polyanhydrides,26,0.9615384615384616,0.06153846153846154,138.17199624791448,True,family,Normalised SCP,scaffold_5,scaffold,svr
Polyvinyls,70,0.9857142857142858,0.08571428571428574,169.68284622978564,True,family,Normalised SCP,scaffold_5,scaffold,svr
Polyhalo-olefins,3,1.0,0.09999999999999998,460.46122654635633,False,family,Normalised SCP,scaffold_5,scaffold,svr
Other backbone,18,1.0,0.09999999999999998,273.7377209987489,True,family,Normalised SCP,scaffold_5,scaffold,svr
Polyimines,11,1.0,0.09999999999999998,145.73549823087725,True,family,Normalised SCP,scaffold_5,scaffold,svr
Polyphosphazenes,11,1.0,0.09999999999999998,195.52336228455832,True,family,Normalised SCP,scaffold_5,scaffold,svr
0,208,0.7403846153846154,-0.1596153846153846,137.59135999999995,True,similarity,SCP,scaffold_5,scaffold,random_forest
1,309,0.7572815533980582,-0.14271844660194177,137.59136,True,similarity,SCP,scaffold_5,scaffold,random_forest
2,332,0.8554216867469879,-0.04457831325301209,137.59135999999998,True,similarity,SCP,scaffold_5,scaffold,random_forest
3,253,0.8616600790513834,-0.0383399209486166,137.59136,True,similarity,SCP,scaffold_5,scaffold,random_forest
4,244,0.9180327868852459,0.0180327868852459,137.59135999999995,True,similarity,SCP,scaffold_5,scaffold,random_forest
5,425,0.9458823529411765,0.045882352941176485,137.59135999999998,True,similarity,SCP,scaffold_5,scaffold,random_forest
Polysulfides,9,0.4444444444444444,-0.4555555555555556,137.59136,False,family,SCP,scaffold_5,scaffold,random_forest
Polysiloxanes,43,0.46511627906976744,-0.4348837209302326,137.59136000000004,True,family,SCP,scaffold_5,scaffold,random_forest
Polydienes,18,0.5,-0.4,137.59136,True,family,SCP,scaffold_5,scaffold,random_forest
Polyolefins,36,0.75,-0.15000000000000002,137.59136000000004,True,family,SCP,scaffold_5,scaffold,random_forest
Polystyrenes,190,0.7842105263157895,-0.11578947368421055,137.59135999999998,True,family,SCP,scaffold_5,scaffold,random_forest
Polyphenylenes,117,0.7948717948717948,-0.1051282051282052,137.59135999999998,True,family,SCP,scaffold_5,scaffold,random_forest
Polyphosphazenes,11,0.8181818181818182,-0.08181818181818179,137.59135999999998,True,family,SCP,scaffold_5,scaffold,random_forest
Polyurethanes,45,0.8222222222222222,-0.07777777777777783,137.59136000000004,True,family,SCP,scaffold_5,scaffold,random_forest
Polyethers,137,0.8321167883211679,-0.06788321167883216,137.59136,True,family,SCP,scaffold_5,scaffold,random_forest
Other backbone,18,0.8333333333333334,-0.06666666666666665,137.59136,True,family,SCP,scaffold_5,scaffold,random_forest
Polycarbonates,22,0.8636363636363636,-0.036363636363636376,137.59135999999998,True,family,SCP,scaffold_5,scaffold,random_forest
Polyesters,168,0.8928571428571429,-0.0071428571428571175,137.59135999999998,True,family,SCP,scaffold_5,scaffold,random_forest
Polyacrylics,170,0.8941176470588236,-0.00588235294117645,137.59135999999998,True,family,SCP,scaffold_5,scaffold,random_forest
Polyamides,272,0.8970588235294118,-0.002941176470588225,137.59136,True,family,SCP,scaffold_5,scaffold,random_forest
Polysulfones,42,0.9047619047619048,0.004761904761904745,137.59136000000004,True,family,SCP,scaffold_5,scaffold,random_forest
Polyimides,351,0.9088319088319088,0.008831908831908764,137.59136,True,family,SCP,scaffold_5,scaffold,random_forest
Polyureas,12,0.9166666666666666,0.016666666666666607,137.59136,True,family,SCP,scaffold_5,scaffold,random_forest
Polyvinyls,70,0.9571428571428572,0.05714285714285716,137.59136000000004,True,family,SCP,scaffold_5,scaffold,random_forest
Polyanhydrides,26,0.9615384615384616,0.06153846153846154,137.59136,True,family,SCP,scaffold_5,scaffold,random_forest
Polyhalo-olefins,3,1.0,0.09999999999999998,137.59136,False,family,SCP,scaffold_5,scaffold,random_forest
Polyimines,11,1.0,0.09999999999999998,137.59136,True,family,SCP,scaffold_5,scaffold,random_forest
1,309,0.8284789644012945,-0.07152103559870548,162.9133999999999,True,similarity,Mondrian-similarity,scaffold_5,scaffold,random_forest
5,425,0.8588235294117647,-0.04117647058823537,97.67319999999995,True,similarity,Mondrian-similarity,scaffold_5,scaffold,random_forest
2,332,0.9066265060240963,0.0066265060240963125,174.98735999999988,True,similarity,Mondrian-similarity,scaffold_5,scaffold,random_forest
4,244,0.9139344262295082,0.013934426229508134,132.51188000000002,True,similarity,Mondrian-similarity,scaffold_5,scaffold,random_forest
3,253,0.9446640316205533,0.044664031620553324,183.55700000000002,True,similarity,Mondrian-similarity,scaffold_5,scaffold,random_forest
0,208,0.9711538461538461,0.07115384615384612,298.28690000000006,True,similarity,Mondrian-similarity,scaffold_5,scaffold,random_forest
Polyhalo-olefins,3,0.3333333333333333,-0.5666666666666667,126.30113333333331,False,family,Mondrian-similarity,scaffold_5,scaffold,random_forest
Polysiloxanes,43,0.5813953488372093,-0.3186046511627907,184.11210093023254,True,family,Mondrian-similarity,scaffold_5,scaffold,random_forest
Polyphosphazenes,11,0.7272727272727273,-0.17272727272727273,168.4197909090909,True,family,Mondrian-similarity,scaffold_5,scaffold,random_forest
Polysulfides,9,0.7777777777777778,-0.12222222222222223,217.71571777777777,False,family,Mondrian-similarity,scaffold_5,scaffold,random_forest
Polyphenylenes,117,0.7863247863247863,-0.11367521367521372,181.41553401709405,True,family,Mondrian-similarity,scaffold_5,scaffold,random_forest
Polycarbonates,22,0.8181818181818182,-0.08181818181818179,182.46047636363636,True,family,Mondrian-similarity,scaffold_5,scaffold,random_forest
Polyurethanes,45,0.8222222222222222,-0.07777777777777783,171.33755866666664,True,family,Mondrian-similarity,scaffold_5,scaffold,random_forest
Other backbone,18,0.8333333333333334,-0.06666666666666665,211.94502333333332,True,family,Mondrian-similarity,scaffold_5,scaffold,random_forest
Polydienes,18,0.8333333333333334,-0.06666666666666665,260.68315000000007,True,family,Mondrian-similarity,scaffold_5,scaffold,random_forest
Polysulfones,42,0.8809523809523809,-0.01904761904761909,148.37268809523806,True,family,Mondrian-similarity,scaffold_5,scaffold,random_forest
Polyimides,351,0.8974358974358975,-0.002564102564102555,126.33009458689456,True,family,Mondrian-similarity,scaffold_5,scaffold,random_forest
Polyamides,272,0.9044117647058824,0.004411764705882337,151.15207823529408,True,family,Mondrian-similarity,scaffold_5,scaffold,random_forest
Polystyrenes,190,0.9052631578947369,0.0052631578947368585,197.624479368421,True,family,Mondrian-similarity,scaffold_5,scaffold,random_forest
Polyolefins,36,0.9166666666666666,0.016666666666666607,218.44200611111108,True,family,Mondrian-similarity,scaffold_5,scaffold,random_forest
Polyesters,168,0.9285714285714286,0.02857142857142858,150.645821547619,True,family,Mondrian-similarity,scaffold_5,scaffold,random_forest
Polyethers,137,0.9343065693430657,0.03430656934306564,163.4114613138686,True,family,Mondrian-similarity,scaffold_5,scaffold,random_forest
Polyacrylics,170,0.9588235294117647,0.05882352941176472,173.5214078823529,True,family,Mondrian-similarity,scaffold_5,scaffold,random_forest
Polyanhydrides,26,0.9615384615384616,0.06153846153846154,175.94092999999995,True,family,Mondrian-similarity,scaffold_5,scaffold,random_forest
Polyvinyls,70,1.0,0.09999999999999998,213.36128171428567,True,family,Mondrian-similarity,scaffold_5,scaffold,random_forest
Polyureas,12,1.0,0.09999999999999998,138.85159999999993,True,family,Mondrian-similarity,scaffold_5,scaffold,random_forest
Polyimines,11,1.0,0.09999999999999998,157.1541436363636,True,family,Mondrian-similarity,scaffold_5,scaffold,random_forest
0,208,0.7548076923076923,-0.14519230769230773,151.32762999999997,True,similarity,Mondrian-family,scaffold_5,scaffold,random_forest
1,309,0.7831715210355987,-0.1168284789644013,145.276067184466,True,similarity,Mondrian-family,scaffold_5,scaffold,random_forest
2,332,0.8554216867469879,-0.04457831325301209,143.34418060240958,True,similarity,Mondrian-family,scaffold_5,scaffold,random_forest
3,253,0.8656126482213439,-0.03438735177865615,139.34874434782603,True,similarity,Mondrian-family,scaffold_5,scaffold,random_forest
4,244,0.9057377049180327,0.0057377049180327155,132.22855065573768,True,similarity,Mondrian-family,scaffold_5,scaffold,random_forest
5,425,0.9482352941176471,0.04823529411764704,133.11516159999996,True,similarity,Mondrian-family,scaffold_5,scaffold,random_forest
Polysulfides,9,0.4444444444444444,-0.4555555555555556,137.59136,False,family,Mondrian-family,scaffold_5,scaffold,random_forest
Polydienes,18,0.5,-0.4,137.59136,True,family,Mondrian-family,scaffold_5,scaffold,random_forest
Polycarbonates,22,0.6363636363636364,-0.26363636363636367,95.65267999999996,True,family,Mondrian-family,scaffold_5,scaffold,random_forest
Polysiloxanes,43,0.6976744186046512,-0.20232558139534884,179.3718,True,family,Mondrian-family,scaffold_5,scaffold,random_forest
Polyolefins,36,0.75,-0.15000000000000002,137.59136000000004,True,family,Mondrian-family,scaffold_5,scaffold,random_forest
Polystyrenes,190,0.7842105263157895,-0.11578947368421055,137.59135999999998,True,family,Mondrian-family,scaffold_5,scaffold,random_forest
Polyethers,137,0.8102189781021898,-0.08978102189781023,109.19628000000002,True,family,Mondrian-family,scaffold_5,scaffold,random_forest
Polyphosphazenes,11,0.8181818181818182,-0.08181818181818179,137.59135999999998,True,family,Mondrian-family,scaffold_5,scaffold,random_forest
Other backbone,18,0.8333333333333334,-0.06666666666666665,137.59136,True,family,Mondrian-family,scaffold_5,scaffold,random_forest
Polyphenylenes,117,0.8717948717948718,-0.028205128205128216,222.13239999999993,True,family,Mondrian-family,scaffold_5,scaffold,random_forest
Polyamides,272,0.8860294117647058,-0.013970588235294179,125.78795999999987,True,family,Mondrian-family,scaffold_5,scaffold,random_forest
Polyurethanes,45,0.8888888888888888,-0.011111111111111183,188.70856,True,family,Mondrian-family,scaffold_5,scaffold,random_forest
Polyesters,168,0.8928571428571429,-0.0071428571428571175,137.59135999999998,True,family,Mondrian-family,scaffold_5,scaffold,random_forest
Polyacrylics,170,0.8941176470588236,-0.00588235294117645,137.65491999999995,True,family,Mondrian-family,scaffold_5,scaffold,random_forest
Polyimides,351,0.8974358974358975,-0.002564102564102555,124.5016,True,family,Mondrian-family,scaffold_5,scaffold,random_forest
Polysulfones,42,0.9047619047619048,0.004761904761904745,135.61147999999974,True,family,Mondrian-family,scaffold_5,scaffold,random_forest
Polyureas,12,0.9166666666666666,0.016666666666666607,137.59136,True,family,Mondrian-family,scaffold_5,scaffold,random_forest
Polyanhydrides,26,0.9615384615384616,0.06153846153846154,137.59136,True,family,Mondrian-family,scaffold_5,scaffold,random_forest
Polyvinyls,70,1.0,0.09999999999999998,181.55402,True,family,Mondrian-family,scaffold_5,scaffold,random_forest
Polyhalo-olefins,3,1.0,0.09999999999999998,137.59136,False,family,Mondrian-family,scaffold_5,scaffold,random_forest
Polyimines,11,1.0,0.09999999999999998,137.59136,True,family,Mondrian-family,scaffold_5,scaffold,random_forest
1,309,0.7864077669902912,-0.11359223300970878,152.31373127042912,True,similarity,Normalised SCP,scaffold_5,scaffold,random_forest
0,208,0.8317307692307693,-0.06826923076923075,179.18761049193157,True,similarity,Normalised SCP,scaffold_5,scaffold,random_forest
2,332,0.8433734939759037,-0.05662650602409636,144.5336064157268,True,similarity,Normalised SCP,scaffold_5,scaffold,random_forest
3,253,0.8616600790513834,-0.0383399209486166,127.1820856202042,True,similarity,Normalised SCP,scaffold_5,scaffold,random_forest
4,244,0.889344262295082,-0.010655737704918011,130.3858136680608,True,similarity,Normalised SCP,scaffold_5,scaffold,random_forest
5,425,0.9364705882352942,0.036470588235294144,130.7220036999791,True,similarity,Normalised SCP,scaffold_5,scaffold,random_forest
Polysiloxanes,43,0.5813953488372093,-0.3186046511627907,158.30094280208675,True,family,Normalised SCP,scaffold_5,scaffold,random_forest
Polyurethanes,45,0.6888888888888889,-0.21111111111111114,104.092703273185,True,family,Normalised SCP,scaffold_5,scaffold,random_forest
Polysulfides,9,0.7777777777777778,-0.12222222222222223,205.51798206393312,False,family,Normalised SCP,scaffold_5,scaffold,random_forest
Polyesters,168,0.8035714285714286,-0.09642857142857142,116.03134331549919,True,family,Normalised SCP,scaffold_5,scaffold,random_forest
Polyimines,11,0.8181818181818182,-0.08181818181818179,105.84013342732338,True,family,Normalised SCP,scaffold_5,scaffold,random_forest
Polydienes,18,0.8333333333333334,-0.06666666666666665,266.9961625300651,True,family,Normalised SCP,scaffold_5,scaffold,random_forest
Polyphenylenes,117,0.8376068376068376,-0.062393162393162394,169.00390591734435,True,family,Normalised SCP,scaffold_5,scaffold,random_forest
Polyethers,137,0.8467153284671532,-0.05328467153284677,135.16762912095288,True,family,Normalised SCP,scaffold_5,scaffold,random_forest
Polyacrylics,170,0.8470588235294118,-0.05294117647058827,149.84266994260284,True,family,Normalised SCP,scaffold_5,scaffold,random_forest
Polyamides,272,0.8676470588235294,-0.032352941176470584,113.59933777426737,True,family,Normalised SCP,scaffold_5,scaffold,random_forest
Polystyrenes,190,0.868421052631579,-0.03157894736842104,170.87888534006123,True,family,Normalised SCP,scaffold_5,scaffold,random_forest
Polysulfones,42,0.8809523809523809,-0.01904761904761909,141.16827629819056,True,family,Normalised SCP,scaffold_5,scaffold,random_forest
Polyanhydrides,26,0.8846153846153846,-0.015384615384615441,119.72709620811776,True,family,Normalised SCP,scaffold_5,scaffold,random_forest
Polyolefins,36,0.8888888888888888,-0.011111111111111183,224.28524669846104,True,family,Normalised SCP,scaffold_5,scaffold,random_forest
Polyphosphazenes,11,0.9090909090909091,0.009090909090909038,157.5928570492414,True,family,Normalised SCP,scaffold_5,scaffold,random_forest
Polycarbonates,22,0.9090909090909091,0.009090909090909038,159.59249138022616,True,family,Normalised SCP,scaffold_5,scaffold,random_forest
Polyureas,12,0.9166666666666666,0.016666666666666607,114.02707110118104,True,family,Normalised SCP,scaffold_5,scaffold,random_forest
Polyimides,351,0.9230769230769231,0.023076923076923106,134.16359896019148,True,family,Normalised SCP,scaffold_5,scaffold,random_forest
Other backbone,18,1.0,0.09999999999999998,211.13979646415106,True,family,Normalised SCP,scaffold_5,scaffold,random_forest
Polyhalo-olefins,3,1.0,0.09999999999999998,351.8950851564314,False,family,Normalised SCP,scaffold_5,scaffold,random_forest
Polyvinyls,70,1.0,0.09999999999999998,146.53625544721228,True,family,Normalised SCP,scaffold_5,scaffold,random_forest
0,208,0.7307692307692307,-0.1692307692307693,131.74115775369637,True,similarity,SCP,scaffold_5,scaffold,hist_gbr
1,309,0.7411003236245954,-0.15889967637540459,131.74115775369637,True,similarity,SCP,scaffold_5,scaffold,hist_gbr
2,332,0.8524096385542169,-0.0475903614457831,131.74115775369637,True,similarity,SCP,scaffold_5,scaffold,hist_gbr
3,253,0.8972332015810277,-0.002766798418972316,131.7411577536964,True,similarity,SCP,scaffold_5,scaffold,hist_gbr
4,244,0.930327868852459,0.030327868852458972,131.74115775369637,True,similarity,SCP,scaffold_5,scaffold,hist_gbr
5,425,0.9552941176470588,0.05529411764705883,131.74115775369637,True,similarity,SCP,scaffold_5,scaffold,hist_gbr
Polysulfides,9,0.4444444444444444,-0.4555555555555556,131.74115775369637,False,family,SCP,scaffold_5,scaffold,hist_gbr
Polydienes,18,0.5555555555555556,-0.34444444444444444,131.74115775369637,True,family,SCP,scaffold_5,scaffold,hist_gbr
Polyhalo-olefins,3,0.6666666666666666,-0.2333333333333334,131.74115775369637,False,family,SCP,scaffold_5,scaffold,hist_gbr
Polystyrenes,190,0.6736842105263158,-0.22631578947368425,131.7411577536964,True,family,SCP,scaffold_5,scaffold,hist_gbr
Polyolefins,36,0.6944444444444444,-0.2055555555555556,131.74115775369643,True,family,SCP,scaffold_5,scaffold,hist_gbr
Other backbone,18,0.7777777777777778,-0.12222222222222223,131.74115775369637,True,family,SCP,scaffold_5,scaffold,hist_gbr
Polysiloxanes,43,0.7906976744186046,-0.10930232558139541,131.7411577536964,True,family,SCP,scaffold_5,scaffold,hist_gbr
Polyphenylenes,117,0.811965811965812,-0.08803418803418805,131.7411577536964,True,family,SCP,scaffold_5,scaffold,hist_gbr
Polyureas,12,0.8333333333333334,-0.06666666666666665,131.74115775369637,True,family,SCP,scaffold_5,scaffold,hist_gbr
Polyethers,137,0.8394160583941606,-0.060583941605839464,131.74115775369637,True,family,SCP,scaffold_5,scaffold,hist_gbr
Polyurethanes,45,0.8444444444444444,-0.05555555555555558,131.74115775369643,True,family,SCP,scaffold_5,scaffold,hist_gbr
Polycarbonates,22,0.8636363636363636,-0.036363636363636376,131.74115775369637,True,family,SCP,scaffold_5,scaffold,hist_gbr
Polyamides,272,0.8897058823529411,-0.010294117647058898,131.74115775369637,True,family,SCP,scaffold_5,scaffold,hist_gbr
Polyvinyls,70,0.9142857142857143,0.014285714285714235,131.7411577536964,True,family,SCP,scaffold_5,scaffold,hist_gbr
Polyimides,351,0.9145299145299145,0.014529914529914478,131.74115775369637,True,family,SCP,scaffold_5,scaffold,hist_gbr
Polyacrylics,170,0.9235294117647059,0.02352941176470591,131.74115775369637,True,family,SCP,scaffold_5,scaffold,hist_gbr
Polysulfones,42,0.9285714285714286,0.02857142857142858,131.7411577536964,True,family,SCP,scaffold_5,scaffold,hist_gbr
Polyesters,168,0.9464285714285714,0.046428571428571375,131.74115775369637,True,family,SCP,scaffold_5,scaffold,hist_gbr
Polyanhydrides,26,1.0,0.09999999999999998,131.74115775369637,True,family,SCP,scaffold_5,scaffold,hist_gbr
Polyimines,11,1.0,0.09999999999999998,131.74115775369637,True,family,SCP,scaffold_5,scaffold,hist_gbr
Polyphosphazenes,11,1.0,0.09999999999999998,131.74115775369637,True,family,SCP,scaffold_5,scaffold,hist_gbr
5,425,0.8352941176470589,-0.06470588235294117,84.80860489419956,True,similarity,Mondrian-similarity,scaffold_5,scaffold,hist_gbr
1,309,0.8867313915857605,-0.013268608414239491,190.67959911149316,True,similarity,Mondrian-similarity,scaffold_5,scaffold,hist_gbr
2,332,0.9006024096385542,0.00060240963855418,171.50441663168544,True,similarity,Mondrian-similarity,scaffold_5,scaffold,hist_gbr
4,244,0.9057377049180327,0.0057377049180327155,117.7994603652605,True,similarity,Mondrian-similarity,scaffold_5,scaffold,hist_gbr
3,253,0.9288537549407114,0.028853754940711407,158.64223589945485,True,similarity,Mondrian-similarity,scaffold_5,scaffold,hist_gbr
0,208,0.9807692307692307,0.0807692307692307,364.34372737736805,True,similarity,Mondrian-similarity,scaffold_5,scaffold,hist_gbr
Polyhalo-olefins,3,0.6666666666666666,-0.2333333333333334,109.41981522928465,False,family,Mondrian-similarity,scaffold_5,scaffold,hist_gbr
Polyphenylenes,117,0.7606837606837606,-0.13931623931623938,190.6716292383376,True,family,Mondrian-similarity,scaffold_5,scaffold,hist_gbr
Polysulfides,9,0.7777777777777778,-0.12222222222222223,249.73876313345832,False,family,Mondrian-similarity,scaffold_5,scaffold,hist_gbr
Polydienes,18,0.8333333333333334,-0.06666666666666665,316.10369174795846,True,family,Mondrian-similarity,scaffold_5,scaffold,hist_gbr
Polyurethanes,45,0.8444444444444444,-0.05555555555555558,165.86167825097053,True,family,Mondrian-similarity,scaffold_5,scaffold,hist_gbr
Polyolefins,36,0.8611111111111112,-0.03888888888888886,249.4497599802987,True,family,Mondrian-similarity,scaffold_5,scaffold,hist_gbr
Polyimides,351,0.8746438746438746,-0.025356125356125414,113.57113351233569,True,family,Mondrian-similarity,scaffold_5,scaffold,hist_gbr
Polyamides,272,0.8786764705882353,-0.02132352941176474,144.83787054693093,True,family,Mondrian-similarity,scaffold_5,scaffold,hist_gbr
Polyethers,137,0.8832116788321168,-0.016788321167883202,166.4782073084813,True,family,Mondrian-similarity,scaffold_5,scaffold,hist_gbr
Polystyrenes,190,0.8894736842105263,-0.010526315789473717,223.03488984706738,True,family,Mondrian-similarity,scaffold_5,scaffold,hist_gbr
Polyureas,12,0.9166666666666666,0.016666666666666607,133.39850028885994,True,family,Mondrian-similarity,scaffold_5,scaffold,hist_gbr
Polysulfones,42,0.9285714285714286,0.02857142857142858,147.13504212263425,True,family,Mondrian-similarity,scaffold_5,scaffold,hist_gbr
Other backbone,18,0.9444444444444444,0.0444444444444444,240.76192233609572,True,family,Mondrian-similarity,scaffold_5,scaffold,hist_gbr
Polysiloxanes,43,0.9534883720930233,0.05348837209302326,200.1365758232626,True,family,Mondrian-similarity,scaffold_5,scaffold,hist_gbr
Polycarbonates,22,0.9545454545454546,0.054545454545454564,194.83693042216902,True,family,Mondrian-similarity,scaffold_5,scaffold,hist_gbr
Polyesters,168,0.9583333333333334,0.05833333333333335,144.93250516178153,True,family,Mondrian-similarity,scaffold_5,scaffold,hist_gbr
Polyacrylics,170,0.9588235294117647,0.05882352941176472,176.3538262516157,True,family,Mondrian-similarity,scaffold_5,scaffold,hist_gbr
Polyvinyls,70,0.9857142857142858,0.08571428571428574,251.4575414335136,True,family,Mondrian-similarity,scaffold_5,scaffold,hist_gbr
Polyanhydrides,26,1.0,0.09999999999999998,178.09073866241428,True,family,Mondrian-similarity,scaffold_5,scaffold,hist_gbr
Polyimines,11,1.0,0.09999999999999998,153.14793328808156,True,family,Mondrian-similarity,scaffold_5,scaffold,hist_gbr
Polyphosphazenes,11,1.0,0.09999999999999998,168.36864879234088,True,family,Mondrian-similarity,scaffold_5,scaffold,hist_gbr
0,208,0.7403846153846154,-0.1596153846153846,139.31045066264122,True,similarity,Mondrian-family,scaffold_5,scaffold,hist_gbr
1,309,0.7443365695792881,-0.15566343042071196,133.49489123058586,True,similarity,Mondrian-family,scaffold_5,scaffold,hist_gbr
2,332,0.8554216867469879,-0.04457831325301209,134.76340003215233,True,similarity,Mondrian-family,scaffold_5,scaffold,hist_gbr
3,253,0.8814229249011858,-0.018577075098814233,131.9615577737497,True,similarity,Mondrian-family,scaffold_5,scaffold,hist_gbr
4,244,0.9221311475409836,0.022131147540983553,127.36416551903,True,similarity,Mondrian-family,scaffold_5,scaffold,hist_gbr
5,425,0.9505882352941176,0.0505882352941176,130.83984037680753,True,similarity,Mondrian-family,scaffold_5,scaffold,hist_gbr
Polysulfides,9,0.4444444444444444,-0.4555555555555556,131.74115775369637,False,family,Mondrian-family,scaffold_5,scaffold,hist_gbr
Polydienes,18,0.5555555555555556,-0.34444444444444444,131.74115775369637,True,family,Mondrian-family,scaffold_5,scaffold,hist_gbr
Polyhalo-olefins,3,0.6666666666666666,-0.2333333333333334,131.74115775369637,False,family,Mondrian-family,scaffold_5,scaffold,hist_gbr
Polystyrenes,190,0.6736842105263158,-0.22631578947368425,131.7411577536964,True,family,Mondrian-family,scaffold_5,scaffold,hist_gbr
Polyolefins,36,0.6944444444444444,-0.2055555555555556,131.74115775369643,True,family,Mondrian-family,scaffold_5,scaffold,hist_gbr
Other backbone,18,0.7777777777777778,-0.12222222222222223,131.74115775369637,True,family,Mondrian-family,scaffold_5,scaffold,hist_gbr
Polyethers,137,0.7956204379562044,-0.10437956204379562,106.53168103971848,True,family,Mondrian-family,scaffold_5,scaffold,hist_gbr
Polyureas,12,0.8333333333333334,-0.06666666666666665,131.74115775369637,True,family,Mondrian-family,scaffold_5,scaffold,hist_gbr
Polysiloxanes,43,0.8372093023255814,-0.06279069767441858,149.93386394347763,True,family,Mondrian-family,scaffold_5,scaffold,hist_gbr
Polyurethanes,45,0.8444444444444444,-0.05555555555555558,144.7858744580477,True,family,Mondrian-family,scaffold_5,scaffold,hist_gbr
Polycarbonates,22,0.8636363636363636,-0.036363636363636376,112.42046355571824,True,family,Mondrian-family,scaffold_5,scaffold,hist_gbr
Polyphenylenes,117,0.8717948717948718,-0.028205128205128216,207.42288188112792,True,family,Mondrian-family,scaffold_5,scaffold,hist_gbr
Polyamides,272,0.875,-0.025000000000000022,124.92674018088212,True,family,Mondrian-family,scaffold_5,scaffold,hist_gbr
Polysulfones,42,0.8809523809523809,-0.01904761904761909,94.59215160790916,True,family,Mondrian-family,scaffold_5,scaffold,hist_gbr
Polyacrylics,170,0.8941176470588236,-0.00588235294117645,120.7127545152889,True,family,Mondrian-family,scaffold_5,scaffold,hist_gbr
Polyimides,351,0.9145299145299145,0.014529914529914478,129.02264154497178,True,family,Mondrian-family,scaffold_5,scaffold,hist_gbr
Polyesters,168,0.9523809523809523,0.052380952380952306,134.854399608402,True,family,Mondrian-family,scaffold_5,scaffold,hist_gbr
Polyvinyls,70,0.9571428571428572,0.05714285714285716,147.439620725669,True,family,Mondrian-family,scaffold_5,scaffold,hist_gbr
Polyanhydrides,26,1.0,0.09999999999999998,131.74115775369637,True,family,Mondrian-family,scaffold_5,scaffold,hist_gbr
Polyimines,11,1.0,0.09999999999999998,131.74115775369637,True,family,Mondrian-family,scaffold_5,scaffold,hist_gbr
Polyphosphazenes,11,1.0,0.09999999999999998,131.74115775369637,True,family,Mondrian-family,scaffold_5,scaffold,hist_gbr
1,309,0.7799352750809061,-0.12006472491909392,146.93737154855822,True,similarity,Normalised SCP,scaffold_5,scaffold,hist_gbr
0,208,0.8365384615384616,-0.06346153846153846,174.2740851636656,True,similarity,Normalised SCP,scaffold_5,scaffold,hist_gbr
2,332,0.8524096385542169,-0.0475903614457831,138.03178539267935,True,similarity,Normalised SCP,scaffold_5,scaffold,hist_gbr
3,253,0.8774703557312253,-0.022529644268774685,123.82587723194419,True,similarity,Normalised SCP,scaffold_5,scaffold,hist_gbr
4,244,0.9057377049180327,0.0057377049180327155,123.73239037559264,True,similarity,Normalised SCP,scaffold_5,scaffold,hist_gbr
5,425,0.9552941176470588,0.05529411764705883,132.40918205485832,True,similarity,Normalised SCP,scaffold_5,scaffold,hist_gbr
Polysiloxanes,43,0.627906976744186,-0.27209302325581397,117.07320487301399,True,family,Normalised SCP,scaffold_5,scaffold,hist_gbr
Polysulfides,9,0.7777777777777778,-0.12222222222222223,221.45399558700078,False,family,Normalised SCP,scaffold_5,scaffold,hist_gbr
Polystyrenes,190,0.7947368421052632,-0.10526315789473684,160.72476275333918,True,family,Normalised SCP,scaffold_5,scaffold,hist_gbr
Polyurethanes,45,0.8,-0.09999999999999998,108.51370574602429,True,family,Normalised SCP,scaffold_5,scaffold,hist_gbr
Polyphenylenes,117,0.811965811965812,-0.08803418803418805,173.0782529372335,True,family,Normalised SCP,scaffold_5,scaffold,hist_gbr
Polyureas,12,0.8333333333333334,-0.06666666666666665,118.24369158337338,True,family,Normalised SCP,scaffold_5,scaffold,hist_gbr
Polyolefins,36,0.8333333333333334,-0.06666666666666665,220.84047333407742,True,family,Normalised SCP,scaffold_5,scaffold,hist_gbr
Polyethers,137,0.8467153284671532,-0.05328467153284677,143.17444441056008,True,family,Normalised SCP,scaffold_5,scaffold,hist_gbr
Polyamides,272,0.8602941176470589,-0.039705882352941146,113.09022024629536,True,family,Normalised SCP,scaffold_5,scaffold,hist_gbr
Polydienes,18,0.8888888888888888,-0.011111111111111183,284.11757927297936,True,family,Normalised SCP,scaffold_5,scaffold,hist_gbr
Polyesters,168,0.8988095238095238,-0.0011904761904761862,114.19841266406166,True,family,Normalised SCP,scaffold_5,scaffold,hist_gbr
Polyimides,351,0.905982905982906,0.005982905982905962,124.56755278841317,True,family,Normalised SCP,scaffold_5,scaffold,hist_gbr
Polysulfones,42,0.9285714285714286,0.02857142857142858,137.30705518457683,True,family,Normalised SCP,scaffold_5,scaffold,hist_gbr
Polyacrylics,170,0.9411764705882353,0.04117647058823526,144.96656940505773,True,family,Normalised SCP,scaffold_5,scaffold,hist_gbr
Other backbone,18,0.9444444444444444,0.0444444444444444,183.10813446287716,True,family,Normalised SCP,scaffold_5,scaffold,hist_gbr
Polycarbonates,22,0.9545454545454546,0.054545454545454564,144.1373441175456,True,family,Normalised SCP,scaffold_5,scaffold,hist_gbr
Polyvinyls,70,0.9714285714285714,0.0714285714285714,149.85897510461623,True,family,Normalised SCP,scaffold_5,scaffold,hist_gbr
Polyhalo-olefins,3,1.0,0.09999999999999998,422.5006118413416,False,family,Normalised SCP,scaffold_5,scaffold,hist_gbr
Polyanhydrides,26,1.0,0.09999999999999998,119.4208238676274,True,family,Normalised SCP,scaffold_5,scaffold,hist_gbr
Polyimines,11,1.0,0.09999999999999998,128.42653816248523,True,family,Normalised SCP,scaffold_5,scaffold,hist_gbr
Polyphosphazenes,11,1.0,0.09999999999999998,150.25693983411935,True,family,Normalised SCP,scaffold_5,scaffold,hist_gbr
0,208,0.6971153846153846,-0.20288461538461544,127.91836000000005,True,similarity,SCP,scaffold_5,scaffold,extra_trees
1,309,0.7281553398058253,-0.17184466019417477,127.91836000000004,True,similarity,SCP,scaffold_5,scaffold,extra_trees
2,332,0.8493975903614458,-0.050602409638554224,127.91836000000002,True,similarity,SCP,scaffold_5,scaffold,extra_trees
3,253,0.8616600790513834,-0.0383399209486166,127.91836,True,similarity,SCP,scaffold_5,scaffold,extra_trees
4,244,0.9098360655737705,0.00983606557377048,127.91836000000002,True,similarity,SCP,scaffold_5,scaffold,extra_trees
5,425,0.9388235294117647,0.0388235294117647,127.91836000000004,True,similarity,SCP,scaffold_5,scaffold,extra_trees
Polysiloxanes,43,0.37209302325581395,-0.5279069767441861,127.91835999999998,True,family,SCP,scaffold_5,scaffold,extra_trees
Polydienes,18,0.3888888888888889,-0.5111111111111111,127.91836000000002,True,family,SCP,scaffold_5,scaffold,extra_trees
Polysulfides,9,0.4444444444444444,-0.4555555555555556,127.91836000000002,False,family,SCP,scaffold_5,scaffold,extra_trees
Polyhalo-olefins,3,0.6666666666666666,-0.2333333333333334,127.91836,False,family,SCP,scaffold_5,scaffold,extra_trees
Other backbone,18,0.7222222222222222,-0.1777777777777778,127.91836000000002,True,family,SCP,scaffold_5,scaffold,extra_trees
Polyphenylenes,117,0.7692307692307693,-0.13076923076923075,127.91836000000002,True,family,SCP,scaffold_5,scaffold,extra_trees
Polystyrenes,190,0.7736842105263158,-0.12631578947368427,127.91836,True,family,SCP,scaffold_5,scaffold,extra_trees
Polyurethanes,45,0.8,-0.09999999999999998,127.91835999999996,True,family,SCP,scaffold_5,scaffold,extra_trees
Polyolefins,36,0.8055555555555556,-0.09444444444444444,127.91835999999996,True,family,SCP,scaffold_5,scaffold,extra_trees
Polycarbonates,22,0.8181818181818182,-0.08181818181818179,127.91836000000004,True,family,SCP,scaffold_5,scaffold,extra_trees
Polyethers,137,0.8248175182481752,-0.07518248175182485,127.91836,True,family,SCP,scaffold_5,scaffold,extra_trees
Polyureas,12,0.8333333333333334,-0.06666666666666665,127.91836000000005,True,family,SCP,scaffold_5,scaffold,extra_trees
Polyacrylics,170,0.8470588235294118,-0.05294117647058827,127.91836,True,family,SCP,scaffold_5,scaffold,extra_trees
Polyesters,168,0.8869047619047619,-0.01309523809523816,127.91836000000004,True,family,SCP,scaffold_5,scaffold,extra_trees
Polyimides,351,0.8917378917378918,-0.00826210826210827,127.91836000000004,True,family,SCP,scaffold_5,scaffold,extra_trees
Polyamides,272,0.9080882352941176,0.008088235294117618,127.91836,True,family,SCP,scaffold_5,scaffold,extra_trees
Polyphosphazenes,11,0.9090909090909091,0.009090909090909038,127.91835999999998,True,family,SCP,scaffold_5,scaffold,extra_trees
Polysulfones,42,0.9285714285714286,0.02857142857142858,127.91835999999999,True,family,SCP,scaffold_5,scaffold,extra_trees
Polyvinyls,70,0.9571428571428572,0.05714285714285716,127.91835999999998,True,family,SCP,scaffold_5,scaffold,extra_trees
Polyanhydrides,26,1.0,0.09999999999999998,127.91836000000002,True,family,SCP,scaffold_5,scaffold,extra_trees
Polyimines,11,1.0,0.09999999999999998,127.91836000000004,True,family,SCP,scaffold_5,scaffold,extra_trees
5,425,0.7952941176470588,-0.1047058823529412,80.8413999999999,True,similarity,Mondrian-similarity,scaffold_5,scaffold,extra_trees
1,309,0.8543689320388349,-0.04563106796116512,167.92160000000013,True,similarity,Mondrian-similarity,scaffold_5,scaffold,extra_trees
2,332,0.9036144578313253,0.0036144578313253017,166.25396000000046,True,similarity,Mondrian-similarity,scaffold_5,scaffold,extra_trees
3,253,0.9169960474308301,0.016996047430830052,158.33256000000003,True,similarity,Mondrian-similarity,scaffold_5,scaffold,extra_trees
4,244,0.9180327868852459,0.0180327868852459,131.36419999999976,True,similarity,Mondrian-similarity,scaffold_5,scaffold,extra_trees
0,208,0.9759615384615384,0.07596153846153841,354.0391,True,similarity,Mondrian-similarity,scaffold_5,scaffold,extra_trees
Polyhalo-olefins,3,0.3333333333333333,-0.5666666666666667,106.6717866666666,False,family,Mondrian-similarity,scaffold_5,scaffold,extra_trees
Polysiloxanes,43,0.5813953488372093,-0.3186046511627907,188.79582651162806,True,family,Mondrian-similarity,scaffold_5,scaffold,extra_trees
Polyphenylenes,117,0.7435897435897436,-0.1564102564102564,184.3424085470087,True,family,Mondrian-similarity,scaffold_5,scaffold,extra_trees
Polyurethanes,45,0.7555555555555555,-0.1444444444444445,165.5499773333334,True,family,Mondrian-similarity,scaffold_5,scaffold,extra_trees
Polysulfides,9,0.7777777777777778,-0.12222222222222223,242.1081844444445,False,family,Mondrian-similarity,scaffold_5,scaffold,extra_trees
Polyphosphazenes,11,0.8181818181818182,-0.08181818181818179,162.76680909090916,True,family,Mondrian-similarity,scaffold_5,scaffold,extra_trees
Other backbone,18,0.8333333333333334,-0.06666666666666665,229.3743077777779,True,family,Mondrian-similarity,scaffold_5,scaffold,extra_trees
Polydienes,18,0.8333333333333334,-0.06666666666666665,302.3397944444445,True,family,Mondrian-similarity,scaffold_5,scaffold,extra_trees
Polyimides,351,0.8575498575498576,-0.04245014245014245,113.61905059829053,True,family,Mondrian-similarity,scaffold_5,scaffold,extra_trees
Polyolefins,36,0.8611111111111112,-0.03888888888888886,238.9340138888891,True,family,Mondrian-similarity,scaffold_5,scaffold,extra_trees
Polycarbonates,22,0.8636363636363636,-0.036363636363636376,187.24886000000006,True,family,Mondrian-similarity,scaffold_5,scaffold,extra_trees
Polysulfones,42,0.8809523809523809,-0.01904761904761909,144.8186138095238,True,family,Mondrian-similarity,scaffold_5,scaffold,extra_trees
Polyamides,272,0.8933823529411765,-0.006617647058823506,141.20830705882358,True,family,Mondrian-similarity,scaffold_5,scaffold,extra_trees
Polyethers,137,0.8978102189781022,-0.0021897810218978186,164.08915532846711,True,family,Mondrian-similarity,scaffold_5,scaffold,extra_trees
Polyureas,12,0.9166666666666666,0.016666666666666607,134.85159333333328,True,family,Mondrian-similarity,scaffold_5,scaffold,extra_trees
Polystyrenes,190,0.9315789473684211,0.03157894736842104,209.451955157895,True,family,Mondrian-similarity,scaffold_5,scaffold,extra_trees
Polyesters,168,0.9345238095238095,0.03452380952380951,142.34077059523818,True,family,Mondrian-similarity,scaffold_5,scaffold,extra_trees
Polyacrylics,170,0.9529411764705882,0.05294117647058816,168.3485203529414,True,family,Mondrian-similarity,scaffold_5,scaffold,extra_trees
Polyanhydrides,26,1.0,0.09999999999999998,172.1082423076925,True,family,Mondrian-similarity,scaffold_5,scaffold,extra_trees
Polyvinyls,70,1.0,0.09999999999999998,235.8635194285715,True,family,Mondrian-similarity,scaffold_5,scaffold,extra_trees
Polyimines,11,1.0,0.09999999999999998,153.8199436363636,True,family,Mondrian-similarity,scaffold_5,scaffold,extra_trees
0,208,0.7211538461538461,-0.17884615384615388,140.56454500000004,True,similarity,Mondrian-family,scaffold_5,scaffold,extra_trees
1,309,0.7378640776699029,-0.1621359223300971,136.29694355987064,True,similarity,Mondrian-family,scaffold_5,scaffold,extra_trees
2,332,0.8373493975903614,-0.0626506024096386,132.4592850000001,True,similarity,Mondrian-family,scaffold_5,scaffold,extra_trees
3,253,0.8735177865612648,-0.026482213438735247,129.89537146245073,True,similarity,Mondrian-family,scaffold_5,scaffold,extra_trees
4,244,0.9098360655737705,0.00983606557377048,126.04968204918042,True,similarity,Mondrian-family,scaffold_5,scaffold,extra_trees
5,425,0.9458823529411765,0.045882352941176485,125.61558875294125,True,similarity,Mondrian-family,scaffold_5,scaffold,extra_trees
Polydienes,18,0.3888888888888889,-0.5111111111111111,127.91836000000002,True,family,Mondrian-family,scaffold_5,scaffold,extra_trees
Polysulfides,9,0.4444444444444444,-0.4555555555555556,127.91836000000002,False,family,Mondrian-family,scaffold_5,scaffold,extra_trees
Polysiloxanes,43,0.6046511627906976,-0.2953488372093024,172.73939999999996,True,family,Mondrian-family,scaffold_5,scaffold,extra_trees
Polyhalo-olefins,3,0.6666666666666666,-0.2333333333333334,127.91836,False,family,Mondrian-family,scaffold_5,scaffold,extra_trees
Other backbone,18,0.7222222222222222,-0.1777777777777778,127.91836000000002,True,family,Mondrian-family,scaffold_5,scaffold,extra_trees
Polycarbonates,22,0.7727272727272727,-0.12727272727272732,91.57959999999999,True,family,Mondrian-family,scaffold_5,scaffold,extra_trees
Polystyrenes,190,0.7736842105263158,-0.12631578947368427,127.91836,True,family,Mondrian-family,scaffold_5,scaffold,extra_trees
Polyethers,137,0.7883211678832117,-0.1116788321167883,102.1122,True,family,Mondrian-family,scaffold_5,scaffold,extra_trees
Polyolefins,36,0.8055555555555556,-0.09444444444444444,127.91835999999996,True,family,Mondrian-family,scaffold_5,scaffold,extra_trees
Polyacrylics,170,0.8058823529411765,-0.09411764705882353,122.53816000000027,True,family,Mondrian-family,scaffold_5,scaffold,extra_trees
Polyureas,12,0.8333333333333334,-0.06666666666666665,127.91836000000005,True,family,Mondrian-family,scaffold_5,scaffold,extra_trees
Polyphenylenes,117,0.8547008547008547,-0.04529914529914536,185.22090000000006,True,family,Mondrian-family,scaffold_5,scaffold,extra_trees
Polyurethanes,45,0.8666666666666667,-0.033333333333333326,188.94665999999998,True,family,Mondrian-family,scaffold_5,scaffold,extra_trees
Polyamides,272,0.8823529411764706,-0.01764705882352946,114.3532000000002,True,family,Mondrian-family,scaffold_5,scaffold,extra_trees
Polyimides,351,0.8888888888888888,-0.011111111111111183,123.03044000000003,True,family,Mondrian-family,scaffold_5,scaffold,extra_trees
Polyphosphazenes,11,0.9090909090909091,0.009090909090909038,127.91835999999998,True,family,Mondrian-family,scaffold_5,scaffold,extra_trees
Polyesters,168,0.9166666666666666,0.016666666666666607,137.10406000000012,True,family,Mondrian-family,scaffold_5,scaffold,extra_trees
Polysulfones,42,0.9285714285714286,0.02857142857142858,114.63480000000011,True,family,Mondrian-family,scaffold_5,scaffold,extra_trees
Polyanhydrides,26,1.0,0.09999999999999998,127.91836000000002,True,family,Mondrian-family,scaffold_5,scaffold,extra_trees
Polyvinyls,70,1.0,0.09999999999999998,186.26372000000006,True,family,Mondrian-family,scaffold_5,scaffold,extra_trees
Polyimines,11,1.0,0.09999999999999998,127.91836000000004,True,family,Mondrian-family,scaffold_5,scaffold,extra_trees
1,309,0.7766990291262136,-0.12330097087378644,149.11931730829693,True,similarity,Normalised SCP,scaffold_5,scaffold,extra_trees
0,208,0.7884615384615384,-0.11153846153846159,170.77130807835303,True,similarity,Normalised SCP,scaffold_5,scaffold,extra_trees
3,253,0.849802371541502,-0.05019762845849807,125.70797950549075,True,similarity,Normalised SCP,scaffold_5,scaffold,extra_trees
2,332,0.8524096385542169,-0.0475903614457831,137.7068509672949,True,similarity,Normalised SCP,scaffold_5,scaffold,extra_trees
4,244,0.9139344262295082,0.013934426229508134,125.86835970121138,True,similarity,Normalised SCP,scaffold_5,scaffold,extra_trees
5,425,0.9364705882352942,0.036470588235294144,130.119028129893,True,similarity,Normalised SCP,scaffold_5,scaffold,extra_trees
Polysiloxanes,43,0.37209302325581395,-0.5279069767441861,128.90821550886793,True,family,Normalised SCP,scaffold_5,scaffold,extra_trees
Polysulfides,9,0.5555555555555556,-0.34444444444444444,194.8301034886173,False,family,Normalised SCP,scaffold_5,scaffold,extra_trees
Polydienes,18,0.7222222222222222,-0.1777777777777778,219.59902998829452,True,family,Normalised SCP,scaffold_5,scaffold,extra_trees
Polyesters,168,0.7678571428571429,-0.13214285714285712,109.22037317732227,True,family,Normalised SCP,scaffold_5,scaffold,extra_trees
Polyurethanes,45,0.8,-0.09999999999999998,112.90466809390277,True,family,Normalised SCP,scaffold_5,scaffold,extra_trees
Polyphenylenes,117,0.811965811965812,-0.08803418803418805,161.837637407269,True,family,Normalised SCP,scaffold_5,scaffold,extra_trees
Polyureas,12,0.8333333333333334,-0.06666666666666665,116.79359823106131,True,family,Normalised SCP,scaffold_5,scaffold,extra_trees
Polystyrenes,190,0.8631578947368421,-0.0368421052631579,157.06094301272745,True,family,Normalised SCP,scaffold_5,scaffold,extra_trees
Polyacrylics,170,0.8647058823529412,-0.03529411764705881,154.51004657616753,True,family,Normalised SCP,scaffold_5,scaffold,extra_trees
Polyethers,137,0.8686131386861314,-0.031386861313868586,140.4679970569333,True,family,Normalised SCP,scaffold_5,scaffold,extra_trees
Polyamides,272,0.875,-0.025000000000000022,114.06240435728365,True,family,Normalised SCP,scaffold_5,scaffold,extra_trees
Polysulfones,42,0.9047619047619048,0.004761904761904745,142.1287746803589,True,family,Normalised SCP,scaffold_5,scaffold,extra_trees
Polyphosphazenes,11,0.9090909090909091,0.009090909090909038,146.68302336490478,True,family,Normalised SCP,scaffold_5,scaffold,extra_trees
Polyolefins,36,0.9166666666666666,0.016666666666666607,205.56164914534781,True,family,Normalised SCP,scaffold_5,scaffold,extra_trees
Polyimides,351,0.9230769230769231,0.023076923076923106,128.07210662587272,True,family,Normalised SCP,scaffold_5,scaffold,extra_trees
Other backbone,18,0.9444444444444444,0.0444444444444444,183.0083312110969,True,family,Normalised SCP,scaffold_5,scaffold,extra_trees
Polycarbonates,22,0.9545454545454546,0.054545454545454564,158.21087650132725,True,family,Normalised SCP,scaffold_5,scaffold,extra_trees
Polyanhydrides,26,0.9615384615384616,0.06153846153846154,124.27244198182112,True,family,Normalised SCP,scaffold_5,scaffold,extra_trees
Polyvinyls,70,0.9857142857142858,0.08571428571428574,161.42144470769102,True,family,Normalised SCP,scaffold_5,scaffold,extra_trees
Polyhalo-olefins,3,1.0,0.09999999999999998,385.8667429838463,False,family,Normalised SCP,scaffold_5,scaffold,extra_trees
Polyimines,11,1.0,0.09999999999999998,121.92668906258342,True,family,Normalised SCP,scaffold_5,scaffold,extra_trees
4,302,0.8807947019867549,-0.01920529801324511,368.0,True,similarity,SCP,scaffold_6,scaffold,median
3,263,0.8935361216730038,-0.006463878326996242,368.0,True,similarity,SCP,scaffold_6,scaffold,median
5,493,0.9087221095334685,0.008722109533468525,368.0,True,similarity,SCP,scaffold_6,scaffold,median
0,78,0.9230769230769231,0.023076923076923106,368.0,True,similarity,SCP,scaffold_6,scaffold,median
2,197,0.949238578680203,0.04923857868020298,368.0,True,similarity,SCP,scaffold_6,scaffold,median
1,102,0.9901960784313726,0.09019607843137256,368.0,True,similarity,SCP,scaffold_6,scaffold,median
Polysulfides,4,0.5,-0.4,368.0,False,family,SCP,scaffold_6,scaffold,median
Polydienes,6,0.6666666666666666,-0.2333333333333334,368.0,False,family,SCP,scaffold_6,scaffold,median
Polyimines,16,0.8125,-0.08750000000000002,368.0,True,family,SCP,scaffold_6,scaffold,median
Polyimides,431,0.8352668213457076,-0.0647331786542924,368.0,True,family,SCP,scaffold_6,scaffold,median
Polyethers,112,0.8482142857142857,-0.051785714285714324,368.0,True,family,SCP,scaffold_6,scaffold,median
Polyphenylenes,62,0.8548387096774194,-0.04516129032258065,368.0,True,family,SCP,scaffold_6,scaffold,median
Polyolefins,16,0.875,-0.025000000000000022,368.0,True,family,SCP,scaffold_6,scaffold,median
Polyamides,229,0.9432314410480349,0.04323144104803489,368.0,True,family,SCP,scaffold_6,scaffold,median
Polycarbonates,32,0.96875,0.06874999999999998,368.0,True,family,SCP,scaffold_6,scaffold,median
Polyesters,162,0.9753086419753086,0.07530864197530862,368.0,True,family,SCP,scaffold_6,scaffold,median
Polysulfones,99,0.9797979797979798,0.07979797979797976,368.0,True,family,SCP,scaffold_6,scaffold,median
Polyacrylics,124,1.0,0.09999999999999998,368.0,True,family,SCP,scaffold_6,scaffold,median
Other backbone,4,1.0,0.09999999999999998,368.0,False,family,SCP,scaffold_6,scaffold,median
Polyhalo-olefins,1,1.0,0.09999999999999998,368.0,False,family,SCP,scaffold_6,scaffold,median
Polyphosphazenes,13,1.0,0.09999999999999998,368.0,True,family,SCP,scaffold_6,scaffold,median
Polyurethanes,28,1.0,0.09999999999999998,368.0,True,family,SCP,scaffold_6,scaffold,median
Polyvinyls,15,1.0,0.09999999999999998,368.0,True,family,SCP,scaffold_6,scaffold,median
Polystyrenes,16,1.0,0.09999999999999998,368.0,True,family,SCP,scaffold_6,scaffold,median
Polyureas,3,1.0,0.09999999999999998,368.0,False,family,SCP,scaffold_6,scaffold,median
Polyanhydrides,31,1.0,0.09999999999999998,368.0,True,family,SCP,scaffold_6,scaffold,median
Polysiloxanes,31,1.0,0.09999999999999998,368.0,True,family,SCP,scaffold_6,scaffold,median
3,263,0.870722433460076,-0.02927756653992397,348.0,True,similarity,Mondrian-similarity,scaffold_6,scaffold,median
4,302,0.8940397350993378,-0.00596026490066226,394.0,True,similarity,Mondrian-similarity,scaffold_6,scaffold,median
5,493,0.9168356997971603,0.016835699797160264,376.0,True,similarity,Mondrian-similarity,scaffold_6,scaffold,median
2,197,0.949238578680203,0.04923857868020298,348.0,True,similarity,Mondrian-similarity,scaffold_6,scaffold,median
0,78,0.9871794871794872,0.0871794871794872,467.0,True,similarity,Mondrian-similarity,scaffold_6,scaffold,median
1,102,0.9901960784313726,0.09019607843137256,364.0,True,similarity,Mondrian-similarity,scaffold_6,scaffold,median
Polysulfides,4,0.5,-0.4,366.5,False,family,Mondrian-similarity,scaffold_6,scaffold,median
Polyimides,431,0.8329466357308585,-0.06705336426914155,376.1136890951276,True,family,Mondrian-similarity,scaffold_6,scaffold,median
Polydienes,6,0.8333333333333334,-0.06666666666666665,407.5,False,family,Mondrian-similarity,scaffold_6,scaffold,median
Polyphenylenes,62,0.8548387096774194,-0.04516129032258065,379.01612903225805,True,family,Mondrian-similarity,scaffold_6,scaffold,median
Polyethers,112,0.8660714285714286,-0.03392857142857142,372.4017857142857,True,family,Mondrian-similarity,scaffold_6,scaffold,median
Polyolefins,16,0.9375,0.03749999999999998,421.875,True,family,Mondrian-similarity,scaffold_6,scaffold,median
Polyamides,229,0.9475982532751092,0.04759825327510914,373.7467248908297,True,family,Mondrian-similarity,scaffold_6,scaffold,median
Polycarbonates,32,0.96875,0.06874999999999998,364.21875,True,family,Mondrian-similarity,scaffold_6,scaffold,median
Polyesters,162,0.9753086419753086,0.07530864197530862,370.41358024691357,True,family,Mondrian-similarity,scaffold_6,scaffold,median
Polysulfones,99,0.9797979797979798,0.07979797979797976,371.55555555555554,True,family,Mondrian-similarity,scaffold_6,scaffold,median
Polyimines,16,1.0,0.09999999999999998,403.0625,True,family,Mondrian-similarity,scaffold_6,scaffold,median
Polyphosphazenes,13,1.0,0.09999999999999998,422.53846153846155,True,family,Mondrian-similarity,scaffold_6,scaffold,median
Other backbone,4,1.0,0.09999999999999998,396.25,False,family,Mondrian-similarity,scaffold_6,scaffold,median
Polyhalo-olefins,1,1.0,0.09999999999999998,376.0,False,family,Mondrian-similarity,scaffold_6,scaffold,median
Polyacrylics,124,1.0,0.09999999999999998,370.7258064516129,True,family,Mondrian-similarity,scaffold_6,scaffold,median
Polyurethanes,28,1.0,0.09999999999999998,368.64285714285717,True,family,Mondrian-similarity,scaffold_6,scaffold,median
Polyvinyls,15,1.0,0.09999999999999998,378.06666666666666,True,family,Mondrian-similarity,scaffold_6,scaffold,median
Polystyrenes,16,1.0,0.09999999999999998,367.625,True,family,Mondrian-similarity,scaffold_6,scaffold,median
Polyureas,3,1.0,0.09999999999999998,362.6666666666667,False,family,Mondrian-similarity,scaffold_6,scaffold,median
Polyanhydrides,31,1.0,0.09999999999999998,376.7096774193548,True,family,Mondrian-similarity,scaffold_6,scaffold,median
Polysiloxanes,31,1.0,0.09999999999999998,369.93548387096774,True,family,Mondrian-similarity,scaffold_6,scaffold,median
4,302,0.8940397350993378,-0.00596026490066226,366.9549668874172,True,similarity,Mondrian-family,scaffold_6,scaffold,median
3,263,0.9011406844106464,0.0011406844106464087,366.4053231939164,True,similarity,Mondrian-family,scaffold_6,scaffold,median
0,78,0.9230769230769231,0.023076923076923106,393.7564102564103,True,similarity,Mondrian-family,scaffold_6,scaffold,median
5,493,0.9290060851926978,0.02900608519269776,380.9837728194726,True,similarity,Mondrian-family,scaffold_6,scaffold,median
2,197,0.9441624365482234,0.04416243654822338,371.9959390862944,True,similarity,Mondrian-family,scaffold_6,scaffold,median
1,102,0.9705882352941176,0.07058823529411762,377.0549019607843,True,similarity,Mondrian-family,scaffold_6,scaffold,median
Polysulfides,4,0.5,-0.4,368.0,False,family,Mondrian-family,scaffold_6,scaffold,median
Polydienes,6,0.6666666666666666,-0.2333333333333334,368.0,False,family,Mondrian-family,scaffold_6,scaffold,median
Polyimines,16,0.8125,-0.08750000000000002,368.0,True,family,Mondrian-family,scaffold_6,scaffold,median
Polycarbonates,32,0.84375,-0.05625000000000002,282.0,True,family,Mondrian-family,scaffold_6,scaffold,median
Polyethers,112,0.8660714285714286,-0.03392857142857142,374.0,True,family,Mondrian-family,scaffold_6,scaffold,median
Polyamides,229,0.868995633187773,-0.03100436681222707,312.0,True,family,Mondrian-family,scaffold_6,scaffold,median
Polyolefins,16,0.875,-0.025000000000000022,368.0,True,family,Mondrian-family,scaffold_6,scaffold,median
Polyimides,431,0.9025522041763341,0.002552204176334061,420.0,True,family,Mondrian-family,scaffold_6,scaffold,median
Polyphenylenes,62,0.9354838709677419,0.03548387096774186,528.0,True,family,Mondrian-family,scaffold_6,scaffold,median
Polyesters,162,0.9567901234567902,0.05679012345679013,327.0,True,family,Mondrian-family,scaffold_6,scaffold,median
Polyurethanes,28,0.9642857142857143,0.06428571428571428,251.0,True,family,Mondrian-family,scaffold_6,scaffold,median
Polyacrylics,124,1.0,0.09999999999999998,260.0,True,family,Mondrian-family,scaffold_6,scaffold,median
Other backbone,4,1.0,0.09999999999999998,368.0,False,family,Mondrian-family,scaffold_6,scaffold,median
Polysulfones,99,1.0,0.09999999999999998,510.0,True,family,Mondrian-family,scaffold_6,scaffold,median
Polyphosphazenes,13,1.0,0.09999999999999998,368.0,True,family,Mondrian-family,scaffold_6,scaffold,median
Polyhalo-olefins,1,1.0,0.09999999999999998,368.0,False,family,Mondrian-family,scaffold_6,scaffold,median
Polyvinyls,15,1.0,0.09999999999999998,348.0,True,family,Mondrian-family,scaffold_6,scaffold,median
Polystyrenes,16,1.0,0.09999999999999998,238.0,True,family,Mondrian-family,scaffold_6,scaffold,median
Polyureas,3,1.0,0.09999999999999998,368.0,False,family,Mondrian-family,scaffold_6,scaffold,median
Polyanhydrides,31,1.0,0.09999999999999998,368.0,True,family,Mondrian-family,scaffold_6,scaffold,median
Polysiloxanes,31,1.0,0.09999999999999998,483.7999999999998,True,family,Mondrian-family,scaffold_6,scaffold,median
0,78,0.6025641025641025,-0.2974358974358975,179.06702345651954,True,similarity,Normalised SCP,scaffold_6,scaffold,median
1,102,0.7352941176470589,-0.16470588235294115,206.02187689508452,True,similarity,Normalised SCP,scaffold_6,scaffold,median
2,197,0.8121827411167513,-0.08781725888324876,239.80557318247074,True,similarity,Normalised SCP,scaffold_6,scaffold,median
3,263,0.8745247148288974,-0.025475285171102646,305.060694874595,True,similarity,Normalised SCP,scaffold_6,scaffold,median
4,302,0.9172185430463576,0.017218543046357615,345.66251994206004,True,similarity,Normalised SCP,scaffold_6,scaffold,median
5,493,0.9249492900608519,0.024949290060851892,369.5074786423688,True,similarity,Normalised SCP,scaffold_6,scaffold,median
Polyhalo-olefins,1,0.0,-0.9,147.6981808415179,False,family,Normalised SCP,scaffold_6,scaffold,median
Polyolefins,16,0.3125,-0.5875,166.03370146166446,True,family,Normalised SCP,scaffold_6,scaffold,median
Polyureas,3,0.3333333333333333,-0.5666666666666667,230.29731009066822,False,family,Normalised SCP,scaffold_6,scaffold,median
Polydienes,6,0.6666666666666666,-0.2333333333333334,273.8053478764604,False,family,Normalised SCP,scaffold_6,scaffold,median
Polycarbonates,32,0.6875,-0.21250000000000002,218.69211828243982,True,family,Normalised SCP,scaffold_6,scaffold,median
Polyanhydrides,31,0.7096774193548387,-0.19032258064516128,155.96565026011532,True,family,Normalised SCP,scaffold_6,scaffold,median
Polysulfones,99,0.7373737373737373,-0.16262626262626267,237.94211469928769,True,family,Normalised SCP,scaffold_6,scaffold,median
Other backbone,4,0.75,-0.15000000000000002,282.27484703625646,False,family,Normalised SCP,scaffold_6,scaffold,median
Polyphosphazenes,13,0.7692307692307693,-0.13076923076923075,249.49164198790373,True,family,Normalised SCP,scaffold_6,scaffold,median
Polyimines,16,0.8125,-0.08750000000000002,239.5363100824266,True,family,Normalised SCP,scaffold_6,scaffold,median
Polyphenylenes,62,0.8387096774193549,-0.06129032258064515,300.8040675753145,True,family,Normalised SCP,scaffold_6,scaffold,median
Polyesters,162,0.845679012345679,-0.05432098765432103,202.19493091804233,True,family,Normalised SCP,scaffold_6,scaffold,median
Polyamides,229,0.8471615720524017,-0.0528384279475983,287.7752615898336,True,family,Normalised SCP,scaffold_6,scaffold,median
Polysiloxanes,31,0.8709677419354839,-0.029032258064516148,269.0446457256263,True,family,Normalised SCP,scaffold_6,scaffold,median
Polystyrenes,16,0.875,-0.025000000000000022,154.43289332714969,True,family,Normalised SCP,scaffold_6,scaffold,median
Polyurethanes,28,0.8928571428571429,-0.0071428571428571175,174.49866944775155,True,family,Normalised SCP,scaffold_6,scaffold,median
Polyacrylics,124,0.8951612903225806,-0.004838709677419395,209.4405379980448,True,family,Normalised SCP,scaffold_6,scaffold,median
Polyethers,112,0.9285714285714286,0.02857142857142858,377.7028829904388,True,family,Normalised SCP,scaffold_6,scaffold,median
Polyimides,431,0.9489559164733179,0.04895591647331787,450.82032363219906,True,family,Normalised SCP,scaffold_6,scaffold,median
Polyvinyls,15,1.0,0.09999999999999998,181.2214206935216,True,family,Normalised SCP,scaffold_6,scaffold,median
Polysulfides,4,1.0,0.09999999999999998,495.1332898420613,False,family,Normalised SCP,scaffold_6,scaffold,median
0,78,0.6282051282051282,-0.27179487179487183,142.76906966159194,True,similarity,SCP,scaffold_6,scaffold,svr
1,102,0.8235294117647058,-0.07647058823529418,142.76906966159194,True,similarity,SCP,scaffold_6,scaffold,svr
2,197,0.8274111675126904,-0.07258883248730963,142.7690696615919,True,similarity,SCP,scaffold_6,scaffold,svr
3,263,0.9201520912547528,0.020152091254752813,142.76906966159194,True,similarity,SCP,scaffold_6,scaffold,svr
4,302,0.9370860927152318,0.03708609271523178,142.76906966159197,True,similarity,SCP,scaffold_6,scaffold,svr
5,493,0.9675456389452333,0.06754563894523324,142.7690696615919,True,similarity,SCP,scaffold_6,scaffold,svr
Polyolefins,16,0.4375,-0.4625,142.76906966159197,True,family,SCP,scaffold_6,scaffold,svr
Polyphosphazenes,13,0.5384615384615384,-0.3615384615384616,142.7690696615919,True,family,SCP,scaffold_6,scaffold,svr
Polydienes,6,0.6666666666666666,-0.2333333333333334,142.76906966159194,False,family,SCP,scaffold_6,scaffold,svr
Polyureas,3,0.6666666666666666,-0.2333333333333334,142.76906966159194,False,family,SCP,scaffold_6,scaffold,svr
Polyimines,16,0.75,-0.15000000000000002,142.76906966159197,True,family,SCP,scaffold_6,scaffold,svr
Polyphenylenes,62,0.7741935483870968,-0.12580645161290327,142.76906966159194,True,family,SCP,scaffold_6,scaffold,svr
Polyvinyls,15,0.8666666666666667,-0.033333333333333326,142.7690696615919,True,family,SCP,scaffold_6,scaffold,svr
Polysulfones,99,0.8686868686868687,-0.03131313131313129,142.76906966159194,True,family,SCP,scaffold_6,scaffold,svr
Polyesters,162,0.8827160493827161,-0.01728395061728394,142.76906966159194,True,family,SCP,scaffold_6,scaffold,svr
Polyurethanes,28,0.8928571428571429,-0.0071428571428571175,142.7690696615919,True,family,SCP,scaffold_6,scaffold,svr
Polyacrylics,124,0.8951612903225806,-0.004838709677419395,142.76906966159197,True,family,SCP,scaffold_6,scaffold,svr
Polycarbonates,32,0.90625,0.006249999999999978,142.76906966159194,True,family,SCP,scaffold_6,scaffold,svr
Polysiloxanes,31,0.9354838709677419,0.03548387096774186,142.76906966159194,True,family,SCP,scaffold_6,scaffold,svr
Polyimides,431,0.9373549883990719,0.03735498839907192,142.76906966159194,True,family,SCP,scaffold_6,scaffold,svr
Polystyrenes,16,0.9375,0.03749999999999998,142.7690696615919,True,family,SCP,scaffold_6,scaffold,svr
Polyamides,229,0.9432314410480349,0.04323144104803489,142.76906966159194,True,family,SCP,scaffold_6,scaffold,svr
Polyethers,112,0.9642857142857143,0.06428571428571428,142.7690696615919,True,family,SCP,scaffold_6,scaffold,svr
Polyanhydrides,31,0.967741935483871,0.06774193548387097,142.76906966159194,True,family,SCP,scaffold_6,scaffold,svr
Polyhalo-olefins,1,1.0,0.09999999999999998,142.7690696615919,False,family,SCP,scaffold_6,scaffold,svr
Other backbone,4,1.0,0.09999999999999998,142.76906966159194,False,family,SCP,scaffold_6,scaffold,svr
Polysulfides,4,1.0,0.09999999999999998,142.76906966159194,False,family,SCP,scaffold_6,scaffold,svr
5,493,0.8945233265720081,-0.005476673427991963,105.69251150735317,True,similarity,Mondrian-similarity,scaffold_6,scaffold,svr
0,78,0.8974358974358975,-0.002564102564102555,307.3130504094488,True,similarity,Mondrian-similarity,scaffold_6,scaffold,svr
2,197,0.9187817258883249,0.01878172588832483,181.83256198721597,True,similarity,Mondrian-similarity,scaffold_6,scaffold,svr
4,302,0.9337748344370861,0.033774834437086065,138.56722485905513,True,similarity,Mondrian-similarity,scaffold_6,scaffold,svr
3,263,0.9619771863117871,0.06197718631178706,186.19570261591753,True,similarity,Mondrian-similarity,scaffold_6,scaffold,svr
1,102,1.0,0.09999999999999998,381.5234241266214,True,similarity,Mondrian-similarity,scaffold_6,scaffold,svr
Polyhalo-olefins,1,0.0,-0.9,105.69251150735317,False,family,Mondrian-similarity,scaffold_6,scaffold,svr
Polydienes,6,0.6666666666666666,-0.2333333333333334,244.5728061983325,False,family,Mondrian-similarity,scaffold_6,scaffold,svr
Polyureas,3,0.6666666666666666,-0.2333333333333334,223.0161658737302,False,family,Mondrian-similarity,scaffold_6,scaffold,svr
Polyolefins,16,0.75,-0.15000000000000002,281.62451786666225,True,family,Mondrian-similarity,scaffold_6,scaffold,svr
Polyimines,16,0.8125,-0.08750000000000002,198.82537932451226,True,family,Mondrian-similarity,scaffold_6,scaffold,svr
Polyphenylenes,62,0.8225806451612904,-0.07741935483870965,202.96324636254488,True,family,Mondrian-similarity,scaffold_6,scaffold,svr
Polyphosphazenes,13,0.8461538461538461,-0.05384615384615388,252.24668170712764,True,family,Mondrian-similarity,scaffold_6,scaffold,svr
Polyurethanes,28,0.8928571428571429,-0.0071428571428571175,164.61634573520502,True,family,Mondrian-similarity,scaffold_6,scaffold,svr
Polyesters,162,0.9135802469135802,0.013580246913580174,173.96880236713326,True,family,Mondrian-similarity,scaffold_6,scaffold,svr
Polyimides,431,0.9280742459396751,0.028074245939675113,150.26745490702353,True,family,Mondrian-similarity,scaffold_6,scaffold,svr
Polyvinyls,15,0.9333333333333333,0.033333333333333326,216.97426716430425,True,family,Mondrian-similarity,scaffold_6,scaffold,svr
Polyethers,112,0.9375,0.03749999999999998,145.55793743710583,True,family,Mondrian-similarity,scaffold_6,scaffold,svr
Polystyrenes,16,0.9375,0.03749999999999998,231.5643879826114,True,family,Mondrian-similarity,scaffold_6,scaffold,svr
Polyamides,229,0.9432314410480349,0.04323144104803489,137.47719628212016,True,family,Mondrian-similarity,scaffold_6,scaffold,svr
Polysulfones,99,0.9494949494949495,0.04949494949494948,201.8029743880779,True,family,Mondrian-similarity,scaffold_6,scaffold,svr
Polyacrylics,124,0.9596774193548387,0.05967741935483872,196.11916952337006,True,family,Mondrian-similarity,scaffold_6,scaffold,svr
Polysiloxanes,31,0.967741935483871,0.06774193548387097,159.27078146180625,True,family,Mondrian-similarity,scaffold_6,scaffold,svr
Polycarbonates,32,0.96875,0.06874999999999998,214.06771805899265,True,family,Mondrian-similarity,scaffold_6,scaffold,svr
Other backbone,4,1.0,0.09999999999999998,183.35133719076833,False,family,Mondrian-similarity,scaffold_6,scaffold,svr
Polyanhydrides,31,1.0,0.09999999999999998,196.94462938200297,True,family,Mondrian-similarity,scaffold_6,scaffold,svr
Polysulfides,4,1.0,0.09999999999999998,153.07200024238546,False,family,Mondrian-similarity,scaffold_6,scaffold,svr
0,78,0.6666666666666666,-0.2333333333333334,165.0993383989067,True,similarity,Mondrian-family,scaffold_6,scaffold,svr
1,102,0.8431372549019608,-0.056862745098039236,162.04593505556124,True,similarity,Mondrian-family,scaffold_6,scaffold,svr
2,197,0.8527918781725888,-0.04720812182741119,159.13258875337027,True,similarity,Mondrian-family,scaffold_6,scaffold,svr
3,263,0.908745247148289,0.008745247148288948,150.318914017273,True,similarity,Mondrian-family,scaffold_6,scaffold,svr
4,302,0.9271523178807947,0.02715231788079464,143.36836899577887,True,similarity,Mondrian-family,scaffold_6,scaffold,svr
5,493,0.9553752535496958,0.05537525354969575,145.11221349277432,True,similarity,Mondrian-family,scaffold_6,scaffold,svr
Polyolefins,16,0.4375,-0.4625,142.76906966159197,True,family,Mondrian-family,scaffold_6,scaffold,svr
Polyphosphazenes,13,0.5384615384615384,-0.3615384615384616,142.7690696615919,True,family,Mondrian-family,scaffold_6,scaffold,svr
Polydienes,6,0.6666666666666666,-0.2333333333333334,142.76906966159194,False,family,Mondrian-family,scaffold_6,scaffold,svr
Polyureas,3,0.6666666666666666,-0.2333333333333334,142.76906966159194,False,family,Mondrian-family,scaffold_6,scaffold,svr
Polyvinyls,15,0.7333333333333333,-0.16666666666666674,88.19638766715434,True,family,Mondrian-family,scaffold_6,scaffold,svr
Polyimines,16,0.75,-0.15000000000000002,142.76906966159197,True,family,Mondrian-family,scaffold_6,scaffold,svr
Polyesters,162,0.8209876543209876,-0.07901234567901239,116.12786153475463,True,family,Mondrian-family,scaffold_6,scaffold,svr
Polyacrylics,124,0.8709677419354839,-0.029032258064516148,135.34934683451007,True,family,Mondrian-family,scaffold_6,scaffold,svr
Polycarbonates,32,0.875,-0.025000000000000022,100.64235888307485,True,family,Mondrian-family,scaffold_6,scaffold,svr
Polyurethanes,28,0.8928571428571429,-0.0071428571428571175,184.33658376017016,True,family,Mondrian-family,scaffold_6,scaffold,svr
Polyamides,229,0.9170305676855895,0.017030567685589526,125.80912367783414,True,family,Mondrian-family,scaffold_6,scaffold,svr
Polyimides,431,0.9303944315545244,0.03039443155452437,138.48208331397177,True,family,Mondrian-family,scaffold_6,scaffold,svr
Polystyrenes,16,0.9375,0.03749999999999998,128.46286632716084,True,family,Mondrian-family,scaffold_6,scaffold,svr
Polyethers,112,0.9464285714285714,0.046428571428571375,121.18331602877217,True,family,Mondrian-family,scaffold_6,scaffold,svr
Polyphenylenes,62,0.9516129032258065,0.05161290322580647,266.7652534391855,True,family,Mondrian-family,scaffold_6,scaffold,svr
Polyanhydrides,31,0.967741935483871,0.06774193548387097,142.76906966159194,True,family,Mondrian-family,scaffold_6,scaffold,svr
Polysulfones,99,0.98989898989899,0.08989898989898992,264.80395251138106,True,family,Mondrian-family,scaffold_6,scaffold,svr
Other backbone,4,1.0,0.09999999999999998,142.76906966159194,False,family,Mondrian-family,scaffold_6,scaffold,svr
Polyhalo-olefins,1,1.0,0.09999999999999998,142.7690696615919,False,family,Mondrian-family,scaffold_6,scaffold,svr
Polysiloxanes,31,1.0,0.09999999999999998,307.3130504094491,True,family,Mondrian-family,scaffold_6,scaffold,svr
Polysulfides,4,1.0,0.09999999999999998,142.76906966159194,False,family,Mondrian-family,scaffold_6,scaffold,svr
0,78,0.7564102564102564,-0.14358974358974363,171.33480735449334,True,similarity,Normalised SCP,scaffold_6,scaffold,svr
2,197,0.8223350253807107,-0.07766497461928934,149.3989494115379,True,similarity,Normalised SCP,scaffold_6,scaffold,svr
1,102,0.8235294117647058,-0.07647058823529418,147.3183005901093,True,similarity,Normalised SCP,scaffold_6,scaffold,svr
3,263,0.8859315589353612,-0.014068441064638781,138.3390496529881,True,similarity,Normalised SCP,scaffold_6,scaffold,svr
4,302,0.9271523178807947,0.02715231788079464,129.4217356264819,True,similarity,Normalised SCP,scaffold_6,scaffold,svr
5,493,0.947261663286004,0.04726166328600401,128.0987948547059,True,similarity,Normalised SCP,scaffold_6,scaffold,svr
Polyolefins,16,0.4375,-0.4625,143.992286755728,True,family,Normalised SCP,scaffold_6,scaffold,svr
Polydienes,6,0.5,-0.4,117.03932012569037,False,family,Normalised SCP,scaffold_6,scaffold,svr
Polyimines,16,0.6875,-0.21250000000000002,141.95222216320593,True,family,Normalised SCP,scaffold_6,scaffold,svr
Polyphenylenes,62,0.7096774193548387,-0.19032258064516128,145.69872846957128,True,family,Normalised SCP,scaffold_6,scaffold,svr
Polyacrylics,124,0.8225806451612904,-0.07741935483870965,100.8827174007698,True,family,Normalised SCP,scaffold_6,scaffold,svr
Polyphosphazenes,13,0.8461538461538461,-0.05384615384615388,224.79267882140087,True,family,Normalised SCP,scaffold_6,scaffold,svr
Polyvinyls,15,0.8666666666666667,-0.033333333333333326,116.00294114032232,True,family,Normalised SCP,scaffold_6,scaffold,svr
Polycarbonates,32,0.875,-0.025000000000000022,152.68740095342548,True,family,Normalised SCP,scaffold_6,scaffold,svr
Polyesters,162,0.8888888888888888,-0.011111111111111183,148.66099893581563,True,family,Normalised SCP,scaffold_6,scaffold,svr
Polysulfones,99,0.9191919191919192,0.019191919191919204,158.49230906561104,True,family,Normalised SCP,scaffold_6,scaffold,svr
Polyethers,112,0.9196428571428571,0.019642857142857073,125.79098378062174,True,family,Normalised SCP,scaffold_6,scaffold,svr
Polyimides,431,0.9211136890951276,0.021113689095127564,140.46165334931862,True,family,Normalised SCP,scaffold_6,scaffold,svr
Polyurethanes,28,0.9285714285714286,0.02857142857142858,129.66077443111917,True,family,Normalised SCP,scaffold_6,scaffold,svr
Polystyrenes,16,0.9375,0.03749999999999998,156.00964863195017,True,family,Normalised SCP,scaffold_6,scaffold,svr
Polyamides,229,0.9475982532751092,0.04759825327510914,125.76024746746623,True,family,Normalised SCP,scaffold_6,scaffold,svr
Polysiloxanes,31,0.967741935483871,0.06774193548387097,153.20523667943874,True,family,Normalised SCP,scaffold_6,scaffold,svr
Polyhalo-olefins,1,1.0,0.09999999999999998,184.27213320484208,False,family,Normalised SCP,scaffold_6,scaffold,svr
Other backbone,4,1.0,0.09999999999999998,149.2828015347319,False,family,Normalised SCP,scaffold_6,scaffold,svr
Polyanhydrides,31,1.0,0.09999999999999998,135.93989496432786,True,family,Normalised SCP,scaffold_6,scaffold,svr
Polyureas,3,1.0,0.09999999999999998,162.95887848666283,False,family,Normalised SCP,scaffold_6,scaffold,svr
Polysulfides,4,1.0,0.09999999999999998,128.50695014574063,False,family,Normalised SCP,scaffold_6,scaffold,svr
0,78,0.5256410256410257,-0.37435897435897436,139.0057999999998,True,similarity,SCP,scaffold_6,scaffold,random_forest
1,102,0.803921568627451,-0.09607843137254901,139.00579999999985,True,similarity,SCP,scaffold_6,scaffold,random_forest
2,197,0.8223350253807107,-0.07766497461928934,139.00579999999985,True,similarity,SCP,scaffold_6,scaffold,random_forest
3,263,0.8935361216730038,-0.006463878326996242,139.00579999999982,True,similarity,SCP,scaffold_6,scaffold,random_forest
4,302,0.9172185430463576,0.017218543046357615,139.00579999999985,True,similarity,SCP,scaffold_6,scaffold,random_forest
5,493,0.9371196754563894,0.03711967545638939,139.00579999999985,True,similarity,SCP,scaffold_6,scaffold,random_forest
Polyhalo-olefins,1,0.0,-0.9,139.00579999999985,False,family,SCP,scaffold_6,scaffold,random_forest
Polyolefins,16,0.25,-0.65,139.00579999999985,True,family,SCP,scaffold_6,scaffold,random_forest
Polyphosphazenes,13,0.46153846153846156,-0.43846153846153846,139.00579999999988,True,family,SCP,scaffold_6,scaffold,random_forest
Polydienes,6,0.6666666666666666,-0.2333333333333334,139.00579999999988,False,family,SCP,scaffold_6,scaffold,random_forest
Polyureas,3,0.6666666666666666,-0.2333333333333334,139.00579999999985,False,family,SCP,scaffold_6,scaffold,random_forest
Polyphenylenes,62,0.7580645161290323,-0.14193548387096777,139.00579999999982,True,family,SCP,scaffold_6,scaffold,random_forest
Polysulfones,99,0.797979797979798,-0.10202020202020201,139.00579999999985,True,family,SCP,scaffold_6,scaffold,random_forest
Polystyrenes,16,0.8125,-0.08750000000000002,139.00579999999985,True,family,SCP,scaffold_6,scaffold,random_forest
Polyimines,16,0.8125,-0.08750000000000002,139.00579999999985,True,family,SCP,scaffold_6,scaffold,random_forest
Polyesters,162,0.8641975308641975,-0.03580246913580254,139.00579999999985,True,family,SCP,scaffold_6,scaffold,random_forest
Polyanhydrides,31,0.8709677419354839,-0.029032258064516148,139.00579999999985,True,family,SCP,scaffold_6,scaffold,random_forest
Polysiloxanes,31,0.8709677419354839,-0.029032258064516148,139.00579999999985,True,family,SCP,scaffold_6,scaffold,random_forest
Polyethers,112,0.8839285714285714,-0.016071428571428625,139.00579999999988,True,family,SCP,scaffold_6,scaffold,random_forest
Polyurethanes,28,0.8928571428571429,-0.0071428571428571175,139.00579999999985,True,family,SCP,scaffold_6,scaffold,random_forest
Polyamides,229,0.9082969432314411,0.008296943231441034,139.00579999999985,True,family,SCP,scaffold_6,scaffold,random_forest
Polyimides,431,0.9187935034802784,0.018793503480278417,139.00579999999985,True,family,SCP,scaffold_6,scaffold,random_forest
Polyacrylics,124,0.9354838709677419,0.03548387096774186,139.00579999999985,True,family,SCP,scaffold_6,scaffold,random_forest
Polycarbonates,32,0.9375,0.03749999999999998,139.00579999999985,True,family,SCP,scaffold_6,scaffold,random_forest
Polyvinyls,15,1.0,0.09999999999999998,139.00579999999988,True,family,SCP,scaffold_6,scaffold,random_forest
Other backbone,4,1.0,0.09999999999999998,139.00579999999985,False,family,SCP,scaffold_6,scaffold,random_forest
Polysulfides,4,1.0,0.09999999999999998,139.00579999999988,False,family,SCP,scaffold_6,scaffold,random_forest
5,493,0.8701825557809331,-0.029817444219066958,103.06939999999999,True,similarity,Mondrian-similarity,scaffold_6,scaffold,random_forest
4,302,0.8973509933774835,-0.0026490066225165476,118.12800000000006,True,similarity,Mondrian-similarity,scaffold_6,scaffold,random_forest
3,263,0.908745247148289,0.008745247148288948,150.91235999999998,True,similarity,Mondrian-similarity,scaffold_6,scaffold,random_forest
0,78,0.9102564102564102,0.01025641025641022,270.08000000000027,True,similarity,Mondrian-similarity,scaffold_6,scaffold,random_forest
2,197,0.9137055837563451,0.013705583756345119,187.344,True,similarity,Mondrian-similarity,scaffold_6,scaffold,random_forest
1,102,1.0,0.09999999999999998,277.7917200000002,True,similarity,Mondrian-similarity,scaffold_6,scaffold,random_forest
Polyhalo-olefins,1,0.0,-0.9,103.0694,False,family,Mondrian-similarity,scaffold_6,scaffold,random_forest
Polyolefins,16,0.625,-0.275,233.0787675000001,True,family,Mondrian-similarity,scaffold_6,scaffold,random_forest
Polyphenylenes,62,0.8225806451612904,-0.07741935483870965,174.35163225806454,True,family,Mondrian-similarity,scaffold_6,scaffold,random_forest
Polydienes,6,0.8333333333333334,-0.06666666666666665,228.71200000000002,False,family,Mondrian-similarity,scaffold_6,scaffold,random_forest
Polyesters,162,0.8703703703703703,-0.029629629629629672,150.71278246913582,True,family,Mondrian-similarity,scaffold_6,scaffold,random_forest
Polysiloxanes,31,0.8709677419354839,-0.029032258064516148,145.78135999999998,True,family,Mondrian-similarity,scaffold_6,scaffold,random_forest
Polyimines,16,0.875,-0.025000000000000022,174.20374250000003,True,family,Mondrian-similarity,scaffold_6,scaffold,random_forest
Polystyrenes,16,0.875,-0.025000000000000022,197.99289750000003,True,family,Mondrian-similarity,scaffold_6,scaffold,random_forest
Polyamides,229,0.8908296943231441,-0.00917030567685595,124.08065519650656,True,family,Mondrian-similarity,scaffold_6,scaffold,random_forest
Polyethers,112,0.9017857142857143,0.0017857142857142794,130.56559714285711,True,family,Mondrian-similarity,scaffold_6,scaffold,random_forest
Polyimides,431,0.9025522041763341,0.002552204176334061,133.9393233410673,True,family,Mondrian-similarity,scaffold_6,scaffold,random_forest
Polysulfones,99,0.9090909090909091,0.009090909090909038,173.37176888888894,True,family,Mondrian-similarity,scaffold_6,scaffold,random_forest
Polyphosphazenes,13,0.9230769230769231,0.023076923076923106,221.72039384615397,True,family,Mondrian-similarity,scaffold_6,scaffold,random_forest
Polyurethanes,28,0.9285714285714286,0.02857142857142858,143.31418428571428,True,family,Mondrian-similarity,scaffold_6,scaffold,random_forest
Polyacrylics,124,0.967741935483871,0.06774193548387097,168.12512774193553,True,family,Mondrian-similarity,scaffold_6,scaffold,random_forest
Polycarbonates,32,0.96875,0.06874999999999998,179.89197875000002,True,family,Mondrian-similarity,scaffold_6,scaffold,random_forest
Polyvinyls,15,1.0,0.09999999999999998,179.2378293333334,True,family,Mondrian-similarity,scaffold_6,scaffold,random_forest
Other backbone,4,1.0,0.09999999999999998,169.65535000000003,False,family,Mondrian-similarity,scaffold_6,scaffold,random_forest
Polyanhydrides,31,1.0,0.09999999999999998,182.50976516129035,True,family,Mondrian-similarity,scaffold_6,scaffold,random_forest
Polyureas,3,1.0,0.09999999999999998,189.40170666666668,False,family,Mondrian-similarity,scaffold_6,scaffold,random_forest
Polysulfides,4,1.0,0.09999999999999998,139.86343999999997,False,family,Mondrian-similarity,scaffold_6,scaffold,random_forest
0,78,0.6153846153846154,-0.2846153846153846,157.06013692307684,True,similarity,Mondrian-family,scaffold_6,scaffold,random_forest
1,102,0.7941176470588235,-0.10588235294117654,157.4206125490196,True,similarity,Mondrian-family,scaffold_6,scaffold,random_forest
2,197,0.8578680203045685,-0.042131979695431476,153.70604263959387,True,similarity,Mondrian-family,scaffold_6,scaffold,random_forest
3,263,0.8859315589353612,-0.014068441064638781,146.0031356653992,True,similarity,Mondrian-family,scaffold_6,scaffold,random_forest
4,302,0.9039735099337748,0.003973509933774766,138.42517238410588,True,similarity,Mondrian-family,scaffold_6,scaffold,random_forest
5,493,0.9188640973630832,0.018864097363083143,137.2670256795131,True,similarity,Mondrian-family,scaffold_6,scaffold,random_forest
Polyhalo-olefins,1,0.0,-0.9,139.00579999999985,False,family,Mondrian-family,scaffold_6,scaffold,random_forest
Polyolefins,16,0.25,-0.65,139.00579999999985,True,family,Mondrian-family,scaffold_6,scaffold,random_forest
Polyphosphazenes,13,0.46153846153846156,-0.43846153846153846,139.00579999999988,True,family,Mondrian-family,scaffold_6,scaffold,random_forest
Polydienes,6,0.6666666666666666,-0.2333333333333334,139.00579999999988,False,family,Mondrian-family,scaffold_6,scaffold,random_forest
Polyureas,3,0.6666666666666666,-0.2333333333333334,139.00579999999985,False,family,Mondrian-family,scaffold_6,scaffold,random_forest
Polystyrenes,16,0.6875,-0.21250000000000002,102.88659999999996,True,family,Mondrian-family,scaffold_6,scaffold,random_forest
Polyimines,16,0.8125,-0.08750000000000002,139.00579999999985,True,family,Mondrian-family,scaffold_6,scaffold,random_forest
Polycarbonates,32,0.84375,-0.05625000000000002,128.27659999999997,True,family,Mondrian-family,scaffold_6,scaffold,random_forest
Polyvinyls,15,0.8666666666666667,-0.033333333333333326,77.57600000000001,True,family,Mondrian-family,scaffold_6,scaffold,random_forest
Polyimides,431,0.8700696055684455,-0.02993039443155454,122.20640000000004,True,family,Mondrian-family,scaffold_6,scaffold,random_forest
Polyanhydrides,31,0.8709677419354839,-0.029032258064516148,139.00579999999985,True,family,Mondrian-family,scaffold_6,scaffold,random_forest
Polyethers,112,0.875,-0.025000000000000022,125.68427999999992,True,family,Mondrian-family,scaffold_6,scaffold,random_forest
Polyamides,229,0.8777292576419214,-0.022270742358078577,121.1789999999996,True,family,Mondrian-family,scaffold_6,scaffold,random_forest
Polyesters,162,0.8888888888888888,-0.011111111111111183,146.32169999999996,True,family,Mondrian-family,scaffold_6,scaffold,random_forest
Polyurethanes,28,0.8928571428571429,-0.0071428571428571175,150.86819999999997,True,family,Mondrian-family,scaffold_6,scaffold,random_forest
Polyacrylics,124,0.9193548387096774,0.019354838709677358,125.92200000000003,True,family,Mondrian-family,scaffold_6,scaffold,random_forest
Polyphenylenes,62,0.9193548387096774,0.019354838709677358,252.54790000000006,True,family,Mondrian-family,scaffold_6,scaffold,random_forest
Polysulfones,99,0.9797979797979798,0.07979797979797976,248.85480000000018,True,family,Mondrian-family,scaffold_6,scaffold,random_forest
Other backbone,4,1.0,0.09999999999999998,139.00579999999985,False,family,Mondrian-family,scaffold_6,scaffold,random_forest
Polysiloxanes,31,1.0,0.09999999999999998,262.8192,True,family,Mondrian-family,scaffold_6,scaffold,random_forest
Polysulfides,4,1.0,0.09999999999999998,139.00579999999988,False,family,Mondrian-family,scaffold_6,scaffold,random_forest
0,78,0.5897435897435898,-0.31025641025641026,154.9192585237017,True,similarity,Normalised SCP,scaffold_6,scaffold,random_forest
2,197,0.817258883248731,-0.08274111675126905,140.5794748112805,True,similarity,Normalised SCP,scaffold_6,scaffold,random_forest
1,102,0.8235294117647058,-0.07647058823529418,151.11991590644067,True,similarity,Normalised SCP,scaffold_6,scaffold,random_forest
3,263,0.8479087452471483,-0.0520912547528517,131.6623657669702,True,similarity,Normalised SCP,scaffold_6,scaffold,random_forest
5,493,0.9269776876267748,0.02697768762677477,117.29036975830434,True,similarity,Normalised SCP,scaffold_6,scaffold,random_forest
4,302,0.9271523178807947,0.02715231788079464,118.93165713917125,True,similarity,Normalised SCP,scaffold_6,scaffold,random_forest
Polyolefins,16,0.4375,-0.4625,146.28429670329177,True,family,Normalised SCP,scaffold_6,scaffold,random_forest
Polydienes,6,0.5,-0.4,126.09805054882649,False,family,Normalised SCP,scaffold_6,scaffold,random_forest
Polyphosphazenes,13,0.5384615384615384,-0.3615384615384616,158.9522133000873,True,family,Normalised SCP,scaffold_6,scaffold,random_forest
Polyimines,16,0.75,-0.15000000000000002,116.24492529892333,True,family,Normalised SCP,scaffold_6,scaffold,random_forest
Polyphenylenes,62,0.7580645161290323,-0.14193548387096777,140.75445464505376,True,family,Normalised SCP,scaffold_6,scaffold,random_forest
Polysulfones,99,0.7878787878787878,-0.11212121212121218,150.26077408318875,True,family,Normalised SCP,scaffold_6,scaffold,random_forest
Polysiloxanes,31,0.8064516129032258,-0.09354838709677427,134.28452215912216,True,family,Normalised SCP,scaffold_6,scaffold,random_forest
Polyesters,162,0.8641975308641975,-0.03580246913580254,128.36071817203978,True,family,Normalised SCP,scaffold_6,scaffold,random_forest
Polyanhydrides,31,0.8709677419354839,-0.029032258064516148,129.02292606196377,True,family,Normalised SCP,scaffold_6,scaffold,random_forest
Polystyrenes,16,0.875,-0.025000000000000022,155.84160450599305,True,family,Normalised SCP,scaffold_6,scaffold,random_forest
Polyethers,112,0.8839285714285714,-0.016071428571428625,127.71624627857717,True,family,Normalised SCP,scaffold_6,scaffold,random_forest
Polyurethanes,28,0.8928571428571429,-0.0071428571428571175,134.89220972459523,True,family,Normalised SCP,scaffold_6,scaffold,random_forest
Polyacrylics,124,0.8951612903225806,-0.004838709677419395,110.8248125001139,True,family,Normalised SCP,scaffold_6,scaffold,random_forest
Polyamides,229,0.9039301310043668,0.003930131004366788,112.31314343595254,True,family,Normalised SCP,scaffold_6,scaffold,random_forest
Polyimides,431,0.9071925754060325,0.007192575406032464,126.04837303769641,True,family,Normalised SCP,scaffold_6,scaffold,random_forest
Polycarbonates,32,0.96875,0.06874999999999998,179.09524938677905,True,family,Normalised SCP,scaffold_6,scaffold,random_forest
Polyvinyls,15,1.0,0.09999999999999998,131.0711443731512,True,family,Normalised SCP,scaffold_6,scaffold,random_forest
Other backbone,4,1.0,0.09999999999999998,156.56595918282335,False,family,Normalised SCP,scaffold_6,scaffold,random_forest
Polyhalo-olefins,1,1.0,0.09999999999999998,272.68429591907176,False,family,Normalised SCP,scaffold_6,scaffold,random_forest
Polyureas,3,1.0,0.09999999999999998,172.63960689577766,False,family,Normalised SCP,scaffold_6,scaffold,random_forest
Polysulfides,4,1.0,0.09999999999999998,125.08144413517445,False,family,Normalised SCP,scaffold_6,scaffold,random_forest
0,78,0.6153846153846154,-0.2846153846153846,132.70531911556796,True,similarity,SCP,scaffold_6,scaffold,hist_gbr
1,102,0.8235294117647058,-0.07647058823529418,132.70531911556796,True,similarity,SCP,scaffold_6,scaffold,hist_gbr
2,197,0.8578680203045685,-0.042131979695431476,132.7053191155679,True,similarity,SCP,scaffold_6,scaffold,hist_gbr
3,263,0.8669201520912547,-0.0330798479087453,132.70531911556793,True,similarity,SCP,scaffold_6,scaffold,hist_gbr
4,302,0.9370860927152318,0.03708609271523178,132.7053191155679,True,similarity,SCP,scaffold_6,scaffold,hist_gbr
5,493,0.947261663286004,0.04726166328600401,132.7053191155679,True,similarity,SCP,scaffold_6,scaffold,hist_gbr
Polyolefins,16,0.5,-0.4,132.70531911556793,True,family,SCP,scaffold_6,scaffold,hist_gbr
Polyphosphazenes,13,0.6153846153846154,-0.2846153846153846,132.70531911556787,True,family,SCP,scaffold_6,scaffold,hist_gbr
Polydienes,6,0.6666666666666666,-0.2333333333333334,132.70531911556793,False,family,SCP,scaffold_6,scaffold,hist_gbr
Polyureas,3,0.6666666666666666,-0.2333333333333334,132.70531911556793,False,family,SCP,scaffold_6,scaffold,hist_gbr
Polystyrenes,16,0.75,-0.15000000000000002,132.70531911556793,True,family,SCP,scaffold_6,scaffold,hist_gbr
Polyimines,16,0.8125,-0.08750000000000002,132.70531911556793,True,family,SCP,scaffold_6,scaffold,hist_gbr
Polyphenylenes,62,0.8225806451612904,-0.07741935483870965,132.70531911556796,True,family,SCP,scaffold_6,scaffold,hist_gbr
Polycarbonates,32,0.84375,-0.05625000000000002,132.70531911556793,True,family,SCP,scaffold_6,scaffold,hist_gbr
Polyesters,162,0.8641975308641975,-0.03580246913580254,132.7053191155679,True,family,SCP,scaffold_6,scaffold,hist_gbr
Polyethers,112,0.875,-0.025000000000000022,132.70531911556787,True,family,SCP,scaffold_6,scaffold,hist_gbr
Polysulfones,99,0.898989898989899,-0.0010101010101010166,132.70531911556793,True,family,SCP,scaffold_6,scaffold,hist_gbr
Polyanhydrides,31,0.9032258064516129,0.003225806451612856,132.70531911556793,True,family,SCP,scaffold_6,scaffold,hist_gbr
Polysiloxanes,31,0.9032258064516129,0.003225806451612856,132.70531911556793,True,family,SCP,scaffold_6,scaffold,hist_gbr
Polyamides,229,0.9170305676855895,0.017030567685589526,132.7053191155679,True,family,SCP,scaffold_6,scaffold,hist_gbr
Polyacrylics,124,0.9193548387096774,0.019354838709677358,132.7053191155679,True,family,SCP,scaffold_6,scaffold,hist_gbr
Polyimides,431,0.9211136890951276,0.021113689095127564,132.7053191155679,True,family,SCP,scaffold_6,scaffold,hist_gbr
Polyurethanes,28,0.9285714285714286,0.02857142857142858,132.7053191155679,True,family,SCP,scaffold_6,scaffold,hist_gbr
Polyvinyls,15,1.0,0.09999999999999998,132.70531911556787,True,family,SCP,scaffold_6,scaffold,hist_gbr
Polyhalo-olefins,1,1.0,0.09999999999999998,132.70531911556793,False,family,SCP,scaffold_6,scaffold,hist_gbr
Other backbone,4,1.0,0.09999999999999998,132.70531911556793,False,family,SCP,scaffold_6,scaffold,hist_gbr
Polysulfides,4,1.0,0.09999999999999998,132.70531911556793,False,family,SCP,scaffold_6,scaffold,hist_gbr
5,493,0.8580121703853956,-0.041987829614604455,93.19615990281646,True,similarity,Mondrian-similarity,scaffold_6,scaffold,hist_gbr
2,197,0.8883248730964467,-0.011675126903553323,146.3772840316304,True,similarity,Mondrian-similarity,scaffold_6,scaffold,hist_gbr
4,302,0.9139072847682119,0.013907284768211903,117.14950227447262,True,similarity,Mondrian-similarity,scaffold_6,scaffold,hist_gbr
0,78,0.9230769230769231,0.023076923076923106,255.53192620823347,True,similarity,Mondrian-similarity,scaffold_6,scaffold,hist_gbr
3,263,0.9391634980988594,0.03916349809885933,159.29221943968798,True,similarity,Mondrian-similarity,scaffold_6,scaffold,hist_gbr
1,102,1.0,0.09999999999999998,314.0356086305865,True,similarity,Mondrian-similarity,scaffold_6,scaffold,hist_gbr
Polyphenylenes,62,0.7903225806451613,-0.10967741935483877,170.2192646040484,True,family,Mondrian-similarity,scaffold_6,scaffold,hist_gbr
Polyolefins,16,0.8125,-0.08750000000000002,234.065156932153,True,family,Mondrian-similarity,scaffold_6,scaffold,hist_gbr
Polydienes,6,0.8333333333333334,-0.06666666666666665,200.95460511993193,False,family,Mondrian-similarity,scaffold_6,scaffold,hist_gbr
Polyethers,112,0.8660714285714286,-0.03392857142857142,124.30265519628317,True,family,Mondrian-similarity,scaffold_6,scaffold,hist_gbr
Polyimines,16,0.875,-0.025000000000000022,167.12833778561608,True,family,Mondrian-similarity,scaffold_6,scaffold,hist_gbr
Polyimides,431,0.8909512761020881,-0.009048723897911892,127.95434770294516,True,family,Mondrian-similarity,scaffold_6,scaffold,hist_gbr
Polyesters,162,0.8950617283950617,-0.004938271604938316,146.30850929607976,True,family,Mondrian-similarity,scaffold_6,scaffold,hist_gbr
Polyamides,229,0.8951965065502183,-0.004803493449781704,117.6912255364984,True,family,Mondrian-similarity,scaffold_6,scaffold,hist_gbr
Polycarbonates,32,0.90625,0.006249999999999978,178.118100568479,True,family,Mondrian-similarity,scaffold_6,scaffold,hist_gbr
Polysiloxanes,31,0.9354838709677419,0.03548387096774186,133.32931708545703,True,family,Mondrian-similarity,scaffold_6,scaffold,hist_gbr
Polystyrenes,16,0.9375,0.03749999999999998,192.16964722297718,True,family,Mondrian-similarity,scaffold_6,scaffold,hist_gbr
Polysulfones,99,0.9494949494949495,0.04949494949494948,168.64701734055413,True,family,Mondrian-similarity,scaffold_6,scaffold,hist_gbr
Polyacrylics,124,0.9516129032258065,0.05161290322580647,164.05830141995574,True,family,Mondrian-similarity,scaffold_6,scaffold,hist_gbr
Polyurethanes,28,0.9642857142857143,0.06428571428571428,139.08006016461965,True,family,Mondrian-similarity,scaffold_6,scaffold,hist_gbr
Polyphosphazenes,13,1.0,0.09999999999999998,209.46221727717253,True,family,Mondrian-similarity,scaffold_6,scaffold,hist_gbr
Polyhalo-olefins,1,1.0,0.09999999999999998,93.19615990281648,False,family,Mondrian-similarity,scaffold_6,scaffold,hist_gbr
Polyvinyls,15,1.0,0.09999999999999998,180.79384246932452,True,family,Mondrian-similarity,scaffold_6,scaffold,hist_gbr
Other backbone,4,1.0,0.09999999999999998,153.06371810428823,False,family,Mondrian-similarity,scaffold_6,scaffold,hist_gbr
Polyanhydrides,31,1.0,0.09999999999999998,163.38804096760668,True,family,Mondrian-similarity,scaffold_6,scaffold,hist_gbr
Polyureas,3,1.0,0.09999999999999998,184.53635085501114,False,family,Mondrian-similarity,scaffold_6,scaffold,hist_gbr
Polysulfides,4,1.0,0.09999999999999998,129.00379141215188,False,family,Mondrian-similarity,scaffold_6,scaffold,hist_gbr
0,78,0.6153846153846154,-0.2846153846153846,145.03903736868952,True,similarity,Mondrian-family,scaffold_6,scaffold,hist_gbr
1,102,0.7941176470588235,-0.10588235294117654,143.93655853573094,True,similarity,Mondrian-family,scaffold_6,scaffold,hist_gbr
2,197,0.8426395939086294,-0.05736040609137061,142.10957737160476,True,similarity,Mondrian-family,scaffold_6,scaffold,hist_gbr
3,263,0.8517110266159695,-0.04828897338403049,133.9965578896277,True,similarity,Mondrian-family,scaffold_6,scaffold,hist_gbr
4,302,0.9172185430463576,0.017218543046357615,128.37252480262921,True,similarity,Mondrian-family,scaffold_6,scaffold,hist_gbr
5,493,0.9330628803245437,0.03306288032454363,129.25000969544067,True,similarity,Mondrian-family,scaffold_6,scaffold,hist_gbr
Polyolefins,16,0.5,-0.4,132.70531911556793,True,family,Mondrian-family,scaffold_6,scaffold,hist_gbr
Polyphosphazenes,13,0.6153846153846154,-0.2846153846153846,132.70531911556787,True,family,Mondrian-family,scaffold_6,scaffold,hist_gbr
Polydienes,6,0.6666666666666666,-0.2333333333333334,132.70531911556793,False,family,Mondrian-family,scaffold_6,scaffold,hist_gbr
Polyureas,3,0.6666666666666666,-0.2333333333333334,132.70531911556793,False,family,Mondrian-family,scaffold_6,scaffold,hist_gbr
Polycarbonates,32,0.6875,-0.21250000000000002,84.5206337193859,True,family,Mondrian-family,scaffold_6,scaffold,hist_gbr
Polyvinyls,15,0.7333333333333333,-0.16666666666666674,75.14915661998347,True,family,Mondrian-family,scaffold_6,scaffold,hist_gbr
Polystyrenes,16,0.75,-0.15000000000000002,132.5360540979762,True,family,Mondrian-family,scaffold_6,scaffold,hist_gbr
Polyimines,16,0.8125,-0.08750000000000002,132.70531911556793,True,family,Mondrian-family,scaffold_6,scaffold,hist_gbr
Polyesters,162,0.8641975308641975,-0.03580246913580254,132.91517085750573,True,family,Mondrian-family,scaffold_6,scaffold,hist_gbr
Polyethers,112,0.8660714285714286,-0.03392857142857142,130.91545888540617,True,family,Mondrian-family,scaffold_6,scaffold,hist_gbr
Polyacrylics,124,0.8790322580645161,-0.020967741935483897,109.7888256346592,True,family,Mondrian-family,scaffold_6,scaffold,hist_gbr
Polyimides,431,0.8863109048723898,-0.013689095127610185,117.62500071458254,True,family,Mondrian-family,scaffold_6,scaffold,hist_gbr
Polyamides,229,0.8864628820960698,-0.013537117903930196,109.7932393154987,True,family,Mondrian-family,scaffold_6,scaffold,hist_gbr
Polyphenylenes,62,0.8870967741935484,-0.012903225806451646,206.03481323444927,True,family,Mondrian-family,scaffold_6,scaffold,hist_gbr
Polyanhydrides,31,0.9032258064516129,0.003225806451612856,132.70531911556793,True,family,Mondrian-family,scaffold_6,scaffold,hist_gbr
Polyurethanes,28,0.9285714285714286,0.02857142857142858,131.39198829382502,True,family,Mondrian-family,scaffold_6,scaffold,hist_gbr
Polysulfones,99,0.9696969696969697,0.0696969696969697,235.0604420489302,True,family,Mondrian-family,scaffold_6,scaffold,hist_gbr
Other backbone,4,1.0,0.09999999999999998,132.70531911556793,False,family,Mondrian-family,scaffold_6,scaffold,hist_gbr
Polyhalo-olefins,1,1.0,0.09999999999999998,132.70531911556793,False,family,Mondrian-family,scaffold_6,scaffold,hist_gbr
Polysiloxanes,31,1.0,0.09999999999999998,255.5319262082333,True,family,Mondrian-family,scaffold_6,scaffold,hist_gbr
Polysulfides,4,1.0,0.09999999999999998,132.70531911556793,False,family,Mondrian-family,scaffold_6,scaffold,hist_gbr
0,78,0.7051282051282052,-0.19487179487179485,148.0174609509006,True,similarity,Normalised SCP,scaffold_6,scaffold,hist_gbr
1,102,0.8333333333333334,-0.06666666666666665,136.47483040941165,True,similarity,Normalised SCP,scaffold_6,scaffold,hist_gbr
2,197,0.8375634517766497,-0.06243654822335032,127.93338507869933,True,similarity,Normalised SCP,scaffold_6,scaffold,hist_gbr
3,263,0.844106463878327,-0.055893536121673026,124.67620761568008,True,similarity,Normalised SCP,scaffold_6,scaffold,hist_gbr
5,493,0.9188640973630832,0.018864097363083143,112.36872729274313,True,similarity,Normalised SCP,scaffold_6,scaffold,hist_gbr
4,302,0.9238410596026491,0.02384105960264904,114.58060061562914,True,similarity,Normalised SCP,scaffold_6,scaffold,hist_gbr
Polyolefins,16,0.5625,-0.3375,142.39401527898423,True,family,Normalised SCP,scaffold_6,scaffold,hist_gbr
Polydienes,6,0.6666666666666666,-0.2333333333333334,133.53131349789928,False,family,Normalised SCP,scaffold_6,scaffold,hist_gbr
Polyureas,3,0.6666666666666666,-0.2333333333333334,127.69085383551607,False,family,Normalised SCP,scaffold_6,scaffold,hist_gbr
Polyimines,16,0.75,-0.15000000000000002,128.7386937138449,True,family,Normalised SCP,scaffold_6,scaffold,hist_gbr
Polyphosphazenes,13,0.7692307692307693,-0.13076923076923075,148.1368367486097,True,family,Normalised SCP,scaffold_6,scaffold,hist_gbr
Polyphenylenes,62,0.7741935483870968,-0.12580645161290327,130.82632493359412,True,family,Normalised SCP,scaffold_6,scaffold,hist_gbr
Polycarbonates,32,0.8125,-0.08750000000000002,141.7785673688001,True,family,Normalised SCP,scaffold_6,scaffold,hist_gbr
Polystyrenes,16,0.8125,-0.08750000000000002,134.14279391740837,True,family,Normalised SCP,scaffold_6,scaffold,hist_gbr
Polyanhydrides,31,0.8387096774193549,-0.06129032258064515,120.20803742454571,True,family,Normalised SCP,scaffold_6,scaffold,hist_gbr
Polyethers,112,0.8571428571428571,-0.04285714285714293,117.4552613691271,True,family,Normalised SCP,scaffold_6,scaffold,hist_gbr
Polyesters,162,0.8641975308641975,-0.03580246913580254,122.34805839078484,True,family,Normalised SCP,scaffold_6,scaffold,hist_gbr
Polyacrylics,124,0.8870967741935484,-0.012903225806451646,103.3017381983184,True,family,Normalised SCP,scaffold_6,scaffold,hist_gbr
Polyimides,431,0.8909512761020881,-0.009048723897911892,121.7142696446167,True,family,Normalised SCP,scaffold_6,scaffold,hist_gbr
Polysulfones,99,0.898989898989899,-0.0010101010101010166,132.9581553197627,True,family,Normalised SCP,scaffold_6,scaffold,hist_gbr
Polyamides,229,0.9213973799126638,0.021397379912663772,108.09463357635323,True,family,Normalised SCP,scaffold_6,scaffold,hist_gbr
Polyurethanes,28,0.9285714285714286,0.02857142857142858,137.77574873651568,True,family,Normalised SCP,scaffold_6,scaffold,hist_gbr
Polysiloxanes,31,0.9354838709677419,0.03548387096774186,135.76885323203595,True,family,Normalised SCP,scaffold_6,scaffold,hist_gbr
Polyvinyls,15,1.0,0.09999999999999998,125.31179375032566,True,family,Normalised SCP,scaffold_6,scaffold,hist_gbr
Polyhalo-olefins,1,1.0,0.09999999999999998,300.1165020234919,False,family,Normalised SCP,scaffold_6,scaffold,hist_gbr
Other backbone,4,1.0,0.09999999999999998,132.736487661947,False,family,Normalised SCP,scaffold_6,scaffold,hist_gbr
Polysulfides,4,1.0,0.09999999999999998,138.28287662785866,False,family,Normalised SCP,scaffold_6,scaffold,hist_gbr
0,78,0.5769230769230769,-0.32307692307692315,127.3054800000002,True,similarity,SCP,scaffold_6,scaffold,extra_trees
2,197,0.8121827411167513,-0.08781725888324876,127.30548000000014,True,similarity,SCP,scaffold_6,scaffold,extra_trees
1,102,0.8431372549019608,-0.056862745098039236,127.30548000000019,True,similarity,SCP,scaffold_6,scaffold,extra_trees
3,263,0.8631178707224335,-0.03688212927756651,127.30548000000017,True,similarity,SCP,scaffold_6,scaffold,extra_trees
4,302,0.9172185430463576,0.017218543046357615,127.30548000000014,True,similarity,SCP,scaffold_6,scaffold,extra_trees
5,493,0.9269776876267748,0.02697768762677477,127.30548000000014,True,similarity,SCP,scaffold_6,scaffold,extra_trees
Polyhalo-olefins,1,0.0,-0.9,127.30548000000013,False,family,SCP,scaffold_6,scaffold,extra_trees
Polyolefins,16,0.5,-0.4,127.30548000000013,True,family,SCP,scaffold_6,scaffold,extra_trees
Polyphosphazenes,13,0.5384615384615384,-0.3615384615384616,127.30548000000016,True,family,SCP,scaffold_6,scaffold,extra_trees
Polydienes,6,0.6666666666666666,-0.2333333333333334,127.30548000000012,False,family,SCP,scaffold_6,scaffold,extra_trees
Polyphenylenes,62,0.6774193548387096,-0.2225806451612904,127.3054800000001,True,family,SCP,scaffold_6,scaffold,extra_trees
Polystyrenes,16,0.75,-0.15000000000000002,127.30548000000013,True,family,SCP,scaffold_6,scaffold,extra_trees
Polyimines,16,0.8125,-0.08750000000000002,127.30548000000013,True,family,SCP,scaffold_6,scaffold,extra_trees
Polysiloxanes,31,0.8387096774193549,-0.06129032258064515,127.3054800000001,True,family,SCP,scaffold_6,scaffold,extra_trees
Polysulfones,99,0.8585858585858586,-0.04141414141414146,127.30548000000016,True,family,SCP,scaffold_6,scaffold,extra_trees
Polyesters,162,0.8641975308641975,-0.03580246913580254,127.30548000000013,True,family,SCP,scaffold_6,scaffold,extra_trees
Polycarbonates,32,0.875,-0.025000000000000022,127.30548000000013,True,family,SCP,scaffold_6,scaffold,extra_trees
Polyethers,112,0.875,-0.025000000000000022,127.3054800000001,True,family,SCP,scaffold_6,scaffold,extra_trees
Polyamides,229,0.8777292576419214,-0.022270742358078577,127.30548000000017,True,family,SCP,scaffold_6,scaffold,extra_trees
Polyurethanes,28,0.8928571428571429,-0.0071428571428571175,127.30548000000012,True,family,SCP,scaffold_6,scaffold,extra_trees
Polyanhydrides,31,0.9032258064516129,0.003225806451612856,127.3054800000001,True,family,SCP,scaffold_6,scaffold,extra_trees
Polyimides,431,0.9164733178654292,0.01647331786542916,127.30548000000013,True,family,SCP,scaffold_6,scaffold,extra_trees
Polyacrylics,124,0.9193548387096774,0.019354838709677358,127.30548000000017,True,family,SCP,scaffold_6,scaffold,extra_trees
Other backbone,4,1.0,0.09999999999999998,127.30548000000014,False,family,SCP,scaffold_6,scaffold,extra_trees
Polyvinyls,15,1.0,0.09999999999999998,127.30548000000017,True,family,SCP,scaffold_6,scaffold,extra_trees
Polyureas,3,1.0,0.09999999999999998,127.30548000000012,False,family,SCP,scaffold_6,scaffold,extra_trees
Polysulfides,4,1.0,0.09999999999999998,127.30548000000012,False,family,SCP,scaffold_6,scaffold,extra_trees
5,493,0.8661257606490872,-0.03387423935091283,92.87400000000002,True,similarity,Mondrian-similarity,scaffold_6,scaffold,extra_trees
4,302,0.8940397350993378,-0.00596026490066226,107.22099999999999,True,similarity,Mondrian-similarity,scaffold_6,scaffold,extra_trees
3,263,0.8973384030418251,-0.0026615969581749166,143.6415999999999,True,similarity,Mondrian-similarity,scaffold_6,scaffold,extra_trees
2,197,0.8984771573604061,-0.001522842639593902,157.54479999999975,True,similarity,Mondrian-similarity,scaffold_6,scaffold,extra_trees
0,78,0.9102564102564102,0.01025641025641022,248.56599999999992,True,similarity,Mondrian-similarity,scaffold_6,scaffold,extra_trees
1,102,1.0,0.09999999999999998,321.53068,True,similarity,Mondrian-similarity,scaffold_6,scaffold,extra_trees
Polyhalo-olefins,1,0.0,-0.9,92.87400000000001,False,family,Mondrian-similarity,scaffold_6,scaffold,extra_trees
Polyphenylenes,62,0.7419354838709677,-0.15806451612903227,167.21830709677414,True,family,Mondrian-similarity,scaffold_6,scaffold,extra_trees
Polyolefins,16,0.8125,-0.08750000000000002,230.5742325,True,family,Mondrian-similarity,scaffold_6,scaffold,extra_trees
Polydienes,6,0.8333333333333334,-0.06666666666666665,203.05539999999988,False,family,Mondrian-similarity,scaffold_6,scaffold,extra_trees
Polyesters,162,0.8641975308641975,-0.03580246913580254,142.18983283950612,True,family,Mondrian-similarity,scaffold_6,scaffold,extra_trees
Polyethers,112,0.875,-0.025000000000000022,121.71793464285713,True,family,Mondrian-similarity,scaffold_6,scaffold,extra_trees
Polyimines,16,0.875,-0.025000000000000022,159.57203749999996,True,family,Mondrian-similarity,scaffold_6,scaffold,extra_trees
Polyamides,229,0.8777292576419214,-0.022270742358078577,113.56596820960696,True,family,Mondrian-similarity,scaffold_6,scaffold,extra_trees
Polyurethanes,28,0.8928571428571429,-0.0071428571428571175,134.72395571428567,True,family,Mondrian-similarity,scaffold_6,scaffold,extra_trees
Polyimides,431,0.9002320185614849,0.00023201856148491462,124.08395907192573,True,family,Mondrian-similarity,scaffold_6,scaffold,extra_trees
Polysiloxanes,31,0.9032258064516129,0.003225806451612856,133.37921806451604,True,family,Mondrian-similarity,scaffold_6,scaffold,extra_trees
Polysulfones,99,0.9191919191919192,0.019191919191919204,166.83889090909085,True,family,Mondrian-similarity,scaffold_6,scaffold,extra_trees
Polyphosphazenes,13,0.9230769230769231,0.023076923076923106,206.4537138461538,True,family,Mondrian-similarity,scaffold_6,scaffold,extra_trees
Polystyrenes,16,0.9375,0.03749999999999998,191.2831274999999,True,family,Mondrian-similarity,scaffold_6,scaffold,extra_trees
Polycarbonates,32,0.9375,0.03749999999999998,175.3351399999999,True,family,Mondrian-similarity,scaffold_6,scaffold,extra_trees
Polyacrylics,124,0.967741935483871,0.06774193548387097,160.42988387096764,True,family,Mondrian-similarity,scaffold_6,scaffold,extra_trees
Polyvinyls,15,1.0,0.09999999999999998,180.06172799999993,True,family,Mondrian-similarity,scaffold_6,scaffold,extra_trees
Other backbone,4,1.0,0.09999999999999998,151.55144999999993,False,family,Mondrian-similarity,scaffold_6,scaffold,extra_trees
Polyanhydrides,31,1.0,0.09999999999999998,162.51721290322564,True,family,Mondrian-similarity,scaffold_6,scaffold,extra_trees
Polyureas,3,1.0,0.09999999999999998,190.6498266666666,False,family,Mondrian-similarity,scaffold_6,scaffold,extra_trees
Polysulfides,4,1.0,0.09999999999999998,125.32034999999993,False,family,Mondrian-similarity,scaffold_6,scaffold,extra_trees
0,78,0.5641025641025641,-0.3358974358974359,135.597292820513,True,similarity,Mondrian-family,scaffold_6,scaffold,extra_trees
1,102,0.8333333333333334,-0.06666666666666665,133.5426094117648,True,similarity,Mondrian-family,scaffold_6,scaffold,extra_trees
2,197,0.8527918781725888,-0.04720812182741119,132.8483149238579,True,similarity,Mondrian-family,scaffold_6,scaffold,extra_trees
3,263,0.8555133079847909,-0.04448669201520916,126.97190935361223,True,similarity,Mondrian-family,scaffold_6,scaffold,extra_trees
4,302,0.9105960264900662,0.01059602649006619,123.48826278145698,True,similarity,Mondrian-family,scaffold_6,scaffold,extra_trees
5,493,0.9330628803245437,0.03306288032454363,123.32535180527387,True,similarity,Mondrian-family,scaffold_6,scaffold,extra_trees
Polyhalo-olefins,1,0.0,-0.9,127.30548000000013,False,family,Mondrian-family,scaffold_6,scaffold,extra_trees
Polyolefins,16,0.5,-0.4,127.30548000000013,True,family,Mondrian-family,scaffold_6,scaffold,extra_trees
Polyphosphazenes,13,0.5384615384615384,-0.3615384615384616,127.30548000000016,True,family,Mondrian-family,scaffold_6,scaffold,extra_trees
Polydienes,6,0.6666666666666666,-0.2333333333333334,127.30548000000012,False,family,Mondrian-family,scaffold_6,scaffold,extra_trees
Polystyrenes,16,0.75,-0.15000000000000002,102.09368,True,family,Mondrian-family,scaffold_6,scaffold,extra_trees
Polyimines,16,0.8125,-0.08750000000000002,127.30548000000013,True,family,Mondrian-family,scaffold_6,scaffold,extra_trees
Polyesters,162,0.8271604938271605,-0.07283950617283952,116.50479999999995,True,family,Mondrian-family,scaffold_6,scaffold,extra_trees
Polycarbonates,32,0.84375,-0.05625000000000002,117.34140000000002,True,family,Mondrian-family,scaffold_6,scaffold,extra_trees
Polyethers,112,0.8482142857142857,-0.051785714285714324,114.22479999999993,True,family,Mondrian-family,scaffold_6,scaffold,extra_trees
Polyphenylenes,62,0.8548387096774194,-0.04516129032258065,194.37320000000065,True,family,Mondrian-family,scaffold_6,scaffold,extra_trees
Polyamides,229,0.8602620087336245,-0.03973799126637556,110.38479999999991,True,family,Mondrian-family,scaffold_6,scaffold,extra_trees
Polyacrylics,124,0.9032258064516129,0.003225806451612856,117.60436000000036,True,family,Mondrian-family,scaffold_6,scaffold,extra_trees
Polyanhydrides,31,0.9032258064516129,0.003225806451612856,127.3054800000001,True,family,Mondrian-family,scaffold_6,scaffold,extra_trees
Polyimides,431,0.9048723897911833,0.004872389791183318,117.73740000000006,True,family,Mondrian-family,scaffold_6,scaffold,extra_trees
Polyurethanes,28,0.9285714285714286,0.02857142857142858,139.95651999999993,True,family,Mondrian-family,scaffold_6,scaffold,extra_trees
Polyvinyls,15,0.9333333333333333,0.033333333333333326,83.16899999999995,True,family,Mondrian-family,scaffold_6,scaffold,extra_trees
Polysulfones,99,0.9595959595959596,0.059595959595959536,179.09159999999974,True,family,Mondrian-family,scaffold_6,scaffold,extra_trees
Other backbone,4,1.0,0.09999999999999998,127.30548000000014,False,family,Mondrian-family,scaffold_6,scaffold,extra_trees
Polyureas,3,1.0,0.09999999999999998,127.30548000000012,False,family,Mondrian-family,scaffold_6,scaffold,extra_trees
Polysiloxanes,31,1.0,0.09999999999999998,234.83939999999996,True,family,Mondrian-family,scaffold_6,scaffold,extra_trees
Polysulfides,4,1.0,0.09999999999999998,127.30548000000012,False,family,Mondrian-family,scaffold_6,scaffold,extra_trees
0,78,0.6666666666666666,-0.2333333333333334,147.53573065697225,True,similarity,Normalised SCP,scaffold_6,scaffold,extra_trees
3,263,0.7984790874524715,-0.10152091254752849,120.10202193178428,True,similarity,Normalised SCP,scaffold_6,scaffold,extra_trees
2,197,0.8071065989847716,-0.09289340101522847,124.72648731071979,True,similarity,Normalised SCP,scaffold_6,scaffold,extra_trees
1,102,0.8333333333333334,-0.06666666666666665,132.6131026180105,True,similarity,Normalised SCP,scaffold_6,scaffold,extra_trees
5,493,0.9026369168356998,0.0026369168356997763,106.40396914432242,True,similarity,Normalised SCP,scaffold_6,scaffold,extra_trees
4,302,0.9105960264900662,0.01059602649006619,110.43844558318465,True,similarity,Normalised SCP,scaffold_6,scaffold,extra_trees
Polyphosphazenes,13,0.6153846153846154,-0.2846153846153846,114.19349056154299,True,family,Normalised SCP,scaffold_6,scaffold,extra_trees
Polyphenylenes,62,0.6774193548387096,-0.2225806451612904,125.68681633322407,True,family,Normalised SCP,scaffold_6,scaffold,extra_trees
Polyimines,16,0.6875,-0.21250000000000002,120.32661728567825,True,family,Normalised SCP,scaffold_6,scaffold,extra_trees
Polysiloxanes,31,0.7419354838709677,-0.15806451612903227,114.54541792601785,True,family,Normalised SCP,scaffold_6,scaffold,extra_trees
Polycarbonates,32,0.78125,-0.11875000000000002,148.20469148171276,True,family,Normalised SCP,scaffold_6,scaffold,extra_trees
Polysulfones,99,0.8080808080808081,-0.09191919191919196,117.29156491488332,True,family,Normalised SCP,scaffold_6,scaffold,extra_trees
Polyolefins,16,0.8125,-0.08750000000000002,185.25493982889736,True,family,Normalised SCP,scaffold_6,scaffold,extra_trees
Polydienes,6,0.8333333333333334,-0.06666666666666665,148.050123080725,False,family,Normalised SCP,scaffold_6,scaffold,extra_trees
Polyanhydrides,31,0.8387096774193549,-0.06129032258064515,111.60154368007022,True,family,Normalised SCP,scaffold_6,scaffold,extra_trees
Polyesters,162,0.845679012345679,-0.05432098765432103,128.06188312410802,True,family,Normalised SCP,scaffold_6,scaffold,extra_trees
Polyacrylics,124,0.8467741935483871,-0.0532258064516129,98.46063091669812,True,family,Normalised SCP,scaffold_6,scaffold,extra_trees
Polyethers,112,0.8482142857142857,-0.051785714285714324,114.19171041842603,True,family,Normalised SCP,scaffold_6,scaffold,extra_trees
Polyamides,229,0.8733624454148472,-0.026637554585152823,98.26965629130767,True,family,Normalised SCP,scaffold_6,scaffold,extra_trees
Polystyrenes,16,0.875,-0.025000000000000022,166.81123545864006,True,family,Normalised SCP,scaffold_6,scaffold,extra_trees
Polyurethanes,28,0.8928571428571429,-0.0071428571428571175,110.38537563997455,True,family,Normalised SCP,scaffold_6,scaffold,extra_trees
Polyimides,431,0.9048723897911833,0.004872389791183318,118.46083472872152,True,family,Normalised SCP,scaffold_6,scaffold,extra_trees
Polyvinyls,15,1.0,0.09999999999999998,115.03980790741677,True,family,Normalised SCP,scaffold_6,scaffold,extra_trees
Other backbone,4,1.0,0.09999999999999998,152.77771693767937,False,family,Normalised SCP,scaffold_6,scaffold,extra_trees
Polyhalo-olefins,1,1.0,0.09999999999999998,300.87574048397323,False,family,Normalised SCP,scaffold_6,scaffold,extra_trees
Polyureas,3,1.0,0.09999999999999998,136.1113047821048,False,family,Normalised SCP,scaffold_6,scaffold,extra_trees
Polysulfides,4,1.0,0.09999999999999998,117.87305572304567,False,family,Normalised SCP,scaffold_6,scaffold,extra_trees
4,276,0.8514492753623188,-0.048550724637681175,372.0,True,similarity,SCP,scaffold_7,scaffold,median
3,251,0.8605577689243028,-0.03944223107569722,372.0,True,similarity,SCP,scaffold_7,scaffold,median
5,527,0.8652751423149905,-0.03472485768500955,372.0,True,similarity,SCP,scaffold_7,scaffold,median
0,116,0.9137931034482759,0.01379310344827589,372.0,True,similarity,SCP,scaffold_7,scaffold,median
1,88,0.9204545454545454,0.020454545454545392,372.0,True,similarity,SCP,scaffold_7,scaffold,median
2,177,0.9491525423728814,0.04915254237288136,372.0,True,similarity,SCP,scaffold_7,scaffold,median
Polyphenylenes,129,0.7906976744186046,-0.10930232558139541,372.0,True,family,SCP,scaffold_7,scaffold,median
Polyimides,478,0.8096234309623431,-0.0903765690376569,372.0,True,family,SCP,scaffold_7,scaffold,median
Polydienes,6,0.8333333333333334,-0.06666666666666665,372.0,False,family,SCP,scaffold_7,scaffold,median
Polyethers,154,0.8376623376623377,-0.06233766233766236,372.0,True,family,SCP,scaffold_7,scaffold,median
Polyolefins,13,0.8461538461538461,-0.05384615384615388,372.0,True,family,SCP,scaffold_7,scaffold,median
Polyamides,200,0.885,-0.015000000000000013,372.0,True,family,SCP,scaffold_7,scaffold,median
Polysulfones,58,0.9655172413793104,0.06551724137931036,372.0,True,family,SCP,scaffold_7,scaffold,median
Polyesters,145,0.9862068965517241,0.08620689655172409,372.0,True,family,SCP,scaffold_7,scaffold,median
Polysulfides,10,1.0,0.09999999999999998,372.0,True,family,SCP,scaffold_7,scaffold,median
Polyhalo-olefins,8,1.0,0.09999999999999998,372.0,False,family,SCP,scaffold_7,scaffold,median
Polyacrylics,62,1.0,0.09999999999999998,372.0,True,family,SCP,scaffold_7,scaffold,median
Polyureas,5,1.0,0.09999999999999998,372.0,False,family,SCP,scaffold_7,scaffold,median
Other backbone,6,1.0,0.09999999999999998,372.0,False,family,SCP,scaffold_7,scaffold,median
Polyanhydrides,15,1.0,0.09999999999999998,372.0,True,family,SCP,scaffold_7,scaffold,median
Polyvinyls,20,1.0,0.09999999999999998,372.0,True,family,SCP,scaffold_7,scaffold,median
Polystyrenes,18,1.0,0.09999999999999998,372.0,True,family,SCP,scaffold_7,scaffold,median
Polycarbonates,34,1.0,0.09999999999999998,372.0,True,family,SCP,scaffold_7,scaffold,median
Polyurethanes,37,1.0,0.09999999999999998,372.0,True,family,SCP,scaffold_7,scaffold,median
Polysiloxanes,25,1.0,0.09999999999999998,372.0,True,family,SCP,scaffold_7,scaffold,median
Polyphosphazenes,10,1.0,0.09999999999999998,372.0,True,family,SCP,scaffold_7,scaffold,median
Polyimines,2,1.0,0.09999999999999998,372.0,False,family,SCP,scaffold_7,scaffold,median
3,251,0.852589641434263,-0.047410358565737054,363.0,True,similarity,Mondrian-similarity,scaffold_7,scaffold,median
5,527,0.872865275142315,-0.027134724857684978,374.0,True,similarity,Mondrian-similarity,scaffold_7,scaffold,median
4,276,0.8913043478260869,-0.008695652173913104,400.0,True,similarity,Mondrian-similarity,scaffold_7,scaffold,median
1,88,0.9204545454545454,0.020454545454545392,347.0,True,similarity,Mondrian-similarity,scaffold_7,scaffold,median
2,177,0.9322033898305084,0.03220338983050841,346.0,True,similarity,Mondrian-similarity,scaffold_7,scaffold,median
0,116,0.9741379310344828,0.07413793103448274,452.0,True,similarity,Mondrian-similarity,scaffold_7,scaffold,median
Polyphenylenes,129,0.7984496124031008,-0.10155038759689927,376.51162790697674,True,family,Mondrian-similarity,scaffold_7,scaffold,median
Polyimides,478,0.8263598326359832,-0.0736401673640168,379.7803347280335,True,family,Mondrian-similarity,scaffold_7,scaffold,median
Polyolefins,13,0.8461538461538461,-0.05384615384615388,394.7692307692308,True,family,Mondrian-similarity,scaffold_7,scaffold,median
Polyethers,154,0.8571428571428571,-0.04285714285714293,376.2792207792208,True,family,Mondrian-similarity,scaffold_7,scaffold,median
Polyamides,200,0.91,0.010000000000000009,375.64,True,family,Mondrian-similarity,scaffold_7,scaffold,median
Polysulfones,58,0.9482758620689655,0.0482758620689655,375.0,True,family,Mondrian-similarity,scaffold_7,scaffold,median
Polyesters,145,0.9862068965517241,0.08620689655172409,372.7586206896552,True,family,Mondrian-similarity,scaffold_7,scaffold,median
Polydienes,6,1.0,0.09999999999999998,434.3333333333333,False,family,Mondrian-similarity,scaffold_7,scaffold,median
Polysulfides,10,1.0,0.09999999999999998,366.8,True,family,Mondrian-similarity,scaffold_7,scaffold,median
Polyhalo-olefins,8,1.0,0.09999999999999998,442.25,False,family,Mondrian-similarity,scaffold_7,scaffold,median
Polyacrylics,62,1.0,0.09999999999999998,385.4032258064516,True,family,Mondrian-similarity,scaffold_7,scaffold,median
Polyureas,5,1.0,0.09999999999999998,362.6,False,family,Mondrian-similarity,scaffold_7,scaffold,median
Other backbone,6,1.0,0.09999999999999998,380.5,False,family,Mondrian-similarity,scaffold_7,scaffold,median
Polyanhydrides,15,1.0,0.09999999999999998,424.93333333333334,True,family,Mondrian-similarity,scaffold_7,scaffold,median
Polyvinyls,20,1.0,0.09999999999999998,383.55,True,family,Mondrian-similarity,scaffold_7,scaffold,median
Polystyrenes,18,1.0,0.09999999999999998,361.0,True,family,Mondrian-similarity,scaffold_7,scaffold,median
Polycarbonates,34,1.0,0.09999999999999998,376.0,True,family,Mondrian-similarity,scaffold_7,scaffold,median
Polyurethanes,37,1.0,0.09999999999999998,370.1081081081081,True,family,Mondrian-similarity,scaffold_7,scaffold,median
Polysiloxanes,25,1.0,0.09999999999999998,378.44,True,family,Mondrian-similarity,scaffold_7,scaffold,median
Polyphosphazenes,10,1.0,0.09999999999999998,362.4,True,family,Mondrian-similarity,scaffold_7,scaffold,median
Polyimines,2,1.0,0.09999999999999998,400.0,False,family,Mondrian-similarity,scaffold_7,scaffold,median
4,276,0.8623188405797102,-0.03768115942028982,377.80253623188406,True,similarity,Mondrian-family,scaffold_7,scaffold,median
3,251,0.8924302788844621,-0.007569721115537886,372.89282868525896,True,similarity,Mondrian-family,scaffold_7,scaffold,median
5,527,0.9032258064516129,0.003225806451612856,390.83149905123344,True,similarity,Mondrian-family,scaffold_7,scaffold,median
1,88,0.9431818181818182,0.04318181818181821,396.75909090909096,True,similarity,Mondrian-family,scaffold_7,scaffold,median
0,116,0.9482758620689655,0.0482758620689655,386.56982758620694,True,similarity,Mondrian-family,scaffold_7,scaffold,median
2,177,0.96045197740113,0.06045197740112995,366.8463276836158,True,similarity,Mondrian-family,scaffold_7,scaffold,median
Polyamides,200,0.81,-0.08999999999999997,324.0,True,family,Mondrian-family,scaffold_7,scaffold,median
Polyethers,154,0.8116883116883117,-0.08831168831168834,350.0,True,family,Mondrian-family,scaffold_7,scaffold,median
Polydienes,6,0.8333333333333334,-0.06666666666666665,372.0,False,family,Mondrian-family,scaffold_7,scaffold,median
Polyolefins,13,0.8461538461538461,-0.05384615384615388,364.0,True,family,Mondrian-family,scaffold_7,scaffold,median
Polyphenylenes,129,0.8992248062015504,-0.0007751937984495916,494.0,True,family,Mondrian-family,scaffold_7,scaffold,median
Polysulfones,58,0.9137931034482759,0.01379310344827589,344.0,True,family,Mondrian-family,scaffold_7,scaffold,median
Polyimides,478,0.9205020920502092,0.020502092050209142,444.0,True,family,Mondrian-family,scaffold_7,scaffold,median
Polyacrylics,62,0.9354838709677419,0.03548387096774186,216.0,True,family,Mondrian-family,scaffold_7,scaffold,median
Polycarbonates,34,0.9705882352941176,0.07058823529411762,298.0,True,family,Mondrian-family,scaffold_7,scaffold,median
Polyesters,145,0.9793103448275862,0.07931034482758614,342.0,True,family,Mondrian-family,scaffold_7,scaffold,median
Polysulfides,10,1.0,0.09999999999999998,372.0,True,family,Mondrian-family,scaffold_7,scaffold,median
Polyhalo-olefins,8,1.0,0.09999999999999998,372.0,False,family,Mondrian-family,scaffold_7,scaffold,median
Other backbone,6,1.0,0.09999999999999998,372.0,False,family,Mondrian-family,scaffold_7,scaffold,median
Polyanhydrides,15,1.0,0.09999999999999998,372.0,True,family,Mondrian-family,scaffold_7,scaffold,median
Polyvinyls,20,1.0,0.09999999999999998,311.0,True,family,Mondrian-family,scaffold_7,scaffold,median
Polyureas,5,1.0,0.09999999999999998,372.0,False,family,Mondrian-family,scaffold_7,scaffold,median
Polystyrenes,18,1.0,0.09999999999999998,246.0,True,family,Mondrian-family,scaffold_7,scaffold,median
Polyurethanes,37,1.0,0.09999999999999998,288.0,True,family,Mondrian-family,scaffold_7,scaffold,median
Polysiloxanes,25,1.0,0.09999999999999998,457.70000000000005,True,family,Mondrian-family,scaffold_7,scaffold,median
Polyphosphazenes,10,1.0,0.09999999999999998,398.0,True,family,Mondrian-family,scaffold_7,scaffold,median
Polyimines,2,1.0,0.09999999999999998,372.0,False,family,Mondrian-family,scaffold_7,scaffold,median
0,116,0.7241379310344828,-0.17586206896551726,209.71499159854636,True,similarity,Normalised SCP,scaffold_7,scaffold,median
1,88,0.8068181818181818,-0.09318181818181825,249.42455035985142,True,similarity,Normalised SCP,scaffold_7,scaffold,median
2,177,0.8700564971751412,-0.029943502824858803,260.62224540194376,True,similarity,Normalised SCP,scaffold_7,scaffold,median
4,276,0.9202898550724637,0.020289855072463725,388.67567631607886,True,similarity,Normalised SCP,scaffold_7,scaffold,median
3,251,0.9243027888446215,0.024302788844621448,335.67319615738126,True,similarity,Normalised SCP,scaffold_7,scaffold,median
5,527,0.937381404174573,0.03738140417457303,389.4619318334051,True,similarity,Normalised SCP,scaffold_7,scaffold,median
Other backbone,6,0.5,-0.4,240.08568014802617,False,family,Normalised SCP,scaffold_7,scaffold,median
Polysiloxanes,25,0.72,-0.18000000000000005,241.7111370104979,True,family,Normalised SCP,scaffold_7,scaffold,median
Polyanhydrides,15,0.7333333333333333,-0.16666666666666674,213.86231034841168,True,family,Normalised SCP,scaffold_7,scaffold,median
Polyphenylenes,129,0.7984496124031008,-0.10155038759689927,336.8312062705332,True,family,Normalised SCP,scaffold_7,scaffold,median
Polyureas,5,0.8,-0.09999999999999998,295.5026688406742,False,family,Normalised SCP,scaffold_7,scaffold,median
Polyvinyls,20,0.8,-0.09999999999999998,190.8467608580607,True,family,Normalised SCP,scaffold_7,scaffold,median
Polyphosphazenes,10,0.8,-0.09999999999999998,222.09688953581772,True,family,Normalised SCP,scaffold_7,scaffold,median
Polydienes,6,0.8333333333333334,-0.06666666666666665,211.9213518781354,False,family,Normalised SCP,scaffold_7,scaffold,median
Polyesters,145,0.8413793103448276,-0.05862068965517242,207.57250912787694,True,family,Normalised SCP,scaffold_7,scaffold,median
Polyolefins,13,0.8461538461538461,-0.05384615384615388,233.4005295494009,True,family,Normalised SCP,scaffold_7,scaffold,median
Polyurethanes,37,0.8648648648648649,-0.03513513513513511,181.96631978549004,True,family,Normalised SCP,scaffold_7,scaffold,median
Polyacrylics,62,0.8870967741935484,-0.012903225806451646,181.41791996420827,True,family,Normalised SCP,scaffold_7,scaffold,median
Polyamides,200,0.89,-0.010000000000000009,308.1835246869362,True,family,Normalised SCP,scaffold_7,scaffold,median
Polyethers,154,0.9090909090909091,0.009090909090909038,339.5512436890376,True,family,Normalised SCP,scaffold_7,scaffold,median
Polysulfones,58,0.9310344827586207,0.03103448275862064,273.63000147065475,True,family,Normalised SCP,scaffold_7,scaffold,median
Polycarbonates,34,0.9411764705882353,0.04117647058823526,256.74043242981037,True,family,Normalised SCP,scaffold_7,scaffold,median
Polystyrenes,18,0.9444444444444444,0.0444444444444444,215.25455388805165,True,family,Normalised SCP,scaffold_7,scaffold,median
Polyimides,478,0.9623430962343096,0.06234309623430956,477.93748649397287,True,family,Normalised SCP,scaffold_7,scaffold,median
Polyhalo-olefins,8,1.0,0.09999999999999998,164.12749817392816,False,family,Normalised SCP,scaffold_7,scaffold,median
Polysulfides,10,1.0,0.09999999999999998,261.64391198510066,True,family,Normalised SCP,scaffold_7,scaffold,median
Polyimines,2,1.0,0.09999999999999998,176.78953981742012,False,family,Normalised SCP,scaffold_7,scaffold,median
0,116,0.6982758620689655,-0.2017241379310345,153.1637701368068,True,similarity,SCP,scaffold_7,scaffold,svr
1,88,0.7954545454545454,-0.10454545454545461,153.16377013680685,True,similarity,SCP,scaffold_7,scaffold,svr
2,177,0.8361581920903954,-0.06384180790960459,153.16377013680685,True,similarity,SCP,scaffold_7,scaffold,svr
3,251,0.9203187250996016,0.02031872509960153,153.16377013680687,True,similarity,SCP,scaffold_7,scaffold,svr
4,276,0.9456521739130435,0.04565217391304344,153.16377013680687,True,similarity,SCP,scaffold_7,scaffold,svr
5,527,0.9620493358633776,0.062049335863377575,153.16377013680685,True,similarity,SCP,scaffold_7,scaffold,svr
Polyolefins,13,0.38461538461538464,-0.5153846153846153,153.16377013680682,True,family,SCP,scaffold_7,scaffold,svr
Polyphosphazenes,10,0.7,-0.20000000000000007,153.16377013680685,True,family,SCP,scaffold_7,scaffold,svr
Polyureas,5,0.8,-0.09999999999999998,153.16377013680687,False,family,SCP,scaffold_7,scaffold,svr
Polyphenylenes,129,0.8062015503875969,-0.09379844961240313,153.1637701368069,True,family,SCP,scaffold_7,scaffold,svr
Polyurethanes,37,0.8108108108108109,-0.08918918918918917,153.16377013680693,True,family,SCP,scaffold_7,scaffold,svr
Polydienes,6,0.8333333333333334,-0.06666666666666665,153.16377013680687,False,family,SCP,scaffold_7,scaffold,svr
Polyvinyls,20,0.85,-0.050000000000000044,153.16377013680685,True,family,SCP,scaffold_7,scaffold,svr
Polyanhydrides,15,0.8666666666666667,-0.033333333333333326,153.16377013680682,True,family,SCP,scaffold_7,scaffold,svr
Polyacrylics,62,0.8709677419354839,-0.029032258064516148,153.16377013680693,True,family,SCP,scaffold_7,scaffold,svr
Polyhalo-olefins,8,0.875,-0.025000000000000022,153.16377013680687,False,family,SCP,scaffold_7,scaffold,svr
Polysiloxanes,25,0.88,-0.020000000000000018,153.16377013680687,True,family,SCP,scaffold_7,scaffold,svr
Polysulfides,10,0.9,0.0,153.16377013680685,True,family,SCP,scaffold_7,scaffold,svr
Polyamides,200,0.92,0.020000000000000018,153.16377013680685,True,family,SCP,scaffold_7,scaffold,svr
Polyesters,145,0.9241379310344827,0.024137931034482696,153.16377013680687,True,family,SCP,scaffold_7,scaffold,svr
Polyethers,154,0.9285714285714286,0.02857142857142858,153.16377013680687,True,family,SCP,scaffold_7,scaffold,svr
Polyimides,478,0.9351464435146444,0.035146443514644354,153.16377013680682,True,family,SCP,scaffold_7,scaffold,svr
Polystyrenes,18,0.9444444444444444,0.0444444444444444,153.16377013680687,True,family,SCP,scaffold_7,scaffold,svr
Polysulfones,58,0.9482758620689655,0.0482758620689655,153.1637701368069,True,family,SCP,scaffold_7,scaffold,svr
Polycarbonates,34,0.9705882352941176,0.07058823529411762,153.1637701368069,True,family,SCP,scaffold_7,scaffold,svr
Other backbone,6,1.0,0.09999999999999998,153.16377013680687,False,family,SCP,scaffold_7,scaffold,svr
Polyimines,2,1.0,0.09999999999999998,153.16377013680687,False,family,SCP,scaffold_7,scaffold,svr
5,527,0.8595825426944972,-0.040417457305502835,98.19014208433899,True,similarity,Mondrian-similarity,scaffold_7,scaffold,svr
2,177,0.8870056497175142,-0.012994350282485856,172.6260006827697,True,similarity,Mondrian-similarity,scaffold_7,scaffold,svr
3,251,0.9282868525896414,0.028286852589641365,159.31901376210976,True,similarity,Mondrian-similarity,scaffold_7,scaffold,svr
1,88,0.9431818181818182,0.04318181818181821,288.6088737329745,True,similarity,Mondrian-similarity,scaffold_7,scaffold,svr
4,276,0.9492753623188406,0.049275362318840554,155.70798626927788,True,similarity,Mondrian-similarity,scaffold_7,scaffold,svr
0,116,0.9655172413793104,0.06551724137931036,345.21626766249943,True,similarity,Mondrian-similarity,scaffold_7,scaffold,svr
Polyphenylenes,129,0.8217054263565892,-0.07829457364341086,202.08247911688656,True,family,Mondrian-similarity,scaffold_7,scaffold,svr
Polydienes,6,0.8333333333333334,-0.06666666666666665,316.45122316587776,False,family,Mondrian-similarity,scaffold_7,scaffold,svr
Polyurethanes,37,0.8378378378378378,-0.06216216216216219,162.151059481799,True,family,Mondrian-similarity,scaffold_7,scaffold,svr
Polyolefins,13,0.8461538461538461,-0.05384615384615388,275.56483454562283,True,family,Mondrian-similarity,scaffold_7,scaffold,svr
Polysiloxanes,25,0.88,-0.020000000000000018,189.0490450315691,True,family,Mondrian-similarity,scaffold_7,scaffold,svr
Polyamides,200,0.88,-0.020000000000000018,144.0139582837078,True,family,Mondrian-similarity,scaffold_7,scaffold,svr
Polyethers,154,0.8831168831168831,-0.016883116883116944,140.67372085230647,True,family,Mondrian-similarity,scaffold_7,scaffold,svr
Polyvinyls,20,0.9,0.0,221.2410215592833,True,family,Mondrian-similarity,scaffold_7,scaffold,svr
Polysulfides,10,0.9,0.0,177.82185841416793,True,family,Mondrian-similarity,scaffold_7,scaffold,svr
Polyesters,145,0.9103448275862069,0.010344827586206917,146.6932399138996,True,family,Mondrian-similarity,scaffold_7,scaffold,svr
Polyimides,478,0.9309623430962343,0.030962343096234246,145.57792668709266,True,family,Mondrian-similarity,scaffold_7,scaffold,svr
Polysulfones,58,0.9310344827586207,0.03103448275862064,137.1680597791297,True,family,Mondrian-similarity,scaffold_7,scaffold,svr
Polyacrylics,62,0.9354838709677419,0.03548387096774186,198.30015529882894,True,family,Mondrian-similarity,scaffold_7,scaffold,svr
Polycarbonates,34,0.9705882352941176,0.07058823529411762,165.0531549007613,True,family,Mondrian-similarity,scaffold_7,scaffold,svr
Other backbone,6,1.0,0.09999999999999998,161.95528472673266,False,family,Mondrian-similarity,scaffold_7,scaffold,svr
Polyhalo-olefins,8,1.0,0.09999999999999998,314.3380019652294,False,family,Mondrian-similarity,scaffold_7,scaffold,svr
Polystyrenes,18,1.0,0.09999999999999998,210.334203051758,True,family,Mondrian-similarity,scaffold_7,scaffold,svr
Polyanhydrides,15,1.0,0.09999999999999998,306.0372555432078,True,family,Mondrian-similarity,scaffold_7,scaffold,svr
Polyureas,5,1.0,0.09999999999999998,177.55180069042612,False,family,Mondrian-similarity,scaffold_7,scaffold,svr
Polyphosphazenes,10,1.0,0.09999999999999998,198.19443027109747,True,family,Mondrian-similarity,scaffold_7,scaffold,svr
Polyimines,2,1.0,0.09999999999999998,155.7079862692779,False,family,Mondrian-similarity,scaffold_7,scaffold,svr
0,116,0.75,-0.15000000000000002,170.53310729162857,True,similarity,Mondrian-family,scaffold_7,scaffold,svr
2,177,0.8587570621468926,-0.0412429378531074,157.13502704814374,True,similarity,Mondrian-family,scaffold_7,scaffold,svr
1,88,0.8636363636363636,-0.036363636363636376,183.06715408985391,True,similarity,Mondrian-family,scaffold_7,scaffold,svr
3,251,0.900398406374502,0.00039840637450194727,143.67604826749496,True,similarity,Mondrian-family,scaffold_7,scaffold,svr
5,527,0.9259962049335864,0.025996204933586342,142.8208964465555,True,similarity,Mondrian-family,scaffold_7,scaffold,svr
4,276,0.927536231884058,0.02753623188405796,140.12369203381314,True,similarity,Mondrian-family,scaffold_7,scaffold,svr
Polyvinyls,20,0.7,-0.20000000000000007,86.38254749725004,True,family,Mondrian-family,scaffold_7,scaffold,svr
Polyureas,5,0.8,-0.09999999999999998,153.16377013680687,False,family,Mondrian-family,scaffold_7,scaffold,svr
Polyurethanes,37,0.8108108108108109,-0.08918918918918917,156.22757834073303,True,family,Mondrian-family,scaffold_7,scaffold,svr
Polydienes,6,0.8333333333333334,-0.06666666666666665,153.16377013680687,False,family,Mondrian-family,scaffold_7,scaffold,svr
Polyamides,200,0.845,-0.05500000000000005,125.07694518926617,True,family,Mondrian-family,scaffold_7,scaffold,svr
Polyolefins,13,0.8461538461538461,-0.05384615384615388,305.17875069790085,True,family,Mondrian-family,scaffold_7,scaffold,svr
Polyethers,154,0.8636363636363636,-0.036363636363636376,112.74269017801078,True,family,Mondrian-family,scaffold_7,scaffold,svr
Polyanhydrides,15,0.8666666666666667,-0.033333333333333326,153.16377013680682,True,family,Mondrian-family,scaffold_7,scaffold,svr
Polyhalo-olefins,8,0.875,-0.025000000000000022,153.16377013680687,False,family,Mondrian-family,scaffold_7,scaffold,svr
Polysulfones,58,0.8793103448275862,-0.020689655172413834,103.54047768723397,True,family,Mondrian-family,scaffold_7,scaffold,svr
Polyesters,145,0.896551724137931,-0.0034482758620689724,131.39685429975071,True,family,Mondrian-family,scaffold_7,scaffold,svr
Polysulfides,10,0.9,0.0,153.16377013680685,True,family,Mondrian-family,scaffold_7,scaffold,svr
Polyacrylics,62,0.9032258064516129,0.003225806451612856,158.0800476592605,True,family,Mondrian-family,scaffold_7,scaffold,svr
Polyphenylenes,129,0.9147286821705426,0.014728682170542573,228.81049637967175,True,family,Mondrian-family,scaffold_7,scaffold,svr
Polysiloxanes,25,0.92,0.020000000000000018,225.30334510582543,True,family,Mondrian-family,scaffold_7,scaffold,svr
Polyimides,478,0.9267782426778243,0.02677824267782425,146.66206133276498,True,family,Mondrian-family,scaffold_7,scaffold,svr
Polycarbonates,34,0.9705882352941176,0.07058823529411762,160.26100468047093,True,family,Mondrian-family,scaffold_7,scaffold,svr
Other backbone,6,1.0,0.09999999999999998,153.16377013680687,False,family,Mondrian-family,scaffold_7,scaffold,svr
Polystyrenes,18,1.0,0.09999999999999998,204.0742804037651,True,family,Mondrian-family,scaffold_7,scaffold,svr
Polyphosphazenes,10,1.0,0.09999999999999998,265.57461387738965,True,family,Mondrian-family,scaffold_7,scaffold,svr
Polyimines,2,1.0,0.09999999999999998,153.16377013680687,False,family,Mondrian-family,scaffold_7,scaffold,svr
2,177,0.8135593220338984,-0.08644067796610166,138.36346966498164,True,similarity,Normalised SCP,scaffold_7,scaffold,svr
0,116,0.8275862068965517,-0.07241379310344831,213.17414767126354,True,similarity,Normalised SCP,scaffold_7,scaffold,svr
1,88,0.8522727272727273,-0.04772727272727273,169.8693146294321,True,similarity,Normalised SCP,scaffold_7,scaffold,svr
3,251,0.896414342629482,-0.0035856573705179695,131.80619109127338,True,similarity,Normalised SCP,scaffold_7,scaffold,svr
4,276,0.8985507246376812,-0.0014492753623188692,123.58832366388005,True,similarity,Normalised SCP,scaffold_7,scaffold,svr
5,527,0.9013282732447818,0.0013282732447817969,116.29225263579833,True,similarity,Normalised SCP,scaffold_7,scaffold,svr
Polydienes,6,0.6666666666666666,-0.2333333333333334,255.54869195143135,False,family,Normalised SCP,scaffold_7,scaffold,svr
Polyurethanes,37,0.7027027027027027,-0.19729729729729728,127.61769439111137,True,family,Normalised SCP,scaffold_7,scaffold,svr
Polycarbonates,34,0.7647058823529411,-0.1352941176470589,109.47480080679148,True,family,Normalised SCP,scaffold_7,scaffold,svr
Polyolefins,13,0.7692307692307693,-0.13076923076923075,262.9749257722127,True,family,Normalised SCP,scaffold_7,scaffold,svr
Polyureas,5,0.8,-0.09999999999999998,186.39697281170726,False,family,Normalised SCP,scaffold_7,scaffold,svr
Polyphosphazenes,10,0.8,-0.09999999999999998,148.1388698047404,True,family,Normalised SCP,scaffold_7,scaffold,svr
Polyesters,145,0.8137931034482758,-0.0862068965517242,105.77550456437143,True,family,Normalised SCP,scaffold_7,scaffold,svr
Polyphenylenes,129,0.8682170542635659,-0.03178294573643414,177.89879258471476,True,family,Normalised SCP,scaffold_7,scaffold,svr
Polyacrylics,62,0.8709677419354839,-0.029032258064516148,153.7575653176714,True,family,Normalised SCP,scaffold_7,scaffold,svr
Polysiloxanes,25,0.88,-0.020000000000000018,134.01326966622472,True,family,Normalised SCP,scaffold_7,scaffold,svr
Polyamides,200,0.885,-0.015000000000000013,132.17874652014484,True,family,Normalised SCP,scaffold_7,scaffold,svr
Polystyrenes,18,0.8888888888888888,-0.011111111111111183,156.9374731724935,True,family,Normalised SCP,scaffold_7,scaffold,svr
Polyethers,154,0.9025974025974026,0.0025974025974025983,118.81647189511308,True,family,Normalised SCP,scaffold_7,scaffold,svr
Polyimides,478,0.9037656903765691,0.003765690376569042,125.66136138555106,True,family,Normalised SCP,scaffold_7,scaffold,svr
Polyanhydrides,15,0.9333333333333333,0.033333333333333326,190.73665958293023,True,family,Normalised SCP,scaffold_7,scaffold,svr
Polysulfones,58,0.9482758620689655,0.0482758620689655,120.81158111652017,True,family,Normalised SCP,scaffold_7,scaffold,svr
Polyvinyls,20,1.0,0.09999999999999998,167.17897320306153,True,family,Normalised SCP,scaffold_7,scaffold,svr
Other backbone,6,1.0,0.09999999999999998,134.52119269976535,False,family,Normalised SCP,scaffold_7,scaffold,svr
Polyhalo-olefins,8,1.0,0.09999999999999998,244.40624220964477,False,family,Normalised SCP,scaffold_7,scaffold,svr
Polysulfides,10,1.0,0.09999999999999998,184.9272933970427,True,family,Normalised SCP,scaffold_7,scaffold,svr
Polyimines,2,1.0,0.09999999999999998,109.95509555586901,False,family,Normalised SCP,scaffold_7,scaffold,svr
0,116,0.6896551724137931,-0.21034482758620687,141.09264000000005,True,similarity,SCP,scaffold_7,scaffold,random_forest
1,88,0.7954545454545454,-0.10454545454545461,141.09264000000002,True,similarity,SCP,scaffold_7,scaffold,random_forest
2,177,0.8305084745762712,-0.06949152542372883,141.09264000000002,True,similarity,SCP,scaffold_7,scaffold,random_forest
3,251,0.9123505976095617,0.012350597609561698,141.09263999999996,True,similarity,SCP,scaffold_7,scaffold,random_forest
4,276,0.9347826086956522,0.034782608695652195,141.09264,True,similarity,SCP,scaffold_7,scaffold,random_forest
5,527,0.9544592030360531,0.054459203036053117,141.09264,True,similarity,SCP,scaffold_7,scaffold,random_forest
Polyphosphazenes,10,0.5,-0.4,141.09264000000002,True,family,SCP,scaffold_7,scaffold,random_forest
Polyolefins,13,0.5384615384615384,-0.3615384615384616,141.09264,True,family,SCP,scaffold_7,scaffold,random_forest
Polyanhydrides,15,0.6666666666666666,-0.2333333333333334,141.09264000000002,True,family,SCP,scaffold_7,scaffold,random_forest
Polyphenylenes,129,0.8062015503875969,-0.09379844961240313,141.09264,True,family,SCP,scaffold_7,scaffold,random_forest
Other backbone,6,0.8333333333333334,-0.06666666666666665,141.09264,False,family,SCP,scaffold_7,scaffold,random_forest
Polydienes,6,0.8333333333333334,-0.06666666666666665,141.09264,False,family,SCP,scaffold_7,scaffold,random_forest
Polysiloxanes,25,0.84,-0.06000000000000005,141.09264,True,family,SCP,scaffold_7,scaffold,random_forest
Polycarbonates,34,0.8823529411764706,-0.01764705882352946,141.09264,True,family,SCP,scaffold_7,scaffold,random_forest
Polyamides,200,0.885,-0.015000000000000013,141.09264,True,family,SCP,scaffold_7,scaffold,random_forest
Polystyrenes,18,0.8888888888888888,-0.011111111111111183,141.09264,True,family,SCP,scaffold_7,scaffold,random_forest
Polyurethanes,37,0.8918918918918919,-0.008108108108108136,141.09263999999996,True,family,SCP,scaffold_7,scaffold,random_forest
Polyvinyls,20,0.9,0.0,141.09264,True,family,SCP,scaffold_7,scaffold,random_forest
Polyacrylics,62,0.9193548387096774,0.019354838709677358,141.09264000000002,True,family,SCP,scaffold_7,scaffold,random_forest
Polyethers,154,0.922077922077922,0.02207792207792203,141.09264,True,family,SCP,scaffold_7,scaffold,random_forest
Polyimides,478,0.9225941422594143,0.02259414225941425,141.09263999999996,True,family,SCP,scaffold_7,scaffold,random_forest
Polysulfones,58,0.9310344827586207,0.03103448275862064,141.09263999999996,True,family,SCP,scaffold_7,scaffold,random_forest
Polyesters,145,0.9448275862068966,0.04482758620689653,141.09264000000002,True,family,SCP,scaffold_7,scaffold,random_forest
Polyureas,5,1.0,0.09999999999999998,141.09264,False,family,SCP,scaffold_7,scaffold,random_forest
Polyhalo-olefins,8,1.0,0.09999999999999998,141.09264000000002,False,family,SCP,scaffold_7,scaffold,random_forest
Polysulfides,10,1.0,0.09999999999999998,141.09264,True,family,SCP,scaffold_7,scaffold,random_forest
Polyimines,2,1.0,0.09999999999999998,141.09264,False,family,SCP,scaffold_7,scaffold,random_forest
5,527,0.8481973434535104,-0.051802656546489634,102.44519999999991,True,similarity,Mondrian-similarity,scaffold_7,scaffold,random_forest
2,177,0.8531073446327684,-0.04689265536723164,153.39887999999996,True,similarity,Mondrian-similarity,scaffold_7,scaffold,random_forest
1,88,0.9090909090909091,0.009090909090909038,225.59852,True,similarity,Mondrian-similarity,scaffold_7,scaffold,random_forest
3,251,0.9322709163346613,0.03227091633466128,156.28467999999998,True,similarity,Mondrian-similarity,scaffold_7,scaffold,random_forest
4,276,0.9347826086956522,0.034782608695652195,138.24759999999998,True,similarity,Mondrian-similarity,scaffold_7,scaffold,random_forest
0,116,0.9396551724137931,0.03965517241379313,281.97263999999996,True,similarity,Mondrian-similarity,scaffold_7,scaffold,random_forest
Polyphosphazenes,10,0.7,-0.20000000000000007,170.50544799999994,True,family,Mondrian-similarity,scaffold_7,scaffold,random_forest
Polyamides,200,0.83,-0.07000000000000006,135.35204479999996,True,family,Mondrian-similarity,scaffold_7,scaffold,random_forest
Polydienes,6,0.8333333333333334,-0.06666666666666665,260.54368,False,family,Mondrian-similarity,scaffold_7,scaffold,random_forest
Polysiloxanes,25,0.84,-0.06000000000000005,165.46683039999996,True,family,Mondrian-similarity,scaffold_7,scaffold,random_forest
Polyvinyls,20,0.85,-0.050000000000000044,189.46681799999996,True,family,Mondrian-similarity,scaffold_7,scaffold,random_forest
Polyphenylenes,129,0.8527131782945736,-0.04728682170542642,174.96237891472867,True,family,Mondrian-similarity,scaffold_7,scaffold,random_forest
Polysulfones,58,0.8620689655172413,-0.037931034482758696,128.86535724137926,True,family,Mondrian-similarity,scaffold_7,scaffold,random_forest
Polycarbonates,34,0.8823529411764706,-0.01764705882352946,150.84699058823526,True,family,Mondrian-similarity,scaffold_7,scaffold,random_forest
Polyurethanes,37,0.8918918918918919,-0.008108108108108136,148.1692259459459,True,family,Mondrian-similarity,scaffold_7,scaffold,random_forest
Polyethers,154,0.9090909090909091,0.009090909090909038,133.30712753246746,True,family,Mondrian-similarity,scaffold_7,scaffold,random_forest
Polyimides,478,0.9100418410041841,0.010041841004184038,136.5614144769874,True,family,Mondrian-similarity,scaffold_7,scaffold,random_forest
Polyesters,145,0.9103448275862069,0.010344827586206917,137.65522482758612,True,family,Mondrian-similarity,scaffold_7,scaffold,random_forest
Polyolefins,13,0.9230769230769231,0.023076923076923106,225.75640615384611,True,family,Mondrian-similarity,scaffold_7,scaffold,random_forest
Polyacrylics,62,0.9354838709677419,0.03548387096774186,174.77069612903227,True,family,Mondrian-similarity,scaffold_7,scaffold,random_forest
Polystyrenes,18,0.9444444444444444,0.0444444444444444,179.3948133333333,True,family,Mondrian-similarity,scaffold_7,scaffold,random_forest
Polyhalo-olefins,8,1.0,0.09999999999999998,259.53171,False,family,Mondrian-similarity,scaffold_7,scaffold,random_forest
Polyanhydrides,15,1.0,0.09999999999999998,252.692,True,family,Mondrian-similarity,scaffold_7,scaffold,random_forest
Other backbone,6,1.0,0.09999999999999998,149.83196666666663,False,family,Mondrian-similarity,scaffold_7,scaffold,random_forest
Polyureas,5,1.0,0.09999999999999998,154.617816,False,family,Mondrian-similarity,scaffold_7,scaffold,random_forest
Polysulfides,10,1.0,0.09999999999999998,158.47869599999999,True,family,Mondrian-similarity,scaffold_7,scaffold,random_forest
Polyimines,2,1.0,0.09999999999999998,138.24759999999998,False,family,Mondrian-similarity,scaffold_7,scaffold,random_forest
0,116,0.7758620689655172,-0.12413793103448278,162.35649000000004,True,similarity,Mondrian-family,scaffold_7,scaffold,random_forest
1,88,0.8068181818181818,-0.09318181818181825,174.08225272727276,True,similarity,Mondrian-family,scaffold_7,scaffold,random_forest
2,177,0.847457627118644,-0.05254237288135599,153.0101240677966,True,similarity,Mondrian-family,scaffold_7,scaffold,random_forest
3,251,0.8804780876494024,-0.019521912350597637,138.22887250996015,True,similarity,Mondrian-family,scaffold_7,scaffold,random_forest
4,276,0.9166666666666666,0.016666666666666607,134.66196507246377,True,similarity,Mondrian-family,scaffold_7,scaffold,random_forest
5,527,0.9354838709677419,0.03548387096774186,137.57574459203036,True,similarity,Mondrian-family,scaffold_7,scaffold,random_forest
Polyphosphazenes,10,0.6,-0.30000000000000004,161.63720000000004,True,family,Mondrian-family,scaffold_7,scaffold,random_forest
Polyanhydrides,15,0.6666666666666666,-0.2333333333333334,141.09264000000002,True,family,Mondrian-family,scaffold_7,scaffold,random_forest
Polyvinyls,20,0.7,-0.20000000000000007,109.21891999999998,True,family,Mondrian-family,scaffold_7,scaffold,random_forest
Polyolefins,13,0.7692307692307693,-0.13076923076923075,198.90688,True,family,Mondrian-family,scaffold_7,scaffold,random_forest
Other backbone,6,0.8333333333333334,-0.06666666666666665,141.09264,False,family,Mondrian-family,scaffold_7,scaffold,random_forest
Polydienes,6,0.8333333333333334,-0.06666666666666665,141.09264,False,family,Mondrian-family,scaffold_7,scaffold,random_forest
Polyamides,200,0.875,-0.025000000000000022,133.28999999999996,True,family,Mondrian-family,scaffold_7,scaffold,random_forest
Polysulfones,58,0.8793103448275862,-0.020689655172413834,116.28272000000004,True,family,Mondrian-family,scaffold_7,scaffold,random_forest
Polycarbonates,34,0.8823529411764706,-0.01764705882352946,141.09264,True,family,Mondrian-family,scaffold_7,scaffold,random_forest
Polyethers,154,0.8896103896103896,-0.010389610389610393,123.25160000000005,True,family,Mondrian-family,scaffold_7,scaffold,random_forest
Polyimides,478,0.891213389121339,-0.00878661087866106,128.415,True,family,Mondrian-family,scaffold_7,scaffold,random_forest
Polyurethanes,37,0.8918918918918919,-0.008108108108108136,145.62772000000007,True,family,Mondrian-family,scaffold_7,scaffold,random_forest
Polyesters,145,0.903448275862069,0.0034482758620689724,122.62579999999991,True,family,Mondrian-family,scaffold_7,scaffold,random_forest
Polyacrylics,62,0.9354838709677419,0.03548387096774186,161.03176000000002,True,family,Mondrian-family,scaffold_7,scaffold,random_forest
Polyphenylenes,129,0.937984496124031,0.037984496124030986,243.36720000000008,True,family,Mondrian-family,scaffold_7,scaffold,random_forest
Polystyrenes,18,0.9444444444444444,0.0444444444444444,163.49339999999998,True,family,Mondrian-family,scaffold_7,scaffold,random_forest
Polysiloxanes,25,0.96,0.05999999999999994,232.94971999999996,True,family,Mondrian-family,scaffold_7,scaffold,random_forest
Polyureas,5,1.0,0.09999999999999998,141.09264,False,family,Mondrian-family,scaffold_7,scaffold,random_forest
Polyhalo-olefins,8,1.0,0.09999999999999998,141.09264000000002,False,family,Mondrian-family,scaffold_7,scaffold,random_forest
Polysulfides,10,1.0,0.09999999999999998,141.09264,True,family,Mondrian-family,scaffold_7,scaffold,random_forest
Polyimines,2,1.0,0.09999999999999998,141.09264,False,family,Mondrian-family,scaffold_7,scaffold,random_forest
1,88,0.8181818181818182,-0.08181818181818179,153.97022766993112,True,similarity,Normalised SCP,scaffold_7,scaffold,random_forest
2,177,0.8192090395480226,-0.08079096045197742,129.00080443555595,True,similarity,Normalised SCP,scaffold_7,scaffold,random_forest
0,116,0.8362068965517241,-0.06379310344827593,190.8253847995664,True,similarity,Normalised SCP,scaffold_7,scaffold,random_forest
5,527,0.8956356736242884,-0.004364326375711602,115.77017026364703,True,similarity,Normalised SCP,scaffold_7,scaffold,random_forest
3,251,0.900398406374502,0.00039840637450194727,130.5572337192879,True,similarity,Normalised SCP,scaffold_7,scaffold,random_forest
4,276,0.9094202898550725,0.009420289855072483,121.49838843846653,True,similarity,Normalised SCP,scaffold_7,scaffold,random_forest
Polyphosphazenes,10,0.6,-0.30000000000000004,137.76742731143582,True,family,Normalised SCP,scaffold_7,scaffold,random_forest
Polyanhydrides,15,0.7333333333333333,-0.16666666666666674,192.82621249500698,True,family,Normalised SCP,scaffold_7,scaffold,random_forest
Polysulfones,58,0.7931034482758621,-0.10689655172413792,113.34704763177875,True,family,Normalised SCP,scaffold_7,scaffold,random_forest
Polyphenylenes,129,0.813953488372093,-0.086046511627907,144.54419814049706,True,family,Normalised SCP,scaffold_7,scaffold,random_forest
Polystyrenes,18,0.8333333333333334,-0.06666666666666665,127.88249109616714,True,family,Normalised SCP,scaffold_7,scaffold,random_forest
Other backbone,6,0.8333333333333334,-0.06666666666666665,117.35735763186045,False,family,Normalised SCP,scaffold_7,scaffold,random_forest
Polydienes,6,0.8333333333333334,-0.06666666666666665,219.01779051905712,False,family,Normalised SCP,scaffold_7,scaffold,random_forest
Polyurethanes,37,0.8378378378378378,-0.06216216216216219,125.48361608796372,True,family,Normalised SCP,scaffold_7,scaffold,random_forest
Polyolefins,13,0.8461538461538461,-0.05384615384615388,214.65513715838804,True,family,Normalised SCP,scaffold_7,scaffold,random_forest
Polyamides,200,0.86,-0.040000000000000036,132.1833036495774,True,family,Normalised SCP,scaffold_7,scaffold,random_forest
Polyesters,145,0.8758620689655172,-0.024137931034482807,110.76644629912646,True,family,Normalised SCP,scaffold_7,scaffold,random_forest
Polysiloxanes,25,0.88,-0.020000000000000018,128.68088094283755,True,family,Normalised SCP,scaffold_7,scaffold,random_forest
Polyethers,154,0.8896103896103896,-0.010389610389610393,116.9877269697306,True,family,Normalised SCP,scaffold_7,scaffold,random_forest
Polycarbonates,34,0.9117647058823529,0.0117647058823529,115.99148645329467,True,family,Normalised SCP,scaffold_7,scaffold,random_forest
Polyimides,478,0.9163179916317992,0.016317991631799145,129.31460943603867,True,family,Normalised SCP,scaffold_7,scaffold,random_forest
Polyacrylics,62,0.9193548387096774,0.019354838709677358,141.06347709158987,True,family,Normalised SCP,scaffold_7,scaffold,random_forest
Polyvinyls,20,0.95,0.04999999999999993,132.97842223482385,True,family,Normalised SCP,scaffold_7,scaffold,random_forest
Polyureas,5,1.0,0.09999999999999998,151.8774630757054,False,family,Normalised SCP,scaffold_7,scaffold,random_forest
Polyhalo-olefins,8,1.0,0.09999999999999998,186.36923611221167,False,family,Normalised SCP,scaffold_7,scaffold,random_forest
Polysulfides,10,1.0,0.09999999999999998,123.68765093444433,True,family,Normalised SCP,scaffold_7,scaffold,random_forest
Polyimines,2,1.0,0.09999999999999998,104.4402800038034,False,family,Normalised SCP,scaffold_7,scaffold,random_forest
0,116,0.6810344827586207,-0.21896551724137936,127.06944490275376,True,similarity,SCP,scaffold_7,scaffold,hist_gbr
1,88,0.8295454545454546,-0.07045454545454544,127.06944490275373,True,similarity,SCP,scaffold_7,scaffold,hist_gbr
2,177,0.8531073446327684,-0.04689265536723164,127.06944490275373,True,similarity,SCP,scaffold_7,scaffold,hist_gbr
3,251,0.9163346613545816,0.016334661354581614,127.06944490275373,True,similarity,SCP,scaffold_7,scaffold,hist_gbr
4,276,0.9202898550724637,0.020289855072463725,127.06944490275376,True,similarity,SCP,scaffold_7,scaffold,hist_gbr
5,527,0.9468690702087287,0.04686907020872866,127.06944490275372,True,similarity,SCP,scaffold_7,scaffold,hist_gbr
Polyanhydrides,15,0.4666666666666667,-0.43333333333333335,127.06944490275376,True,family,SCP,scaffold_7,scaffold,hist_gbr
Polyolefins,13,0.5384615384615384,-0.3615384615384616,127.06944490275374,True,family,SCP,scaffold_7,scaffold,hist_gbr
Polyphosphazenes,10,0.6,-0.30000000000000004,127.06944490275376,True,family,SCP,scaffold_7,scaffold,hist_gbr
Polydienes,6,0.6666666666666666,-0.2333333333333334,127.06944490275377,False,family,SCP,scaffold_7,scaffold,hist_gbr
Polyphenylenes,129,0.8294573643410853,-0.07054263565891472,127.06944490275376,True,family,SCP,scaffold_7,scaffold,hist_gbr
Polyacrylics,62,0.8387096774193549,-0.06129032258064515,127.0694449027538,True,family,SCP,scaffold_7,scaffold,hist_gbr
Polysiloxanes,25,0.84,-0.06000000000000005,127.06944490275377,True,family,SCP,scaffold_7,scaffold,hist_gbr
Polyvinyls,20,0.85,-0.050000000000000044,127.06944490275376,True,family,SCP,scaffold_7,scaffold,hist_gbr
Polystyrenes,18,0.8888888888888888,-0.011111111111111183,127.06944490275376,True,family,SCP,scaffold_7,scaffold,hist_gbr
Polyamides,200,0.895,-0.0050000000000000044,127.06944490275373,True,family,SCP,scaffold_7,scaffold,hist_gbr
Polyethers,154,0.9090909090909091,0.009090909090909038,127.06944490275373,True,family,SCP,scaffold_7,scaffold,hist_gbr
Polyimides,478,0.9205020920502092,0.020502092050209142,127.06944490275374,True,family,SCP,scaffold_7,scaffold,hist_gbr
Polyesters,145,0.9310344827586207,0.03103448275862064,127.06944490275376,True,family,SCP,scaffold_7,scaffold,hist_gbr
Polyurethanes,37,0.9459459459459459,0.04594594594594592,127.06944490275379,True,family,SCP,scaffold_7,scaffold,hist_gbr
Polysulfones,58,0.9655172413793104,0.06551724137931036,127.06944490275377,True,family,SCP,scaffold_7,scaffold,hist_gbr
Polycarbonates,34,0.9705882352941176,0.07058823529411762,127.06944490275379,True,family,SCP,scaffold_7,scaffold,hist_gbr
Polyureas,5,1.0,0.09999999999999998,127.06944490275376,False,family,SCP,scaffold_7,scaffold,hist_gbr
Other backbone,6,1.0,0.09999999999999998,127.06944490275374,False,family,SCP,scaffold_7,scaffold,hist_gbr
Polyhalo-olefins,8,1.0,0.09999999999999998,127.06944490275376,False,family,SCP,scaffold_7,scaffold,hist_gbr
Polysulfides,10,1.0,0.09999999999999998,127.06944490275376,True,family,SCP,scaffold_7,scaffold,hist_gbr
Polyimines,2,1.0,0.09999999999999998,127.06944490275374,False,family,SCP,scaffold_7,scaffold,hist_gbr
5,527,0.8273244781783681,-0.07267552182163195,87.82505628599584,True,similarity,Mondrian-similarity,scaffold_7,scaffold,hist_gbr
2,177,0.8813559322033898,-0.01864406779661021,138.08891710152736,True,similarity,Mondrian-similarity,scaffold_7,scaffold,hist_gbr
1,88,0.9090909090909091,0.009090909090909038,211.95806057080105,True,similarity,Mondrian-similarity,scaffold_7,scaffold,hist_gbr
4,276,0.9202898550724637,0.020289855072463725,124.69737750974667,True,similarity,Mondrian-similarity,scaffold_7,scaffold,hist_gbr
3,251,0.9482071713147411,0.04820717131474106,145.75995257635032,True,similarity,Mondrian-similarity,scaffold_7,scaffold,hist_gbr
0,116,0.9568965517241379,0.05689655172413788,291.6789714525143,True,similarity,Mondrian-similarity,scaffold_7,scaffold,hist_gbr
Polyphosphazenes,10,0.7,-0.20000000000000007,158.16897906737444,True,family,Mondrian-similarity,scaffold_7,scaffold,hist_gbr
Polysiloxanes,25,0.8,-0.09999999999999998,154.51767632162463,True,family,Mondrian-similarity,scaffold_7,scaffold,hist_gbr
Polydienes,6,0.8333333333333334,-0.06666666666666665,266.0806290606831,False,family,Mondrian-similarity,scaffold_7,scaffold,hist_gbr
Polyphenylenes,129,0.8449612403100775,-0.055038759689922556,165.00719103904817,True,family,Mondrian-similarity,scaffold_7,scaffold,hist_gbr
Polyamides,200,0.845,-0.05500000000000005,122.29799215389687,True,family,Mondrian-similarity,scaffold_7,scaffold,hist_gbr
Polysulfones,58,0.8620689655172413,-0.037931034482758696,114.84238970618843,True,family,Mondrian-similarity,scaffold_7,scaffold,hist_gbr
Polystyrenes,18,0.8888888888888888,-0.011111111111111183,166.9314614869864,True,family,Mondrian-similarity,scaffold_7,scaffold,hist_gbr
Polyethers,154,0.8896103896103896,-0.010389610389610393,120.32298051282694,True,family,Mondrian-similarity,scaffold_7,scaffold,hist_gbr
Polyurethanes,37,0.8918918918918919,-0.008108108108108136,135.33543817044534,True,family,Mondrian-similarity,scaffold_7,scaffold,hist_gbr
Polyvinyls,20,0.9,0.0,181.6885655616569,True,family,Mondrian-similarity,scaffold_7,scaffold,hist_gbr
Polyimides,478,0.9016736401673641,0.0016736401673640433,124.24165657009821,True,family,Mondrian-similarity,scaffold_7,scaffold,hist_gbr
Polyacrylics,62,0.9032258064516129,0.003225806451612856,166.31021926998406,True,family,Mondrian-similarity,scaffold_7,scaffold,hist_gbr
Polyesters,145,0.9103448275862069,0.010344827586206917,124.6014158551512,True,family,Mondrian-similarity,scaffold_7,scaffold,hist_gbr
Polycarbonates,34,0.9705882352941176,0.07058823529411762,138.91190387286377,True,family,Mondrian-similarity,scaffold_7,scaffold,hist_gbr
Polysulfides,10,1.0,0.09999999999999998,146.52278218637625,True,family,Mondrian-similarity,scaffold_7,scaffold,hist_gbr
Polyhalo-olefins,8,1.0,0.09999999999999998,266.1972320566995,False,family,Mondrian-similarity,scaffold_7,scaffold,hist_gbr
Polyanhydrides,15,1.0,0.09999999999999998,256.1576355551909,True,family,Mondrian-similarity,scaffold_7,scaffold,hist_gbr
Polyureas,5,1.0,0.09999999999999998,140.13166571391963,False,family,Mondrian-similarity,scaffold_7,scaffold,hist_gbr
Other backbone,6,1.0,0.09999999999999998,139.83383499806322,False,family,Mondrian-similarity,scaffold_7,scaffold,hist_gbr
Polyolefins,13,1.0,0.09999999999999998,221.26673434528223,True,family,Mondrian-similarity,scaffold_7,scaffold,hist_gbr
Polyimines,2,1.0,0.09999999999999998,124.69737750974667,False,family,Mondrian-similarity,scaffold_7,scaffold,hist_gbr
0,116,0.7155172413793104,-0.18448275862068964,160.9630663047807,True,similarity,Mondrian-family,scaffold_7,scaffold,hist_gbr
1,88,0.8522727272727273,-0.04772727272727273,179.30258647556573,True,similarity,Mondrian-family,scaffold_7,scaffold,hist_gbr
2,177,0.864406779661017,-0.035593220338983045,148.17300609491483,True,similarity,Mondrian-family,scaffold_7,scaffold,hist_gbr
3,251,0.9123505976095617,0.012350597609561698,128.8059457987737,True,similarity,Mondrian-family,scaffold_7,scaffold,hist_gbr
4,276,0.9166666666666666,0.016666666666666607,124.78344131916535,True,similarity,Mondrian-family,scaffold_7,scaffold,hist_gbr
5,527,0.9468690702087287,0.04686907020872866,131.78214248979074,True,similarity,Mondrian-family,scaffold_7,scaffold,hist_gbr
Polyanhydrides,15,0.4666666666666667,-0.43333333333333335,127.06944490275376,True,family,Mondrian-family,scaffold_7,scaffold,hist_gbr
Polyphosphazenes,10,0.6,-0.30000000000000004,156.12052250650686,True,family,Mondrian-family,scaffold_7,scaffold,hist_gbr
Polyolefins,13,0.6153846153846154,-0.2846153846153846,188.67768234333062,True,family,Mondrian-family,scaffold_7,scaffold,hist_gbr
Polydienes,6,0.6666666666666666,-0.2333333333333334,127.06944490275377,False,family,Mondrian-family,scaffold_7,scaffold,hist_gbr
Polyvinyls,20,0.7,-0.20000000000000007,89.07386439506645,True,family,Mondrian-family,scaffold_7,scaffold,hist_gbr
Polyurethanes,37,0.8378378378378378,-0.06216216216216219,102.45617436254933,True,family,Mondrian-family,scaffold_7,scaffold,hist_gbr
Polyamides,200,0.86,-0.040000000000000036,111.43667600568733,True,family,Mondrian-family,scaffold_7,scaffold,hist_gbr
Polyacrylics,62,0.8870967741935484,-0.012903225806451646,130.98146045505638,True,family,Mondrian-family,scaffold_7,scaffold,hist_gbr
Polyethers,154,0.9025974025974026,0.0025974025974025983,117.78349225838397,True,family,Mondrian-family,scaffold_7,scaffold,hist_gbr
Polyesters,145,0.9103448275862069,0.010344827586206917,107.03048128359137,True,family,Mondrian-family,scaffold_7,scaffold,hist_gbr
Polyimides,478,0.9184100418410042,0.018410041841004143,124.6973775097467,True,family,Mondrian-family,scaffold_7,scaffold,hist_gbr
Polycarbonates,34,0.9411764705882353,0.04117647058823526,120.55854761260632,True,family,Mondrian-family,scaffold_7,scaffold,hist_gbr
Polystyrenes,18,0.9444444444444444,0.0444444444444444,153.53494548973586,True,family,Mondrian-family,scaffold_7,scaffold,hist_gbr
Polysulfones,58,0.9482758620689655,0.0482758620689655,116.62433778262964,True,family,Mondrian-family,scaffold_7,scaffold,hist_gbr
Polyphenylenes,129,0.9689922480620154,0.06899224806201543,299.1078315694136,True,family,Mondrian-family,scaffold_7,scaffold,hist_gbr
Polysulfides,10,1.0,0.09999999999999998,127.06944490275376,True,family,Mondrian-family,scaffold_7,scaffold,hist_gbr
Polyureas,5,1.0,0.09999999999999998,127.06944490275376,False,family,Mondrian-family,scaffold_7,scaffold,hist_gbr
Other backbone,6,1.0,0.09999999999999998,127.06944490275374,False,family,Mondrian-family,scaffold_7,scaffold,hist_gbr
Polyhalo-olefins,8,1.0,0.09999999999999998,127.06944490275376,False,family,Mondrian-family,scaffold_7,scaffold,hist_gbr
Polysiloxanes,25,1.0,0.09999999999999998,192.77373630024513,True,family,Mondrian-family,scaffold_7,scaffold,hist_gbr
Polyimines,2,1.0,0.09999999999999998,127.06944490275374,False,family,Mondrian-family,scaffold_7,scaffold,hist_gbr
0,116,0.8103448275862069,-0.08965517241379317,188.19692136420932,True,similarity,Normalised SCP,scaffold_7,scaffold,hist_gbr
1,88,0.8295454545454546,-0.07045454545454544,147.86564710257673,True,similarity,Normalised SCP,scaffold_7,scaffold,hist_gbr
2,177,0.8418079096045198,-0.058192090395480234,130.67197712437607,True,similarity,Normalised SCP,scaffold_7,scaffold,hist_gbr
3,251,0.896414342629482,-0.0035856573705179695,130.05141851401467,True,similarity,Normalised SCP,scaffold_7,scaffold,hist_gbr
5,527,0.9089184060721063,0.008918406072106255,112.24966866992622,True,similarity,Normalised SCP,scaffold_7,scaffold,hist_gbr
4,276,0.9166666666666666,0.016666666666666607,118.94601530006061,True,similarity,Normalised SCP,scaffold_7,scaffold,hist_gbr
Polyolefins,13,0.6923076923076923,-0.20769230769230773,202.1652502505913,True,family,Normalised SCP,scaffold_7,scaffold,hist_gbr
Polyphosphazenes,10,0.7,-0.20000000000000007,154.98578925047468,True,family,Normalised SCP,scaffold_7,scaffold,hist_gbr
Polyvinyls,20,0.8,-0.09999999999999998,122.41615849091298,True,family,Normalised SCP,scaffold_7,scaffold,hist_gbr
Polyanhydrides,15,0.8,-0.09999999999999998,177.87541938358476,True,family,Normalised SCP,scaffold_7,scaffold,hist_gbr
Polysiloxanes,25,0.8,-0.09999999999999998,122.2431890983694,True,family,Normalised SCP,scaffold_7,scaffold,hist_gbr
Polysulfones,58,0.8103448275862069,-0.08965517241379317,100.56167229732785,True,family,Normalised SCP,scaffold_7,scaffold,hist_gbr
Polyphenylenes,129,0.813953488372093,-0.086046511627907,143.36787574227446,True,family,Normalised SCP,scaffold_7,scaffold,hist_gbr
Polydienes,6,0.8333333333333334,-0.06666666666666665,223.86107589437623,False,family,Normalised SCP,scaffold_7,scaffold,hist_gbr
Polystyrenes,18,0.8333333333333334,-0.06666666666666665,124.2528404401324,True,family,Normalised SCP,scaffold_7,scaffold,hist_gbr
Polycarbonates,34,0.8529411764705882,-0.04705882352941182,111.78996992977808,True,family,Normalised SCP,scaffold_7,scaffold,hist_gbr
Polyacrylics,62,0.8548387096774194,-0.04516129032258065,140.89078580373646,True,family,Normalised SCP,scaffold_7,scaffold,hist_gbr
Polyamides,200,0.885,-0.015000000000000013,124.96041720789235,True,family,Normalised SCP,scaffold_7,scaffold,hist_gbr
Polyethers,154,0.8961038961038961,-0.003896103896103953,111.65300618411517,True,family,Normalised SCP,scaffold_7,scaffold,hist_gbr
Polyesters,145,0.896551724137931,-0.0034482758620689724,114.58296045487884,True,family,Normalised SCP,scaffold_7,scaffold,hist_gbr
Polyurethanes,37,0.918918918918919,0.018918918918918948,139.3290967484997,True,family,Normalised SCP,scaffold_7,scaffold,hist_gbr
Polyimides,478,0.9309623430962343,0.030962343096234246,128.35203965651087,True,family,Normalised SCP,scaffold_7,scaffold,hist_gbr
Polyureas,5,1.0,0.09999999999999998,142.15021751192765,False,family,Normalised SCP,scaffold_7,scaffold,hist_gbr
Other backbone,6,1.0,0.09999999999999998,113.75933328984665,False,family,Normalised SCP,scaffold_7,scaffold,hist_gbr
Polyhalo-olefins,8,1.0,0.09999999999999998,195.54809354328327,False,family,Normalised SCP,scaffold_7,scaffold,hist_gbr
Polysulfides,10,1.0,0.09999999999999998,137.01914536119202,True,family,Normalised SCP,scaffold_7,scaffold,hist_gbr
Polyimines,2,1.0,0.09999999999999998,84.8261849985079,False,family,Normalised SCP,scaffold_7,scaffold,hist_gbr
0,116,0.646551724137931,-0.253448275862069,130.97856,True,similarity,SCP,scaffold_7,scaffold,extra_trees
1,88,0.7613636363636364,-0.13863636363636367,130.97856000000002,True,similarity,SCP,scaffold_7,scaffold,extra_trees
2,177,0.8361581920903954,-0.06384180790960459,130.97856000000002,True,similarity,SCP,scaffold_7,scaffold,extra_trees
4,276,0.9094202898550725,0.009420289855072483,130.97856000000002,True,similarity,SCP,scaffold_7,scaffold,extra_trees
3,251,0.9163346613545816,0.016334661354581614,130.97856000000002,True,similarity,SCP,scaffold_7,scaffold,extra_trees
5,527,0.9506641366223909,0.05066413662239089,130.97856000000002,True,similarity,SCP,scaffold_7,scaffold,extra_trees
Polyolefins,13,0.46153846153846156,-0.43846153846153846,130.97856000000002,True,family,SCP,scaffold_7,scaffold,extra_trees
Polyphosphazenes,10,0.6,-0.30000000000000004,130.97856000000002,True,family,SCP,scaffold_7,scaffold,extra_trees
Polyanhydrides,15,0.6666666666666666,-0.2333333333333334,130.97856000000002,True,family,SCP,scaffold_7,scaffold,extra_trees
Polydienes,6,0.6666666666666666,-0.2333333333333334,130.97856000000002,False,family,SCP,scaffold_7,scaffold,extra_trees
Polyphenylenes,129,0.7984496124031008,-0.10155038759689927,130.97856000000002,True,family,SCP,scaffold_7,scaffold,extra_trees
Other backbone,6,0.8333333333333334,-0.06666666666666665,130.97856000000002,False,family,SCP,scaffold_7,scaffold,extra_trees
Polyvinyls,20,0.85,-0.050000000000000044,130.97856000000002,True,family,SCP,scaffold_7,scaffold,extra_trees
Polyurethanes,37,0.8648648648648649,-0.03513513513513511,130.97856000000002,True,family,SCP,scaffold_7,scaffold,extra_trees
Polysiloxanes,25,0.88,-0.020000000000000018,130.97856000000002,True,family,SCP,scaffold_7,scaffold,extra_trees
Polyamides,200,0.885,-0.015000000000000013,130.97856000000002,True,family,SCP,scaffold_7,scaffold,extra_trees
Polyacrylics,62,0.8870967741935484,-0.012903225806451646,130.97855999999996,True,family,SCP,scaffold_7,scaffold,extra_trees
Polystyrenes,18,0.8888888888888888,-0.011111111111111183,130.97856000000002,True,family,SCP,scaffold_7,scaffold,extra_trees
Polysulfides,10,0.9,0.0,130.97856000000002,True,family,SCP,scaffold_7,scaffold,extra_trees
Polyimides,478,0.9037656903765691,0.003765690376569042,130.97856000000002,True,family,SCP,scaffold_7,scaffold,extra_trees
Polyethers,154,0.9155844155844156,0.01558441558441559,130.97856000000002,True,family,SCP,scaffold_7,scaffold,extra_trees
Polysulfones,58,0.9310344827586207,0.03103448275862064,130.97856,True,family,SCP,scaffold_7,scaffold,extra_trees
Polyesters,145,0.9379310344827586,0.037931034482758585,130.97856000000002,True,family,SCP,scaffold_7,scaffold,extra_trees
Polycarbonates,34,0.9411764705882353,0.04117647058823526,130.97856,True,family,SCP,scaffold_7,scaffold,extra_trees
Polyureas,5,1.0,0.09999999999999998,130.97856000000002,False,family,SCP,scaffold_7,scaffold,extra_trees
Polyhalo-olefins,8,1.0,0.09999999999999998,130.97856000000002,False,family,SCP,scaffold_7,scaffold,extra_trees
Polyimines,2,1.0,0.09999999999999998,130.97856000000002,False,family,SCP,scaffold_7,scaffold,extra_trees
5,527,0.8519924098671727,-0.048007590132827294,93.26400000000005,True,similarity,Mondrian-similarity,scaffold_7,scaffold,extra_trees
2,177,0.864406779661017,-0.035593220338983045,147.7741600000001,True,similarity,Mondrian-similarity,scaffold_7,scaffold,extra_trees
4,276,0.8985507246376812,-0.0014492753623188692,123.812,True,similarity,Mondrian-similarity,scaffold_7,scaffold,extra_trees
0,116,0.9396551724137931,0.03965517241379313,272.58520000000004,True,similarity,Mondrian-similarity,scaffold_7,scaffold,extra_trees
1,88,0.9431818181818182,0.04318181818181821,239.94956000000002,True,similarity,Mondrian-similarity,scaffold_7,scaffold,extra_trees
3,251,0.9561752988047809,0.05617529880478089,153.94731999999985,True,similarity,Mondrian-similarity,scaffold_7,scaffold,extra_trees
Polyolefins,13,0.7692307692307693,-0.13076923076923075,225.66900923076926,True,family,Mondrian-similarity,scaffold_7,scaffold,extra_trees
Polyphosphazenes,10,0.8,-0.09999999999999998,167.78831200000008,True,family,Mondrian-similarity,scaffold_7,scaffold,extra_trees
Polydienes,6,0.8333333333333334,-0.06666666666666665,251.78336000000004,False,family,Mondrian-similarity,scaffold_7,scaffold,extra_trees
Polysiloxanes,25,0.84,-0.06000000000000005,160.3654576,True,family,Mondrian-similarity,scaffold_7,scaffold,extra_trees
Polyvinyls,20,0.85,-0.050000000000000044,186.237834,True,family,Mondrian-similarity,scaffold_7,scaffold,extra_trees
Polyamides,200,0.85,-0.050000000000000044,127.1735144,True,family,Mondrian-similarity,scaffold_7,scaffold,extra_trees
Polyphenylenes,129,0.8604651162790697,-0.03953488372093028,171.45546418604653,True,family,Mondrian-similarity,scaffold_7,scaffold,extra_trees
Polysulfones,58,0.8620689655172413,-0.037931034482758696,120.56166206896553,True,family,Mondrian-similarity,scaffold_7,scaffold,extra_trees
Polyurethanes,37,0.8918918918918919,-0.008108108108108136,142.3300821621622,True,family,Mondrian-similarity,scaffold_7,scaffold,extra_trees
Polyethers,154,0.9025974025974026,0.0025974025974025983,125.00225688311687,True,family,Mondrian-similarity,scaffold_7,scaffold,extra_trees
Polyacrylics,62,0.9032258064516129,0.003225806451612856,168.742924516129,True,family,Mondrian-similarity,scaffold_7,scaffold,extra_trees
Polyimides,478,0.9058577405857741,0.0058577405857740406,128.4357212552301,True,family,Mondrian-similarity,scaffold_7,scaffold,extra_trees
Polyesters,145,0.9241379310344827,0.024137931034482696,130.38826648275864,True,family,Mondrian-similarity,scaffold_7,scaffold,extra_trees
Polycarbonates,34,0.9411764705882353,0.04117647058823526,143.49873411764705,True,family,Mondrian-similarity,scaffold_7,scaffold,extra_trees
Polystyrenes,18,0.9444444444444444,0.0444444444444444,178.67878222222222,True,family,Mondrian-similarity,scaffold_7,scaffold,extra_trees
Polyhalo-olefins,8,1.0,0.09999999999999998,250.17005000000006,False,family,Mondrian-similarity,scaffold_7,scaffold,extra_trees
Polyanhydrides,15,1.0,0.09999999999999998,245.8588266666667,True,family,Mondrian-similarity,scaffold_7,scaffold,extra_trees
Other backbone,6,1.0,0.09999999999999998,142.34978,False,family,Mondrian-similarity,scaffold_7,scaffold,extra_trees
Polyureas,5,1.0,0.09999999999999998,150.51477600000004,False,family,Mondrian-similarity,scaffold_7,scaffold,extra_trees
Polysulfides,10,1.0,0.09999999999999998,153.73707200000007,True,family,Mondrian-similarity,scaffold_7,scaffold,extra_trees
Polyimines,2,1.0,0.09999999999999998,123.81200000000001,False,family,Mondrian-similarity,scaffold_7,scaffold,extra_trees
0,116,0.7413793103448276,-0.1586206896551724,163.00289241379306,True,similarity,Mondrian-family,scaffold_7,scaffold,extra_trees
2,177,0.8305084745762712,-0.06949152542372883,146.32988994350282,True,similarity,Mondrian-family,scaffold_7,scaffold,extra_trees
1,88,0.8522727272727273,-0.04772727272727273,177.7388113636364,True,similarity,Mondrian-family,scaffold_7,scaffold,extra_trees
3,251,0.896414342629482,-0.0035856573705179695,130.69145147410356,True,similarity,Mondrian-family,scaffold_7,scaffold,extra_trees
4,276,0.9094202898550725,0.009420289855072483,126.90449086956521,True,similarity,Mondrian-family,scaffold_7,scaffold,extra_trees
5,527,0.9430740037950665,0.04307400379506643,132.76542368121443,True,similarity,Mondrian-family,scaffold_7,scaffold,extra_trees
Polydienes,6,0.6666666666666666,-0.2333333333333334,130.97856000000002,False,family,Mondrian-family,scaffold_7,scaffold,extra_trees
Polyanhydrides,15,0.6666666666666666,-0.2333333333333334,130.97856000000002,True,family,Mondrian-family,scaffold_7,scaffold,extra_trees
Polyolefins,13,0.7692307692307693,-0.13076923076923075,239.94956000000002,True,family,Mondrian-family,scaffold_7,scaffold,extra_trees
Polyvinyls,20,0.8,-0.09999999999999998,108.23776000000001,True,family,Mondrian-family,scaffold_7,scaffold,extra_trees
Polyphosphazenes,10,0.8,-0.09999999999999998,182.78940000000048,True,family,Mondrian-family,scaffold_7,scaffold,extra_trees
Other backbone,6,0.8333333333333334,-0.06666666666666665,130.97856000000002,False,family,Mondrian-family,scaffold_7,scaffold,extra_trees
Polyamides,200,0.85,-0.050000000000000044,115.566,True,family,Mondrian-family,scaffold_7,scaffold,extra_trees
Polyurethanes,37,0.8648648648648649,-0.03513513513513511,131.10216000000003,True,family,Mondrian-family,scaffold_7,scaffold,extra_trees
Polyethers,154,0.8766233766233766,-0.023376623376623384,105.26399999999997,True,family,Mondrian-family,scaffold_7,scaffold,extra_trees
Polysulfones,58,0.8793103448275862,-0.020689655172413834,108.19000000000005,True,family,Mondrian-family,scaffold_7,scaffold,extra_trees
Polycarbonates,34,0.8823529411764706,-0.01764705882352946,111.69399999999996,True,family,Mondrian-family,scaffold_7,scaffold,extra_trees
Polystyrenes,18,0.8888888888888888,-0.011111111111111183,125.90079999999999,True,family,Mondrian-family,scaffold_7,scaffold,extra_trees
Polysulfides,10,0.9,0.0,130.97856000000002,True,family,Mondrian-family,scaffold_7,scaffold,extra_trees
Polyesters,145,0.903448275862069,0.0034482758620689724,108.69651999999999,True,family,Mondrian-family,scaffold_7,scaffold,extra_trees
Polyimides,478,0.9037656903765691,0.003765690376569042,131.20040000000012,True,family,Mondrian-family,scaffold_7,scaffold,extra_trees
Polyacrylics,62,0.9193548387096774,0.019354838709677358,147.07159999999996,True,family,Mondrian-family,scaffold_7,scaffold,extra_trees
Polysiloxanes,25,0.96,0.05999999999999994,219.24579999999997,True,family,Mondrian-family,scaffold_7,scaffold,extra_trees
Polyphenylenes,129,0.9767441860465116,0.07674418604651156,269.2682,True,family,Mondrian-family,scaffold_7,scaffold,extra_trees
Polyureas,5,1.0,0.09999999999999998,130.97856000000002,False,family,Mondrian-family,scaffold_7,scaffold,extra_trees
Polyhalo-olefins,8,1.0,0.09999999999999998,130.97856000000002,False,family,Mondrian-family,scaffold_7,scaffold,extra_trees
Polyimines,2,1.0,0.09999999999999998,130.97856000000002,False,family,Mondrian-family,scaffold_7,scaffold,extra_trees
1,88,0.7840909090909091,-0.11590909090909096,142.1056337613478,True,similarity,Normalised SCP,scaffold_7,scaffold,extra_trees
2,177,0.7853107344632768,-0.1146892655367232,119.75253066953587,True,similarity,Normalised SCP,scaffold_7,scaffold,extra_trees
0,116,0.7931034482758621,-0.10689655172413792,185.393380406617,True,similarity,Normalised SCP,scaffold_7,scaffold,extra_trees
4,276,0.8913043478260869,-0.008695652173913104,117.9775808674125,True,similarity,Normalised SCP,scaffold_7,scaffold,extra_trees
5,527,0.9032258064516129,0.003225806451612856,110.4186966034231,True,similarity,Normalised SCP,scaffold_7,scaffold,extra_trees
3,251,0.9043824701195219,0.004382470119521864,126.09583159203602,True,similarity,Normalised SCP,scaffold_7,scaffold,extra_trees
Polyphosphazenes,10,0.6,-0.30000000000000004,129.59985154034788,True,family,Normalised SCP,scaffold_7,scaffold,extra_trees
Polystyrenes,18,0.7222222222222222,-0.1777777777777778,121.45604506289922,True,family,Normalised SCP,scaffold_7,scaffold,extra_trees
Polyanhydrides,15,0.7333333333333333,-0.16666666666666674,183.08504372382976,True,family,Normalised SCP,scaffold_7,scaffold,extra_trees
Polyolefins,13,0.7692307692307693,-0.13076923076923075,210.8760103523233,True,family,Normalised SCP,scaffold_7,scaffold,extra_trees
Polyphenylenes,129,0.7751937984496124,-0.12480620155038757,132.03455726380847,True,family,Normalised SCP,scaffold_7,scaffold,extra_trees
Polysulfones,58,0.7931034482758621,-0.10689655172413792,99.99219333830402,True,family,Normalised SCP,scaffold_7,scaffold,extra_trees
Polysiloxanes,25,0.8,-0.09999999999999998,121.54153819635893,True,family,Normalised SCP,scaffold_7,scaffold,extra_trees
Polyesters,145,0.8206896551724138,-0.07931034482758625,106.03437199601522,True,family,Normalised SCP,scaffold_7,scaffold,extra_trees
Polydienes,6,0.8333333333333334,-0.06666666666666665,216.28436536293793,False,family,Normalised SCP,scaffold_7,scaffold,extra_trees
Other backbone,6,0.8333333333333334,-0.06666666666666665,124.8564032485801,False,family,Normalised SCP,scaffold_7,scaffold,extra_trees
Polyurethanes,37,0.8378378378378378,-0.06216216216216219,120.22207261210447,True,family,Normalised SCP,scaffold_7,scaffold,extra_trees
Polyvinyls,20,0.85,-0.050000000000000044,114.68847295182411,True,family,Normalised SCP,scaffold_7,scaffold,extra_trees
Polyamides,200,0.875,-0.025000000000000022,128.45027002100784,True,family,Normalised SCP,scaffold_7,scaffold,extra_trees
Polyethers,154,0.8766233766233766,-0.023376623376623384,112.12708081805079,True,family,Normalised SCP,scaffold_7,scaffold,extra_trees
Polycarbonates,34,0.8823529411764706,-0.01764705882352946,106.61021071528069,True,family,Normalised SCP,scaffold_7,scaffold,extra_trees
Polyacrylics,62,0.8870967741935484,-0.012903225806451646,138.40852011005882,True,family,Normalised SCP,scaffold_7,scaffold,extra_trees
Polysulfides,10,0.9,0.0,133.13424653185407,True,family,Normalised SCP,scaffold_7,scaffold,extra_trees
Polyimides,478,0.9351464435146444,0.035146443514644354,124.5859664994541,True,family,Normalised SCP,scaffold_7,scaffold,extra_trees
Polyureas,5,1.0,0.09999999999999998,177.74649571293494,False,family,Normalised SCP,scaffold_7,scaffold,extra_trees
Polyhalo-olefins,8,1.0,0.09999999999999998,180.79986887946689,False,family,Normalised SCP,scaffold_7,scaffold,extra_trees
Polyimines,2,1.0,0.09999999999999998,111.57493669571096,False,family,Normalised SCP,scaffold_7,scaffold,extra_trees
4,244,0.860655737704918,-0.03934426229508203,371.0,True,similarity,SCP,scaffold_8,scaffold,median
5,542,0.8911439114391144,-0.0088560885608856,371.0,True,similarity,SCP,scaffold_8,scaffold,median
3,257,0.9416342412451362,0.04163424124513615,371.0,True,similarity,SCP,scaffold_8,scaffold,median
2,224,0.96875,0.06874999999999998,371.0,True,similarity,SCP,scaffold_8,scaffold,median
1,139,0.9712230215827338,0.07122302158273375,371.0,True,similarity,SCP,scaffold_8,scaffold,median
0,74,0.972972972972973,0.072972972972973,371.0,True,similarity,SCP,scaffold_8,scaffold,median
Polyolefins,10,0.8,-0.09999999999999998,371.0,True,family,SCP,scaffold_8,scaffold,median
Polyphenylenes,104,0.8076923076923077,-0.09230769230769231,371.0,True,family,SCP,scaffold_8,scaffold,median
Polyimides,453,0.8543046357615894,-0.045695364238410585,371.0,True,family,SCP,scaffold_8,scaffold,median
Polystyrenes,12,0.9166666666666666,0.016666666666666607,371.0,True,family,SCP,scaffold_8,scaffold,median
Polyethers,192,0.9270833333333334,0.027083333333333348,371.0,True,family,SCP,scaffold_8,scaffold,median
Polyamides,204,0.9313725490196079,0.03137254901960784,371.0,True,family,SCP,scaffold_8,scaffold,median
Polysiloxanes,26,0.9615384615384616,0.06153846153846154,371.0,True,family,SCP,scaffold_8,scaffold,median
Polysulfones,55,0.9636363636363636,0.0636363636363636,371.0,True,family,SCP,scaffold_8,scaffold,median
Polyesters,156,0.9935897435897436,0.09358974358974359,371.0,True,family,SCP,scaffold_8,scaffold,median
Polyacrylics,55,1.0,0.09999999999999998,371.0,True,family,SCP,scaffold_8,scaffold,median
Other backbone,6,1.0,0.09999999999999998,371.0,False,family,SCP,scaffold_8,scaffold,median
Polyimines,10,1.0,0.09999999999999998,371.0,True,family,SCP,scaffold_8,scaffold,median
Polyurethanes,40,1.0,0.09999999999999998,371.0,True,family,SCP,scaffold_8,scaffold,median
Polyphosphazenes,35,1.0,0.09999999999999998,371.0,True,family,SCP,scaffold_8,scaffold,median
Polydienes,4,1.0,0.09999999999999998,371.0,False,family,SCP,scaffold_8,scaffold,median
Polysulfides,12,1.0,0.09999999999999998,371.0,True,family,SCP,scaffold_8,scaffold,median
Polyvinyls,8,1.0,0.09999999999999998,371.0,False,family,SCP,scaffold_8,scaffold,median
Polyhalo-olefins,1,1.0,0.09999999999999998,371.0,False,family,SCP,scaffold_8,scaffold,median
Polycarbonates,68,1.0,0.09999999999999998,371.0,True,family,SCP,scaffold_8,scaffold,median
Polyanhydrides,16,1.0,0.09999999999999998,371.0,True,family,SCP,scaffold_8,scaffold,median
Polyureas,13,1.0,0.09999999999999998,371.0,True,family,SCP,scaffold_8,scaffold,median
4,244,0.889344262295082,-0.010655737704918011,407.0,True,similarity,Mondrian-similarity,scaffold_8,scaffold,median
5,542,0.9059040590405905,0.005904059040590437,380.0,True,similarity,Mondrian-similarity,scaffold_8,scaffold,median
3,257,0.914396887159533,0.014396887159533023,327.0,True,similarity,Mondrian-similarity,scaffold_8,scaffold,median
1,139,0.9280575539568345,0.028057553956834513,321.0,True,similarity,Mondrian-similarity,scaffold_8,scaffold,median
2,224,0.9508928571428571,0.05089285714285707,350.0,True,similarity,Mondrian-similarity,scaffold_8,scaffold,median
0,74,0.9594594594594594,0.05945945945945941,348.0,True,similarity,Mondrian-similarity,scaffold_8,scaffold,median
Polyolefins,10,0.7,-0.20000000000000007,334.5,True,family,Mondrian-similarity,scaffold_8,scaffold,median
Polyphenylenes,104,0.7884615384615384,-0.11153846153846159,357.625,True,family,Mondrian-similarity,scaffold_8,scaffold,median
Polystyrenes,12,0.8333333333333334,-0.06666666666666665,365.0,True,family,Mondrian-similarity,scaffold_8,scaffold,median
Polyimides,453,0.8543046357615894,-0.045695364238410585,371.1501103752759,True,family,Mondrian-similarity,scaffold_8,scaffold,median
Polyimines,10,0.9,0.0,365.3,True,family,Mondrian-similarity,scaffold_8,scaffold,median
Polyureas,13,0.9230769230769231,0.023076923076923106,347.53846153846155,True,family,Mondrian-similarity,scaffold_8,scaffold,median
Polysiloxanes,26,0.9230769230769231,0.023076923076923106,356.4230769230769,True,family,Mondrian-similarity,scaffold_8,scaffold,median
Polyamides,204,0.9411764705882353,0.04117647058823526,369.45098039215685,True,family,Mondrian-similarity,scaffold_8,scaffold,median
Polyethers,192,0.9427083333333334,0.04270833333333335,362.8072916666667,True,family,Mondrian-similarity,scaffold_8,scaffold,median
Polysulfones,55,0.9636363636363636,0.0636363636363636,359.1454545454545,True,family,Mondrian-similarity,scaffold_8,scaffold,median
Polyesters,156,0.9871794871794872,0.0871794871794872,363.45512820512823,True,family,Mondrian-similarity,scaffold_8,scaffold,median
Other backbone,6,1.0,0.09999999999999998,336.8333333333333,False,family,Mondrian-similarity,scaffold_8,scaffold,median
Polyurethanes,40,1.0,0.09999999999999998,354.725,True,family,Mondrian-similarity,scaffold_8,scaffold,median
Polyacrylics,55,1.0,0.09999999999999998,350.7818181818182,True,family,Mondrian-similarity,scaffold_8,scaffold,median
Polydienes,4,1.0,0.09999999999999998,336.5,False,family,Mondrian-similarity,scaffold_8,scaffold,median
Polysulfides,12,1.0,0.09999999999999998,353.1666666666667,True,family,Mondrian-similarity,scaffold_8,scaffold,median
Polyvinyls,8,1.0,0.09999999999999998,364.25,False,family,Mondrian-similarity,scaffold_8,scaffold,median
Polyhalo-olefins,1,1.0,0.09999999999999998,380.0,False,family,Mondrian-similarity,scaffold_8,scaffold,median
Polyphosphazenes,35,1.0,0.09999999999999998,347.1142857142857,True,family,Mondrian-similarity,scaffold_8,scaffold,median
Polyanhydrides,16,1.0,0.09999999999999998,353.6875,True,family,Mondrian-similarity,scaffold_8,scaffold,median
Polycarbonates,68,1.0,0.09999999999999998,351.80882352941177,True,family,Mondrian-similarity,scaffold_8,scaffold,median
4,244,0.860655737704918,-0.03934426229508203,374.60081967213114,True,similarity,Mondrian-family,scaffold_8,scaffold,median
5,542,0.9095940959409594,0.00959409594095939,392.1845018450185,True,similarity,Mondrian-family,scaffold_8,scaffold,median
2,224,0.9464285714285714,0.046428571428571375,355.34553571428575,True,similarity,Mondrian-family,scaffold_8,scaffold,median
1,139,0.9640287769784173,0.06402877697841725,359.44892086330935,True,similarity,Mondrian-family,scaffold_8,scaffold,median
3,257,0.9649805447470817,0.0649805447470817,361.27315175097283,True,similarity,Mondrian-family,scaffold_8,scaffold,median
0,74,0.9864864864864865,0.08648648648648649,379.29999999999995,True,similarity,Mondrian-family,scaffold_8,scaffold,median
Polyolefins,10,0.7,-0.20000000000000007,348.0,True,family,Mondrian-family,scaffold_8,scaffold,median
Polystyrenes,12,0.75,-0.15000000000000002,237.0,True,family,Mondrian-family,scaffold_8,scaffold,median
Polyphenylenes,104,0.8269230769230769,-0.07307692307692315,415.0,True,family,Mondrian-family,scaffold_8,scaffold,median
Polycarbonates,68,0.8382352941176471,-0.061764705882352944,261.0,True,family,Mondrian-family,scaffold_8,scaffold,median
Polyamides,204,0.8872549019607843,-0.012745098039215752,351.0,True,family,Mondrian-family,scaffold_8,scaffold,median
Polyimides,453,0.9293598233995585,0.02935982339955845,445.0,True,family,Mondrian-family,scaffold_8,scaffold,median
Polyethers,192,0.9427083333333334,0.04270833333333335,375.40000000000003,True,family,Mondrian-family,scaffold_8,scaffold,median
Polyacrylics,55,0.9454545454545454,0.045454545454545414,245.0,True,family,Mondrian-family,scaffold_8,scaffold,median
Polysulfones,55,0.9636363636363636,0.0636363636363636,387.0,True,family,Mondrian-family,scaffold_8,scaffold,median
Polyesters,156,0.9743589743589743,0.07435897435897432,316.0,True,family,Mondrian-family,scaffold_8,scaffold,median
Other backbone,6,1.0,0.09999999999999998,371.0,False,family,Mondrian-family,scaffold_8,scaffold,median
Polysulfides,12,1.0,0.09999999999999998,371.0,True,family,Mondrian-family,scaffold_8,scaffold,median
Polyurethanes,40,1.0,0.09999999999999998,215.0,True,family,Mondrian-family,scaffold_8,scaffold,median
Polyphosphazenes,35,1.0,0.09999999999999998,371.0,True,family,Mondrian-family,scaffold_8,scaffold,median
Polydienes,4,1.0,0.09999999999999998,371.0,False,family,Mondrian-family,scaffold_8,scaffold,median
Polyimines,10,1.0,0.09999999999999998,371.0,True,family,Mondrian-family,scaffold_8,scaffold,median
Polyvinyls,8,1.0,0.09999999999999998,275.0,False,family,Mondrian-family,scaffold_8,scaffold,median
Polyhalo-olefins,1,1.0,0.09999999999999998,371.0,False,family,Mondrian-family,scaffold_8,scaffold,median
Polyanhydrides,16,1.0,0.09999999999999998,371.0,True,family,Mondrian-family,scaffold_8,scaffold,median
Polyureas,13,1.0,0.09999999999999998,371.0,True,family,Mondrian-family,scaffold_8,scaffold,median
Polysiloxanes,26,1.0,0.09999999999999998,427.0,True,family,Mondrian-family,scaffold_8,scaffold,median
0,74,0.6081081081081081,-0.2918918918918919,193.10134519767394,True,similarity,Normalised SCP,scaffold_8,scaffold,median
2,224,0.7633928571428571,-0.13660714285714293,232.66594030103838,True,similarity,Normalised SCP,scaffold_8,scaffold,median
1,139,0.8057553956834532,-0.0942446043165468,222.05292810541678,True,similarity,Normalised SCP,scaffold_8,scaffold,median
3,257,0.8715953307392996,-0.0284046692607004,270.5282905878714,True,similarity,Normalised SCP,scaffold_8,scaffold,median
4,244,0.9057377049180327,0.0057377049180327155,360.96367371728365,True,similarity,Normalised SCP,scaffold_8,scaffold,median
5,542,0.9188191881918819,0.018819188191881886,377.18940697820375,True,similarity,Normalised SCP,scaffold_8,scaffold,median
Polyphosphazenes,35,0.37142857142857144,-0.5285714285714286,193.43035701626397,True,family,Normalised SCP,scaffold_8,scaffold,median
Polysiloxanes,26,0.46153846153846156,-0.43846153846153846,191.10646454929653,True,family,Normalised SCP,scaffold_8,scaffold,median
Polyacrylics,55,0.509090909090909,-0.390909090909091,149.85435776648544,True,family,Normalised SCP,scaffold_8,scaffold,median
Polyureas,13,0.6923076923076923,-0.20769230769230773,251.24995955582665,True,family,Normalised SCP,scaffold_8,scaffold,median
Polydienes,4,0.75,-0.15000000000000002,240.49662393167912,False,family,Normalised SCP,scaffold_8,scaffold,median
Polycarbonates,68,0.7794117647058824,-0.12058823529411766,216.3942663335825,True,family,Normalised SCP,scaffold_8,scaffold,median
Polyanhydrides,16,0.8125,-0.08750000000000002,155.78344358058254,True,family,Normalised SCP,scaffold_8,scaffold,median
Polyamides,204,0.8235294117647058,-0.07647058823529418,267.8475532060289,True,family,Normalised SCP,scaffold_8,scaffold,median
Polystyrenes,12,0.8333333333333334,-0.06666666666666665,240.0239591616129,True,family,Normalised SCP,scaffold_8,scaffold,median
Other backbone,6,0.8333333333333334,-0.06666666666666665,225.69949278147854,False,family,Normalised SCP,scaffold_8,scaffold,median
Polyesters,156,0.8397435897435898,-0.060256410256410264,198.00163546286714,True,family,Normalised SCP,scaffold_8,scaffold,median
Polysulfones,55,0.8727272727272727,-0.027272727272727337,265.7150652328174,True,family,Normalised SCP,scaffold_8,scaffold,median
Polyvinyls,8,0.875,-0.025000000000000022,164.6913543621841,False,family,Normalised SCP,scaffold_8,scaffold,median
Polyphenylenes,104,0.875,-0.025000000000000022,336.3338106810219,True,family,Normalised SCP,scaffold_8,scaffold,median
Polyolefins,10,0.9,0.0,293.267587286413,True,family,Normalised SCP,scaffold_8,scaffold,median
Polyimines,10,0.9,0.0,206.924475714562,True,family,Normalised SCP,scaffold_8,scaffold,median
Polyurethanes,40,0.925,0.025000000000000022,191.64192996931783,True,family,Normalised SCP,scaffold_8,scaffold,median
Polyethers,192,0.9270833333333334,0.027083333333333348,292.7588717090426,True,family,Normalised SCP,scaffold_8,scaffold,median
Polyimides,453,0.9580573951434879,0.058057395143487844,453.6986720116609,True,family,Normalised SCP,scaffold_8,scaffold,median
Polysulfides,12,1.0,0.09999999999999998,224.1033222614909,True,family,Normalised SCP,scaffold_8,scaffold,median
Polyhalo-olefins,1,1.0,0.09999999999999998,126.93572833391649,False,family,Normalised SCP,scaffold_8,scaffold,median
1,139,0.7410071942446043,-0.15899280575539576,143.57609172743125,True,similarity,SCP,scaffold_8,scaffold,svr
0,74,0.7702702702702703,-0.12972972972972974,143.57609172743125,True,similarity,SCP,scaffold_8,scaffold,svr
2,224,0.8303571428571429,-0.06964285714285712,143.57609172743128,True,similarity,SCP,scaffold_8,scaffold,svr
4,244,0.9180327868852459,0.0180327868852459,143.57609172743128,True,similarity,SCP,scaffold_8,scaffold,svr
3,257,0.9182879377431906,0.018287937743190597,143.57609172743128,True,similarity,SCP,scaffold_8,scaffold,svr
5,542,0.955719557195572,0.05571955719557198,143.57609172743128,True,similarity,SCP,scaffold_8,scaffold,svr
Polyphosphazenes,35,0.37142857142857144,-0.5285714285714286,143.57609172743122,True,family,SCP,scaffold_8,scaffold,svr
Other backbone,6,0.5,-0.4,143.57609172743125,False,family,SCP,scaffold_8,scaffold,svr
Polyureas,13,0.5384615384615384,-0.3615384615384616,143.57609172743125,True,family,SCP,scaffold_8,scaffold,svr
Polyolefins,10,0.6,-0.30000000000000004,143.57609172743128,True,family,SCP,scaffold_8,scaffold,svr
Polysiloxanes,26,0.6923076923076923,-0.20769230769230773,143.57609172743125,True,family,SCP,scaffold_8,scaffold,svr
Polystyrenes,12,0.75,-0.15000000000000002,143.57609172743125,True,family,SCP,scaffold_8,scaffold,svr
Polyphenylenes,104,0.8653846153846154,-0.0346153846153846,143.57609172743125,True,family,SCP,scaffold_8,scaffold,svr
Polyvinyls,8,0.875,-0.025000000000000022,143.57609172743125,False,family,SCP,scaffold_8,scaffold,svr
Polyanhydrides,16,0.875,-0.025000000000000022,143.57609172743128,True,family,SCP,scaffold_8,scaffold,svr
Polycarbonates,68,0.8970588235294118,-0.002941176470588225,143.57609172743128,True,family,SCP,scaffold_8,scaffold,svr
Polyurethanes,40,0.9,0.0,143.57609172743128,True,family,SCP,scaffold_8,scaffold,svr
Polyamides,204,0.9019607843137255,0.0019607843137254832,143.57609172743128,True,family,SCP,scaffold_8,scaffold,svr
Polyimides,453,0.9161147902869757,0.01611479028697571,143.57609172743128,True,family,SCP,scaffold_8,scaffold,svr
Polyacrylics,55,0.9272727272727272,0.027272727272727226,143.57609172743122,True,family,SCP,scaffold_8,scaffold,svr
Polysulfones,55,0.9272727272727272,0.027272727272727226,143.57609172743122,True,family,SCP,scaffold_8,scaffold,svr
Polyesters,156,0.9358974358974359,0.03589743589743588,143.57609172743125,True,family,SCP,scaffold_8,scaffold,svr
Polyethers,192,0.96875,0.06874999999999998,143.57609172743128,True,family,SCP,scaffold_8,scaffold,svr
Polyimines,10,1.0,0.09999999999999998,143.57609172743128,True,family,SCP,scaffold_8,scaffold,svr
Polysulfides,12,1.0,0.09999999999999998,143.57609172743128,True,family,SCP,scaffold_8,scaffold,svr
Polydienes,4,1.0,0.09999999999999998,143.57609172743122,False,family,SCP,scaffold_8,scaffold,svr
Polyhalo-olefins,1,1.0,0.09999999999999998,143.57609172743122,False,family,SCP,scaffold_8,scaffold,svr
4,244,0.8934426229508197,-0.006557377049180357,133.77267438478572,True,similarity,Mondrian-similarity,scaffold_8,scaffold,svr
5,542,0.9132841328413284,0.013284132841328344,109.36734625087908,True,similarity,Mondrian-similarity,scaffold_8,scaffold,svr
2,224,0.9151785714285714,0.015178571428571375,193.69395496523234,True,similarity,Mondrian-similarity,scaffold_8,scaffold,svr
3,257,0.9182879377431906,0.018287937743190597,143.69749374258913,True,similarity,Mondrian-similarity,scaffold_8,scaffold,svr
1,139,0.9424460431654677,0.04244604316546763,258.63208259487465,True,similarity,Mondrian-similarity,scaffold_8,scaffold,svr
0,74,0.9864864864864865,0.08648648648648649,291.67417529302514,True,similarity,Mondrian-similarity,scaffold_8,scaffold,svr
Polyphosphazenes,35,0.6571428571428571,-0.24285714285714288,203.8192759287594,True,family,Mondrian-similarity,scaffold_8,scaffold,svr
Polyolefins,10,0.7,-0.20000000000000007,275.15312894394987,True,family,Mondrian-similarity,scaffold_8,scaffold,svr
Polysiloxanes,26,0.7307692307692307,-0.1692307692307693,171.12810559225971,True,family,Mondrian-similarity,scaffold_8,scaffold,svr
Polystyrenes,12,0.8333333333333334,-0.06666666666666665,177.7663440614696,True,family,Mondrian-similarity,scaffold_8,scaffold,svr
Polyureas,13,0.8461538461538461,-0.05384615384615388,214.83265124724437,True,family,Mondrian-similarity,scaffold_8,scaffold,svr
Polyphenylenes,104,0.8557692307692307,-0.044230769230769296,177.17811781761537,True,family,Mondrian-similarity,scaffold_8,scaffold,svr
Polyimines,10,0.9,0.0,157.6943876799146,True,family,Mondrian-similarity,scaffold_8,scaffold,svr
Polyurethanes,40,0.9,0.0,150.08969384961324,True,family,Mondrian-similarity,scaffold_8,scaffold,svr
Polyamides,204,0.9068627450980392,0.006862745098039191,134.43617272990227,True,family,Mondrian-similarity,scaffold_8,scaffold,svr
Polysulfones,55,0.9090909090909091,0.009090909090909038,152.54473585157814,True,family,Mondrian-similarity,scaffold_8,scaffold,svr
Polyacrylics,55,0.9272727272727272,0.027272727272727226,192.6032238310591,True,family,Mondrian-similarity,scaffold_8,scaffold,svr
Polyimides,453,0.9293598233995585,0.02935982339955845,140.90608189395275,True,family,Mondrian-similarity,scaffold_8,scaffold,svr
Polyesters,156,0.9487179487179487,0.048717948717948656,162.00613314113804,True,family,Mondrian-similarity,scaffold_8,scaffold,svr
Polyethers,192,0.96875,0.06874999999999998,147.2870634030158,True,family,Mondrian-similarity,scaffold_8,scaffold,svr
Polycarbonates,68,0.9705882352941176,0.07058823529411762,165.85392535657857,True,family,Mondrian-similarity,scaffold_8,scaffold,svr
Polydienes,4,1.0,0.09999999999999998,221.9244266489303,False,family,Mondrian-similarity,scaffold_8,scaffold,svr
Polyvinyls,8,1.0,0.09999999999999998,187.1936376604475,False,family,Mondrian-similarity,scaffold_8,scaffold,svr
Polyhalo-olefins,1,1.0,0.09999999999999998,109.36734625087905,False,family,Mondrian-similarity,scaffold_8,scaffold,svr
Polysulfides,12,1.0,0.09999999999999998,188.05488395113136,True,family,Mondrian-similarity,scaffold_8,scaffold,svr
Other backbone,6,1.0,0.09999999999999998,220.51156260522257,False,family,Mondrian-similarity,scaffold_8,scaffold,svr
Polyanhydrides,16,1.0,0.09999999999999998,209.90107380975212,True,family,Mondrian-similarity,scaffold_8,scaffold,svr
0,74,0.7297297297297297,-0.1702702702702703,159.1202918132479,True,similarity,Mondrian-family,scaffold_8,scaffold,svr
1,139,0.7482014388489209,-0.15179856115107915,151.681526665836,True,similarity,Mondrian-family,scaffold_8,scaffold,svr
2,224,0.84375,-0.05625000000000002,151.02313627390672,True,similarity,Mondrian-family,scaffold_8,scaffold,svr
3,257,0.8871595330739299,-0.012840466926070104,137.91889643105006,True,similarity,Mondrian-family,scaffold_8,scaffold,svr
4,244,0.889344262295082,-0.010655737704918011,136.06446471364552,True,similarity,Mondrian-family,scaffold_8,scaffold,svr
5,542,0.9520295202952029,0.05202952029520291,134.39478858623914,True,similarity,Mondrian-family,scaffold_8,scaffold,svr
Polyphosphazenes,35,0.37142857142857144,-0.5285714285714286,143.57609172743122,True,family,Mondrian-family,scaffold_8,scaffold,svr
Other backbone,6,0.5,-0.4,143.57609172743125,False,family,Mondrian-family,scaffold_8,scaffold,svr
Polyureas,13,0.5384615384615384,-0.3615384615384616,143.57609172743125,True,family,Mondrian-family,scaffold_8,scaffold,svr
Polyolefins,10,0.7,-0.20000000000000007,251.72058171896688,True,family,Mondrian-family,scaffold_8,scaffold,svr
Polysulfones,55,0.7272727272727273,-0.17272727272727273,80.8777664914342,True,family,Mondrian-family,scaffold_8,scaffold,svr
Polystyrenes,12,0.75,-0.15000000000000002,129.4093546693957,True,family,Mondrian-family,scaffold_8,scaffold,svr
Polyamides,204,0.8676470588235294,-0.032352941176470584,117.90189439442543,True,family,Mondrian-family,scaffold_8,scaffold,svr
Polyvinyls,8,0.875,-0.025000000000000022,112.40079146062016,False,family,Mondrian-family,scaffold_8,scaffold,svr
Polyanhydrides,16,0.875,-0.025000000000000022,143.57609172743128,True,family,Mondrian-family,scaffold_8,scaffold,svr
Polysiloxanes,26,0.8846153846153846,-0.015384615384615441,239.8206056100618,True,family,Mondrian-family,scaffold_8,scaffold,svr
Polyimides,453,0.8874172185430463,-0.012582781456953684,128.9281035509132,True,family,Mondrian-family,scaffold_8,scaffold,svr
Polyurethanes,40,0.925,0.025000000000000022,187.57816281938818,True,family,Mondrian-family,scaffold_8,scaffold,svr
Polyesters,156,0.9358974358974359,0.03589743589743588,143.69749374258913,True,family,Mondrian-family,scaffold_8,scaffold,svr
Polyethers,192,0.9375,0.03749999999999998,121.29707909973217,True,family,Mondrian-family,scaffold_8,scaffold,svr
Polycarbonates,68,0.9411764705882353,0.04117647058823526,154.1026332871924,True,family,Mondrian-family,scaffold_8,scaffold,svr
Polyacrylics,55,0.9454545454545454,0.045454545454545414,152.0621879754834,True,family,Mondrian-family,scaffold_8,scaffold,svr
Polyphenylenes,104,0.9615384615384616,0.06153846153846154,231.60642131157476,True,family,Mondrian-family,scaffold_8,scaffold,svr
Polyimines,10,1.0,0.09999999999999998,143.57609172743128,True,family,Mondrian-family,scaffold_8,scaffold,svr
Polysulfides,12,1.0,0.09999999999999998,143.57609172743128,True,family,Mondrian-family,scaffold_8,scaffold,svr
Polydienes,4,1.0,0.09999999999999998,143.57609172743122,False,family,Mondrian-family,scaffold_8,scaffold,svr
Polyhalo-olefins,1,1.0,0.09999999999999998,143.57609172743122,False,family,Mondrian-family,scaffold_8,scaffold,svr
1,139,0.7410071942446043,-0.15899280575539576,150.04246141000502,True,similarity,Normalised SCP,scaffold_8,scaffold,svr
2,224,0.8214285714285714,-0.07857142857142863,139.55313308271005,True,similarity,Normalised SCP,scaffold_8,scaffold,svr
0,74,0.8243243243243243,-0.07567567567567568,193.42738499791,True,similarity,Normalised SCP,scaffold_8,scaffold,svr
3,257,0.8715953307392996,-0.0284046692607004,126.53892594148417,True,similarity,Normalised SCP,scaffold_8,scaffold,svr
4,244,0.8770491803278688,-0.022950819672131195,125.03657218461264,True,similarity,Normalised SCP,scaffold_8,scaffold,svr
5,542,0.915129151291513,0.015129151291512932,114.53936553042156,True,similarity,Normalised SCP,scaffold_8,scaffold,svr
Polyphosphazenes,35,0.42857142857142855,-0.4714285714285715,153.2180227027873,True,family,Normalised SCP,scaffold_8,scaffold,svr
Polyureas,13,0.46153846153846156,-0.43846153846153846,134.5287673324659,True,family,Normalised SCP,scaffold_8,scaffold,svr
Polyolefins,10,0.6,-0.30000000000000004,241.5322727658882,True,family,Normalised SCP,scaffold_8,scaffold,svr
Polysiloxanes,26,0.6923076923076923,-0.20769230769230773,159.98165286884387,True,family,Normalised SCP,scaffold_8,scaffold,svr
Polystyrenes,12,0.75,-0.15000000000000002,149.15109575975399,True,family,Normalised SCP,scaffold_8,scaffold,svr
Polyurethanes,40,0.8,-0.09999999999999998,115.28533146696013,True,family,Normalised SCP,scaffold_8,scaffold,svr
Polyamides,204,0.8725490196078431,-0.027450980392156876,122.8501385193707,True,family,Normalised SCP,scaffold_8,scaffold,svr
Polysulfones,55,0.8727272727272727,-0.027272727272727337,117.0221355511038,True,family,Normalised SCP,scaffold_8,scaffold,svr
Polyanhydrides,16,0.875,-0.025000000000000022,159.24659211799724,True,family,Normalised SCP,scaffold_8,scaffold,svr
Polyimides,453,0.8763796909492274,-0.023620309050772614,120.00630403643952,True,family,Normalised SCP,scaffold_8,scaffold,svr
Polyesters,156,0.8846153846153846,-0.015384615384615441,115.23212386997994,True,family,Normalised SCP,scaffold_8,scaffold,svr
Polyacrylics,55,0.8909090909090909,-0.00909090909090915,133.7305759469936,True,family,Normalised SCP,scaffold_8,scaffold,svr
Polyimines,10,0.9,0.0,132.96425170881818,True,family,Normalised SCP,scaffold_8,scaffold,svr
Polyphenylenes,104,0.9038461538461539,0.0038461538461538325,176.16753064486798,True,family,Normalised SCP,scaffold_8,scaffold,svr
Polycarbonates,68,0.9117647058823529,0.0117647058823529,140.01733241228294,True,family,Normalised SCP,scaffold_8,scaffold,svr
Polyethers,192,0.9166666666666666,0.016666666666666607,120.810291777864,True,family,Normalised SCP,scaffold_8,scaffold,svr
Polyvinyls,8,1.0,0.09999999999999998,150.51278728759036,False,family,Normalised SCP,scaffold_8,scaffold,svr
Polyhalo-olefins,1,1.0,0.09999999999999998,202.8477513526406,False,family,Normalised SCP,scaffold_8,scaffold,svr
Polysulfides,12,1.0,0.09999999999999998,156.40691790155998,True,family,Normalised SCP,scaffold_8,scaffold,svr
Other backbone,6,1.0,0.09999999999999998,226.04743939339485,False,family,Normalised SCP,scaffold_8,scaffold,svr
Polydienes,4,1.0,0.09999999999999998,175.95982676591646,False,family,Normalised SCP,scaffold_8,scaffold,svr
0,74,0.581081081081081,-0.318918918918919,134.82920000000007,True,similarity,SCP,scaffold_8,scaffold,random_forest
1,139,0.7266187050359713,-0.17338129496402876,134.82920000000007,True,similarity,SCP,scaffold_8,scaffold,random_forest
2,224,0.8125,-0.08750000000000002,134.82920000000007,True,similarity,SCP,scaffold_8,scaffold,random_forest
3,257,0.8132295719844358,-0.08677042801556423,134.82920000000004,True,similarity,SCP,scaffold_8,scaffold,random_forest
4,244,0.9016393442622951,0.0016393442622950616,134.82920000000007,True,similarity,SCP,scaffold_8,scaffold,random_forest
5,542,0.9575645756457565,0.057564575645756455,134.82920000000004,True,similarity,SCP,scaffold_8,scaffold,random_forest
Polyhalo-olefins,1,0.0,-0.9,134.82920000000001,False,family,SCP,scaffold_8,scaffold,random_forest
Polyphosphazenes,35,0.14285714285714285,-0.7571428571428571,134.82920000000007,True,family,SCP,scaffold_8,scaffold,random_forest
Other backbone,6,0.3333333333333333,-0.5666666666666667,134.82920000000004,False,family,SCP,scaffold_8,scaffold,random_forest
Polyolefins,10,0.4,-0.5,134.82920000000007,True,family,SCP,scaffold_8,scaffold,random_forest
Polyureas,13,0.46153846153846156,-0.43846153846153846,134.82920000000007,True,family,SCP,scaffold_8,scaffold,random_forest
Polysiloxanes,26,0.5384615384615384,-0.3615384615384616,134.82920000000007,True,family,SCP,scaffold_8,scaffold,random_forest
Polydienes,4,0.75,-0.15000000000000002,134.82920000000004,False,family,SCP,scaffold_8,scaffold,random_forest
Polyanhydrides,16,0.75,-0.15000000000000002,134.82920000000007,True,family,SCP,scaffold_8,scaffold,random_forest
Polycarbonates,68,0.8088235294117647,-0.0911764705882353,134.82920000000001,True,family,SCP,scaffold_8,scaffold,random_forest
Polystyrenes,12,0.8333333333333334,-0.06666666666666665,134.82920000000004,True,family,SCP,scaffold_8,scaffold,random_forest
Polyphenylenes,104,0.8461538461538461,-0.05384615384615388,134.82920000000007,True,family,SCP,scaffold_8,scaffold,random_forest
Polysulfones,55,0.8727272727272727,-0.027272727272727337,134.82920000000004,True,family,SCP,scaffold_8,scaffold,random_forest
Polyacrylics,55,0.8727272727272727,-0.027272727272727337,134.82920000000004,True,family,SCP,scaffold_8,scaffold,random_forest
Polyvinyls,8,0.875,-0.025000000000000022,134.82920000000007,False,family,SCP,scaffold_8,scaffold,random_forest
Polyurethanes,40,0.9,0.0,134.82920000000004,True,family,SCP,scaffold_8,scaffold,random_forest
Polyethers,192,0.90625,0.006249999999999978,134.82920000000004,True,family,SCP,scaffold_8,scaffold,random_forest
Polyamides,204,0.9068627450980392,0.006862745098039191,134.82920000000004,True,family,SCP,scaffold_8,scaffold,random_forest
Polyimides,453,0.9072847682119205,0.007284768211920478,134.82920000000007,True,family,SCP,scaffold_8,scaffold,random_forest
Polysulfides,12,0.9166666666666666,0.016666666666666607,134.8292000000001,True,family,SCP,scaffold_8,scaffold,random_forest
Polyesters,156,0.9294871794871795,0.029487179487179493,134.82920000000007,True,family,SCP,scaffold_8,scaffold,random_forest
Polyimines,10,1.0,0.09999999999999998,134.82920000000004,True,family,SCP,scaffold_8,scaffold,random_forest
3,257,0.8638132295719845,-0.03618677042801555,152.8132000000003,True,similarity,Mondrian-similarity,scaffold_8,scaffold,random_forest
2,224,0.8660714285714286,-0.03392857142857142,172.57500000000002,True,similarity,Mondrian-similarity,scaffold_8,scaffold,random_forest
5,542,0.8782287822878229,-0.02177121771217716,94.02999999999996,True,similarity,Mondrian-similarity,scaffold_8,scaffold,random_forest
4,244,0.8852459016393442,-0.014754098360655776,119.80299999999997,True,similarity,Mondrian-similarity,scaffold_8,scaffold,random_forest
0,74,0.9324324324324325,0.032432432432432434,272.9494000000001,True,similarity,Mondrian-similarity,scaffold_8,scaffold,random_forest
1,139,0.9712230215827338,0.07122302158273375,242.99651999999992,True,similarity,Mondrian-similarity,scaffold_8,scaffold,random_forest
Polyhalo-olefins,1,0.0,-0.9,94.02999999999997,False,family,Mondrian-similarity,scaffold_8,scaffold,random_forest
Polyphosphazenes,35,0.3142857142857143,-0.5857142857142857,188.75319085714287,True,family,Mondrian-similarity,scaffold_8,scaffold,random_forest
Polysiloxanes,26,0.6923076923076923,-0.20769230769230773,156.76234923076925,True,family,Mondrian-similarity,scaffold_8,scaffold,random_forest
Other backbone,6,0.8333333333333334,-0.06666666666666665,211.18278666666677,False,family,Mondrian-similarity,scaffold_8,scaffold,random_forest
Polysulfones,55,0.8363636363636363,-0.06363636363636371,143.55609381818186,True,family,Mondrian-similarity,scaffold_8,scaffold,random_forest
Polyphenylenes,104,0.8461538461538461,-0.05384615384615388,162.90751038461536,True,family,Mondrian-similarity,scaffold_8,scaffold,random_forest
Polycarbonates,68,0.8529411764705882,-0.04705882352941182,156.3348688235295,True,family,Mondrian-similarity,scaffold_8,scaffold,random_forest
Polyvinyls,8,0.875,-0.025000000000000022,170.420415,False,family,Mondrian-similarity,scaffold_8,scaffold,random_forest
Polyanhydrides,16,0.875,-0.025000000000000022,194.62880000000007,True,family,Mondrian-similarity,scaffold_8,scaffold,random_forest
Polyimides,453,0.8962472406181016,-0.0037527593818984517,128.65867487858722,True,family,Mondrian-similarity,scaffold_8,scaffold,random_forest
Polyimines,10,0.9,0.0,143.54670000000004,True,family,Mondrian-similarity,scaffold_8,scaffold,random_forest
Polyurethanes,40,0.9,0.0,144.9549870000001,True,family,Mondrian-similarity,scaffold_8,scaffold,random_forest
Polyamides,204,0.9019607843137255,0.0019607843137254832,122.8567227450981,True,family,Mondrian-similarity,scaffold_8,scaffold,random_forest
Polystyrenes,12,0.9166666666666666,0.016666666666666607,166.71753000000004,True,family,Mondrian-similarity,scaffold_8,scaffold,random_forest
Polyureas,13,0.9230769230769231,0.023076923076923106,198.31612615384606,True,family,Mondrian-similarity,scaffold_8,scaffold,random_forest
Polyesters,156,0.9294871794871795,0.029487179487179493,148.7554017948718,True,family,Mondrian-similarity,scaffold_8,scaffold,random_forest
Polyethers,192,0.9427083333333334,0.04270833333333335,137.30166937500007,True,family,Mondrian-similarity,scaffold_8,scaffold,random_forest
Polydienes,4,1.0,0.09999999999999998,210.33353000000005,False,family,Mondrian-similarity,scaffold_8,scaffold,random_forest
Polysulfides,12,1.0,0.09999999999999998,174.39039333333335,True,family,Mondrian-similarity,scaffold_8,scaffold,random_forest
Polyacrylics,55,1.0,0.09999999999999998,179.4952014545455,True,family,Mondrian-similarity,scaffold_8,scaffold,random_forest
Polyolefins,10,1.0,0.09999999999999998,257.97295999999994,True,family,Mondrian-similarity,scaffold_8,scaffold,random_forest
0,74,0.6351351351351351,-0.26486486486486494,141.47045486486488,True,similarity,Mondrian-family,scaffold_8,scaffold,random_forest
1,139,0.7338129496402878,-0.16618705035971226,137.42345352517987,True,similarity,Mondrian-family,scaffold_8,scaffold,random_forest
2,224,0.7991071428571429,-0.10089285714285712,132.4109794642857,True,similarity,Mondrian-family,scaffold_8,scaffold,random_forest
3,257,0.8132295719844358,-0.08677042801556423,129.6545968871595,True,similarity,Mondrian-family,scaffold_8,scaffold,random_forest
4,244,0.8934426229508197,-0.006557377049180357,126.51619352459015,True,similarity,Mondrian-family,scaffold_8,scaffold,random_forest
5,542,0.933579335793358,0.03357933579335792,125.69729870848708,True,similarity,Mondrian-family,scaffold_8,scaffold,random_forest
Polyhalo-olefins,1,0.0,-0.9,134.82920000000001,False,family,Mondrian-family,scaffold_8,scaffold,random_forest
Polyphosphazenes,35,0.14285714285714285,-0.7571428571428571,134.82920000000007,True,family,Mondrian-family,scaffold_8,scaffold,random_forest
Other backbone,6,0.3333333333333333,-0.5666666666666667,134.82920000000004,False,family,Mondrian-family,scaffold_8,scaffold,random_forest
Polyureas,13,0.46153846153846156,-0.43846153846153846,134.82920000000007,True,family,Mondrian-family,scaffold_8,scaffold,random_forest
Polyanhydrides,16,0.75,-0.15000000000000002,134.82920000000007,True,family,Mondrian-family,scaffold_8,scaffold,random_forest
Polycarbonates,68,0.75,-0.15000000000000002,105.17099999999988,True,family,Mondrian-family,scaffold_8,scaffold,random_forest
Polydienes,4,0.75,-0.15000000000000002,134.82920000000004,False,family,Mondrian-family,scaffold_8,scaffold,random_forest
Polyethers,192,0.8333333333333334,-0.06666666666666665,95.77719999999981,True,family,Mondrian-family,scaffold_8,scaffold,random_forest
Polystyrenes,12,0.8333333333333334,-0.06666666666666665,123.40079999999989,True,family,Mondrian-family,scaffold_8,scaffold,random_forest
Polysulfones,55,0.8363636363636363,-0.06363636363636371,121.02755999999987,True,family,Mondrian-family,scaffold_8,scaffold,random_forest
Polyacrylics,55,0.8545454545454545,-0.045454545454545525,130.66441999999998,True,family,Mondrian-family,scaffold_8,scaffold,random_forest
Polyvinyls,8,0.875,-0.025000000000000022,162.5247599999999,False,family,Mondrian-family,scaffold_8,scaffold,random_forest
Polyimides,453,0.8785871964679912,-0.021412803532008806,119.52380000000005,True,family,Mondrian-family,scaffold_8,scaffold,random_forest
Polyesters,156,0.8974358974358975,-0.002564102564102555,122.97749999999999,True,family,Mondrian-family,scaffold_8,scaffold,random_forest
Polyolefins,10,0.9,0.0,218.7924,True,family,Mondrian-family,scaffold_8,scaffold,random_forest
Polyamides,204,0.9019607843137255,0.0019607843137254832,127.69016000000002,True,family,Mondrian-family,scaffold_8,scaffold,random_forest
Polyphenylenes,104,0.9134615384615384,0.013461538461538414,181.79320000000004,True,family,Mondrian-family,scaffold_8,scaffold,random_forest
Polysulfides,12,0.9166666666666666,0.016666666666666607,134.8292000000001,True,family,Mondrian-family,scaffold_8,scaffold,random_forest
Polysiloxanes,26,0.9615384615384616,0.06153846153846154,216.10590000000013,True,family,Mondrian-family,scaffold_8,scaffold,random_forest
Polyurethanes,40,1.0,0.09999999999999998,255.3941999999998,True,family,Mondrian-family,scaffold_8,scaffold,random_forest
Polyimines,10,1.0,0.09999999999999998,134.82920000000004,True,family,Mondrian-family,scaffold_8,scaffold,random_forest
0,74,0.6621621621621622,-0.23783783783783785,163.40865458067938,True,similarity,Normalised SCP,scaffold_8,scaffold,random_forest
1,139,0.7194244604316546,-0.18057553956834538,135.99189291395038,True,similarity,Normalised SCP,scaffold_8,scaffold,random_forest
2,224,0.7857142857142857,-0.11428571428571432,133.86072086341713,True,similarity,Normalised SCP,scaffold_8,scaffold,random_forest
3,257,0.8287937743190662,-0.07120622568093382,128.89885315159074,True,similarity,Normalised SCP,scaffold_8,scaffold,random_forest
4,244,0.8934426229508197,-0.006557377049180357,125.79737996961703,True,similarity,Normalised SCP,scaffold_8,scaffold,random_forest
5,542,0.9077490774907749,0.007749077490774914,109.09805614386251,True,similarity,Normalised SCP,scaffold_8,scaffold,random_forest
Polyphosphazenes,35,0.2857142857142857,-0.6142857142857143,171.5625982865611,True,family,Normalised SCP,scaffold_8,scaffold,random_forest
Polyureas,13,0.46153846153846156,-0.43846153846153846,111.92523588685064,True,family,Normalised SCP,scaffold_8,scaffold,random_forest
Polysiloxanes,26,0.5,-0.4,132.12256356273977,True,family,Normalised SCP,scaffold_8,scaffold,random_forest
Polyolefins,10,0.6,-0.30000000000000004,203.95067175462344,True,family,Normalised SCP,scaffold_8,scaffold,random_forest
Polydienes,4,0.75,-0.15000000000000002,177.35274851122847,False,family,Normalised SCP,scaffold_8,scaffold,random_forest
Polyanhydrides,16,0.75,-0.15000000000000002,155.08467156397825,True,family,Normalised SCP,scaffold_8,scaffold,random_forest
Polystyrenes,12,0.75,-0.15000000000000002,118.92991217107397,True,family,Normalised SCP,scaffold_8,scaffold,random_forest
Polysulfones,55,0.7636363636363637,-0.13636363636363635,118.80076434884295,True,family,Normalised SCP,scaffold_8,scaffold,random_forest
Polycarbonates,68,0.7941176470588235,-0.10588235294117654,151.94842796970076,True,family,Normalised SCP,scaffold_8,scaffold,random_forest
Other backbone,6,0.8333333333333334,-0.06666666666666665,197.93187783417807,False,family,Normalised SCP,scaffold_8,scaffold,random_forest
Polyphenylenes,104,0.8461538461538461,-0.05384615384615388,146.0860034525746,True,family,Normalised SCP,scaffold_8,scaffold,random_forest
Polyurethanes,40,0.85,-0.050000000000000044,110.82601250595228,True,family,Normalised SCP,scaffold_8,scaffold,random_forest
Polyamides,204,0.8529411764705882,-0.04705882352941182,110.77454081607384,True,family,Normalised SCP,scaffold_8,scaffold,random_forest
Polyethers,192,0.8697916666666666,-0.030208333333333393,123.88244389462614,True,family,Normalised SCP,scaffold_8,scaffold,random_forest
Polyacrylics,55,0.8727272727272727,-0.027272727272727337,129.400962921277,True,family,Normalised SCP,scaffold_8,scaffold,random_forest
Polyvinyls,8,0.875,-0.025000000000000022,141.84744568651303,False,family,Normalised SCP,scaffold_8,scaffold,random_forest
Polyimides,453,0.8940397350993378,-0.00596026490066226,115.66687207078257,True,family,Normalised SCP,scaffold_8,scaffold,random_forest
Polyimines,10,0.9,0.0,104.5657394429264,True,family,Normalised SCP,scaffold_8,scaffold,random_forest
Polyesters,156,0.9166666666666666,0.016666666666666607,117.51025939916074,True,family,Normalised SCP,scaffold_8,scaffold,random_forest
Polysulfides,12,1.0,0.09999999999999998,169.45366607186511,True,family,Normalised SCP,scaffold_8,scaffold,random_forest
Polyhalo-olefins,1,1.0,0.09999999999999998,257.1161186042701,False,family,Normalised SCP,scaffold_8,scaffold,random_forest
0,74,0.6756756756756757,-0.22432432432432436,129.43766041175792,True,similarity,SCP,scaffold_8,scaffold,hist_gbr
1,139,0.7913669064748201,-0.10863309352517991,129.43766041175792,True,similarity,SCP,scaffold_8,scaffold,hist_gbr
2,224,0.8392857142857143,-0.06071428571428572,129.4376604117579,True,similarity,SCP,scaffold_8,scaffold,hist_gbr
3,257,0.8482490272373541,-0.05175097276264595,129.43766041175792,True,similarity,SCP,scaffold_8,scaffold,hist_gbr
4,244,0.9139344262295082,0.013934426229508134,129.43766041175792,True,similarity,SCP,scaffold_8,scaffold,hist_gbr
5,542,0.966789667896679,0.06678966789667895,129.43766041175792,True,similarity,SCP,scaffold_8,scaffold,hist_gbr
Other backbone,6,0.16666666666666666,-0.7333333333333334,129.4376604117579,False,family,SCP,scaffold_8,scaffold,hist_gbr
Polyphosphazenes,35,0.37142857142857144,-0.5285714285714286,129.43766041175792,True,family,SCP,scaffold_8,scaffold,hist_gbr
Polyureas,13,0.46153846153846156,-0.43846153846153846,129.4376604117579,True,family,SCP,scaffold_8,scaffold,hist_gbr
Polyolefins,10,0.6,-0.30000000000000004,129.43766041175792,True,family,SCP,scaffold_8,scaffold,hist_gbr
Polysiloxanes,26,0.7307692307692307,-0.1692307692307693,129.43766041175792,True,family,SCP,scaffold_8,scaffold,hist_gbr
Polyanhydrides,16,0.75,-0.15000000000000002,129.43766041175792,True,family,SCP,scaffold_8,scaffold,hist_gbr
Polyvinyls,8,0.75,-0.15000000000000002,129.43766041175792,False,family,SCP,scaffold_8,scaffold,hist_gbr
Polysulfones,55,0.8181818181818182,-0.08181818181818179,129.43766041175792,True,family,SCP,scaffold_8,scaffold,hist_gbr
Polyphenylenes,104,0.8365384615384616,-0.06346153846153846,129.4376604117579,True,family,SCP,scaffold_8,scaffold,hist_gbr
Polycarbonates,68,0.8823529411764706,-0.01764705882352946,129.43766041175797,True,family,SCP,scaffold_8,scaffold,hist_gbr
Polyimines,10,0.9,0.0,129.43766041175792,True,family,SCP,scaffold_8,scaffold,hist_gbr
Polyacrylics,55,0.9090909090909091,0.009090909090909038,129.4376604117579,True,family,SCP,scaffold_8,scaffold,hist_gbr
Polystyrenes,12,0.9166666666666666,0.016666666666666607,129.4376604117579,True,family,SCP,scaffold_8,scaffold,hist_gbr
Polysulfides,12,0.9166666666666666,0.016666666666666607,129.4376604117579,True,family,SCP,scaffold_8,scaffold,hist_gbr
Polyamides,204,0.9215686274509803,0.021568627450980316,129.43766041175792,True,family,SCP,scaffold_8,scaffold,hist_gbr
Polyethers,192,0.921875,0.021874999999999978,129.4376604117579,True,family,SCP,scaffold_8,scaffold,hist_gbr
Polyimides,453,0.9337748344370861,0.033774834437086065,129.4376604117579,True,family,SCP,scaffold_8,scaffold,hist_gbr
Polyesters,156,0.9358974358974359,0.03589743589743588,129.43766041175792,True,family,SCP,scaffold_8,scaffold,hist_gbr
Polyurethanes,40,0.95,0.04999999999999993,129.43766041175792,True,family,SCP,scaffold_8,scaffold,hist_gbr
Polydienes,4,1.0,0.09999999999999998,129.43766041175792,False,family,SCP,scaffold_8,scaffold,hist_gbr
Polyhalo-olefins,1,1.0,0.09999999999999998,129.43766041175792,False,family,SCP,scaffold_8,scaffold,hist_gbr
4,244,0.860655737704918,-0.03934426229508203,101.10244823049742,True,similarity,Mondrian-similarity,scaffold_8,scaffold,hist_gbr
3,257,0.8832684824902723,-0.016731517509727678,142.53506411910712,True,similarity,Mondrian-similarity,scaffold_8,scaffold,hist_gbr
5,542,0.8985239852398524,-0.0014760147601475815,93.15311449333349,True,similarity,Mondrian-similarity,scaffold_8,scaffold,hist_gbr
1,139,0.920863309352518,0.02086330935251801,228.5162237413098,True,similarity,Mondrian-similarity,scaffold_8,scaffold,hist_gbr
2,224,0.9419642857142857,0.041964285714285676,188.3057994499388,True,similarity,Mondrian-similarity,scaffold_8,scaffold,hist_gbr
0,74,1.0,0.09999999999999998,284.5690712685796,True,similarity,Mondrian-similarity,scaffold_8,scaffold,hist_gbr
Polyolefins,10,0.6,-0.30000000000000004,256.54264750494474,True,family,Mondrian-similarity,scaffold_8,scaffold,hist_gbr
Polyureas,13,0.6153846153846154,-0.2846153846153846,189.8337160946521,True,family,Mondrian-similarity,scaffold_8,scaffold,hist_gbr
Polyphosphazenes,35,0.7142857142857143,-0.18571428571428572,188.98107381909776,True,family,Mondrian-similarity,scaffold_8,scaffold,hist_gbr
Polysiloxanes,26,0.8076923076923077,-0.09230769230769231,156.9275140999351,True,family,Mondrian-similarity,scaffold_8,scaffold,hist_gbr
Other backbone,6,0.8333333333333334,-0.06666666666666665,211.83838232777035,False,family,Mondrian-similarity,scaffold_8,scaffold,hist_gbr
Polystyrenes,12,0.8333333333333334,-0.06666666666666665,154.48776886471197,True,family,Mondrian-similarity,scaffold_8,scaffold,hist_gbr
Polysulfones,55,0.8545454545454545,-0.045454545454545525,136.40567595742584,True,family,Mondrian-similarity,scaffold_8,scaffold,hist_gbr
Polyphenylenes,104,0.8653846153846154,-0.0346153846153846,162.86280309377392,True,family,Mondrian-similarity,scaffold_8,scaffold,hist_gbr
Polyvinyls,8,0.875,-0.025000000000000022,170.8152446798632,False,family,Mondrian-similarity,scaffold_8,scaffold,hist_gbr
Polyimides,453,0.9072847682119205,0.007284768211920478,123.93001502938523,True,family,Mondrian-similarity,scaffold_8,scaffold,hist_gbr
Polyacrylics,55,0.9090909090909091,0.009090909090909038,179.19091275176646,True,family,Mondrian-similarity,scaffold_8,scaffold,hist_gbr
Polyamides,204,0.9117647058823529,0.0117647058823529,119.11109641192189,True,family,Mondrian-similarity,scaffold_8,scaffold,hist_gbr
Polyethers,192,0.9322916666666666,0.03229166666666661,133.0155427996301,True,family,Mondrian-similarity,scaffold_8,scaffold,hist_gbr
Polycarbonates,68,0.9411764705882353,0.04117647058823526,153.13125047395272,True,family,Mondrian-similarity,scaffold_8,scaffold,hist_gbr
Polyesters,156,0.9423076923076923,0.04230769230769227,145.44517347842697,True,family,Mondrian-similarity,scaffold_8,scaffold,hist_gbr
Polyurethanes,40,0.95,0.04999999999999993,136.4030721282631,True,family,Mondrian-similarity,scaffold_8,scaffold,hist_gbr
Polyhalo-olefins,1,1.0,0.09999999999999998,93.15311449333348,False,family,Mondrian-similarity,scaffold_8,scaffold,hist_gbr
Polyimines,10,1.0,0.09999999999999998,145.88976930662062,True,family,Mondrian-similarity,scaffold_8,scaffold,hist_gbr
Polysulfides,12,1.0,0.09999999999999998,176.94636412780025,True,family,Mondrian-similarity,scaffold_8,scaffold,hist_gbr
Polydienes,4,1.0,0.09999999999999998,210.98153964473383,False,family,Mondrian-similarity,scaffold_8,scaffold,hist_gbr
Polyanhydrides,16,1.0,0.09999999999999998,201.33888939478442,True,family,Mondrian-similarity,scaffold_8,scaffold,hist_gbr
0,74,0.7027027027027027,-0.19729729729729728,137.62053479008148,True,similarity,Mondrian-family,scaffold_8,scaffold,hist_gbr
1,139,0.7697841726618705,-0.13021582733812953,131.60327341070004,True,similarity,Mondrian-family,scaffold_8,scaffold,hist_gbr
3,257,0.8210116731517509,-0.07898832684824908,121.38936150022825,True,similarity,Mondrian-family,scaffold_8,scaffold,hist_gbr
2,224,0.84375,-0.05625000000000002,126.09658069155886,True,similarity,Mondrian-family,scaffold_8,scaffold,hist_gbr
4,244,0.8975409836065574,-0.0024590163934425924,122.51108764125924,True,similarity,Mondrian-family,scaffold_8,scaffold,hist_gbr
5,542,0.948339483394834,0.04833948339483396,120.56335023870308,True,similarity,Mondrian-family,scaffold_8,scaffold,hist_gbr
Other backbone,6,0.16666666666666666,-0.7333333333333334,129.4376604117579,False,family,Mondrian-family,scaffold_8,scaffold,hist_gbr
Polyphosphazenes,35,0.37142857142857144,-0.5285714285714286,129.43766041175792,True,family,Mondrian-family,scaffold_8,scaffold,hist_gbr
Polyureas,13,0.46153846153846156,-0.43846153846153846,129.4376604117579,True,family,Mondrian-family,scaffold_8,scaffold,hist_gbr
Polyolefins,10,0.6,-0.30000000000000004,228.5162237413098,True,family,Mondrian-family,scaffold_8,scaffold,hist_gbr
Polyanhydrides,16,0.75,-0.15000000000000002,129.43766041175792,True,family,Mondrian-family,scaffold_8,scaffold,hist_gbr
Polyvinyls,8,0.75,-0.15000000000000002,157.80671499190345,False,family,Mondrian-family,scaffold_8,scaffold,hist_gbr
Polysulfones,55,0.8181818181818182,-0.08181818181818179,103.20946820027368,True,family,Mondrian-family,scaffold_8,scaffold,hist_gbr
Polystyrenes,12,0.8333333333333334,-0.06666666666666665,119.31289415593868,True,family,Mondrian-family,scaffold_8,scaffold,hist_gbr
Polycarbonates,68,0.8382352941176471,-0.061764705882352944,101.98992802022285,True,family,Mondrian-family,scaffold_8,scaffold,hist_gbr
Polyethers,192,0.8489583333333334,-0.05104166666666665,98.71005090162862,True,family,Mondrian-family,scaffold_8,scaffold,hist_gbr
Polyamides,204,0.8725490196078431,-0.027450980392156876,101.58578928129316,True,family,Mondrian-family,scaffold_8,scaffold,hist_gbr
Polyphenylenes,104,0.8942307692307693,-0.005769230769230749,156.61528128542818,True,family,Mondrian-family,scaffold_8,scaffold,hist_gbr
Polyimines,10,0.9,0.0,129.43766041175792,True,family,Mondrian-family,scaffold_8,scaffold,hist_gbr
Polyacrylics,55,0.9090909090909091,0.009090909090909038,122.16387745560651,True,family,Mondrian-family,scaffold_8,scaffold,hist_gbr
Polysulfides,12,0.9166666666666666,0.016666666666666607,129.4376604117579,True,family,Mondrian-family,scaffold_8,scaffold,hist_gbr
Polyimides,453,0.9227373068432672,0.022737306843267135,124.95075044355372,True,family,Mondrian-family,scaffold_8,scaffold,hist_gbr
Polysiloxanes,26,0.9230769230769231,0.023076923076923106,184.2592498863676,True,family,Mondrian-family,scaffold_8,scaffold,hist_gbr
Polyesters,156,0.9423076923076923,0.04230769230769227,136.2976968065038,True,family,Mondrian-family,scaffold_8,scaffold,hist_gbr
Polyurethanes,40,0.95,0.04999999999999993,191.80379298214524,True,family,Mondrian-family,scaffold_8,scaffold,hist_gbr
Polydienes,4,1.0,0.09999999999999998,129.43766041175792,False,family,Mondrian-family,scaffold_8,scaffold,hist_gbr
Polyhalo-olefins,1,1.0,0.09999999999999998,129.43766041175792,False,family,Mondrian-family,scaffold_8,scaffold,hist_gbr
1,139,0.7410071942446043,-0.15899280575539576,124.28589457125203,True,similarity,Normalised SCP,scaffold_8,scaffold,hist_gbr
0,74,0.7567567567567568,-0.14324324324324322,158.71936197986787,True,similarity,Normalised SCP,scaffold_8,scaffold,hist_gbr
3,257,0.8638132295719845,-0.03618677042801555,129.49553004273756,True,similarity,Normalised SCP,scaffold_8,scaffold,hist_gbr
2,224,0.875,-0.025000000000000022,135.38598837593676,True,similarity,Normalised SCP,scaffold_8,scaffold,hist_gbr
4,244,0.8975409836065574,-0.0024590163934425924,125.66960795002174,True,similarity,Normalised SCP,scaffold_8,scaffold,hist_gbr
5,542,0.9428044280442804,0.04280442804428042,111.62921949674872,True,similarity,Normalised SCP,scaffold_8,scaffold,hist_gbr
Polyureas,13,0.46153846153846156,-0.43846153846153846,128.71199016533123,True,family,Normalised SCP,scaffold_8,scaffold,hist_gbr
Polyphosphazenes,35,0.5428571428571428,-0.3571428571428572,148.07949949477634,True,family,Normalised SCP,scaffold_8,scaffold,hist_gbr
Polyolefins,10,0.6,-0.30000000000000004,183.0745093494429,True,family,Normalised SCP,scaffold_8,scaffold,hist_gbr
Polysiloxanes,26,0.7307692307692307,-0.1692307692307693,117.33745597552819,True,family,Normalised SCP,scaffold_8,scaffold,hist_gbr
Polyvinyls,8,0.75,-0.15000000000000002,132.0321258279242,False,family,Normalised SCP,scaffold_8,scaffold,hist_gbr
Polystyrenes,12,0.75,-0.15000000000000002,116.86482409427983,True,family,Normalised SCP,scaffold_8,scaffold,hist_gbr
Polydienes,4,0.75,-0.15000000000000002,151.57478607292813,False,family,Normalised SCP,scaffold_8,scaffold,hist_gbr
Polyanhydrides,16,0.8125,-0.08750000000000002,162.95212196946352,True,family,Normalised SCP,scaffold_8,scaffold,hist_gbr
Polysulfones,55,0.8363636363636363,-0.06363636363636371,110.52104433794786,True,family,Normalised SCP,scaffold_8,scaffold,hist_gbr
Polyacrylics,55,0.8545454545454545,-0.045454545454545525,115.6386260803753,True,family,Normalised SCP,scaffold_8,scaffold,hist_gbr
Polyethers,192,0.8854166666666666,-0.014583333333333393,119.21527379747509,True,family,Normalised SCP,scaffold_8,scaffold,hist_gbr
Polyphenylenes,104,0.8942307692307693,-0.005769230769230749,153.16109610414063,True,family,Normalised SCP,scaffold_8,scaffold,hist_gbr
Polyimines,10,0.9,0.0,117.63267740085146,True,family,Normalised SCP,scaffold_8,scaffold,hist_gbr
Polyurethanes,40,0.9,0.0,119.4594026617586,True,family,Normalised SCP,scaffold_8,scaffold,hist_gbr
Polyamides,204,0.9019607843137255,0.0019607843137254832,126.9591786974759,True,family,Normalised SCP,scaffold_8,scaffold,hist_gbr
Polyimides,453,0.9094922737306843,0.009492273730684286,115.15242439401091,True,family,Normalised SCP,scaffold_8,scaffold,hist_gbr
Polyesters,156,0.9230769230769231,0.023076923076923106,115.6752077569167,True,family,Normalised SCP,scaffold_8,scaffold,hist_gbr
Polycarbonates,68,0.9705882352941176,0.07058823529411762,142.85482028505305,True,family,Normalised SCP,scaffold_8,scaffold,hist_gbr
Polysulfides,12,1.0,0.09999999999999998,173.16733568629397,True,family,Normalised SCP,scaffold_8,scaffold,hist_gbr
Other backbone,6,1.0,0.09999999999999998,180.68850677006228,False,family,Normalised SCP,scaffold_8,scaffold,hist_gbr
Polyhalo-olefins,1,1.0,0.09999999999999998,187.5894807452084,False,family,Normalised SCP,scaffold_8,scaffold,hist_gbr
0,74,0.6081081081081081,-0.2918918918918919,128.2884,True,similarity,SCP,scaffold_8,scaffold,extra_trees
1,139,0.7050359712230215,-0.1949640287769785,128.2884,True,similarity,SCP,scaffold_8,scaffold,extra_trees
2,224,0.7946428571428571,-0.10535714285714293,128.28839999999997,True,similarity,SCP,scaffold_8,scaffold,extra_trees
3,257,0.8599221789883269,-0.04007782101167312,128.2884,True,similarity,SCP,scaffold_8,scaffold,extra_trees
4,244,0.9221311475409836,0.022131147540983553,128.28839999999997,True,similarity,SCP,scaffold_8,scaffold,extra_trees
5,542,0.9501845018450185,0.05018450184501844,128.2884,True,similarity,SCP,scaffold_8,scaffold,extra_trees
Polyphosphazenes,35,0.11428571428571428,-0.7857142857142857,128.28840000000005,True,family,SCP,scaffold_8,scaffold,extra_trees
Polyolefins,10,0.2,-0.7,128.2884,True,family,SCP,scaffold_8,scaffold,extra_trees
Other backbone,6,0.3333333333333333,-0.5666666666666667,128.28840000000002,False,family,SCP,scaffold_8,scaffold,extra_trees
Polyureas,13,0.38461538461538464,-0.5153846153846153,128.28839999999997,True,family,SCP,scaffold_8,scaffold,extra_trees
Polysiloxanes,26,0.5,-0.4,128.28840000000002,True,family,SCP,scaffold_8,scaffold,extra_trees
Polyanhydrides,16,0.75,-0.15000000000000002,128.28840000000002,True,family,SCP,scaffold_8,scaffold,extra_trees
Polydienes,4,0.75,-0.15000000000000002,128.28840000000002,False,family,SCP,scaffold_8,scaffold,extra_trees
Polyphenylenes,104,0.8076923076923077,-0.09230769230769231,128.28839999999997,True,family,SCP,scaffold_8,scaffold,extra_trees
Polycarbonates,68,0.8088235294117647,-0.0911764705882353,128.2884,True,family,SCP,scaffold_8,scaffold,extra_trees
Polystyrenes,12,0.8333333333333334,-0.06666666666666665,128.2884,True,family,SCP,scaffold_8,scaffold,extra_trees
Polysulfones,55,0.8545454545454545,-0.045454545454545525,128.28840000000008,True,family,SCP,scaffold_8,scaffold,extra_trees
Polyvinyls,8,0.875,-0.025000000000000022,128.28840000000002,False,family,SCP,scaffold_8,scaffold,extra_trees
Polyurethanes,40,0.9,0.0,128.28840000000002,True,family,SCP,scaffold_8,scaffold,extra_trees
Polyimines,10,0.9,0.0,128.2884,True,family,SCP,scaffold_8,scaffold,extra_trees
Polyethers,192,0.9166666666666666,0.016666666666666607,128.2884,True,family,SCP,scaffold_8,scaffold,extra_trees
Polysulfides,12,0.9166666666666666,0.016666666666666607,128.2884,True,family,SCP,scaffold_8,scaffold,extra_trees
Polyimides,453,0.9183222958057395,0.01832229580573952,128.2884,True,family,SCP,scaffold_8,scaffold,extra_trees
Polyesters,156,0.9294871794871795,0.029487179487179493,128.2884,True,family,SCP,scaffold_8,scaffold,extra_trees
Polyamides,204,0.9362745098039216,0.03627450980392155,128.2884,True,family,SCP,scaffold_8,scaffold,extra_trees
Polyacrylics,55,0.9636363636363636,0.0636363636363636,128.28840000000008,True,family,SCP,scaffold_8,scaffold,extra_trees
Polyhalo-olefins,1,1.0,0.09999999999999998,128.28840000000002,False,family,SCP,scaffold_8,scaffold,extra_trees
1,139,0.8705035971223022,-0.029496402877697836,196.2284800000001,True,similarity,Mondrian-similarity,scaffold_8,scaffold,extra_trees
2,224,0.8705357142857143,-0.02946428571428572,164.07199999999972,True,similarity,Mondrian-similarity,scaffold_8,scaffold,extra_trees
5,542,0.8726937269372693,-0.0273062730627307,91.32920000000257,True,similarity,Mondrian-similarity,scaffold_8,scaffold,extra_trees
4,244,0.8852459016393442,-0.014754098360655776,118.41859999999976,True,similarity,Mondrian-similarity,scaffold_8,scaffold,extra_trees
3,257,0.8949416342412452,-0.005058365758754846,149.00556000000003,True,similarity,Mondrian-similarity,scaffold_8,scaffold,extra_trees
0,74,0.918918918918919,0.018918918918918948,237.7563599999999,True,similarity,Mondrian-similarity,scaffold_8,scaffold,extra_trees
Polyhalo-olefins,1,0.0,-0.9,91.32920000000257,False,family,Mondrian-similarity,scaffold_8,scaffold,extra_trees
Polyphosphazenes,35,0.3142857142857143,-0.5857142857142857,169.6388354285714,True,family,Mondrian-similarity,scaffold_8,scaffold,extra_trees
Polyureas,13,0.5384615384615384,-0.3615384615384616,170.85162769230763,True,family,Mondrian-similarity,scaffold_8,scaffold,extra_trees
Polyolefins,10,0.6,-0.30000000000000004,216.99242000000004,True,family,Mondrian-similarity,scaffold_8,scaffold,extra_trees
Polysiloxanes,26,0.6538461538461539,-0.24615384615384617,144.22052923076996,True,family,Mondrian-similarity,scaffold_8,scaffold,extra_trees
Other backbone,6,0.6666666666666666,-0.2333333333333334,188.97071999999994,False,family,Mondrian-similarity,scaffold_8,scaffold,extra_trees
Polyvinyls,8,0.75,-0.15000000000000002,153.52742500000093,False,family,Mondrian-similarity,scaffold_8,scaffold,extra_trees
Polyphenylenes,104,0.8461538461538461,-0.05384615384615388,149.34308461538527,True,family,Mondrian-similarity,scaffold_8,scaffold,extra_trees
Polycarbonates,68,0.8676470588235294,-0.032352941176470584,145.70259235294156,True,family,Mondrian-similarity,scaffold_8,scaffold,extra_trees
Polysulfones,55,0.8727272727272727,-0.027272727272727337,133.8555207272735,True,family,Mondrian-similarity,scaffold_8,scaffold,extra_trees
Polyimides,453,0.8962472406181016,-0.0037527593818984517,121.61314022075183,True,family,Mondrian-similarity,scaffold_8,scaffold,extra_trees
Polyethers,192,0.9114583333333334,0.011458333333333348,130.58808145833416,True,family,Mondrian-similarity,scaffold_8,scaffold,extra_trees
Polyamides,204,0.9166666666666666,0.016666666666666607,117.73166411764838,True,family,Mondrian-similarity,scaffold_8,scaffold,extra_trees
Polystyrenes,12,0.9166666666666666,0.016666666666666607,150.65626000000017,True,family,Mondrian-similarity,scaffold_8,scaffold,extra_trees
Polyurethanes,40,0.925,0.025000000000000022,137.20517100000046,True,family,Mondrian-similarity,scaffold_8,scaffold,extra_trees
Polyacrylics,55,0.9272727272727272,0.027272727272727226,164.0246269090909,True,family,Mondrian-similarity,scaffold_8,scaffold,extra_trees
Polyanhydrides,16,0.9375,0.03749999999999998,177.87414250000023,True,family,Mondrian-similarity,scaffold_8,scaffold,extra_trees
Polyesters,156,0.9551282051282052,0.055128205128205154,138.6076123076929,True,family,Mondrian-similarity,scaffold_8,scaffold,extra_trees
Polysulfides,12,1.0,0.09999999999999998,160.59311000000028,True,family,Mondrian-similarity,scaffold_8,scaffold,extra_trees
Polydienes,4,1.0,0.09999999999999998,186.76559999999998,False,family,Mondrian-similarity,scaffold_8,scaffold,extra_trees
Polyimines,10,1.0,0.09999999999999998,133.65654800000152,True,family,Mondrian-similarity,scaffold_8,scaffold,extra_trees
0,74,0.6081081081081081,-0.2918918918918919,131.72750270270262,True,similarity,Mondrian-family,scaffold_8,scaffold,extra_trees
1,139,0.7050359712230215,-0.1949640287769785,127.23275251798557,True,similarity,Mondrian-family,scaffold_8,scaffold,extra_trees
2,224,0.7991071428571429,-0.10089285714285712,120.01891714285719,True,similarity,Mondrian-family,scaffold_8,scaffold,extra_trees
3,257,0.8015564202334631,-0.09844357976653695,117.92317136186773,True,similarity,Mondrian-family,scaffold_8,scaffold,extra_trees
4,244,0.8647540983606558,-0.03524590163934427,115.86542983606556,True,similarity,Mondrian-family,scaffold_8,scaffold,extra_trees
5,542,0.933579335793358,0.03357933579335792,114.44330118081184,True,similarity,Mondrian-family,scaffold_8,scaffold,extra_trees
Polyphosphazenes,35,0.11428571428571428,-0.7857142857142857,128.28840000000005,True,family,Mondrian-family,scaffold_8,scaffold,extra_trees
Other backbone,6,0.3333333333333333,-0.5666666666666667,128.28840000000002,False,family,Mondrian-family,scaffold_8,scaffold,extra_trees
Polyureas,13,0.38461538461538464,-0.5153846153846153,128.28839999999997,True,family,Mondrian-family,scaffold_8,scaffold,extra_trees
Polyolefins,10,0.5,-0.4,216.39539999999988,True,family,Mondrian-family,scaffold_8,scaffold,extra_trees
Polycarbonates,68,0.7205882352941176,-0.17941176470588238,105.92960000000002,True,family,Mondrian-family,scaffold_8,scaffold,extra_trees
Polyanhydrides,16,0.75,-0.15000000000000002,128.28840000000002,True,family,Mondrian-family,scaffold_8,scaffold,extra_trees
Polydienes,4,0.75,-0.15000000000000002,128.28840000000002,False,family,Mondrian-family,scaffold_8,scaffold,extra_trees
Polyethers,192,0.8177083333333334,-0.08229166666666665,92.35032000000001,True,family,Mondrian-family,scaffold_8,scaffold,extra_trees
Polystyrenes,12,0.8333333333333334,-0.06666666666666665,129.0848,True,family,Mondrian-family,scaffold_8,scaffold,extra_trees
Polysulfones,55,0.8545454545454545,-0.045454545454545525,144.92280000000008,True,family,Mondrian-family,scaffold_8,scaffold,extra_trees
Polyimides,453,0.8741721854304636,-0.025827814569536423,113.96279999999969,True,family,Mondrian-family,scaffold_8,scaffold,extra_trees
Polyphenylenes,104,0.8846153846153846,-0.015384615384615441,151.93959999999993,True,family,Mondrian-family,scaffold_8,scaffold,extra_trees
Polyesters,156,0.8910256410256411,-0.008974358974358942,106.41308000000004,True,family,Mondrian-family,scaffold_8,scaffold,extra_trees
Polyamides,204,0.8921568627450981,-0.007843137254901933,102.82160000000091,True,family,Mondrian-family,scaffold_8,scaffold,extra_trees
Polyimines,10,0.9,0.0,128.2884,True,family,Mondrian-family,scaffold_8,scaffold,extra_trees
Polyacrylics,55,0.9090909090909091,0.009090909090909038,121.79640000000008,True,family,Mondrian-family,scaffold_8,scaffold,extra_trees
Polysulfides,12,0.9166666666666666,0.016666666666666607,128.2884,True,family,Mondrian-family,scaffold_8,scaffold,extra_trees
Polyurethanes,40,0.95,0.04999999999999993,192.1087999999998,True,family,Mondrian-family,scaffold_8,scaffold,extra_trees
Polysiloxanes,26,0.9615384615384616,0.06153846153846154,192.38739999999993,True,family,Mondrian-family,scaffold_8,scaffold,extra_trees
Polyhalo-olefins,1,1.0,0.09999999999999998,128.28840000000002,False,family,Mondrian-family,scaffold_8,scaffold,extra_trees
Polyvinyls,8,1.0,0.09999999999999998,184.09996,False,family,Mondrian-family,scaffold_8,scaffold,extra_trees
0,74,0.6486486486486487,-0.25135135135135134,157.22018127834073,True,similarity,Normalised SCP,scaffold_8,scaffold,extra_trees
1,139,0.7050359712230215,-0.1949640287769785,126.37225098656754,True,similarity,Normalised SCP,scaffold_8,scaffold,extra_trees
2,224,0.7857142857142857,-0.11428571428571432,129.16077392208052,True,similarity,Normalised SCP,scaffold_8,scaffold,extra_trees
3,257,0.8171206225680934,-0.08287937743190665,123.36535659398969,True,similarity,Normalised SCP,scaffold_8,scaffold,extra_trees
4,244,0.8811475409836066,-0.01885245901639343,120.2872181233661,True,similarity,Normalised SCP,scaffold_8,scaffold,extra_trees
5,542,0.9095940959409594,0.00959409594095939,103.79605954138549,True,similarity,Normalised SCP,scaffold_8,scaffold,extra_trees
Polyphosphazenes,35,0.22857142857142856,-0.6714285714285715,164.20119859060645,True,family,Normalised SCP,scaffold_8,scaffold,extra_trees
Polyureas,13,0.38461538461538464,-0.5153846153846153,104.03737631724655,True,family,Normalised SCP,scaffold_8,scaffold,extra_trees
Polyolefins,10,0.4,-0.5,163.1597887286672,True,family,Normalised SCP,scaffold_8,scaffold,extra_trees
Polysiloxanes,26,0.5769230769230769,-0.32307692307692315,132.27088125628336,True,family,Normalised SCP,scaffold_8,scaffold,extra_trees
Other backbone,6,0.6666666666666666,-0.2333333333333334,188.40919032163234,False,family,Normalised SCP,scaffold_8,scaffold,extra_trees
Polydienes,4,0.75,-0.15000000000000002,161.03231672930812,False,family,Normalised SCP,scaffold_8,scaffold,extra_trees
Polystyrenes,12,0.75,-0.15000000000000002,114.98573887717248,True,family,Normalised SCP,scaffold_8,scaffold,extra_trees
Polycarbonates,68,0.7941176470588235,-0.10588235294117654,147.9744238126415,True,family,Normalised SCP,scaffold_8,scaffold,extra_trees
Polyanhydrides,16,0.8125,-0.08750000000000002,146.45209929697052,True,family,Normalised SCP,scaffold_8,scaffold,extra_trees
Polysulfones,55,0.8181818181818182,-0.08181818181818179,110.59440698596035,True,family,Normalised SCP,scaffold_8,scaffold,extra_trees
Polyurethanes,40,0.825,-0.07500000000000007,113.15158313859425,True,family,Normalised SCP,scaffold_8,scaffold,extra_trees
Polyimides,453,0.8587196467991169,-0.04128035320088308,108.34631452789768,True,family,Normalised SCP,scaffold_8,scaffold,extra_trees
Polyamides,204,0.8725490196078431,-0.027450980392156876,107.06747397622648,True,family,Normalised SCP,scaffold_8,scaffold,extra_trees
Polyvinyls,8,0.875,-0.025000000000000022,137.9514251570193,False,family,Normalised SCP,scaffold_8,scaffold,extra_trees
Polyesters,156,0.8846153846153846,-0.015384615384615441,109.35030510848759,True,family,Normalised SCP,scaffold_8,scaffold,extra_trees
Polyethers,192,0.890625,-0.009375000000000022,119.15971123099798,True,family,Normalised SCP,scaffold_8,scaffold,extra_trees
Polyacrylics,55,0.8909090909090909,-0.00909090909090915,127.07394696802193,True,family,Normalised SCP,scaffold_8,scaffold,extra_trees
Polyphenylenes,104,0.8942307692307693,-0.005769230769230749,142.49382483113845,True,family,Normalised SCP,scaffold_8,scaffold,extra_trees
Polyimines,10,0.9,0.0,113.81092665315751,True,family,Normalised SCP,scaffold_8,scaffold,extra_trees
Polysulfides,12,1.0,0.09999999999999998,159.89942177634734,True,family,Normalised SCP,scaffold_8,scaffold,extra_trees
Polyhalo-olefins,1,1.0,0.09999999999999998,276.76384221542236,False,family,Normalised SCP,scaffold_8,scaffold,extra_trees
0,520,0.48653846153846153,-0.4134615384615385,310.0,True,similarity,SCP,scaffold_9,scaffold,median
1,350,0.5485714285714286,-0.3514285714285714,310.0,True,similarity,SCP,scaffold_9,scaffold,median
2,258,0.5658914728682171,-0.33410852713178296,310.0,True,similarity,SCP,scaffold_9,scaffold,median
3,160,0.8125,-0.08750000000000002,310.0,True,similarity,SCP,scaffold_9,scaffold,median
4,65,0.9076923076923077,0.007692307692307665,310.0,True,similarity,SCP,scaffold_9,scaffold,median
5,84,0.9166666666666666,0.016666666666666607,310.0,True,similarity,SCP,scaffold_9,scaffold,median
Polysiloxanes,65,0.09230769230769231,-0.8076923076923077,310.0,True,family,SCP,scaffold_9,scaffold,median
Other backbone,25,0.12,-0.78,310.0,True,family,SCP,scaffold_9,scaffold,median
Polyphosphazenes,49,0.16326530612244897,-0.7367346938775511,310.0,True,family,SCP,scaffold_9,scaffold,median
Polysulfides,16,0.3125,-0.5875,310.0,True,family,SCP,scaffold_9,scaffold,median
Polyesters,157,0.42038216560509556,-0.47961783439490446,310.0,True,family,SCP,scaffold_9,scaffold,median
Polyhalo-olefins,45,0.4888888888888889,-0.41111111111111115,310.0,True,family,SCP,scaffold_9,scaffold,median
Polyolefins,56,0.5,-0.4,310.0,True,family,SCP,scaffold_9,scaffold,median
Polyethers,135,0.5037037037037037,-0.39629629629629637,310.0,True,family,SCP,scaffold_9,scaffold,median
Polycarbonates,23,0.6086956521739131,-0.29130434782608694,310.0,True,family,SCP,scaffold_9,scaffold,median
Polydienes,36,0.6111111111111112,-0.28888888888888886,310.0,True,family,SCP,scaffold_9,scaffold,median
Polyvinyls,85,0.6235294117647059,-0.27647058823529413,310.0,True,family,SCP,scaffold_9,scaffold,median
Polyimides,240,0.6375,-0.26250000000000007,310.0,True,family,SCP,scaffold_9,scaffold,median
Polyacrylics,237,0.7215189873417721,-0.1784810126582279,310.0,True,family,SCP,scaffold_9,scaffold,median
Polyphenylenes,20,0.85,-0.050000000000000044,310.0,True,family,SCP,scaffold_9,scaffold,median
Polyurethanes,50,0.86,-0.040000000000000036,310.0,True,family,SCP,scaffold_9,scaffold,median
Polyamides,167,0.8862275449101796,-0.01377245508982039,310.0,True,family,SCP,scaffold_9,scaffold,median
Polysulfones,18,0.9444444444444444,0.0444444444444444,310.0,True,family,SCP,scaffold_9,scaffold,median
Polystyrenes,5,1.0,0.09999999999999998,310.0,False,family,SCP,scaffold_9,scaffold,median
Polyanhydrides,2,1.0,0.09999999999999998,310.0,False,family,SCP,scaffold_9,scaffold,median
Polyureas,5,1.0,0.09999999999999998,310.0,False,family,SCP,scaffold_9,scaffold,median
Polyimines,1,1.0,0.09999999999999998,310.0,False,family,SCP,scaffold_9,scaffold,median
1,350,0.5228571428571429,-0.3771428571428571,296.0,True,similarity,Mondrian-similarity,scaffold_9,scaffold,median
2,258,0.5387596899224806,-0.36124031007751944,298.0,True,similarity,Mondrian-similarity,scaffold_9,scaffold,median
0,520,0.7461538461538462,-0.15384615384615385,404.0,True,similarity,Mondrian-similarity,scaffold_9,scaffold,median
3,160,0.8125,-0.08750000000000002,320.0,True,similarity,Mondrian-similarity,scaffold_9,scaffold,median
4,65,0.8769230769230769,-0.023076923076923106,300.0,True,similarity,Mondrian-similarity,scaffold_9,scaffold,median
5,84,0.9166666666666666,0.016666666666666607,313.0,True,similarity,Mondrian-similarity,scaffold_9,scaffold,median
Polysiloxanes,65,0.15384615384615385,-0.7461538461538462,362.04615384615386,True,family,Mondrian-similarity,scaffold_9,scaffold,median
Polyphosphazenes,49,0.3469387755102041,-0.5530612244897959,357.7551020408163,True,family,Mondrian-similarity,scaffold_9,scaffold,median
Polyesters,157,0.46496815286624205,-0.435031847133758,317.89171974522293,True,family,Mondrian-similarity,scaffold_9,scaffold,median
Other backbone,25,0.52,-0.38,373.92,True,family,Mondrian-similarity,scaffold_9,scaffold,median
Polycarbonates,23,0.6086956521739131,-0.29130434782608694,304.8695652173913,True,family,Mondrian-similarity,scaffold_9,scaffold,median
Polyimides,240,0.6166666666666667,-0.2833333333333333,313.125,True,family,Mondrian-similarity,scaffold_9,scaffold,median
Polydienes,36,0.6944444444444444,-0.2055555555555556,386.05555555555554,True,family,Mondrian-similarity,scaffold_9,scaffold,median
Polyethers,135,0.7111111111111111,-0.18888888888888888,365.0,True,family,Mondrian-similarity,scaffold_9,scaffold,median
Polyacrylics,237,0.7341772151898734,-0.16582278481012658,330.2067510548523,True,family,Mondrian-similarity,scaffold_9,scaffold,median
Polysulfides,16,0.75,-0.15000000000000002,393.0625,True,family,Mondrian-similarity,scaffold_9,scaffold,median
Polyolefins,56,0.7678571428571429,-0.13214285714285712,396.32142857142856,True,family,Mondrian-similarity,scaffold_9,scaffold,median
Polyvinyls,85,0.8352941176470589,-0.06470588235294117,362.3764705882353,True,family,Mondrian-similarity,scaffold_9,scaffold,median
Polyurethanes,50,0.84,-0.06000000000000005,307.44,True,family,Mondrian-similarity,scaffold_9,scaffold,median
Polyamides,167,0.8802395209580839,-0.019760479041916135,318.52694610778445,True,family,Mondrian-similarity,scaffold_9,scaffold,median
Polyphenylenes,20,0.9,0.0,359.75,True,family,Mondrian-similarity,scaffold_9,scaffold,median
Polyhalo-olefins,45,0.9111111111111111,0.011111111111111072,401.97777777777776,True,family,Mondrian-similarity,scaffold_9,scaffold,median
Polysulfones,18,0.9444444444444444,0.0444444444444444,360.05555555555554,True,family,Mondrian-similarity,scaffold_9,scaffold,median
Polystyrenes,5,1.0,0.09999999999999998,297.6,False,family,Mondrian-similarity,scaffold_9,scaffold,median
Polyanhydrides,2,1.0,0.09999999999999998,297.0,False,family,Mondrian-similarity,scaffold_9,scaffold,median
Polyureas,5,1.0,0.09999999999999998,308.0,False,family,Mondrian-similarity,scaffold_9,scaffold,median
Polyimines,1,1.0,0.09999999999999998,404.0,False,family,Mondrian-similarity,scaffold_9,scaffold,median
0,520,0.5038461538461538,-0.3961538461538462,314.85692307692307,True,similarity,Mondrian-family,scaffold_9,scaffold,median
1,350,0.5685714285714286,-0.3314285714285714,307.6634285714286,True,similarity,Mondrian-family,scaffold_9,scaffold,median
2,258,0.5930232558139535,-0.3069767441860465,301.72093023255815,True,similarity,Mondrian-family,scaffold_9,scaffold,median
3,160,0.80625,-0.09375,296.78374999999994,True,similarity,Mondrian-family,scaffold_9,scaffold,median
4,65,0.8923076923076924,-0.007692307692307665,306.79692307692306,True,similarity,Mondrian-family,scaffold_9,scaffold,median
5,84,0.9047619047619048,0.004761904761904745,322.6666666666667,True,similarity,Mondrian-family,scaffold_9,scaffold,median
Other backbone,25,0.12,-0.78,310.0,True,family,Mondrian-family,scaffold_9,scaffold,median
Polyphosphazenes,49,0.16326530612244897,-0.7367346938775511,310.0,True,family,Mondrian-family,scaffold_9,scaffold,median
Polysulfides,16,0.3125,-0.5875,310.0,True,family,Mondrian-family,scaffold_9,scaffold,median
Polyesters,157,0.4012738853503185,-0.49872611464968153,274.0,True,family,Mondrian-family,scaffold_9,scaffold,median
Polyethers,135,0.4740740740740741,-0.42592592592592593,298.0,True,family,Mondrian-family,scaffold_9,scaffold,median
Polyhalo-olefins,45,0.4888888888888889,-0.41111111111111115,310.0,True,family,Mondrian-family,scaffold_9,scaffold,median
Polyolefins,56,0.5,-0.4,310.0,True,family,Mondrian-family,scaffold_9,scaffold,median
Polysiloxanes,65,0.5538461538461539,-0.34615384615384615,460.0,True,family,Mondrian-family,scaffold_9,scaffold,median
Polycarbonates,23,0.6086956521739131,-0.29130434782608694,290.0,True,family,Mondrian-family,scaffold_9,scaffold,median
Polydienes,36,0.6111111111111112,-0.28888888888888886,310.0,True,family,Mondrian-family,scaffold_9,scaffold,median
Polyvinyls,85,0.6235294117647059,-0.27647058823529413,310.0,True,family,Mondrian-family,scaffold_9,scaffold,median
Polyacrylics,237,0.6497890295358649,-0.2502109704641351,268.0,True,family,Mondrian-family,scaffold_9,scaffold,median
Polyimides,240,0.7416666666666667,-0.15833333333333333,348.0,True,family,Mondrian-family,scaffold_9,scaffold,median
Polyurethanes,50,0.82,-0.08000000000000007,289.79999999999995,True,family,Mondrian-family,scaffold_9,scaffold,median
Polyamides,167,0.8263473053892215,-0.0736526946107785,289.0,True,family,Mondrian-family,scaffold_9,scaffold,median
Polyphenylenes,20,0.9,0.0,400.0,True,family,Mondrian-family,scaffold_9,scaffold,median
Polysulfones,18,0.9444444444444444,0.0444444444444444,302.0,True,family,Mondrian-family,scaffold_9,scaffold,median
Polystyrenes,5,1.0,0.09999999999999998,308.0,False,family,Mondrian-family,scaffold_9,scaffold,median
Polyanhydrides,2,1.0,0.09999999999999998,310.0,False,family,Mondrian-family,scaffold_9,scaffold,median
Polyureas,5,1.0,0.09999999999999998,310.0,False,family,Mondrian-family,scaffold_9,scaffold,median
Polyimines,1,1.0,0.09999999999999998,310.0,False,family,Mondrian-family,scaffold_9,scaffold,median
0,520,0.3403846153846154,-0.5596153846153846,249.36699242713186,True,similarity,Normalised SCP,scaffold_9,scaffold,median
1,350,0.4857142857142857,-0.4142857142857143,284.57574104765246,True,similarity,Normalised SCP,scaffold_9,scaffold,median
2,258,0.6434108527131783,-0.2565891472868217,307.22194474068306,True,similarity,Normalised SCP,scaffold_9,scaffold,median
3,160,0.83125,-0.06874999999999998,293.0290468243191,True,similarity,Normalised SCP,scaffold_9,scaffold,median
4,65,0.9076923076923077,0.007692307692307665,271.1160884051667,True,similarity,Normalised SCP,scaffold_9,scaffold,median
5,84,0.9642857142857143,0.06428571428571428,333.5952017927258,True,similarity,Normalised SCP,scaffold_9,scaffold,median
Polysiloxanes,65,0.07692307692307693,-0.823076923076923,311.6298972830402,True,family,Normalised SCP,scaffold_9,scaffold,median
Other backbone,25,0.08,-0.8200000000000001,274.24624281288,True,family,Normalised SCP,scaffold_9,scaffold,median
Polyphosphazenes,49,0.12244897959183673,-0.7775510204081633,309.40704133167435,True,family,Normalised SCP,scaffold_9,scaffold,median
Polysulfides,16,0.125,-0.775,229.12289468181243,True,family,Normalised SCP,scaffold_9,scaffold,median
Polyolefins,56,0.21428571428571427,-0.6857142857142857,217.4270978408445,True,family,Normalised SCP,scaffold_9,scaffold,median
Polyvinyls,85,0.25882352941176473,-0.6411764705882352,225.55388329114777,True,family,Normalised SCP,scaffold_9,scaffold,median
Polyhalo-olefins,45,0.26666666666666666,-0.6333333333333333,196.7490147347589,True,family,Normalised SCP,scaffold_9,scaffold,median
Polycarbonates,23,0.34782608695652173,-0.5521739130434783,245.1190229806311,True,family,Normalised SCP,scaffold_9,scaffold,median
Polyethers,135,0.43703703703703706,-0.46296296296296297,275.66998936074685,True,family,Normalised SCP,scaffold_9,scaffold,median
Polydienes,36,0.5,-0.4,249.59502856930152,True,family,Normalised SCP,scaffold_9,scaffold,median
Polyacrylics,237,0.5485232067510548,-0.3514767932489452,226.7011470429113,True,family,Normalised SCP,scaffold_9,scaffold,median
Polyesters,157,0.5668789808917197,-0.3331210191082803,295.0633386470765,True,family,Normalised SCP,scaffold_9,scaffold,median
Polyurethanes,50,0.68,-0.21999999999999997,288.61991232411054,True,family,Normalised SCP,scaffold_9,scaffold,median
Polyphenylenes,20,0.75,-0.15000000000000002,291.3026069292919,True,family,Normalised SCP,scaffold_9,scaffold,median
Polyamides,167,0.7904191616766467,-0.1095808383233533,253.41103223828912,True,family,Normalised SCP,scaffold_9,scaffold,median
Polyimides,240,0.8791666666666667,-0.02083333333333337,382.4523948684527,True,family,Normalised SCP,scaffold_9,scaffold,median
Polysulfones,18,0.8888888888888888,-0.011111111111111183,319.5698353961517,True,family,Normalised SCP,scaffold_9,scaffold,median
Polystyrenes,5,1.0,0.09999999999999998,203.98212738369574,False,family,Normalised SCP,scaffold_9,scaffold,median
Polyanhydrides,2,1.0,0.09999999999999998,196.50460147691712,False,family,Normalised SCP,scaffold_9,scaffold,median
Polyureas,5,1.0,0.09999999999999998,241.99537056123168,False,family,Normalised SCP,scaffold_9,scaffold,median
Polyimines,1,1.0,0.09999999999999998,291.9416305846537,False,family,Normalised SCP,scaffold_9,scaffold,median
0,520,0.5634615384615385,-0.33653846153846156,138.19838610183018,True,similarity,SCP,scaffold_9,scaffold,svr
1,350,0.7428571428571429,-0.15714285714285714,138.1983861018302,True,similarity,SCP,scaffold_9,scaffold,svr
2,258,0.8023255813953488,-0.0976744186046512,138.19838610183018,True,similarity,SCP,scaffold_9,scaffold,svr
3,160,0.88125,-0.018750000000000044,138.19838610183018,True,similarity,SCP,scaffold_9,scaffold,svr
4,65,0.9230769230769231,0.023076923076923106,138.19838610183018,True,similarity,SCP,scaffold_9,scaffold,svr
5,84,0.9642857142857143,0.06428571428571428,138.1983861018302,True,similarity,SCP,scaffold_9,scaffold,svr
Polydienes,36,0.25,-0.65,138.19838610183012,True,family,SCP,scaffold_9,scaffold,svr
Polysulfides,16,0.3125,-0.5875,138.19838610183018,True,family,SCP,scaffold_9,scaffold,svr
Polyphosphazenes,49,0.32653061224489793,-0.573469387755102,138.19838610183018,True,family,SCP,scaffold_9,scaffold,svr
Polyhalo-olefins,45,0.4444444444444444,-0.4555555555555556,138.19838610183015,True,family,SCP,scaffold_9,scaffold,svr
Polysiloxanes,65,0.47692307692307695,-0.4230769230769231,138.1983861018302,True,family,SCP,scaffold_9,scaffold,svr
Polyolefins,56,0.48214285714285715,-0.41785714285714287,138.1983861018302,True,family,SCP,scaffold_9,scaffold,svr
Polyphenylenes,20,0.5,-0.4,138.19838610183018,True,family,SCP,scaffold_9,scaffold,svr
Other backbone,25,0.52,-0.38,138.19838610183018,True,family,SCP,scaffold_9,scaffold,svr
Polystyrenes,5,0.6,-0.30000000000000004,138.19838610183018,False,family,SCP,scaffold_9,scaffold,svr
Polyethers,135,0.674074074074074,-0.22592592592592597,138.1983861018302,True,family,SCP,scaffold_9,scaffold,svr
Polyurethanes,50,0.76,-0.14,138.19838610183018,True,family,SCP,scaffold_9,scaffold,svr
Polyvinyls,85,0.7764705882352941,-0.12352941176470589,138.19838610183024,True,family,SCP,scaffold_9,scaffold,svr
Polyimides,240,0.8,-0.09999999999999998,138.1983861018302,True,family,SCP,scaffold_9,scaffold,svr
Polyacrylics,237,0.8016877637130801,-0.09831223628691987,138.19838610183024,True,family,SCP,scaffold_9,scaffold,svr
Polyesters,157,0.8471337579617835,-0.05286624203821655,138.19838610183024,True,family,SCP,scaffold_9,scaffold,svr
Polysulfones,18,0.8888888888888888,-0.011111111111111183,138.19838610183018,True,family,SCP,scaffold_9,scaffold,svr
Polyamides,167,0.9101796407185628,0.01017964071856281,138.19838610183024,True,family,SCP,scaffold_9,scaffold,svr
Polycarbonates,23,0.9565217391304348,0.05652173913043479,138.1983861018302,True,family,SCP,scaffold_9,scaffold,svr
Polyanhydrides,2,1.0,0.09999999999999998,138.19838610183018,False,family,SCP,scaffold_9,scaffold,svr
Polyureas,5,1.0,0.09999999999999998,138.19838610183018,False,family,SCP,scaffold_9,scaffold,svr
Polyimines,1,1.0,0.09999999999999998,138.19838610183018,False,family,SCP,scaffold_9,scaffold,svr
5,84,0.8809523809523809,-0.01904761904761909,105.21568904244651,True,similarity,Mondrian-similarity,scaffold_9,scaffold,svr
3,160,0.90625,0.006249999999999978,157.9729111278248,True,similarity,Mondrian-similarity,scaffold_9,scaffold,svr
4,65,0.9230769230769231,0.023076923076923106,136.11255113515392,True,similarity,Mondrian-similarity,scaffold_9,scaffold,svr
2,258,0.9263565891472868,0.02635658914728678,199.205868108687,True,similarity,Mondrian-similarity,scaffold_9,scaffold,svr
0,520,0.9730769230769231,0.07307692307692304,370.98685324244514,True,similarity,Mondrian-similarity,scaffold_9,scaffold,svr
1,350,0.9971428571428571,0.09714285714285709,337.5102884132192,True,similarity,Mondrian-similarity,scaffold_9,scaffold,svr
Polyphenylenes,20,0.8,-0.09999999999999998,281.891679707698,True,family,Mondrian-similarity,scaffold_9,scaffold,svr
Polystyrenes,5,0.8,-0.09999999999999998,226.86675216959347,False,family,Mondrian-similarity,scaffold_9,scaffold,svr
Polyurethanes,50,0.86,-0.040000000000000036,232.81991004481154,True,family,Mondrian-similarity,scaffold_9,scaffold,svr
Polysiloxanes,65,0.8923076923076924,-0.007692307692307665,332.6332486484959,True,family,Mondrian-similarity,scaffold_9,scaffold,svr
Polyhalo-olefins,45,0.9111111111111111,0.011111111111111072,365.0808273713339,True,family,Mondrian-similarity,scaffold_9,scaffold,svr
Polyimides,240,0.9291666666666667,0.029166666666666674,236.79517729293082,True,family,Mondrian-similarity,scaffold_9,scaffold,svr
Polysulfides,16,0.9375,0.03749999999999998,341.06278409778145,True,family,Mondrian-similarity,scaffold_9,scaffold,svr
Polyethers,135,0.9407407407407408,0.040740740740740744,298.36577967158286,True,family,Mondrian-similarity,scaffold_9,scaffold,svr
Polysulfones,18,0.9444444444444444,0.0444444444444444,296.6986059945285,True,family,Mondrian-similarity,scaffold_9,scaffold,svr
Other backbone,25,0.96,0.05999999999999994,353.5575055991392,True,family,Mondrian-similarity,scaffold_9,scaffold,svr
Polyesters,157,0.9617834394904459,0.061783439490445846,230.58684366350968,True,family,Mondrian-similarity,scaffold_9,scaffold,svr
Polyphosphazenes,49,0.9795918367346939,0.07959183673469383,353.8172148400313,True,family,Mondrian-similarity,scaffold_9,scaffold,svr
Polyamides,167,0.9820359281437125,0.08203592814371252,222.61159345633482,True,family,Mondrian-similarity,scaffold_9,scaffold,svr
Polyacrylics,237,0.9873417721518988,0.08734177215189876,297.9421866674254,True,family,Mondrian-similarity,scaffold_9,scaffold,svr
Polyvinyls,85,1.0,0.09999999999999998,354.2507539841583,True,family,Mondrian-similarity,scaffold_9,scaffold,svr
Polydienes,36,1.0,0.09999999999999998,361.56563631800367,True,family,Mondrian-similarity,scaffold_9,scaffold,svr
Polycarbonates,23,1.0,0.09999999999999998,243.38904447055214,True,family,Mondrian-similarity,scaffold_9,scaffold,svr
Polyolefins,56,1.0,0.09999999999999998,366.1259482492052,True,family,Mondrian-similarity,scaffold_9,scaffold,svr
Polyanhydrides,2,1.0,0.09999999999999998,268.3580782609531,False,family,Mondrian-similarity,scaffold_9,scaffold,svr
Polyureas,5,1.0,0.09999999999999998,144.85669513222228,False,family,Mondrian-similarity,scaffold_9,scaffold,svr
Polyimines,1,1.0,0.09999999999999998,370.9868532424451,False,family,Mondrian-similarity,scaffold_9,scaffold,svr
0,520,0.5807692307692308,-0.3192307692307692,143.8379898804287,True,similarity,Mondrian-family,scaffold_9,scaffold,svr
1,350,0.7171428571428572,-0.18285714285714283,132.75943909530113,True,similarity,Mondrian-family,scaffold_9,scaffold,svr
2,258,0.7751937984496124,-0.12480620155038757,128.7540308372817,True,similarity,Mondrian-family,scaffold_9,scaffold,svr
3,160,0.85,-0.050000000000000044,126.34361332982621,True,similarity,Mondrian-family,scaffold_9,scaffold,svr
4,65,0.8615384615384616,-0.038461538461538436,126.87898717432984,True,similarity,Mondrian-family,scaffold_9,scaffold,svr
5,84,0.9761904761904762,0.07619047619047614,132.6038825177767,True,similarity,Mondrian-family,scaffold_9,scaffold,svr
Polydienes,36,0.25,-0.65,138.19838610183012,True,family,Mondrian-family,scaffold_9,scaffold,svr
Polysulfides,16,0.3125,-0.5875,138.19838610183018,True,family,Mondrian-family,scaffold_9,scaffold,svr
Polyphosphazenes,49,0.32653061224489793,-0.573469387755102,138.19838610183018,True,family,Mondrian-family,scaffold_9,scaffold,svr
Polyhalo-olefins,45,0.4444444444444444,-0.4555555555555556,138.19838610183015,True,family,Mondrian-family,scaffold_9,scaffold,svr
Polyolefins,56,0.48214285714285715,-0.41785714285714287,138.1983861018302,True,family,Mondrian-family,scaffold_9,scaffold,svr
Other backbone,25,0.52,-0.38,138.19838610183018,True,family,Mondrian-family,scaffold_9,scaffold,svr
Polystyrenes,5,0.6,-0.30000000000000004,106.37918890917388,False,family,Mondrian-family,scaffold_9,scaffold,svr
Polyphenylenes,20,0.7,-0.20000000000000007,209.22917865545227,True,family,Mondrian-family,scaffold_9,scaffold,svr
Polyacrylics,237,0.7383966244725738,-0.1616033755274262,121.69434737923126,True,family,Mondrian-family,scaffold_9,scaffold,svr
Polysiloxanes,65,0.7384615384615385,-0.16153846153846152,227.22888893193937,True,family,Mondrian-family,scaffold_9,scaffold,svr
Polyethers,135,0.7481481481481481,-0.1518518518518519,157.20663366359503,True,family,Mondrian-family,scaffold_9,scaffold,svr
Polyimides,240,0.7583333333333333,-0.14166666666666672,124.44109004691724,True,family,Mondrian-family,scaffold_9,scaffold,svr
Polyesters,157,0.7707006369426752,-0.1292993630573248,110.82979628269776,True,family,Mondrian-family,scaffold_9,scaffold,svr
Polyvinyls,85,0.7764705882352941,-0.12352941176470589,138.19838610183024,True,family,Mondrian-family,scaffold_9,scaffold,svr
Polyurethanes,50,0.8,-0.09999999999999998,166.72140609594385,True,family,Mondrian-family,scaffold_9,scaffold,svr
Polyamides,167,0.844311377245509,-0.055688622754491046,114.83186353212406,True,family,Mondrian-family,scaffold_9,scaffold,svr
Polysulfones,18,0.8888888888888888,-0.011111111111111183,100.98972951946179,True,family,Mondrian-family,scaffold_9,scaffold,svr
Polycarbonates,23,0.9565217391304348,0.05652173913043479,161.2910352112247,True,family,Mondrian-family,scaffold_9,scaffold,svr
Polyanhydrides,2,1.0,0.09999999999999998,138.19838610183018,False,family,Mondrian-family,scaffold_9,scaffold,svr
Polyureas,5,1.0,0.09999999999999998,138.19838610183018,False,family,Mondrian-family,scaffold_9,scaffold,svr
Polyimines,1,1.0,0.09999999999999998,138.19838610183018,False,family,Mondrian-family,scaffold_9,scaffold,svr
0,520,0.7326923076923076,-0.16730769230769238,181.6020417032474,True,similarity,Normalised SCP,scaffold_9,scaffold,svr
2,258,0.7790697674418605,-0.1209302325581395,131.76171874046895,True,similarity,Normalised SCP,scaffold_9,scaffold,svr
1,350,0.7857142857142857,-0.11428571428571432,144.39352028884772,True,similarity,Normalised SCP,scaffold_9,scaffold,svr
3,160,0.7875,-0.11250000000000004,118.49791543683962,True,similarity,Normalised SCP,scaffold_9,scaffold,svr
4,65,0.8769230769230769,-0.023076923076923106,131.2997974911817,True,similarity,Normalised SCP,scaffold_9,scaffold,svr
5,84,0.9523809523809523,0.052380952380952306,122.85910752780087,True,similarity,Normalised SCP,scaffold_9,scaffold,svr
Polydienes,36,0.4166666666666667,-0.48333333333333334,192.08425686763837,True,family,Normalised SCP,scaffold_9,scaffold,svr
Polysulfides,16,0.5,-0.4,197.89771319607775,True,family,Normalised SCP,scaffold_9,scaffold,svr
Polyphosphazenes,49,0.5102040816326531,-0.38979591836734695,181.71359157305682,True,family,Normalised SCP,scaffold_9,scaffold,svr
Polysiloxanes,65,0.6,-0.30000000000000004,182.05076616968773,True,family,Normalised SCP,scaffold_9,scaffold,svr
Polyhalo-olefins,45,0.6444444444444445,-0.25555555555555554,227.6816397037008,True,family,Normalised SCP,scaffold_9,scaffold,svr
Polyphenylenes,20,0.7,-0.20000000000000007,176.68160160487145,True,family,Normalised SCP,scaffold_9,scaffold,svr
Polyolefins,56,0.7321428571428571,-0.16785714285714293,200.89850647261068,True,family,Normalised SCP,scaffold_9,scaffold,svr
Polyurethanes,50,0.74,-0.16000000000000003,109.30370637803264,True,family,Normalised SCP,scaffold_9,scaffold,svr
Polyimides,240,0.7708333333333334,-0.12916666666666665,133.8624931272529,True,family,Normalised SCP,scaffold_9,scaffold,svr
Polyesters,157,0.7770700636942676,-0.12292993630573246,121.05472789540231,True,family,Normalised SCP,scaffold_9,scaffold,svr
Polyamides,167,0.7904191616766467,-0.1095808383233533,117.28512903429657,True,family,Normalised SCP,scaffold_9,scaffold,svr
Other backbone,25,0.8,-0.09999999999999998,206.03524328295032,True,family,Normalised SCP,scaffold_9,scaffold,svr
Polyethers,135,0.8518518518518519,-0.04814814814814816,154.87241817615555,True,family,Normalised SCP,scaffold_9,scaffold,svr
Polyacrylics,237,0.8565400843881856,-0.04345991561181439,154.19350753738863,True,family,Normalised SCP,scaffold_9,scaffold,svr
Polysulfones,18,0.8888888888888888,-0.011111111111111183,159.46974919749698,True,family,Normalised SCP,scaffold_9,scaffold,svr
Polycarbonates,23,0.9565217391304348,0.05652173913043479,139.03189664953337,True,family,Normalised SCP,scaffold_9,scaffold,svr
Polyvinyls,85,0.9882352941176471,0.08823529411764708,165.16414696244547,True,family,Normalised SCP,scaffold_9,scaffold,svr
Polystyrenes,5,1.0,0.09999999999999998,204.04470002031866,False,family,Normalised SCP,scaffold_9,scaffold,svr
Polyanhydrides,2,1.0,0.09999999999999998,134.09569019284191,False,family,Normalised SCP,scaffold_9,scaffold,svr
Polyureas,5,1.0,0.09999999999999998,116.91254298878542,False,family,Normalised SCP,scaffold_9,scaffold,svr
Polyimines,1,1.0,0.09999999999999998,164.32041757371803,False,family,Normalised SCP,scaffold_9,scaffold,svr
0,520,0.4307692307692308,-0.46923076923076923,129.31572000000003,True,similarity,SCP,scaffold_9,scaffold,random_forest
1,350,0.5828571428571429,-0.31714285714285717,129.31572000000006,True,similarity,SCP,scaffold_9,scaffold,random_forest
2,258,0.6937984496124031,-0.2062015503875969,129.31572000000006,True,similarity,SCP,scaffold_9,scaffold,random_forest
4,65,0.8153846153846154,-0.08461538461538465,129.31572,True,similarity,SCP,scaffold_9,scaffold,random_forest
3,160,0.8375,-0.0625,129.31572,True,similarity,SCP,scaffold_9,scaffold,random_forest
5,84,0.9166666666666666,0.016666666666666607,129.31572000000003,True,similarity,SCP,scaffold_9,scaffold,random_forest
Other backbone,25,0.16,-0.74,129.31572,True,family,SCP,scaffold_9,scaffold,random_forest
Polydienes,36,0.19444444444444445,-0.7055555555555556,129.31571999999994,True,family,SCP,scaffold_9,scaffold,random_forest
Polysulfides,16,0.25,-0.65,129.31572,True,family,SCP,scaffold_9,scaffold,random_forest
Polysiloxanes,65,0.3230769230769231,-0.5769230769230769,129.31572000000003,True,family,SCP,scaffold_9,scaffold,random_forest
Polyphosphazenes,49,0.3469387755102041,-0.5530612244897959,129.31572,True,family,SCP,scaffold_9,scaffold,random_forest
Polyolefins,56,0.375,-0.525,129.31572000000003,True,family,SCP,scaffold_9,scaffold,random_forest
Polyhalo-olefins,45,0.4666666666666667,-0.43333333333333335,129.31571999999997,True,family,SCP,scaffold_9,scaffold,random_forest
Polyanhydrides,2,0.5,-0.4,129.31572,False,family,SCP,scaffold_9,scaffold,random_forest
Polyethers,135,0.5037037037037037,-0.39629629629629637,129.31572000000003,True,family,SCP,scaffold_9,scaffold,random_forest
Polyesters,157,0.5095541401273885,-0.3904458598726115,129.31572000000003,True,family,SCP,scaffold_9,scaffold,random_forest
Polyvinyls,85,0.5529411764705883,-0.34705882352941175,129.31572000000006,True,family,SCP,scaffold_9,scaffold,random_forest
Polyphenylenes,20,0.6,-0.30000000000000004,129.31572,True,family,SCP,scaffold_9,scaffold,random_forest
Polystyrenes,5,0.6,-0.30000000000000004,129.31572,False,family,SCP,scaffold_9,scaffold,random_forest
Polycarbonates,23,0.6086956521739131,-0.29130434782608694,129.31572000000003,True,family,SCP,scaffold_9,scaffold,random_forest
Polyacrylics,237,0.6962025316455697,-0.20379746835443036,129.31572000000006,True,family,SCP,scaffold_9,scaffold,random_forest
Polyurethanes,50,0.74,-0.16000000000000003,129.31572,True,family,SCP,scaffold_9,scaffold,random_forest
Polyimides,240,0.7791666666666667,-0.12083333333333335,129.31572000000003,True,family,SCP,scaffold_9,scaffold,random_forest
Polyamides,167,0.8383233532934131,-0.0616766467065869,129.31572000000006,True,family,SCP,scaffold_9,scaffold,random_forest
Polysulfones,18,0.8888888888888888,-0.011111111111111183,129.31572,True,family,SCP,scaffold_9,scaffold,random_forest
Polyureas,5,1.0,0.09999999999999998,129.31572,False,family,SCP,scaffold_9,scaffold,random_forest
Polyimines,1,1.0,0.09999999999999998,129.31572,False,family,SCP,scaffold_9,scaffold,random_forest
4,65,0.8153846153846154,-0.08461538461538465,130.05494,True,similarity,Mondrian-similarity,scaffold_9,scaffold,random_forest
5,84,0.8452380952380952,-0.05476190476190479,103.20588000000006,True,similarity,Mondrian-similarity,scaffold_9,scaffold,random_forest
2,258,0.8604651162790697,-0.03953488372093028,179.47299999999998,True,similarity,Mondrian-similarity,scaffold_9,scaffold,random_forest
3,160,0.8875,-0.012500000000000067,150.2855999999998,True,similarity,Mondrian-similarity,scaffold_9,scaffold,random_forest
0,520,0.9134615384615384,0.013461538461538414,273.1007999999997,True,similarity,Mondrian-similarity,scaffold_9,scaffold,random_forest
1,350,0.9828571428571429,0.08285714285714285,325.7857399999999,True,similarity,Mondrian-similarity,scaffold_9,scaffold,random_forest
Polyphenylenes,20,0.7,-0.20000000000000007,225.28741699999992,True,family,Mondrian-similarity,scaffold_9,scaffold,random_forest
Polysiloxanes,65,0.7384615384615385,-0.16153846153846152,268.8334316923075,True,family,Mondrian-similarity,scaffold_9,scaffold,random_forest
Polystyrenes,5,0.8,-0.09999999999999998,208.73554799999997,False,family,Mondrian-similarity,scaffold_9,scaffold,random_forest
Polydienes,36,0.8055555555555556,-0.09444444444444444,277.8173805555555,True,family,Mondrian-similarity,scaffold_9,scaffold,random_forest
Polycarbonates,23,0.8260869565217391,-0.07391304347826089,224.2666860869565,True,family,Mondrian-similarity,scaffold_9,scaffold,random_forest
Polyimides,240,0.8708333333333333,-0.029166666666666674,216.25599458333326,True,family,Mondrian-similarity,scaffold_9,scaffold,random_forest
Polyhalo-olefins,45,0.8888888888888888,-0.011111111111111183,269.3253573333332,True,family,Mondrian-similarity,scaffold_9,scaffold,random_forest
Polyethers,135,0.8962962962962963,-0.0037037037037037646,236.14271911111095,True,family,Mondrian-similarity,scaffold_9,scaffold,random_forest
Polyesters,157,0.9044585987261147,0.004458598726114649,207.05979375796176,True,family,Mondrian-similarity,scaffold_9,scaffold,random_forest
Polyacrylics,237,0.9367088607594937,0.036708860759493644,259.03846075949355,True,family,Mondrian-similarity,scaffold_9,scaffold,random_forest
Polysulfides,16,0.9375,0.03749999999999998,254.80641749999984,True,family,Mondrian-similarity,scaffold_9,scaffold,random_forest
Polysulfones,18,0.9444444444444444,0.0444444444444444,237.51986111111103,True,family,Mondrian-similarity,scaffold_9,scaffold,random_forest
Polyphosphazenes,49,0.9591836734693877,0.05918367346938769,292.6940857142857,True,family,Mondrian-similarity,scaffold_9,scaffold,random_forest
Polyurethanes,50,0.96,0.05999999999999994,215.60859399999993,True,family,Mondrian-similarity,scaffold_9,scaffold,random_forest
Other backbone,25,0.96,0.05999999999999994,280.02335119999987,True,family,Mondrian-similarity,scaffold_9,scaffold,random_forest
Polyamides,167,0.9640718562874252,0.06407185628742518,201.1569002395209,True,family,Mondrian-similarity,scaffold_9,scaffold,random_forest
Polyolefins,56,0.9642857142857143,0.06428571428571428,274.25128249999983,True,family,Mondrian-similarity,scaffold_9,scaffold,random_forest
Polyvinyls,85,1.0,0.09999999999999998,289.7689192941175,True,family,Mondrian-similarity,scaffold_9,scaffold,random_forest
Polyanhydrides,2,1.0,0.09999999999999998,252.62937,False,family,Mondrian-similarity,scaffold_9,scaffold,random_forest
Polyureas,5,1.0,0.09999999999999998,138.14720399999993,False,family,Mondrian-similarity,scaffold_9,scaffold,random_forest
Polyimines,1,1.0,0.09999999999999998,273.1007999999998,False,family,Mondrian-similarity,scaffold_9,scaffold,random_forest
0,520,0.4326923076923077,-0.4673076923076923,133.07943803846157,True,similarity,Mondrian-family,scaffold_9,scaffold,random_forest
1,350,0.5771428571428572,-0.32285714285714284,128.23790388571433,True,similarity,Mondrian-family,scaffold_9,scaffold,random_forest
2,258,0.6627906976744186,-0.23720930232558146,123.63750689922485,True,similarity,Mondrian-family,scaffold_9,scaffold,random_forest
4,65,0.7384615384615385,-0.16153846153846152,114.7599181538462,True,similarity,Mondrian-family,scaffold_9,scaffold,random_forest
3,160,0.8,-0.09999999999999998,118.64383337500003,True,similarity,Mondrian-family,scaffold_9,scaffold,random_forest
5,84,0.8928571428571429,-0.0071428571428571175,119.08480666666678,True,similarity,Mondrian-family,scaffold_9,scaffold,random_forest
Other backbone,25,0.16,-0.74,129.31572,True,family,Mondrian-family,scaffold_9,scaffold,random_forest
Polydienes,36,0.19444444444444445,-0.7055555555555556,129.31571999999994,True,family,Mondrian-family,scaffold_9,scaffold,random_forest
Polysulfides,16,0.25,-0.65,129.31572,True,family,Mondrian-family,scaffold_9,scaffold,random_forest
Polyphosphazenes,49,0.3469387755102041,-0.5530612244897959,129.31572,True,family,Mondrian-family,scaffold_9,scaffold,random_forest
Polyolefins,56,0.375,-0.525,129.31572000000003,True,family,Mondrian-family,scaffold_9,scaffold,random_forest
Polyesters,157,0.40764331210191085,-0.4923566878980892,98.71759999999999,True,family,Mondrian-family,scaffold_9,scaffold,random_forest
Polysiloxanes,65,0.4153846153846154,-0.4846153846153846,180.46981999999986,True,family,Mondrian-family,scaffold_9,scaffold,random_forest
Polyhalo-olefins,45,0.4666666666666667,-0.43333333333333335,129.31571999999997,True,family,Mondrian-family,scaffold_9,scaffold,random_forest
Polyethers,135,0.48148148148148145,-0.41851851851851857,123.28974000000005,True,family,Mondrian-family,scaffold_9,scaffold,random_forest
Polyanhydrides,2,0.5,-0.4,129.31572,False,family,Mondrian-family,scaffold_9,scaffold,random_forest
Polyvinyls,85,0.5529411764705883,-0.34705882352941175,129.31572000000006,True,family,Mondrian-family,scaffold_9,scaffold,random_forest
Polystyrenes,5,0.6,-0.30000000000000004,118.4334,False,family,Mondrian-family,scaffold_9,scaffold,random_forest
Polycarbonates,23,0.6086956521739131,-0.29130434782608694,125.40798,True,family,Mondrian-family,scaffold_9,scaffold,random_forest
Polyimides,240,0.7208333333333333,-0.1791666666666667,114.1720000000001,True,family,Mondrian-family,scaffold_9,scaffold,random_forest
Polyurethanes,50,0.74,-0.16000000000000003,130.71979999999988,True,family,Mondrian-family,scaffold_9,scaffold,random_forest
Polyacrylics,237,0.7468354430379747,-0.15316455696202536,145.45000000000005,True,family,Mondrian-family,scaffold_9,scaffold,random_forest
Polyphenylenes,20,0.75,-0.15000000000000002,183.254,True,family,Mondrian-family,scaffold_9,scaffold,random_forest
Polyamides,167,0.7784431137724551,-0.1215568862275449,114.77856000000014,True,family,Mondrian-family,scaffold_9,scaffold,random_forest
Polysulfones,18,0.8888888888888888,-0.011111111111111183,136.42587999999998,True,family,Mondrian-family,scaffold_9,scaffold,random_forest
Polyureas,5,1.0,0.09999999999999998,129.31572,False,family,Mondrian-family,scaffold_9,scaffold,random_forest
Polyimines,1,1.0,0.09999999999999998,129.31572,False,family,Mondrian-family,scaffold_9,scaffold,random_forest
0,520,0.5326923076923077,-0.36730769230769234,165.44858069005858,True,similarity,Normalised SCP,scaffold_9,scaffold,random_forest
1,350,0.6085714285714285,-0.2914285714285715,143.2699657805474,True,similarity,Normalised SCP,scaffold_9,scaffold,random_forest
3,160,0.6375,-0.26250000000000007,109.75506166755187,True,similarity,Normalised SCP,scaffold_9,scaffold,random_forest
2,258,0.6666666666666666,-0.2333333333333334,131.07100630060864,True,similarity,Normalised SCP,scaffold_9,scaffold,random_forest
4,65,0.8461538461538461,-0.05384615384615388,137.4534175401316,True,similarity,Normalised SCP,scaffold_9,scaffold,random_forest
5,84,0.9404761904761905,0.04047619047619044,128.47147641207673,True,similarity,Normalised SCP,scaffold_9,scaffold,random_forest
Polysiloxanes,65,0.24615384615384617,-0.6538461538461539,152.57891958431372,True,family,Normalised SCP,scaffold_9,scaffold,random_forest
Polysulfides,16,0.3125,-0.5875,156.38081896181575,True,family,Normalised SCP,scaffold_9,scaffold,random_forest
Polyphosphazenes,49,0.3469387755102041,-0.5530612244897959,143.7628278769483,True,family,Normalised SCP,scaffold_9,scaffold,random_forest
Polydienes,36,0.3888888888888889,-0.5111111111111111,172.3840074682256,True,family,Normalised SCP,scaffold_9,scaffold,random_forest
Polyhalo-olefins,45,0.4666666666666667,-0.43333333333333335,178.23324384493847,True,family,Normalised SCP,scaffold_9,scaffold,random_forest
Polyesters,157,0.49044585987261147,-0.40955414012738856,127.85590663279065,True,family,Normalised SCP,scaffold_9,scaffold,random_forest
Polyolefins,56,0.5178571428571429,-0.3821428571428571,170.30144993983433,True,family,Normalised SCP,scaffold_9,scaffold,random_forest
Other backbone,25,0.52,-0.38,170.4576577408077,True,family,Normalised SCP,scaffold_9,scaffold,random_forest
Polyethers,135,0.5333333333333333,-0.3666666666666667,148.71073725963484,True,family,Normalised SCP,scaffold_9,scaffold,random_forest
Polyamides,167,0.6167664670658682,-0.2832335329341318,110.11401982515898,True,family,Normalised SCP,scaffold_9,scaffold,random_forest
Polyvinyls,85,0.6705882352941176,-0.22941176470588243,156.08445880096048,True,family,Normalised SCP,scaffold_9,scaffold,random_forest
Polyphenylenes,20,0.7,-0.20000000000000007,156.5427203763627,True,family,Normalised SCP,scaffold_9,scaffold,random_forest
Polycarbonates,23,0.7391304347826086,-0.16086956521739137,148.21547678177944,True,family,Normalised SCP,scaffold_9,scaffold,random_forest
Polyurethanes,50,0.74,-0.16000000000000003,116.1167611640765,True,family,Normalised SCP,scaffold_9,scaffold,random_forest
Polyacrylics,237,0.759493670886076,-0.14050632911392402,153.03829510753317,True,family,Normalised SCP,scaffold_9,scaffold,random_forest
Polyimides,240,0.8166666666666667,-0.08333333333333337,143.68564615264896,True,family,Normalised SCP,scaffold_9,scaffold,random_forest
Polysulfones,18,0.9444444444444444,0.0444444444444444,166.75563487680105,True,family,Normalised SCP,scaffold_9,scaffold,random_forest
Polystyrenes,5,1.0,0.09999999999999998,186.58644287487792,False,family,Normalised SCP,scaffold_9,scaffold,random_forest
Polyanhydrides,2,1.0,0.09999999999999998,157.87623921234456,False,family,Normalised SCP,scaffold_9,scaffold,random_forest
Polyureas,5,1.0,0.09999999999999998,101.58029595757543,False,family,Normalised SCP,scaffold_9,scaffold,random_forest
Polyimines,1,1.0,0.09999999999999998,128.19707925670653,False,family,Normalised SCP,scaffold_9,scaffold,random_forest
0,520,0.49423076923076925,-0.40576923076923077,116.49916475682137,True,similarity,SCP,scaffold_9,scaffold,hist_gbr
3,160,0.575,-0.32500000000000007,116.49916475682139,True,similarity,SCP,scaffold_9,scaffold,hist_gbr
1,350,0.6314285714285715,-0.26857142857142857,116.49916475682141,True,similarity,SCP,scaffold_9,scaffold,hist_gbr
2,258,0.686046511627907,-0.21395348837209305,116.4991647568214,True,similarity,SCP,scaffold_9,scaffold,hist_gbr
4,65,0.7384615384615385,-0.16153846153846152,116.49916475682141,True,similarity,SCP,scaffold_9,scaffold,hist_gbr
5,84,0.9523809523809523,0.052380952380952306,116.49916475682146,True,similarity,SCP,scaffold_9,scaffold,hist_gbr
Polydienes,36,0.16666666666666666,-0.7333333333333334,116.4991647568214,True,family,SCP,scaffold_9,scaffold,hist_gbr
Polysulfides,16,0.25,-0.65,116.49916475682141,True,family,SCP,scaffold_9,scaffold,hist_gbr
Polyolefins,56,0.35714285714285715,-0.5428571428571429,116.49916475682141,True,family,SCP,scaffold_9,scaffold,hist_gbr
Polysiloxanes,65,0.4,-0.5,116.49916475682141,True,family,SCP,scaffold_9,scaffold,hist_gbr
Polyureas,5,0.4,-0.5,116.49916475682141,False,family,SCP,scaffold_9,scaffold,hist_gbr
Polyhalo-olefins,45,0.4444444444444444,-0.4555555555555556,116.4991647568214,True,family,SCP,scaffold_9,scaffold,hist_gbr
Polyamides,167,0.48502994011976047,-0.41497005988023955,116.49916475682146,True,family,SCP,scaffold_9,scaffold,hist_gbr
Other backbone,25,0.52,-0.38,116.49916475682141,True,family,SCP,scaffold_9,scaffold,hist_gbr
Polyesters,157,0.5477707006369427,-0.35222929936305736,116.49916475682143,True,family,SCP,scaffold_9,scaffold,hist_gbr
Polyphosphazenes,49,0.5510204081632653,-0.34897959183673477,116.49916475682141,True,family,SCP,scaffold_9,scaffold,hist_gbr
Polyethers,135,0.6444444444444445,-0.25555555555555554,116.49916475682141,True,family,SCP,scaffold_9,scaffold,hist_gbr
Polyphenylenes,20,0.65,-0.25,116.49916475682141,True,family,SCP,scaffold_9,scaffold,hist_gbr
Polyvinyls,85,0.6588235294117647,-0.24117647058823533,116.49916475682146,True,family,SCP,scaffold_9,scaffold,hist_gbr
Polyurethanes,50,0.68,-0.21999999999999997,116.49916475682141,True,family,SCP,scaffold_9,scaffold,hist_gbr
Polyacrylics,237,0.7088607594936709,-0.19113924050632913,116.4991647568214,True,family,SCP,scaffold_9,scaffold,hist_gbr
Polyimides,240,0.7916666666666666,-0.10833333333333339,116.49916475682136,True,family,SCP,scaffold_9,scaffold,hist_gbr
Polystyrenes,5,0.8,-0.09999999999999998,116.49916475682141,False,family,SCP,scaffold_9,scaffold,hist_gbr
Polysulfones,18,0.8333333333333334,-0.06666666666666665,116.49916475682143,True,family,SCP,scaffold_9,scaffold,hist_gbr
Polycarbonates,23,0.8695652173913043,-0.0304347826086957,116.49916475682139,True,family,SCP,scaffold_9,scaffold,hist_gbr
Polyanhydrides,2,1.0,0.09999999999999998,116.49916475682141,False,family,SCP,scaffold_9,scaffold,hist_gbr
Polyimines,1,1.0,0.09999999999999998,116.49916475682141,False,family,SCP,scaffold_9,scaffold,hist_gbr
3,160,0.70625,-0.19374999999999998,142.54347364801797,True,similarity,Mondrian-similarity,scaffold_9,scaffold,hist_gbr
4,65,0.7384615384615385,-0.16153846153846152,113.86083271098994,True,similarity,Mondrian-similarity,scaffold_9,scaffold,hist_gbr
2,258,0.7945736434108527,-0.10542635658914734,146.01252130469592,True,similarity,Mondrian-similarity,scaffold_9,scaffold,hist_gbr
5,84,0.9047619047619048,0.004761904761904745,94.56937372417237,True,similarity,Mondrian-similarity,scaffold_9,scaffold,hist_gbr
0,520,0.9711538461538461,0.07115384615384612,342.9723476993021,True,similarity,Mondrian-similarity,scaffold_9,scaffold,hist_gbr
1,350,0.9914285714285714,0.09142857142857141,302.8016755777772,True,similarity,Mondrian-similarity,scaffold_9,scaffold,hist_gbr
Polyureas,5,0.4,-0.5,125.33388908580116,False,family,Mondrian-similarity,scaffold_9,scaffold,hist_gbr
Polyamides,167,0.7425149700598802,-0.15748502994011981,193.26477991961903,True,family,Mondrian-similarity,scaffold_9,scaffold,hist_gbr
Polyphenylenes,20,0.8,-0.09999999999999998,257.30666344006903,True,family,Mondrian-similarity,scaffold_9,scaffold,hist_gbr
Polyesters,157,0.8407643312101911,-0.059235668789808904,199.44592036868372,True,family,Mondrian-similarity,scaffold_9,scaffold,hist_gbr
Polyurethanes,50,0.86,-0.040000000000000036,196.24689139433252,True,family,Mondrian-similarity,scaffold_9,scaffold,hist_gbr
Polysiloxanes,65,0.8615384615384616,-0.038461538461538436,301.389856170409,True,family,Mondrian-similarity,scaffold_9,scaffold,hist_gbr
Polyimides,240,0.8916666666666667,-0.008333333333333304,204.37094211864346,True,family,Mondrian-similarity,scaffold_9,scaffold,hist_gbr
Polycarbonates,23,0.9130434782608695,0.01304347826086949,201.8419457975716,True,family,Mondrian-similarity,scaffold_9,scaffold,hist_gbr
Polysulfides,16,0.9375,0.03749999999999998,314.92035719765113,True,family,Mondrian-similarity,scaffold_9,scaffold,hist_gbr
Polysulfones,18,0.9444444444444444,0.0444444444444444,267.82605691606466,True,family,Mondrian-similarity,scaffold_9,scaffold,hist_gbr
Polyacrylics,237,0.9451476793248945,0.045147679324894496,261.9374852958753,True,family,Mondrian-similarity,scaffold_9,scaffold,hist_gbr
Polyphosphazenes,49,0.9591836734693877,0.05918367346938769,322.55656670287135,True,family,Mondrian-similarity,scaffold_9,scaffold,hist_gbr
Polyethers,135,0.9629629629629629,0.06296296296296289,271.36083623142883,True,family,Mondrian-similarity,scaffold_9,scaffold,hist_gbr
Polydienes,36,0.9722222222222222,0.07222222222222219,331.9219813936845,True,family,Mondrian-similarity,scaffold_9,scaffold,hist_gbr
Polyhalo-olefins,45,0.9777777777777777,0.07777777777777772,337.4522816109658,True,family,Mondrian-similarity,scaffold_9,scaffold,hist_gbr
Polyvinyls,85,1.0,0.09999999999999998,323.6467060967943,True,family,Mondrian-similarity,scaffold_9,scaffold,hist_gbr
Other backbone,25,1.0,0.09999999999999998,324.16692579060356,True,family,Mondrian-similarity,scaffold_9,scaffold,hist_gbr
Polystyrenes,5,1.0,0.09999999999999998,177.37035215931218,False,family,Mondrian-similarity,scaffold_9,scaffold,hist_gbr
Polyolefins,56,1.0,0.09999999999999998,337.30320765003097,True,family,Mondrian-similarity,scaffold_9,scaffold,hist_gbr
Polyanhydrides,2,1.0,0.09999999999999998,224.40709844123654,False,family,Mondrian-similarity,scaffold_9,scaffold,hist_gbr
Polyimines,1,1.0,0.09999999999999998,342.972347699302,False,family,Mondrian-similarity,scaffold_9,scaffold,hist_gbr
3,160,0.5125,-0.38750000000000007,116.26707191444389,True,similarity,Mondrian-family,scaffold_9,scaffold,hist_gbr
0,520,0.5269230769230769,-0.3730769230769231,126.76812378140295,True,similarity,Mondrian-family,scaffold_9,scaffold,hist_gbr
1,350,0.6314285714285715,-0.26857142857142857,121.0354832042034,True,similarity,Mondrian-family,scaffold_9,scaffold,hist_gbr
2,258,0.6937984496124031,-0.2062015503875969,119.63235447418852,True,similarity,Mondrian-family,scaffold_9,scaffold,hist_gbr
4,65,0.7384615384615385,-0.16153846153846152,112.89887382915344,True,similarity,Mondrian-family,scaffold_9,scaffold,hist_gbr
5,84,0.9285714285714286,0.02857142857142858,119.50001668804882,True,similarity,Mondrian-family,scaffold_9,scaffold,hist_gbr
Polydienes,36,0.16666666666666666,-0.7333333333333334,116.4991647568214,True,family,Mondrian-family,scaffold_9,scaffold,hist_gbr
Polysulfides,16,0.25,-0.65,116.49916475682141,True,family,Mondrian-family,scaffold_9,scaffold,hist_gbr
Polyolefins,56,0.35714285714285715,-0.5428571428571429,116.49916475682141,True,family,Mondrian-family,scaffold_9,scaffold,hist_gbr
Polyureas,5,0.4,-0.5,116.49916475682141,False,family,Mondrian-family,scaffold_9,scaffold,hist_gbr
Polyhalo-olefins,45,0.4444444444444444,-0.4555555555555556,116.4991647568214,True,family,Mondrian-family,scaffold_9,scaffold,hist_gbr
Polyamides,167,0.4550898203592814,-0.4449101796407186,109.50786848464956,True,family,Mondrian-family,scaffold_9,scaffold,hist_gbr
Polyesters,157,0.4585987261146497,-0.44140127388535033,97.89298418087006,True,family,Mondrian-family,scaffold_9,scaffold,hist_gbr
Other backbone,25,0.52,-0.38,116.49916475682141,True,family,Mondrian-family,scaffold_9,scaffold,hist_gbr
Polysiloxanes,65,0.5384615384615384,-0.3615384615384616,147.80004661781584,True,family,Mondrian-family,scaffold_9,scaffold,hist_gbr
Polyphosphazenes,49,0.5510204081632653,-0.34897959183673477,116.49916475682141,True,family,Mondrian-family,scaffold_9,scaffold,hist_gbr
Polystyrenes,5,0.6,-0.30000000000000004,103.94722703647611,False,family,Mondrian-family,scaffold_9,scaffold,hist_gbr
Polyvinyls,85,0.6588235294117647,-0.24117647058823533,116.49916475682146,True,family,Mondrian-family,scaffold_9,scaffold,hist_gbr
Polyphenylenes,20,0.7,-0.20000000000000007,187.97774854542195,True,family,Mondrian-family,scaffold_9,scaffold,hist_gbr
Polyurethanes,50,0.7,-0.20000000000000007,135.20583830058206,True,family,Mondrian-family,scaffold_9,scaffold,hist_gbr
Polyethers,135,0.7185185185185186,-0.18148148148148147,149.81993404375524,True,family,Mondrian-family,scaffold_9,scaffold,hist_gbr
Polyimides,240,0.7458333333333333,-0.15416666666666667,106.96273665490912,True,family,Mondrian-family,scaffold_9,scaffold,hist_gbr
Polyacrylics,237,0.7637130801687764,-0.13628691983122365,133.8388604444419,True,family,Mondrian-family,scaffold_9,scaffold,hist_gbr
Polysulfones,18,0.9444444444444444,0.0444444444444444,129.54699990236597,True,family,Mondrian-family,scaffold_9,scaffold,hist_gbr
Polycarbonates,23,0.9565217391304348,0.05652173913043479,156.27893502996176,True,family,Mondrian-family,scaffold_9,scaffold,hist_gbr
Polyanhydrides,2,1.0,0.09999999999999998,116.49916475682141,False,family,Mondrian-family,scaffold_9,scaffold,hist_gbr
Polyimines,1,1.0,0.09999999999999998,116.49916475682141,False,family,Mondrian-family,scaffold_9,scaffold,hist_gbr
3,160,0.48125,-0.41875,102.3354164748931,True,similarity,Normalised SCP,scaffold_9,scaffold,hist_gbr
0,520,0.5365384615384615,-0.3634615384615385,134.54874892521482,True,similarity,Normalised SCP,scaffold_9,scaffold,hist_gbr
1,350,0.62,-0.28,122.52803131958002,True,similarity,Normalised SCP,scaffold_9,scaffold,hist_gbr
2,258,0.624031007751938,-0.27596899224806204,113.47611791300234,True,similarity,Normalised SCP,scaffold_9,scaffold,hist_gbr
4,65,0.8,-0.09999999999999998,120.97959954028742,True,similarity,Normalised SCP,scaffold_9,scaffold,hist_gbr
5,84,0.9166666666666666,0.016666666666666607,109.77939813717606,True,similarity,Normalised SCP,scaffold_9,scaffold,hist_gbr
Polyimines,1,0.0,-0.9,108.0400707109459,False,family,Normalised SCP,scaffold_9,scaffold,hist_gbr
Polyureas,5,0.2,-0.7,86.51767584417885,False,family,Normalised SCP,scaffold_9,scaffold,hist_gbr
Polydienes,36,0.2222222222222222,-0.6777777777777778,138.82642265087898,True,family,Normalised SCP,scaffold_9,scaffold,hist_gbr
Polysulfides,16,0.3125,-0.5875,137.252219729689,True,family,Normalised SCP,scaffold_9,scaffold,hist_gbr
Polysiloxanes,65,0.3384615384615385,-0.5615384615384615,109.79904591821985,True,family,Normalised SCP,scaffold_9,scaffold,hist_gbr
Other backbone,25,0.4,-0.5,112.07045803997418,True,family,Normalised SCP,scaffold_9,scaffold,hist_gbr
Polyamides,167,0.4550898203592814,-0.4449101796407186,102.33737273513984,True,family,Normalised SCP,scaffold_9,scaffold,hist_gbr
Polyhalo-olefins,45,0.4666666666666667,-0.43333333333333335,164.7553879895694,True,family,Normalised SCP,scaffold_9,scaffold,hist_gbr
Polyolefins,56,0.48214285714285715,-0.41785714285714287,143.00539138393646,True,family,Normalised SCP,scaffold_9,scaffold,hist_gbr
Polyphosphazenes,49,0.5102040816326531,-0.38979591836734695,116.43612860032327,True,family,Normalised SCP,scaffold_9,scaffold,hist_gbr
Polyesters,157,0.535031847133758,-0.36496815286624207,114.3148057996966,True,family,Normalised SCP,scaffold_9,scaffold,hist_gbr
Polyethers,135,0.5851851851851851,-0.3148148148148149,116.34306749370032,True,family,Normalised SCP,scaffold_9,scaffold,hist_gbr
Polyurethanes,50,0.62,-0.28,97.94140112406541,True,family,Normalised SCP,scaffold_9,scaffold,hist_gbr
Polyphenylenes,20,0.65,-0.25,120.42189875420954,True,family,Normalised SCP,scaffold_9,scaffold,hist_gbr
Polyacrylics,237,0.7130801687763713,-0.18691983122362876,127.80980529544163,True,family,Normalised SCP,scaffold_9,scaffold,hist_gbr
Polyvinyls,85,0.7411764705882353,-0.1588235294117647,127.42249905178726,True,family,Normalised SCP,scaffold_9,scaffold,hist_gbr
Polyimides,240,0.7833333333333333,-0.1166666666666667,130.13979224432538,True,family,Normalised SCP,scaffold_9,scaffold,hist_gbr
Polystyrenes,5,0.8,-0.09999999999999998,127.56307904118333,False,family,Normalised SCP,scaffold_9,scaffold,hist_gbr
Polycarbonates,23,0.8260869565217391,-0.07391304347826089,130.19265048973293,True,family,Normalised SCP,scaffold_9,scaffold,hist_gbr
Polysulfones,18,0.8888888888888888,-0.011111111111111183,138.1872338017595,True,family,Normalised SCP,scaffold_9,scaffold,hist_gbr
Polyanhydrides,2,1.0,0.09999999999999998,130.21935037789262,False,family,Normalised SCP,scaffold_9,scaffold,hist_gbr
0,520,0.39615384615384613,-0.5038461538461538,115.40990000000004,True,similarity,SCP,scaffold_9,scaffold,extra_trees
1,350,0.5342857142857143,-0.36571428571428577,115.40990000000004,True,similarity,SCP,scaffold_9,scaffold,extra_trees
2,258,0.6046511627906976,-0.2953488372093024,115.40990000000001,True,similarity,SCP,scaffold_9,scaffold,extra_trees
3,160,0.70625,-0.19374999999999998,115.40990000000002,True,similarity,SCP,scaffold_9,scaffold,extra_trees
4,65,0.8307692307692308,-0.0692307692307692,115.4099,True,similarity,SCP,scaffold_9,scaffold,extra_trees
5,84,0.9642857142857143,0.06428571428571428,115.40990000000004,True,similarity,SCP,scaffold_9,scaffold,extra_trees
Polydienes,36,0.19444444444444445,-0.7055555555555556,115.40990000000001,True,family,SCP,scaffold_9,scaffold,extra_trees
Other backbone,25,0.2,-0.7,115.4099,True,family,SCP,scaffold_9,scaffold,extra_trees
Polyphosphazenes,49,0.22448979591836735,-0.6755102040816326,115.4099,True,family,SCP,scaffold_9,scaffold,extra_trees
Polysiloxanes,65,0.24615384615384617,-0.6538461538461539,115.4099,True,family,SCP,scaffold_9,scaffold,extra_trees
Polysulfides,16,0.25,-0.65,115.4099,True,family,SCP,scaffold_9,scaffold,extra_trees
Polyolefins,56,0.35714285714285715,-0.5428571428571429,115.40990000000001,True,family,SCP,scaffold_9,scaffold,extra_trees
Polyhalo-olefins,45,0.4222222222222222,-0.4777777777777778,115.40989999999998,True,family,SCP,scaffold_9,scaffold,extra_trees
Polyvinyls,85,0.47058823529411764,-0.4294117647058824,115.40990000000005,True,family,SCP,scaffold_9,scaffold,extra_trees
Polyesters,157,0.4713375796178344,-0.4286624203821656,115.40990000000004,True,family,SCP,scaffold_9,scaffold,extra_trees
Polyurethanes,50,0.5,-0.4,115.40989999999998,True,family,SCP,scaffold_9,scaffold,extra_trees
Polycarbonates,23,0.5217391304347826,-0.37826086956521743,115.40990000000002,True,family,SCP,scaffold_9,scaffold,extra_trees
Polyethers,135,0.5259259259259259,-0.3740740740740741,115.40989999999998,True,family,SCP,scaffold_9,scaffold,extra_trees
Polystyrenes,5,0.6,-0.30000000000000004,115.4099,False,family,SCP,scaffold_9,scaffold,extra_trees
Polyphenylenes,20,0.65,-0.25,115.40990000000002,True,family,SCP,scaffold_9,scaffold,extra_trees
Polyacrylics,237,0.6666666666666666,-0.2333333333333334,115.40990000000006,True,family,SCP,scaffold_9,scaffold,extra_trees
Polyamides,167,0.6706586826347305,-0.22934131736526953,115.40990000000005,True,family,SCP,scaffold_9,scaffold,extra_trees
Polyimides,240,0.7666666666666667,-0.1333333333333333,115.40990000000005,True,family,SCP,scaffold_9,scaffold,extra_trees
Polyureas,5,0.8,-0.09999999999999998,115.4099,False,family,SCP,scaffold_9,scaffold,extra_trees
Polysulfones,18,0.8888888888888888,-0.011111111111111183,115.40990000000001,True,family,SCP,scaffold_9,scaffold,extra_trees
Polyanhydrides,2,1.0,0.09999999999999998,115.4099,False,family,SCP,scaffold_9,scaffold,extra_trees
Polyimines,1,1.0,0.09999999999999998,115.40990000000001,False,family,SCP,scaffold_9,scaffold,extra_trees
3,160,0.76875,-0.13124999999999998,120.64391999999975,True,similarity,Mondrian-similarity,scaffold_9,scaffold,extra_trees
4,65,0.8153846153846154,-0.08461538461538465,112.84414000000004,True,similarity,Mondrian-similarity,scaffold_9,scaffold,extra_trees
2,258,0.8449612403100775,-0.055038759689922556,169.2156,True,similarity,Mondrian-similarity,scaffold_9,scaffold,extra_trees
5,84,0.8809523809523809,-0.01904761904761909,90.35799999999996,True,similarity,Mondrian-similarity,scaffold_9,scaffold,extra_trees
0,520,0.9384615384615385,0.038461538461538436,290.84623999999997,True,similarity,Mondrian-similarity,scaffold_9,scaffold,extra_trees
1,350,0.9885714285714285,0.08857142857142852,325.808,True,similarity,Mondrian-similarity,scaffold_9,scaffold,extra_trees
Polyphenylenes,20,0.7,-0.20000000000000007,229.05874899999998,True,family,Mondrian-similarity,scaffold_9,scaffold,extra_trees
Polycarbonates,23,0.782608695652174,-0.11739130434782608,215.82700869565215,True,family,Mondrian-similarity,scaffold_9,scaffold,extra_trees
Polystyrenes,5,0.8,-0.09999999999999998,200.53408,False,family,Mondrian-similarity,scaffold_9,scaffold,extra_trees
Polyureas,5,0.8,-0.09999999999999998,115.96405199999992,False,family,Mondrian-similarity,scaffold_9,scaffold,extra_trees
Polydienes,36,0.8055555555555556,-0.09444444444444444,292.3234111111112,True,family,Mondrian-similarity,scaffold_9,scaffold,extra_trees
Polysiloxanes,65,0.8153846153846154,-0.08461538461538465,277.16484523076923,True,family,Mondrian-similarity,scaffold_9,scaffold,extra_trees
Polyesters,157,0.8726114649681529,-0.027388535031847128,197.77886254777064,True,family,Mondrian-similarity,scaffold_9,scaffold,extra_trees
Polyamides,167,0.8802395209580839,-0.019760479041916135,189.6150828742514,True,family,Mondrian-similarity,scaffold_9,scaffold,extra_trees
Polyimides,240,0.8958333333333334,-0.004166666666666652,209.30194408333327,True,family,Mondrian-similarity,scaffold_9,scaffold,extra_trees
Polyurethanes,50,0.9,0.0,204.1706315999999,True,family,Mondrian-similarity,scaffold_9,scaffold,extra_trees
Polyacrylics,237,0.9324894514767933,0.032489451476793274,259.4674980590717,True,family,Mondrian-similarity,scaffold_9,scaffold,extra_trees
Polyethers,135,0.9333333333333333,0.033333333333333326,241.65730177777775,True,family,Mondrian-similarity,scaffold_9,scaffold,extra_trees
Polyhalo-olefins,45,0.9333333333333333,0.033333333333333326,286.39094577777786,True,family,Mondrian-similarity,scaffold_9,scaffold,extra_trees
Polysulfides,16,0.9375,0.03749999999999998,267.67808,True,family,Mondrian-similarity,scaffold_9,scaffold,extra_trees
Polysulfones,18,0.9444444444444444,0.0444444444444444,241.27775444444444,True,family,Mondrian-similarity,scaffold_9,scaffold,extra_trees
Other backbone,25,0.96,0.05999999999999994,292.11697840000005,True,family,Mondrian-similarity,scaffold_9,scaffold,extra_trees
Polyphosphazenes,49,0.9795918367346939,0.07959183673469383,302.63408816326535,True,family,Mondrian-similarity,scaffold_9,scaffold,extra_trees
Polyolefins,56,0.9821428571428571,0.08214285714285707,290.54721571428576,True,family,Mondrian-similarity,scaffold_9,scaffold,extra_trees
Polyvinyls,85,1.0,0.09999999999999998,300.1636705882353,True,family,Mondrian-similarity,scaffold_9,scaffold,extra_trees
Polyanhydrides,2,1.0,0.09999999999999998,247.5118,False,family,Mondrian-similarity,scaffold_9,scaffold,extra_trees
Polyimines,1,1.0,0.09999999999999998,290.84624,False,family,Mondrian-similarity,scaffold_9,scaffold,extra_trees
0,520,0.4173076923076923,-0.4826923076923077,126.04307811538462,True,similarity,Mondrian-family,scaffold_9,scaffold,extra_trees
1,350,0.54,-0.36,118.39670159999996,True,similarity,Mondrian-family,scaffold_9,scaffold,extra_trees
2,258,0.6007751937984496,-0.29922480620155045,115.20078674418602,True,similarity,Mondrian-family,scaffold_9,scaffold,extra_trees
3,160,0.6625,-0.23750000000000004,114.03347974999997,True,similarity,Mondrian-family,scaffold_9,scaffold,extra_trees
4,65,0.8307692307692308,-0.0692307692307692,116.29227661538457,True,similarity,Mondrian-family,scaffold_9,scaffold,extra_trees
5,84,0.9404761904761905,0.04047619047619044,117.83124261904756,True,similarity,Mondrian-family,scaffold_9,scaffold,extra_trees
Polydienes,36,0.19444444444444445,-0.7055555555555556,115.40990000000001,True,family,Mondrian-family,scaffold_9,scaffold,extra_trees
Other backbone,25,0.2,-0.7,115.4099,True,family,Mondrian-family,scaffold_9,scaffold,extra_trees
Polyphosphazenes,49,0.22448979591836735,-0.6755102040816326,115.4099,True,family,Mondrian-family,scaffold_9,scaffold,extra_trees
Polysulfides,16,0.25,-0.65,115.4099,True,family,Mondrian-family,scaffold_9,scaffold,extra_trees
Polyolefins,56,0.35714285714285715,-0.5428571428571429,115.40990000000001,True,family,Mondrian-family,scaffold_9,scaffold,extra_trees
Polysiloxanes,65,0.4153846153846154,-0.4846153846153846,169.2156,True,family,Mondrian-family,scaffold_9,scaffold,extra_trees
Polyhalo-olefins,45,0.4222222222222222,-0.4777777777777778,115.40989999999998,True,family,Mondrian-family,scaffold_9,scaffold,extra_trees
Polyesters,157,0.4585987261146497,-0.44140127388535033,110.0583999999999,True,family,Mondrian-family,scaffold_9,scaffold,extra_trees
Polyvinyls,85,0.47058823529411764,-0.4294117647058824,115.40990000000005,True,family,Mondrian-family,scaffold_9,scaffold,extra_trees
Polycarbonates,23,0.4782608695652174,-0.4217391304347826,105.40635999999999,True,family,Mondrian-family,scaffold_9,scaffold,extra_trees
Polyurethanes,50,0.5,-0.4,115.63028000000006,True,family,Mondrian-family,scaffold_9,scaffold,extra_trees
Polyethers,135,0.5777777777777777,-0.3222222222222223,142.62699999999998,True,family,Mondrian-family,scaffold_9,scaffold,extra_trees
Polyamides,167,0.5988023952095808,-0.30119760479041924,107.046,True,family,Mondrian-family,scaffold_9,scaffold,extra_trees
Polystyrenes,5,0.6,-0.30000000000000004,116.50708000000009,False,family,Mondrian-family,scaffold_9,scaffold,extra_trees
Polyacrylics,237,0.6962025316455697,-0.20379746835443036,126.61659999999999,True,family,Mondrian-family,scaffold_9,scaffold,extra_trees
Polyimides,240,0.7291666666666666,-0.1708333333333334,104.34795999999997,True,family,Mondrian-family,scaffold_9,scaffold,extra_trees
Polyphenylenes,20,0.75,-0.15000000000000002,193.99340000000012,True,family,Mondrian-family,scaffold_9,scaffold,extra_trees
Polyureas,5,0.8,-0.09999999999999998,115.4099,False,family,Mondrian-family,scaffold_9,scaffold,extra_trees
Polysulfones,18,0.8888888888888888,-0.011111111111111183,130.2579,True,family,Mondrian-family,scaffold_9,scaffold,extra_trees
Polyanhydrides,2,1.0,0.09999999999999998,115.4099,False,family,Mondrian-family,scaffold_9,scaffold,extra_trees
Polyimines,1,1.0,0.09999999999999998,115.40990000000001,False,family,Mondrian-family,scaffold_9,scaffold,extra_trees
0,520,0.4423076923076923,-0.45769230769230773,141.49003732325167,True,similarity,Normalised SCP,scaffold_9,scaffold,extra_trees
3,160,0.525,-0.375,100.54098063336883,True,similarity,Normalised SCP,scaffold_9,scaffold,extra_trees
1,350,0.54,-0.36,124.84770377395927,True,similarity,Normalised SCP,scaffold_9,scaffold,extra_trees
2,258,0.6046511627906976,-0.2953488372093024,115.29580327378586,True,similarity,Normalised SCP,scaffold_9,scaffold,extra_trees
4,65,0.8461538461538461,-0.05384615384615388,119.93984240318007,True,similarity,Normalised SCP,scaffold_9,scaffold,extra_trees
5,84,0.9523809523809523,0.052380952380952306,112.42944170836273,True,similarity,Normalised SCP,scaffold_9,scaffold,extra_trees
Polyphosphazenes,49,0.20408163265306123,-0.6959183673469388,132.5429235709039,True,family,Normalised SCP,scaffold_9,scaffold,extra_trees
Polydienes,36,0.2222222222222222,-0.6777777777777778,145.6975052447972,True,family,Normalised SCP,scaffold_9,scaffold,extra_trees
Other backbone,25,0.28,-0.62,140.6294534138641,True,family,Normalised SCP,scaffold_9,scaffold,extra_trees
Polysulfides,16,0.3125,-0.5875,139.81291944409318,True,family,Normalised SCP,scaffold_9,scaffold,extra_trees
Polysiloxanes,65,0.36923076923076925,-0.5307692307692308,133.84405150770644,True,family,Normalised SCP,scaffold_9,scaffold,extra_trees
Polyhalo-olefins,45,0.4,-0.5,165.46024362756395,True,family,Normalised SCP,scaffold_9,scaffold,extra_trees
Polyesters,157,0.40764331210191085,-0.4923566878980892,113.89466435310324,True,family,Normalised SCP,scaffold_9,scaffold,extra_trees
Polyolefins,56,0.42857142857142855,-0.4714285714285715,138.55998474396705,True,family,Normalised SCP,scaffold_9,scaffold,extra_trees
Polyurethanes,50,0.48,-0.42000000000000004,96.29788431669718,True,family,Normalised SCP,scaffold_9,scaffold,extra_trees
Polyamides,167,0.49700598802395207,-0.40299401197604795,100.09143936762763,True,family,Normalised SCP,scaffold_9,scaffold,extra_trees
Polyethers,135,0.5185185185185185,-0.38148148148148153,123.40557663700994,True,family,Normalised SCP,scaffold_9,scaffold,extra_trees
Polyvinyls,85,0.5647058823529412,-0.33529411764705885,133.28788371147326,True,family,Normalised SCP,scaffold_9,scaffold,extra_trees
Polycarbonates,23,0.5652173913043478,-0.33478260869565224,133.16138065665055,True,family,Normalised SCP,scaffold_9,scaffold,extra_trees
Polyacrylics,237,0.6877637130801688,-0.2122362869198312,132.36317622508378,True,family,Normalised SCP,scaffold_9,scaffold,extra_trees
Polyphenylenes,20,0.7,-0.20000000000000007,125.83978699873599,True,family,Normalised SCP,scaffold_9,scaffold,extra_trees
Polyimides,240,0.7958333333333333,-0.10416666666666674,126.77310184281436,True,family,Normalised SCP,scaffold_9,scaffold,extra_trees
Polyureas,5,0.8,-0.09999999999999998,80.82997152997547,False,family,Normalised SCP,scaffold_9,scaffold,extra_trees
Polystyrenes,5,0.8,-0.09999999999999998,190.91636860210048,False,family,Normalised SCP,scaffold_9,scaffold,extra_trees
Polysulfones,18,0.9444444444444444,0.0444444444444444,137.08948964759213,True,family,Normalised SCP,scaffold_9,scaffold,extra_trees
Polyanhydrides,2,1.0,0.09999999999999998,125.56067647954893,False,family,Normalised SCP,scaffold_9,scaffold,extra_trees
Polyimines,1,1.0,0.09999999999999998,93.72436240744473,False,family,Normalised SCP,scaffold_9,scaffold,extra_trees
