coverage,target_coverage,coverage_error,mean_width,median_width,frac_infinite_width,split,regime,arm,group,model,conformal,cwc,fallback_fraction,sim_worst_coverage,sim_max_coverage_gap,sim_mean_abs_coverage_error,sim_n_groups,fam_worst_coverage,fam_max_coverage_gap,fam_mean_abs_coverage_error,fam_n_groups
0.7931034482758621,0.9,-0.10689655172413792,366.0,366.0,0.0,family_Other backbone,family,,Other backbone,median,SCP,9041.043563152105,0.0,0.6875,0.21250000000000002,0.15302419354838714,2,0.7931034482758621,0.10689655172413792,0.10689655172413792,1
0.896551724137931,0.9,-0.0034482758620689724,389.9655172413793,410.0,0.0,family_Other backbone,family,,Other backbone,median,Mondrian-similarity,432.4672468799378,0.0,0.875,0.025000000000000022,0.03024193548387094,2,0.896551724137931,0.0034482758620689724,0.0034482758620689724,1
0.7931034482758621,0.9,-0.10689655172413792,366.0,366.0,0.0,family_Other backbone,family,,Other backbone,median,Mondrian-family,9041.043563152105,1.0,0.6875,0.21250000000000002,0.15302419354838714,2,0.7931034482758621,0.10689655172413792,0.10689655172413792,1
0.5344827586206896,0.9,-0.3655172413793104,311.59365885152135,243.43831122332364,0.0,family_Other backbone,family,,Other backbone,median,Normalised SCP,18024044.04693685,0.0,0.5483870967741935,0.3516129032258065,0.34455645161290327,2,0.5344827586206896,0.3655172413793104,0.3655172413793104,1
0.7586206896551724,0.9,-0.14137931034482765,134.34149584201748,134.3414958420175,0.0,family_Other backbone,family,,Other backbone,svr,SCP,9337.224691870157,0.0,0.5806451612903226,0.3193548387096774,0.1784274193548387,2,0.7586206896551724,0.14137931034482765,0.14137931034482765,1
0.9827586206896551,0.9,0.08275862068965512,266.01725308917514,319.9931729284648,0.0,family_Other backbone,family,,Other backbone,svr,Mondrian-similarity,266.01725308917514,0.0,0.967741935483871,-0.06774193548387097,0.08387096774193548,2,0.9827586206896551,-0.08275862068965512,0.08275862068965512,1
0.7586206896551724,0.9,-0.14137931034482765,134.34149584201748,134.3414958420175,0.0,family_Other backbone,family,,Other backbone,svr,Mondrian-family,9337.224691870157,1.0,0.5806451612903226,0.3193548387096774,0.1784274193548387,2,0.7586206896551724,0.14137931034482765,0.14137931034482765,1
0.9827586206896551,0.9,0.08275862068965512,253.6455367630825,241.60311657352793,0.0,family_Other backbone,family,,Other backbone,svr,Normalised SCP,253.6455367630825,0.0,0.967741935483871,-0.06774193548387097,0.08387096774193548,2,0.9827586206896551,-0.08275862068965512,0.08275862068965512,1
0.7241379310344828,0.9,-0.17586206896551726,132.05199999999994,132.05199999999994,0.0,family_Other backbone,family,,Other backbone,random_forest,SCP,25823.95564221531,0.0,0.6129032258064516,0.2870967741935484,0.1872983870967742,2,0.7241379310344828,0.17586206896551726,0.17586206896551726,1
0.9310344827586207,0.9,0.03103448275862064,245.00767724137938,279.09992,0.0,family_Other backbone,family,,Other backbone,random_forest,Mondrian-similarity,245.00767724137938,0.0,0.9032258064516129,-0.003225806451612856,0.05161290322580642,2,0.9310344827586207,-0.03103448275862064,0.03103448275862064,1
0.7241379310344828,0.9,-0.17586206896551726,132.05199999999994,132.05199999999994,0.0,family_Other backbone,family,,Other backbone,random_forest,Mondrian-family,25823.95564221531,1.0,0.6129032258064516,0.2870967741935484,0.1872983870967742,2,0.7241379310344828,0.17586206896551726,0.17586206896551726,1
0.896551724137931,0.9,-0.0034482758620689724,221.67759754674918,204.9209615277814,0.0,family_Other backbone,family,,Other backbone,random_forest,Normalised SCP,245.83789096065462,0.0,0.9032258064516129,-0.003225806451612856,0.020362903225806417,2,0.896551724137931,0.0034482758620689724,0.0034482758620689724,1
0.7241379310344828,0.9,-0.17586206896551726,122.4425541848827,122.44255418488268,0.0,family_Other backbone,family,,Other backbone,hist_gbr,SCP,23944.742131811385,0.0,0.5806451612903226,0.3193548387096774,0.1721774193548387,2,0.7241379310344828,0.17586206896551726,0.17586206896551726,1
0.9655172413793104,0.9,0.06551724137931036,251.85762148591274,318.35252022580767,0.0,family_Other backbone,family,,Other backbone,hist_gbr,Mondrian-similarity,251.85762148591274,0.0,0.9375,-0.03749999999999998,0.052620967741935476,2,0.9655172413793104,-0.06551724137931036,0.06551724137931036,1
0.7241379310344828,0.9,-0.17586206896551726,122.4425541848827,122.44255418488268,0.0,family_Other backbone,family,,Other backbone,hist_gbr,Mondrian-family,23944.742131811385,1.0,0.5806451612903226,0.3193548387096774,0.1721774193548387,2,0.7241379310344828,0.17586206896551726,0.17586206896551726,1
0.8448275862068966,0.9,-0.05517241379310345,201.54990907546556,193.48447368211538,0.0,family_Other backbone,family,,Other backbone,hist_gbr,Normalised SCP,1054.90864762247,0.0,0.7741935483870968,0.12580645161290327,0.08165322580645162,2,0.8448275862068966,0.05517241379310345,0.05517241379310345,1
0.603448275862069,0.9,-0.29655172413793107,122.79559999999996,122.79559999999998,0.0,family_Other backbone,family,,Other backbone,extra_trees,SCP,897234.8362265581,0.0,0.3870967741935484,0.5129032258064516,0.30020161290322583,2,0.603448275862069,0.29655172413793107,0.29655172413793107,1
0.9482758620689655,0.9,0.0482758620689655,239.52492999999996,278.9619999999999,0.0,family_Other backbone,family,,Other backbone,extra_trees,Mondrian-similarity,239.52492999999996,0.0,0.9354838709677419,-0.03548387096774186,0.06774193548387092,2,0.9482758620689655,-0.0482758620689655,0.0482758620689655,1
0.603448275862069,0.9,-0.29655172413793107,122.79559999999996,122.79559999999998,0.0,family_Other backbone,family,,Other backbone,extra_trees,Mondrian-family,897234.8362265581,1.0,0.3870967741935484,0.5129032258064516,0.30020161290322583,2,0.603448275862069,0.29655172413793107,0.29655172413793107,1
0.8793103448275862,0.9,-0.020689655172413834,208.24051343889522,207.94510811617926,0.0,family_Other backbone,family,,Other backbone,extra_trees,Normalised SCP,387.3711903247008,0.0,0.8387096774193549,0.06129032258064515,0.049395161290322565,2,0.8793103448275862,0.020689655172413834,0.020689655172413834,1
0.9364599092284418,0.9,0.03645990922844178,366.0,366.0,0.0,family_Polyacrylics,family,,Polyacrylics,median,SCP,366.0,0.0,0.9223880597014925,-0.02238805970149249,0.05184701492537311,4,0.9364599092284418,-0.03645990922844178,0.03645990922844178,1
0.9863842662632375,0.9,0.08638426626323747,423.17397881996976,436.0,0.0,family_Polyacrylics,family,,Polyacrylics,median,Mondrian-similarity,423.17397881996976,0.0,0.97,-0.06999999999999995,0.0870149253731343,4,0.9863842662632375,-0.08638426626323747,0.08638426626323747,1
0.9364599092284418,0.9,0.03645990922844178,366.0,366.0,0.0,family_Polyacrylics,family,,Polyacrylics,median,Mondrian-family,366.0,1.0,0.9223880597014925,-0.02238805970149249,0.05184701492537311,4,0.9364599092284418,-0.03645990922844178,0.03645990922844178,1
0.8426626323751891,0.9,-0.0573373676248109,318.1763122628234,246.68750253362498,0.0,family_Polyacrylics,family,,Polyacrylics,median,Normalised SCP,1777.0797372045174,0.0,0.72,0.18000000000000005,0.09111940298507465,4,0.8426626323751891,0.0573373676248109,0.0573373676248109,1
0.8623298033282905,0.9,-0.037670196671709566,135.45305141023096,135.45305141023093,0.0,family_Polyacrylics,family,,Polyacrylics,svr,SCP,419.3605270516187,0.0,0.8298507462686567,0.07014925373134329,0.04753731343283582,4,0.8623298033282905,0.037670196671709566,0.037670196671709566,1
0.983358547655068,0.9,0.083358547655068,262.287762842148,299.2866725052221,0.0,family_Polyacrylics,family,,Polyacrylics,svr,Mondrian-similarity,262.287762842148,0.0,0.94,-0.039999999999999925,0.08026119402985071,4,0.983358547655068,-0.083358547655068,0.083358547655068,1
0.8623298033282905,0.9,-0.037670196671709566,135.45305141023096,135.45305141023093,0.0,family_Polyacrylics,family,,Polyacrylics,svr,Mondrian-family,419.3605270516187,1.0,0.8298507462686567,0.07014925373134329,0.04753731343283582,4,0.8623298033282905,0.037670196671709566,0.037670196671709566,1
0.8093797276853253,0.9,-0.09062027231467473,121.73373566613469,115.61382530807239,0.0,family_Polyacrylics,family,,Polyacrylics,svr,Normalised SCP,1845.3870810955245,0.0,0.7701492537313432,0.12985074626865678,0.08246268656716418,4,0.8093797276853253,0.09062027231467473,0.09062027231467473,1
0.81089258698941,0.9,-0.08910741301059,125.97215999999987,125.97215999999992,0.0,family_Polyacrylics,family,,Polyacrylics,random_forest,SCP,1824.9052018481498,0.0,0.7432835820895523,0.15671641791044777,0.07542910447761195,4,0.81089258698941,0.08910741301059,0.08910741301059,1
0.9652042360060514,0.9,0.06520423600605141,235.67754190620272,262.65199999999993,0.0,family_Polyacrylics,family,,Polyacrylics,random_forest,Mondrian-similarity,235.67754190620272,0.0,0.92,-0.020000000000000018,0.06679104477611938,4,0.9652042360060514,-0.06520423600605141,0.06520423600605141,1
0.81089258698941,0.9,-0.08910741301059,125.97215999999987,125.97215999999992,0.0,family_Polyacrylics,family,,Polyacrylics,random_forest,Mondrian-family,1824.9052018481498,1.0,0.7432835820895523,0.15671641791044777,0.07542910447761195,4,0.81089258698941,0.08910741301059,0.08910741301059,1
0.7957639939485628,0.9,-0.10423600605143724,118.50065400233163,121.92380722529273,0.0,family_Polyacrylics,family,,Polyacrylics,random_forest,Normalised SCP,2702.6786724962535,0.0,0.7522388059701492,0.14776119402985077,0.09444029850746269,4,0.7957639939485628,0.10423600605143724,0.10423600605143724,1
0.8214826021180031,0.9,-0.07851739788199696,116.09160039520097,116.09160039520097,0.0,family_Polyacrylics,family,,Polyacrylics,hist_gbr,SCP,1224.026942319913,0.0,0.7701492537313432,0.12985074626865678,0.0712126865671642,4,0.8214826021180031,0.07851739788199696,0.07851739788199696,1
0.9667170953101362,0.9,0.06671709531013614,235.25541295183945,279.00845702129607,0.0,family_Polyacrylics,family,,Polyacrylics,hist_gbr,Mondrian-similarity,235.25541295183945,0.0,0.94,-0.039999999999999925,0.07003731343283578,4,0.9667170953101362,-0.06671709531013614,0.06671709531013614,1
0.8214826021180031,0.9,-0.07851739788199696,116.09160039520097,116.09160039520097,0.0,family_Polyacrylics,family,,Polyacrylics,hist_gbr,Mondrian-family,1224.026942319913,1.0,0.7701492537313432,0.12985074626865678,0.0712126865671642,4,0.8214826021180031,0.07851739788199696,0.07851739788199696,1
0.7866868381240545,0.9,-0.11331316187594553,107.58723920812895,106.9680757887121,0.0,family_Polyacrylics,family,,Polyacrylics,hist_gbr,Normalised SCP,3221.804554627354,0.0,0.7611940298507462,0.13880597014925378,0.08095149253731346,4,0.7866868381240545,0.11331316187594553,0.11331316187594553,1
0.7760968229954615,0.9,-0.12390317700453857,116.35240000000047,116.3524000000005,0.0,family_Polyacrylics,family,,Polyacrylics,extra_trees,SCP,4787.285494166103,0.0,0.7044776119402985,0.19552238805970157,0.10513059701492541,4,0.7760968229954615,0.12390317700453857,0.12390317700453857,1
0.9682299546142209,0.9,0.06822995461422088,242.80007301059,273.21219999999994,0.0,family_Polyacrylics,family,,Polyacrylics,extra_trees,Mondrian-similarity,242.80007301059,0.0,0.93,-0.030000000000000027,0.07003731343283581,4,0.9682299546142209,-0.06822995461422088,0.06822995461422088,1
0.7760968229954615,0.9,-0.12390317700453857,116.35240000000047,116.3524000000005,0.0,family_Polyacrylics,family,,Polyacrylics,extra_trees,Mondrian-family,4787.285494166103,1.0,0.7044776119402985,0.19552238805970157,0.10513059701492541,4,0.7760968229954615,0.12390317700453857,0.12390317700453857,1
0.7473524962178517,0.9,-0.1526475037821483,111.39165662981179,112.46585463207845,0.0,family_Polyacrylics,family,,Polyacrylics,extra_trees,Normalised SCP,10856.047126378098,0.0,0.7044776119402985,0.19552238805970157,0.13513059701492539,4,0.7473524962178517,0.1526475037821483,0.1526475037821483,1
0.964964964964965,0.9,0.06496496496496496,378.0,378.0,0.0,family_Polyamides,family,,Polyamides,median,SCP,378.0,0.0,0.9391634980988594,-0.03916349809885933,0.07389373011102289,6,0.964964964964965,-0.06496496496496496,0.06496496496496496,1
0.9519519519519519,0.9,0.0519519519519519,355.87987987987987,370.0,0.0,family_Polyamides,family,,Polyamides,median,Mondrian-similarity,355.87987987987987,0.0,0.9130434782608695,-0.01304347826086949,0.06401185493116456,6,0.9519519519519519,-0.0519519519519519,0.0519519519519519,1
0.964964964964965,0.9,0.06496496496496496,378.0,378.0,0.0,family_Polyamides,family,,Polyamides,median,Mondrian-family,378.0,1.0,0.9391634980988594,-0.03916349809885933,0.07389373011102289,6,0.964964964964965,-0.06496496496496496,0.06496496496496496,1
0.7467467467467468,0.9,-0.15325325325325323,250.7403912136602,219.93134863529554,0.0,family_Polyamides,family,,Polyamides,median,Normalised SCP,24884.88085657763,0.0,0.6121673003802282,0.28783269961977187,0.12316467839829737,6,0.7467467467467468,0.15325325325325323,0.15325325325325323,1
0.8338338338338338,0.9,-0.06616616616616622,138.6681483447103,138.6681483447103,0.0,family_Polyamides,family,,Polyamides,svr,SCP,1009.3568670319363,0.0,0.6908212560386473,0.20917874396135272,0.07697213078506794,6,0.8338338338338338,0.06616616616616622,0.06616616616616622,1
0.9209209209209209,0.9,0.020920920920920905,181.78198801109036,175.67388125281283,0.0,family_Polyamides,family,,Polyamides,svr,Mondrian-similarity,181.78198801109036,0.0,0.8260869565217391,0.07391304347826089,0.045921631126024466,6,0.9209209209209209,-0.020920920920920905,0.020920920920920905,1
0.8338338338338338,0.9,-0.06616616616616622,138.6681483447103,138.6681483447103,0.0,family_Polyamides,family,,Polyamides,svr,Mondrian-family,1009.3568670319363,1.0,0.6908212560386473,0.20917874396135272,0.07697213078506794,6,0.8338338338338338,0.06616616616616622,0.06616616616616622,1
0.7677677677677678,0.9,-0.13223223223223224,118.01329721942895,114.08448094152988,0.0,family_Polyamides,family,,Polyamides,svr,Normalised SCP,6233.942728858824,0.0,0.6473429951690821,0.2526570048309179,0.11410107064456104,6,0.7677677677677678,0.13223223223223224,0.13223223223223224,1
0.7107107107107107,0.9,-0.18928928928928934,122.27844000000003,122.27843999999999,0.0,family_Polyamides,family,,Polyamides,random_forest,SCP,35774.09896752159,0.0,0.5555555555555556,0.34444444444444444,0.1646871915861611,6,0.7107107107107107,0.18928928928928934,0.18928928928928934,1
0.8408408408408409,0.9,-0.05915915915915915,167.82445041041044,156.17338,0.0,family_Polyamides,family,,Polyamides,random_forest,Mondrian-similarity,989.9884434883344,0.0,0.7246376811594203,0.17536231884057973,0.08208137224315282,6,0.8408408408408409,0.05915915915915915,0.05915915915915915,1
0.7107107107107107,0.9,-0.18928928928928934,122.27844000000003,122.27843999999999,0.0,family_Polyamides,family,,Polyamides,random_forest,Mondrian-family,35774.09896752159,1.0,0.5555555555555556,0.34444444444444444,0.1646871915861611,6,0.7107107107107107,0.18928928928928934,0.18928928928928934,1
0.6616616616616616,0.9,-0.2383383383383384,106.28242872787516,97.13607837391626,0.0,family_Polyamides,family,,Polyamides,random_forest,Normalised SCP,135435.4094929313,0.0,0.5603864734299517,0.3396135265700483,0.18589752416874883,6,0.6616616616616616,0.2383383383383384,0.2383383383383384,1
0.6826826826826827,0.9,-0.2173173173173173,115.2578615442778,115.25786154427777,0.0,family_Polyamides,family,,Polyamides,hist_gbr,SCP,78173.9235149418,0.0,0.5024154589371981,0.39758454106280194,0.18124485423264056,6,0.6826826826826827,0.2173173173173173,0.2173173173173173,1
0.8438438438438438,0.9,-0.05615615615615621,163.67825299003943,160.00981717652803,0.0,family_Polyamides,family,,Polyamides,hist_gbr,Mondrian-similarity,882.3486860195105,0.0,0.6618357487922706,0.23816425120772944,0.08093753946517095,6,0.8438438438438438,0.05615615615615621,0.05615615615615621,1
0.6826826826826827,0.9,-0.2173173173173173,115.2578615442778,115.25786154427777,0.0,family_Polyamides,family,,Polyamides,hist_gbr,Mondrian-family,78173.9235149418,1.0,0.5024154589371981,0.39758454106280194,0.18124485423264056,6,0.6826826826826827,0.2173173173173173,0.2173173173173173,1
0.6396396396396397,0.9,-0.26036036036036037,102.46465336111555,96.21074996500636,0.0,family_Polyamides,family,,Polyamides,hist_gbr,Normalised SCP,252793.62026908997,0.0,0.4492753623188406,0.45072463768115945,0.1940919222482754,6,0.6396396396396397,0.26036036036036037,0.26036036036036037,1
0.6466466466466466,0.9,-0.2533533533533534,116.38955999999986,116.3895599999999,0.0,family_Polyamides,family,,Polyamides,extra_trees,SCP,232708.86414545024,0.0,0.5024154589371981,0.39758454106280194,0.19678123954571122,6,0.6466466466466466,0.2533533533533534,0.2533533533533534,1
0.7887887887887888,0.9,-0.11121121121121125,164.63153125125118,171.71201999999997,0.0,family_Polyamides,family,,Polyamides,extra_trees,Mondrian-similarity,4628.768685806039,0.0,0.6135265700483091,0.2864734299516909,0.1123604413581439,6,0.7887887887887888,0.11121121121121125,0.11121121121121125,1
0.6466466466466466,0.9,-0.2533533533533534,116.38955999999986,116.3895599999999,0.0,family_Polyamides,family,,Polyamides,extra_trees,Mondrian-family,232708.86414545024,1.0,0.5024154589371981,0.39758454106280194,0.19678123954571122,6,0.6466466466466466,0.2533533533533534,0.2533533533533534,1
0.5665665665665666,0.9,-0.33343343343343346,91.91305567536922,90.09801786454821,0.0,family_Polyamides,family,,Polyamides,extra_trees,Normalised SCP,2030608.5536310766,0.0,0.48792270531400966,0.41207729468599036,0.27466395492280743,6,0.5665665665665666,0.33343343343343346,0.33343343343343346,1
1.0,0.9,0.09999999999999998,366.0,366.0,0.0,family_Polyanhydrides,family,,Polyanhydrides,median,SCP,366.0,0.0,1.0,-0.09999999999999998,0.09999999999999998,2,1.0,-0.09999999999999998,0.09999999999999998,1
1.0,0.9,0.09999999999999998,361.08679245283014,354.0,0.0,family_Polyanhydrides,family,,Polyanhydrides,median,Mondrian-similarity,361.08679245283014,0.0,1.0,-0.09999999999999998,0.09999999999999998,2,1.0,-0.09999999999999998,0.09999999999999998,1
1.0,0.9,0.09999999999999998,366.0,366.0,0.0,family_Polyanhydrides,family,,Polyanhydrides,median,Mondrian-family,366.0,1.0,1.0,-0.09999999999999998,0.09999999999999998,2,1.0,-0.09999999999999998,0.09999999999999998,1
0.8867924528301887,0.9,-0.013207547169811318,209.89603391778797,205.90808202533628,0.0,family_Polyanhydrides,family,,Polyanhydrides,median,Normalised SCP,311.9486985729498,0.0,0.875,0.025000000000000022,0.018055555555555602,2,0.8867924528301887,0.013207547169811318,0.013207547169811318,1
0.660377358490566,0.9,-0.23962264150943402,131.63115119535016,131.63115119535018,0.0,family_Polyanhydrides,family,,Polyanhydrides,svr,SCP,174326.0974288752,0.0,0.2222222222222222,0.6777777777777778,0.3513888888888889,2,0.660377358490566,0.23962264150943402,0.23962264150943402,1
0.9245283018867925,0.9,0.024528301886792447,218.56083306690502,211.2115778357106,0.0,family_Polyanhydrides,family,,Polyanhydrides,svr,Mondrian-similarity,218.56083306690502,0.0,0.8333333333333334,0.06666666666666665,0.052083333333333315,2,0.9245283018867925,-0.024528301886792447,0.024528301886792447,1
0.660377358490566,0.9,-0.23962264150943402,131.63115119535016,131.63115119535018,0.0,family_Polyanhydrides,family,,Polyanhydrides,svr,Mondrian-family,174326.0974288752,1.0,0.2222222222222222,0.6777777777777778,0.3513888888888889,2,0.660377358490566,0.23962264150943402,0.23962264150943402,1
0.6981132075471698,0.9,-0.20188679245283025,139.45924378018094,135.5518422348071,0.0,family_Polyanhydrides,family,,Polyanhydrides,svr,Normalised SCP,59538.364953301,0.0,0.5555555555555556,0.34444444444444444,0.21597222222222223,2,0.6981132075471698,0.20188679245283025,0.20188679245283025,1
0.7735849056603774,0.9,-0.1264150943396226,133.59040000000016,133.59040000000016,0.0,family_Polyanhydrides,family,,Polyanhydrides,random_forest,SCP,5926.749711833549,0.0,0.6111111111111112,0.28888888888888886,0.16319444444444442,2,0.7735849056603774,0.1264150943396226,0.1264150943396226,1
0.9433962264150944,0.9,0.04339622641509433,190.71106830188674,164.45956,0.0,family_Polyanhydrides,family,,Polyanhydrides,random_forest,Mondrian-similarity,190.71106830188674,0.0,0.8888888888888888,0.011111111111111183,0.05555555555555558,2,0.9433962264150944,-0.04339622641509433,0.04339622641509433,1
0.7735849056603774,0.9,-0.1264150943396226,133.59040000000016,133.59040000000016,0.0,family_Polyanhydrides,family,,Polyanhydrides,random_forest,Mondrian-family,5926.749711833549,1.0,0.6111111111111112,0.28888888888888886,0.16319444444444442,2,0.7735849056603774,0.1264150943396226,0.1264150943396226,1
0.7547169811320755,0.9,-0.1452830188679245,145.7059761265633,152.12772644487148,0.0,family_Polyanhydrides,family,,Polyanhydrides,random_forest,Normalised SCP,11385.333773864508,0.0,0.7222222222222222,0.1777777777777778,0.13263888888888892,2,0.7547169811320755,0.1452830188679245,0.1452830188679245,1
0.7169811320754716,0.9,-0.18301886792452837,117.12158393676988,117.12158393676992,0.0,family_Polyanhydrides,family,,Polyanhydrides,hist_gbr,SCP,28389.612832330804,0.0,0.4444444444444444,0.4555555555555556,0.2465277777777778,2,0.7169811320754716,0.18301886792452837,0.18301886792452837,1
0.8867924528301887,0.9,-0.013207547169811318,175.01032586542215,150.5197589434983,0.0,family_Polyanhydrides,family,,Polyanhydrides,hist_gbr,Mondrian-similarity,260.1013576651465,0.0,0.8333333333333334,0.06666666666666665,0.052083333333333315,2,0.8867924528301887,0.013207547169811318,0.013207547169811318,1
0.7169811320754716,0.9,-0.18301886792452837,117.12158393676988,117.12158393676992,0.0,family_Polyanhydrides,family,,Polyanhydrides,hist_gbr,Mondrian-family,28389.612832330804,1.0,0.4444444444444444,0.4555555555555556,0.2465277777777778,2,0.7169811320754716,0.18301886792452837,0.18301886792452837,1
0.7547169811320755,0.9,-0.1452830188679245,127.13306083162647,127.5099730270801,0.0,family_Polyanhydrides,family,,Polyanhydrides,hist_gbr,Normalised SCP,9934.062896663894,0.0,0.6111111111111112,0.28888888888888886,0.15694444444444444,2,0.7547169811320755,0.1452830188679245,0.1452830188679245,1
0.8113207547169812,0.9,-0.08867924528301885,121.98027999999994,121.98027999999994,0.0,family_Polyanhydrides,family,,Polyanhydrides,extra_trees,SCP,1744.5235337911517,0.0,0.5,0.4,0.25,2,0.8113207547169812,0.08867924528301885,0.08867924528301885,1
0.8867924528301887,0.9,-0.013207547169811318,169.11277811320758,149.57884,0.0,family_Polyanhydrides,family,,Polyanhydrides,extra_trees,Mondrian-similarity,251.3363881145749,0.0,0.7222222222222222,0.1777777777777778,0.1388888888888889,2,0.8867924528301887,0.013207547169811318,0.013207547169811318,1
0.8113207547169812,0.9,-0.08867924528301885,121.98027999999994,121.98027999999994,0.0,family_Polyanhydrides,family,,Polyanhydrides,extra_trees,Mondrian-family,1744.5235337911517,1.0,0.5,0.4,0.25,2,0.8113207547169812,0.08867924528301885,0.08867924528301885,1
0.8490566037735849,0.9,-0.05094339622641508,140.73842724004373,141.98890802486972,0.0,family_Polyanhydrides,family,,Polyanhydrides,extra_trees,Normalised SCP,648.852182185485,0.0,0.7222222222222222,0.1777777777777778,0.1076388888888889,2,0.8490566037735849,0.05094339622641508,0.05094339622641508,1
0.9894179894179894,0.9,0.0894179894179894,369.0,369.0,0.0,family_Polycarbonates,family,,Polycarbonates,median,SCP,369.0,0.0,0.96,-0.05999999999999994,0.0882264150943396,5,0.9894179894179894,-0.0894179894179894,0.0894179894179894,1
0.9788359788359788,0.9,0.07883597883597881,365.09735449735444,362.0,0.0,family_Polycarbonates,family,,Polycarbonates,median,Mondrian-similarity,365.09735449735444,0.0,0.96,-0.05999999999999994,0.07980166739798153,5,0.9788359788359788,-0.07883597883597881,0.07883597883597881,1
0.9894179894179894,0.9,0.0894179894179894,369.0,369.0,0.0,family_Polycarbonates,family,,Polycarbonates,median,Mondrian-family,369.0,1.0,0.96,-0.05999999999999994,0.0882264150943396,5,0.9894179894179894,-0.0894179894179894,0.0894179894179894,1
0.8571428571428571,0.9,-0.04285714285714293,249.78313017057565,217.02482677262094,0.0,family_Polycarbonates,family,,Polycarbonates,median,Normalised SCP,903.5282237467081,0.0,0.5909090909090909,0.3090909090909091,0.10519510151980534,5,0.8571428571428571,0.04285714285714293,0.04285714285714293,1
0.9153439153439153,0.9,0.015343915343915326,145.570973878499,145.570973878499,0.0,family_Polycarbonates,family,,Polycarbonates,svr,SCP,145.570973878499,0.0,0.6363636363636364,0.26363636363636367,0.08918010291595198,5,0.9153439153439153,-0.015343915343915326,0.015343915343915326,1
0.9576719576719577,0.9,0.05767195767195765,192.20045695832016,189.63978028885117,0.0,family_Polycarbonates,family,,Polycarbonates,svr,Mondrian-similarity,192.20045695832016,0.0,0.92,-0.020000000000000018,0.06113550600343052,5,0.9576719576719577,-0.05767195767195765,0.05767195767195765,1
0.9153439153439153,0.9,0.015343915343915326,145.570973878499,145.570973878499,0.0,family_Polycarbonates,family,,Polycarbonates,svr,Mondrian-family,145.570973878499,1.0,0.6363636363636364,0.26363636363636367,0.08918010291595198,5,0.9153439153439153,-0.015343915343915326,0.015343915343915326,1
0.9312169312169312,0.9,0.031216931216931143,145.05711090401863,148.3721784916068,0.0,family_Polycarbonates,family,,Polycarbonates,svr,Normalised SCP,145.05711090401863,0.0,0.7272727272727273,0.17272727272727273,0.0759982847341338,5,0.9312169312169312,-0.031216931216931143,0.031216931216931143,1
0.8306878306878307,0.9,-0.06931216931216932,134.35607999999993,134.3560799999999,0.0,family_Polycarbonates,family,,Polycarbonates,random_forest,SCP,1074.766457726936,0.0,0.6363636363636364,0.26363636363636367,0.10753771590410466,5,0.8306878306878307,0.06931216931216932,0.06931216931216932,1
0.9047619047619048,0.9,0.004761904761904745,169.8976403174603,154.3992399999999,0.0,family_Polycarbonates,family,,Polycarbonates,random_forest,Mondrian-similarity,169.8976403174603,0.0,0.775,0.125,0.058195101519805316,5,0.9047619047619048,-0.004761904761904745,0.004761904761904745,1
0.8306878306878307,0.9,-0.06931216931216932,134.35607999999993,134.3560799999999,0.0,family_Polycarbonates,family,,Polycarbonates,random_forest,Mondrian-family,1074.766457726936,1.0,0.6363636363636364,0.26363636363636367,0.10753771590410466,5,0.8306878306878307,0.06931216931216932,0.06931216931216932,1
0.8465608465608465,0.9,-0.05343915343915351,157.1675253947514,144.70507706012688,0.0,family_Polycarbonates,family,,Polycarbonates,random_forest,Normalised SCP,780.9310645870554,0.0,0.6818181818181818,0.21818181818181825,0.10205365192069889,5,0.8465608465608465,0.05343915343915351,0.05343915343915351,1
0.873015873015873,0.9,-0.026984126984127,125.93988546012095,125.93988546012099,0.0,family_Polycarbonates,family,,Polycarbonates,hist_gbr,SCP,282.966496328831,0.0,0.6818181818181818,0.21818181818181825,0.07932438469823289,5,0.873015873015873,0.026984126984127,0.026984126984127,1
0.9312169312169312,0.9,0.031216931216931143,167.22859182437645,160.0009886884572,0.0,family_Polycarbonates,family,,Polycarbonates,hist_gbr,Mondrian-similarity,167.22859182437645,0.0,0.85,0.050000000000000044,0.06071075830707247,5,0.9312169312169312,-0.031216931216931143,0.031216931216931143,1
0.873015873015873,0.9,-0.026984126984127,125.93988546012095,125.93988546012099,0.0,family_Polycarbonates,family,,Polycarbonates,hist_gbr,Mondrian-family,282.966496328831,1.0,0.6818181818181818,0.21818181818181825,0.07932438469823289,5,0.873015873015873,0.026984126984127,0.026984126984127,1
0.8835978835978836,0.9,-0.016402116402116418,132.5030243001036,127.49351270831684,0.0,family_Polycarbonates,family,,Polycarbonates,hist_gbr,Normalised SCP,216.73360271873665,0.0,0.7272727272727273,0.17272727272727273,0.07488463839802147,5,0.8835978835978836,0.016402116402116418,0.016402116402116418,1
0.8412698412698413,0.9,-0.058730158730158744,127.15064000000007,127.15064000000007,0.0,family_Polycarbonates,family,,Polycarbonates,extra_trees,SCP,740.4642002654615,0.0,0.6363636363636364,0.26363636363636367,0.09953990984881729,5,0.8412698412698413,0.058730158730158744,0.058730158730158744,1
0.9047619047619048,0.9,0.004761904761904745,162.1313714285714,152.80039999999985,0.0,family_Polycarbonates,family,,Polycarbonates,extra_trees,Mondrian-similarity,162.1313714285714,0.0,0.775,0.125,0.05019510151980533,5,0.9047619047619048,-0.004761904761904745,0.004761904761904745,1
0.8412698412698413,0.9,-0.058730158730158744,127.15064000000007,127.15064000000007,0.0,family_Polycarbonates,family,,Polycarbonates,extra_trees,Mondrian-family,740.4642002654615,1.0,0.6363636363636364,0.26363636363636367,0.09953990984881729,5,0.8412698412698413,0.058730158730158744,0.058730158730158744,1
0.8306878306878307,0.9,-0.06931216931216932,154.8203203954192,145.3481637626379,0.0,family_Polycarbonates,family,,Polycarbonates,extra_trees,Normalised SCP,1238.4678634233308,0.0,0.6363636363636364,0.26363636363636367,0.11237097610594757,5,0.8306878306878307,0.06931216931216932,0.06931216931216932,1
0.8441558441558441,0.9,-0.05584415584415592,366.0,366.0,0.0,family_Polydienes,family,,Polydienes,median,SCP,1954.63354282914,0.0,0.8666666666666667,0.033333333333333326,0.03270440251572326,2,0.8441558441558441,0.05584415584415592,0.05584415584415592,1
0.8831168831168831,0.9,-0.016883116883116944,399.6623376623377,412.0,0.0,family_Polydienes,family,,Polydienes,median,Mondrian-similarity,663.2244973600289,0.0,0.8666666666666667,0.033333333333333326,0.028930817610062887,2,0.8831168831168831,0.016883116883116944,0.016883116883116944,1
0.8441558441558441,0.9,-0.05584415584415592,366.0,366.0,0.0,family_Polydienes,family,,Polydienes,median,Mondrian-family,1954.63354282914,1.0,0.8666666666666667,0.033333333333333326,0.03270440251572326,2,0.8441558441558441,0.05584415584415592,0.05584415584415592,1
0.8181818181818182,0.9,-0.08181818181818179,317.88342544553063,270.2168497268294,0.0,family_Polydienes,family,,Polydienes,median,Normalised SCP,3700.5257512382495,0.0,0.7333333333333333,0.16666666666666674,0.11823899371069185,2,0.8181818181818182,0.08181818181818179,0.08181818181818179,1
0.4935064935064935,0.9,-0.4064935064935065,134.46626684111772,134.46626684111766,0.0,family_Polydienes,family,,Polydienes,svr,SCP,26591935.68992902,0.0,0.4339622641509434,0.4660377358490566,0.41635220125786165,2,0.4935064935064935,0.4064935064935065,0.4064935064935065,1
0.7922077922077922,0.9,-0.10779220779220777,278.62206862562533,315.62706910343866,0.0,family_Polydienes,family,,Polydienes,svr,Mondrian-similarity,7070.0476920277815,0.0,0.7333333333333333,0.16666666666666674,0.14654088050314468,2,0.7922077922077922,0.10779220779220777,0.10779220779220777,1
0.4935064935064935,0.9,-0.4064935064935065,134.46626684111772,134.46626684111766,0.0,family_Polydienes,family,,Polydienes,svr,Mondrian-family,26591935.68992902,1.0,0.4339622641509434,0.4660377358490566,0.41635220125786165,2,0.4935064935064935,0.4064935064935065,0.4064935064935065,1
0.5324675324675324,0.9,-0.3675324675324676,150.9996704076747,151.81508946117074,0.0,family_Polydienes,family,,Polydienes,svr,Normalised SCP,9278882.526011286,0.0,0.4528301886792453,0.44716981132075473,0.34025157232704406,2,0.5324675324675324,0.3675324675324676,0.3675324675324676,1
0.5454545454545454,0.9,-0.3545454545454546,131.68952,131.68952000000002,0.0,family_Polydienes,family,,Polydienes,random_forest,SCP,5481068.749311274,0.0,0.4716981132075472,0.42830188679245285,0.39748427672955977,2,0.5454545454545454,0.3545454545454546,0.3545454545454546,1
0.7402597402597403,0.9,-0.15974025974025974,244.53865142857154,259.08880000000005,0.0,family_Polydienes,family,,Polydienes,random_forest,Mondrian-similarity,29483.355777866927,0.0,0.6792452830188679,0.22075471698113214,0.16037735849056606,2,0.7402597402597403,0.15974025974025974,0.15974025974025974,1
0.5454545454545454,0.9,-0.3545454545454546,131.68952,131.68952000000002,0.0,family_Polydienes,family,,Polydienes,random_forest,Mondrian-family,5481068.749311274,1.0,0.4716981132075472,0.42830188679245285,0.39748427672955977,2,0.5454545454545454,0.3545454545454546,0.3545454545454546,1
0.5454545454545454,0.9,-0.3545454545454546,137.5006704087675,133.4166078394212,0.0,family_Polydienes,family,,Polydienes,random_forest,Normalised SCP,5722935.489375654,0.0,0.4666666666666667,0.43333333333333335,0.4119496855345912,2,0.5454545454545454,0.3545454545454546,0.3545454545454546,1
0.5714285714285714,0.9,-0.3285714285714286,114.64789926367662,114.6478992636766,0.0,family_Polydienes,family,,Polydienes,hist_gbr,SCP,2189116.3850784553,0.0,0.4716981132075472,0.42830188679245285,0.3308176100628931,2,0.5714285714285714,0.3285714285714286,0.3285714285714286,1
0.7792207792207793,0.9,-0.12077922077922076,261.8214789340724,289.9620272033522,0.0,family_Polydienes,family,,Polydienes,hist_gbr,Mondrian-similarity,9808.842137339187,0.0,0.7358490566037735,0.1641509433962265,0.13207547169811323,2,0.7792207792207793,0.12077922077922076,0.12077922077922076,1
0.5714285714285714,0.9,-0.3285714285714286,114.64789926367662,114.6478992636766,0.0,family_Polydienes,family,,Polydienes,hist_gbr,Mondrian-family,2189116.3850784553,1.0,0.4716981132075472,0.42830188679245285,0.3308176100628931,2,0.5714285714285714,0.3285714285714286,0.3285714285714286,1
0.5324675324675324,0.9,-0.3675324675324676,120.29544701062318,114.21232640830189,0.0,family_Polydienes,family,,Polydienes,hist_gbr,Normalised SCP,7392117.600071633,0.0,0.4339622641509434,0.4660377358490566,0.349685534591195,2,0.5324675324675324,0.3675324675324676,0.3675324675324676,1
0.5064935064935064,0.9,-0.3935064935064936,121.93600000000002,121.93600000000004,0.0,family_Polydienes,family,,Polydienes,extra_trees,SCP,16332885.066443807,0.0,0.4528301886792453,0.44716981132075473,0.44025157232704404,2,0.5064935064935064,0.3935064935064936,0.3935064935064936,1
0.7142857142857143,0.9,-0.18571428571428572,235.614075324675,249.7107999999999,0.0,family_Polydienes,family,,Polydienes,extra_trees,Mondrian-similarity,61921.56384789611,0.0,0.6415094339622641,0.2584905660377359,0.17924528301886794,2,0.7142857142857143,0.18571428571428572,0.18571428571428572,1
0.5064935064935064,0.9,-0.3935064935064936,121.93600000000002,121.93600000000004,0.0,family_Polydienes,family,,Polydienes,extra_trees,Mondrian-family,16332885.066443807,1.0,0.4528301886792453,0.44716981132075473,0.44025157232704404,2,0.5064935064935064,0.3935064935064936,0.3935064935064936,1
0.42857142857142855,0.9,-0.4714285714285715,106.59313505786278,102.16966277666273,0.0,family_Polydienes,family,,Polydienes,extra_trees,Normalised SCP,147874759.4327672,0.0,0.3584905660377358,0.5415094339622641,0.48742138364779874,2,0.42857142857142855,0.4714285714285715,0.4714285714285715,1
0.9342969776609724,0.9,0.034296977660972394,370.0,370.0,0.0,family_Polyesters,family,,Polyesters,median,SCP,370.0,0.0,0.8333333333333334,0.06666666666666665,0.05011638834670713,5,0.9342969776609724,-0.034296977660972394,0.034296977660972394,1
0.9513797634691196,0.9,0.051379763469119544,387.245729303548,386.0,0.0,family_Polyesters,family,,Polyesters,median,Mondrian-similarity,387.245729303548,0.0,0.8333333333333334,0.06666666666666665,0.06479397093905874,5,0.9513797634691196,-0.051379763469119544,0.051379763469119544,1
0.9342969776609724,0.9,0.034296977660972394,370.0,370.0,0.0,family_Polyesters,family,,Polyesters,median,Mondrian-family,370.0,1.0,0.8333333333333334,0.06666666666666665,0.05011638834670713,5,0.9342969776609724,-0.034296977660972394,0.034296977660972394,1
0.8449408672798949,0.9,-0.0550591327201051,256.5228949864586,240.29434101750473,0.0,family_Polyesters,family,,Polyesters,median,Normalised SCP,1338.0811665438198,0.0,0.75,0.15000000000000002,0.0762621990891347,5,0.8449408672798949,0.0550591327201051,0.0550591327201051,1
0.897503285151117,0.9,-0.0024967148488830304,139.46468454307978,139.46468454307976,0.0,family_Polyesters,family,,Polyesters,svr,SCP,150.3119584221537,0.0,0.7777777777777778,0.12222222222222223,0.04673678883828525,5,0.897503285151117,0.0024967148488830304,0.0024967148488830304,1
0.961892247043364,0.9,0.061892247043363935,224.32497738513123,182.45006901720978,0.0,family_Polyesters,family,,Polyesters,svr,Mondrian-similarity,224.32497738513123,0.0,0.7916666666666666,0.10833333333333339,0.08031807995373381,5,0.961892247043364,-0.061892247043363935,0.061892247043363935,1
0.897503285151117,0.9,-0.0024967148488830304,139.46468454307978,139.46468454307976,0.0,family_Polyesters,family,,Polyesters,svr,Mondrian-family,150.3119584221537,1.0,0.7777777777777778,0.12222222222222223,0.04673678883828525,5,0.897503285151117,0.0024967148488830304,0.0024967148488830304,1
0.812089356110381,0.9,-0.087910643889619,108.54511598040487,108.23575566654898,0.0,family_Polyesters,family,,Polyesters,svr,Normalised SCP,1516.9927781579436,0.0,0.7333333333333333,0.16666666666666674,0.10548037302103667,5,0.812089356110381,0.087910643889619,0.087910643889619,1
0.8541392904073587,0.9,-0.045860709592641324,135.17942000000016,135.17942000000016,0.0,family_Polyesters,family,,Polyesters,random_forest,SCP,535.0842552081563,0.0,0.8060344827586207,0.09396551724137936,0.05520295669775177,5,0.8541392904073587,0.045860709592641324,0.045860709592641324,1
0.9632063074901446,0.9,0.06320630749014455,217.28672678055182,229.14728000000014,0.0,family_Polyesters,family,,Polyesters,random_forest,Mondrian-similarity,217.28672678055182,0.0,0.8541666666666666,0.04583333333333339,0.062178305501337384,5,0.9632063074901446,-0.06320630749014455,0.06320630749014455,1
0.8541392904073587,0.9,-0.045860709592641324,135.17942000000016,135.17942000000016,0.0,family_Polyesters,family,,Polyesters,random_forest,Mondrian-family,535.0842552081563,1.0,0.8060344827586207,0.09396551724137936,0.05520295669775177,5,0.8541392904073587,0.045860709592641324,0.045860709592641324,1
0.7503285151116952,0.9,-0.14967148488830484,109.19371359426296,107.27446605778779,0.0,family_Polyesters,family,,Polyesters,random_forest,Normalised SCP,9732.908394002152,0.0,0.6666666666666666,0.2333333333333334,0.17207818260680982,5,0.7503285151116952,0.14967148488830484,0.14967148488830484,1
0.8567674113009198,0.9,-0.0432325886990802,126.17820330229333,126.17820330229335,0.0,family_Polyesters,family,,Polyesters,hist_gbr,SCP,461.58807492846313,0.0,0.7916666666666666,0.10833333333333339,0.06389828670570377,5,0.8567674113009198,0.0432325886990802,0.0432325886990802,1
0.9434954007884363,0.9,0.04349540078843628,191.58541310539846,193.787451089937,0.0,family_Polyesters,family,,Polyesters,hist_gbr,Mondrian-similarity,191.58541310539846,0.0,0.7916666666666666,0.10833333333333339,0.06498518036579193,5,0.9434954007884363,-0.04349540078843628,0.04349540078843628,1
0.8567674113009198,0.9,-0.0432325886990802,126.17820330229333,126.17820330229335,0.0,family_Polyesters,family,,Polyesters,hist_gbr,Mondrian-family,461.58807492846313,1.0,0.7916666666666666,0.10833333333333339,0.06389828670570377,5,0.8567674113009198,0.0432325886990802,0.0432325886990802,1
0.7752956636005256,0.9,-0.12470433639947442,104.67693768275444,103.94087269844465,0.0,family_Polyesters,family,,Polyesters,hist_gbr,Normalised SCP,4411.671471608384,0.0,0.6458333333333334,0.25416666666666665,0.15230120002891637,5,0.7752956636005256,0.12470433639947442,0.12470433639947442,1
0.8396846254927727,0.9,-0.06031537450722735,123.8034599999983,123.80345999999832,0.0,family_Polyesters,family,,Polyesters,extra_trees,SCP,756.087071417699,0.0,0.75,0.15000000000000002,0.08198257789344324,5,0.8396846254927727,0.06031537450722735,0.06031537450722735,1
0.9579500657030223,0.9,0.0579500657030223,203.18335180026287,219.21200000000005,0.0,family_Polyesters,family,,Polyesters,extra_trees,Mondrian-similarity,203.18335180026287,0.0,0.75,0.15000000000000002,0.08387370780018795,5,0.9579500657030223,-0.0579500657030223,0.0579500657030223,1
0.8396846254927727,0.9,-0.06031537450722735,123.8034599999983,123.80345999999832,0.0,family_Polyesters,family,,Polyesters,extra_trees,Mondrian-family,756.087071417699,1.0,0.75,0.15000000000000002,0.08198257789344324,5,0.8396846254927727,0.06031537450722735,0.06031537450722735,1
0.7201051248357424,0.9,-0.17989487516425762,98.79762345421726,97.60076582784089,0.0,family_Polyesters,family,,Polyesters,extra_trees,Normalised SCP,21805.55003824258,0.0,0.6,0.30000000000000004,0.2024549989156365,5,0.7201051248357424,0.17989487516425762,0.17989487516425762,1
0.9102384291725105,0.9,0.0102384291725105,374.0,374.0,0.0,family_Polyethers,family,,Polyethers,median,SCP,374.0,0.0,0.7254901960784313,0.17450980392156867,0.06251076885038409,6,0.9102384291725105,-0.0102384291725105,0.0102384291725105,1
0.9200561009817672,0.9,0.020056100981767133,370.2589060308555,366.0,0.0,family_Polyethers,family,,Polyethers,median,Mondrian-similarity,370.2589060308555,0.0,0.7254901960784313,0.17450980392156867,0.06811020890637849,6,0.9200561009817672,-0.020056100981767133,0.020056100981767133,1
0.9102384291725105,0.9,0.0102384291725105,374.0,374.0,0.0,family_Polyethers,family,,Polyethers,median,Mondrian-family,374.0,1.0,0.7254901960784313,0.17450980392156867,0.06251076885038409,6,0.9102384291725105,-0.0102384291725105,0.0102384291725105,1
0.8415147265077139,0.9,-0.05848527349228616,278.393872370033,229.33905804972824,0.0,family_Polyethers,family,,Polyethers,median,Normalised SCP,1609.3652455584552,0.0,0.8013698630136986,0.09863013698630141,0.059355809050280796,6,0.8415147265077139,0.05848527349228616,0.05848527349228616,1
0.8877980364656382,0.9,-0.01220196353436187,136.0605832486639,136.06058324866387,0.0,family_Polyethers,family,,Polyethers,svr,SCP,196.20482864133132,0.0,0.7647058823529411,0.1352941176470589,0.05806362854795163,6,0.8877980364656382,0.01220196353436187,0.01220196353436187,1
0.9453015427769986,0.9,0.045301542776998605,211.99732627110217,225.69586678763278,0.0,family_Polyethers,family,,Polyethers,svr,Mondrian-similarity,211.99732627110217,0.0,0.6078431372549019,0.2921568627450981,0.10843416338989226,6,0.9453015427769986,-0.045301542776998605,0.045301542776998605,1
0.8877980364656382,0.9,-0.01220196353436187,136.0605832486639,136.06058324866387,0.0,family_Polyethers,family,,Polyethers,svr,Mondrian-family,196.20482864133132,1.0,0.7647058823529411,0.1352941176470589,0.05806362854795163,6,0.8877980364656382,0.01220196353436187,0.01220196353436187,1
0.8625525946704067,0.9,-0.03744740532959334,134.2441879282505,131.4698137713824,0.0,family_Polyethers,family,,Polyethers,svr,Normalised SCP,412.8492851825237,0.0,0.7647058823529411,0.1352941176470589,0.0629247790243827,6,0.8625525946704067,0.03744740532959334,0.03744740532959334,1
0.8597475455820477,0.9,-0.04025245441795233,128.46924000000004,128.46924000000004,0.0,family_Polyethers,family,,Polyethers,random_forest,SCP,429.77556509391127,0.0,0.6986301369863014,0.20136986301369864,0.057589123759991166,6,0.8597475455820477,0.04025245441795233,0.04025245441795233,1
0.9424964936886395,0.9,0.0424964936886395,188.15770765778404,168.29012,0.0,family_Polyethers,family,,Polyethers,random_forest,Mondrian-similarity,188.15770765778404,0.0,0.6666666666666666,0.2333333333333334,0.0921742044676067,6,0.9424964936886395,-0.0424964936886395,0.0424964936886395,1
0.8597475455820477,0.9,-0.04025245441795233,128.46924000000004,128.46924000000004,0.0,family_Polyethers,family,,Polyethers,random_forest,Mondrian-family,429.77556509391127,1.0,0.6986301369863014,0.20136986301369864,0.057589123759991166,6,0.8597475455820477,0.04025245441795233,0.04025245441795233,1
0.8499298737727911,0.9,-0.050070126227208966,127.35864861926758,119.72800367303873,0.0,family_Polyethers,family,,Polyethers,random_forest,Normalised SCP,571.9839308928382,0.0,0.7191780821917808,0.1808219178082192,0.06359971809099497,6,0.8499298737727911,0.050070126227208966,0.050070126227208966,1
0.8667601683029453,0.9,-0.03323983169705469,119.62215182047612,119.62215182047612,0.0,family_Polyethers,family,,Polyethers,hist_gbr,SCP,324.2558910182862,0.0,0.7328767123287672,0.16712328767123286,0.06391856204816393,6,0.8667601683029453,0.03323983169705469,0.03323983169705469,1
0.9368863955119214,0.9,0.03688639551192141,181.99109588664962,157.6268828156311,0.0,family_Polyethers,family,,Polyethers,hist_gbr,Mondrian-similarity,181.99109588664962,0.0,0.7254901960784313,0.17450980392156867,0.07602222096331818,6,0.9368863955119214,-0.03688639551192141,0.03688639551192141,1
0.8667601683029453,0.9,-0.03323983169705469,119.62215182047612,119.62215182047612,0.0,family_Polyethers,family,,Polyethers,hist_gbr,Mondrian-family,324.2558910182862,1.0,0.7328767123287672,0.16712328767123286,0.06391856204816393,6,0.8667601683029453,0.03323983169705469,0.03323983169705469,1
0.85273492286115,0.9,-0.047265077138849976,121.15970220234745,115.72904806377863,0.0,family_Polyethers,family,,Polyethers,hist_gbr,Normalised SCP,500.226923484592,0.0,0.773972602739726,0.126027397260274,0.06594260140058039,6,0.85273492286115,0.047265077138849976,0.047265077138849976,1
0.8695652173913043,0.9,-0.0304347826086957,127.06128,127.06128000000001,0.0,family_Polyethers,family,,Polyethers,extra_trees,SCP,316.6233724590617,0.0,0.7328767123287672,0.16712328767123286,0.06525339328075153,6,0.8695652173913043,0.0304347826086957,0.0304347826086957,1
0.9396914446002805,0.9,0.03969144460028051,189.30861831697058,170.1864,0.0,family_Polyethers,family,,Polyethers,extra_trees,Mondrian-similarity,189.30861831697058,0.0,0.6666666666666666,0.2333333333333334,0.09490382624227135,6,0.9396914446002805,-0.03969144460028051,0.03969144460028051,1
0.8695652173913043,0.9,-0.0304347826086957,127.06128,127.06128000000001,0.0,family_Polyethers,family,,Polyethers,extra_trees,Mondrian-family,316.6233724590617,1.0,0.7328767123287672,0.16712328767123286,0.06525339328075153,6,0.8695652173913043,0.0304347826086957,0.0304347826086957,1
0.8821879382889201,0.9,-0.017812061711079963,131.43466099211173,124.09349375100739,0.0,family_Polyethers,family,,Polyethers,extra_trees,Normalised SCP,224.27471459613434,0.0,0.7876712328767124,0.11232876712328765,0.059385047981024265,6,0.8821879382889201,0.017812061711079963,0.017812061711079963,1
0.875,0.9,-0.025000000000000022,351.59999999999997,351.6,0.0,family_Polyhalo-olefins,family,,Polyhalo-olefins,median,SCP,744.3372058410168,0.0,0.8780487804878049,0.02195121951219514,0.06097560975609756,2,0.875,0.025000000000000022,0.025000000000000022,1
0.8392857142857143,0.9,-0.06071428571428572,367.75714285714287,384.4,0.0,family_Polyhalo-olefins,family,,Polyhalo-olefins,median,Mondrian-similarity,2272.9898397170273,0.0,0.6363636363636364,0.26363636363636367,0.15742793791574278,2,0.8392857142857143,0.06071428571428572,0.06071428571428572,1
0.875,0.9,-0.025000000000000022,351.59999999999997,351.6,0.0,family_Polyhalo-olefins,family,,Polyhalo-olefins,median,Mondrian-family,744.3372058410168,1.0,0.8780487804878049,0.02195121951219514,0.06097560975609756,2,0.875,0.025000000000000022,0.025000000000000022,1
0.875,0.9,-0.025000000000000022,387.24363527435395,337.8609765752494,0.0,family_Polyhalo-olefins,family,,Polyhalo-olefins,median,Normalised SCP,819.7947823089604,0.0,0.8292682926829268,0.07073170731707323,0.0853658536585366,2,0.875,0.025000000000000022,0.025000000000000022,1
0.625,0.9,-0.275,141.71574581970106,141.71574581970106,0.0,family_Polyhalo-olefins,family,,Polyhalo-olefins,svr,SCP,542434.8480041022,0.0,0.5609756097560976,0.3390243902439024,0.2104212860310421,2,0.625,0.275,0.275,1
0.9464285714285714,0.9,0.046428571428571375,336.4241631301732,381.07287776784415,0.0,family_Polyhalo-olefins,family,,Polyhalo-olefins,svr,Mondrian-similarity,336.4241631301732,0.0,0.926829268292683,-0.02682926829268295,0.06341463414634146,2,0.9464285714285714,-0.046428571428571375,0.046428571428571375,1
0.625,0.9,-0.275,141.71574581970106,141.71574581970106,0.0,family_Polyhalo-olefins,family,,Polyhalo-olefins,svr,Mondrian-family,542434.8480041022,1.0,0.5609756097560976,0.3390243902439024,0.2104212860310421,2,0.625,0.275,0.275,1
0.8392857142857143,0.9,-0.06071428571428572,245.7342111465575,242.9163561073646,0.0,family_Polyhalo-olefins,family,,Polyhalo-olefins,svr,Normalised SCP,1518.8049397696566,0.0,0.7804878048780488,0.11951219512195121,0.1097560975609756,2,0.8392857142857143,0.06071428571428572,0.06071428571428572,1
0.7321428571428571,0.9,-0.16785714285714293,138.23960000000002,138.23960000000002,0.0,family_Polyhalo-olefins,family,,Polyhalo-olefins,random_forest,SCP,21262.55231736441,0.0,0.7272727272727273,0.17272727272727273,0.17050997782705102,2,0.7321428571428571,0.16785714285714293,0.16785714285714293,1
0.9107142857142857,0.9,0.010714285714285676,261.5846857142856,280.26159999999993,0.0,family_Polyhalo-olefins,family,,Polyhalo-olefins,random_forest,Mondrian-similarity,261.5846857142856,0.0,0.8181818181818182,0.08181818181818179,0.05432372505543237,2,0.9107142857142857,-0.010714285714285676,0.010714285714285676,1
0.7321428571428571,0.9,-0.16785714285714293,138.23960000000002,138.23960000000002,0.0,family_Polyhalo-olefins,family,,Polyhalo-olefins,random_forest,Mondrian-family,21262.55231736441,1.0,0.7272727272727273,0.17272727272727273,0.17050997782705102,2,0.7321428571428571,0.16785714285714293,0.16785714285714293,1
0.9107142857142857,0.9,0.010714285714285676,201.481839170669,210.03085923492057,0.0,family_Polyhalo-olefins,family,,Polyhalo-olefins,random_forest,Normalised SCP,201.481839170669,0.0,0.9024390243902439,-0.0024390243902439046,0.0057649667405764715,2,0.9107142857142857,-0.010714285714285676,0.010714285714285676,1
0.6964285714285714,0.9,-0.20357142857142863,126.3709100822382,126.3709100822382,0.0,family_Polyhalo-olefins,family,,Polyhalo-olefins,hist_gbr,SCP,56747.34616367387,0.0,0.5454545454545454,0.3545454545454546,0.26141906873614196,2,0.6964285714285714,0.20357142857142863,0.20357142857142863,1
0.8571428571428571,0.9,-0.04285714285714293,244.2414056197618,257.08465196726837,0.0,family_Polyhalo-olefins,family,,Polyhalo-olefins,hist_gbr,Mondrian-similarity,883.4824162637486,0.0,0.7272727272727273,0.17272727272727273,0.08758314855875832,2,0.8571428571428571,0.04285714285714293,0.04285714285714293,1
0.6964285714285714,0.9,-0.20357142857142863,126.3709100822382,126.3709100822382,0.0,family_Polyhalo-olefins,family,,Polyhalo-olefins,hist_gbr,Mondrian-family,56747.34616367387,1.0,0.5454545454545454,0.3545454545454546,0.26141906873614196,2,0.6964285714285714,0.20357142857142863,0.20357142857142863,1
0.75,0.9,-0.15000000000000002,140.29379076917297,135.31176811379956,0.0,family_Polyhalo-olefins,family,,Polyhalo-olefins,hist_gbr,Normalised SCP,12628.84458431659,0.0,0.7272727272727273,0.17272727272727273,0.1583148558758315,2,0.75,0.15000000000000002,0.15000000000000002,1
0.6428571428571429,0.9,-0.2571428571428571,126.32640000000002,126.3264,0.0,family_Polyhalo-olefins,family,,Polyhalo-olefins,extra_trees,SCP,282986.57799680025,0.0,0.6341463414634146,0.2658536585365854,0.21929046563192905,2,0.6428571428571429,0.2571428571428571,0.2571428571428571,1
0.8928571428571429,0.9,-0.0071428571428571175,259.8097207142857,285.90739999999994,0.0,family_Polyhalo-olefins,family,,Polyhalo-olefins,extra_trees,Mondrian-similarity,321.8981637787611,0.0,0.8181818181818182,0.08181818181818179,0.05432372505543237,2,0.8928571428571429,0.0071428571428571175,0.0071428571428571175,1
0.6428571428571429,0.9,-0.2571428571428571,126.32640000000002,126.3264,0.0,family_Polyhalo-olefins,family,,Polyhalo-olefins,extra_trees,Mondrian-family,282986.57799680025,1.0,0.6341463414634146,0.2658536585365854,0.21929046563192905,2,0.6428571428571429,0.2571428571428571,0.2571428571428571,1
0.7857142857142857,0.9,-0.11428571428571432,163.83081124623453,164.68410516583054,0.0,family_Polyhalo-olefins,family,,Polyhalo-olefins,extra_trees,Normalised SCP,5051.324096091928,0.0,0.8048780487804879,0.09512195121951217,0.08847006651884698,2,0.7857142857142857,0.11428571428571432,0.11428571428571432,1
0.5975395430579965,0.9,-0.3024604569420035,334.0,334.0,0.0,family_Polyimides,family,,Polyimides,median,SCP,2913759.4169775443,0.0,0.5616113744075829,0.3383886255924171,0.2561474935842951,4,0.5975395430579965,0.3024604569420035,0.3024604569420035,1
0.6004686584651435,0.9,-0.2995313415348565,349.3245459871119,316.0,0.0,family_Polyimides,family,,Polyimides,median,Mondrian-similarity,2791086.9544199747,0.0,0.42105263157894735,0.4789473684210527,0.3561200474986552,4,0.6004686584651435,0.2995313415348565,0.2995313415348565,1
0.5975395430579965,0.9,-0.3024604569420035,334.0,334.0,0.0,family_Polyimides,family,,Polyimides,median,Mondrian-family,2913759.4169775443,1.0,0.5616113744075829,0.3383886255924171,0.2561474935842951,4,0.5975395430579965,0.3024604569420035,0.3024604569420035,1
0.8429994141769186,0.9,-0.05700058582308143,429.2979598585557,443.078632395421,0.0,family_Polyimides,family,,Polyimides,median,Normalised SCP,2373.6135976429205,0.0,0.7997630331753555,0.10023696682464456,0.06565224188944413,4,0.8429994141769186,0.05700058582308143,0.05700058582308143,1
0.47334504979496195,0.9,-0.4266549502050381,134.35733630521142,134.3573363052114,0.0,family_Polyimides,family,,Polyimides,svr,SCP,48649468.69841407,0.0,0.45023696682464454,0.4497630331753555,0.37336420471879295,4,0.47334504979496195,0.4266549502050381,0.4266549502050381,1
0.817809021675454,0.9,-0.08219097832454603,243.64354318712725,232.34916127893655,0.0,family_Polyimides,family,,Polyimides,svr,Mondrian-similarity,2868.1876209299858,0.0,0.7368421052631579,0.16315789473684217,0.10335347969081699,4,0.817809021675454,0.08219097832454603,0.08219097832454603,1
0.47334504979496195,0.9,-0.4266549502050381,134.35733630521142,134.3573363052114,0.0,family_Polyimides,family,,Polyimides,svr,Mondrian-family,48649468.69841407,1.0,0.45023696682464454,0.4497630331753555,0.37336420471879295,4,0.47334504979496195,0.4266549502050381,0.4266549502050381,1
0.4288224956063269,0.9,-0.4711775043936731,128.6937397759851,124.48813664342879,0.0,family_Polyimides,family,,Polyimides,svr,Normalised SCP,177194862.53343207,0.0,0.39089481946624804,0.509105180533752,0.4202313910913905,4,0.4288224956063269,0.4711775043936731,0.4711775043936731,1
0.7662565905096661,0.9,-0.13374340949033392,130.84254000000004,130.84254000000004,0.0,family_Polyimides,family,,Polyimides,random_forest,SCP,7232.188021016422,0.0,0.6842105263157895,0.21578947368421053,0.1412411575823088,4,0.7662565905096661,0.13374340949033392,0.13374340949033392,1
0.9302870533099004,0.9,0.030287053309900336,225.14719380199182,186.46438000000006,0.0,family_Polyimides,family,,Polyimides,random_forest,Mondrian-similarity,225.14719380199182,0.0,0.6842105263157895,0.21578947368421053,0.0778357884857406,4,0.9302870533099004,-0.030287053309900336,0.030287053309900336,1
0.7662565905096661,0.9,-0.13374340949033392,130.84254000000004,130.84254000000004,0.0,family_Polyimides,family,,Polyimides,random_forest,Mondrian-family,7232.188021016422,1.0,0.6842105263157895,0.21578947368421053,0.1412411575823088,4,0.7662565905096661,0.13374340949033392,0.13374340949033392,1
0.7850029291154071,0.9,-0.11499707088459288,136.49532496497542,131.40621250058092,0.0,family_Polyimides,family,,Polyimides,random_forest,Normalised SCP,4299.278475622635,0.0,0.5263157894736842,0.37368421052631584,0.17043635927332348,4,0.7850029291154071,0.11499707088459288,0.11499707088459288,1
0.8183948447568834,0.9,-0.08160515524311662,124.17576357904683,124.17576357904682,0.0,family_Polyimides,family,,Polyimides,hist_gbr,SCP,1436.3388180364811,0.0,0.5789473684210527,0.32105263157894737,0.13098587328615408,4,0.8183948447568834,0.08160515524311662,0.08160515524311662,1
0.9537199765670767,0.9,0.05371997656707672,212.21783508549086,199.23665472953567,0.0,family_Polyimides,family,,Polyimides,hist_gbr,Mondrian-similarity,212.21783508549086,0.0,0.631578947368421,0.268421052631579,0.10992928015317227,4,0.9537199765670767,-0.05371997656707672,0.05371997656707672,1
0.8183948447568834,0.9,-0.08160515524311662,124.17576357904683,124.17576357904682,0.0,family_Polyimides,family,,Polyimides,hist_gbr,Mondrian-family,1436.3388180364811,1.0,0.5789473684210527,0.32105263157894737,0.13098587328615408,4,0.8183948447568834,0.08160515524311662,0.08160515524311662,1
0.7820738137082601,0.9,-0.1179261862917399,117.68705889883054,111.55804039364853,0.0,family_Polyimides,family,,Polyimides,hist_gbr,Normalised SCP,4047.3379475741503,0.0,0.5263157894736842,0.37368421052631584,0.17665269499641081,4,0.7820738137082601,0.1179261862917399,0.1179261862917399,1
0.7691857059168131,0.9,-0.1308142940831869,124.44431999999996,124.44431999999995,0.0,family_Polyimides,family,,Polyimides,extra_trees,SCP,6299.888472518126,0.0,0.6842105263157895,0.21578947368421053,0.13869103177871783,4,0.7691857059168131,0.1308142940831869,0.1308142940831869,1
0.9232571763327475,0.9,0.023257176332747487,203.23893653192732,195.63807999999997,0.0,family_Polyimides,family,,Polyimides,extra_trees,Mondrian-similarity,203.23893653192732,0.0,0.7368421052631579,0.16315789473684217,0.06344380444464537,4,0.9232571763327475,-0.023257176332747487,0.023257176332747487,1
0.7691857059168131,0.9,-0.1308142940831869,124.44431999999996,124.44431999999995,0.0,family_Polyimides,family,,Polyimides,extra_trees,Mondrian-family,6299.888472518126,1.0,0.6842105263157895,0.21578947368421053,0.13869103177871783,4,0.7691857059168131,0.1308142940831869,0.1308142940831869,1
0.7111892208553017,0.9,-0.18881077914469835,111.11755045706376,105.66331594546728,0.0,family_Polyimides,family,,Polyimides,extra_trees,Normalised SCP,32045.49940864412,0.0,0.47368421052631576,0.42631578947368426,0.23845284860989244,4,0.7111892208553017,0.18881077914469835,0.18881077914469835,1
0.9807692307692307,0.9,0.0807692307692307,366.5,366.5,0.0,family_Polyimines,family,,Polyimines,median,SCP,366.5,0.0,0.9166666666666666,-0.016666666666666607,0.05833333333333329,2,0.9807692307692307,-0.0807692307692307,0.0807692307692307,1
1.0,0.9,0.09999999999999998,368.90384615384613,360.5,0.0,family_Polyimines,family,,Polyimines,median,Mondrian-similarity,368.90384615384613,0.0,1.0,-0.09999999999999998,0.09999999999999998,2,1.0,-0.09999999999999998,0.09999999999999998,1
0.9807692307692307,0.9,0.0807692307692307,366.5,366.5,0.0,family_Polyimines,family,,Polyimines,median,Mondrian-family,366.5,1.0,0.9166666666666666,-0.016666666666666607,0.05833333333333329,2,0.9807692307692307,-0.0807692307692307,0.0807692307692307,1
0.9423076923076923,0.9,0.04230769230769227,236.71910868842636,228.5399987261859,0.0,family_Polyimines,family,,Polyimines,median,Normalised SCP,236.71910868842636,0.0,0.75,0.15000000000000002,0.125,2,0.9423076923076923,-0.04230769230769227,0.04230769230769227,1
0.7884615384615384,0.9,-0.11153846153846159,135.881150549073,135.881150549073,0.0,family_Polyimines,family,,Polyimines,svr,SCP,3858.1167577154356,0.0,0.5833333333333334,0.31666666666666665,0.22196969696969698,2,0.7884615384615384,0.11153846153846159,0.11153846153846159,1
0.9038461538461539,0.9,0.0038461538461538325,215.4157190477066,174.22246165002824,0.0,family_Polyimines,family,,Polyimines,svr,Mondrian-similarity,215.4157190477066,0.0,0.75,0.15000000000000002,0.07954545454545453,2,0.9038461538461539,-0.0038461538461538325,0.0038461538461538325,1
0.7884615384615384,0.9,-0.11153846153846159,135.881150549073,135.881150549073,0.0,family_Polyimines,family,,Polyimines,svr,Mondrian-family,3858.1167577154356,1.0,0.5833333333333334,0.31666666666666665,0.22196969696969698,2,0.7884615384615384,0.11153846153846159,0.11153846153846159,1
0.5961538461538461,0.9,-0.3038461538461539,122.93183535533412,113.49082746396147,0.0,family_Polyimines,family,,Polyimines,svr,Normalised SCP,1117958.299757951,0.0,0.5454545454545454,0.3545454545454546,0.33560606060606063,2,0.5961538461538461,0.3038461538461539,0.3038461538461539,1
0.9038461538461539,0.9,0.0038461538461538325,131.22432000000006,131.22432000000003,0.0,family_Polyimines,family,,Polyimines,random_forest,SCP,131.22432000000006,0.0,0.6666666666666666,0.2333333333333334,0.16666666666666669,2,0.9038461538461539,-0.0038461538461538325,0.0038461538461538325,1
0.9423076923076923,0.9,0.04230769230769227,198.7334515384615,163.8019999999999,0.0,family_Polyimines,family,,Polyimines,random_forest,Mondrian-similarity,198.7334515384615,0.0,0.8333333333333334,0.06666666666666665,0.08333333333333331,2,0.9423076923076923,-0.04230769230769227,0.04230769230769227,1
0.9038461538461539,0.9,0.0038461538461538325,131.22432000000006,131.22432000000003,0.0,family_Polyimines,family,,Polyimines,random_forest,Mondrian-family,131.22432000000006,1.0,0.6666666666666666,0.2333333333333334,0.16666666666666669,2,0.9038461538461539,-0.0038461538461538325,0.0038461538461538325,1
0.9038461538461539,0.9,0.0038461538461538325,140.22663120541654,133.54062135841144,0.0,family_Polyimines,family,,Polyimines,random_forest,Normalised SCP,140.22663120541654,0.0,0.75,0.15000000000000002,0.125,2,0.9038461538461539,-0.0038461538461538325,0.0038461538461538325,1
0.8076923076923077,0.9,-0.09230769230769231,117.18455875160554,117.18455875160555,0.0,family_Polyimines,family,,Polyimines,hist_gbr,SCP,1868.6674951793332,0.0,0.5,0.4,0.2181818181818182,2,0.8076923076923077,0.09230769230769231,0.09230769230769231,1
0.9615384615384616,0.9,0.06153846153846154,173.92907389143332,142.48950914846108,0.0,family_Polyimines,family,,Polyimines,hist_gbr,Mondrian-similarity,173.92907389143332,0.0,0.8333333333333334,0.06666666666666665,0.08333333333333331,2,0.9615384615384616,-0.06153846153846154,0.06153846153846154,1
0.8076923076923077,0.9,-0.09230769230769231,117.18455875160554,117.18455875160555,0.0,family_Polyimines,family,,Polyimines,hist_gbr,Mondrian-family,1868.6674951793332,1.0,0.5,0.4,0.2181818181818182,2,0.8076923076923077,0.09230769230769231,0.09230769230769231,1
0.7884615384615384,0.9,-0.11153846153846159,110.09859706008494,103.92092710652196,0.0,family_Polyimines,family,,Polyimines,hist_gbr,Normalised SCP,3126.064510066595,0.0,0.5833333333333334,0.31666666666666665,0.19924242424242422,2,0.7884615384615384,0.11153846153846159,0.11153846153846159,1
0.8846153846153846,0.9,-0.015384615384615441,121.06680000000009,121.06680000000006,0.0,family_Polyimines,family,,Polyimines,extra_trees,SCP,192.07403965904962,0.0,0.5833333333333334,0.31666666666666665,0.20833333333333331,2,0.8846153846153846,0.015384615384615441,0.015384615384615441,1
0.9615384615384616,0.9,0.06153846153846154,179.13269461538468,163.12900000000008,0.0,family_Polyimines,family,,Polyimines,extra_trees,Mondrian-similarity,179.13269461538468,0.0,0.8333333333333334,0.06666666666666665,0.08333333333333331,2,0.9615384615384616,-0.06153846153846154,0.06153846153846154,1
0.8846153846153846,0.9,-0.015384615384615441,121.06680000000009,121.06680000000006,0.0,family_Polyimines,family,,Polyimines,extra_trees,Mondrian-family,192.07403965904962,1.0,0.5833333333333334,0.31666666666666665,0.20833333333333331,2,0.8846153846153846,0.015384615384615441,0.015384615384615441,1
0.8461538461538461,0.9,-0.05384615384615388,117.5894412304618,110.89630904655414,0.0,family_Polyimines,family,,Polyimines,extra_trees,Normalised SCP,591.4539700452615,0.0,0.5833333333333334,0.31666666666666665,0.1856060606060606,2,0.8461538461538461,0.05384615384615388,0.05384615384615388,1
0.8253968253968254,0.9,-0.07460317460317467,362.0,362.0,0.0,family_Polyolefins,family,,Polyolefins,median,SCP,3393.915165066759,0.0,0.6774193548387096,0.2225806451612904,0.11661779081133923,3,0.8253968253968254,0.07460317460317467,0.07460317460317467,1
0.8492063492063492,0.9,-0.050793650793650835,366.22222222222223,370.0,0.0,family_Polyolefins,family,,Polyolefins,median,Mondrian-similarity,1680.841496055356,0.0,0.7272727272727273,0.17272727272727273,0.11978773914257786,3,0.8492063492063492,0.050793650793650835,0.050793650793650835,1
0.8253968253968254,0.9,-0.07460317460317467,362.0,362.0,0.0,family_Polyolefins,family,,Polyolefins,median,Mondrian-family,3393.915165066759,1.0,0.6774193548387096,0.2225806451612904,0.11661779081133923,3,0.8253968253968254,0.07460317460317467,0.07460317460317467,1
0.8333333333333334,0.9,-0.06666666666666665,397.1280088703701,260.8922091169979,0.0,family_Polyolefins,family,,Polyolefins,median,Normalised SCP,2934.401135999792,0.0,0.8181818181818182,0.08181818181818179,0.05215751989945535,3,0.8333333333333334,0.06666666666666665,0.06666666666666665,1
0.7063492063492064,0.9,-0.19365079365079363,136.47603613978808,136.47603613978805,0.0,family_Polyolefins,family,,Polyolefins,svr,SCP,45509.33957779392,0.0,0.5857142857142857,0.3142857142857143,0.1373132244099986,3,0.7063492063492064,0.19365079365079363,0.19365079365079363,1
0.9523809523809523,0.9,0.052380952380952306,276.994708888767,337.47885459719606,0.0,family_Polyolefins,family,,Polyolefins,svr,Mondrian-similarity,276.994708888767,0.0,0.9428571428571428,-0.042857142857142816,0.05504817762882278,3,0.9523809523809523,-0.052380952380952306,0.052380952380952306,1
0.7063492063492064,0.9,-0.19365079365079363,136.47603613978808,136.47603613978805,0.0,family_Polyolefins,family,,Polyolefins,svr,Mondrian-family,45509.33957779392,1.0,0.5857142857142857,0.3142857142857143,0.1373132244099986,3,0.7063492063492064,0.19365079365079363,0.19365079365079363,1
0.7142857142857143,0.9,-0.18571428571428572,158.40096047653935,145.46044601927528,0.0,family_Polyolefins,family,,Polyolefins,svr,Normalised SCP,41629.241267526675,0.0,0.5857142857142857,0.3142857142857143,0.1590141041753945,3,0.7142857142857143,0.18571428571428572,0.18571428571428572,1
0.6746031746031746,0.9,-0.22539682539682537,131.81219999999993,131.81219999999996,0.0,family_Polyolefins,family,,Polyolefins,random_forest,SCP,113923.55635711896,0.0,0.5285714285714286,0.37142857142857144,0.15636084345761767,3,0.6746031746031746,0.22539682539682537,0.22539682539682537,1
0.8968253968253969,0.9,-0.0031746031746031633,263.68686412698406,319.50159999999994,0.0,family_Polyolefins,family,,Polyolefins,random_forest,Mondrian-similarity,290.0346427647122,0.0,0.8636363636363636,0.036363636363636376,0.028711073872364195,3,0.8968253968253969,0.0031746031746031633,0.0031746031746031633,1
0.6746031746031746,0.9,-0.22539682539682537,131.81219999999993,131.81219999999996,0.0,family_Polyolefins,family,,Polyolefins,random_forest,Mondrian-family,113923.55635711896,1.0,0.5285714285714286,0.37142857142857144,0.15636084345761767,3,0.6746031746031746,0.22539682539682537,0.22539682539682537,1
0.6904761904761905,0.9,-0.20952380952380956,150.3341265979147,145.41002832433833,0.0,family_Polyolefins,family,,Polyolefins,random_forest,Normalised SCP,80706.51751297135,0.0,0.5714285714285714,0.3285714285714286,0.1681748359167714,3,0.6904761904761905,0.20952380952380956,0.20952380952380956,1
0.6111111111111112,0.9,-0.28888888888888886,121.43750826402899,121.43750826402896,0.0,family_Polyolefins,family,,Polyolefins,hist_gbr,SCP,705079.9374750161,0.0,0.44285714285714284,0.4571428571428572,0.21523530233207655,3,0.6111111111111112,0.28888888888888886,0.28888888888888886,1
0.9126984126984127,0.9,0.012698412698412653,284.3939163343761,367.83170801424865,0.0,family_Polyolefins,family,,Polyolefins,hist_gbr,Mondrian-similarity,284.3939163343761,0.0,0.8636363636363636,0.036363636363636376,0.02272029046222594,3,0.9126984126984127,-0.012698412698412653,0.012698412698412653,1
0.6111111111111112,0.9,-0.28888888888888886,121.43750826402899,121.43750826402896,0.0,family_Polyolefins,family,,Polyolefins,hist_gbr,Mondrian-family,705079.9374750161,1.0,0.44285714285714284,0.4571428571428572,0.21523530233207655,3,0.6111111111111112,0.28888888888888886,0.28888888888888886,1
0.6031746031746031,0.9,-0.2968253968253969,133.24795302784753,134.0049246523261,0.0,family_Polyolefins,family,,Polyolefins,hist_gbr,Normalised SCP,981633.8004257254,0.0,0.5,0.4,0.252394916911046,3,0.6031746031746031,0.2968253968253969,0.2968253968253969,1
0.6746031746031746,0.9,-0.22539682539682537,121.75316,121.75315999999998,0.0,family_Polyolefins,family,,Polyolefins,extra_trees,SCP,105229.65996256284,0.0,0.5142857142857142,0.3857142857142858,0.15691942466136014,3,0.6746031746031746,0.22539682539682537,0.22539682539682537,1
0.873015873015873,0.9,-0.026984126984127,237.9949444444444,275.2634,0.0,family_Polyolefins,family,,Polyolefins,extra_trees,Mondrian-similarity,534.7360395586828,0.0,0.8285714285714286,0.0714285714285714,0.05851138109202625,3,0.873015873015873,0.026984126984127,0.026984126984127,1
0.6746031746031746,0.9,-0.22539682539682537,121.75316,121.75315999999998,0.0,family_Polyolefins,family,,Polyolefins,extra_trees,Mondrian-family,105229.65996256284,1.0,0.5142857142857142,0.3857142857142858,0.15691942466136014,3,0.6746031746031746,0.22539682539682537,0.22539682539682537,1
0.7142857142857143,0.9,-0.18571428571428572,145.4092490929035,141.26056840144145,0.0,family_Polyolefins,family,,Polyolefins,extra_trees,Normalised SCP,38214.89904358826,0.0,0.5714285714285714,0.3285714285714286,0.1745286971093423,3,0.7142857142857143,0.18571428571428572,0.18571428571428572,1
0.8557919621749409,0.9,-0.04420803782505911,366.0,366.0,0.0,family_Polyphenylenes,family,,Polyphenylenes,median,SCP,1378.6698936231173,0.0,0.16279069767441862,0.7372093023255815,0.21280839901572204,6,0.8557919621749409,0.04420803782505911,0.04420803782505911,1
0.8581560283687943,0.9,-0.04184397163120568,375.3853427895981,392.0,0.0,family_Polyphenylenes,family,,Polyphenylenes,median,Mondrian-similarity,1317.2114301539054,0.0,0.13953488372093023,0.7604651162790698,0.21382886259927333,6,0.8581560283687943,0.04184397163120568,0.04184397163120568,1
0.8557919621749409,0.9,-0.04420803782505911,366.0,366.0,0.0,family_Polyphenylenes,family,,Polyphenylenes,median,Mondrian-family,1378.6698936231173,1.0,0.16279069767441862,0.7372093023255815,0.21280839901572204,6,0.8557919621749409,0.04420803782505911,0.04420803782505911,1
0.8628841607565012,0.9,-0.037115839243498816,287.27658977778265,238.80320912663115,0.0,family_Polyphenylenes,family,,Polyphenylenes,median,Normalised SCP,874.7347140333267,0.0,0.8232323232323232,0.07676767676767682,0.039204530876970255,6,0.8628841607565012,0.037115839243498816,0.037115839243498816,1
0.7186761229314421,0.9,-0.1813238770685579,136.00130094814017,136.00130094814017,0.0,family_Polyphenylenes,family,,Polyphenylenes,svr,SCP,31331.547100938333,0.0,0.4883720930232558,0.41162790697674423,0.17469319618750592,6,0.7186761229314421,0.1813238770685579,0.1813238770685579,1
0.83451536643026,0.9,-0.06548463356973999,222.20787245475213,213.3448635113284,0.0,family_Polyphenylenes,family,,Polyphenylenes,svr,Mondrian-similarity,1584.7030415345807,0.0,0.37209302325581395,0.5279069767441861,0.15097539805110316,6,0.83451536643026,0.06548463356973999,0.06548463356973999,1
0.7186761229314421,0.9,-0.1813238770685579,136.00130094814017,136.00130094814017,0.0,family_Polyphenylenes,family,,Polyphenylenes,svr,Mondrian-family,31331.547100938333,1.0,0.4883720930232558,0.41162790697674423,0.17469319618750592,6,0.7186761229314421,0.1813238770685579,0.1813238770685579,1
0.7754137115839244,0.9,-0.12458628841607566,164.01924224545246,159.28492962264303,0.0,family_Polyphenylenes,family,,Polyphenylenes,svr,Normalised SCP,6888.250439015603,0.0,0.6976744186046512,0.20232558139534884,0.12367078337390065,6,0.7754137115839244,0.12458628841607566,0.12458628841607566,1
0.7328605200945626,0.9,-0.16713947990543743,126.5132000000001,126.5132000000001,0.0,family_Polyphenylenes,family,,Polyphenylenes,random_forest,SCP,19044.450917715683,0.0,0.6616161616161617,0.23838383838383836,0.12937245621312918,6,0.7328605200945626,0.16713947990543743,0.16713947990543743,1
0.8723404255319149,0.9,-0.02765957446808509,206.41438888888894,201.29020000000003,0.0,family_Polyphenylenes,family,,Polyphenylenes,random_forest,Mondrian-similarity,473.2732791435494,0.0,0.4883720930232558,0.41162790697674423,0.10928127556281937,6,0.8723404255319149,0.02765957446808509,0.02765957446808509,1
0.7328605200945626,0.9,-0.16713947990543743,126.5132000000001,126.5132000000001,0.0,family_Polyphenylenes,family,,Polyphenylenes,random_forest,Mondrian-family,19044.450917715683,1.0,0.6616161616161617,0.23838383838383836,0.12937245621312918,6,0.7328605200945626,0.16713947990543743,0.16713947990543743,1
0.7801418439716312,0.9,-0.1198581560283688,148.1933183051698,142.58274478710905,0.0,family_Polyphenylenes,family,,Polyphenylenes,random_forest,Normalised SCP,5400.583633751926,0.0,0.627906976744186,0.27209302325581397,0.11463245351419525,6,0.7801418439716312,0.1198581560283688,0.1198581560283688,1
0.7446808510638298,0.9,-0.15531914893617027,117.51444034648287,117.51444034648287,0.0,family_Polyphenylenes,family,,Polyphenylenes,hist_gbr,SCP,12408.483745578334,0.0,0.6744186046511628,0.22558139534883725,0.12493410103009311,6,0.7446808510638298,0.15531914893617027,0.15531914893617027,1
0.8794326241134752,0.9,-0.020567375886524797,217.26973043681858,198.66691546998106,0.0,family_Polyphenylenes,family,,Polyphenylenes,hist_gbr,Mondrian-similarity,402.6875115814245,0.0,0.5348837209302325,0.3651162790697675,0.10154617259515826,6,0.8794326241134752,0.020567375886524797,0.020567375886524797,1
0.7446808510638298,0.9,-0.15531914893617027,117.51444034648287,117.51444034648287,0.0,family_Polyphenylenes,family,,Polyphenylenes,hist_gbr,Mondrian-family,12408.483745578334,1.0,0.6744186046511628,0.22558139534883725,0.12493410103009311,6,0.7446808510638298,0.15531914893617027,0.15531914893617027,1
0.789598108747045,0.9,-0.11040189125295508,136.39198155474674,128.48427526682616,0.0,family_Polyphenylenes,family,,Polyphenylenes,hist_gbr,Normalised SCP,3742.8015780125493,0.0,0.6511627906976745,0.24883720930232556,0.1122214891784412,6,0.789598108747045,0.11040189125295508,0.11040189125295508,1
0.6713947990543735,0.9,-0.22860520094562653,113.45720000000019,113.45720000000017,0.0,family_Polyphenylenes,family,,Polyphenylenes,extra_trees,SCP,107967.08613640831,0.0,0.5581395348837209,0.3418604651162791,0.20412267154473987,6,0.6713947990543735,0.22860520094562653,0.22860520094562653,1
0.8392434988179669,0.9,-0.06075650118203313,200.00059011820338,182.87024000000002,0.0,family_Polyphenylenes,family,,Polyphenylenes,extra_trees,Mondrian-similarity,1237.7065041921257,0.0,0.37209302325581395,0.5279069767441861,0.15720721981483982,6,0.8392434988179669,0.06075650118203313,0.06075650118203313,1
0.6713947990543735,0.9,-0.22860520094562653,113.45720000000019,113.45720000000017,0.0,family_Polyphenylenes,family,,Polyphenylenes,extra_trees,Mondrian-family,107967.08613640831,1.0,0.5581395348837209,0.3418604651162791,0.20412267154473987,6,0.6713947990543735,0.22860520094562653,0.22860520094562653,1
0.7375886524822695,0.9,-0.16241134751773056,131.34866319469145,127.10001872744698,0.0,family_Polyphenylenes,family,,Polyphenylenes,extra_trees,Normalised SCP,17157.587321599516,0.0,0.65,0.25,0.14458739631179018,6,0.7375886524822695,0.16241134751773056,0.16241134751773056,1
0.7457627118644068,0.9,-0.15423728813559323,371.0,371.0,0.0,family_Polyphosphazenes,family,,Polyphosphazenes,median,SCP,37923.2897143037,0.0,0.7289719626168224,0.17102803738317762,0.17102803738317762,1,0.7457627118644068,0.15423728813559323,0.15423728813559323,1
0.652542372881356,0.9,-0.24745762711864405,347.5898305084746,347.0,0.0,family_Polyphosphazenes,family,,Polyphosphazenes,median,Mondrian-similarity,582306.3426747776,0.0,0.6542056074766355,0.24579439252336455,0.24579439252336455,1,0.652542372881356,0.24745762711864405,0.24745762711864405,1
0.7457627118644068,0.9,-0.15423728813559323,371.0,371.0,0.0,family_Polyphosphazenes,family,,Polyphosphazenes,median,Mondrian-family,37923.2897143037,1.0,0.7289719626168224,0.17102803738317762,0.17102803738317762,1,0.7457627118644068,0.15423728813559323,0.15423728813559323,1
0.6271186440677966,0.9,-0.2728813559322034,347.219829061661,235.95626402070815,0.0,family_Polyphosphazenes,family,,Polyphosphazenes,median,Normalised SCP,1247184.0032017345,0.0,0.6355140186915887,0.2644859813084113,0.2644859813084113,1,0.6271186440677966,0.2728813559322034,0.2728813559322034,1
0.4067796610169492,0.9,-0.49322033898305084,139.0087984663915,139.00879846639157,0.0,family_Polyphosphazenes,family,,Polyphosphazenes,svr,SCP,370790362.02555555,0.0,0.42990654205607476,0.47009345794392526,0.47009345794392526,1,0.4067796610169492,0.49322033898305084,0.49322033898305084,1
0.8983050847457628,0.9,-0.0016949152542372614,297.1769138110685,304.31531082870424,0.0,family_Polyphosphazenes,family,,Polyphosphazenes,svr,Mondrian-similarity,312.67836942014776,0.0,0.9252336448598131,-0.025233644859813054,0.025233644859813054,1,0.8983050847457628,0.0016949152542372614,0.0016949152542372614,1
0.4067796610169492,0.9,-0.49322033898305084,139.0087984663915,139.00879846639157,0.0,family_Polyphosphazenes,family,,Polyphosphazenes,svr,Mondrian-family,370790362.02555555,1.0,0.42990654205607476,0.47009345794392526,0.47009345794392526,1,0.4067796610169492,0.49322033898305084,0.49322033898305084,1
0.3728813559322034,0.9,-0.5271186440677966,146.48627649092728,135.6062462362429,0.0,family_Polyphosphazenes,family,,Polyphosphazenes,svr,Normalised SCP,1080285365.2600188,0.0,0.40186915887850466,0.49813084112149536,0.49813084112149536,1,0.3728813559322034,0.5271186440677966,0.5271186440677966,1
0.3983050847457627,0.9,-0.5016949152542374,138.47759999999997,138.4776,0.0,family_Polyphosphazenes,family,,Polyphosphazenes,random_forest,SCP,476298843.33127517,0.0,0.42990654205607476,0.47009345794392526,0.47009345794392526,1,0.3983050847457627,0.5016949152542374,0.5016949152542374,1
0.7288135593220338,0.9,-0.17118644067796618,254.30443389830438,257.7863999999993,0.0,family_Polyphosphazenes,family,,Polyphosphazenes,random_forest,Mondrian-similarity,43222.88279464842,0.0,0.7289719626168224,0.17102803738317762,0.17102803738317762,1,0.7288135593220338,0.17118644067796618,0.17118644067796618,1
0.3983050847457627,0.9,-0.5016949152542374,138.47759999999997,138.4776,0.0,family_Polyphosphazenes,family,,Polyphosphazenes,random_forest,Mondrian-family,476298843.33127517,1.0,0.42990654205607476,0.47009345794392526,0.47009345794392526,1,0.3983050847457627,0.5016949152542374,0.5016949152542374,1
0.3898305084745763,0.9,-0.5101694915254238,146.3109740948628,129.3770415990455,0.0,family_Polyphosphazenes,family,,Polyphosphazenes,random_forest,Normalised SCP,648919390.9048047,0.0,0.42990654205607476,0.47009345794392526,0.47009345794392526,1,0.3898305084745763,0.5101694915254238,0.5101694915254238,1
0.3220338983050847,0.9,-0.5779661016949154,123.1696449121432,123.16964491214327,0.0,family_Polyphosphazenes,family,,Polyphosphazenes,hist_gbr,SCP,4175690968.0638785,0.0,0.34579439252336447,0.5542056074766355,0.5542056074766355,1,0.3220338983050847,0.5779661016949154,0.5779661016949154,1
0.8559322033898306,0.9,-0.04406779661016946,288.3038479138116,297.75408745897084,0.0,family_Polyphosphazenes,family,,Polyphosphazenes,hist_gbr,Mondrian-similarity,1081.440091292079,0.0,0.8878504672897196,0.012149532710280408,0.012149532710280408,1,0.8559322033898306,0.04406779661016946,0.04406779661016946,1
0.3220338983050847,0.9,-0.5779661016949154,123.1696449121432,123.16964491214327,0.0,family_Polyphosphazenes,family,,Polyphosphazenes,hist_gbr,Mondrian-family,4175690968.0638785,1.0,0.34579439252336447,0.5542056074766355,0.5542056074766355,1,0.3220338983050847,0.5779661016949154,0.5779661016949154,1
0.2711864406779661,0.9,-0.6288135593220339,128.0749889800668,115.26799213767607,0.0,family_Polyphosphazenes,family,,Polyphosphazenes,hist_gbr,Normalised SCP,19960531254.720013,0.0,0.2897196261682243,0.6102803738317757,0.6102803738317757,1,0.2711864406779661,0.6288135593220339,0.6288135593220339,1
0.3050847457627119,0.9,-0.5949152542372882,123.50699999999995,123.50699999999995,0.0,family_Polyphosphazenes,family,,Polyphosphazenes,extra_trees,SCP,6962158981.916675,0.0,0.3364485981308411,0.563551401869159,0.563551401869159,1,0.3050847457627119,0.5949152542372882,0.5949152542372882,1
0.7966101694915254,0.9,-0.10338983050847461,251.71378576271064,254.20839999999868,0.0,family_Polyphosphazenes,family,,Polyphosphazenes,extra_trees,Mondrian-similarity,5597.00877394794,0.0,0.794392523364486,0.10560747663551406,0.10560747663551406,1,0.7966101694915254,0.10338983050847461,0.10338983050847461,1
0.3050847457627119,0.9,-0.5949152542372882,123.50699999999995,123.50699999999995,0.0,family_Polyphosphazenes,family,,Polyphosphazenes,extra_trees,Mondrian-family,6962158981.916675,1.0,0.3364485981308411,0.563551401869159,0.563551401869159,1,0.3050847457627119,0.5949152542372882,0.5949152542372882,1
0.3220338983050847,0.9,-0.5779661016949154,138.75475193017405,132.3492601676051,0.0,family_Polyphosphazenes,family,,Polyphosphazenes,extra_trees,Normalised SCP,4704056464.756841,0.0,0.34579439252336447,0.5542056074766355,0.5542056074766355,1,0.3220338983050847,0.5779661016949154,0.5779661016949154,1
0.5980861244019139,0.9,-0.30191387559808613,348.0,348.0,0.0,family_Polysiloxanes,family,,Polysiloxanes,median,SCP,2986518.0879788618,0.0,0.4745762711864407,0.42542372881355933,0.24116274831419718,3,0.5980861244019139,0.30191387559808613,0.30191387559808613,1
0.6363636363636364,0.9,-0.26363636363636367,362.70239234449764,376.0,0.0,family_Polysiloxanes,family,,Polysiloxanes,median,Mondrian-similarity,987245.0362586916,0.0,0.5508474576271186,0.3491525423728814,0.2264917076726809,3,0.6363636363636364,0.26363636363636367,0.26363636363636367,1
0.5980861244019139,0.9,-0.30191387559808613,348.0,348.0,0.0,family_Polysiloxanes,family,,Polysiloxanes,median,Mondrian-family,2986518.0879788618,1.0,0.4745762711864407,0.42542372881355933,0.24116274831419718,3,0.5980861244019139,0.30191387559808613,0.30191387559808613,1
0.6172248803827751,0.9,-0.2827751196172249,327.326132465025,301.30201446565695,0.0,family_Polysiloxanes,family,,Polysiloxanes,median,Normalised SCP,1582016.1081199776,0.0,0.5508474576271186,0.3491525423728814,0.23057772917805727,3,0.6172248803827751,0.2827751196172249,0.2827751196172249,1
0.583732057416268,0.9,-0.31626794258373203,150.23727921631829,150.2372792163183,0.0,family_Polysiloxanes,family,,Polysiloxanes,svr,SCP,1983263.3117399272,0.0,0.4491525423728814,0.45084745762711864,0.25071259340258795,3,0.583732057416268,0.31626794258373203,0.31626794258373203,1
0.8803827751196173,0.9,-0.019617224880382755,269.6749937640877,320.1366198413813,0.0,family_Polysiloxanes,family,,Polysiloxanes,svr,Mondrian-similarity,485.76951068222786,0.0,0.8,0.09999999999999998,0.04855112083105521,3,0.8803827751196173,0.019617224880382755,0.019617224880382755,1
0.583732057416268,0.9,-0.31626794258373203,150.23727921631829,150.2372792163183,0.0,family_Polysiloxanes,family,,Polysiloxanes,svr,Mondrian-family,1983263.3117399272,1.0,0.4491525423728814,0.45084745762711864,0.25071259340258795,3,0.583732057416268,0.31626794258373203,0.31626794258373203,1
0.6507177033492823,0.9,-0.24928229665071777,170.30502040682208,169.90575964679434,0.0,family_Polysiloxanes,family,,Polysiloxanes,svr,Normalised SCP,301359.73606041603,0.0,0.5847457627118644,0.3152542372881356,0.21884818662292693,3,0.6507177033492823,0.24928229665071777,0.24928229665071777,1
0.4784688995215311,0.9,-0.4215311004784689,138.82079999999996,138.82080000000002,0.0,family_Polysiloxanes,family,,Polysiloxanes,random_forest,SCP,43103592.622359395,0.0,0.3220338983050847,0.5779661016949154,0.3642682704574449,3,0.4784688995215311,0.4215311004784689,0.4215311004784689,1
0.8133971291866029,0.9,-0.08660287081339713,223.2273601913876,262.03062,0.0,family_Polysiloxanes,family,,Polysiloxanes,random_forest,Mondrian-similarity,2999.728096069574,0.0,0.68,0.21999999999999997,0.10334973573901951,3,0.8133971291866029,0.08660287081339713,0.08660287081339713,1
0.4784688995215311,0.9,-0.4215311004784689,138.82079999999996,138.82080000000002,0.0,family_Polysiloxanes,family,,Polysiloxanes,random_forest,Mondrian-family,43103592.622359395,1.0,0.3220338983050847,0.5779661016949154,0.3642682704574449,3,0.4784688995215311,0.4215311004784689,0.4215311004784689,1
0.6220095693779905,0.9,-0.27799043062200957,167.70078730142907,174.34984733724494,0.0,family_Polysiloxanes,family,,Polysiloxanes,random_forest,Normalised SCP,702144.3454568231,0.0,0.5847457627118644,0.3152542372881356,0.283364315655185,3,0.6220095693779905,0.27799043062200957,0.27799043062200957,1
0.4784688995215311,0.9,-0.4215311004784689,130.95426829750522,130.95426829750522,0.0,family_Polysiloxanes,family,,Polysiloxanes,hist_gbr,SCP,40661049.589505464,0.0,0.3389830508474576,0.5610169491525424,0.37603790778203033,3,0.4784688995215311,0.4215311004784689,0.4215311004784689,1
0.8660287081339713,0.9,-0.03397129186602876,263.63281500917645,333.59376027865136,0.0,family_Polysiloxanes,family,,Polysiloxanes,hist_gbr,Mondrian-similarity,730.4757533291436,0.0,0.7,0.20000000000000007,0.1249863313285949,3,0.8660287081339713,0.03397129186602876,0.03397129186602876,1
0.4784688995215311,0.9,-0.4215311004784689,130.95426829750522,130.95426829750522,0.0,family_Polysiloxanes,family,,Polysiloxanes,hist_gbr,Mondrian-family,40661049.589505464,1.0,0.3389830508474576,0.5610169491525424,0.37603790778203033,3,0.4784688995215311,0.4215311004784689,0.4215311004784689,1
0.5167464114832536,0.9,-0.3832535885167464,137.58923710211755,133.41235751537937,0.0,family_Polysiloxanes,family,,Polysiloxanes,hist_gbr,Normalised SCP,13549773.092486046,0.0,0.4406779661016949,0.4593220338983051,0.38106433388008026,3,0.5167464114832536,0.3832535885167464,0.3832535885167464,1
0.4784688995215311,0.9,-0.4215311004784689,130.38720000000004,130.3872,0.0,family_Polysiloxanes,family,,Polysiloxanes,extra_trees,SCP,40484975.96880368,0.0,0.3220338983050847,0.5779661016949154,0.3601822489520686,3,0.4784688995215311,0.4215311004784689,0.4215311004784689,1
0.7703349282296651,0.9,-0.12966507177033493,215.75624382775123,261.45024,0.0,family_Polysiloxanes,family,,Polysiloxanes,extra_trees,Mondrian-similarity,10552.324250669566,0.0,0.62,0.28,0.14822671769637327,3,0.7703349282296651,0.12966507177033493,0.12966507177033493,1
0.4784688995215311,0.9,-0.4215311004784689,130.38720000000004,130.3872,0.0,family_Polysiloxanes,family,,Polysiloxanes,extra_trees,Mondrian-family,40484975.96880368,1.0,0.3220338983050847,0.5779661016949154,0.3601822489520686,3,0.4784688995215311,0.4215311004784689,0.4215311004784689,1
0.5311004784688995,0.9,-0.3688995215311005,149.39366137927075,146.72771130695673,0.0,family_Polysiloxanes,family,,Polysiloxanes,extra_trees,Normalised SCP,9564515.350810803,0.0,0.4406779661016949,0.4593220338983051,0.34880626936395115,3,0.5311004784688995,0.3688995215311005,0.3688995215311005,1
0.972,0.9,0.07199999999999995,366.0,366.0,0.0,family_Polystyrenes,family,,Polystyrenes,median,SCP,366.0,0.0,0.9635036496350365,-0.06350364963503652,0.07857529061908623,3,0.972,-0.07199999999999995,0.07199999999999995,1
0.984,0.9,0.08399999999999996,394.01919999999996,409.6,0.0,family_Polystyrenes,family,,Polystyrenes,median,Mondrian-similarity,394.01919999999996,0.0,0.9722222222222222,-0.07222222222222219,0.08587456069207892,3,0.984,-0.08399999999999996,0.08399999999999996,1
0.972,0.9,0.07199999999999995,366.0,366.0,0.0,family_Polystyrenes,family,,Polystyrenes,median,Mondrian-family,366.0,1.0,0.9635036496350365,-0.06350364963503652,0.07857529061908623,3,0.972,-0.07199999999999995,0.07199999999999995,1
0.864,0.9,-0.03600000000000003,240.95475528505472,238.42705453977922,0.0,family_Polystyrenes,family,,Polystyrenes,median,Normalised SCP,709.5345406198988,0.0,0.8248175182481752,0.07518248175182485,0.07135712354690456,3,0.864,0.03600000000000003,0.03600000000000003,1
0.704,0.9,-0.19600000000000006,128.90805904702074,128.90805904702074,0.0,family_Polystyrenes,family,,Polystyrenes,svr,SCP,46124.49485777456,0.0,0.583941605839416,0.316058394160584,0.1349073526080826,3,0.704,0.19600000000000006,0.19600000000000006,1
0.984,0.9,0.08399999999999996,315.2397745320975,388.80592167809476,0.0,family_Polystyrenes,family,,Polystyrenes,svr,Mondrian-similarity,315.2397745320975,0.0,0.9722222222222222,-0.07222222222222219,0.07929864170740082,3,0.984,-0.08399999999999996,0.08399999999999996,1
0.704,0.9,-0.19600000000000006,128.90805904702074,128.90805904702074,0.0,family_Polystyrenes,family,,Polystyrenes,svr,Mondrian-family,46124.49485777456,1.0,0.583941605839416,0.316058394160584,0.1349073526080826,3,0.704,0.19600000000000006,0.19600000000000006,1
0.732,0.9,-0.16800000000000004,132.89370279602937,119.27560629411231,0.0,family_Polystyrenes,family,,Polystyrenes,svr,Normalised SCP,20528.092267748947,0.0,0.6642335766423357,0.2357664233576643,0.15293815713523748,3,0.732,0.16800000000000004,0.16800000000000004,1
0.732,0.9,-0.16800000000000004,118.68899999999995,118.68899999999996,0.0,family_Polystyrenes,family,,Polystyrenes,random_forest,SCP,18333.891613407966,0.0,0.6131386861313869,0.28686131386861313,0.1331579754937419,3,0.732,0.16800000000000004,0.16800000000000004,1
0.988,0.9,0.08799999999999997,289.25733271999985,331.87795999999986,0.0,family_Polystyrenes,family,,Polystyrenes,random_forest,Mondrian-similarity,289.25733271999985,0.0,0.972972972972973,-0.072972972972973,0.08392827133703047,3,0.988,-0.08799999999999997,0.08799999999999997,1
0.732,0.9,-0.16800000000000004,118.68899999999995,118.68899999999996,0.0,family_Polystyrenes,family,,Polystyrenes,random_forest,Mondrian-family,18333.891613407966,1.0,0.6131386861313869,0.28686131386861313,0.1331579754937419,3,0.732,0.16800000000000004,0.16800000000000004,1
0.704,0.9,-0.19600000000000006,119.04461583912388,112.48701837875637,0.0,family_Polystyrenes,family,,Polystyrenes,random_forest,Normalised SCP,42595.263722918644,0.0,0.6277372262773723,0.27226277372262775,0.17874224589553056,3,0.704,0.19600000000000006,0.19600000000000006,1
0.692,0.9,-0.20800000000000007,106.0596603090082,106.05966030900817,0.0,family_Polystyrenes,family,,Polystyrenes,hist_gbr,SCP,54393.59945718031,0.0,0.583941605839416,0.316058394160584,0.15755500025573022,3,0.692,0.20800000000000007,0.20800000000000007,1
0.972,0.9,0.07199999999999995,262.73936150765627,314.0901558918521,0.0,family_Polystyrenes,family,,Polystyrenes,hist_gbr,Mondrian-similarity,262.73936150765627,0.0,0.9459459459459459,-0.04594594594594592,0.0678565426740609,3,0.972,-0.07199999999999995,0.07199999999999995,1
0.692,0.9,-0.20800000000000007,106.0596603090082,106.05966030900817,0.0,family_Polystyrenes,family,,Polystyrenes,hist_gbr,Mondrian-family,54393.59945718031,1.0,0.583941605839416,0.316058394160584,0.15755500025573022,3,0.692,0.20800000000000007,0.20800000000000007,1
0.704,0.9,-0.19600000000000006,109.56851731619358,105.46973001670997,0.0,family_Polystyrenes,family,,Polystyrenes,hist_gbr,Normalised SCP,39204.62809607057,0.0,0.6131386861313869,0.28686131386861313,0.14807289040865682,3,0.704,0.19600000000000006,0.19600000000000006,1
0.676,0.9,-0.22399999999999998,115.13360000000002,115.1336,0.0,family_Polystyrenes,family,,Polystyrenes,extra_trees,SCP,95424.74383990285,0.0,0.5547445255474452,0.3452554744525548,0.15852860159429505,3,0.676,0.22399999999999998,0.22399999999999998,1
0.984,0.9,0.08399999999999996,279.54476711999996,329.34220000000005,0.0,family_Polystyrenes,family,,Polystyrenes,extra_trees,Mondrian-similarity,279.54476711999996,0.0,0.9722222222222222,-0.07222222222222219,0.07929864170740082,3,0.984,-0.08399999999999996,0.08399999999999996,1
0.676,0.9,-0.22399999999999998,115.13360000000002,115.1336,0.0,family_Polystyrenes,family,,Polystyrenes,extra_trees,Mondrian-family,95424.74383990285,1.0,0.5547445255474452,0.3452554744525548,0.15852860159429505,3,0.676,0.22399999999999998,0.22399999999999998,1
0.648,0.9,-0.252,116.36647646001313,113.67755238583943,0.0,family_Polystyrenes,family,,Polystyrenes,extra_trees,Normalised SCP,223405.6577388463,0.0,0.5693430656934306,0.3306569343065694,0.22598474386795556,3,0.648,0.252,0.252,1
0.7833333333333333,0.9,-0.1166666666666667,358.0,358.0,0.0,family_Polysulfides,family,,Polysulfides,median,SCP,11855.331801211858,0.0,0.5294117647058824,0.37058823529411766,0.13955505279034694,3,0.7833333333333333,0.1166666666666667,0.1166666666666667,1
0.8166666666666667,0.9,-0.08333333333333337,367.57,366.0,0.0,family_Polysulfides,family,,Polysulfides,median,Mondrian-similarity,4477.91930513578,0.0,0.5294117647058824,0.37058823529411766,0.1693627450980392,3,0.8166666666666667,0.08333333333333337,0.08333333333333337,1
0.7833333333333333,0.9,-0.1166666666666667,358.0,358.0,0.0,family_Polysulfides,family,,Polysulfides,median,Mondrian-family,11855.331801211858,1.0,0.5294117647058824,0.37058823529411766,0.13955505279034694,3,0.7833333333333333,0.1166666666666667,0.1166666666666667,1
0.9333333333333333,0.9,0.033333333333333326,350.0125519748224,258.9510289633946,0.0,family_Polysulfides,family,,Polysulfides,median,Normalised SCP,350.0125519748224,0.0,0.8823529411764706,0.01764705882352946,0.02607466063348418,3,0.9333333333333333,-0.033333333333333326,0.033333333333333326,1
0.8666666666666667,0.9,-0.033333333333333326,139.16264195318251,139.16264195318251,0.0,family_Polysulfides,family,,Polysulfides,svr,SCP,378.2832808216883,0.0,0.7647058823529411,0.1352941176470589,0.08195701357466068,3,0.8666666666666667,0.033333333333333326,0.033333333333333326,1
0.9833333333333333,0.9,0.08333333333333326,238.6885720450959,233.3730774592965,0.0,family_Polysulfides,family,,Polysulfides,svr,Mondrian-similarity,238.6885720450959,0.0,0.9375,-0.03749999999999998,0.07916666666666665,3,0.9833333333333333,-0.08333333333333326,0.08333333333333326,1
0.8666666666666667,0.9,-0.033333333333333326,139.16264195318251,139.16264195318251,0.0,family_Polysulfides,family,,Polysulfides,svr,Mondrian-family,378.2832808216883,1.0,0.7647058823529411,0.1352941176470589,0.08195701357466068,3,0.8666666666666667,0.033333333333333326,0.033333333333333326,1
0.8833333333333333,0.9,-0.01666666666666672,155.78289096014177,149.12469545401888,0.0,family_Polysulfides,family,,Polysulfides,svr,Normalised SCP,256.84256593714485,0.0,0.7647058823529411,0.1352941176470589,0.07554675716440425,3,0.8833333333333333,0.01666666666666672,0.01666666666666672,1
0.7833333333333333,0.9,-0.1166666666666667,131.05388,131.05388,0.0,family_Polysulfides,family,,Polysulfides,random_forest,SCP,4339.908467140231,0.0,0.6470588235294118,0.2529411764705882,0.1420060331825038,3,0.7833333333333333,0.1166666666666667,0.1166666666666667,1
0.85,0.9,-0.050000000000000044,191.37041966666666,221.84040000000005,0.0,family_Polysulfides,family,,Polysulfides,random_forest,Mondrian-similarity,857.6627182061097,0.0,0.7647058823529411,0.1352941176470589,0.065290346907994,3,0.85,0.050000000000000044,0.050000000000000044,1
0.7833333333333333,0.9,-0.1166666666666667,131.05388,131.05388,0.0,family_Polysulfides,family,,Polysulfides,random_forest,Mondrian-family,4339.908467140231,1.0,0.6470588235294118,0.2529411764705882,0.1420060331825038,3,0.7833333333333333,0.1166666666666667,0.1166666666666667,1
0.8333333333333334,0.9,-0.06666666666666665,173.3029969115555,168.84711809740682,0.0,family_Polysulfides,family,,Polysulfides,random_forest,Normalised SCP,1280.5455662922884,0.0,0.7058823529411765,0.1941176470588235,0.0807315233785822,3,0.8333333333333334,0.06666666666666665,0.06666666666666665,1
0.8,0.9,-0.09999999999999998,122.03144691261511,122.03144691261508,0.0,family_Polysulfides,family,,Polysulfides,hist_gbr,SCP,2451.067132753344,0.0,0.5882352941176471,0.31176470588235294,0.14078054298642537,3,0.8,0.09999999999999998,0.09999999999999998,1
0.8833333333333333,0.9,-0.01666666666666672,193.0111394063346,231.21881572304665,0.0,family_Polysulfides,family,,Polysulfides,hist_gbr,Mondrian-similarity,318.22157102129205,0.0,0.8235294117647058,0.07647058823529418,0.04568250377073909,3,0.8833333333333333,0.01666666666666672,0.01666666666666672,1
0.8,0.9,-0.09999999999999998,122.03144691261511,122.03144691261508,0.0,family_Polysulfides,family,,Polysulfides,hist_gbr,Mondrian-family,2451.067132753344,1.0,0.5882352941176471,0.31176470588235294,0.14078054298642537,3,0.8,0.09999999999999998,0.09999999999999998,1
0.85,0.9,-0.050000000000000044,151.701176923569,144.11478036379737,0.0,family_Polysulfides,family,,Polysulfides,hist_gbr,Normalised SCP,679.8775065757811,0.0,0.7058823529411765,0.1941176470588235,0.08489819004524886,3,0.85,0.050000000000000044,0.050000000000000044,1
0.7666666666666667,0.9,-0.1333333333333333,123.41080000000008,123.41080000000011,0.0,family_Polysulfides,family,,Polysulfides,extra_trees,SCP,6738.001374110355,0.0,0.6470588235294118,0.2529411764705882,0.15226244343891404,3,0.7666666666666667,0.1333333333333333,0.1333333333333333,1
0.8333333333333334,0.9,-0.06666666666666665,188.65210000000005,208.19664,0.0,family_Polysulfides,family,,Polysulfides,extra_trees,Mondrian-similarity,1393.9609500810745,0.0,0.7647058823529411,0.1352941176470589,0.065290346907994,3,0.8333333333333334,0.06666666666666665,0.06666666666666665,1
0.7666666666666667,0.9,-0.1333333333333333,123.41080000000008,123.41080000000011,0.0,family_Polysulfides,family,,Polysulfides,extra_trees,Mondrian-family,6738.001374110355,1.0,0.6470588235294118,0.2529411764705882,0.15226244343891404,3,0.7666666666666667,0.1333333333333333,0.1333333333333333,1
0.8166666666666667,0.9,-0.08333333333333337,149.19499779376028,141.96253417669516,0.0,family_Polysulfides,family,,Polysulfides,extra_trees,Normalised SCP,1817.5671595896542,0.0,0.7058823529411765,0.1941176470588235,0.10156485671191555,3,0.8166666666666667,0.08333333333333337,0.08333333333333337,1
0.9612068965517241,0.9,0.061206896551724066,363.5,363.5,0.0,family_Polysulfones,family,,Polysulfones,median,SCP,363.5,0.0,0.8461538461538461,0.05384615384615388,0.06371447412760373,6,0.9612068965517241,-0.061206896551724066,0.061206896551724066,1
0.9568965517241379,0.9,0.05689655172413788,357.52370689655174,369.75,0.0,family_Polysulfones,family,,Polysulfones,median,Mondrian-similarity,357.52370689655174,0.0,0.8461538461538461,0.05384615384615388,0.0607904975194166,6,0.9568965517241379,-0.05689655172413788,0.05689655172413788,1
0.9612068965517241,0.9,0.061206896551724066,363.5,363.5,0.0,family_Polysulfones,family,,Polysulfones,median,Mondrian-family,363.5,1.0,0.8461538461538461,0.05384615384615388,0.06371447412760373,6,0.9612068965517241,-0.061206896551724066,0.061206896551724066,1
0.9353448275862069,0.9,0.03534482758620683,290.5266324228457,256.55284049677897,0.0,family_Polysulfones,family,,Polysulfones,median,Normalised SCP,290.5266324228457,0.0,0.8709677419354839,0.029032258064516148,0.05108502346759277,6,0.9353448275862069,-0.03534482758620683,0.03534482758620683,1
0.8793103448275862,0.9,-0.020689655172413834,135.9990154292504,135.99901542925033,0.0,family_Polysulfones,family,,Polysulfones,svr,SCP,252.98679694849477,0.0,0.7777777777777778,0.12222222222222223,0.06583058832634385,6,0.8793103448275862,0.020689655172413834,0.020689655172413834,1
0.9568965517241379,0.9,0.05689655172413788,189.5119207782023,179.87908071703237,0.0,family_Polysulfones,family,,Polysulfones,svr,Mondrian-similarity,189.5119207782023,0.0,0.9122807017543859,-0.012280701754385892,0.055437371113658596,6,0.9568965517241379,-0.05689655172413788,0.05689655172413788,1
0.8793103448275862,0.9,-0.020689655172413834,135.9990154292504,135.99901542925033,0.0,family_Polysulfones,family,,Polysulfones,svr,Mondrian-family,252.98679694849477,1.0,0.7777777777777778,0.12222222222222223,0.06583058832634385,6,0.8793103448275862,0.020689655172413834,0.020689655172413834,1
0.8275862068965517,0.9,-0.07241379310344831,123.30719854146776,117.96287546974743,0.0,family_Polysulfones,family,,Polysulfones,svr,Normalised SCP,1082.5694164819897,0.0,0.6851851851851852,0.2148148148148148,0.08846016797346734,6,0.8275862068965517,0.07241379310344831,0.07241379310344831,1
0.7629310344827587,0.9,-0.13706896551724135,125.35750000000004,125.35750000000002,0.0,family_Polysulfones,family,,Polysulfones,random_forest,SCP,7655.951672938343,0.0,0.6129032258064516,0.2870967741935484,0.15518939338973295,6,0.7629310344827587,0.13706896551724135,0.13706896551724135,1
0.8836206896551724,0.9,-0.016379310344827647,172.69587086206906,154.9434000000004,0.0,family_Polysulfones,family,,Polysulfones,random_forest,Mondrian-similarity,282.2833590866261,0.0,0.7543859649122807,0.1456140350877193,0.047662592286248195,6,0.8836206896551724,0.016379310344827647,0.016379310344827647,1
0.7629310344827587,0.9,-0.13706896551724135,125.35750000000004,125.35750000000002,0.0,family_Polysulfones,family,,Polysulfones,random_forest,Mondrian-family,7655.951672938343,1.0,0.6129032258064516,0.2870967741935484,0.15518939338973295,6,0.7629310344827587,0.13706896551724135,0.13706896551724135,1
0.7456896551724138,0.9,-0.1543103448275862,125.23295051035207,118.34654168937426,0.0,family_Polysulfones,family,,Polysulfones,random_forest,Normalised SCP,12829.287880957254,0.0,0.6140350877192983,0.28596491228070176,0.15238892194183648,6,0.7456896551724138,0.1543103448275862,0.1543103448275862,1
0.8491379310344828,0.9,-0.05086206896551726,123.04998062760095,123.04998062760097,0.0,family_Polysulfones,family,,Polysulfones,hist_gbr,SCP,565.9199790101512,0.0,0.7368421052631579,0.16315789473684217,0.08677043679873335,6,0.8491379310344828,0.05086206896551726,0.05086206896551726,1
0.9224137931034483,0.9,0.022413793103448265,175.5401833685077,145.8833976944361,0.0,family_Polysulfones,family,,Polysulfones,hist_gbr,Mondrian-similarity,175.5401833685077,0.0,0.8421052631578947,0.05789473684210533,0.0554548649908016,6,0.9224137931034483,-0.022413793103448265,0.022413793103448265,1
0.8491379310344828,0.9,-0.05086206896551726,123.04998062760095,123.04998062760097,0.0,family_Polysulfones,family,,Polysulfones,hist_gbr,Mondrian-family,565.9199790101512,1.0,0.7368421052631579,0.16315789473684217,0.08677043679873335,6,0.8491379310344828,0.05086206896551726,0.05086206896551726,1
0.8362068965517241,0.9,-0.06379310344827593,119.30629218446632,115.05215713863852,0.0,family_Polysulfones,family,,Polysulfones,hist_gbr,Normalised SCP,808.7478389270841,0.0,0.7543859649122807,0.1456140350877193,0.07103876546434555,6,0.8362068965517241,0.06379310344827593,0.06379310344827593,1
0.8405172413793104,0.9,-0.059482758620689635,122.59840000000001,122.5984,0.0,family_Polysulfones,family,,Polysulfones,extra_trees,SCP,730.2571493276907,0.0,0.7419354838709677,0.15806451612903227,0.09031169735753776,6,0.8405172413793104,0.059482758620689635,0.059482758620689635,1
0.9051724137931034,0.9,0.005172413793103403,164.61556146551723,156.64393999999996,0.0,family_Polysulfones,family,,Polysulfones,extra_trees,Mondrian-similarity,164.61556146551723,0.0,0.7692307692307693,0.13076923076923075,0.05670297653885655,6,0.9051724137931034,-0.005172413793103403,0.005172413793103403,1
0.8405172413793104,0.9,-0.059482758620689635,122.59840000000001,122.5984,0.0,family_Polysulfones,family,,Polysulfones,extra_trees,Mondrian-family,730.2571493276907,1.0,0.7419354838709677,0.15806451612903227,0.09031169735753776,6,0.8405172413793104,0.059482758620689635,0.059482758620689635,1
0.8448275862068966,0.9,-0.05517241379310345,124.84949581543778,121.47919760173004,0.0,family_Polysulfones,family,,Polysulfones,extra_trees,Normalised SCP,653.4600456589487,0.0,0.7419354838709677,0.15806451612903227,0.08002779672275996,6,0.8448275862068966,0.05517241379310345,0.05517241379310345,1
0.9772727272727273,0.9,0.07727272727272727,360.0,360.0,0.0,family_Polyureas,family,,Polyureas,median,SCP,360.0,0.0,0.95,-0.04999999999999993,0.07499999999999996,2,0.9772727272727273,-0.07727272727272727,0.07727272727272727,1
1.0,0.9,0.09999999999999998,357.8636363636364,368.0,0.0,family_Polyureas,family,,Polyureas,median,Mondrian-similarity,357.8636363636364,0.0,1.0,-0.09999999999999998,0.09999999999999998,2,1.0,-0.09999999999999998,0.09999999999999998,1
0.9772727272727273,0.9,0.07727272727272727,360.0,360.0,0.0,family_Polyureas,family,,Polyureas,median,Mondrian-family,360.0,1.0,0.95,-0.04999999999999993,0.07499999999999996,2,0.9772727272727273,-0.07727272727272727,0.07727272727272727,1
0.7727272727272727,0.9,-0.12727272727272732,277.86081661720135,225.1262073086005,0.0,family_Polyureas,family,,Polyureas,median,Normalised SCP,12648.604183599698,0.0,0.8,0.09999999999999998,0.09999999999999998,2,0.7727272727272727,0.12727272727272732,0.12727272727272732,1
0.7045454545454546,0.9,-0.19545454545454544,143.11848264924117,143.1184826492412,0.0,family_Polyureas,family,,Polyureas,svr,SCP,50377.967254676805,0.0,0.7,0.20000000000000007,0.15000000000000002,2,0.7045454545454546,0.19545454545454544,0.19545454545454544,1
0.8636363636363636,0.9,-0.036363636363636376,204.07776634696305,173.09767419651405,0.0,family_Polyureas,family,,Polyureas,svr,Mondrian-similarity,607.5352630453708,0.0,0.8,0.09999999999999998,0.09999999999999998,2,0.8636363636363636,0.036363636363636376,0.036363636363636376,1
0.7045454545454546,0.9,-0.19545454545454544,143.11848264924117,143.1184826492412,0.0,family_Polyureas,family,,Polyureas,svr,Mondrian-family,50377.967254676805,1.0,0.7,0.20000000000000007,0.15000000000000002,2,0.7045454545454546,0.19545454545454544,0.19545454545454544,1
0.38636363636363635,0.9,-0.5136363636363637,122.8965169909604,121.92198171235691,0.0,family_Polyureas,family,,Polyureas,svr,Normalised SCP,604815242.5093912,0.0,0.25,0.65,0.525,2,0.38636363636363635,0.5136363636363637,0.5136363636363637,1
0.6136363636363636,0.9,-0.2863636363636364,129.01104,129.01103999999998,0.0,family_Polyureas,family,,Polyureas,random_forest,SCP,694402.521145961,0.0,0.5,0.4,0.30000000000000004,2,0.6136363636363636,0.2863636363636364,0.2863636363636364,1
0.7727272727272727,0.9,-0.12727272727272732,182.14196545454544,165.41400000000004,0.0,family_Polyureas,family,,Polyureas,random_forest,Mondrian-similarity,8291.351239463724,0.0,0.6,0.30000000000000004,0.15000000000000002,2,0.7727272727272727,0.12727272727272732,0.12727272727272732,1
0.6136363636363636,0.9,-0.2863636363636364,129.01104,129.01103999999998,0.0,family_Polyureas,family,,Polyureas,random_forest,Mondrian-family,694402.521145961,1.0,0.5,0.4,0.30000000000000004,2,0.6136363636363636,0.2863636363636364,0.2863636363636364,1
0.5,0.9,-0.4,114.82996547914341,115.32133008841993,0.0,family_Polyureas,family,,Polyureas,random_forest,Normalised SCP,18689127.080209404,0.0,0.3,0.6000000000000001,0.45000000000000007,2,0.5,0.4,0.4,1
0.5454545454545454,0.9,-0.3545454545454546,119.20449151201652,119.20449151201649,0.0,family_Polyureas,family,,Polyureas,hist_gbr,SCP,4961427.5547823,0.0,0.45,0.45,0.42500000000000004,2,0.5454545454545454,0.3545454545454546,0.3545454545454546,1
0.7727272727272727,0.9,-0.12727272727272732,181.5419782570506,150.35235973251207,0.0,family_Polyureas,family,,Polyureas,hist_gbr,Mondrian-similarity,8264.039002104275,0.0,0.5,0.4,0.25,2,0.7727272727272727,0.12727272727272732,0.12727272727272732,1
0.5454545454545454,0.9,-0.3545454545454546,119.20449151201652,119.20449151201649,0.0,family_Polyureas,family,,Polyureas,hist_gbr,Mondrian-family,4961427.5547823,1.0,0.45,0.45,0.42500000000000004,2,0.5454545454545454,0.3545454545454546,0.3545454545454546,1
0.45454545454545453,0.9,-0.4454545454545455,107.99070461021319,117.14362493066221,0.0,family_Polyureas,family,,Polyureas,hist_gbr,Normalised SCP,68728981.12205523,0.0,0.3,0.6000000000000001,0.45000000000000007,2,0.45454545454545453,0.4454545454545455,0.4454545454545455,1
0.5681818181818182,0.9,-0.3318181818181818,126.21191999999995,126.21191999999996,0.0,family_Polyureas,family,,Polyureas,extra_trees,SCP,2656467.6667871713,0.0,0.4,0.5,0.4,2,0.5681818181818182,0.3318181818181818,0.3318181818181818,1
0.7045454545454546,0.9,-0.19545454545454544,178.04123363636361,149.40878000000004,0.0,family_Polyureas,family,,Polyureas,extra_trees,Mondrian-similarity,62670.83937786945,0.0,0.5,0.4,0.2,2,0.7045454545454546,0.19545454545454544,0.19545454545454544,1
0.5681818181818182,0.9,-0.3318181818181818,126.21191999999995,126.21191999999996,0.0,family_Polyureas,family,,Polyureas,extra_trees,Mondrian-family,2656467.6667871713,1.0,0.4,0.5,0.4,2,0.5681818181818182,0.3318181818181818,0.3318181818181818,1
0.5227272727272727,0.9,-0.3772727272727273,107.22720922384988,108.37548626752434,0.0,family_Polyureas,family,,Polyureas,extra_trees,Normalised SCP,8825288.504691338,0.0,0.3,0.6000000000000001,0.45000000000000007,2,0.5227272727272727,0.3772727272727273,0.3772727272727273,1
0.9841269841269841,0.9,0.08412698412698405,364.0,364.0,0.0,family_Polyurethanes,family,,Polyurethanes,median,SCP,364.0,0.0,0.975609756097561,-0.07560975609756093,0.08217550352531973,3,0.9841269841269841,-0.08412698412698405,0.08412698412698405,1
0.9894179894179894,0.9,0.0894179894179894,371.4518518518518,382.0,0.0,family_Polyurethanes,family,,Polyurethanes,median,Mondrian-similarity,371.4518518518518,0.0,0.9846153846153847,-0.08461538461538465,0.09030558482613275,3,0.9894179894179894,-0.0894179894179894,0.0894179894179894,1
0.9841269841269841,0.9,0.08412698412698405,364.0,364.0,0.0,family_Polyurethanes,family,,Polyurethanes,median,Mondrian-family,364.0,1.0,0.975609756097561,-0.07560975609756093,0.08217550352531973,3,0.9841269841269841,-0.08412698412698405,0.08412698412698405,1
0.8835978835978836,0.9,-0.016402116402116418,273.3564622862329,243.14021158270114,0.0,family_Polyurethanes,family,,Polyurethanes,median,Normalised SCP,447.1258766408202,0.0,0.6829268292682927,0.2170731707317073,0.09968473446589048,3,0.8835978835978836,0.016402116402116418,0.016402116402116418,1
0.5714285714285714,0.9,-0.3285714285714286,140.0671949190771,140.0671949190771,0.0,family_Polyurethanes,family,,Polyurethanes,svr,SCP,2674478.934011097,0.0,0.43902439024390244,0.4609756097560976,0.36531993454813366,3,0.5714285714285714,0.3285714285714286,0.3285714285714286,1
0.8835978835978836,0.9,-0.016402116402116418,229.80494441738384,238.1727942917708,0.0,family_Polyurethanes,family,,Polyurethanes,svr,Mondrian-similarity,375.8891828261439,0.0,0.8082191780821918,0.09178082191780823,0.05836096190255894,3,0.8835978835978836,0.016402116402116418,0.016402116402116418,1
0.5714285714285714,0.9,-0.3285714285714286,140.0671949190771,140.0671949190771,0.0,family_Polyurethanes,family,,Polyurethanes,svr,Mondrian-family,2674478.934011097,1.0,0.43902439024390244,0.4609756097560976,0.36531993454813366,3,0.5714285714285714,0.3285714285714286,0.3285714285714286,1
0.48148148148148145,0.9,-0.41851851851851857,106.84260212501337,105.67599400503406,0.0,family_Polyurethanes,family,,Polyurethanes,svr,Normalised SCP,30307698.037199173,0.0,0.36585365853658536,0.5341463414634147,0.4570090895851003,3,0.48148148148148145,0.41851851851851857,0.41851851851851857,1
0.7037037037037037,0.9,-0.1962962962962963,122.77199999999999,122.77199999999999,0.0,family_Polyurethanes,family,,Polyurethanes,random_forest,SCP,44321.176452453896,0.0,0.5365853658536586,0.36341463414634145,0.23009500801014335,3,0.7037037037037037,0.1962962962962963,0.1962962962962963,1
0.8835978835978836,0.9,-0.016402116402116418,208.8285943915344,213.15591999999998,0.0,family_Polyurethanes,family,,Polyurethanes,random_forest,Mondrian-similarity,341.5784194529636,0.0,0.8769230769230769,0.023076923076923106,0.018205727895002893,3,0.8835978835978836,0.016402116402116418,0.016402116402116418,1
0.7037037037037037,0.9,-0.1962962962962963,122.77199999999999,122.77199999999999,0.0,family_Polyurethanes,family,,Polyurethanes,random_forest,Mondrian-family,44321.176452453896,1.0,0.5365853658536586,0.36341463414634145,0.23009500801014335,3,0.7037037037037037,0.1962962962962963,0.1962962962962963,1
0.6084656084656085,0.9,-0.29153439153439153,95.6623237468925,93.70956830808649,0.0,family_Polyurethanes,family,,Polyurethanes,random_forest,Normalised SCP,601304.2203538327,0.0,0.4146341463414634,0.48536585365853663,0.3277879153923257,3,0.6084656084656085,0.29153439153439153,0.29153439153439153,1
0.708994708994709,0.9,-0.19100529100529107,119.57338616088232,119.57338616088231,0.0,family_Polyurethanes,family,,Polyurethanes,hist_gbr,SCP,36830.77394401494,0.0,0.6097560975609756,0.2902439024390244,0.21940339424469066,3,0.708994708994709,0.19100529100529107,0.19100529100529107,1
0.8994708994708994,0.9,-0.0005291005291006012,198.07905143436878,198.20665868161353,0.0,family_Polyurethanes,family,,Polyurethanes,hist_gbr,Mondrian-similarity,201.2482491846325,0.0,0.863013698630137,0.03698630136986303,0.04522432684811569,3,0.8994708994708994,0.0005291005291006012,0.0005291005291006012,1
0.708994708994709,0.9,-0.19100529100529107,119.57338616088232,119.57338616088231,0.0,family_Polyurethanes,family,,Polyurethanes,hist_gbr,Mondrian-family,36830.77394401494,1.0,0.6097560975609756,0.2902439024390244,0.21940339424469066,3,0.708994708994709,0.19100529100529107,0.19100529100529107,1
0.5502645502645502,0.9,-0.3497354497354498,88.92591156546209,83.44711122223083,0.0,family_Polyurethanes,family,,Polyurethanes,hist_gbr,Normalised SCP,3203860.5445201835,0.0,0.5068493150684932,0.39315068493150684,0.36757305507723154,3,0.5502645502645502,0.3497354497354498,0.3497354497354498,1
0.6349206349206349,0.9,-0.26507936507936514,114.7406400000002,114.74064000000018,0.0,family_Polyurethanes,family,,Polyurethanes,extra_trees,SCP,326131.2639196237,0.0,0.36585365853658536,0.5341463414634147,0.3155268275548931,3,0.6349206349206349,0.26507936507936514,0.26507936507936514,1
0.8518518518518519,0.9,-0.04814814814814816,181.6316398941799,175.58328000000006,0.0,family_Polyurethanes,family,,Polyurethanes,extra_trees,Mondrian-similarity,770.0266494528057,0.0,0.8292682926829268,0.07073170731707323,0.05385472084436338,3,0.8518518518518519,0.04814814814814816,0.04814814814814816,1
0.6349206349206349,0.9,-0.26507936507936514,114.7406400000002,114.74064000000018,0.0,family_Polyurethanes,family,,Polyurethanes,extra_trees,Mondrian-family,326131.2639196237,1.0,0.36585365853658536,0.5341463414634147,0.3155268275548931,3,0.6349206349206349,0.26507936507936514,0.26507936507936514,1
0.5925925925925926,0.9,-0.30740740740740746,92.39870581345882,89.70718948791398,0.0,family_Polyurethanes,family,,Polyurethanes,extra_trees,Normalised SCP,935031.2165742458,0.0,0.3902439024390244,0.5097560975609756,0.349616626830125,3,0.5925925925925926,0.30740740740740746,0.30740740740740746,1
0.9238578680203046,0.9,0.02385786802030454,360.0,360.0,0.0,family_Polyvinyls,family,,Polyvinyls,median,SCP,360.0,0.0,0.8620689655172413,0.037931034482758696,0.0341207380860132,3,0.9238578680203046,-0.02385786802030454,0.02385786802030454,1
0.9238578680203046,0.9,0.02385786802030454,365.27055837563444,372.0,0.0,family_Polyvinyls,family,,Polyvinyls,median,Mondrian-similarity,365.27055837563444,0.0,0.8275862068965517,0.07241379310344831,0.04936030931163634,3,0.9238578680203046,-0.02385786802030454,0.02385786802030454,1
0.9238578680203046,0.9,0.02385786802030454,360.0,360.0,0.0,family_Polyvinyls,family,,Polyvinyls,median,Mondrian-family,360.0,1.0,0.8620689655172413,0.037931034482758696,0.0341207380860132,3,0.9238578680203046,-0.02385786802030454,0.02385786802030454,1
0.9137055837563451,0.9,0.013705583756345119,338.5044417117801,268.2488974492769,0.0,family_Polyvinyls,family,,Polyvinyls,median,Normalised SCP,338.5044417117801,0.0,0.859375,0.04062500000000002,0.038493235825907246,3,0.9137055837563451,-0.013705583756345119,0.013705583756345119,1
0.934010152284264,0.9,0.03401015228426396,130.81624099758096,130.81624099758096,0.0,family_Polyvinyls,family,,Polyvinyls,svr,SCP,130.81624099758096,0.0,0.9101123595505618,-0.010112359550561778,0.04399578651685391,3,0.934010152284264,-0.03401015228426396,0.03401015228426396,1
1.0,0.9,0.09999999999999998,250.64672731548941,238.77232252649281,0.0,family_Polyvinyls,family,,Polyvinyls,svr,Mondrian-similarity,250.64672731548941,0.0,1.0,-0.09999999999999998,0.09999999999999998,3,1.0,-0.09999999999999998,0.09999999999999998,1
0.934010152284264,0.9,0.03401015228426396,130.81624099758096,130.81624099758096,0.0,family_Polyvinyls,family,,Polyvinyls,svr,Mondrian-family,130.81624099758096,1.0,0.9101123595505618,-0.010112359550561778,0.04399578651685391,3,0.934010152284264,-0.03401015228426396,0.03401015228426396,1
0.9238578680203046,0.9,0.02385786802030454,143.56280796366704,138.1081301188108,0.0,family_Polyvinyls,family,,Polyvinyls,svr,Normalised SCP,143.56280796366704,0.0,0.8620689655172413,0.037931034482758696,0.03225978302983342,3,0.9238578680203046,-0.02385786802030454,0.02385786802030454,1
0.9086294416243654,0.9,0.008629441624365408,124.9736,124.9736,0.0,family_Polyvinyls,family,,Polyvinyls,random_forest,SCP,124.9736,0.0,0.875,0.025000000000000022,0.04578651685393261,3,0.9086294416243654,-0.008629441624365408,0.008629441624365408,1
1.0,0.9,0.09999999999999998,242.65972994923854,219.5901,0.0,family_Polyvinyls,family,,Polyvinyls,random_forest,Mondrian-similarity,242.65972994923854,0.0,1.0,-0.09999999999999998,0.09999999999999998,3,1.0,-0.09999999999999998,0.09999999999999998,1
0.9086294416243654,0.9,0.008629441624365408,124.9736,124.9736,0.0,family_Polyvinyls,family,,Polyvinyls,random_forest,Mondrian-family,124.9736,1.0,0.875,0.025000000000000022,0.04578651685393261,3,0.9086294416243654,-0.008629441624365408,0.008629441624365408,1
0.8934010152284264,0.9,-0.006598984771573613,127.88687566274443,120.67354432653708,0.0,family_Polyvinyls,family,,Polyvinyls,random_forest,Normalised SCP,155.88454427131086,0.0,0.859375,0.04062500000000002,0.015065623789229007,3,0.8934010152284264,0.006598984771573613,0.006598984771573613,1
0.883248730964467,0.9,-0.016751269035533034,113.97775503547463,113.97775503547463,0.0,family_Polyvinyls,family,,Polyvinyls,hist_gbr,SCP,188.39510298430469,0.0,0.828125,0.07187500000000002,0.0536625823324293,3,0.883248730964467,0.016751269035533034,0.016751269035533034,1
0.9847715736040609,0.9,0.08477157360406085,238.16725937358734,194.85751102677312,0.0,family_Polyvinyls,family,,Polyvinyls,hist_gbr,Mondrian-similarity,238.16725937358734,0.0,0.953125,-0.05312499999999998,0.08437499999999998,3,0.9847715736040609,-0.08477157360406085,0.08477157360406085,1
0.883248730964467,0.9,-0.016751269035533034,113.97775503547463,113.97775503547463,0.0,family_Polyvinyls,family,,Polyvinyls,hist_gbr,Mondrian-family,188.39510298430469,1.0,0.828125,0.07187500000000002,0.0536625823324293,3,0.883248730964467,0.016751269035533034,0.016751269035533034,1
0.8934010152284264,0.9,-0.006598984771573613,124.2324813699259,116.79940603672439,0.0,family_Polyvinyls,family,,Polyvinyls,hist_gbr,Normalised SCP,151.4301107262614,0.0,0.796875,0.10312500000000002,0.063330185328684,3,0.8934010152284264,0.006598984771573613,0.006598984771573613,1
0.9086294416243654,0.9,0.008629441624365408,115.62760000000003,115.62760000000003,0.0,family_Polyvinyls,family,,Polyvinyls,extra_trees,SCP,115.62760000000003,0.0,0.828125,0.07187500000000002,0.06440777153558053,3,0.9086294416243654,-0.008629441624365408,0.008629441624365408,1
0.9796954314720813,0.9,0.07969543147208125,228.60354314720811,192.87708000000003,0.0,family_Polyvinyls,family,,Polyvinyls,extra_trees,Mondrian-similarity,228.60354314720811,0.0,0.9375,-0.03749999999999998,0.07916666666666665,3,0.9796954314720813,-0.07969543147208125,0.07969543147208125,1
0.9086294416243654,0.9,0.008629441624365408,115.62760000000003,115.62760000000003,0.0,family_Polyvinyls,family,,Polyvinyls,extra_trees,Mondrian-family,115.62760000000003,1.0,0.828125,0.07187500000000002,0.06440777153558053,3,0.9086294416243654,-0.008629441624365408,0.008629441624365408,1
0.9137055837563451,0.9,0.013705583756345119,128.91601953133744,121.35133043591597,0.0,family_Polyvinyls,family,,Polyvinyls,extra_trees,Normalised SCP,128.91601953133744,0.0,0.828125,0.07187500000000002,0.060404155366137156,3,0.9137055837563451,-0.013705583756345119,0.013705583756345119,1
