coverage,target_coverage,coverage_error,mean_width,median_width,frac_infinite_width,split,regime,arm,group,model,conformal,cwc,fallback_fraction,sim_worst_coverage,sim_max_coverage_gap,sim_n_groups,fam_worst_coverage,fam_max_coverage_gap,fam_mean_abs_coverage_error,fam_n_groups,sim_mean_abs_coverage_error
0.7058823529411765,0.9,-0.1941176470588235,126.77380000000002,126.77380000000002,0.0,matched_Other backbone_0_informed,matched,informed,Other backbone,extra_trees,SCP,42870.26786204214,0.0,,,0,0.7058823529411765,0.1941176470588235,0.1941176470588235,1,
0.8823529411764706,0.9,-0.01764705882352946,156.7171435294115,153.5487199999995,0.0,matched_Other backbone_0_informed,matched,informed,Other backbone,extra_trees,Mondrian-similarity,266.0952457950866,0.0,,,0,0.8823529411764706,0.01764705882352946,0.01764705882352946,1,
0.7058823529411765,0.9,-0.1941176470588235,126.77380000000002,126.77380000000002,0.0,matched_Other backbone_0_informed,matched,informed,Other backbone,extra_trees,Mondrian-family,42870.26786204214,1.0,,,0,0.7058823529411765,0.1941176470588235,0.1941176470588235,1,
0.9411764705882353,0.9,0.04117647058823526,160.47460232387454,158.2972801673203,0.0,matched_Other backbone_0_informed,matched,informed,Other backbone,extra_trees,Normalised SCP,160.47460232387454,0.0,,,0,0.9411764705882353,-0.04117647058823526,0.04117647058823526,1,
0.7647058823529411,0.9,-0.1352941176470589,127.23191413120696,127.23191413120696,0.0,matched_Other backbone_0_informed,matched,informed,Other backbone,hist_gbr,SCP,7367.509809791539,0.0,,,0,0.7647058823529411,0.1352941176470589,0.1352941176470589,1,
0.8823529411764706,0.9,-0.01764705882352946,170.0009231485505,184.74119243255663,0.0,matched_Other backbone_0_informed,matched,informed,Other backbone,hist_gbr,Mondrian-similarity,288.6502166376938,0.0,,,0,0.8823529411764706,0.01764705882352946,0.01764705882352946,1,
0.7647058823529411,0.9,-0.1352941176470589,127.23191413120696,127.23191413120696,0.0,matched_Other backbone_0_informed,matched,informed,Other backbone,hist_gbr,Mondrian-family,7367.509809791539,1.0,,,0,0.7647058823529411,0.1352941176470589,0.1352941176470589,1,
0.9411764705882353,0.9,0.04117647058823526,191.54843851470187,194.02092699939567,0.0,matched_Other backbone_0_informed,matched,informed,Other backbone,hist_gbr,Normalised SCP,191.54843851470187,0.0,,,0,0.9411764705882353,-0.04117647058823526,0.04117647058823526,1,
0.5882352941176471,0.9,-0.31176470588235294,122.79559999999998,122.79559999999998,0.0,matched_Other backbone_0_naive,matched,naive,Other backbone,extra_trees,SCP,1416163.9931804498,0.0,0.45454545454545453,0.4454545454545455,1,0.5882352941176471,0.31176470588235294,0.31176470588235294,1,0.4454545454545455
0.9411764705882353,0.9,0.04117647058823526,255.2361882352941,278.96199999999993,0.0,matched_Other backbone_0_naive,matched,naive,Other backbone,extra_trees,Mondrian-similarity,255.2361882352941,0.0,0.9090909090909091,-0.009090909090909038,1,0.9411764705882353,-0.04117647058823526,0.04117647058823526,1,0.009090909090909038
0.5882352941176471,0.9,-0.31176470588235294,122.79559999999998,122.79559999999998,0.0,matched_Other backbone_0_naive,matched,naive,Other backbone,extra_trees,Mondrian-family,1416163.9931804498,1.0,0.45454545454545453,0.4454545454545455,1,0.5882352941176471,0.31176470588235294,0.31176470588235294,1,0.4454545454545455
0.8823529411764706,0.9,-0.01764705882352946,210.5440231233419,214.24224900626155,0.0,matched_Other backbone_0_naive,matched,naive,Other backbone,extra_trees,Normalised SCP,357.489693354306,0.0,0.8181818181818182,0.08181818181818179,1,0.8823529411764706,0.01764705882352946,0.01764705882352946,1,0.08181818181818179
0.6470588235294118,0.9,-0.2529411764705882,122.44255418488268,122.44255418488268,0.0,matched_Other backbone_0_naive,matched,naive,Other backbone,hist_gbr,SCP,241802.67227248964,0.0,0.5454545454545454,0.3545454545454546,1,0.6470588235294118,0.2529411764705882,0.2529411764705882,1,0.3545454545454546
1.0,0.9,0.09999999999999998,272.68592139683074,318.3525202258077,0.0,matched_Other backbone_0_naive,matched,naive,Other backbone,hist_gbr,Mondrian-similarity,272.68592139683074,0.0,1.0,-0.09999999999999998,1,1.0,-0.09999999999999998,0.09999999999999998,1,0.09999999999999998
0.6470588235294118,0.9,-0.2529411764705882,122.44255418488268,122.44255418488268,0.0,matched_Other backbone_0_naive,matched,naive,Other backbone,hist_gbr,Mondrian-family,241802.67227248964,1.0,0.5454545454545454,0.3545454545454546,1,0.6470588235294118,0.2529411764705882,0.2529411764705882,1,0.3545454545454546
0.7647058823529411,0.9,-0.1352941176470589,202.13578510662745,201.3792520445628,0.0,matched_Other backbone_0_naive,matched,naive,Other backbone,hist_gbr,Normalised SCP,11704.904306848886,0.0,0.7272727272727273,0.17272727272727273,1,0.7647058823529411,0.1352941176470589,0.1352941176470589,1,0.17272727272727273
0.7058823529411765,0.9,-0.1941176470588235,127.74264000000005,127.74264000000005,0.0,matched_Other backbone_0_control,matched,control,Other backbone,extra_trees,SCP,43197.89415639841,0.0,,,0,0.7058823529411765,0.1941176470588235,0.1941176470588235,1,
0.7058823529411765,0.9,-0.1941176470588235,156.81623058823527,140.27159999999992,0.0,matched_Other backbone_0_control,matched,control,Other backbone,extra_trees,Mondrian-similarity,53029.520377502384,0.0,,,0,0.7058823529411765,0.1941176470588235,0.1941176470588235,1,
0.7058823529411765,0.9,-0.1941176470588235,127.74264000000005,127.74264000000005,0.0,matched_Other backbone_0_control,matched,control,Other backbone,extra_trees,Mondrian-family,43197.89415639841,1.0,,,0,0.7058823529411765,0.1941176470588235,0.1941176470588235,1,
0.9411764705882353,0.9,0.04117647058823526,187.88202832782196,192.4672170237932,0.0,matched_Other backbone_0_control,matched,control,Other backbone,extra_trees,Normalised SCP,187.88202832782196,0.0,,,0,0.9411764705882353,-0.04117647058823526,0.04117647058823526,1,
0.6470588235294118,0.9,-0.2529411764705882,120.65084482243117,120.65084482243117,0.0,matched_Other backbone_0_control,matched,control,Other backbone,hist_gbr,SCP,238264.359022978,0.0,,,0,0.6470588235294118,0.2529411764705882,0.2529411764705882,1,
0.7647058823529411,0.9,-0.1352941176470589,164.87984371633246,159.95314539212444,0.0,matched_Other backbone_0_control,matched,control,Other backbone,hist_gbr,Mondrian-similarity,9547.55632116223,0.0,,,0,0.7647058823529411,0.1352941176470589,0.1352941176470589,1,
0.6470588235294118,0.9,-0.2529411764705882,120.65084482243117,120.65084482243117,0.0,matched_Other backbone_0_control,matched,control,Other backbone,hist_gbr,Mondrian-family,238264.359022978,1.0,,,0,0.6470588235294118,0.2529411764705882,0.2529411764705882,1,
0.9411764705882353,0.9,0.04117647058823526,209.09676290757983,204.6360930094782,0.0,matched_Other backbone_0_control,matched,control,Other backbone,hist_gbr,Normalised SCP,209.09676290757983,0.0,,,0,0.9411764705882353,-0.04117647058823526,0.04117647058823526,1,
0.9411764705882353,0.9,0.04117647058823526,126.53908000000007,126.53908000000007,0.0,matched_Other backbone_1_informed,matched,informed,Other backbone,extra_trees,SCP,126.53908000000007,0.0,,,0,0.9411764705882353,-0.04117647058823526,0.04117647058823526,1,
1.0,0.9,0.09999999999999998,189.9060188235293,187.47572000000002,0.0,matched_Other backbone_1_informed,matched,informed,Other backbone,extra_trees,Mondrian-similarity,189.9060188235293,0.0,,,0,1.0,-0.09999999999999998,0.09999999999999998,1,
0.9411764705882353,0.9,0.04117647058823526,126.53908000000007,126.53908000000007,0.0,matched_Other backbone_1_informed,matched,informed,Other backbone,extra_trees,Mondrian-family,126.53908000000007,1.0,,,0,0.9411764705882353,-0.04117647058823526,0.04117647058823526,1,
1.0,0.9,0.09999999999999998,163.2300413704259,141.1080011574562,0.0,matched_Other backbone_1_informed,matched,informed,Other backbone,extra_trees,Normalised SCP,163.2300413704259,0.0,,,0,1.0,-0.09999999999999998,0.09999999999999998,1,
0.7647058823529411,0.9,-0.1352941176470589,125.04558382966309,125.04558382966309,0.0,matched_Other backbone_1_informed,matched,informed,Other backbone,hist_gbr,SCP,7240.907847901239,0.0,,,0,0.7647058823529411,0.1352941176470589,0.1352941176470589,1,
0.8823529411764706,0.9,-0.01764705882352946,193.69943871025393,213.05011080245328,0.0,matched_Other backbone_1_informed,matched,informed,Other backbone,hist_gbr,Mondrian-similarity,328.88871372455964,0.0,,,0,0.8823529411764706,0.01764705882352946,0.01764705882352946,1,
0.7647058823529411,0.9,-0.1352941176470589,125.04558382966309,125.04558382966309,0.0,matched_Other backbone_1_informed,matched,informed,Other backbone,hist_gbr,Mondrian-family,7240.907847901239,1.0,,,0,0.7647058823529411,0.1352941176470589,0.1352941176470589,1,
0.8235294117647058,0.9,-0.07647058823529418,161.20060342319337,149.95732357472562,0.0,matched_Other backbone_1_informed,matched,informed,Other backbone,hist_gbr,Normalised SCP,1598.4140860421724,0.0,,,0,0.8235294117647058,0.07647058823529418,0.07647058823529418,1,
0.8235294117647058,0.9,-0.07647058823529418,122.79559999999998,122.79559999999998,0.0,matched_Other backbone_1_naive,matched,naive,Other backbone,extra_trees,SCP,1217.6022457479203,0.0,,,0,0.8235294117647058,0.07647058823529418,0.07647058823529418,1,
0.9411764705882353,0.9,0.04117647058823526,224.70616235294116,224.74168000000003,0.0,matched_Other backbone_1_naive,matched,naive,Other backbone,extra_trees,Mondrian-similarity,224.70616235294116,0.0,,,0,0.9411764705882353,-0.04117647058823526,0.04117647058823526,1,
0.8235294117647058,0.9,-0.07647058823529418,122.79559999999998,122.79559999999998,0.0,matched_Other backbone_1_naive,matched,naive,Other backbone,extra_trees,Mondrian-family,1217.6022457479203,1.0,,,0,0.8235294117647058,0.07647058823529418,0.07647058823529418,1,
0.8823529411764706,0.9,-0.01764705882352946,191.7787971148954,184.6422627165001,0.0,matched_Other backbone_1_naive,matched,naive,Other backbone,extra_trees,Normalised SCP,325.62759253582846,0.0,,,0,0.8823529411764706,0.01764705882352946,0.01764705882352946,1,
0.7647058823529411,0.9,-0.1352941176470589,122.44255418488268,122.44255418488268,0.0,matched_Other backbone_1_naive,matched,naive,Other backbone,hist_gbr,SCP,7090.176432956708,0.0,,,0,0.7647058823529411,0.1352941176470589,0.1352941176470589,1,
0.9411764705882353,0.9,0.04117647058823526,233.12320296091798,194.74868408855198,0.0,matched_Other backbone_1_naive,matched,naive,Other backbone,hist_gbr,Mondrian-similarity,233.12320296091798,0.0,,,0,0.9411764705882353,-0.04117647058823526,0.04117647058823526,1,
0.7647058823529411,0.9,-0.1352941176470589,122.44255418488268,122.44255418488268,0.0,matched_Other backbone_1_naive,matched,naive,Other backbone,hist_gbr,Mondrian-family,7090.176432956708,1.0,,,0,0.7647058823529411,0.1352941176470589,0.1352941176470589,1,
0.8235294117647058,0.9,-0.07647058823529418,179.043621663968,170.33239602394664,0.0,matched_Other backbone_1_naive,matched,naive,Other backbone,hist_gbr,Normalised SCP,1775.3397990228352,0.0,,,0,0.8235294117647058,0.07647058823529418,0.07647058823529418,1,
0.8823529411764706,0.9,-0.01764705882352946,130.42228,130.42228,0.0,matched_Other backbone_1_control,matched,control,Other backbone,extra_trees,SCP,221.44832321578454,0.0,,,0,0.8823529411764706,0.01764705882352946,0.01764705882352946,1,
1.0,0.9,0.09999999999999998,207.36933294117645,235.01079999999996,0.0,matched_Other backbone_1_control,matched,control,Other backbone,extra_trees,Mondrian-similarity,207.36933294117645,0.0,,,0,1.0,-0.09999999999999998,0.09999999999999998,1,
0.8823529411764706,0.9,-0.01764705882352946,130.42228,130.42228,0.0,matched_Other backbone_1_control,matched,control,Other backbone,extra_trees,Mondrian-family,221.44832321578454,1.0,,,0,0.8823529411764706,0.01764705882352946,0.01764705882352946,1,
1.0,0.9,0.09999999999999998,159.01294476089333,154.383010804383,0.0,matched_Other backbone_1_control,matched,control,Other backbone,extra_trees,Normalised SCP,159.01294476089333,0.0,,,0,1.0,-0.09999999999999998,0.09999999999999998,1,
0.8235294117647058,0.9,-0.07647058823529418,124.76414514080625,124.76414514080625,0.0,matched_Other backbone_1_control,matched,control,Other backbone,hist_gbr,SCP,1237.1217153730686,0.0,,,0,0.8235294117647058,0.07647058823529418,0.07647058823529418,1,
0.8823529411764706,0.9,-0.01764705882352946,207.54760286808073,210.63934335318254,0.0,matched_Other backbone_1_control,matched,control,Other backbone,hist_gbr,Mondrian-similarity,352.40197183021206,0.0,,,0,0.8823529411764706,0.01764705882352946,0.01764705882352946,1,
0.8235294117647058,0.9,-0.07647058823529418,124.76414514080625,124.76414514080625,0.0,matched_Other backbone_1_control,matched,control,Other backbone,hist_gbr,Mondrian-family,1237.1217153730686,1.0,,,0,0.8235294117647058,0.07647058823529418,0.07647058823529418,1,
0.8235294117647058,0.9,-0.07647058823529418,154.7544757487868,140.61852276448082,0.0,matched_Other backbone_1_control,matched,control,Other backbone,hist_gbr,Normalised SCP,1534.496327321703,0.0,,,0,0.8235294117647058,0.07647058823529418,0.07647058823529418,1,
0.7647058823529411,0.9,-0.1352941176470589,127.40199999999999,127.40199999999999,0.0,matched_Other backbone_2_informed,matched,informed,Other backbone,extra_trees,SCP,7377.358826961455,0.0,,,0,0.7647058823529411,0.1352941176470589,0.1352941176470589,1,
0.9411764705882353,0.9,0.04117647058823526,187.90542352941162,212.2313600000001,0.0,matched_Other backbone_2_informed,matched,informed,Other backbone,extra_trees,Mondrian-similarity,187.90542352941162,0.0,,,0,0.9411764705882353,-0.04117647058823526,0.04117647058823526,1,
0.7647058823529411,0.9,-0.1352941176470589,127.40199999999999,127.40199999999999,0.0,matched_Other backbone_2_informed,matched,informed,Other backbone,extra_trees,Mondrian-family,7377.358826961455,1.0,,,0,0.7647058823529411,0.1352941176470589,0.1352941176470589,1,
0.8235294117647058,0.9,-0.07647058823529418,152.67209988352013,137.16659517494494,0.0,matched_Other backbone_2_informed,matched,informed,Other backbone,extra_trees,Normalised SCP,1513.8481483149635,0.0,,,0,0.8235294117647058,0.07647058823529418,0.07647058823529418,1,
0.8235294117647058,0.9,-0.07647058823529418,132.32647975289348,132.32647975289348,0.0,matched_Other backbone_2_informed,matched,informed,Other backbone,hist_gbr,SCP,1312.1074282713698,0.0,,,0,0.8235294117647058,0.07647058823529418,0.07647058823529418,1,
1.0,0.9,0.09999999999999998,183.19942151228466,201.52489100034728,0.0,matched_Other backbone_2_informed,matched,informed,Other backbone,hist_gbr,Mondrian-similarity,183.19942151228466,0.0,,,0,1.0,-0.09999999999999998,0.09999999999999998,1,
0.8235294117647058,0.9,-0.07647058823529418,132.32647975289348,132.32647975289348,0.0,matched_Other backbone_2_informed,matched,informed,Other backbone,hist_gbr,Mondrian-family,1312.1074282713698,1.0,,,0,0.8235294117647058,0.07647058823529418,0.07647058823529418,1,
0.8823529411764706,0.9,-0.01764705882352946,166.9917255005467,146.4440708466768,0.0,matched_Other backbone_2_informed,matched,informed,Other backbone,hist_gbr,Normalised SCP,283.54079995386246,0.0,,,0,0.8823529411764706,0.01764705882352946,0.01764705882352946,1,
0.5294117647058824,0.9,-0.37058823529411766,122.79559999999998,122.79559999999998,0.0,matched_Other backbone_2_naive,matched,naive,Other backbone,extra_trees,SCP,8270191.670022555,0.0,,,0,0.5294117647058824,0.37058823529411766,0.37058823529411766,1,
0.9411764705882353,0.9,0.04117647058823526,218.61960588235294,224.74167999999997,0.0,matched_Other backbone_2_naive,matched,naive,Other backbone,extra_trees,Mondrian-similarity,218.61960588235294,0.0,,,0,0.9411764705882353,-0.04117647058823526,0.04117647058823526,1,
0.5294117647058824,0.9,-0.37058823529411766,122.79559999999998,122.79559999999998,0.0,matched_Other backbone_2_naive,matched,naive,Other backbone,extra_trees,Mondrian-family,8270191.670022555,1.0,,,0,0.5294117647058824,0.37058823529411766,0.37058823529411766,1,
0.8235294117647058,0.9,-0.07647058823529418,157.9524406251385,115.47219209363834,0.0,matched_Other backbone_2_naive,matched,naive,Other backbone,extra_trees,Normalised SCP,1566.206333342023,0.0,,,0,0.8235294117647058,0.07647058823529418,0.07647058823529418,1,
0.7058823529411765,0.9,-0.1941176470588235,122.44255418488268,122.44255418488268,0.0,matched_Other backbone_2_naive,matched,naive,Other backbone,hist_gbr,SCP,41405.598756356034,0.0,,,0,0.7058823529411765,0.1941176470588235,0.1941176470588235,1,
0.9411764705882353,0.9,0.04117647058823526,217.42527471579396,194.74868408855198,0.0,matched_Other backbone_2_naive,matched,naive,Other backbone,hist_gbr,Mondrian-similarity,217.42527471579396,0.0,,,0,0.9411764705882353,-0.04117647058823526,0.04117647058823526,1,
0.7058823529411765,0.9,-0.1941176470588235,122.44255418488268,122.44255418488268,0.0,matched_Other backbone_2_naive,matched,naive,Other backbone,hist_gbr,Mondrian-family,41405.598756356034,1.0,,,0,0.7058823529411765,0.1941176470588235,0.1941176470588235,1,
0.8235294117647058,0.9,-0.07647058823529418,158.6277483954622,133.29292747903767,0.0,matched_Other backbone_2_naive,matched,naive,Other backbone,hist_gbr,Normalised SCP,1572.9024711329303,0.0,,,0,0.8235294117647058,0.07647058823529418,0.07647058823529418,1,
0.8235294117647058,0.9,-0.07647058823529418,123.29944000000008,123.29944000000006,0.0,matched_Other backbone_2_control,matched,control,Other backbone,extra_trees,SCP,1222.5981634802963,0.0,,,0,0.8235294117647058,0.07647058823529418,0.07647058823529418,1,
0.9411764705882353,0.9,0.04117647058823526,174.73902352941175,173.19648000000018,0.0,matched_Other backbone_2_control,matched,control,Other backbone,extra_trees,Mondrian-similarity,174.73902352941175,0.0,,,0,0.9411764705882353,-0.04117647058823526,0.04117647058823526,1,
0.8235294117647058,0.9,-0.07647058823529418,123.29944000000008,123.29944000000006,0.0,matched_Other backbone_2_control,matched,control,Other backbone,extra_trees,Mondrian-family,1222.5981634802963,1.0,,,0,0.8235294117647058,0.07647058823529418,0.07647058823529418,1,
0.9411764705882353,0.9,0.04117647058823526,185.68913778920486,182.54452122156027,0.0,matched_Other backbone_2_control,matched,control,Other backbone,extra_trees,Normalised SCP,185.68913778920486,0.0,,,0,0.9411764705882353,-0.04117647058823526,0.04117647058823526,1,
0.7647058823529411,0.9,-0.1352941176470589,118.77411852302112,118.77411852302112,0.0,matched_Other backbone_2_control,matched,control,Other backbone,hist_gbr,SCP,6877.751461518468,0.0,,,0,0.7647058823529411,0.1352941176470589,0.1352941176470589,1,
1.0,0.9,0.09999999999999998,189.6974089551849,192.54450843249077,0.0,matched_Other backbone_2_control,matched,control,Other backbone,hist_gbr,Mondrian-similarity,189.6974089551849,0.0,,,0,1.0,-0.09999999999999998,0.09999999999999998,1,
0.7647058823529411,0.9,-0.1352941176470589,118.77411852302112,118.77411852302112,0.0,matched_Other backbone_2_control,matched,control,Other backbone,hist_gbr,Mondrian-family,6877.751461518468,1.0,,,0,0.7647058823529411,0.1352941176470589,0.1352941176470589,1,
0.9411764705882353,0.9,0.04117647058823526,171.56476876079296,151.59316185535846,0.0,matched_Other backbone_2_control,matched,control,Other backbone,hist_gbr,Normalised SCP,171.56476876079296,0.0,,,0,0.9411764705882353,-0.04117647058823526,0.04117647058823526,1,
0.9090909090909091,0.9,0.009090909090909038,127.25996000000004,127.25996000000004,0.0,matched_Polyacrylics_0_informed,matched,informed,Polyacrylics,extra_trees,SCP,127.25996000000004,0.0,0.8,0.09999999999999998,5,0.9090909090909091,-0.009090909090909038,0.009090909090909038,1,0.08312925170068024
0.9595959595959596,0.9,0.059595959595959536,143.2133653535353,143.62897999999998,0.0,matched_Polyacrylics_0_informed,matched,informed,Polyacrylics,extra_trees,Mondrian-similarity,143.2133653535353,0.0,0.8857142857142857,0.014285714285714346,5,0.9595959595959596,-0.059595959595959536,0.059595959595959536,1,0.065062656641604
0.898989898989899,0.9,-0.0010101010101010166,120.13696,120.13695999999999,0.0,matched_Polyacrylics_0_informed,matched,informed,Polyacrylics,extra_trees,Mondrian-family,123.83319465282948,0.0,0.7714285714285715,0.12857142857142856,5,0.898989898989899,0.0010101010101010166,0.0010101010101010166,1,0.0840816326530612
0.9090909090909091,0.9,0.009090909090909038,133.79033569085823,124.76332331522461,0.0,matched_Polyacrylics_0_informed,matched,informed,Polyacrylics,extra_trees,Normalised SCP,133.79033569085823,0.0,0.7428571428571429,0.15714285714285714,5,0.9090909090909091,-0.009090909090909038,0.009090909090909038,1,0.07880415324024344
0.8888888888888888,0.9,-0.011111111111111183,126.95529323300843,126.95529323300846,0.0,matched_Polyacrylics_0_informed,matched,informed,Polyacrylics,hist_gbr,SCP,177.1803846664349,0.0,0.6857142857142857,0.2142857142857143,5,0.8888888888888888,0.011111111111111183,0.011111111111111183,1,0.1059863945578231
0.9444444444444444,0.9,0.0444444444444444,137.7505478990905,139.78242530948523,0.0,matched_Polyacrylics_0_informed,matched,informed,Polyacrylics,hist_gbr,Mondrian-similarity,137.7505478990905,0.0,0.8857142857142857,0.014285714285714346,5,0.9444444444444444,-0.0444444444444444,0.0444444444444444,1,0.05407089151450053
0.8636363636363636,0.9,-0.036363636363636376,107.20399875836551,107.20399875836554,0.0,matched_Polyacrylics_0_informed,matched,informed,Polyacrylics,hist_gbr,Mondrian-family,319.14407311989095,0.0,0.6857142857142857,0.2142857142857143,5,0.8636363636363636,0.036363636363636376,0.036363636363636376,1,0.09295381310418901
0.9242424242424242,0.9,0.024242424242424176,130.76991728025155,129.9335953575795,0.0,matched_Polyacrylics_0_informed,matched,informed,Polyacrylics,hist_gbr,Normalised SCP,130.76991728025155,0.0,0.8,0.09999999999999998,5,0.9242424242424242,-0.024242424242424176,0.024242424242424176,1,0.07121374865735766
0.7676767676767676,0.9,-0.1323232323232324,116.35240000000046,116.3524000000005,0.0,matched_Polyacrylics_0_naive,matched,naive,Polyacrylics,extra_trees,SCP,6163.00946444974,0.0,0.6458333333333334,0.25416666666666665,3,0.7676767676767676,0.1323232323232324,0.1323232323232324,1,0.11053591470258135
0.9848484848484849,0.9,0.08484848484848484,242.5159487878788,240.42079999999999,0.0,matched_Polyacrylics_0_naive,matched,naive,Polyacrylics,extra_trees,Mondrian-similarity,242.5159487878788,0.0,0.9791666666666666,-0.07916666666666661,3,0.9848484848484849,-0.08484848484848484,0.08484848484848484,1,0.08800505050505047
0.7676767676767676,0.9,-0.1323232323232324,116.35240000000046,116.3524000000005,0.0,matched_Polyacrylics_0_naive,matched,naive,Polyacrylics,extra_trees,Mondrian-family,6163.00946444974,1.0,0.6458333333333334,0.25416666666666665,3,0.7676767676767676,0.1323232323232324,0.1323232323232324,1,0.11053591470258135
0.7575757575757576,0.9,-0.14242424242424245,114.58638960584372,116.74449847199132,0.0,matched_Polyacrylics_0_naive,matched,naive,Polyacrylics,extra_trees,Normalised SCP,8217.78761810508,0.0,0.6666666666666666,0.2333333333333334,3,0.7575757575757576,0.14242424242424245,0.14242424242424245,1,0.12109988776655445
0.8282828282828283,0.9,-0.07171717171717173,116.09160039520096,116.09160039520097,0.0,matched_Polyacrylics_0_naive,matched,naive,Polyacrylics,hist_gbr,SCP,998.1411404258552,0.0,0.78125,0.11875000000000002,3,0.8282828282828283,0.07171717171717173,0.07171717171717173,1,0.08784371492704823
0.9747474747474747,0.9,0.07474747474747467,234.14621935413743,212.16779086843331,0.0,matched_Polyacrylics_0_naive,matched,naive,Polyacrylics,hist_gbr,Mondrian-similarity,234.14621935413743,0.0,0.9545454545454546,-0.054545454545454564,3,0.9747474747474747,-0.07474747474747467,0.07474747474747467,1,0.07790404040404038
0.8282828282828283,0.9,-0.07171717171717173,116.09160039520096,116.09160039520097,0.0,matched_Polyacrylics_0_naive,matched,naive,Polyacrylics,hist_gbr,Mondrian-family,998.1411404258552,1.0,0.78125,0.11875000000000002,3,0.8282828282828283,0.07171717171717173,0.07171717171717173,1,0.08784371492704823
0.7676767676767676,0.9,-0.1323232323232324,110.13801499001114,107.44789241374338,0.0,matched_Polyacrylics_0_naive,matched,naive,Polyacrylics,hist_gbr,Normalised SCP,5833.842952780892,0.0,0.7291666666666666,0.1708333333333334,3,0.7676767676767676,0.1323232323232324,0.1323232323232324,1,0.12776374859708198
0.8838383838383839,0.9,-0.016161616161616155,123.54299999999996,123.54299999999999,0.0,matched_Polyacrylics_0_control,matched,control,Polyacrylics,extra_trees,SCP,200.62505307935243,0.0,0.7631578947368421,0.13684210526315788,4,0.8838383838383839,0.016161616161616155,0.016161616161616155,1,0.07052631578947369
0.9040404040404041,0.9,0.004040404040404066,129.35241373737375,138.69547999999998,0.0,matched_Polyacrylics_0_control,matched,control,Polyacrylics,extra_trees,Mondrian-similarity,129.35241373737375,0.0,0.8157894736842105,0.08421052631578951,4,0.9040404040404041,-0.004040404040404066,0.004040404040404066,1,0.05456140350877192
0.8737373737373737,0.9,-0.02626262626262632,119.62707999999998,119.62707999999998,0.0,matched_Polyacrylics_0_control,matched,control,Polyacrylics,extra_trees,Mondrian-family,263.027351579263,0.0,0.7631578947368421,0.13684210526315788,4,0.8737373737373737,0.02626262626262632,0.02626262626262632,1,0.08210526315789474
0.9141414141414141,0.9,0.014141414141414121,140.53635989671716,133.95064758238846,0.0,matched_Polyacrylics_0_control,matched,control,Polyacrylics,extra_trees,Normalised SCP,140.53635989671716,0.0,0.7894736842105263,0.1105263157894737,4,0.9141414141414141,-0.014141414141414121,0.014141414141414121,1,0.06008771929824558
0.9040404040404041,0.9,0.004040404040404066,120.37238034567058,120.37238034567059,0.0,matched_Polyacrylics_0_control,matched,control,Polyacrylics,hist_gbr,SCP,120.37238034567058,0.0,0.7368421052631579,0.16315789473684217,4,0.9040404040404041,-0.004040404040404066,0.004040404040404066,1,0.08921052631578949
0.9393939393939394,0.9,0.039393939393939426,132.86741362929223,133.09355636761154,0.0,matched_Polyacrylics_0_control,matched,control,Polyacrylics,hist_gbr,Mondrian-similarity,132.86741362929223,0.0,0.7894736842105263,0.1105263157894737,4,0.9393939393939394,-0.039393939393939426,0.039393939393939426,1,0.08105263157894735
0.8838383838383839,0.9,-0.016161616161616155,108.20671407930125,108.20671407930126,0.0,matched_Polyacrylics_0_control,matched,control,Polyacrylics,hist_gbr,Mondrian-family,175.72001453503745,0.0,0.6842105263157895,0.21578947368421053,4,0.8838383838383839,0.016161616161616155,0.016161616161616155,1,0.10236842105263158
0.9141414141414141,0.9,0.014141414141414121,118.90884310434237,115.98720984493121,0.0,matched_Polyacrylics_0_control,matched,control,Polyacrylics,hist_gbr,Normalised SCP,118.90884310434237,0.0,0.6842105263157895,0.21578947368421053,4,0.9141414141414141,-0.014141414141414121,0.014141414141414121,1,0.10456140350877191
0.8636363636363636,0.9,-0.036363636363636376,125.73609999999984,125.73609999999982,0.0,matched_Polyacrylics_1_informed,matched,informed,Polyacrylics,extra_trees,SCP,374.31375281678606,0.0,0.7,0.20000000000000007,5,0.8636363636363636,0.036363636363636376,0.036363636363636376,1,0.11034548604076341
0.9444444444444444,0.9,0.0444444444444444,140.15699111111113,113.69220000000003,0.0,matched_Polyacrylics_1_informed,matched,informed,Polyacrylics,extra_trees,Mondrian-similarity,140.15699111111113,0.0,0.9130434782608695,-0.01304347826086949,5,0.9444444444444444,-0.0444444444444444,0.0444444444444444,1,0.04929788484136306
0.8383838383838383,0.9,-0.06161616161616168,115.47139999999996,115.47139999999996,0.0,matched_Polyacrylics_1_informed,matched,informed,Polyacrylics,extra_trees,Mondrian-family,733.2654137214289,0.0,0.7,0.20000000000000007,5,0.8383838383838383,0.06161616161616168,0.06161616161616168,1,0.12716051602577091
0.8737373737373737,0.9,-0.02626262626262632,124.9741246935057,127.66747449280498,0.0,matched_Polyacrylics_1_informed,matched,informed,Polyacrylics,extra_trees,Normalised SCP,274.7840458370244,0.0,0.7586206896551724,0.14137931034482765,5,0.8737373737373737,0.02626262626262632,0.02626262626262632,1,0.07311942846144497
0.9191919191919192,0.9,0.019191919191919204,130.4806671936671,130.48066719366705,0.0,matched_Polyacrylics_1_informed,matched,informed,Polyacrylics,hist_gbr,SCP,130.4806671936671,0.0,0.8478260869565217,0.05217391304347829,5,0.9191919191919192,-0.019191919191919204,0.019191919191919204,1,0.05498627375501439
0.9393939393939394,0.9,0.039393939393939426,134.39042834162242,110.40675868873156,0.0,matched_Polyacrylics_1_informed,matched,informed,Polyacrylics,hist_gbr,Mondrian-similarity,134.39042834162242,0.0,0.8695652173913043,0.0304347826086957,5,0.9393939393939394,-0.039393939393939426,0.039393939393939426,1,0.0612849993921958
0.8737373737373737,0.9,-0.02626262626262632,102.6574553048788,102.65745530487877,0.0,matched_Polyacrylics_1_informed,matched,informed,Polyacrylics,hist_gbr,Mondrian-family,225.7157709500962,0.0,0.7,0.20000000000000007,5,0.8737373737373737,0.02626262626262632,0.02626262626262632,1,0.09628406236071156
0.9040404040404041,0.9,0.004040404040404066,117.45194900718731,115.71474681319165,0.0,matched_Polyacrylics_1_informed,matched,informed,Polyacrylics,hist_gbr,Normalised SCP,117.45194900718731,0.0,0.8260869565217391,0.07391304347826089,5,0.9040404040404041,-0.004040404040404066,0.004040404040404066,1,0.0453982890311601
0.8080808080808081,0.9,-0.09191919191919196,116.35240000000046,116.3524000000005,0.0,matched_Polyacrylics_1_naive,matched,naive,Polyacrylics,extra_trees,SCP,1833.8984390323121,0.0,0.7346938775510204,0.16530612244897958,4,0.8080808080808081,0.09191919191919196,0.09191919191919196,1,0.09405714747698737
0.9797979797979798,0.9,0.07979797979797976,239.8315550505051,240.42079999999999,0.0,matched_Polyacrylics_1_naive,matched,naive,Polyacrylics,extra_trees,Mondrian-similarity,239.8315550505051,0.0,0.967741935483871,-0.06774193548387097,4,0.9797979797979798,-0.07979797979797976,0.07979797979797976,1,0.08428242264647792
0.8080808080808081,0.9,-0.09191919191919196,116.35240000000046,116.3524000000005,0.0,matched_Polyacrylics_1_naive,matched,naive,Polyacrylics,extra_trees,Mondrian-family,1833.8984390323121,1.0,0.7346938775510204,0.16530612244897958,4,0.8080808080808081,0.09191919191919196,0.09191919191919196,1,0.09405714747698737
0.7727272727272727,0.9,-0.12727272727272732,111.29299157877846,110.81823395301677,0.0,matched_Polyacrylics_1_naive,matched,naive,Polyacrylics,extra_trees,Normalised SCP,5066.209104351698,0.0,0.6938775510204082,0.20612244897959187,4,0.7727272727272727,0.12727272727272732,0.12727272727272732,1,0.1049686428051696
0.8181818181818182,0.9,-0.08181818181818179,116.09160039520096,116.09160039520097,0.0,matched_Polyacrylics_1_naive,matched,naive,Polyacrylics,hist_gbr,SCP,1351.4386796442575,0.0,0.7346938775510204,0.16530612244897958,4,0.8181818181818182,0.08181818181818179,0.08181818181818179,1,0.08528521765242597
0.9797979797979798,0.9,0.07979797979797976,232.5415250185625,212.16779086843331,0.0,matched_Polyacrylics_1_naive,matched,naive,Polyacrylics,hist_gbr,Mondrian-similarity,232.5415250185625,0.0,0.967741935483871,-0.06774193548387097,4,0.9797979797979798,-0.07979797979797976,0.07979797979797976,1,0.08428242264647792
0.8181818181818182,0.9,-0.08181818181818179,116.09160039520096,116.09160039520097,0.0,matched_Polyacrylics_1_naive,matched,naive,Polyacrylics,hist_gbr,Mondrian-family,1351.4386796442575,1.0,0.7346938775510204,0.16530612244897958,4,0.8181818181818182,0.08181818181818179,0.08181818181818179,1,0.08528521765242597
0.797979797979798,0.9,-0.10202020202020201,106.67912777399562,106.09791451013331,0.0,matched_Polyacrylics_1_naive,matched,naive,Polyacrylics,hist_gbr,Normalised SCP,2276.5845257714386,0.0,0.7244897959183674,0.17551020408163265,4,0.797979797979798,0.10202020202020201,0.10202020202020201,1,0.10099413279743136
0.8737373737373737,0.9,-0.02626262626262632,127.43704000000002,127.43704,0.0,matched_Polyacrylics_1_control,matched,control,Polyacrylics,extra_trees,SCP,280.1993254729666,0.0,0.4666666666666667,0.43333333333333335,5,0.8737373737373737,0.02626262626262632,0.02626262626262632,1,0.1274819624819625
0.9141414141414141,0.9,0.014141414141414121,138.29603858585858,113.24699999999996,0.0,matched_Polyacrylics_1_control,matched,control,Polyacrylics,extra_trees,Mondrian-similarity,138.29603858585858,0.0,0.8787878787878788,0.021212121212121238,5,0.9141414141414141,-0.014141414141414121,0.014141414141414121,1,0.042178932178932184
0.8535353535353535,0.9,-0.04646464646464654,115.6087200000001,115.60872000000006,0.0,matched_Polyacrylics_1_control,matched,control,Polyacrylics,extra_trees,Mondrian-family,465.98375819466963,0.0,0.4666666666666667,0.43333333333333335,5,0.8535353535353535,0.04646464646464654,0.04646464646464654,1,0.12834054834054834
0.9040404040404041,0.9,0.004040404040404066,132.81680779800035,127.45063216911284,0.0,matched_Polyacrylics_1_control,matched,control,Polyacrylics,extra_trees,Normalised SCP,132.81680779800035,0.0,0.6,0.30000000000000004,5,0.9040404040404041,-0.004040404040404066,0.004040404040404066,1,0.1082900432900433
0.9393939393939394,0.9,0.039393939393939426,121.63222044251384,121.63222044251383,0.0,matched_Polyacrylics_1_control,matched,control,Polyacrylics,hist_gbr,SCP,121.63222044251384,0.0,0.8928571428571429,0.0071428571428571175,5,0.9393939393939394,-0.039393939393939426,0.039393939393939426,1,0.04955988455988454
0.9494949494949495,0.9,0.04949494949494948,135.4800874342026,113.34254793285231,0.0,matched_Polyacrylics_1_control,matched,control,Polyacrylics,hist_gbr,Mondrian-similarity,135.4800874342026,0.0,0.8928571428571429,0.0071428571428571175,5,0.9494949494949495,-0.04949494949494948,0.04949494949494948,1,0.05683261183261179
0.9191919191919192,0.9,0.019191919191919204,116.29960990558668,116.29960990558664,0.0,matched_Polyacrylics_1_control,matched,control,Polyacrylics,hist_gbr,Mondrian-family,116.29960990558668,0.0,0.8571428571428571,0.04285714285714293,5,0.9191919191919192,-0.019191919191919204,0.019191919191919204,1,0.04781385281385282
0.9444444444444444,0.9,0.0444444444444444,129.96629456820088,128.256915901163,0.0,matched_Polyacrylics_1_control,matched,control,Polyacrylics,hist_gbr,Normalised SCP,129.96629456820088,0.0,0.8928571428571429,0.0071428571428571175,5,0.9444444444444444,-0.0444444444444444,0.0444444444444444,1,0.04567099567099566
0.9242424242424242,0.9,0.024242424242424176,129.30776000000006,129.30776000000003,0.0,matched_Polyacrylics_2_informed,matched,informed,Polyacrylics,extra_trees,SCP,129.30776000000006,0.0,0.75,0.15000000000000002,5,0.9242424242424242,-0.024242424242424176,0.024242424242424176,1,0.06618872549019605
0.9393939393939394,0.9,0.039393939393939426,145.41955151515145,160.06119999999999,0.0,matched_Polyacrylics_2_informed,matched,informed,Polyacrylics,extra_trees,Mondrian-similarity,145.41955151515145,0.0,0.90625,-0.006249999999999978,5,0.9393939393939394,-0.039393939393939426,0.039393939393939426,1,0.0537990196078431
0.9292929292929293,0.9,0.02929292929292926,137.53139999999993,137.53139999999996,0.0,matched_Polyacrylics_2_informed,matched,informed,Polyacrylics,extra_trees,Mondrian-family,137.53139999999993,0.0,0.75,0.15000000000000002,5,0.9292929292929293,-0.02929292929292926,0.02929292929292926,1,0.06618872549019605
0.9141414141414141,0.9,0.014141414141414121,128.92589249486977,121.6201115507224,0.0,matched_Polyacrylics_2_informed,matched,informed,Polyacrylics,extra_trees,Normalised SCP,128.92589249486977,0.0,0.890625,0.009375000000000022,5,0.9141414141414141,-0.014141414141414121,0.014141414141414121,1,0.027218137254901943
0.9090909090909091,0.9,0.009090909090909038,123.6976972373346,123.69769723733464,0.0,matched_Polyacrylics_2_informed,matched,informed,Polyacrylics,hist_gbr,SCP,123.6976972373346,0.0,0.9019607843137255,-0.0019607843137254832,5,0.9090909090909091,-0.009090909090909038,0.009090909090909038,1,0.03462009803921566
0.9292929292929293,0.9,0.02929292929292926,139.9285666360009,162.52830105046996,0.0,matched_Polyacrylics_2_informed,matched,informed,Polyacrylics,hist_gbr,Mondrian-similarity,139.9285666360009,0.0,0.8823529411764706,0.01764705882352946,5,0.9292929292929293,-0.02929292929292926,0.02929292929292926,1,0.05363970588235294
0.9444444444444444,0.9,0.0444444444444444,145.88373395715098,145.883733957151,0.0,matched_Polyacrylics_2_informed,matched,informed,Polyacrylics,hist_gbr,Mondrian-family,145.88373395715098,0.0,0.9375,-0.03749999999999998,5,0.9444444444444444,-0.0444444444444444,0.0444444444444444,1,0.05772058823529409
0.9242424242424242,0.9,0.024242424242424176,119.97361879635395,112.8082339840829,0.0,matched_Polyacrylics_2_informed,matched,informed,Polyacrylics,hist_gbr,Normalised SCP,119.97361879635395,0.0,0.90625,-0.006249999999999978,5,0.9242424242424242,-0.024242424242424176,0.024242424242424176,1,0.04485294117647056
0.8131313131313131,0.9,-0.08686868686868687,116.35240000000046,116.3524000000005,0.0,matched_Polyacrylics_2_naive,matched,naive,Polyacrylics,extra_trees,SCP,1576.0612328802174,0.0,0.7613636363636364,0.13863636363636367,3,0.8131313131313131,0.08686868686868687,0.08686868686868687,1,0.09552986000354424
0.9696969696969697,0.9,0.0696969696969697,237.42427707070712,240.42079999999999,0.0,matched_Polyacrylics_2_naive,matched,naive,Polyacrylics,extra_trees,Mondrian-similarity,237.42427707070712,0.0,0.9473684210526315,-0.047368421052631504,3,0.9696969696969697,-0.0696969696969697,0.0696969696969697,1,0.06429837219310901
0.8131313131313131,0.9,-0.08686868686868687,116.35240000000046,116.3524000000005,0.0,matched_Polyacrylics_2_naive,matched,naive,Polyacrylics,extra_trees,Mondrian-family,1576.0612328802174,1.0,0.7613636363636364,0.13863636363636367,3,0.8131313131313131,0.08686868686868687,0.08686868686868687,1,0.09552986000354424
0.7777777777777778,0.9,-0.12222222222222223,113.00505615685769,113.71633366627859,0.0,matched_Polyacrylics_2_naive,matched,naive,Polyacrylics,extra_trees,Normalised SCP,4420.902895139684,0.0,0.7386363636363636,0.16136363636363638,3,0.7777777777777778,0.12222222222222223,0.12222222222222223,1,0.12956064403432824
0.8585858585858586,0.9,-0.04141414141414146,116.09160039520096,116.09160039520097,0.0,matched_Polyacrylics_2_naive,matched,naive,Polyacrylics,hist_gbr,SCP,402.14140499762857,0.0,0.8181818181818182,0.08181818181818179,3,0.8585858585858586,0.04141414141414146,0.04141414141414146,1,0.04150274676590467
0.9646464646464646,0.9,0.06464646464646462,228.56053383177868,212.16779086843331,0.0,matched_Polyacrylics_2_naive,matched,naive,Polyacrylics,hist_gbr,Mondrian-similarity,228.56053383177868,0.0,0.9210526315789473,-0.021052631578947323,3,0.9646464646464646,-0.06464646464646462,0.06464646464646462,1,0.054023315865421084
0.8585858585858586,0.9,-0.04141414141414146,116.09160039520096,116.09160039520097,0.0,matched_Polyacrylics_2_naive,matched,naive,Polyacrylics,hist_gbr,Mondrian-family,402.14140499762857,1.0,0.8181818181818182,0.08181818181818179,3,0.8585858585858586,0.04141414141414146,0.04141414141414146,1,0.04150274676590467
0.797979797979798,0.9,-0.10202020202020201,107.72302066826148,107.82717518704554,0.0,matched_Polyacrylics_2_naive,matched,naive,Polyacrylics,hist_gbr,Normalised SCP,2298.8617083772356,0.0,0.75,0.15000000000000002,3,0.797979797979798,0.10202020202020201,0.10202020202020201,1,0.1029379003063214
0.898989898989899,0.9,-0.0010101010101010166,124.97639999999822,124.97639999999825,0.0,matched_Polyacrylics_2_control,matched,control,Polyacrylics,extra_trees,SCP,128.82152893006165,0.0,0.8809523809523809,0.01904761904761909,4,0.898989898989899,0.0010101010101010166,0.0010101010101010166,1,0.026814851814851798
0.9343434343434344,0.9,0.03434343434343434,135.26914393939396,120.51580000000003,0.0,matched_Polyacrylics_2_control,matched,control,Polyacrylics,extra_trees,Mondrian-similarity,135.26914393939396,0.0,0.8571428571428571,0.04285714285714293,4,0.9343434343434344,-0.03434343434343434,0.03434343434343434,1,0.06144688644688645
0.9090909090909091,0.9,0.009090909090909038,129.64828000000009,129.6482800000001,0.0,matched_Polyacrylics_2_control,matched,control,Polyacrylics,extra_trees,Mondrian-family,129.64828000000009,0.0,0.9047619047619048,-0.004761904761904745,4,0.9090909090909091,-0.009090909090909038,0.009090909090909038,1,0.027211677211677165
0.8838383838383839,0.9,-0.016161616161616155,119.8906991974345,122.76375560432227,0.0,matched_Polyacrylics_2_control,matched,control,Polyacrylics,extra_trees,Normalised SCP,194.6939761071528,0.0,0.8571428571428571,0.04285714285714293,4,0.8838383838383839,0.016161616161616155,0.016161616161616155,1,0.04553779553779555
0.9090909090909091,0.9,0.009090909090909038,127.8267627154637,127.8267627154637,0.0,matched_Polyacrylics_2_control,matched,control,Polyacrylics,hist_gbr,SCP,127.8267627154637,0.0,0.9047619047619048,-0.004761904761904745,4,0.9090909090909091,-0.009090909090909038,0.009090909090909038,1,0.02324342324342321
0.9393939393939394,0.9,0.039393939393939426,140.98040640352943,117.40181238156312,0.0,matched_Polyacrylics_2_control,matched,control,Polyacrylics,hist_gbr,Mondrian-similarity,140.98040640352943,0.0,0.873015873015873,0.026984126984127,4,0.9393939393939394,-0.039393939393939426,0.039393939393939426,1,0.06370157620157618
0.9090909090909091,0.9,0.009090909090909038,124.70487074817419,124.70487074817419,0.0,matched_Polyacrylics_2_control,matched,control,Polyacrylics,hist_gbr,Mondrian-family,124.70487074817419,0.0,0.9047619047619048,-0.004761904761904745,4,0.9090909090909091,-0.009090909090909038,0.009090909090909038,1,0.02324342324342321
0.9090909090909091,0.9,0.009090909090909038,122.75089816430584,123.31038541636468,0.0,matched_Polyacrylics_2_control,matched,control,Polyacrylics,hist_gbr,Normalised SCP,122.75089816430584,0.0,0.873015873015873,0.026984126984127,4,0.9090909090909091,-0.009090909090909038,0.009090909090909038,1,0.04089105339105337
0.9366666666666666,0.9,0.036666666666666625,129.6764,129.67639999999997,0.0,matched_Polyamides_0_informed,matched,informed,Polyamides,extra_trees,SCP,129.6764,0.0,0.7647058823529411,0.1352941176470589,5,0.9366666666666666,-0.036666666666666625,0.036666666666666625,1,0.049835934373749516
0.94,0.9,0.039999999999999925,124.50381053333327,100.93004000000003,0.0,matched_Polyamides_0_informed,matched,informed,Polyamides,extra_trees,Mondrian-similarity,124.50381053333327,0.0,0.8979591836734694,0.0020408163265306367,5,0.94,-0.039999999999999925,0.039999999999999925,1,0.03136054421768706
0.9333333333333333,0.9,0.033333333333333326,126.33040000000004,126.3304,0.0,matched_Polyamides_0_informed,matched,informed,Polyamides,extra_trees,Mondrian-family,126.33040000000004,0.0,0.7058823529411765,0.1941176470588235,5,0.9333333333333333,-0.033333333333333326,0.033333333333333326,1,0.061600640256102436
0.9133333333333333,0.9,0.013333333333333308,107.22383753459343,105.84982600661509,0.0,matched_Polyamides_0_informed,matched,informed,Polyamides,extra_trees,Normalised SCP,107.22383753459343,0.0,0.6470588235294118,0.2529411764705882,5,0.9133333333333333,-0.013333333333333308,0.013333333333333308,1,0.0875030012004802
0.95,0.9,0.04999999999999993,125.17976552893325,125.17976552893325,0.0,matched_Polyamides_0_informed,matched,informed,Polyamides,hist_gbr,SCP,125.17976552893325,0.0,0.7647058823529411,0.1352941176470589,5,0.95,-0.04999999999999993,0.04999999999999993,1,0.05631852741096437
0.9366666666666666,0.9,0.036666666666666625,119.74146863086077,98.99949100236313,0.0,matched_Polyamides_0_informed,matched,informed,Polyamides,hist_gbr,Mondrian-similarity,119.74146863086077,0.0,0.8235294117647058,0.07647058823529418,5,0.9366666666666666,-0.036666666666666625,0.036666666666666625,1,0.041684673869547814
0.9266666666666666,0.9,0.026666666666666616,115.08138903146082,115.08138903146082,0.0,matched_Polyamides_0_informed,matched,informed,Polyamides,hist_gbr,Mondrian-family,115.08138903146082,0.0,0.7058823529411765,0.1941176470588235,5,0.9266666666666666,-0.026666666666666616,0.026666666666666616,1,0.05715886354541817
0.93,0.9,0.030000000000000027,122.12823787159223,116.24920016513929,0.0,matched_Polyamides_0_informed,matched,informed,Polyamides,hist_gbr,Normalised SCP,122.12823787159223,0.0,0.7647058823529411,0.1352941176470589,5,0.93,-0.030000000000000027,0.030000000000000027,1,0.04136054421768709
0.63,0.9,-0.27,116.38955999999986,116.3895599999999,0.0,matched_Polyamides_0_naive,matched,naive,Polyamides,extra_trees,SCP,383441.6897163333,0.0,0.5074626865671642,0.3925373134328358,5,0.63,0.27,0.27,1,0.23773630402067164
0.75,0.9,-0.15000000000000002,163.74344573333326,171.71201999999997,0.0,matched_Polyamides_0_naive,matched,naive,Polyamides,extra_trees,Mondrian-similarity,14739.715254177341,0.0,0.5522388059701493,0.34776119402985073,5,0.75,0.15000000000000002,0.15000000000000002,1,0.14441053840111187
0.63,0.9,-0.27,116.38955999999986,116.3895599999999,0.0,matched_Polyamides_0_naive,matched,naive,Polyamides,extra_trees,Mondrian-family,383441.6897163333,1.0,0.5074626865671642,0.3925373134328358,5,0.63,0.27,0.27,1,0.23773630402067164
0.54,0.9,-0.36,91.80649069515766,88.44496525762148,0.0,matched_Polyamides_0_naive,matched,naive,Polyamides,extra_trees,Normalised SCP,4500427.723396397,0.0,0.4473684210526316,0.45263157894736844,5,0.54,0.36,0.36,1,0.3459301443702746
0.6633333333333333,0.9,-0.2366666666666667,115.25786154427779,115.25786154427777,0.0,matched_Polyamides_0_naive,matched,naive,Polyamides,hist_gbr,SCP,139688.7332680889,0.0,0.4925373134328358,0.4074626865671642,5,0.6633333333333333,0.2366666666666667,0.2366666666666667,1,0.20482284109486443
0.8466666666666667,0.9,-0.053333333333333344,162.62676279768334,160.00981717652803,0.0,matched_Polyamides_0_naive,matched,naive,Polyamides,hist_gbr,Mondrian-similarity,805.4956292113391,0.0,0.6417910447761194,0.25820895522388065,5,0.8466666666666667,0.053333333333333344,0.053333333333333344,1,0.0846184634951328
0.6633333333333333,0.9,-0.2366666666666667,115.25786154427779,115.25786154427777,0.0,matched_Polyamides_0_naive,matched,naive,Polyamides,hist_gbr,Mondrian-family,139688.7332680889,1.0,0.4925373134328358,0.4074626865671642,5,0.6633333333333333,0.2366666666666667,0.2366666666666667,1,0.20482284109486443
0.6233333333333333,0.9,-0.2766666666666667,103.10092172264883,95.57882737529064,0.0,matched_Polyamides_0_naive,matched,naive,Polyamides,hist_gbr,Normalised SCP,414864.95269740256,0.0,0.43283582089552236,0.46716417910447766,5,0.6233333333333333,0.2766666666666667,0.2766666666666667,1,0.24085165760061966
0.9433333333333334,0.9,0.043333333333333335,129.44039999999998,129.4404,0.0,matched_Polyamides_0_control,matched,control,Polyamides,extra_trees,SCP,129.44039999999998,0.0,0.75,0.15000000000000002,5,0.9433333333333334,-0.043333333333333335,0.043333333333333335,1,0.0628490156076363
0.9166666666666666,0.9,0.016666666666666607,118.31587599999999,97.31380000000001,0.0,matched_Polyamides_0_control,matched,control,Polyamides,extra_trees,Mondrian-similarity,118.31587599999999,0.0,0.8333333333333334,0.06666666666666665,5,0.9166666666666666,-0.016666666666666607,0.016666666666666607,1,0.03684065615100098
0.96,0.9,0.05999999999999994,151.52244000000002,151.52244000000002,0.0,matched_Polyamides_0_control,matched,control,Polyamides,extra_trees,Mondrian-family,151.52244000000002,0.0,0.8333333333333334,0.06666666666666665,5,0.96,-0.05999999999999994,0.05999999999999994,1,0.05205486722728101
0.8633333333333333,0.9,-0.036666666666666736,99.63269864766696,101.7769394760725,0.0,matched_Polyamides_0_control,matched,control,Polyamides,extra_trees,Normalised SCP,299.3131681514154,0.0,0.5833333333333334,0.31666666666666665,5,0.8633333333333333,0.036666666666666736,0.036666666666666736,1,0.1346414887794198
0.9266666666666666,0.9,0.026666666666666616,124.12266674563261,124.12266674563264,0.0,matched_Polyamides_0_control,matched,control,Polyamides,hist_gbr,SCP,124.12266674563261,0.0,0.6666666666666666,0.2333333333333334,5,0.9266666666666666,-0.026666666666666616,0.026666666666666616,1,0.08676916952779024
0.92,0.9,0.020000000000000018,110.64694398411152,89.8025009050574,0.0,matched_Polyamides_0_control,matched,control,Polyamides,hist_gbr,Mondrian-similarity,110.64694398411152,0.0,0.8333333333333334,0.06666666666666665,5,0.92,-0.020000000000000018,0.020000000000000018,1,0.03527325803187873
0.9433333333333334,0.9,0.043333333333333335,140.24923790810206,140.2492379081021,0.0,matched_Polyamides_0_control,matched,control,Polyamides,hist_gbr,Mondrian-family,140.24923790810206,0.0,0.6666666666666666,0.2333333333333334,5,0.9433333333333334,-0.043333333333333335,0.043333333333333335,1,0.08121311638553022
0.9,0.9,0.0,108.46407141719993,108.27405445676206,0.0,matched_Polyamides_0_control,matched,control,Polyamides,hist_gbr,Normalised SCP,108.46407141719993,0.0,0.6666666666666666,0.2333333333333334,5,0.9,-0.0,0.0,1,0.10069463103945861
0.88,0.9,-0.020000000000000018,125.79572000000003,125.79572000000002,0.0,matched_Polyamides_1_informed,matched,informed,Polyamides,extra_trees,SCP,229.21474642066053,0.0,0.6521739130434783,0.24782608695652175,5,0.88,0.020000000000000018,0.020000000000000018,1,0.14645751384986588
0.8766666666666667,0.9,-0.023333333333333317,115.1264490666665,89.67060000000004,0.0,matched_Polyamides_1_informed,matched,informed,Polyamides,extra_trees,Mondrian-similarity,231.83619850946147,0.0,0.7391304347826086,0.16086956521739137,5,0.8766666666666667,0.023333333333333317,0.023333333333333317,1,0.08403371589123294
0.8933333333333333,0.9,-0.00666666666666671,128.15160000000003,128.15160000000003,0.0,matched_Polyamides_1_informed,matched,informed,Polyamides,extra_trees,Mondrian-family,156.52471770263907,0.0,0.6666666666666666,0.2333333333333334,5,0.8933333333333333,0.00666666666666671,0.00666666666666671,1,0.13617150023016972
0.8833333333333333,0.9,-0.01666666666666672,107.38679101940087,103.14107426316863,0.0,matched_Polyamides_1_informed,matched,informed,Polyamides,extra_trees,Normalised SCP,177.050886545916,0.0,0.6666666666666666,0.2333333333333334,5,0.8833333333333333,0.01666666666666672,0.01666666666666672,1,0.13252075495658527
0.9066666666666666,0.9,0.006666666666666599,121.82886048485945,121.82886048485943,0.0,matched_Polyamides_1_informed,matched,informed,Polyamides,hist_gbr,SCP,121.82886048485945,0.0,0.6956521739130435,0.20434782608695656,5,0.9066666666666666,-0.006666666666666599,0.006666666666666599,1,0.10066365065003095
0.8733333333333333,0.9,-0.026666666666666727,117.32081223735179,95.07784256778638,0.0,matched_Polyamides_1_informed,matched,informed,Polyamides,hist_gbr,Mondrian-similarity,261.10226939820683,0.0,0.7391304347826086,0.16086956521739137,5,0.8733333333333333,0.026666666666666727,0.026666666666666727,1,0.07125313903836691
0.9066666666666666,0.9,0.006666666666666599,132.20865147259295,132.20865147259298,0.0,matched_Polyamides_1_informed,matched,informed,Polyamides,hist_gbr,Mondrian-family,132.20865147259295,0.0,0.6956521739130435,0.20434782608695656,5,0.9066666666666666,-0.006666666666666599,0.006666666666666599,1,0.10066365065003095
0.8933333333333333,0.9,-0.00666666666666671,105.88590665872891,102.59977626376664,0.0,matched_Polyamides_1_informed,matched,informed,Polyamides,hist_gbr,Normalised SCP,129.32933844326195,0.0,0.6956521739130435,0.20434782608695656,5,0.8933333333333333,0.00666666666666671,0.00666666666666671,1,0.10225401209581411
0.6366666666666667,0.9,-0.2633333333333333,116.38955999999986,116.3895599999999,0.0,matched_Polyamides_1_naive,matched,naive,Polyamides,extra_trees,SCP,313935.5033829467,0.0,0.5245901639344263,0.37540983606557377,5,0.6366666666666667,0.2633333333333333,0.2633333333333333,1,0.23888158945176147
0.7866666666666666,0.9,-0.1133333333333334,163.96015039999995,171.71201999999997,0.0,matched_Polyamides_1_naive,matched,naive,Polyamides,extra_trees,Mondrian-similarity,4912.9183503718705,0.0,0.6721311475409836,0.22786885245901645,5,0.7866666666666666,0.1133333333333334,0.1133333333333334,1,0.11618459417579771
0.6366666666666667,0.9,-0.2633333333333333,116.38955999999986,116.3895599999999,0.0,matched_Polyamides_1_naive,matched,naive,Polyamides,extra_trees,Mondrian-family,313935.5033829467,1.0,0.5245901639344263,0.37540983606557377,5,0.6366666666666667,0.2633333333333333,0.2633333333333333,1,0.23888158945176147
0.56,0.9,-0.33999999999999997,93.54558938374218,91.47009207844806,0.0,matched_Polyamides_1_naive,matched,naive,Polyamides,extra_trees,Normalised SCP,2516674.3976206486,0.0,0.4666666666666667,0.43333333333333335,5,0.56,0.33999999999999997,0.33999999999999997,1,0.32590691669460164
0.6533333333333333,0.9,-0.2466666666666667,115.25786154427779,115.25786154427777,0.0,matched_Polyamides_1_naive,matched,naive,Polyamides,hist_gbr,SCP,188560.06692106495,0.0,0.5066666666666667,0.3933333333333333,5,0.6533333333333333,0.2466666666666667,0.2466666666666667,1,0.21021902888676175
0.8366666666666667,0.9,-0.06333333333333335,163.00104974763707,160.00981717652803,0.0,matched_Polyamides_1_naive,matched,naive,Polyamides,hist_gbr,Mondrian-similarity,1089.807812593414,0.0,0.6885245901639344,0.2114754098360656,5,0.8366666666666667,0.06333333333333335,0.06333333333333335,1,0.08678354382152864
0.6533333333333333,0.9,-0.2466666666666667,115.25786154427779,115.25786154427777,0.0,matched_Polyamides_1_naive,matched,naive,Polyamides,hist_gbr,Mondrian-family,188560.06692106495,1.0,0.5066666666666667,0.3933333333333333,5,0.6533333333333333,0.2466666666666667,0.2466666666666667,1,0.21021902888676175
0.6233333333333333,0.9,-0.2766666666666667,103.32027623565962,99.17580082875543,0.0,matched_Polyamides_1_naive,matched,naive,Polyamides,hist_gbr,Normalised SCP,415747.607266767,0.0,0.4918032786885246,0.40819672131147544,5,0.6233333333333333,0.2766666666666667,0.2766666666666667,1,0.2426064133269251
0.9066666666666666,0.9,0.006666666666666599,131.21899999999994,131.21899999999997,0.0,matched_Polyamides_1_control,matched,control,Polyamides,extra_trees,SCP,131.21899999999994,0.0,0.5,0.4,6,0.9066666666666666,-0.006666666666666599,0.006666666666666599,1,0.14903230487384592
0.8833333333333333,0.9,-0.01666666666666672,124.66122880000005,104.95300000000009,0.0,matched_Polyamides_1_control,matched,control,Polyamides,extra_trees,Mondrian-similarity,205.5316195541758,0.0,0.6666666666666666,0.2333333333333334,6,0.8833333333333333,0.01666666666666672,0.01666666666666672,1,0.10782741712164362
0.8333333333333334,0.9,-0.06666666666666665,104.95300000000007,104.95300000000009,0.0,matched_Polyamides_1_control,matched,control,Polyamides,extra_trees,Mondrian-family,775.5036047510687,0.0,0.4166666666666667,0.48333333333333334,6,0.8333333333333334,0.06666666666666665,0.06666666666666665,1,0.20747537682973283
0.87,0.9,-0.030000000000000027,105.25082130193022,102.74976756013363,0.0,matched_Polyamides_1_control,matched,control,Polyamides,extra_trees,Normalised SCP,258.8752475260519,0.0,0.4166666666666667,0.48333333333333334,6,0.87,0.030000000000000027,0.030000000000000027,1,0.20427028350655715
0.8866666666666667,0.9,-0.013333333333333308,128.28694716997552,128.28694716997555,0.0,matched_Polyamides_1_control,matched,control,Polyamides,hist_gbr,SCP,191.38163617317022,0.0,0.5833333333333334,0.31666666666666665,6,0.8866666666666667,0.013333333333333308,0.013333333333333308,1,0.11576291015943845
0.8833333333333333,0.9,-0.01666666666666672,121.3477763497927,98.29493055833457,0.0,matched_Polyamides_1_control,matched,control,Polyamides,hist_gbr,Mondrian-similarity,200.06866002006547,0.0,0.5833333333333334,0.31666666666666665,6,0.8833333333333333,0.01666666666666672,0.01666666666666672,1,0.09393852823275473
0.8566666666666667,0.9,-0.043333333333333335,106.34524521591196,106.34524521591194,0.0,matched_Polyamides_1_control,matched,control,Polyamides,hist_gbr,Mondrian-family,390.21225388789713,0.0,0.5833333333333334,0.31666666666666665,6,0.8566666666666667,0.043333333333333335,0.043333333333333335,1,0.1493825313042269
0.8833333333333333,0.9,-0.01666666666666672,111.15578455541312,109.94698903496555,0.0,matched_Polyamides_1_control,matched,control,Polyamides,hist_gbr,Normalised SCP,183.26490635787067,0.0,0.5833333333333334,0.31666666666666665,6,0.8833333333333333,0.01666666666666672,0.01666666666666672,1,0.14127547719673747
0.9366666666666666,0.9,0.036666666666666625,124.31012,124.31012000000001,0.0,matched_Polyamides_2_informed,matched,informed,Polyamides,extra_trees,SCP,124.31012,0.0,0.7,0.20000000000000007,5,0.9366666666666666,-0.036666666666666625,0.036666666666666625,1,0.07023698447116541
0.9233333333333333,0.9,0.023333333333333317,117.68809526666676,99.47792000000015,0.0,matched_Polyamides_2_informed,matched,informed,Polyamides,extra_trees,Mondrian-similarity,117.68809526666676,0.0,0.8833333333333333,0.01666666666666672,5,0.9233333333333333,-0.023333333333333317,0.023333333333333317,1,0.05707668046520795
0.95,0.9,0.04999999999999993,132.42240000000015,132.42240000000015,0.0,matched_Polyamides_2_informed,matched,informed,Polyamides,extra_trees,Mondrian-family,132.42240000000015,0.0,0.8,0.09999999999999998,5,0.95,-0.04999999999999993,0.04999999999999993,1,0.06311496594169566
0.89,0.9,-0.010000000000000009,99.73865900997886,102.45790423984397,0.0,matched_Polyamides_2_informed,matched,informed,Polyamides,extra_trees,Normalised SCP,134.63310732043968,0.0,0.5,0.4,5,0.89,0.010000000000000009,0.010000000000000009,1,0.13121470968307158
0.92,0.9,0.020000000000000018,119.02197049093871,119.02197049093871,0.0,matched_Polyamides_2_informed,matched,informed,Polyamides,hist_gbr,SCP,119.02197049093871,0.0,0.8,0.09999999999999998,5,0.92,-0.020000000000000018,0.020000000000000018,1,0.046756247672865035
0.9,0.9,0.0,113.79967673274902,96.58007818198394,0.0,matched_Polyamides_2_informed,matched,informed,Polyamides,hist_gbr,Mondrian-similarity,113.79967673274902,0.0,0.8833333333333333,0.01666666666666672,5,0.9,-0.0,0.0,1,0.0552789276562192
0.92,0.9,0.020000000000000018,119.40768003635496,119.40768003635498,0.0,matched_Polyamides_2_informed,matched,informed,Polyamides,hist_gbr,Mondrian-family,119.40768003635496,0.0,0.8,0.09999999999999998,5,0.92,-0.020000000000000018,0.020000000000000018,1,0.046756247672865035
0.91,0.9,0.010000000000000009,101.81257647338138,100.74939296655734,0.0,matched_Polyamides_2_informed,matched,informed,Polyamides,hist_gbr,Normalised SCP,101.81257647338138,0.0,0.7,0.20000000000000007,5,0.91,-0.010000000000000009,0.010000000000000009,1,0.07079286856341853
0.6633333333333333,0.9,-0.2366666666666667,116.38955999999986,116.3895599999999,0.0,matched_Polyamides_2_naive,matched,naive,Polyamides,extra_trees,SCP,141060.31453467815,0.0,0.5324675324675324,0.3675324675324676,5,0.6633333333333333,0.2366666666666667,0.2366666666666667,1,0.2136143292333769
0.8066666666666666,0.9,-0.09333333333333338,163.44399446666662,171.71201999999997,0.0,matched_Polyamides_2_naive,matched,naive,Polyamides,extra_trees,Mondrian-similarity,2687.7787558614777,0.0,0.7346938775510204,0.16530612244897958,5,0.8066666666666666,0.09333333333333338,0.09333333333333338,1,0.1058231292517007
0.6633333333333333,0.9,-0.2366666666666667,116.38955999999986,116.3895599999999,0.0,matched_Polyamides_2_naive,matched,naive,Polyamides,extra_trees,Mondrian-family,141060.31453467815,1.0,0.5324675324675324,0.3675324675324676,5,0.6633333333333333,0.2366666666666667,0.2366666666666667,1,0.2136143292333769
0.59,0.9,-0.31000000000000005,93.14727346340582,91.6926045063604,0.0,matched_Polyamides_2_naive,matched,naive,Polyamides,extra_trees,Normalised SCP,1018846.6663309487,0.0,0.4567901234567901,0.4432098765432099,5,0.59,0.31000000000000005,0.31000000000000005,1,0.2911948510043748
0.7166666666666667,0.9,-0.18333333333333335,115.25786154427779,115.25786154427777,0.0,matched_Polyamides_2_naive,matched,naive,Polyamides,hist_gbr,SCP,28202.66884991131,0.0,0.6172839506172839,0.2827160493827161,5,0.7166666666666667,0.18333333333333335,0.18333333333333335,1,0.1633962298724204
0.8733333333333333,0.9,-0.026666666666666727,162.87217358348812,160.00981717652803,0.0,matched_Polyamides_2_naive,matched,naive,Polyamides,hist_gbr,Mondrian-similarity,362.4786884225831,0.0,0.7346938775510204,0.16530612244897958,5,0.8733333333333333,0.026666666666666727,0.026666666666666727,1,0.06702114111637922
0.7166666666666667,0.9,-0.18333333333333335,115.25786154427779,115.25786154427777,0.0,matched_Polyamides_2_naive,matched,naive,Polyamides,hist_gbr,Mondrian-family,28202.66884991131,1.0,0.6172839506172839,0.2827160493827161,5,0.7166666666666667,0.18333333333333335,0.18333333333333335,1,0.1633962298724204
0.7,0.9,-0.20000000000000007,104.012554578925,97.27958149671979,0.0,matched_Polyamides_2_naive,matched,naive,Polyamides,hist_gbr,Normalised SCP,41961.659401873054,0.0,0.5918367346938775,0.3081632653061225,5,0.7,0.20000000000000007,0.20000000000000007,1,0.19532128541652355
0.9166666666666666,0.9,0.016666666666666607,130.66460000000006,130.6646000000001,0.0,matched_Polyamides_2_control,matched,control,Polyamides,extra_trees,SCP,130.66460000000006,0.0,0.6428571428571429,0.2571428571428571,5,0.9166666666666666,-0.016666666666666607,0.016666666666666607,1,0.08555960601069361
0.9066666666666666,0.9,0.006666666666666599,117.83571066666671,97.35020000000003,0.0,matched_Polyamides_2_control,matched,control,Polyamides,extra_trees,Mondrian-similarity,117.83571066666671,0.0,0.8085106382978723,0.09148936170212774,5,0.9066666666666666,-0.006666666666666599,0.006666666666666599,1,0.03818009440141854
0.8966666666666666,0.9,-0.0033333333333334103,112.11639999999994,112.11639999999994,0.0,matched_Polyamides_2_control,matched,control,Polyamides,extra_trees,Mondrian-family,123.90778471933676,0.0,0.5714285714285714,0.3285714285714286,5,0.8966666666666666,0.0033333333333334103,0.0033333333333334103,1,0.12292720295275865
0.9166666666666666,0.9,0.016666666666666607,105.04922305379456,106.80595472881743,0.0,matched_Polyamides_2_control,matched,control,Polyamides,extra_trees,Normalised SCP,105.04922305379456,0.0,0.6428571428571429,0.2571428571428571,5,0.9166666666666666,-0.016666666666666607,0.016666666666666607,1,0.09954998525781837
0.93,0.9,0.030000000000000027,126.86916506603838,126.86916506603836,0.0,matched_Polyamides_2_control,matched,control,Polyamides,hist_gbr,SCP,126.86916506603838,0.0,0.6428571428571429,0.2571428571428571,5,0.93,-0.030000000000000027,0.030000000000000027,1,0.09864662141614475
0.9166666666666666,0.9,0.016666666666666607,114.23005752751841,94.6942727847507,0.0,matched_Polyamides_2_control,matched,control,Polyamides,hist_gbr,Mondrian-similarity,114.23005752751841,0.0,0.8085106382978723,0.09148936170212774,5,0.9166666666666666,-0.016666666666666607,0.016666666666666607,1,0.051851525391285305
0.8966666666666666,0.9,-0.0033333333333334103,104.96392257515227,104.96392257515225,0.0,matched_Polyamides_2_control,matched,control,Polyamides,hist_gbr,Mondrian-family,116.00307467720249,0.0,0.6428571428571429,0.2571428571428571,5,0.8966666666666666,0.0033333333333334103,0.0033333333333334103,1,0.11754936572599714
0.9166666666666666,0.9,0.016666666666666607,102.42162104505432,105.56900119283523,0.0,matched_Polyamides_2_control,matched,control,Polyamides,hist_gbr,Normalised SCP,102.42162104505432,0.0,0.5714285714285714,0.3285714285714286,5,0.9166666666666666,-0.016666666666666607,0.016666666666666607,1,0.11903103216368402
0.9375,0.9,0.03749999999999998,119.23819999999998,119.23819999999998,0.0,matched_Polyanhydrides_0_informed,matched,informed,Polyanhydrides,extra_trees,SCP,119.23819999999998,0.0,,,0,0.9375,-0.03749999999999998,0.03749999999999998,1,
0.8125,0.9,-0.08750000000000002,126.26976750000077,98.87596000000207,0.0,matched_Polyanhydrides_0_informed,matched,informed,Polyanhydrides,extra_trees,Mondrian-similarity,1743.100372911206,0.0,,,0,0.8125,0.08750000000000002,0.08750000000000002,1,
0.9375,0.9,0.03749999999999998,119.23819999999998,119.23819999999998,0.0,matched_Polyanhydrides_0_informed,matched,informed,Polyanhydrides,extra_trees,Mondrian-family,119.23819999999998,1.0,,,0,0.9375,-0.03749999999999998,0.03749999999999998,1,
1.0,0.9,0.09999999999999998,148.61039021705082,148.50711069466146,0.0,matched_Polyanhydrides_0_informed,matched,informed,Polyanhydrides,extra_trees,Normalised SCP,148.61039021705082,0.0,,,0,1.0,-0.09999999999999998,0.09999999999999998,1,
0.875,0.9,-0.025000000000000022,116.20600819390134,116.20600819390134,0.0,matched_Polyanhydrides_0_informed,matched,informed,Polyanhydrides,hist_gbr,SCP,246.0081212769819,0.0,,,0,0.875,0.025000000000000022,0.025000000000000022,1,
0.8125,0.9,-0.08750000000000002,129.78943794766104,105.52977495487369,0.0,matched_Polyanhydrides_0_informed,matched,informed,Polyanhydrides,hist_gbr,Mondrian-similarity,1791.6879247164402,0.0,,,0,0.8125,0.08750000000000002,0.08750000000000002,1,
0.875,0.9,-0.025000000000000022,116.20600819390134,116.20600819390134,0.0,matched_Polyanhydrides_0_informed,matched,informed,Polyanhydrides,hist_gbr,Mondrian-family,246.0081212769819,1.0,,,0,0.875,0.025000000000000022,0.025000000000000022,1,
1.0,0.9,0.09999999999999998,144.56954529828778,145.33169834038824,0.0,matched_Polyanhydrides_0_informed,matched,informed,Polyanhydrides,hist_gbr,Normalised SCP,144.56954529828778,0.0,,,0,1.0,-0.09999999999999998,0.09999999999999998,1,
0.9375,0.9,0.03749999999999998,121.98027999999994,121.98027999999994,0.0,matched_Polyanhydrides_0_naive,matched,naive,Polyanhydrides,extra_trees,SCP,121.98027999999994,0.0,,,0,0.9375,-0.03749999999999998,0.03749999999999998,1,
0.9375,0.9,0.03749999999999998,165.49695000000003,149.57884,0.0,matched_Polyanhydrides_0_naive,matched,naive,Polyanhydrides,extra_trees,Mondrian-similarity,165.49695000000003,0.0,,,0,0.9375,-0.03749999999999998,0.03749999999999998,1,
0.9375,0.9,0.03749999999999998,121.98027999999994,121.98027999999994,0.0,matched_Polyanhydrides_0_naive,matched,naive,Polyanhydrides,extra_trees,Mondrian-family,121.98027999999994,1.0,,,0,0.9375,-0.03749999999999998,0.03749999999999998,1,
0.875,0.9,-0.025000000000000022,146.286238718393,154.82413347580314,0.0,matched_Polyanhydrides_0_naive,matched,naive,Polyanhydrides,extra_trees,Normalised SCP,309.6879697970439,0.0,,,0,0.875,0.025000000000000022,0.025000000000000022,1,
0.8125,0.9,-0.08750000000000002,117.12158393676992,117.12158393676992,0.0,matched_Polyanhydrides_0_naive,matched,naive,Polyanhydrides,hist_gbr,SCP,1616.813594244826,0.0,,,0,0.8125,0.08750000000000002,0.08750000000000002,1,
0.875,0.9,-0.025000000000000022,170.8615740502604,150.5197589434983,0.0,matched_Polyanhydrides_0_naive,matched,naive,Polyanhydrides,hist_gbr,Mondrian-similarity,361.71395510286925,0.0,,,0,0.875,0.025000000000000022,0.025000000000000022,1,
0.8125,0.9,-0.08750000000000002,117.12158393676992,117.12158393676992,0.0,matched_Polyanhydrides_0_naive,matched,naive,Polyanhydrides,hist_gbr,Mondrian-family,1616.813594244826,1.0,,,0,0.8125,0.08750000000000002,0.08750000000000002,1,
0.75,0.9,-0.15000000000000002,130.46339290093817,135.2822466425901,0.0,matched_Polyanhydrides_0_naive,matched,naive,Polyanhydrides,hist_gbr,Normalised SCP,11743.940368675329,0.0,,,0,0.75,0.15000000000000002,0.15000000000000002,1,
1.0,0.9,0.09999999999999998,130.15834000000007,130.15834000000007,0.0,matched_Polyanhydrides_0_control,matched,control,Polyanhydrides,extra_trees,SCP,130.15834000000007,0.0,,,0,1.0,-0.09999999999999998,0.09999999999999998,1,
1.0,0.9,0.09999999999999998,135.87327,146.75779999999986,0.0,matched_Polyanhydrides_0_control,matched,control,Polyanhydrides,extra_trees,Mondrian-similarity,135.87327,0.0,,,0,1.0,-0.09999999999999998,0.09999999999999998,1,
1.0,0.9,0.09999999999999998,130.15834000000007,130.15834000000007,0.0,matched_Polyanhydrides_0_control,matched,control,Polyanhydrides,extra_trees,Mondrian-family,130.15834000000007,1.0,,,0,1.0,-0.09999999999999998,0.09999999999999998,1,
1.0,0.9,0.09999999999999998,140.0898280531688,146.4984665519222,0.0,matched_Polyanhydrides_0_control,matched,control,Polyanhydrides,extra_trees,Normalised SCP,140.0898280531688,0.0,,,0,1.0,-0.09999999999999998,0.09999999999999998,1,
1.0,0.9,0.09999999999999998,130.86437595355983,130.86437595355983,0.0,matched_Polyanhydrides_0_control,matched,control,Polyanhydrides,hist_gbr,SCP,130.86437595355983,0.0,,,0,1.0,-0.09999999999999998,0.09999999999999998,1,
0.875,0.9,-0.025000000000000022,134.57607675888718,147.6501670262663,0.0,matched_Polyanhydrides_0_control,matched,control,Polyanhydrides,hist_gbr,Mondrian-similarity,284.8975567342329,0.0,,,0,0.875,0.025000000000000022,0.025000000000000022,1,
1.0,0.9,0.09999999999999998,130.86437595355983,130.86437595355983,0.0,matched_Polyanhydrides_0_control,matched,control,Polyanhydrides,hist_gbr,Mondrian-family,130.86437595355983,1.0,,,0,1.0,-0.09999999999999998,0.09999999999999998,1,
1.0,0.9,0.09999999999999998,161.18876050433892,171.06585429832995,0.0,matched_Polyanhydrides_0_control,matched,control,Polyanhydrides,hist_gbr,Normalised SCP,161.18876050433892,0.0,,,0,1.0,-0.09999999999999998,0.09999999999999998,1,
1.0,0.9,0.09999999999999998,122.5068,122.5068,0.0,matched_Polyanhydrides_1_informed,matched,informed,Polyanhydrides,extra_trees,SCP,122.5068,0.0,1.0,-0.09999999999999998,1,1.0,-0.09999999999999998,0.09999999999999998,1,0.09999999999999998
1.0,0.9,0.09999999999999998,117.28157500000026,98.92899999999997,0.0,matched_Polyanhydrides_1_informed,matched,informed,Polyanhydrides,extra_trees,Mondrian-similarity,117.28157500000026,0.0,1.0,-0.09999999999999998,1,1.0,-0.09999999999999998,0.09999999999999998,1,0.09999999999999998
1.0,0.9,0.09999999999999998,122.5068,122.5068,0.0,matched_Polyanhydrides_1_informed,matched,informed,Polyanhydrides,extra_trees,Mondrian-family,122.5068,1.0,1.0,-0.09999999999999998,1,1.0,-0.09999999999999998,0.09999999999999998,1,0.09999999999999998
1.0,0.9,0.09999999999999998,131.93907900177683,125.87408282381972,0.0,matched_Polyanhydrides_1_informed,matched,informed,Polyanhydrides,extra_trees,Normalised SCP,131.93907900177683,0.0,1.0,-0.09999999999999998,1,1.0,-0.09999999999999998,0.09999999999999998,1,0.09999999999999998
1.0,0.9,0.09999999999999998,116.34698089291066,116.34698089291066,0.0,matched_Polyanhydrides_1_informed,matched,informed,Polyanhydrides,hist_gbr,SCP,116.34698089291066,0.0,1.0,-0.09999999999999998,1,1.0,-0.09999999999999998,0.09999999999999998,1,0.09999999999999998
1.0,0.9,0.09999999999999998,115.94347462794548,94.68984335225537,0.0,matched_Polyanhydrides_1_informed,matched,informed,Polyanhydrides,hist_gbr,Mondrian-similarity,115.94347462794548,0.0,1.0,-0.09999999999999998,1,1.0,-0.09999999999999998,0.09999999999999998,1,0.09999999999999998
1.0,0.9,0.09999999999999998,116.34698089291066,116.34698089291066,0.0,matched_Polyanhydrides_1_informed,matched,informed,Polyanhydrides,hist_gbr,Mondrian-family,116.34698089291066,1.0,1.0,-0.09999999999999998,1,1.0,-0.09999999999999998,0.09999999999999998,1,0.09999999999999998
1.0,0.9,0.09999999999999998,134.12510996801907,132.42177183247117,0.0,matched_Polyanhydrides_1_informed,matched,informed,Polyanhydrides,hist_gbr,Normalised SCP,134.12510996801907,0.0,1.0,-0.09999999999999998,1,1.0,-0.09999999999999998,0.09999999999999998,1,0.09999999999999998
0.875,0.9,-0.025000000000000022,121.98027999999994,121.98027999999994,0.0,matched_Polyanhydrides_1_naive,matched,naive,Polyanhydrides,extra_trees,SCP,258.23225478641876,0.0,,,0,0.875,0.025000000000000022,0.025000000000000022,1,
1.0,0.9,0.09999999999999998,163.0035525,149.57884,0.0,matched_Polyanhydrides_1_naive,matched,naive,Polyanhydrides,extra_trees,Mondrian-similarity,163.0035525,0.0,,,0,1.0,-0.09999999999999998,0.09999999999999998,1,
0.875,0.9,-0.025000000000000022,121.98027999999994,121.98027999999994,0.0,matched_Polyanhydrides_1_naive,matched,naive,Polyanhydrides,extra_trees,Mondrian-family,258.23225478641876,1.0,,,0,0.875,0.025000000000000022,0.025000000000000022,1,
0.9375,0.9,0.03749999999999998,130.44245336143808,113.86970613490288,0.0,matched_Polyanhydrides_1_naive,matched,naive,Polyanhydrides,extra_trees,Normalised SCP,130.44245336143808,0.0,,,0,0.9375,-0.03749999999999998,0.03749999999999998,1,
0.8125,0.9,-0.08750000000000002,117.12158393676992,117.12158393676992,0.0,matched_Polyanhydrides_1_naive,matched,naive,Polyanhydrides,hist_gbr,SCP,1616.813594244826,0.0,,,0,0.8125,0.08750000000000002,0.08750000000000002,1,
1.0,0.9,0.09999999999999998,168.18276700777898,150.5197589434983,0.0,matched_Polyanhydrides_1_naive,matched,naive,Polyanhydrides,hist_gbr,Mondrian-similarity,168.18276700777898,0.0,,,0,1.0,-0.09999999999999998,0.09999999999999998,1,
0.8125,0.9,-0.08750000000000002,117.12158393676992,117.12158393676992,0.0,matched_Polyanhydrides_1_naive,matched,naive,Polyanhydrides,hist_gbr,Mondrian-family,1616.813594244826,1.0,,,0,0.8125,0.08750000000000002,0.08750000000000002,1,
0.875,0.9,-0.025000000000000022,116.04932334483534,108.17477456453778,0.0,matched_Polyanhydrides_1_naive,matched,naive,Polyanhydrides,hist_gbr,Normalised SCP,245.67641944890624,0.0,,,0,0.875,0.025000000000000022,0.025000000000000022,1,
1.0,0.9,0.09999999999999998,125.45839999999998,125.45839999999998,0.0,matched_Polyanhydrides_1_control,matched,control,Polyanhydrides,extra_trees,SCP,125.45839999999998,0.0,,,0,1.0,-0.09999999999999998,0.09999999999999998,1,
1.0,0.9,0.09999999999999998,137.44746750000002,130.8584,0.0,matched_Polyanhydrides_1_control,matched,control,Polyanhydrides,extra_trees,Mondrian-similarity,137.44746750000002,0.0,,,0,1.0,-0.09999999999999998,0.09999999999999998,1,
1.0,0.9,0.09999999999999998,125.45839999999998,125.45839999999998,0.0,matched_Polyanhydrides_1_control,matched,control,Polyanhydrides,extra_trees,Mondrian-family,125.45839999999998,1.0,,,0,1.0,-0.09999999999999998,0.09999999999999998,1,
1.0,0.9,0.09999999999999998,139.62885010352556,141.6928142267928,0.0,matched_Polyanhydrides_1_control,matched,control,Polyanhydrides,extra_trees,Normalised SCP,139.62885010352556,0.0,,,0,1.0,-0.09999999999999998,0.09999999999999998,1,
1.0,0.9,0.09999999999999998,120.0740962519393,120.0740962519393,0.0,matched_Polyanhydrides_1_control,matched,control,Polyanhydrides,hist_gbr,SCP,120.0740962519393,0.0,,,0,1.0,-0.09999999999999998,0.09999999999999998,1,
1.0,0.9,0.09999999999999998,127.15817524708486,134.69129667007257,0.0,matched_Polyanhydrides_1_control,matched,control,Polyanhydrides,hist_gbr,Mondrian-similarity,127.15817524708486,0.0,,,0,1.0,-0.09999999999999998,0.09999999999999998,1,
1.0,0.9,0.09999999999999998,120.0740962519393,120.0740962519393,0.0,matched_Polyanhydrides_1_control,matched,control,Polyanhydrides,hist_gbr,Mondrian-family,120.0740962519393,1.0,,,0,1.0,-0.09999999999999998,0.09999999999999998,1,
1.0,0.9,0.09999999999999998,123.3698956236263,121.92053673213516,0.0,matched_Polyanhydrides_1_control,matched,control,Polyanhydrides,hist_gbr,Normalised SCP,123.3698956236263,0.0,,,0,1.0,-0.09999999999999998,0.09999999999999998,1,
0.9375,0.9,0.03749999999999998,124.10432000000003,124.10432000000003,0.0,matched_Polyanhydrides_2_informed,matched,informed,Polyanhydrides,extra_trees,SCP,124.10432000000003,0.0,,,0,0.9375,-0.03749999999999998,0.03749999999999998,1,
0.9375,0.9,0.03749999999999998,147.43858749999998,145.2326,0.0,matched_Polyanhydrides_2_informed,matched,informed,Polyanhydrides,extra_trees,Mondrian-similarity,147.43858749999998,0.0,,,0,0.9375,-0.03749999999999998,0.03749999999999998,1,
0.9375,0.9,0.03749999999999998,124.10432000000003,124.10432000000003,0.0,matched_Polyanhydrides_2_informed,matched,informed,Polyanhydrides,extra_trees,Mondrian-family,124.10432000000003,1.0,,,0,0.9375,-0.03749999999999998,0.03749999999999998,1,
0.9375,0.9,0.03749999999999998,134.28938826535827,130.24045619852356,0.0,matched_Polyanhydrides_2_informed,matched,informed,Polyanhydrides,extra_trees,Normalised SCP,134.28938826535827,0.0,,,0,0.9375,-0.03749999999999998,0.03749999999999998,1,
0.875,0.9,-0.025000000000000022,121.41574958520295,121.41574958520295,0.0,matched_Polyanhydrides_2_informed,matched,informed,Polyanhydrides,hist_gbr,SCP,257.0371438889152,0.0,,,0,0.875,0.025000000000000022,0.025000000000000022,1,
0.8125,0.9,-0.08750000000000002,150.82507239250108,125.97610285594473,0.0,matched_Polyanhydrides_2_informed,matched,informed,Polyanhydrides,hist_gbr,Mondrian-similarity,2082.0759009612234,0.0,,,0,0.8125,0.08750000000000002,0.08750000000000002,1,
0.875,0.9,-0.025000000000000022,121.41574958520295,121.41574958520295,0.0,matched_Polyanhydrides_2_informed,matched,informed,Polyanhydrides,hist_gbr,Mondrian-family,257.0371438889152,1.0,,,0,0.875,0.025000000000000022,0.025000000000000022,1,
0.8125,0.9,-0.08750000000000002,144.6358575936885,140.03129754731606,0.0,matched_Polyanhydrides_2_informed,matched,informed,Polyanhydrides,hist_gbr,Normalised SCP,1996.6364261175106,0.0,,,0,0.8125,0.08750000000000002,0.08750000000000002,1,
0.8125,0.9,-0.08750000000000002,121.98027999999994,121.98027999999994,0.0,matched_Polyanhydrides_2_naive,matched,naive,Polyanhydrides,extra_trees,SCP,1683.8858244972369,0.0,,,0,0.8125,0.08750000000000002,0.08750000000000002,1,
0.9375,0.9,0.03749999999999998,173.33653,149.57884,0.0,matched_Polyanhydrides_2_naive,matched,naive,Polyanhydrides,extra_trees,Mondrian-similarity,173.33653,0.0,,,0,0.9375,-0.03749999999999998,0.03749999999999998,1,
0.8125,0.9,-0.08750000000000002,121.98027999999994,121.98027999999994,0.0,matched_Polyanhydrides_2_naive,matched,naive,Polyanhydrides,extra_trees,Mondrian-family,1683.8858244972369,1.0,,,0,0.8125,0.08750000000000002,0.08750000000000002,1,
0.8125,0.9,-0.08750000000000002,141.40330574612858,148.75711623741526,0.0,matched_Polyanhydrides_2_naive,matched,naive,Polyanhydrides,extra_trees,Normalised SCP,1952.0124243275613,0.0,,,0,0.8125,0.08750000000000002,0.08750000000000002,1,
0.625,0.9,-0.275,117.12158393676992,117.12158393676992,0.0,matched_Polyanhydrides_2_naive,matched,naive,Polyanhydrides,hist_gbr,SCP,448297.59892432194,0.0,,,0,0.625,0.275,0.275,1,
0.875,0.9,-0.025000000000000022,178.8992013368557,150.5197589434983,0.0,matched_Polyanhydrides_2_naive,matched,naive,Polyanhydrides,hist_gbr,Mondrian-similarity,378.729612202118,0.0,,,0,0.875,0.025000000000000022,0.025000000000000022,1,
0.625,0.9,-0.275,117.12158393676992,117.12158393676992,0.0,matched_Polyanhydrides_2_naive,matched,naive,Polyanhydrides,hist_gbr,Mondrian-family,448297.59892432194,1.0,,,0,0.625,0.275,0.275,1,
0.625,0.9,-0.275,126.6949110942074,128.5030077115819,0.0,matched_Polyanhydrides_2_naive,matched,naive,Polyanhydrides,hist_gbr,Normalised SCP,484940.7131492215,0.0,,,0,0.625,0.275,0.275,1,
0.9375,0.9,0.03749999999999998,130.31640000000004,130.31640000000004,0.0,matched_Polyanhydrides_2_control,matched,control,Polyanhydrides,extra_trees,SCP,130.31640000000004,0.0,,,0,0.9375,-0.03749999999999998,0.03749999999999998,1,
0.9375,0.9,0.03749999999999998,142.74151125000006,158.58780000000002,0.0,matched_Polyanhydrides_2_control,matched,control,Polyanhydrides,extra_trees,Mondrian-similarity,142.74151125000006,0.0,,,0,0.9375,-0.03749999999999998,0.03749999999999998,1,
0.9375,0.9,0.03749999999999998,130.31640000000004,130.31640000000004,0.0,matched_Polyanhydrides_2_control,matched,control,Polyanhydrides,extra_trees,Mondrian-family,130.31640000000004,1.0,,,0,0.9375,-0.03749999999999998,0.03749999999999998,1,
0.9375,0.9,0.03749999999999998,142.2393709868898,151.6307006168508,0.0,matched_Polyanhydrides_2_control,matched,control,Polyanhydrides,extra_trees,Normalised SCP,142.2393709868898,0.0,,,0,0.9375,-0.03749999999999998,0.03749999999999998,1,
0.9375,0.9,0.03749999999999998,123.72328551451588,123.72328551451588,0.0,matched_Polyanhydrides_2_control,matched,control,Polyanhydrides,hist_gbr,SCP,123.72328551451588,0.0,,,0,0.9375,-0.03749999999999998,0.03749999999999998,1,
0.8125,0.9,-0.08750000000000002,141.40606885587283,147.17122705949222,0.0,matched_Polyanhydrides_2_control,matched,control,Polyanhydrides,hist_gbr,Mondrian-similarity,1952.05056788101,0.0,,,0,0.8125,0.08750000000000002,0.08750000000000002,1,
0.9375,0.9,0.03749999999999998,123.72328551451588,123.72328551451588,0.0,matched_Polyanhydrides_2_control,matched,control,Polyanhydrides,hist_gbr,Mondrian-family,123.72328551451588,1.0,,,0,0.9375,-0.03749999999999998,0.03749999999999998,1,
0.875,0.9,-0.025000000000000022,128.23809386300448,131.61586998667764,0.0,matched_Polyanhydrides_2_control,matched,control,Polyanhydrides,hist_gbr,Normalised SCP,271.4800468383584,0.0,,,0,0.875,0.025000000000000022,0.025000000000000022,1,
0.9473684210526315,0.9,0.047368421052631504,123.202,123.202,0.0,matched_Polycarbonates_0_informed,matched,informed,Polycarbonates,extra_trees,SCP,123.202,0.0,0.875,0.025000000000000022,3,0.9473684210526315,-0.047368421052631504,0.047368421052631504,1,0.075
0.9649122807017544,0.9,0.06491228070175437,132.91446877192988,114.12420000000004,0.0,matched_Polycarbonates_0_informed,matched,informed,Polycarbonates,extra_trees,Mondrian-similarity,132.91446877192988,0.0,0.9375,-0.03749999999999998,3,0.9649122807017544,-0.06491228070175437,0.06491228070175437,1,0.05955882352941174
0.9824561403508771,0.9,0.08245614035087712,149.20773999999986,149.2077399999999,0.0,matched_Polycarbonates_0_informed,matched,informed,Polycarbonates,extra_trees,Mondrian-family,149.20773999999986,0.0,0.9375,-0.03749999999999998,3,0.9824561403508771,-0.08245614035087712,0.08245614035087712,1,0.07916666666666665
0.9473684210526315,0.9,0.047368421052631504,125.60353185206104,121.89087978464445,0.0,matched_Polycarbonates_0_informed,matched,informed,Polycarbonates,extra_trees,Normalised SCP,125.60353185206104,0.0,0.875,0.025000000000000022,3,0.9473684210526315,-0.047368421052631504,0.047368421052631504,1,0.075
0.9649122807017544,0.9,0.06491228070175437,125.93131344048875,125.93131344048875,0.0,matched_Polycarbonates_0_informed,matched,informed,Polycarbonates,hist_gbr,SCP,125.93131344048875,0.0,0.9375,-0.03749999999999998,3,0.9649122807017544,-0.06491228070175437,0.06491228070175437,1,0.07916666666666665
1.0,0.9,0.09999999999999998,136.0434388841141,115.58692031581768,0.0,matched_Polycarbonates_0_informed,matched,informed,Polycarbonates,hist_gbr,Mondrian-similarity,136.0434388841141,0.0,1.0,-0.09999999999999998,3,1.0,-0.09999999999999998,0.09999999999999998,1,0.09999999999999998
0.9649122807017544,0.9,0.06491228070175437,143.49064252802256,143.49064252802256,0.0,matched_Polycarbonates_0_informed,matched,informed,Polycarbonates,hist_gbr,Mondrian-family,143.49064252802256,0.0,0.9375,-0.03749999999999998,3,0.9649122807017544,-0.06491228070175437,0.06491228070175437,1,0.07916666666666665
0.9473684210526315,0.9,0.047368421052631504,107.47319652171015,108.92716359793704,0.0,matched_Polycarbonates_0_informed,matched,informed,Polycarbonates,hist_gbr,Normalised SCP,107.47319652171015,0.0,0.9375,-0.03749999999999998,3,0.9473684210526315,-0.047368421052631504,0.047368421052631504,1,0.07916666666666665
0.8070175438596491,0.9,-0.09298245614035094,127.15064000000007,127.15064000000007,0.0,matched_Polycarbonates_0_naive,matched,naive,Polycarbonates,extra_trees,SCP,2069.052825855878,0.0,0.7,0.20000000000000007,3,0.8070175438596491,0.09298245614035094,0.09298245614035094,1,0.09393939393939395
0.8771929824561403,0.9,-0.02280701754385972,163.9664912280701,152.80039999999985,0.0,matched_Polycarbonates_0_naive,matched,naive,Polycarbonates,extra_trees,Mondrian-similarity,325.0154148404909,0.0,0.7,0.20000000000000007,3,0.8771929824561403,0.02280701754385972,0.02280701754385972,1,0.10000000000000002
0.8070175438596491,0.9,-0.09298245614035094,127.15064000000007,127.15064000000007,0.0,matched_Polycarbonates_0_naive,matched,naive,Polycarbonates,extra_trees,Mondrian-family,2069.052825855878,1.0,0.7,0.20000000000000007,3,0.8070175438596491,0.09298245614035094,0.09298245614035094,1,0.09393939393939395
0.8070175438596491,0.9,-0.09298245614035094,156.86841484887015,144.53229224461734,0.0,matched_Polycarbonates_0_naive,matched,naive,Polycarbonates,extra_trees,Normalised SCP,2552.6339232786145,0.0,0.7272727272727273,0.17272727272727273,3,0.8070175438596491,0.09298245614035094,0.09298245614035094,1,0.0909090909090909
0.8947368421052632,0.9,-0.0052631578947368585,125.93988546012099,125.93988546012099,0.0,matched_Polycarbonates_0_naive,matched,naive,Polycarbonates,hist_gbr,SCP,147.48101128217468,0.0,0.8,0.09999999999999998,3,0.8947368421052632,0.0052631578947368585,0.0052631578947368585,1,0.06666666666666665
0.9473684210526315,0.9,0.047368421052631504,169.55890659059506,160.0009886884572,0.0,matched_Polycarbonates_0_naive,matched,naive,Polycarbonates,hist_gbr,Mondrian-similarity,169.55890659059506,0.0,0.8,0.09999999999999998,3,0.9473684210526315,-0.047368421052631504,0.047368421052631504,1,0.0833333333333333
0.8947368421052632,0.9,-0.0052631578947368585,125.93988546012099,125.93988546012099,0.0,matched_Polycarbonates_0_naive,matched,naive,Polycarbonates,hist_gbr,Mondrian-family,147.48101128217468,1.0,0.8,0.09999999999999998,3,0.8947368421052632,0.0052631578947368585,0.0052631578947368585,1,0.06666666666666665
0.8947368421052632,0.9,-0.0052631578947368585,135.27236908321302,128.0923459080089,0.0,matched_Polycarbonates_0_naive,matched,naive,Polycarbonates,hist_gbr,Normalised SCP,158.40975016008775,0.0,0.8,0.09999999999999998,3,0.8947368421052632,0.0052631578947368585,0.0052631578947368585,1,0.06666666666666665
0.9473684210526315,0.9,0.047368421052631504,122.20227999999996,122.20227999999997,0.0,matched_Polycarbonates_0_control,matched,control,Polycarbonates,extra_trees,SCP,122.20227999999996,0.0,0.8571428571428571,0.04285714285714293,3,0.9473684210526315,-0.047368421052631504,0.047368421052631504,1,0.08095238095238096
0.9649122807017544,0.9,0.06491228070175437,128.94284105263162,110.80984000000001,0.0,matched_Polycarbonates_0_control,matched,control,Polycarbonates,extra_trees,Mondrian-similarity,128.94284105263162,0.0,0.8571428571428571,0.04285714285714293,3,0.9649122807017544,-0.06491228070175437,0.06491228070175437,1,0.08095238095238096
0.9473684210526315,0.9,0.047368421052631504,122.20227999999996,122.20227999999997,0.0,matched_Polycarbonates_0_control,matched,control,Polycarbonates,extra_trees,Mondrian-family,122.20227999999996,1.0,0.8571428571428571,0.04285714285714293,3,0.9473684210526315,-0.047368421052631504,0.047368421052631504,1,0.08095238095238096
0.8947368421052632,0.9,-0.0052631578947368585,119.25383090718074,117.35960599360078,0.0,matched_Polycarbonates_0_control,matched,control,Polycarbonates,extra_trees,Normalised SCP,139.6513544315842,0.0,0.8571428571428571,0.04285714285714293,3,0.8947368421052632,0.0052631578947368585,0.0052631578947368585,1,0.06011904761904763
0.9298245614035088,0.9,0.029824561403508754,118.2279900417344,118.22799004173439,0.0,matched_Polycarbonates_0_control,matched,control,Polycarbonates,hist_gbr,SCP,118.2279900417344,0.0,0.7857142857142857,0.11428571428571432,3,0.9298245614035088,-0.029824561403508754,0.029824561403508754,1,0.10476190476190476
0.9473684210526315,0.9,0.047368421052631504,118.18784752813957,106.4495665997287,0.0,matched_Polycarbonates_0_control,matched,control,Polycarbonates,hist_gbr,Mondrian-similarity,118.18784752813957,0.0,0.8571428571428571,0.04285714285714293,3,0.9473684210526315,-0.047368421052631504,0.047368421052631504,1,0.08095238095238096
0.9298245614035088,0.9,0.029824561403508754,118.2279900417344,118.22799004173439,0.0,matched_Polycarbonates_0_control,matched,control,Polycarbonates,hist_gbr,Mondrian-family,118.2279900417344,1.0,0.7857142857142857,0.11428571428571432,3,0.9298245614035088,-0.029824561403508754,0.029824561403508754,1,0.10476190476190476
0.9473684210526315,0.9,0.047368421052631504,123.94299607228494,124.0310098834921,0.0,matched_Polycarbonates_0_control,matched,control,Polycarbonates,hist_gbr,Normalised SCP,123.94299607228494,0.0,0.8571428571428571,0.04285714285714293,3,0.9473684210526315,-0.047368421052631504,0.047368421052631504,1,0.08095238095238096
0.8947368421052632,0.9,-0.0052631578947368585,116.20724000000045,116.20724000000047,0.0,matched_Polycarbonates_1_informed,matched,informed,Polycarbonates,extra_trees,SCP,136.08366571793755,0.0,0.7,0.20000000000000007,4,0.8947368421052632,0.0052631578947368585,0.0052631578947368585,1,0.08541666666666667
0.8771929824561403,0.9,-0.02280701754385972,125.76513543859653,143.68470000000002,0.0,matched_Polycarbonates_1_informed,matched,informed,Polycarbonates,extra_trees,Mondrian-similarity,249.29244604124523,0.0,0.7,0.20000000000000007,4,0.8771929824561403,0.02280701754385972,0.02280701754385972,1,0.06979166666666667
0.8421052631578947,0.9,-0.05789473684210533,109.68779999999992,109.68779999999992,0.0,matched_Polycarbonates_1_informed,matched,informed,Polycarbonates,extra_trees,Mondrian-family,622.9587183817287,0.0,0.7,0.20000000000000007,4,0.8421052631578947,0.05789473684210533,0.05789473684210533,1,0.11875000000000002
0.8947368421052632,0.9,-0.0052631578947368585,123.27193055398783,125.36759156070886,0.0,matched_Polycarbonates_1_informed,matched,informed,Polycarbonates,extra_trees,Normalised SCP,144.35672157701728,0.0,0.75,0.15000000000000002,4,0.8947368421052632,0.0052631578947368585,0.0052631578947368585,1,0.09687499999999999
0.9122807017543859,0.9,0.012280701754385892,120.9747932320377,120.97479323203771,0.0,matched_Polycarbonates_1_informed,matched,informed,Polycarbonates,hist_gbr,SCP,120.9747932320377,0.0,0.875,0.025000000000000022,4,0.9122807017543859,-0.012280701754385892,0.012280701754385892,1,0.03541666666666665
0.8947368421052632,0.9,-0.0052631578947368585,125.95347845426541,138.26831432549903,0.0,matched_Polycarbonates_1_informed,matched,informed,Polycarbonates,hist_gbr,Mondrian-similarity,147.49692926173648,0.0,0.8,0.09999999999999998,4,0.8947368421052632,0.0052631578947368585,0.0052631578947368585,1,0.06562499999999999
0.9122807017543859,0.9,0.012280701754385892,138.268314325499,138.26831432549903,0.0,matched_Polycarbonates_1_informed,matched,informed,Polycarbonates,hist_gbr,Mondrian-family,138.268314325499,0.0,0.875,0.025000000000000022,4,0.9122807017543859,-0.012280701754385892,0.012280701754385892,1,0.03541666666666665
0.8947368421052632,0.9,-0.0052631578947368585,117.257040524484,120.25103361530927,0.0,matched_Polycarbonates_1_informed,matched,informed,Polycarbonates,hist_gbr,Normalised SCP,137.3130271901172,0.0,0.8333333333333334,0.06666666666666665,4,0.8947368421052632,0.0052631578947368585,0.0052631578947368585,1,0.04791666666666666
0.8596491228070176,0.9,-0.04035087719298247,127.15064000000007,127.15064000000007,0.0,matched_Polycarbonates_1_naive,matched,naive,Polycarbonates,extra_trees,SCP,426.62219872253195,0.0,0.6875,0.21250000000000002,3,0.8596491228070176,0.04035087719298247,0.04035087719298247,1,0.13749999999999998
0.8771929824561403,0.9,-0.02280701754385972,165.05048210526314,152.80039999999985,0.0,matched_Polycarbonates_1_naive,matched,naive,Polycarbonates,extra_trees,Mondrian-similarity,327.16410840583745,0.0,0.6875,0.21250000000000002,3,0.8771929824561403,0.02280701754385972,0.02280701754385972,1,0.13749999999999998
0.8596491228070176,0.9,-0.04035087719298247,127.15064000000007,127.15064000000007,0.0,matched_Polycarbonates_1_naive,matched,naive,Polycarbonates,extra_trees,Mondrian-family,426.62219872253195,1.0,0.6875,0.21250000000000002,3,0.8596491228070176,0.04035087719298247,0.04035087719298247,1,0.13749999999999998
0.8245614035087719,0.9,-0.07543859649122808,161.85096774717937,156.87466598520302,0.0,matched_Polycarbonates_1_naive,matched,naive,Polycarbonates,extra_trees,Normalised SCP,1555.9379940710926,0.0,0.75,0.15000000000000002,3,0.8245614035087719,0.07543859649122808,0.07543859649122808,1,0.0828282828282828
0.8421052631578947,0.9,-0.05789473684210533,125.93988546012099,125.93988546012099,0.0,matched_Polycarbonates_1_naive,matched,naive,Polycarbonates,hist_gbr,SCP,715.2604905867264,0.0,0.75,0.15000000000000002,3,0.8421052631578947,0.05789473684210533,0.05789473684210533,1,0.10555555555555556
0.9122807017543859,0.9,0.012280701754385892,171.43565230017703,160.0009886884572,0.0,matched_Polycarbonates_1_naive,matched,naive,Polycarbonates,hist_gbr,Mondrian-similarity,171.43565230017703,0.0,0.75,0.15000000000000002,3,0.9122807017543859,-0.012280701754385892,0.012280701754385892,1,0.11666666666666665
0.8421052631578947,0.9,-0.05789473684210533,125.93988546012099,125.93988546012099,0.0,matched_Polycarbonates_1_naive,matched,naive,Polycarbonates,hist_gbr,Mondrian-family,715.2604905867264,1.0,0.75,0.15000000000000002,3,0.8421052631578947,0.05789473684210533,0.05789473684210533,1,0.10555555555555556
0.8070175438596491,0.9,-0.09298245614035094,138.00924951150523,131.238785748689,0.0,matched_Polycarbonates_1_naive,matched,naive,Polycarbonates,hist_gbr,Normalised SCP,2245.749039847764,0.0,0.75,0.15000000000000002,3,0.8070175438596491,0.09298245614035094,0.09298245614035094,1,0.10303030303030303
0.8070175438596491,0.9,-0.09298245614035094,122.77960000000003,122.77960000000002,0.0,matched_Polycarbonates_1_control,matched,control,Polycarbonates,extra_trees,SCP,1997.9252824638104,0.0,0.6363636363636364,0.26363636363636367,4,0.8070175438596491,0.09298245614035094,0.09298245614035094,1,0.1486013986013986
0.8771929824561403,0.9,-0.02280701754385972,145.91600456140353,164.08754,0.0,matched_Polycarbonates_1_control,matched,control,Polycarbonates,extra_trees,Mondrian-similarity,289.23562612817966,0.0,0.6363636363636364,0.26363636363636367,4,0.8771929824561403,0.02280701754385972,0.02280701754385972,1,0.11151348651348653
0.9298245614035088,0.9,0.029824561403508754,178.97702,178.97701999999998,0.0,matched_Polycarbonates_1_control,matched,control,Polycarbonates,extra_trees,Mondrian-family,178.97702,0.0,0.8181818181818182,0.08181818181818179,4,0.9298245614035088,-0.029824561403508754,0.029824561403508754,1,0.0839160839160839
0.8245614035087719,0.9,-0.07543859649122808,114.27638701896745,113.31287700790966,0.0,matched_Polycarbonates_1_control,matched,control,Polycarbonates,extra_trees,Normalised SCP,1098.5845488778843,0.0,0.7,0.20000000000000007,4,0.8245614035087719,0.07543859649122808,0.07543859649122808,1,0.10891608391608393
0.7894736842105263,0.9,-0.1105263157894737,118.91411057560705,118.91411057560703,0.0,matched_Polycarbonates_1_control,matched,control,Polycarbonates,hist_gbr,SCP,3275.385812036467,0.0,0.6153846153846154,0.2846153846153846,4,0.7894736842105263,0.1105263157894737,0.1105263157894737,1,0.1666083916083916
0.8947368421052632,0.9,-0.0052631578947368585,143.6746362858814,135.33085664940472,0.0,matched_Polycarbonates_1_control,matched,control,Polycarbonates,hist_gbr,Mondrian-similarity,168.24916568429012,0.0,0.7692307692307693,0.13076923076923075,4,0.8947368421052632,0.0052631578947368585,0.0052631578947368585,1,0.08528971028971027
0.9298245614035088,0.9,0.029824561403508754,158.14605344664088,158.1460534466409,0.0,matched_Polycarbonates_1_control,matched,control,Polycarbonates,hist_gbr,Mondrian-family,158.14605344664088,0.0,0.8461538461538461,0.05384615384615388,4,0.9298245614035088,-0.029824561403508754,0.029824561403508754,1,0.06573426573426572
0.8245614035087719,0.9,-0.07543859649122808,126.70482074241859,130.90027401761057,0.0,matched_Polycarbonates_1_control,matched,control,Polycarbonates,hist_gbr,Normalised SCP,1218.0640460120565,0.0,0.6923076923076923,0.20769230769230773,4,0.8245614035087719,0.07543859649122808,0.07543859649122808,1,0.12237762237762237
0.8596491228070176,0.9,-0.04035087719298247,118.21180000000007,118.21180000000007,0.0,matched_Polycarbonates_2_informed,matched,informed,Polycarbonates,extra_trees,SCP,396.6301548379796,0.0,0.8,0.09999999999999998,3,0.8596491228070176,0.04035087719298247,0.04035087719298247,1,0.06842105263157894
0.9122807017543859,0.9,0.012280701754385892,131.26644912280705,113.42079999999987,0.0,matched_Polycarbonates_2_informed,matched,informed,Polycarbonates,extra_trees,Mondrian-similarity,131.26644912280705,0.0,0.8947368421052632,0.0052631578947368585,3,0.9122807017543859,-0.012280701754385892,0.012280701754385892,1,0.06842105263157894
0.9649122807017544,0.9,0.06491228070175437,183.90368,183.90368,0.0,matched_Polycarbonates_2_informed,matched,informed,Polycarbonates,extra_trees,Mondrian-family,183.90368,0.0,0.9473684210526315,-0.047368421052631504,3,0.9649122807017544,-0.06491228070175437,0.06491228070175437,1,0.08245614035087716
0.9122807017543859,0.9,0.012280701754385892,119.91420344160824,117.15645624759168,0.0,matched_Polycarbonates_2_informed,matched,informed,Polycarbonates,extra_trees,Normalised SCP,119.91420344160824,0.0,0.8947368421052632,0.0052631578947368585,3,0.9122807017543859,-0.012280701754385892,0.012280701754385892,1,0.06842105263157894
0.9473684210526315,0.9,0.047368421052631504,119.93776167819757,119.93776167819755,0.0,matched_Polycarbonates_2_informed,matched,informed,Polycarbonates,hist_gbr,SCP,119.93776167819757,0.0,0.9,-0.0,3,0.9473684210526315,-0.047368421052631504,0.047368421052631504,1,0.06666666666666665
0.9298245614035088,0.9,0.029824561403508754,129.60300837576088,121.93300576449383,0.0,matched_Polycarbonates_2_informed,matched,informed,Polycarbonates,hist_gbr,Mondrian-similarity,129.60300837576088,0.0,0.9,-0.0,3,0.9298245614035088,-0.029824561403508754,0.029824561403508754,1,0.049122807017543825
0.9473684210526315,0.9,0.047368421052631504,126.8873548149777,126.8873548149777,0.0,matched_Polycarbonates_2_informed,matched,informed,Polycarbonates,hist_gbr,Mondrian-family,126.8873548149777,0.0,0.9,-0.0,3,0.9473684210526315,-0.047368421052631504,0.047368421052631504,1,0.06666666666666665
0.9473684210526315,0.9,0.047368421052631504,118.33916850747163,125.14560550327042,0.0,matched_Polycarbonates_2_informed,matched,informed,Polycarbonates,hist_gbr,Normalised SCP,118.33916850747163,0.0,0.9,-0.0,3,0.9473684210526315,-0.047368421052631504,0.047368421052631504,1,0.06666666666666665
0.7894736842105263,0.9,-0.1105263157894737,127.15064000000007,127.15064000000007,0.0,matched_Polycarbonates_2_naive,matched,naive,Polycarbonates,extra_trees,SCP,3502.253855589002,0.0,0.6428571428571429,0.2571428571428571,3,0.7894736842105263,0.1105263157894737,0.1105263157894737,1,0.18827838827838828
0.8947368421052632,0.9,-0.0052631578947368585,163.82444421052628,152.80039999999985,0.0,matched_Polycarbonates_2_naive,matched,naive,Polycarbonates,extra_trees,Mondrian-similarity,191.84545560476334,0.0,0.7142857142857143,0.18571428571428572,3,0.8947368421052632,0.0052631578947368585,0.0052631578947368585,1,0.10293040293040294
0.7894736842105263,0.9,-0.1105263157894737,127.15064000000007,127.15064000000007,0.0,matched_Polycarbonates_2_naive,matched,naive,Polycarbonates,extra_trees,Mondrian-family,3502.253855589002,1.0,0.6428571428571429,0.2571428571428571,3,0.7894736842105263,0.1105263157894737,0.1105263157894737,1,0.18827838827838828
0.7894736842105263,0.9,-0.1105263157894737,149.5286141443811,140.090932362366,0.0,matched_Polycarbonates_2_naive,matched,naive,Polycarbonates,extra_trees,Normalised SCP,4118.635701778918,0.0,0.6153846153846154,0.2846153846153846,3,0.7894736842105263,0.1105263157894737,0.1105263157894737,1,0.1440781440781441
0.8596491228070176,0.9,-0.04035087719298247,125.93988546012099,125.93988546012099,0.0,matched_Polycarbonates_2_naive,matched,naive,Polycarbonates,hist_gbr,SCP,422.5598144206008,0.0,0.7857142857142857,0.11428571428571432,3,0.8596491228070176,0.04035087719298247,0.04035087719298247,1,0.06715506715506718
0.9298245614035088,0.9,0.029824561403508754,169.32541679100416,160.0009886884572,0.0,matched_Polycarbonates_2_naive,matched,naive,Polycarbonates,hist_gbr,Mondrian-similarity,169.32541679100416,0.0,0.7857142857142857,0.11428571428571432,3,0.9298245614035088,-0.029824561403508754,0.029824561403508754,1,0.07912087912087913
0.8596491228070176,0.9,-0.04035087719298247,125.93988546012099,125.93988546012099,0.0,matched_Polycarbonates_2_naive,matched,naive,Polycarbonates,hist_gbr,Mondrian-family,422.5598144206008,1.0,0.7857142857142857,0.11428571428571432,3,0.8596491228070176,0.04035087719298247,0.04035087719298247,1,0.06715506715506718
0.8947368421052632,0.9,-0.0052631578947368585,129.21338819376874,126.88204668992029,0.0,matched_Polycarbonates_2_naive,matched,naive,Polycarbonates,hist_gbr,Normalised SCP,151.31442348379372,0.0,0.7857142857142857,0.11428571428571432,3,0.8947368421052632,0.0052631578947368585,0.0052631578947368585,1,0.08253968253968254
0.9298245614035088,0.9,0.029824561403508754,123.82999999999996,123.82999999999998,0.0,matched_Polycarbonates_2_control,matched,control,Polycarbonates,extra_trees,SCP,123.82999999999996,0.0,0.9230769230769231,-0.023076923076923106,3,0.9298245614035088,-0.029824561403508754,0.029824561403508754,1,0.05352564102564102
0.9473684210526315,0.9,0.047368421052631504,142.39332385964914,116.6836,0.0,matched_Polycarbonates_2_control,matched,control,Polycarbonates,extra_trees,Mondrian-similarity,142.39332385964914,0.0,0.9375,-0.03749999999999998,3,0.9473684210526315,-0.047368421052631504,0.047368421052631504,1,0.07916666666666665
0.9824561403508771,0.9,0.08245614035087712,159.6852,159.6852,0.0,matched_Polycarbonates_2_control,matched,control,Polycarbonates,extra_trees,Mondrian-family,159.6852,0.0,1.0,-0.09999999999999998,3,0.9824561403508771,-0.08245614035087712,0.08245614035087712,1,0.09999999999999998
0.9298245614035088,0.9,0.029824561403508754,118.35161873087328,120.99707043969565,0.0,matched_Polycarbonates_2_control,matched,control,Polycarbonates,extra_trees,Normalised SCP,118.35161873087328,0.0,0.9230769230769231,-0.023076923076923106,3,0.9298245614035088,-0.029824561403508754,0.029824561403508754,1,0.05352564102564102
0.9298245614035088,0.9,0.029824561403508754,126.4523161573203,126.4523161573203,0.0,matched_Polycarbonates_2_control,matched,control,Polycarbonates,hist_gbr,SCP,126.4523161573203,0.0,0.8461538461538461,0.05384615384615388,3,0.9298245614035088,-0.029824561403508754,0.029824561403508754,1,0.06378205128205128
0.9649122807017544,0.9,0.06491228070175437,137.77082893351252,114.45620551908081,0.0,matched_Polycarbonates_2_control,matched,control,Polycarbonates,hist_gbr,Mondrian-similarity,137.77082893351252,0.0,0.9375,-0.03749999999999998,3,0.9649122807017544,-0.06491228070175437,0.06491228070175437,1,0.07916666666666665
0.8771929824561403,0.9,-0.02280701754385972,117.77523422728885,117.77523422728888,0.0,matched_Polycarbonates_2_control,matched,control,Polycarbonates,hist_gbr,Mondrian-family,233.454813380584,0.0,0.7692307692307693,0.13076923076923075,3,0.8771929824561403,0.02280701754385972,0.02280701754385972,1,0.0894230769230769
0.9298245614035088,0.9,0.029824561403508754,108.35421198572045,106.89311279716769,0.0,matched_Polycarbonates_2_control,matched,control,Polycarbonates,hist_gbr,Normalised SCP,108.35421198572045,0.0,0.7692307692307693,0.13076923076923075,3,0.9298245614035088,-0.029824561403508754,0.029824561403508754,1,0.11025641025641024
0.4782608695652174,0.9,-0.4217391304347826,126.23399999999988,126.23399999999987,0.0,matched_Polydienes_0_informed,matched,informed,Polydienes,extra_trees,SCP,39440794.834271714,0.0,,,0,0.4782608695652174,0.4217391304347826,0.4217391304347826,1,
0.6086956521739131,0.9,-0.29130434782608694,179.66549217391298,177.17947999999996,0.0,matched_Polydienes_0_informed,matched,informed,Polydienes,extra_trees,Mondrian-similarity,1121555.568330728,0.0,,,0,0.6086956521739131,0.29130434782608694,0.29130434782608694,1,
0.4782608695652174,0.9,-0.4217391304347826,126.23399999999988,126.23399999999987,0.0,matched_Polydienes_0_informed,matched,informed,Polydienes,extra_trees,Mondrian-family,39440794.834271714,1.0,,,0,0.4782608695652174,0.4217391304347826,0.4217391304347826,1,
0.5652173913043478,0.9,-0.33478260869565224,157.88278600206348,153.6981713043191,0.0,matched_Polydienes_0_informed,matched,informed,Polydienes,extra_trees,Normalised SCP,3632134.8918320113,0.0,,,0,0.5652173913043478,0.33478260869565224,0.33478260869565224,1,
0.5217391304347826,0.9,-0.37826086956521743,116.6099518739707,116.60995187397072,0.0,matched_Polydienes_0_informed,matched,informed,Polydienes,hist_gbr,SCP,9886301.872930316,0.0,,,0,0.5217391304347826,0.37826086956521743,0.37826086956521743,1,
0.6086956521739131,0.9,-0.29130434782608694,179.22103613965987,172.47674403869132,0.0,matched_Polydienes_0_informed,matched,informed,Polydienes,hist_gbr,Mondrian-similarity,1118781.0670391151,0.0,,,0,0.6086956521739131,0.29130434782608694,0.29130434782608694,1,
0.5217391304347826,0.9,-0.37826086956521743,116.6099518739707,116.60995187397072,0.0,matched_Polydienes_0_informed,matched,informed,Polydienes,hist_gbr,Mondrian-family,9886301.872930316,1.0,,,0,0.5217391304347826,0.37826086956521743,0.37826086956521743,1,
0.6086956521739131,0.9,-0.29130434782608694,154.8923362117518,141.39250014104312,0.0,matched_Polydienes_0_informed,matched,informed,Polydienes,hist_gbr,Normalised SCP,966910.0063015288,0.0,,,0,0.6086956521739131,0.29130434782608694,0.29130434782608694,1,
0.34782608695652173,0.9,-0.5521739130434783,121.93600000000006,121.93600000000004,0.0,matched_Polydienes_0_naive,matched,naive,Polydienes,extra_trees,SCP,1906840857.3138812,0.0,0.29411764705882354,0.6058823529411765,1,0.34782608695652173,0.5521739130434783,0.5521739130434783,1,0.6058823529411765
0.7391304347826086,0.9,-0.16086956521739137,237.54939999999965,249.7107999999999,0.0,matched_Polydienes_0_naive,matched,naive,Polydienes,extra_trees,Mondrian-similarity,29627.62725941719,0.0,0.6470588235294118,0.2529411764705882,1,0.7391304347826086,0.16086956521739137,0.16086956521739137,1,0.2529411764705882
0.34782608695652173,0.9,-0.5521739130434783,121.93600000000006,121.93600000000004,0.0,matched_Polydienes_0_naive,matched,naive,Polydienes,extra_trees,Mondrian-family,1906840857.3138812,1.0,0.29411764705882354,0.6058823529411765,1,0.34782608695652173,0.5521739130434783,0.5521739130434783,1,0.6058823529411765
0.34782608695652173,0.9,-0.5521739130434783,105.49820159228007,103.94527100095118,0.0,matched_Polydienes_0_naive,matched,naive,Polydienes,extra_trees,Normalised SCP,1649785798.8559234,0.0,0.35294117647058826,0.5470588235294118,1,0.34782608695652173,0.5521739130434783,0.5521739130434783,1,0.5470588235294118
0.4782608695652174,0.9,-0.4217391304347826,114.64789926367662,114.6478992636766,0.0,matched_Polydienes_0_naive,matched,naive,Polydienes,hist_gbr,SCP,35820811.13676921,0.0,0.35294117647058826,0.5470588235294118,1,0.4782608695652174,0.4217391304347826,0.4217391304347826,1,0.5470588235294118
0.8695652173913043,0.9,-0.0304347826086957,266.6416653338775,289.9620272033522,0.0,matched_Polydienes_0_naive,matched,naive,Polydienes,hist_gbr,Mondrian-similarity,664.4430413113481,0.0,0.8235294117647058,0.07647058823529418,1,0.8695652173913043,0.0304347826086957,0.0304347826086957,1,0.07647058823529418
0.4782608695652174,0.9,-0.4217391304347826,114.64789926367662,114.6478992636766,0.0,matched_Polydienes_0_naive,matched,naive,Polydienes,hist_gbr,Mondrian-family,35820811.13676921,1.0,0.35294117647058826,0.5470588235294118,1,0.4782608695652174,0.4217391304347826,0.4217391304347826,1,0.5470588235294118
0.5217391304347826,0.9,-0.37826086956521743,124.895476887731,107.1386326086743,0.0,matched_Polydienes_0_naive,matched,naive,Polydienes,hist_gbr,Normalised SCP,10588756.51033793,0.0,0.47058823529411764,0.4294117647058824,1,0.5217391304347826,0.37826086956521743,0.37826086956521743,1,0.4294117647058824
0.5217391304347826,0.9,-0.37826086956521743,125.71639999999988,125.71639999999991,0.0,matched_Polydienes_0_control,matched,control,Polydienes,extra_trees,SCP,10658355.147263251,0.0,,,0,0.5217391304347826,0.37826086956521743,0.37826086956521743,1,
0.6956521739130435,0.9,-0.20434782608695656,179.70190260869572,179.1300000000001,0.0,matched_Polydienes_0_control,matched,control,Polydienes,extra_trees,Mondrian-similarity,82597.45633314327,0.0,,,0,0.6956521739130435,0.20434782608695656,0.20434782608695656,1,
0.5217391304347826,0.9,-0.37826086956521743,125.71639999999988,125.71639999999991,0.0,matched_Polydienes_0_control,matched,control,Polydienes,extra_trees,Mondrian-family,10658355.147263251,1.0,,,0,0.5217391304347826,0.37826086956521743,0.37826086956521743,1,
0.6086956521739131,0.9,-0.29130434782608694,150.01446531415542,157.21471852688148,0.0,matched_Polydienes_0_control,matched,control,Polydienes,extra_trees,Normalised SCP,936460.0673588743,0.0,,,0,0.6086956521739131,0.29130434782608694,0.29130434782608694,1,
0.6956521739130435,0.9,-0.20434782608695656,122.61043103138317,122.6104310313832,0.0,matched_Polydienes_0_control,matched,control,Polydienes,hist_gbr,SCP,56356.163046058304,0.0,,,0,0.6956521739130435,0.20434782608695656,0.20434782608695656,1,
0.6521739130434783,0.9,-0.24782608695652175,175.59571698142227,146.84658802644554,0.0,matched_Polydienes_0_control,matched,control,Polydienes,hist_gbr,Mondrian-similarity,297439.7310779401,0.0,,,0,0.6521739130434783,0.24782608695652175,0.24782608695652175,1,
0.6956521739130435,0.9,-0.20434782608695656,122.61043103138317,122.6104310313832,0.0,matched_Polydienes_0_control,matched,control,Polydienes,hist_gbr,Mondrian-family,56356.163046058304,1.0,,,0,0.6956521739130435,0.20434782608695656,0.20434782608695656,1,
0.7391304347826086,0.9,-0.16086956521739137,161.55988871129713,152.843361045998,0.0,matched_Polydienes_0_control,matched,control,Polydienes,hist_gbr,Normalised SCP,20150.066313833002,0.0,,,0,0.7391304347826086,0.16086956521739137,0.16086956521739137,1,
0.6086956521739131,0.9,-0.29130434782608694,126.85620000000007,126.85620000000003,0.0,matched_Polydienes_1_informed,matched,informed,Polydienes,extra_trees,SCP,791895.4038739708,0.0,,,0,0.6086956521739131,0.29130434782608694,0.29130434782608694,1,
0.6086956521739131,0.9,-0.29130434782608694,159.86568173913048,171.58564,0.0,matched_Polydienes_1_informed,matched,informed,Polydienes,extra_trees,Mondrian-similarity,997955.9422905332,0.0,,,0,0.6086956521739131,0.29130434782608694,0.29130434782608694,1,
0.6086956521739131,0.9,-0.29130434782608694,126.85620000000007,126.85620000000003,0.0,matched_Polydienes_1_informed,matched,informed,Polydienes,extra_trees,Mondrian-family,791895.4038739708,1.0,,,0,0.6086956521739131,0.29130434782608694,0.29130434782608694,1,
0.7391304347826086,0.9,-0.16086956521739137,169.17476017273646,145.020691487864,0.0,matched_Polydienes_1_informed,matched,informed,Polydienes,extra_trees,Normalised SCP,21099.808023506434,0.0,,,0,0.7391304347826086,0.16086956521739137,0.16086956521739137,1,
0.6086956521739131,0.9,-0.29130434782608694,120.51339999097661,120.51339999097655,0.0,matched_Polydienes_1_informed,matched,informed,Polydienes,hist_gbr,SCP,752300.6960485949,0.0,,,0,0.6086956521739131,0.29130434782608694,0.29130434782608694,1,
0.5652173913043478,0.9,-0.33478260869565224,150.7537404402925,163.81535046458197,0.0,matched_Polydienes_1_informed,matched,informed,Polydienes,hist_gbr,Mondrian-similarity,3468129.329312801,0.0,,,0,0.5652173913043478,0.33478260869565224,0.33478260869565224,1,
0.6086956521739131,0.9,-0.29130434782608694,120.51339999097661,120.51339999097655,0.0,matched_Polydienes_1_informed,matched,informed,Polydienes,hist_gbr,Mondrian-family,752300.6960485949,1.0,,,0,0.6086956521739131,0.29130434782608694,0.29130434782608694,1,
0.6086956521739131,0.9,-0.29130434782608694,141.39521493989056,141.2300192948589,0.0,matched_Polydienes_1_informed,matched,informed,Polydienes,hist_gbr,Normalised SCP,882654.6975289461,0.0,,,0,0.6086956521739131,0.29130434782608694,0.29130434782608694,1,
0.5217391304347826,0.9,-0.37826086956521743,121.93600000000006,121.93600000000004,0.0,matched_Polydienes_1_naive,matched,naive,Polydienes,extra_trees,SCP,10337849.26419062,0.0,0.5333333333333333,0.3666666666666667,1,0.5217391304347826,0.37826086956521743,0.37826086956521743,1,0.3666666666666667
0.7391304347826086,0.9,-0.16086956521739137,230.39016521739103,249.7107999999999,0.0,matched_Polydienes_1_naive,matched,naive,Polydienes,extra_trees,Mondrian-similarity,28734.713450324078,0.0,0.7333333333333333,0.16666666666666674,1,0.7391304347826086,0.16086956521739137,0.16086956521739137,1,0.16666666666666674
0.5217391304347826,0.9,-0.37826086956521743,121.93600000000006,121.93600000000004,0.0,matched_Polydienes_1_naive,matched,naive,Polydienes,extra_trees,Mondrian-family,10337849.26419062,1.0,0.5333333333333333,0.3666666666666667,1,0.5217391304347826,0.37826086956521743,0.37826086956521743,1,0.3666666666666667
0.4782608695652174,0.9,-0.4217391304347826,104.3304393274585,97.74416712723203,0.0,matched_Polydienes_1_naive,matched,naive,Polydienes,extra_trees,Normalised SCP,32597204.02176694,0.0,0.4666666666666667,0.43333333333333335,1,0.4782608695652174,0.4217391304347826,0.4217391304347826,1,0.43333333333333335
0.5652173913043478,0.9,-0.33478260869565224,114.64789926367662,114.6478992636766,0.0,matched_Polydienes_1_naive,matched,naive,Polydienes,hist_gbr,SCP,2637504.9854098656,0.0,0.5333333333333333,0.3666666666666667,1,0.5652173913043478,0.33478260869565224,0.33478260869565224,1,0.3666666666666667
0.782608695652174,0.9,-0.11739130434782608,256.53271236092627,289.9620272033522,0.0,matched_Polydienes_1_naive,matched,naive,Polydienes,hist_gbr,Mondrian-similarity,8681.896898608307,0.0,0.8,0.09999999999999998,1,0.782608695652174,0.11739130434782608,0.11739130434782608,1,0.09999999999999998
0.5652173913043478,0.9,-0.33478260869565224,114.64789926367662,114.6478992636766,0.0,matched_Polydienes_1_naive,matched,naive,Polydienes,hist_gbr,Mondrian-family,2637504.9854098656,1.0,0.5333333333333333,0.3666666666666667,1,0.5652173913043478,0.33478260869565224,0.33478260869565224,1,0.3666666666666667
0.4782608695652174,0.9,-0.4217391304347826,117.41044043040593,106.72321346423729,0.0,matched_Polydienes_1_naive,matched,naive,Polydienes,hist_gbr,Normalised SCP,36683944.83591683,0.0,0.4666666666666667,0.43333333333333335,1,0.4782608695652174,0.4217391304347826,0.4217391304347826,1,0.43333333333333335
0.6086956521739131,0.9,-0.29130434782608694,126.80479999999999,126.80480000000003,0.0,matched_Polydienes_1_control,matched,control,Polydienes,extra_trees,SCP,791574.5411667544,0.0,,,0,0.6086956521739131,0.29130434782608694,0.29130434782608694,1,
0.7391304347826086,0.9,-0.16086956521739137,185.91630869565216,177.15328000000005,0.0,matched_Polydienes_1_control,matched,control,Polydienes,extra_trees,Mondrian-similarity,23187.846803576573,0.0,,,0,0.7391304347826086,0.16086956521739137,0.16086956521739137,1,
0.6086956521739131,0.9,-0.29130434782608694,126.80479999999999,126.80480000000003,0.0,matched_Polydienes_1_control,matched,control,Polydienes,extra_trees,Mondrian-family,791574.5411667544,1.0,,,0,0.6086956521739131,0.29130434782608694,0.29130434782608694,1,
0.7391304347826086,0.9,-0.16086956521739137,184.8004247350245,175.80257232525787,0.0,matched_Polydienes_1_control,matched,control,Polydienes,extra_trees,Normalised SCP,23048.671566551187,0.0,,,0,0.7391304347826086,0.16086956521739137,0.16086956521739137,1,
0.6521739130434783,0.9,-0.24782608695652175,121.1741650611626,121.17416506116263,0.0,matched_Polydienes_1_control,matched,control,Polydienes,hist_gbr,SCP,205255.63885592556,0.0,,,0,0.6521739130434783,0.24782608695652175,0.24782608695652175,1,
0.6956521739130435,0.9,-0.20434782608695656,169.7348259006751,161.42053608302382,0.0,matched_Polydienes_1_control,matched,control,Polydienes,hist_gbr,Mondrian-similarity,78016.22947238779,0.0,,,0,0.6956521739130435,0.20434782608695656,0.20434782608695656,1,
0.6521739130434783,0.9,-0.24782608695652175,121.1741650611626,121.17416506116263,0.0,matched_Polydienes_1_control,matched,control,Polydienes,hist_gbr,Mondrian-family,205255.63885592556,1.0,,,0,0.6521739130434783,0.24782608695652175,0.24782608695652175,1,
0.7391304347826086,0.9,-0.16086956521739137,150.81366377057893,148.4481210385404,0.0,matched_Polydienes_1_control,matched,control,Polydienes,hist_gbr,Normalised SCP,18809.776054251408,0.0,,,0,0.7391304347826086,0.16086956521739137,0.16086956521739137,1,
0.5217391304347826,0.9,-0.37826086956521743,130.7426,130.7426,0.0,matched_Polydienes_2_informed,matched,informed,Polydienes,extra_trees,SCP,11084481.131153785,0.0,,,0,0.5217391304347826,0.37826086956521743,0.37826086956521743,1,
0.7391304347826086,0.9,-0.16086956521739137,173.6108939130434,170.49239999999992,0.0,matched_Polydienes_2_informed,matched,informed,Polydienes,extra_trees,Mondrian-similarity,21653.091327655966,0.0,,,0,0.7391304347826086,0.16086956521739137,0.16086956521739137,1,
0.5217391304347826,0.9,-0.37826086956521743,130.7426,130.7426,0.0,matched_Polydienes_2_informed,matched,informed,Polydienes,extra_trees,Mondrian-family,11084481.131153785,1.0,,,0,0.5217391304347826,0.37826086956521743,0.37826086956521743,1,
0.6521739130434783,0.9,-0.24782608695652175,175.41640135528468,163.8255016255692,0.0,matched_Polydienes_2_informed,matched,informed,Polydienes,extra_trees,Normalised SCP,297135.9902320168,0.0,,,0,0.6521739130434783,0.24782608695652175,0.24782608695652175,1,
0.6086956521739131,0.9,-0.29130434782608694,119.15302454418068,119.15302454418065,0.0,matched_Polydienes_2_informed,matched,informed,Polydienes,hist_gbr,SCP,743808.599770599,0.0,,,0,0.6086956521739131,0.29130434782608694,0.29130434782608694,1,
0.6956521739130435,0.9,-0.20434782608695656,163.9031016662901,155.87021524109844,0.0,matched_Polydienes_2_informed,matched,informed,Polydienes,hist_gbr,Mondrian-similarity,75335.75931150459,0.0,,,0,0.6956521739130435,0.20434782608695656,0.20434782608695656,1,
0.6086956521739131,0.9,-0.29130434782608694,119.15302454418068,119.15302454418065,0.0,matched_Polydienes_2_informed,matched,informed,Polydienes,hist_gbr,Mondrian-family,743808.599770599,1.0,,,0,0.6086956521739131,0.29130434782608694,0.29130434782608694,1,
0.6521739130434783,0.9,-0.24782608695652175,171.2829742419974,138.26087262996023,0.0,matched_Polydienes_2_informed,matched,informed,Polydienes,hist_gbr,Normalised SCP,290134.42168500886,0.0,,,0,0.6521739130434783,0.24782608695652175,0.24782608695652175,1,
0.4782608695652174,0.9,-0.4217391304347826,121.93600000000006,121.93600000000004,0.0,matched_Polydienes_2_naive,matched,naive,Polydienes,extra_trees,SCP,38097919.41086999,0.0,0.4117647058823529,0.4882352941176471,1,0.4782608695652174,0.4217391304347826,0.4217391304347826,1,0.4882352941176471
0.782608695652174,0.9,-0.11739130434782608,239.08201739130396,249.7107999999999,0.0,matched_Polydienes_2_naive,matched,naive,Polydienes,extra_trees,Mondrian-similarity,8091.308925866006,0.0,0.7058823529411765,0.1941176470588235,1,0.782608695652174,0.11739130434782608,0.11739130434782608,1,0.1941176470588235
0.4782608695652174,0.9,-0.4217391304347826,121.93600000000006,121.93600000000004,0.0,matched_Polydienes_2_naive,matched,naive,Polydienes,extra_trees,Mondrian-family,38097919.41086999,1.0,0.4117647058823529,0.4882352941176471,1,0.4782608695652174,0.4217391304347826,0.4217391304347826,1,0.4882352941176471
0.391304347826087,0.9,-0.508695652173913,102.0180860054961,100.11905264016343,0.0,matched_Polydienes_2_naive,matched,naive,Polydienes,extra_trees,Normalised SCP,432901023.4420029,0.0,0.35294117647058826,0.5470588235294118,1,0.391304347826087,0.508695652173913,0.508695652173913,1,0.5470588235294118
0.5217391304347826,0.9,-0.37826086956521743,114.64789926367662,114.6478992636766,0.0,matched_Polydienes_2_naive,matched,naive,Polydienes,hist_gbr,SCP,9719957.199219255,0.0,0.4117647058823529,0.4882352941176471,1,0.5217391304347826,0.37826086956521743,0.37826086956521743,1,0.4882352941176471
0.8260869565217391,0.9,-0.07391304347826089,267.39022211661035,289.9620272033522,0.0,matched_Polydienes_2_naive,matched,naive,Polydienes,hist_gbr,Mondrian-similarity,2455.536136295185,0.0,0.7647058823529411,0.1352941176470589,1,0.8260869565217391,0.07391304347826089,0.07391304347826089,1,0.1352941176470589
0.5217391304347826,0.9,-0.37826086956521743,114.64789926367662,114.6478992636766,0.0,matched_Polydienes_2_naive,matched,naive,Polydienes,hist_gbr,Mondrian-family,9719957.199219255,1.0,0.4117647058823529,0.4882352941176471,1,0.5217391304347826,0.37826086956521743,0.37826086956521743,1,0.4882352941176471
0.43478260869565216,0.9,-0.46521739130434786,116.39689025194032,112.65744466456675,0.0,matched_Polydienes_2_naive,matched,naive,Polydienes,hist_gbr,Normalised SCP,134023746.91826546,0.0,0.29411764705882354,0.6058823529411765,1,0.43478260869565216,0.46521739130434786,0.46521739130434786,1,0.6058823529411765
0.4782608695652174,0.9,-0.4217391304347826,123.96251999999998,123.96251999999996,0.0,matched_Polydienes_2_control,matched,control,Polydienes,extra_trees,SCP,38731089.23474902,0.0,,,0,0.4782608695652174,0.4217391304347826,0.4217391304347826,1,
0.6521739130434783,0.9,-0.24782608695652175,197.1959095652175,205.25072,0.0,matched_Polydienes_2_control,matched,control,Polydienes,extra_trees,Mondrian-similarity,334028.0692435885,0.0,,,0,0.6521739130434783,0.24782608695652175,0.24782608695652175,1,
0.4782608695652174,0.9,-0.4217391304347826,123.96251999999998,123.96251999999996,0.0,matched_Polydienes_2_control,matched,control,Polydienes,extra_trees,Mondrian-family,38731089.23474902,1.0,,,0,0.4782608695652174,0.4217391304347826,0.4217391304347826,1,
0.6956521739130435,0.9,-0.20434782608695656,176.45981641706177,163.58491209782505,0.0,matched_Polydienes_2_control,matched,control,Polydienes,extra_trees,Normalised SCP,81107.27693740874,0.0,,,0,0.6956521739130435,0.20434782608695656,0.20434782608695656,1,
0.5217391304347826,0.9,-0.37826086956521743,120.31624319035936,120.31624319035939,0.0,matched_Polydienes_2_control,matched,control,Polydienes,hist_gbr,SCP,10200524.751801236,0.0,,,0,0.5217391304347826,0.37826086956521743,0.37826086956521743,1,
0.7391304347826086,0.9,-0.16086956521739137,198.37623042630935,181.41459986617747,0.0,matched_Polydienes_2_control,matched,control,Polydienes,hist_gbr,Mondrian-similarity,24741.872689213094,0.0,,,0,0.7391304347826086,0.16086956521739137,0.16086956521739137,1,
0.5217391304347826,0.9,-0.37826086956521743,120.31624319035936,120.31624319035939,0.0,matched_Polydienes_2_control,matched,control,Polydienes,hist_gbr,Mondrian-family,10200524.751801236,1.0,,,0,0.5217391304347826,0.37826086956521743,0.37826086956521743,1,
0.782608695652174,0.9,-0.11739130434782608,196.95663103858374,194.03417081096305,0.0,matched_Polydienes_2_control,matched,control,Polydienes,hist_gbr,Normalised SCP,6665.649571304625,0.0,,,0,0.782608695652174,0.11739130434782608,0.11739130434782608,1,
0.9035087719298246,0.9,0.0035087719298245723,123.21372,123.21372000000002,0.0,matched_Polyesters_0_informed,matched,informed,Polyesters,extra_trees,SCP,123.21372,0.0,0.7222222222222222,0.1777777777777778,5,0.9035087719298246,-0.0035087719298245723,0.0035087719298245723,1,0.07167119514289329
0.9035087719298246,0.9,0.0035087719298245723,123.45514157894742,114.44956000000036,0.0,matched_Polyesters_0_informed,matched,informed,Polyesters,extra_trees,Mondrian-similarity,123.45514157894742,0.0,0.8333333333333334,0.06666666666666665,5,0.9035087719298246,-0.0035087719298245723,0.0035087719298245723,1,0.0528390351786578
0.8903508771929824,0.9,-0.009649122807017574,114.95000000000003,114.94999999999999,0.0,matched_Polyesters_0_informed,matched,informed,Polyesters,extra_trees,Mondrian-family,153.54150715910265,0.0,0.7222222222222222,0.1777777777777778,5,0.8903508771929824,0.009649122807017574,0.009649122807017574,1,0.06029440263402528
0.8640350877192983,0.9,-0.035964912280701755,110.09096176630872,108.12813486816096,0.0,matched_Polyesters_0_informed,matched,informed,Polyesters,extra_trees,Normalised SCP,323.84153856375514,0.0,0.6666666666666666,0.2333333333333334,5,0.8640350877192983,0.035964912280701755,0.035964912280701755,1,0.06880379114341381
0.8903508771929824,0.9,-0.009649122807017574,120.11258177164522,120.11258177164524,0.0,matched_Polyesters_0_informed,matched,informed,Polyesters,hist_gbr,SCP,160.4372930316604,0.0,0.7222222222222222,0.1777777777777778,5,0.8903508771929824,0.009649122807017574,0.009649122807017574,1,0.08465941039525945
0.8859649122807017,0.9,-0.01403508771929829,118.73745550423202,111.56086812563007,0.0,matched_Polyesters_0_informed,matched,informed,Polyesters,hist_gbr,Mondrian-similarity,180.9041677403876,0.0,0.7777777777777778,0.12222222222222223,5,0.8859649122807017,0.01403508771929829,0.01403508771929829,1,0.0585243431281167
0.881578947368421,0.9,-0.018421052631579005,110.630168748885,110.63016874888501,0.0,matched_Polyesters_0_informed,matched,informed,Polyesters,hist_gbr,Mondrian-family,192.25534384603657,0.0,0.7222222222222222,0.1777777777777778,5,0.881578947368421,0.018421052631579005,0.018421052631579005,1,0.07868802329179689
0.8728070175438597,0.9,-0.027192982456140324,108.58012786386777,107.72957477995982,0.0,matched_Polyesters_0_informed,matched,informed,Polyesters,hist_gbr,Normalised SCP,245.49531897995632,0.0,0.6666666666666666,0.2333333333333334,5,0.8728070175438597,0.027192982456140324,0.027192982456140324,1,0.07999812460189822
0.8552631578947368,0.9,-0.044736842105263186,123.80345999999831,123.80345999999832,0.0,matched_Polyesters_0_naive,matched,naive,Polyesters,extra_trees,SCP,473.80723952830147,0.0,0.7777777777777778,0.12222222222222223,4,0.8552631578947368,0.044736842105263186,0.044736842105263186,1,0.06844135802469137
0.9473684210526315,0.9,0.047368421052631504,204.87098736842105,219.21200000000005,0.0,matched_Polyesters_0_naive,matched,naive,Polyesters,extra_trees,Mondrian-similarity,204.87098736842105,0.0,0.8611111111111112,0.03888888888888886,4,0.9473684210526315,-0.047368421052631504,0.047368421052631504,1,0.061959876543209835
0.8552631578947368,0.9,-0.044736842105263186,123.80345999999831,123.80345999999832,0.0,matched_Polyesters_0_naive,matched,naive,Polyesters,extra_trees,Mondrian-family,473.80723952830147,1.0,0.7777777777777778,0.12222222222222223,4,0.8552631578947368,0.044736842105263186,0.044736842105263186,1,0.06844135802469137
0.7149122807017544,0.9,-0.18508771929824563,99.64831592251058,96.56242614214896,0.0,matched_Polyesters_0_naive,matched,naive,Polyesters,extra_trees,Normalised SCP,25700.83409817955,0.0,0.5555555555555556,0.34444444444444444,4,0.7149122807017544,0.18508771929824563,0.18508771929824563,1,0.23024691358024693
0.8728070175438597,0.9,-0.027192982456140324,126.17820330229333,126.17820330229335,0.0,matched_Polyesters_0_naive,matched,naive,Polyesters,hist_gbr,SCP,285.2838625024517,0.0,0.8333333333333334,0.06666666666666665,4,0.8728070175438597,0.027192982456140324,0.027192982456140324,1,0.044907407407407396
0.9473684210526315,0.9,0.047368421052631504,193.09729002305528,193.787451089937,0.0,matched_Polyesters_0_naive,matched,naive,Polyesters,hist_gbr,Mondrian-similarity,193.09729002305528,0.0,0.8888888888888888,0.011111111111111183,4,0.9473684210526315,-0.047368421052631504,0.047368421052631504,1,0.05154320987654318
0.8728070175438597,0.9,-0.027192982456140324,126.17820330229333,126.17820330229335,0.0,matched_Polyesters_0_naive,matched,naive,Polyesters,hist_gbr,Mondrian-family,285.2838625024517,1.0,0.8333333333333334,0.06666666666666665,4,0.8728070175438597,0.027192982456140324,0.027192982456140324,1,0.044907407407407396
0.8026315789473685,0.9,-0.09736842105263155,107.32022415503889,107.04071194035626,0.0,matched_Polyesters_0_naive,matched,naive,Polyesters,hist_gbr,Normalised SCP,1991.9508134462465,0.0,0.6944444444444444,0.2055555555555556,4,0.8026315789473685,0.09736842105263155,0.09736842105263155,1,0.1087191358024692
0.9342105263157895,0.9,0.03421052631578947,132.4164,132.41639999999998,0.0,matched_Polyesters_0_control,matched,control,Polyesters,extra_trees,SCP,132.4164,0.0,0.7857142857142857,0.11428571428571432,5,0.9342105263157895,-0.03421052631578947,0.03421052631578947,1,0.05629504993486756
0.9517543859649122,0.9,0.05175438596491222,132.12574245614036,123.45972000000012,0.0,matched_Polyesters_0_control,matched,control,Polyesters,extra_trees,Mondrian-similarity,132.12574245614036,0.0,0.8571428571428571,0.04285714285714293,5,0.9517543859649122,-0.05175438596491222,0.05175438596491222,1,0.05080185265595598
0.9342105263157895,0.9,0.03421052631578947,130.98040000000015,130.9804000000001,0.0,matched_Polyesters_0_control,matched,control,Polyesters,extra_trees,Mondrian-family,130.98040000000015,0.0,0.7857142857142857,0.11428571428571432,5,0.9342105263157895,-0.03421052631578947,0.03421052631578947,1,0.05629504993486756
0.9035087719298246,0.9,0.0035087719298245723,108.78776883158152,98.46236592241131,0.0,matched_Polyesters_0_control,matched,control,Polyesters,extra_trees,Normalised SCP,108.78776883158152,0.0,0.8125,0.08750000000000002,5,0.9035087719298246,-0.0035087719298245723,0.0035087719298245723,1,0.044184759009986994
0.8991228070175439,0.9,-0.0008771929824561431,126.67681707950251,126.67681707950248,0.0,matched_Polyesters_0_control,matched,control,Polyesters,hist_gbr,SCP,130.05466800209416,0.0,0.7857142857142857,0.11428571428571432,5,0.8991228070175439,0.0008771929824561431,0.0008771929824561431,1,0.06255210594876251
0.9342105263157895,0.9,0.03421052631578947,132.58866102108507,125.44934451160623,0.0,matched_Polyesters_0_control,matched,control,Polyesters,hist_gbr,Mondrian-similarity,132.58866102108507,0.0,0.8571428571428571,0.04285714285714293,5,0.9342105263157895,-0.03421052631578947,0.03421052631578947,1,0.040766391663048206
0.9254385964912281,0.9,0.025438596491228038,147.51716074772688,147.51716074772685,0.0,matched_Polyesters_0_control,matched,control,Polyesters,hist_gbr,Mondrian-family,147.51716074772688,0.0,0.7857142857142857,0.11428571428571432,5,0.9254385964912281,-0.025438596491228038,0.025438596491228038,1,0.04962838326820089
0.9078947368421053,0.9,0.007894736842105288,113.50985461171527,103.95751964907348,0.0,matched_Polyesters_0_control,matched,control,Polyesters,hist_gbr,Normalised SCP,113.50985461171527,0.0,0.7857142857142857,0.11428571428571432,5,0.9078947368421053,-0.007894736842105288,0.007894736842105288,1,0.0418038066290346
0.9078947368421053,0.9,0.007894736842105288,121.4802199999999,121.48021999999992,0.0,matched_Polyesters_1_informed,matched,informed,Polyesters,extra_trees,SCP,121.4802199999999,0.0,0.6923076923076923,0.20769230769230773,4,0.9078947368421053,-0.007894736842105288,0.007894736842105288,1,0.07455565268065267
0.9166666666666666,0.9,0.016666666666666607,113.29475017543871,108.50639999999999,0.0,matched_Polyesters_1_informed,matched,informed,Polyesters,extra_trees,Mondrian-similarity,113.29475017543871,0.0,0.8846153846153846,0.015384615384615441,4,0.9166666666666666,-0.016666666666666607,0.016666666666666607,1,0.021586052836052833
0.9210526315789473,0.9,0.021052631578947323,126.64536000000005,126.64536000000007,0.0,matched_Polyesters_1_informed,matched,informed,Polyesters,extra_trees,Mondrian-family,126.64536000000005,0.0,0.7692307692307693,0.13076923076923075,4,0.9210526315789473,-0.021052631578947323,0.021052631578947323,1,0.06053321678321677
0.8421052631578947,0.9,-0.05789473684210533,96.9126585919155,86.3843534627894,0.0,matched_Polyesters_1_informed,matched,informed,Polyesters,extra_trees,Normalised SCP,550.4038333468785,0.0,0.7307692307692307,0.1692307692307693,4,0.8421052631578947,0.05789473684210533,0.05789473684210533,1,0.08362713675213682
0.8991228070175439,0.9,-0.0008771929824561431,117.82251041800048,117.82251041800046,0.0,matched_Polyesters_1_informed,matched,informed,Polyesters,hist_gbr,SCP,120.96426030320424,0.0,0.7692307692307693,0.13076923076923075,4,0.8991228070175439,0.0008771929824561431,0.0008771929824561431,1,0.05740821678321678
0.9210526315789473,0.9,0.021052631578947323,117.55145556277915,104.63230018381384,0.0,matched_Polyesters_1_informed,matched,informed,Polyesters,hist_gbr,Mondrian-similarity,117.55145556277915,0.0,0.875,0.025000000000000022,4,0.9210526315789473,-0.021052631578947323,0.021052631578947323,1,0.028559634809634804
0.9078947368421053,0.9,0.007894736842105288,122.94247231822625,122.9424723182263,0.0,matched_Polyesters_1_informed,matched,informed,Polyesters,hist_gbr,Mondrian-family,122.94247231822625,0.0,0.7692307692307693,0.13076923076923075,4,0.9078947368421053,-0.007894736842105288,0.007894736842105288,1,0.05532488344988343
0.8464912280701754,0.9,-0.05350877192982462,96.90069190104822,93.22803262558719,0.0,matched_Polyesters_1_informed,matched,informed,Polyesters,hist_gbr,Normalised SCP,482.4849927216014,0.0,0.7307692307692307,0.1692307692307693,4,0.8464912280701754,0.05350877192982462,0.05350877192982462,1,0.09590617715617719
0.8377192982456141,0.9,-0.062280701754385936,123.80345999999831,123.80345999999832,0.0,matched_Polyesters_1_naive,matched,naive,Polyesters,extra_trees,SCP,802.0062178729326,0.0,0.75,0.15000000000000002,5,0.8377192982456141,0.062280701754385936,0.062280701754385936,1,0.07189075630252102
0.9517543859649122,0.9,0.05175438596491222,204.32971719298249,219.21200000000005,0.0,matched_Polyesters_1_naive,matched,naive,Polyesters,extra_trees,Mondrian-similarity,204.32971719298249,0.0,0.8333333333333334,0.06666666666666665,5,0.9517543859649122,-0.05175438596491222,0.05175438596491222,1,0.05725023342670401
0.8377192982456141,0.9,-0.062280701754385936,123.80345999999831,123.80345999999832,0.0,matched_Polyesters_1_naive,matched,naive,Polyesters,extra_trees,Mondrian-family,802.0062178729326,1.0,0.75,0.15000000000000002,5,0.8377192982456141,0.062280701754385936,0.062280701754385936,1,0.07189075630252102
0.6929824561403509,0.9,-0.2070175438596491,95.32861725796778,91.44737468524573,0.0,matched_Polyesters_1_naive,matched,naive,Polyesters,extra_trees,Normalised SCP,47470.14980844482,0.0,0.5833333333333334,0.31666666666666665,5,0.6929824561403509,0.2070175438596491,0.2070175438596491,1,0.18535480859010273
0.8289473684210527,0.9,-0.07105263157894737,126.17820330229334,126.17820330229335,0.0,matched_Polyesters_1_naive,matched,naive,Polyesters,hist_gbr,SCP,1063.4505828613733,0.0,0.7083333333333334,0.19166666666666665,5,0.8289473684210527,0.07105263157894737,0.07105263157894737,1,0.08022408963585434
0.9385964912280702,0.9,0.038596491228070184,192.11299838527282,193.787451089937,0.0,matched_Polyesters_1_naive,matched,naive,Polyesters,hist_gbr,Mondrian-similarity,192.11299838527282,0.0,0.8888888888888888,0.011111111111111183,5,0.9385964912280702,-0.038596491228070184,0.038596491228070184,1,0.035877684407096176
0.8289473684210527,0.9,-0.07105263157894737,126.17820330229334,126.17820330229335,0.0,matched_Polyesters_1_naive,matched,naive,Polyesters,hist_gbr,Mondrian-family,1063.4505828613733,1.0,0.7083333333333334,0.19166666666666665,5,0.8289473684210527,0.07105263157894737,0.07105263157894737,1,0.08022408963585434
0.7368421052631579,0.9,-0.16315789473684217,100.8616421953779,100.69890412222804,0.0,matched_Polyesters_1_naive,matched,naive,Polyesters,hist_gbr,Normalised SCP,13473.587149893678,0.0,0.6785714285714286,0.22142857142857142,5,0.7368421052631579,0.16315789473684217,0.16315789473684217,1,0.1792857142857143
0.9078947368421053,0.9,0.007894736842105288,123.00770000000006,123.0077,0.0,matched_Polyesters_1_control,matched,control,Polyesters,extra_trees,SCP,123.00770000000006,0.0,0.5789473684210527,0.32105263157894737,4,0.9078947368421053,-0.007894736842105288,0.007894736842105288,1,0.10373038833871145
0.9078947368421053,0.9,0.007894736842105288,113.46313070175438,108.7524,0.0,matched_Polyesters_1_control,matched,control,Polyesters,extra_trees,Mondrian-similarity,113.46313070175438,0.0,0.84,0.06000000000000005,4,0.9078947368421053,-0.007894736842105288,0.007894736842105288,1,0.04966395905196397
0.8728070175438597,0.9,-0.027192982456140324,110.20838000000003,110.20838,0.0,matched_Polyesters_1_control,matched,control,Polyesters,extra_trees,Mondrian-family,249.17673182596755,0.0,0.5263157894736842,0.37368421052631584,4,0.8728070175438597,0.027192982456140324,0.027192982456140324,1,0.1238544564370758
0.8421052631578947,0.9,-0.05789473684210533,98.91472454366722,90.2610294764334,0.0,matched_Polyesters_1_control,matched,control,Polyesters,extra_trees,Normalised SCP,561.7743270519118,0.0,0.6842105263157895,0.21578947368421053,4,0.8421052631578947,0.05789473684210533,0.05789473684210533,1,0.0988310893512852
0.9035087719298246,0.9,0.0035087719298245723,121.77661337746979,121.77661337746974,0.0,matched_Polyesters_1_control,matched,control,Polyesters,hist_gbr,SCP,121.77661337746979,0.0,0.7368421052631579,0.16315789473684217,4,0.9035087719298246,-0.0035087719298245723,0.0035087719298245723,1,0.07158228552353402
0.9035087719298246,0.9,0.0035087719298245723,113.24653226232958,111.19579004360806,0.0,matched_Polyesters_1_control,matched,control,Polyesters,hist_gbr,Mondrian-similarity,113.24653226232958,0.0,0.7894736842105263,0.1105263157894737,4,0.9035087719298246,-0.0035087719298245723,0.0035087719298245723,1,0.048466674084789135
0.881578947368421,0.9,-0.018421052631579005,108.44459500479526,108.44459500479527,0.0,matched_Polyesters_1_control,matched,control,Polyesters,hist_gbr,Mondrian-family,188.4572096081271,0.0,0.631578947368421,0.268421052631579,4,0.881578947368421,0.018421052631579005,0.018421052631579005,1,0.10643930121286305
0.8464912280701754,0.9,-0.05350877192982462,97.868477718928,92.20296936364693,0.0,matched_Polyesters_1_control,matched,control,Polyesters,hist_gbr,Normalised SCP,487.30376257902014,0.0,0.6842105263157895,0.21578947368421053,4,0.8464912280701754,0.05350877192982462,0.05350877192982462,1,0.10110381662401247
0.9517543859649122,0.9,0.05175438596491222,122.34160000000013,122.3416000000001,0.0,matched_Polyesters_2_informed,matched,informed,Polyesters,extra_trees,SCP,122.34160000000013,0.0,0.8823529411764706,0.01764705882352946,5,0.9517543859649122,-0.05175438596491222,0.05175438596491222,1,0.034975962925215855
0.9517543859649122,0.9,0.05175438596491222,119.52316333333339,88.99919999999999,0.0,matched_Polyesters_2_informed,matched,informed,Polyesters,extra_trees,Mondrian-similarity,119.52316333333339,0.0,0.9,-0.0,5,0.9517543859649122,-0.05175438596491222,0.05175438596491222,1,0.05725400457665901
0.9254385964912281,0.9,0.025438596491228038,115.75776,115.75776000000002,0.0,matched_Polyesters_2_informed,matched,informed,Polyesters,extra_trees,Mondrian-family,115.75776,0.0,0.7647058823529411,0.1352941176470589,5,0.9254385964912281,-0.025438596491228038,0.025438596491228038,1,0.06413466530777075
0.9210526315789473,0.9,0.021052631578947323,106.39137062878542,99.1644022651121,0.0,matched_Polyesters_2_informed,matched,informed,Polyesters,extra_trees,Normalised SCP,106.39137062878542,0.0,0.7647058823529411,0.1352941176470589,5,0.9210526315789473,-0.021052631578947323,0.021052631578947323,1,0.07820298828913716
0.9429824561403509,0.9,0.0429824561403509,122.86619395148008,122.86619395148011,0.0,matched_Polyesters_2_informed,matched,informed,Polyesters,hist_gbr,SCP,122.86619395148008,0.0,0.7058823529411765,0.1941176470588235,5,0.9429824561403509,-0.0429824561403509,0.0429824561403509,1,0.09666105801588368
0.9298245614035088,0.9,0.029824561403508754,120.2162310349529,88.13241214862082,0.0,matched_Polyesters_2_informed,matched,informed,Polyesters,hist_gbr,Mondrian-similarity,120.2162310349529,0.0,0.868421052631579,0.03157894736842104,5,0.9298245614035088,-0.029824561403508754,0.029824561403508754,1,0.05740274599542332
0.9473684210526315,0.9,0.047368421052631504,136.83667908137318,136.83667908137315,0.0,matched_Polyesters_2_informed,matched,informed,Polyesters,hist_gbr,Mondrian-family,136.83667908137318,0.0,0.7647058823529411,0.1352941176470589,5,0.9473684210526315,-0.047368421052631504,0.047368421052631504,1,0.08489635213353075
0.9035087719298246,0.9,0.0035087719298245723,103.56779938430341,103.1688667910789,0.0,matched_Polyesters_2_informed,matched,informed,Polyesters,hist_gbr,Normalised SCP,103.56779938430341,0.0,0.6470588235294118,0.2529411764705882,5,0.9035087719298246,-0.0035087719298245723,0.0035087719298245723,1,0.095970713228083
0.8728070175438597,0.9,-0.027192982456140324,123.80345999999831,123.80345999999832,0.0,matched_Polyesters_2_naive,matched,naive,Polyesters,extra_trees,SCP,279.9146630369349,0.0,0.8536585365853658,0.04634146341463419,5,0.8728070175438597,0.027192982456140324,0.027192982456140324,1,0.03400982565975397
0.9692982456140351,0.9,0.06929824561403508,201.70593192982452,219.21200000000002,0.0,matched_Polyesters_2_naive,matched,naive,Polyesters,extra_trees,Mondrian-similarity,201.70593192982452,0.0,0.8823529411764706,0.01764705882352946,5,0.9692982456140351,-0.06929824561403508,0.06929824561403508,1,0.06312325965123669
0.8728070175438597,0.9,-0.027192982456140324,123.80345999999831,123.80345999999832,0.0,matched_Polyesters_2_naive,matched,naive,Polyesters,extra_trees,Mondrian-family,279.9146630369349,1.0,0.8536585365853658,0.04634146341463419,5,0.8728070175438597,0.027192982456140324,0.027192982456140324,1,0.03400982565975397
0.75,0.9,-0.15000000000000002,95.21615009065502,90.79169999136897,0.0,matched_Polyesters_2_naive,matched,naive,Polyesters,extra_trees,Normalised SCP,8571.084684640693,0.0,0.7,0.20000000000000007,5,0.75,0.15000000000000002,0.15000000000000002,1,0.160821910434536
0.8596491228070176,0.9,-0.04035087719298247,126.17820330229331,126.17820330229335,0.0,matched_Polyesters_2_naive,matched,naive,Polyesters,hist_gbr,SCP,423.359430386532,0.0,0.8095238095238095,0.09047619047619049,5,0.8596491228070176,0.04035087719298247,0.04035087719298247,1,0.04012744787493714
0.9517543859649122,0.9,0.05175438596491222,190.5428896470066,193.78745108993698,0.0,matched_Polyesters_2_naive,matched,naive,Polyesters,hist_gbr,Mondrian-similarity,190.5428896470066,0.0,0.8780487804878049,0.02195121951219514,5,0.9517543859649122,-0.05175438596491222,0.05175438596491222,1,0.056952844700333925
0.8596491228070176,0.9,-0.04035087719298247,126.17820330229331,126.17820330229335,0.0,matched_Polyesters_2_naive,matched,naive,Polyesters,hist_gbr,Mondrian-family,423.359430386532,1.0,0.8095238095238095,0.09047619047619049,5,0.8596491228070176,0.04035087719298247,0.04035087719298247,1,0.04012744787493714
0.7719298245614035,0.9,-0.12807017543859656,101.34032763253862,100.16614111451975,0.0,matched_Polyesters_2_naive,matched,naive,Polyesters,hist_gbr,Normalised SCP,4724.84339849804,0.0,0.6470588235294118,0.2529411764705882,5,0.7719298245614035,0.12807017543859656,0.12807017543859656,1,0.1482012997364504
0.9342105263157895,0.9,0.03421052631578947,122.08439999999999,122.08440000000002,0.0,matched_Polyesters_2_control,matched,control,Polyesters,extra_trees,SCP,122.08439999999999,0.0,0.8333333333333334,0.06666666666666665,5,0.9342105263157895,-0.03421052631578947,0.03421052631578947,1,0.036662571662571676
0.956140350877193,0.9,0.056140350877192935,120.65388666666671,117.17896000000017,0.0,matched_Polyesters_2_control,matched,control,Polyesters,extra_trees,Mondrian-similarity,120.65388666666671,0.0,0.9,-0.0,5,0.956140350877193,-0.056140350877192935,0.056140350877192935,1,0.0554013104013104
0.9166666666666666,0.9,0.016666666666666607,102.67419999999998,102.67420000000001,0.0,matched_Polyesters_2_control,matched,control,Polyesters,extra_trees,Mondrian-family,102.67419999999998,0.0,0.7916666666666666,0.10833333333333339,5,0.9166666666666666,-0.016666666666666607,0.016666666666666607,1,0.051167076167076185
0.9342105263157895,0.9,0.03421052631578947,106.1060774931901,99.86373555003667,0.0,matched_Polyesters_2_control,matched,control,Polyesters,extra_trees,Normalised SCP,106.1060774931901,0.0,0.8333333333333334,0.06666666666666665,5,0.9342105263157895,-0.03421052631578947,0.03421052631578947,1,0.04823914823914821
0.956140350877193,0.9,0.056140350877192935,126.83532737179507,126.83532737179507,0.0,matched_Polyesters_2_control,matched,control,Polyesters,hist_gbr,SCP,126.83532737179507,0.0,0.925,-0.025000000000000022,5,0.956140350877193,-0.056140350877192935,0.056140350877192935,1,0.05858312858312857
0.9342105263157895,0.9,0.03421052631578947,124.02346848611174,118.98638360499027,0.0,matched_Polyesters_2_control,matched,control,Polyesters,hist_gbr,Mondrian-similarity,124.02346848611174,0.0,0.9181818181818182,-0.018181818181818188,5,0.9342105263157895,-0.03421052631578947,0.03421052631578947,1,0.04949221949221949
0.9342105263157895,0.9,0.03421052631578947,106.1888470527538,106.18884705275383,0.0,matched_Polyesters_2_control,matched,control,Polyesters,hist_gbr,Mondrian-family,106.1888470527538,0.0,0.9166666666666666,-0.016666666666666607,5,0.9342105263157895,-0.03421052631578947,0.03421052631578947,1,0.02454135954135952
0.9166666666666666,0.9,0.016666666666666607,103.70396057140785,99.79753463234097,0.0,matched_Polyesters_2_control,matched,control,Polyesters,hist_gbr,Normalised SCP,103.70396057140785,0.0,0.8648648648648649,0.03513513513513511,5,0.9166666666666666,-0.016666666666666607,0.016666666666666607,1,0.04733005733005733
0.9018691588785047,0.9,0.0018691588785046953,124.55420000000002,124.55419999999998,0.0,matched_Polyethers_0_informed,matched,informed,Polyethers,extra_trees,SCP,124.55420000000002,0.0,0.5454545454545454,0.3545454545454546,5,0.9018691588785047,-0.0018691588785046953,0.0018691588785046953,1,0.13279060947396368
0.9158878504672897,0.9,0.015887850467289688,127.97871504672896,124.36119999999994,0.0,matched_Polyethers_0_informed,matched,informed,Polyethers,extra_trees,Mondrian-similarity,127.97871504672896,0.0,0.88,0.020000000000000018,5,0.9158878504672897,-0.015887850467289688,0.015887850467289688,1,0.057057989153108044
0.8925233644859814,0.9,-0.00747663551401867,117.80379999999994,117.80379999999997,0.0,matched_Polyethers_0_informed,matched,informed,Polyethers,extra_trees,Mondrian-family,147.42500328694567,0.0,0.5454545454545454,0.3545454545454546,5,0.8925233644859814,0.00747663551401867,0.00747663551401867,1,0.1287906094739637
0.9345794392523364,0.9,0.03457943925233642,132.66751703614202,120.31600048520005,0.0,matched_Polyethers_0_informed,matched,informed,Polyethers,extra_trees,Normalised SCP,132.66751703614202,0.0,0.8181818181818182,0.08181818181818179,5,0.9345794392523364,-0.03457943925233642,0.03457943925233642,1,0.05897106231273939
0.9392523364485982,0.9,0.03925233644859816,129.8155604750143,129.81556047501437,0.0,matched_Polyethers_0_informed,matched,informed,Polyethers,hist_gbr,SCP,129.8155604750143,0.0,0.7272727272727273,0.17272727272727273,5,0.9392523364485982,-0.03925233644859816,0.03925233644859816,1,0.08381954716122424
0.9345794392523364,0.9,0.03457943925233642,129.88082264365133,127.90673305393068,0.0,matched_Polyethers_0_informed,matched,informed,Polyethers,hist_gbr,Mondrian-similarity,129.88082264365133,0.0,0.8823529411764706,0.01764705882352946,5,0.9345794392523364,-0.03457943925233642,0.03457943925233642,1,0.0612740926157697
0.9532710280373832,0.9,0.05327102803738315,145.69863897829467,145.6986389782947,0.0,matched_Polyethers_0_informed,matched,informed,Polyethers,hist_gbr,Mondrian-family,145.69863897829467,0.0,0.7272727272727273,0.17272727272727273,5,0.9532710280373832,-0.05327102803738315,0.05327102803738315,1,0.08781954716122424
0.897196261682243,0.9,-0.002803738317757043,113.32356143498785,106.61118167032055,0.0,matched_Polyethers_0_informed,matched,informed,Polyethers,hist_gbr,Normalised SCP,123.26780341739148,0.0,0.7058823529411765,0.1941176470588235,5,0.897196261682243,0.002803738317757043,0.002803738317757043,1,0.09352501232601358
0.8785046728971962,0.9,-0.021495327102803774,127.06127999999998,127.06128000000001,0.0,matched_Polyethers_0_naive,matched,naive,Polyethers,extra_trees,SCP,242.143203914273,0.0,0.6904761904761905,0.20952380952380956,6,0.8785046728971962,0.021495327102803774,0.021495327102803774,1,0.06935876623376623
0.9439252336448598,0.9,0.043925233644859785,186.2096630841122,170.1864,0.0,matched_Polyethers_0_naive,matched,naive,Polyethers,extra_trees,Mondrian-similarity,186.2096630841122,0.0,0.7333333333333333,0.16666666666666674,6,0.9439252336448598,-0.043925233644859785,0.043925233644859785,1,0.09140211640211639
0.8785046728971962,0.9,-0.021495327102803774,127.06127999999998,127.06128000000001,0.0,matched_Polyethers_0_naive,matched,naive,Polyethers,extra_trees,Mondrian-family,242.143203914273,1.0,0.6904761904761905,0.20952380952380956,6,0.8785046728971962,0.021495327102803774,0.021495327102803774,1,0.06935876623376623
0.8738317757009346,0.9,-0.0261682242990654,129.564261663912,124.32528080355436,0.0,matched_Polyethers_0_naive,matched,naive,Polyethers,extra_trees,Normalised SCP,284.0708605720707,0.0,0.7619047619047619,0.13809523809523816,6,0.8738317757009346,0.0261682242990654,0.0261682242990654,1,0.07689844877344877
0.8925233644859814,0.9,-0.00747663551401867,119.62215182047613,119.62215182047612,0.0,matched_Polyethers_0_naive,matched,naive,Polyethers,hist_gbr,SCP,149.70057099452833,0.0,0.6666666666666666,0.2333333333333334,6,0.8925233644859814,0.00747663551401867,0.00747663551401867,1,0.07804082491582491
0.9439252336448598,0.9,0.043925233644859785,178.58965106493056,157.6268828156311,0.0,matched_Polyethers_0_naive,matched,naive,Polyethers,hist_gbr,Mondrian-similarity,178.58965106493056,0.0,0.7333333333333333,0.16666666666666674,6,0.9439252336448598,-0.043925233644859785,0.043925233644859785,1,0.07870220057720057
0.8925233644859814,0.9,-0.00747663551401867,119.62215182047613,119.62215182047612,0.0,matched_Polyethers_0_naive,matched,naive,Polyethers,hist_gbr,Mondrian-family,149.70057099452833,1.0,0.6666666666666666,0.2333333333333334,6,0.8925233644859814,0.00747663551401867,0.00747663551401867,1,0.07804082491582491
0.8644859813084113,0.9,-0.03551401869158877,121.01418701467703,115.09253593276567,0.0,matched_Polyethers_0_naive,matched,naive,Polyethers,hist_gbr,Normalised SCP,351.19033713381555,0.0,0.7380952380952381,0.16190476190476188,6,0.8644859813084113,0.03551401869158877,0.03551401869158877,1,0.058307780182780176
0.897196261682243,0.9,-0.002803738317757043,130.0516,130.05159999999998,0.0,matched_Polyethers_0_control,matched,control,Polyethers,extra_trees,SCP,141.46374204903623,0.0,0.3333333333333333,0.5666666666666667,6,0.897196261682243,0.002803738317757043,0.002803738317757043,1,0.13933080808080806
0.9439252336448598,0.9,0.043925233644859785,136.06979271028038,113.53007999999994,0.0,matched_Polyethers_0_control,matched,control,Polyethers,extra_trees,Mondrian-similarity,136.06979271028038,0.0,0.8958333333333334,0.004166666666666652,6,0.9439252336448598,-0.043925233644859785,0.043925233644859785,1,0.07542211328976033
0.9018691588785047,0.9,0.0018691588785046953,130.35919999999996,130.3592,0.0,matched_Polyethers_0_control,matched,control,Polyethers,extra_trees,Mondrian-family,130.35919999999996,0.0,0.3333333333333333,0.5666666666666667,6,0.9018691588785047,-0.0018691588785046953,0.0018691588785046953,1,0.14303451178451176
0.9392523364485982,0.9,0.03925233644859816,125.96804876981642,121.83533602591697,0.0,matched_Polyethers_0_control,matched,control,Polyethers,extra_trees,Normalised SCP,125.96804876981642,0.0,0.4166666666666667,0.48333333333333334,6,0.9392523364485982,-0.03925233644859816,0.03925233644859816,1,0.136121632996633
0.8925233644859814,0.9,-0.00747663551401867,126.70483498178793,126.70483498178794,0.0,matched_Polyethers_0_control,matched,control,Polyethers,hist_gbr,SCP,158.56416103438093,0.0,0.4166666666666667,0.48333333333333334,6,0.8925233644859814,0.00747663551401867,0.00747663551401867,1,0.1356914735591206
0.9439252336448598,0.9,0.043925233644859785,139.0665536019203,112.55487103131213,0.0,matched_Polyethers_0_control,matched,control,Polyethers,hist_gbr,Mondrian-similarity,139.0665536019203,0.0,0.90625,-0.006249999999999978,6,0.9439252336448598,-0.043925233644859785,0.043925233644859785,1,0.07206563180827885
0.9392523364485982,0.9,0.03925233644859816,154.15073216943964,154.1507321694396,0.0,matched_Polyethers_0_control,matched,control,Polyethers,hist_gbr,Mondrian-family,154.15073216943964,0.0,0.5,0.4,6,0.9392523364485982,-0.03925233644859816,0.03925233644859816,1,0.15517676767676766
0.9158878504672897,0.9,0.015887850467289688,123.41681770903209,116.0231677225046,0.0,matched_Polyethers_0_control,matched,control,Polyethers,hist_gbr,Normalised SCP,123.41681770903209,0.0,0.6666666666666666,0.2333333333333334,6,0.9158878504672897,-0.015887850467289688,0.015887850467289688,1,0.10043139730639732
0.9392523364485982,0.9,0.03925233644859816,127.5061999999999,127.50619999999992,0.0,matched_Polyethers_1_informed,matched,informed,Polyethers,extra_trees,SCP,127.5061999999999,0.0,0.7272727272727273,0.17272727272727273,6,0.9392523364485982,-0.03925233644859816,0.03925233644859816,1,0.10323438275245504
0.9485981308411215,0.9,0.04859813084112152,132.63253308411205,122.83480000000009,0.0,matched_Polyethers_1_informed,matched,informed,Polyethers,extra_trees,Mondrian-similarity,132.63253308411205,0.0,0.8666666666666667,0.033333333333333326,6,0.9485981308411215,-0.04859813084112152,0.04859813084112152,1,0.06362771861911275
0.9485981308411215,0.9,0.04859813084112152,131.3972,131.39720000000003,0.0,matched_Polyethers_1_informed,matched,informed,Polyethers,extra_trees,Mondrian-family,131.3972,0.0,0.7272727272727273,0.17272727272727273,6,0.9485981308411215,-0.04859813084112152,0.04859813084112152,1,0.11079797043652466
0.9392523364485982,0.9,0.03925233644859816,135.40473297578137,120.54915558141542,0.0,matched_Polyethers_1_informed,matched,informed,Polyethers,extra_trees,Normalised SCP,135.40473297578137,0.0,0.8,0.09999999999999998,6,0.9392523364485982,-0.03925233644859816,0.03925233644859816,1,0.052363547716387626
0.9299065420560748,0.9,0.029906542056074792,121.59805235308416,121.59805235308417,0.0,matched_Polyethers_1_informed,matched,informed,Polyethers,hist_gbr,SCP,121.59805235308416,0.0,0.6363636363636364,0.26363636363636367,6,0.9299065420560748,-0.029906542056074792,0.029906542056074792,1,0.10994985125794077
0.9252336448598131,0.9,0.025233644859813054,126.05495316378278,108.16927353059441,0.0,matched_Polyethers_1_informed,matched,informed,Polyethers,hist_gbr,Mondrian-similarity,126.05495316378278,0.0,0.7333333333333333,0.16666666666666674,6,0.9252336448598131,-0.025233644859813054,0.025233644859813054,1,0.07192390703578312
0.9112149532710281,0.9,0.01121495327102806,114.38218880308516,114.38218880308511,0.0,matched_Polyethers_1_informed,matched,informed,Polyethers,hist_gbr,Mondrian-family,114.38218880308516,0.0,0.6363636363636364,0.26363636363636367,6,0.9112149532710281,-0.01121495327102806,0.01121495327102806,1,0.1103489358222577
0.9252336448598131,0.9,0.025233644859813054,125.83095342181105,113.64629294340878,0.0,matched_Polyethers_1_informed,matched,informed,Polyethers,hist_gbr,Normalised SCP,125.83095342181105,0.0,0.7333333333333333,0.16666666666666674,6,0.9252336448598131,-0.025233644859813054,0.025233644859813054,1,0.07733329970851487
0.8738317757009346,0.9,-0.0261682242990654,127.06127999999997,127.06128000000001,0.0,matched_Polyethers_1_naive,matched,naive,Polyethers,extra_trees,SCP,278.58304976581627,0.0,0.7111111111111111,0.18888888888888888,6,0.8738317757009346,0.0261682242990654,0.0261682242990654,1,0.08274410774410773
0.9392523364485982,0.9,0.03925233644859816,191.8343825233645,170.1864,0.0,matched_Polyethers_1_naive,matched,naive,Polyethers,extra_trees,Mondrian-similarity,191.8343825233645,0.0,0.5625,0.3375,6,0.9392523364485982,-0.03925233644859816,0.03925233644859816,1,0.11887626262626262
0.8738317757009346,0.9,-0.0261682242990654,127.06127999999997,127.06128000000001,0.0,matched_Polyethers_1_naive,matched,naive,Polyethers,extra_trees,Mondrian-family,278.58304976581627,1.0,0.7111111111111111,0.18888888888888888,6,0.8738317757009346,0.0261682242990654,0.0261682242990654,1,0.08274410774410773
0.883177570093458,0.9,-0.016822429906542036,133.0438713929014,128.7005018756418,0.0,matched_Polyethers_1_naive,matched,naive,Polyethers,extra_trees,Normalised SCP,220.37966988500267,0.0,0.8,0.09999999999999998,6,0.883177570093458,0.016822429906542036,0.016822429906542036,1,0.04987373737373737
0.8504672897196262,0.9,-0.04953271028037387,119.62215182047613,119.62215182047612,0.0,matched_Polyethers_1_naive,matched,naive,Polyethers,hist_gbr,SCP,528.6461733750809,0.0,0.6875,0.21250000000000002,6,0.8504672897196262,0.04953271028037387,0.04953271028037387,1,0.10225168350168351
0.9439252336448598,0.9,0.043925233644859785,184.3006274659253,157.6268828156311,0.0,matched_Polyethers_1_naive,matched,naive,Polyethers,hist_gbr,Mondrian-similarity,184.3006274659253,0.0,0.625,0.275,6,0.9439252336448598,-0.043925233644859785,0.043925233644859785,1,0.1039141414141414
0.8504672897196262,0.9,-0.04953271028037387,119.62215182047613,119.62215182047612,0.0,matched_Polyethers_1_naive,matched,naive,Polyethers,hist_gbr,Mondrian-family,528.6461733750809,1.0,0.6875,0.21250000000000002,6,0.8504672897196262,0.04953271028037387,0.04953271028037387,1,0.10225168350168351
0.8598130841121495,0.9,-0.040186915887850505,124.08332998237219,118.86576988237769,0.0,matched_Polyethers_1_naive,matched,naive,Polyethers,hist_gbr,Normalised SCP,414.2877714706742,0.0,0.75,0.15000000000000002,6,0.8598130841121495,0.040186915887850505,0.040186915887850505,1,0.07904040404040404
0.9018691588785047,0.9,0.0018691588785046953,129.62879999999998,129.6288,0.0,matched_Polyethers_1_control,matched,control,Polyethers,extra_trees,SCP,129.62879999999998,0.0,0.8148148148148148,0.08518518518518525,5,0.9018691588785047,-0.0018691588785046953,0.0018691588785046953,1,0.054229874184896686
0.9158878504672897,0.9,0.015887850467289688,132.34362401869157,122.77528000000018,0.0,matched_Polyethers_1_control,matched,control,Polyethers,extra_trees,Mondrian-similarity,132.34362401869157,0.0,0.9021739130434783,-0.0021739130434782483,5,0.9158878504672897,-0.015887850467289688,0.015887850467289688,1,0.03205353422744726
0.9112149532710281,0.9,0.01121495327102806,130.94634000000005,130.94634000000008,0.0,matched_Polyethers_1_control,matched,control,Polyethers,extra_trees,Mondrian-family,130.94634000000005,0.0,0.8148148148148148,0.08518518518518525,5,0.9112149532710281,-0.01121495327102806,0.01121495327102806,1,0.0609492417738295
0.8925233644859814,0.9,-0.00747663551401867,117.39264794189918,111.25349998791765,0.0,matched_Polyethers_1_control,matched,control,Polyethers,extra_trees,Normalised SCP,146.9104690060741,0.0,0.8461538461538461,0.05384615384615388,5,0.8925233644859814,0.00747663551401867,0.00747663551401867,1,0.028087541310929654
0.9018691588785047,0.9,0.0018691588785046953,125.10951394313962,125.10951394313963,0.0,matched_Polyethers_1_control,matched,control,Polyethers,hist_gbr,SCP,125.10951394313962,0.0,0.7692307692307693,0.13076923076923075,5,0.9018691588785047,-0.0018691588785046953,0.0018691588785046953,1,0.05748444348144495
0.9205607476635514,0.9,0.020560747663551426,131.28714802447473,119.76194676393095,0.0,matched_Polyethers_1_control,matched,control,Polyethers,hist_gbr,Mondrian-similarity,131.28714802447473,0.0,0.8461538461538461,0.05384615384615388,5,0.9205607476635514,-0.020560747663551426,0.020560747663551426,1,0.053638503203720565
0.9065420560747663,0.9,0.0065420560747663226,127.82690385344816,127.82690385344816,0.0,matched_Polyethers_1_control,matched,control,Polyethers,hist_gbr,Mondrian-family,127.82690385344816,0.0,0.7692307692307693,0.13076923076923075,5,0.9065420560747663,-0.0065420560747663226,0.0065420560747663226,1,0.06202989802689951
0.9158878504672897,0.9,0.015887850467289688,124.30334863812166,118.54033314446545,0.0,matched_Polyethers_1_control,matched,control,Polyethers,hist_gbr,Normalised SCP,124.30334863812166,0.0,0.8461538461538461,0.05384615384615388,5,0.9158878504672897,-0.015887850467289688,0.015887850467289688,1,0.04447136959880589
0.9299065420560748,0.9,0.029906542056074792,127.60187999999935,127.60187999999937,0.0,matched_Polyethers_2_informed,matched,informed,Polyethers,extra_trees,SCP,127.60187999999935,0.0,0.7333333333333333,0.16666666666666674,5,0.9299065420560748,-0.029906542056074792,0.029906542056074792,1,0.08238315985888804
0.9485981308411215,0.9,0.04859813084112152,125.12441514018695,122.07536000000002,0.0,matched_Polyethers_2_informed,matched,informed,Polyethers,extra_trees,Mondrian-similarity,125.12441514018695,0.0,0.9223300970873787,-0.022330097087378653,5,0.9485981308411215,-0.04859813084112152,0.04859813084112152,1,0.05831987327132957
0.8738317757009346,0.9,-0.0261682242990654,104.37500000000003,104.37500000000006,0.0,matched_Polyethers_2_informed,matched,informed,Polyethers,extra_trees,Mondrian-family,228.84316779515433,0.0,0.6666666666666666,0.2333333333333334,5,0.8738317757009346,0.0261682242990654,0.0261682242990654,1,0.07878748373894007
0.9532710280373832,0.9,0.05327102803738315,140.37758088536307,128.14146211204653,0.0,matched_Polyethers_2_informed,matched,informed,Polyethers,extra_trees,Normalised SCP,140.37758088536307,0.0,0.8666666666666667,0.033333333333333326,5,0.9532710280373832,-0.05327102803738315,0.05327102803738315,1,0.06062120372799984
0.9065420560747663,0.9,0.0065420560747663226,124.80048873561304,124.80048873561304,0.0,matched_Polyethers_2_informed,matched,informed,Polyethers,hist_gbr,SCP,124.80048873561304,0.0,0.6,0.30000000000000004,5,0.9065420560747663,-0.0065420560747663226,0.0065420560747663226,1,0.10022977207443229
0.9205607476635514,0.9,0.020560747663551426,121.64728617328487,110.4640066229993,0.0,matched_Polyethers_2_informed,matched,informed,Polyethers,hist_gbr,Mondrian-similarity,121.64728617328487,0.0,0.8918918918918919,0.008108108108108136,5,0.9205607476635514,-0.020560747663551426,0.020560747663551426,1,0.042504654446402015
0.8271028037383178,0.9,-0.07289719626168223,96.65271204801536,96.65271204801536,0.0,matched_Polyethers_2_informed,matched,informed,Polyethers,hist_gbr,Mondrian-family,860.953205224725,0.0,0.5333333333333333,0.3666666666666667,5,0.8271028037383178,0.07289719626168223,0.07289719626168223,1,0.12414486608661368
0.9065420560747663,0.9,0.0065420560747663226,124.13611168584931,116.48792803958791,0.0,matched_Polyethers_2_informed,matched,informed,Polyethers,hist_gbr,Normalised SCP,124.13611168584931,0.0,0.7333333333333333,0.16666666666666674,5,0.9065420560747663,-0.0065420560747663226,0.0065420560747663226,1,0.07362335983695209
0.8738317757009346,0.9,-0.0261682242990654,127.06127999999997,127.06128000000001,0.0,matched_Polyethers_2_naive,matched,naive,Polyethers,extra_trees,SCP,278.58304976581627,0.0,0.6428571428571429,0.2571428571428571,6,0.8738317757009346,0.0261682242990654,0.0261682242990654,1,0.09140883626177743
0.9299065420560748,0.9,0.029906542056074792,188.05238747663554,170.1864,0.0,matched_Polyethers_2_naive,matched,naive,Polyethers,extra_trees,Mondrian-similarity,188.05238747663554,0.0,0.65,0.25,6,0.9299065420560748,-0.029906542056074792,0.029906542056074792,1,0.09518504371445546
0.8738317757009346,0.9,-0.0261682242990654,127.06127999999997,127.06128000000001,0.0,matched_Polyethers_2_naive,matched,naive,Polyethers,extra_trees,Mondrian-family,278.58304976581627,1.0,0.6428571428571429,0.2571428571428571,6,0.8738317757009346,0.0261682242990654,0.0261682242990654,1,0.09140883626177743
0.8785046728971962,0.9,-0.021495327102803774,130.65691688116274,124.59753772567777,0.0,matched_Polyethers_2_naive,matched,naive,Polyethers,extra_trees,Normalised SCP,248.99548050488403,0.0,0.6904761904761905,0.20952380952380956,6,0.8785046728971962,0.021495327102803774,0.021495327102803774,1,0.0712174263644852
0.8504672897196262,0.9,-0.04953271028037387,119.62215182047613,119.62215182047612,0.0,matched_Polyethers_2_naive,matched,naive,Polyethers,hist_gbr,SCP,528.6461733750809,0.0,0.6428571428571429,0.2571428571428571,6,0.8504672897196262,0.04953271028037387,0.04953271028037387,1,0.08935892538833716
0.9299065420560748,0.9,0.029906542056074792,180.95732651857875,157.6268828156311,0.0,matched_Polyethers_2_naive,matched,naive,Polyethers,hist_gbr,Mondrian-similarity,180.95732651857875,0.0,0.65,0.25,6,0.9299065420560748,-0.029906542056074792,0.029906542056074792,1,0.09518504371445546
0.8504672897196262,0.9,-0.04953271028037387,119.62215182047613,119.62215182047612,0.0,matched_Polyethers_2_naive,matched,naive,Polyethers,hist_gbr,Mondrian-family,528.6461733750809,1.0,0.6428571428571429,0.2571428571428571,6,0.8504672897196262,0.04953271028037387,0.04953271028037387,1,0.08935892538833716
0.8317757009345794,0.9,-0.0682242990654206,121.47452684123475,117.82261161201279,0.0,matched_Polyethers_2_naive,matched,naive,Polyethers,hist_gbr,Normalised SCP,940.5206050699154,0.0,0.6666666666666666,0.2333333333333334,6,0.8317757009345794,0.0682242990654206,0.0682242990654206,1,0.0892008318478907
0.9018691588785047,0.9,0.0018691588785046953,120.29499999999999,120.29499999999996,0.0,matched_Polyethers_2_control,matched,control,Polyethers,extra_trees,SCP,120.29499999999999,0.0,0.5882352941176471,0.31176470588235294,5,0.9018691588785047,-0.0018691588785046953,0.0018691588785046953,1,0.09343707250341995
0.9065420560747663,0.9,0.0065420560747663226,121.55793747663553,107.5498,0.0,matched_Polyethers_2_control,matched,control,Polyethers,extra_trees,Mondrian-similarity,121.55793747663553,0.0,0.8235294117647058,0.07647058823529418,5,0.9065420560747663,-0.0065420560747663226,0.0065420560747663226,1,0.05360943912448701
0.9065420560747663,0.9,0.0065420560747663226,126.07404000000004,126.07404000000008,0.0,matched_Polyethers_2_control,matched,control,Polyethers,extra_trees,Mondrian-family,126.07404000000004,0.0,0.5882352941176471,0.31176470588235294,5,0.9065420560747663,-0.0065420560747663226,0.0065420560747663226,1,0.09931942544459642
0.9065420560747663,0.9,0.0065420560747663226,113.53590693447367,107.1936830630852,0.0,matched_Polyethers_2_control,matched,control,Polyethers,extra_trees,Normalised SCP,113.53590693447367,0.0,0.7058823529411765,0.1941176470588235,5,0.9065420560747663,-0.0065420560747663226,0.0065420560747663226,1,0.06137414500683993
0.9205607476635514,0.9,0.020560747663551426,122.3706070467634,122.37060704676344,0.0,matched_Polyethers_2_control,matched,control,Polyethers,hist_gbr,SCP,122.3706070467634,0.0,0.5294117647058824,0.37058823529411766,5,0.9205607476635514,-0.020560747663551426,0.020560747663551426,1,0.11720177838577288
0.9065420560747663,0.9,0.0065420560747663226,119.7273782073308,105.88958728393482,0.0,matched_Polyethers_2_control,matched,control,Polyethers,hist_gbr,Mondrian-similarity,119.7273782073308,0.0,0.8235294117647058,0.07647058823529418,5,0.9065420560747663,-0.0065420560747663226,0.0065420560747663226,1,0.0523782489740082
0.9205607476635514,0.9,0.020560747663551426,123.40743235056124,123.40743235056124,0.0,matched_Polyethers_2_control,matched,control,Polyethers,hist_gbr,Mondrian-family,123.40743235056124,0.0,0.5294117647058824,0.37058823529411766,5,0.9205607476635514,-0.020560747663551426,0.020560747663551426,1,0.11720177838577288
0.8785046728971962,0.9,-0.021495327102803774,110.75004491258206,107.03127825502715,0.0,matched_Polyethers_2_control,matched,control,Polyethers,hist_gbr,Normalised SCP,211.0585593721569,0.0,0.5294117647058824,0.37058823529411766,5,0.8785046728971962,0.021495327102803774,0.021495327102803774,1,0.10057592339261287
0.7058823529411765,0.9,-0.1941176470588235,124.37475999999991,124.37475999999992,0.0,matched_Polyhalo-olefins_0_informed,matched,informed,Polyhalo-olefins,extra_trees,SCP,42059.00017572401,0.0,,,0,0.7058823529411765,0.1941176470588235,0.1941176470588235,1,
0.8823529411764706,0.9,-0.01764705882352946,179.95696470588229,144.7974,0.0,matched_Polyhalo-olefins_0_informed,matched,informed,Polyhalo-olefins,extra_trees,Mondrian-similarity,305.5549104426004,0.0,,,0,0.8823529411764706,0.01764705882352946,0.01764705882352946,1,
0.7058823529411765,0.9,-0.1941176470588235,124.37475999999991,124.37475999999992,0.0,matched_Polyhalo-olefins_0_informed,matched,informed,Polyhalo-olefins,extra_trees,Mondrian-family,42059.00017572401,1.0,,,0,0.7058823529411765,0.1941176470588235,0.1941176470588235,1,
0.8235294117647058,0.9,-0.07647058823529418,179.05249211706052,159.40467361298806,0.0,matched_Polyhalo-olefins_0_informed,matched,informed,Polyhalo-olefins,extra_trees,Normalised SCP,1775.427755623937,0.0,,,0,0.8235294117647058,0.07647058823529418,0.07647058823529418,1,
0.5882352941176471,0.9,-0.31176470588235294,124.14538351975591,124.14538351975591,0.0,matched_Polyhalo-olefins_0_informed,matched,informed,Polyhalo-olefins,hist_gbr,SCP,1431730.6325328918,0.0,,,0,0.5882352941176471,0.31176470588235294,0.31176470588235294,1,
0.8823529411764706,0.9,-0.01764705882352946,179.87848895741104,139.19487776582838,0.0,matched_Polyhalo-olefins_0_informed,matched,informed,Polyhalo-olefins,hist_gbr,Mondrian-similarity,305.421663861479,0.0,,,0,0.8823529411764706,0.01764705882352946,0.01764705882352946,1,
0.5882352941176471,0.9,-0.31176470588235294,124.14538351975591,124.14538351975591,0.0,matched_Polyhalo-olefins_0_informed,matched,informed,Polyhalo-olefins,hist_gbr,Mondrian-family,1431730.6325328918,1.0,,,0,0.5882352941176471,0.31176470588235294,0.31176470588235294,1,
0.7647058823529411,0.9,-0.1352941176470589,159.1901259259408,125.51414210672849,0.0,matched_Polyhalo-olefins_0_informed,matched,informed,Polyhalo-olefins,hist_gbr,Normalised SCP,9218.086691455746,0.0,,,0,0.7647058823529411,0.1352941176470589,0.1352941176470589,1,
0.7058823529411765,0.9,-0.1941176470588235,126.3264,126.3264,0.0,matched_Polyhalo-olefins_0_naive,matched,naive,Polyhalo-olefins,extra_trees,SCP,42718.97352645011,0.0,0.7272727272727273,0.17272727272727273,1,0.7058823529411765,0.1941176470588235,0.1941176470588235,1,0.17272727272727273
0.8235294117647058,0.9,-0.07647058823529418,253.1801952941176,285.90739999999994,0.0,matched_Polyhalo-olefins_0_naive,matched,naive,Polyhalo-olefins,extra_trees,Mondrian-similarity,2510.45456326623,0.0,0.9090909090909091,-0.009090909090909038,1,0.8235294117647058,0.07647058823529418,0.07647058823529418,1,0.009090909090909038
0.7058823529411765,0.9,-0.1941176470588235,126.3264,126.3264,0.0,matched_Polyhalo-olefins_0_naive,matched,naive,Polyhalo-olefins,extra_trees,Mondrian-family,42718.97352645011,1.0,0.7272727272727273,0.17272727272727273,1,0.7058823529411765,0.1941176470588235,0.1941176470588235,1,0.17272727272727273
0.8235294117647058,0.9,-0.07647058823529418,162.84715762778598,168.69464372820545,0.0,matched_Polyhalo-olefins_0_naive,matched,naive,Polyhalo-olefins,extra_trees,Normalised SCP,1614.7407956087825,0.0,0.8181818181818182,0.08181818181818179,1,0.8235294117647058,0.07647058823529418,0.07647058823529418,1,0.08181818181818179
0.7058823529411765,0.9,-0.1941176470588235,126.37091008223818,126.3709100822382,0.0,matched_Polyhalo-olefins_0_naive,matched,naive,Polyhalo-olefins,hist_gbr,SCP,42734.02521022161,0.0,0.7272727272727273,0.17272727272727273,1,0.7058823529411765,0.1941176470588235,0.1941176470588235,1,0.17272727272727273
0.8235294117647058,0.9,-0.07647058823529418,245.1994605595734,257.08465196726837,0.0,matched_Polyhalo-olefins_0_naive,matched,naive,Polyhalo-olefins,hist_gbr,Mondrian-similarity,2431.3201273784666,0.0,0.9090909090909091,-0.009090909090909038,1,0.8235294117647058,0.07647058823529418,0.07647058823529418,1,0.009090909090909038
0.7058823529411765,0.9,-0.1941176470588235,126.37091008223818,126.3709100822382,0.0,matched_Polyhalo-olefins_0_naive,matched,naive,Polyhalo-olefins,hist_gbr,Mondrian-family,42734.02521022161,1.0,0.7272727272727273,0.17272727272727273,1,0.7058823529411765,0.1941176470588235,0.1941176470588235,1,0.17272727272727273
0.7058823529411765,0.9,-0.1941176470588235,143.5628968782556,139.18695423763873,0.0,matched_Polyhalo-olefins_0_naive,matched,naive,Polyhalo-olefins,hist_gbr,Normalised SCP,48547.7270873126,0.0,0.7272727272727273,0.17272727272727273,1,0.7058823529411765,0.1941176470588235,0.1941176470588235,1,0.17272727272727273
0.7647058823529411,0.9,-0.1352941176470589,123.71986000000003,123.71986000000001,0.0,matched_Polyhalo-olefins_0_control,matched,control,Polyhalo-olefins,extra_trees,SCP,7164.140290116605,0.0,,,0,0.7647058823529411,0.1352941176470589,0.1352941176470589,1,
1.0,0.9,0.09999999999999998,192.26182352941177,196.63719999999998,0.0,matched_Polyhalo-olefins_0_control,matched,control,Polyhalo-olefins,extra_trees,Mondrian-similarity,192.26182352941177,0.0,,,0,1.0,-0.09999999999999998,0.09999999999999998,1,
0.7647058823529411,0.9,-0.1352941176470589,123.71986000000003,123.71986000000001,0.0,matched_Polyhalo-olefins_0_control,matched,control,Polyhalo-olefins,extra_trees,Mondrian-family,7164.140290116605,1.0,,,0,0.7647058823529411,0.1352941176470589,0.1352941176470589,1,
0.9411764705882353,0.9,0.04117647058823526,179.9157448581842,184.24344921644183,0.0,matched_Polyhalo-olefins_0_control,matched,control,Polyhalo-olefins,extra_trees,Normalised SCP,179.9157448581842,0.0,,,0,0.9411764705882353,-0.04117647058823526,0.04117647058823526,1,
0.6470588235294118,0.9,-0.2529411764705882,121.98110218610188,121.98110218610188,0.0,matched_Polyhalo-olefins_0_control,matched,control,Polyhalo-olefins,hist_gbr,SCP,240891.38512094753,0.0,,,0,0.6470588235294118,0.2529411764705882,0.2529411764705882,1,
0.8823529411764706,0.9,-0.01764705882352946,188.20302173736962,198.61213931505344,0.0,matched_Polyhalo-olefins_0_control,matched,control,Polyhalo-olefins,hist_gbr,Mondrian-similarity,319.5561646973535,0.0,,,0,0.8823529411764706,0.01764705882352946,0.01764705882352946,1,
0.6470588235294118,0.9,-0.2529411764705882,121.98110218610188,121.98110218610188,0.0,matched_Polyhalo-olefins_0_control,matched,control,Polyhalo-olefins,hist_gbr,Mondrian-family,240891.38512094753,1.0,,,0,0.6470588235294118,0.2529411764705882,0.2529411764705882,1,
0.7647058823529411,0.9,-0.1352941176470589,159.5582151594259,153.92923331960418,0.0,matched_Polyhalo-olefins_0_control,matched,control,Polyhalo-olefins,hist_gbr,Normalised SCP,9239.40132039219,0.0,,,0,0.7647058823529411,0.1352941176470589,0.1352941176470589,1,
0.5882352941176471,0.9,-0.31176470588235294,125.1936,125.1936,0.0,matched_Polyhalo-olefins_1_informed,matched,informed,Polyhalo-olefins,extra_trees,SCP,1443819.3917097682,0.0,,,0,0.5882352941176471,0.31176470588235294,0.31176470588235294,1,
0.6470588235294118,0.9,-0.2529411764705882,190.87815529411765,151.07347999999996,0.0,matched_Polyhalo-olefins_1_informed,matched,informed,Polyhalo-olefins,extra_trees,Mondrian-similarity,376951.03908784187,0.0,,,0,0.6470588235294118,0.2529411764705882,0.2529411764705882,1,
0.5882352941176471,0.9,-0.31176470588235294,125.1936,125.1936,0.0,matched_Polyhalo-olefins_1_informed,matched,informed,Polyhalo-olefins,extra_trees,Mondrian-family,1443819.3917097682,1.0,,,0,0.5882352941176471,0.31176470588235294,0.31176470588235294,1,
0.7647058823529411,0.9,-0.1352941176470589,159.82372816794702,143.64204107543583,0.0,matched_Polyhalo-olefins_1_informed,matched,informed,Polyhalo-olefins,extra_trees,Normalised SCP,9254.776155458252,0.0,,,0,0.7647058823529411,0.1352941176470589,0.1352941176470589,1,
0.5882352941176471,0.9,-0.31176470588235294,120.96252832855065,120.96252832855066,0.0,matched_Polyhalo-olefins_1_informed,matched,informed,Polyhalo-olefins,hist_gbr,SCP,1395023.7397998266,0.0,,,0,0.5882352941176471,0.31176470588235294,0.31176470588235294,1,
0.7647058823529411,0.9,-0.1352941176470589,182.35323676095624,148.28415607178022,0.0,matched_Polyhalo-olefins_1_informed,matched,informed,Polyhalo-olefins,hist_gbr,Mondrian-similarity,10559.373171876678,0.0,,,0,0.7647058823529411,0.1352941176470589,0.1352941176470589,1,
0.5882352941176471,0.9,-0.31176470588235294,120.96252832855065,120.96252832855066,0.0,matched_Polyhalo-olefins_1_informed,matched,informed,Polyhalo-olefins,hist_gbr,Mondrian-family,1395023.7397998266,1.0,,,0,0.5882352941176471,0.31176470588235294,0.31176470588235294,1,
0.7058823529411765,0.9,-0.1941176470588235,139.9255755740302,133.74889177375678,0.0,matched_Polyhalo-olefins_1_informed,matched,informed,Polyhalo-olefins,hist_gbr,Normalised SCP,47317.71790077363,0.0,,,0,0.7058823529411765,0.1941176470588235,0.1941176470588235,1,
0.5882352941176471,0.9,-0.31176470588235294,126.3264,126.3264,0.0,matched_Polyhalo-olefins_1_naive,matched,naive,Polyhalo-olefins,extra_trees,SCP,1456883.6266780798,0.0,0.5833333333333334,0.31666666666666665,1,0.5882352941176471,0.31176470588235294,0.31176470588235294,1,0.31666666666666665
0.8235294117647058,0.9,-0.07647058823529418,257.5970258823529,285.90739999999994,0.0,matched_Polyhalo-olefins_1_naive,matched,naive,Polyhalo-olefins,extra_trees,Mondrian-similarity,2554.2504553285144,0.0,0.9166666666666666,-0.016666666666666607,1,0.8235294117647058,0.07647058823529418,0.07647058823529418,1,0.016666666666666607
0.5882352941176471,0.9,-0.31176470588235294,126.3264,126.3264,0.0,matched_Polyhalo-olefins_1_naive,matched,naive,Polyhalo-olefins,extra_trees,Mondrian-family,1456883.6266780798,1.0,0.5833333333333334,0.31666666666666665,1,0.5882352941176471,0.31176470588235294,0.31176470588235294,1,0.31666666666666665
0.7647058823529411,0.9,-0.1352941176470589,172.21644023806175,177.04612883456048,0.0,matched_Polyhalo-olefins_1_naive,matched,naive,Polyhalo-olefins,extra_trees,Normalised SCP,9972.390351314303,0.0,0.75,0.15000000000000002,1,0.7647058823529411,0.1352941176470589,0.1352941176470589,1,0.15000000000000002
0.7058823529411765,0.9,-0.1941176470588235,126.37091008223818,126.3709100822382,0.0,matched_Polyhalo-olefins_1_naive,matched,naive,Polyhalo-olefins,hist_gbr,SCP,42734.02521022161,0.0,0.75,0.15000000000000002,1,0.7058823529411765,0.1941176470588235,0.1941176470588235,1,0.15000000000000002
0.8823529411764706,0.9,-0.01764705882352946,244.03177931428732,257.08465196726837,0.0,matched_Polyhalo-olefins_1_naive,matched,naive,Polyhalo-olefins,hist_gbr,Mondrian-similarity,414.34966740738855,0.0,0.9166666666666666,-0.016666666666666607,1,0.8823529411764706,0.01764705882352946,0.01764705882352946,1,0.016666666666666607
0.7058823529411765,0.9,-0.1941176470588235,126.37091008223818,126.3709100822382,0.0,matched_Polyhalo-olefins_1_naive,matched,naive,Polyhalo-olefins,hist_gbr,Mondrian-family,42734.02521022161,1.0,0.75,0.15000000000000002,1,0.7058823529411765,0.1941176470588235,0.1941176470588235,1,0.15000000000000002
0.7647058823529411,0.9,-0.1352941176470589,145.15796861196807,139.80648824337305,0.0,matched_Polyhalo-olefins_1_naive,matched,naive,Polyhalo-olefins,hist_gbr,Normalised SCP,8405.538539766225,0.0,0.75,0.15000000000000002,1,0.7647058823529411,0.1352941176470589,0.1352941176470589,1,0.15000000000000002
0.7647058823529411,0.9,-0.1352941176470589,129.534,129.534,0.0,matched_Polyhalo-olefins_1_control,matched,control,Polyhalo-olefins,extra_trees,SCP,7500.814730472246,0.0,,,0,0.7647058823529411,0.1352941176470589,0.1352941176470589,1,
0.7647058823529411,0.9,-0.1352941176470589,219.68091294117647,244.3562,0.0,matched_Polyhalo-olefins_1_control,matched,control,Polyhalo-olefins,extra_trees,Mondrian-similarity,12720.87504279006,0.0,,,0,0.7647058823529411,0.1352941176470589,0.1352941176470589,1,
0.7647058823529411,0.9,-0.1352941176470589,129.534,129.534,0.0,matched_Polyhalo-olefins_1_control,matched,control,Polyhalo-olefins,extra_trees,Mondrian-family,7500.814730472246,1.0,,,0,0.7647058823529411,0.1352941176470589,0.1352941176470589,1,
0.8823529411764706,0.9,-0.01764705882352946,230.80248405407679,242.29928671950375,0.0,matched_Polyhalo-olefins_1_control,matched,control,Polyhalo-olefins,extra_trees,Normalised SCP,391.88720736835114,0.0,,,0,0.8823529411764706,0.01764705882352946,0.01764705882352946,1,
0.8235294117647058,0.9,-0.07647058823529418,122.9465811895105,122.94658118951048,0.0,matched_Polyhalo-olefins_1_control,matched,control,Polyhalo-olefins,hist_gbr,SCP,1219.0993273649626,0.0,,,0,0.8235294117647058,0.07647058823529418,0.07647058823529418,1,
0.9411764705882353,0.9,0.04117647058823526,227.34827465639557,249.85567081648168,0.0,matched_Polyhalo-olefins_1_control,matched,control,Polyhalo-olefins,hist_gbr,Mondrian-similarity,227.34827465639557,0.0,,,0,0.9411764705882353,-0.04117647058823526,0.04117647058823526,1,
0.8235294117647058,0.9,-0.07647058823529418,122.9465811895105,122.94658118951048,0.0,matched_Polyhalo-olefins_1_control,matched,control,Polyhalo-olefins,hist_gbr,Mondrian-family,1219.0993273649626,1.0,,,0,0.8235294117647058,0.07647058823529418,0.07647058823529418,1,
1.0,0.9,0.09999999999999998,234.7578655457607,249.6991695691558,0.0,matched_Polyhalo-olefins_1_control,matched,control,Polyhalo-olefins,hist_gbr,Normalised SCP,234.7578655457607,0.0,,,0,1.0,-0.09999999999999998,0.09999999999999998,1,
0.5882352941176471,0.9,-0.31176470588235294,123.96648000000008,123.96648000000008,0.0,matched_Polyhalo-olefins_2_informed,matched,informed,Polyhalo-olefins,extra_trees,SCP,1429667.3931095619,0.0,,,0,0.5882352941176471,0.31176470588235294,0.31176470588235294,1,
0.7058823529411765,0.9,-0.1941176470588235,217.74002235294114,254.24099999999999,0.0,matched_Polyhalo-olefins_2_informed,matched,informed,Polyhalo-olefins,extra_trees,Mondrian-similarity,73631.72108556838,0.0,,,0,0.7058823529411765,0.1941176470588235,0.1941176470588235,1,
0.5882352941176471,0.9,-0.31176470588235294,123.96648000000008,123.96648000000008,0.0,matched_Polyhalo-olefins_2_informed,matched,informed,Polyhalo-olefins,extra_trees,Mondrian-family,1429667.3931095619,1.0,,,0,0.5882352941176471,0.31176470588235294,0.31176470588235294,1,
0.8823529411764706,0.9,-0.01764705882352946,204.4405247268068,201.67698366969705,0.0,matched_Polyhalo-olefins_2_informed,matched,informed,Polyhalo-olefins,extra_trees,Normalised SCP,347.126360604235,0.0,,,0,0.8823529411764706,0.01764705882352946,0.01764705882352946,1,
0.5294117647058824,0.9,-0.37058823529411766,120.24876844234052,120.24876844234052,0.0,matched_Polyhalo-olefins_2_informed,matched,informed,Polyhalo-olefins,hist_gbr,SCP,8098664.472524389,0.0,,,0,0.5294117647058824,0.37058823529411766,0.37058823529411766,1,
0.6470588235294118,0.9,-0.2529411764705882,201.02732419489462,236.86235977413799,0.0,matched_Polyhalo-olefins_2_informed,matched,informed,Polyhalo-olefins,hist_gbr,Mondrian-similarity,396993.87613816303,0.0,,,0,0.6470588235294118,0.2529411764705882,0.2529411764705882,1,
0.5294117647058824,0.9,-0.37058823529411766,120.24876844234052,120.24876844234052,0.0,matched_Polyhalo-olefins_2_informed,matched,informed,Polyhalo-olefins,hist_gbr,Mondrian-family,8098664.472524389,1.0,,,0,0.5294117647058824,0.37058823529411766,0.37058823529411766,1,
0.7058823529411765,0.9,-0.1941176470588235,175.6396461656798,202.67676407222297,0.0,matched_Polyhalo-olefins_2_informed,matched,informed,Polyhalo-olefins,hist_gbr,Normalised SCP,59394.911869148,0.0,,,0,0.7058823529411765,0.1941176470588235,0.1941176470588235,1,
0.6470588235294118,0.9,-0.2529411764705882,126.3264,126.3264,0.0,matched_Polyhalo-olefins_2_naive,matched,naive,Polyhalo-olefins,extra_trees,SCP,249472.58983539557,0.0,0.6923076923076923,0.20769230769230773,1,0.6470588235294118,0.2529411764705882,0.2529411764705882,1,0.20769230769230773
0.7647058823529411,0.9,-0.1352941176470589,263.05156,285.90739999999994,0.0,matched_Polyhalo-olefins_2_naive,matched,naive,Polyhalo-olefins,extra_trees,Mondrian-similarity,15232.302068350424,0.0,0.8461538461538461,0.05384615384615388,1,0.7647058823529411,0.1352941176470589,0.1352941176470589,1,0.05384615384615388
0.6470588235294118,0.9,-0.2529411764705882,126.3264,126.3264,0.0,matched_Polyhalo-olefins_2_naive,matched,naive,Polyhalo-olefins,extra_trees,Mondrian-family,249472.58983539557,1.0,0.6923076923076923,0.20769230769230773,1,0.6470588235294118,0.2529411764705882,0.2529411764705882,1,0.20769230769230773
0.7058823529411765,0.9,-0.1941176470588235,163.78289291643873,158.0097785846955,0.0,matched_Polyhalo-olefins_2_naive,matched,naive,Polyhalo-olefins,extra_trees,Normalised SCP,55385.39107093021,0.0,0.7692307692307693,0.13076923076923075,1,0.7058823529411765,0.1941176470588235,0.1941176470588235,1,0.13076923076923075
0.7058823529411765,0.9,-0.1941176470588235,126.37091008223818,126.3709100822382,0.0,matched_Polyhalo-olefins_2_naive,matched,naive,Polyhalo-olefins,hist_gbr,SCP,42734.02521022161,0.0,0.6923076923076923,0.20769230769230773,1,0.7058823529411765,0.1941176470588235,0.1941176470588235,1,0.20769230769230773
0.7647058823529411,0.9,-0.1352941176470589,246.01264454890315,257.08465196726837,0.0,matched_Polyhalo-olefins_2_naive,matched,naive,Polyhalo-olefins,hist_gbr,Mondrian-similarity,14245.64414064914,0.0,0.7692307692307693,0.13076923076923075,1,0.7647058823529411,0.1352941176470589,0.1352941176470589,1,0.13076923076923075
0.7058823529411765,0.9,-0.1941176470588235,126.37091008223818,126.3709100822382,0.0,matched_Polyhalo-olefins_2_naive,matched,naive,Polyhalo-olefins,hist_gbr,Mondrian-family,42734.02521022161,1.0,0.6923076923076923,0.20769230769230773,1,0.7058823529411765,0.1941176470588235,0.1941176470588235,1,0.20769230769230773
0.7058823529411765,0.9,-0.1941176470588235,146.5853018076249,141.5910038103085,0.0,matched_Polyhalo-olefins_2_naive,matched,naive,Polyhalo-olefins,hist_gbr,Normalised SCP,49569.794019988105,0.0,0.6923076923076923,0.20769230769230773,1,0.7058823529411765,0.1941176470588235,0.1941176470588235,1,0.20769230769230773
0.5294117647058824,0.9,-0.37058823529411766,119.38579999999999,119.38579999999999,0.0,matched_Polyhalo-olefins_2_control,matched,control,Polyhalo-olefins,extra_trees,SCP,8040544.194409073,0.0,,,0,0.5294117647058824,0.37058823529411766,0.37058823529411766,1,
0.8235294117647058,0.9,-0.07647058823529418,216.84021411764706,234.9244,0.0,matched_Polyhalo-olefins_2_control,matched,control,Polyhalo-olefins,extra_trees,Mondrian-similarity,2150.1188289980014,0.0,,,0,0.8235294117647058,0.07647058823529418,0.07647058823529418,1,
0.5294117647058824,0.9,-0.37058823529411766,119.38579999999999,119.38579999999999,0.0,matched_Polyhalo-olefins_2_control,matched,control,Polyhalo-olefins,extra_trees,Mondrian-family,8040544.194409073,1.0,,,0,0.5294117647058824,0.37058823529411766,0.37058823529411766,1,
0.6470588235294118,0.9,-0.2529411764705882,174.00122495409238,187.74928613829144,0.0,matched_Polyhalo-olefins_2_control,matched,control,Polyhalo-olefins,extra_trees,Normalised SCP,343622.0475199854,0.0,,,0,0.6470588235294118,0.2529411764705882,0.2529411764705882,1,
0.5294117647058824,0.9,-0.37058823529411766,112.50461859587637,112.50461859587637,0.0,matched_Polyhalo-olefins_2_control,matched,control,Polyhalo-olefins,hist_gbr,SCP,7577101.781746916,0.0,,,0,0.5294117647058824,0.37058823529411766,0.37058823529411766,1,
0.8823529411764706,0.9,-0.01764705882352946,220.59908717990308,227.06110043348585,0.0,matched_Polyhalo-olefins_2_control,matched,control,Polyhalo-olefins,hist_gbr,Mondrian-similarity,374.56252075122603,0.0,,,0,0.8823529411764706,0.01764705882352946,0.01764705882352946,1,
0.5294117647058824,0.9,-0.37058823529411766,112.50461859587637,112.50461859587637,0.0,matched_Polyhalo-olefins_2_control,matched,control,Polyhalo-olefins,hist_gbr,Mondrian-family,7577101.781746916,1.0,,,0,0.5294117647058824,0.37058823529411766,0.37058823529411766,1,
0.8823529411764706,0.9,-0.01764705882352946,197.60735093348293,219.33333510119468,0.0,matched_Polyhalo-olefins_2_control,matched,control,Polyhalo-olefins,hist_gbr,Normalised SCP,335.52408775044336,0.0,,,0,0.8823529411764706,0.01764705882352946,0.01764705882352946,1,
0.89453125,0.9,-0.005468750000000022,116.56319999999982,116.56319999999982,0.0,matched_Polyimides_0_informed,matched,informed,Polyimides,extra_trees,SCP,137.345014648185,0.0,0.6086956521739131,0.29130434782608694,4,0.89453125,0.005468750000000022,0.005468750000000022,1,0.09937432014098257
0.873046875,0.9,-0.026953125000000022,109.69256382812505,92.53320000000005,0.0,matched_Polyimides_0_informed,matched,informed,Polyimides,extra_trees,Mondrian-similarity,246.2322825797394,0.0,0.782608695652174,0.11739130434782608,4,0.873046875,0.026953125000000022,0.026953125000000022,1,0.0438379035430716
0.89453125,0.9,-0.005468750000000022,117.03455999999986,117.03455999999989,0.0,matched_Polyimides_0_informed,matched,informed,Polyimides,extra_trees,Mondrian-family,137.90041245902557,0.0,0.6086956521739131,0.29130434782608694,4,0.89453125,0.005468750000000022,0.005468750000000022,1,0.09937432014098257
0.87109375,0.9,-0.028906250000000022,106.35124258466828,98.81612275765548,0.0,matched_Polyimides_0_informed,matched,informed,Polyimides,extra_trees,Normalised SCP,253.13798251554888,0.0,0.6956521739130435,0.20434782608695656,4,0.87109375,0.028906250000000022,0.028906250000000022,1,0.06370942066693289
0.90234375,0.9,0.002343749999999978,115.22783757613394,115.227837576134,0.0,matched_Polyimides_0_informed,matched,informed,Polyimides,hist_gbr,SCP,115.22783757613394,0.0,0.6956521739130435,0.20434782608695656,4,0.90234375,-0.002343749999999978,0.002343749999999978,1,0.08964271257054138
0.861328125,0.9,-0.03867187500000002,103.60016473306236,91.6661016355265,0.0,matched_Polyimides_0_informed,matched,informed,Polyimides,hist_gbr,Mondrian-similarity,330.52925405448946,0.0,0.7391304347826086,0.16086956521739137,4,0.861328125,0.03867187500000002,0.03867187500000002,1,0.0788530742771053
0.890625,0.9,-0.009375000000000022,111.11061659507186,111.11061659507186,0.0,matched_Polyimides_0_informed,matched,informed,Polyimides,hist_gbr,Mondrian-family,147.19765139811784,0.0,0.6521739130434783,0.24782608695652175,4,0.890625,0.009375000000000022,0.009375000000000022,1,0.10223641571896716
0.919921875,0.9,0.019921874999999978,116.98820133265212,107.6592791126058,0.0,matched_Polyimides_0_informed,matched,informed,Polyimides,hist_gbr,Normalised SCP,116.98820133265212,0.0,0.782608695652174,0.11739130434782608,4,0.919921875,-0.019921874999999978,0.019921874999999978,1,0.05221352452098779
0.76953125,0.9,-0.13046875000000002,124.44431999999998,124.44431999999995,0.0,matched_Polyimides_0_naive,matched,naive,Polyimides,extra_trees,SCP,6234.919125331226,0.0,0.7355371900826446,0.1644628099173554,3,0.76953125,0.13046875000000002,0.13046875000000002,1,0.12019959603001884
0.923828125,0.9,0.023828124999999978,202.32323589843747,195.63807999999997,0.0,matched_Polyimides_0_naive,matched,naive,Polyimides,extra_trees,Mondrian-similarity,202.32323589843747,0.0,0.9256198347107438,-0.025619834710743805,3,0.923828125,-0.023828124999999978,0.023828124999999978,1,0.02904482409144841
0.76953125,0.9,-0.13046875000000002,124.44431999999998,124.44431999999995,0.0,matched_Polyimides_0_naive,matched,naive,Polyimides,extra_trees,Mondrian-family,6234.919125331226,1.0,0.7355371900826446,0.1644628099173554,3,0.76953125,0.13046875000000002,0.13046875000000002,1,0.12019959603001884
0.71484375,0.9,-0.18515625000000002,110.15545785817656,103.27881424023126,0.0,matched_Polyimides_0_naive,matched,naive,Polyimides,extra_trees,Normalised SCP,28469.25811204308,0.0,0.7107438016528925,0.1892561983471075,3,0.71484375,0.18515625000000002,0.18515625000000002,1,0.1722169777495545
0.81640625,0.9,-0.08359375000000002,124.17576357904682,124.17576357904682,0.0,matched_Polyimides_0_naive,matched,naive,Polyimides,hist_gbr,SCP,1524.6352958705581,0.0,0.7975206611570248,0.10247933884297522,3,0.81640625,0.08359375000000002,0.08359375000000002,1,0.06559305641298792
0.94921875,0.9,0.04921874999999998,211.0707705467238,199.23665472953567,0.0,matched_Polyimides_0_naive,matched,naive,Polyimides,hist_gbr,Mondrian-similarity,211.0707705467238,0.0,0.9424083769633508,-0.04240837696335076,3,0.94921875,-0.04921874999999998,0.04921874999999998,1,0.06233385195717015
0.81640625,0.9,-0.08359375000000002,124.17576357904682,124.17576357904682,0.0,matched_Polyimides_0_naive,matched,naive,Polyimides,hist_gbr,Mondrian-family,1524.6352958705581,1.0,0.7975206611570248,0.10247933884297522,3,0.81640625,0.08359375000000002,0.08359375000000002,1,0.06559305641298792
0.7890625,0.9,-0.11093750000000002,116.92280258786195,110.37583660996194,0.0,matched_Polyimides_0_naive,matched,naive,Polyimides,hist_gbr,Normalised SCP,3260.5100203625225,0.0,0.774869109947644,0.125130890052356,3,0.7890625,0.11093750000000002,0.11093750000000002,1,0.0988747711341245
0.91796875,0.9,0.017968749999999978,134.68771999999996,134.68772,0.0,matched_Polyimides_0_control,matched,control,Polyimides,extra_trees,SCP,134.68771999999996,0.0,0.8181818181818182,0.08181818181818179,4,0.91796875,-0.017968749999999978,0.017968749999999978,1,0.052000648358264234
0.8984375,0.9,-0.0015625000000000222,117.31605890625002,103.74070000000003,0.0,matched_Polyimides_0_control,matched,control,Polyimides,extra_trees,Mondrian-similarity,122.94617412580335,0.0,0.85,0.050000000000000044,4,0.8984375,0.0015625000000000222,0.0015625000000000222,1,0.02612864508559873
0.892578125,0.9,-0.007421875000000022,119.68388000000002,119.68387999999999,0.0,matched_Polyimides_0_control,matched,control,Polyimides,extra_trees,Mondrian-family,149.53196511987417,0.0,0.7727272727272727,0.12727272727272732,4,0.892578125,0.007421875000000022,0.007421875000000022,1,0.07314098704827182
0.900390625,0.9,0.0003906249999999778,116.8579960805933,111.28527725403363,0.0,matched_Polyimides_0_control,matched,control,Polyimides,extra_trees,Normalised SCP,116.8579960805933,0.0,0.8181818181818182,0.08181818181818179,4,0.900390625,-0.0003906249999999778,0.0003906249999999778,1,0.03955583599623336
0.92578125,0.9,0.025781249999999978,132.56803034603848,132.56803034603843,0.0,matched_Polyimides_0_control,matched,control,Polyimides,hist_gbr,SCP,132.56803034603848,0.0,0.8181818181818182,0.08181818181818179,4,0.92578125,-0.025781249999999978,0.025781249999999978,1,0.0579566680560058
0.8984375,0.9,-0.0015625000000000222,112.86766047077325,95.92578688299477,0.0,matched_Polyimides_0_control,matched,control,Polyimides,hist_gbr,Mondrian-similarity,118.28429259203882,0.0,0.8333333333333334,0.06666666666666665,4,0.8984375,0.0015625000000000222,0.0015625000000000222,1,0.023565250055316234
0.921875,0.9,0.021874999999999978,128.41056555250503,128.4105655525051,0.0,matched_Polyimides_0_control,matched,control,Polyimides,hist_gbr,Mondrian-family,128.41056555250503,0.0,0.8181818181818182,0.08181818181818179,4,0.921875,-0.021874999999999978,0.021874999999999978,1,0.056301038916932944
0.935546875,0.9,0.03554687499999998,133.1579707541706,127.44122310564919,0.0,matched_Polyimides_0_control,matched,control,Polyimides,hist_gbr,Normalised SCP,133.1579707541706,0.0,0.8636363636363636,0.036363636363636376,4,0.935546875,-0.03554687499999998,0.03554687499999998,1,0.028617427458487055
0.90625,0.9,0.006249999999999978,126.9856000000002,126.9856000000002,0.0,matched_Polyimides_1_informed,matched,informed,Polyimides,extra_trees,SCP,126.9856000000002,0.0,0.7,0.20000000000000007,5,0.90625,-0.006249999999999978,0.006249999999999978,1,0.06579273971256487
0.87109375,0.9,-0.028906250000000022,106.445665234375,90.19400000000005,0.0,matched_Polyimides_1_informed,matched,informed,Polyimides,extra_trees,Mondrian-similarity,253.3627279766233,0.0,0.7,0.20000000000000007,5,0.87109375,0.028906250000000022,0.028906250000000022,1,0.068877496104042
0.875,0.9,-0.025000000000000022,110.22120000000004,110.22120000000007,0.0,matched_Polyimides_1_informed,matched,informed,Polyimides,extra_trees,Mondrian-family,233.33828223106917,0.0,0.7,0.20000000000000007,5,0.875,0.025000000000000022,0.025000000000000022,1,0.10708643177042632
0.875,0.9,-0.025000000000000022,107.41668436113824,98.19482457372797,0.0,matched_Polyimides_1_informed,matched,informed,Polyimides,extra_trees,Normalised SCP,227.40112257700824,0.0,0.7,0.20000000000000007,5,0.875,0.025000000000000022,0.025000000000000022,1,0.08849800873256179
0.90234375,0.9,0.002343749999999978,119.40177258666654,119.40177258666654,0.0,matched_Polyimides_1_informed,matched,informed,Polyimides,hist_gbr,SCP,119.40177258666654,0.0,0.7,0.20000000000000007,5,0.90234375,-0.002343749999999978,0.002343749999999978,1,0.08690691351207162
0.873046875,0.9,-0.026953125000000022,105.47367563883797,94.07647918686166,0.0,matched_Polyimides_1_informed,matched,informed,Polyimides,hist_gbr,Mondrian-similarity,236.76193716576427,0.0,0.7,0.20000000000000007,5,0.873046875,0.026953125000000022,0.026953125000000022,1,0.056617419261242155
0.88671875,0.9,-0.013281250000000022,115.09891856249814,115.09891856249817,0.0,matched_Polyimides_1_informed,matched,informed,Polyimides,hist_gbr,Mondrian-family,171.43932605081986,0.0,0.7,0.20000000000000007,5,0.88671875,0.013281250000000022,0.013281250000000022,1,0.10131826116256329
0.884765625,0.9,-0.015234375000000022,112.41028532618283,103.75738203653464,0.0,matched_Polyimides_1_informed,matched,informed,Polyimides,hist_gbr,Normalised SCP,177.53835848937678,0.0,0.7,0.20000000000000007,5,0.884765625,0.015234375000000022,0.015234375000000022,1,0.08612524159619625
0.7421875,0.9,-0.15781250000000002,124.44431999999998,124.44431999999995,0.0,matched_Polyimides_1_naive,matched,naive,Polyimides,extra_trees,SCP,14160.807422037968,0.0,0.688034188034188,0.211965811965812,3,0.7421875,0.15781250000000002,0.15781250000000002,1,0.138363603988604
0.916015625,0.9,0.016015624999999978,202.23239765625001,195.63807999999997,0.0,matched_Polyimides_1_naive,matched,naive,Polyimides,extra_trees,Mondrian-similarity,202.23239765625001,0.0,0.8974358974358975,0.002564102564102555,3,0.916015625,-0.016015624999999978,0.016015624999999978,1,0.03042787158640814
0.7421875,0.9,-0.15781250000000002,124.44431999999998,124.44431999999995,0.0,matched_Polyimides_1_naive,matched,naive,Polyimides,extra_trees,Mondrian-family,14160.807422037968,1.0,0.688034188034188,0.211965811965812,3,0.7421875,0.15781250000000002,0.15781250000000002,1,0.138363603988604
0.6953125,0.9,-0.20468750000000002,110.56880098177075,104.72758077424106,0.0,matched_Polyimides_1_naive,matched,naive,Polyimides,extra_trees,Normalised SCP,51341.92559908779,0.0,0.6623931623931624,0.23760683760683765,3,0.6953125,0.20468750000000002,0.20468750000000002,1,0.185299840177889
0.810546875,0.9,-0.08945312500000002,124.17576357904682,124.17576357904682,0.0,matched_Polyimides_1_naive,matched,naive,Polyimides,hist_gbr,SCP,1817.635501100791,0.0,0.7735042735042735,0.1264957264957265,3,0.810546875,0.08945312500000002,0.08945312500000002,1,0.0623634128969495
0.939453125,0.9,0.03945312499999998,210.7707470853303,199.23665472953567,0.0,matched_Polyimides_1_naive,matched,naive,Polyimides,hist_gbr,Mondrian-similarity,210.7707470853303,0.0,0.921875,-0.021874999999999978,3,0.939453125,-0.03945312499999998,0.03945312499999998,1,0.04446073066499893
0.810546875,0.9,-0.08945312500000002,124.17576357904682,124.17576357904682,0.0,matched_Polyimides_1_naive,matched,naive,Polyimides,hist_gbr,Mondrian-family,1817.635501100791,1.0,0.7735042735042735,0.1264957264957265,3,0.810546875,0.08945312500000002,0.08945312500000002,1,0.0623634128969495
0.7734375,0.9,-0.12656250000000002,117.76720059471877,110.30916086435333,0.0,matched_Polyimides_1_naive,matched,naive,Polyimides,hist_gbr,Normalised SCP,5247.907997288693,0.0,0.7658536585365854,0.13414634146341464,3,0.7734375,0.12656250000000002,0.12656250000000002,1,0.10799001980404421
0.896484375,0.9,-0.003515625000000022,127.21000000000002,127.21000000000001,0.0,matched_Polyimides_1_control,matched,control,Polyimides,extra_trees,SCP,141.35974359534075,0.0,0.76,0.14,4,0.896484375,0.003515625000000022,0.003515625000000022,1,0.06963978737482346
0.85546875,0.9,-0.04453125000000002,107.19057882812473,87.56799999999998,0.0,matched_Polyimides_1_control,matched,control,Polyimides,extra_trees,Mondrian-similarity,407.7058101265875,0.0,0.8035714285714286,0.09642857142857142,4,0.85546875,0.04453125000000002,0.04453125000000002,1,0.055197817124534004
0.869140625,0.9,-0.030859375000000022,115.15319999999974,115.15319999999974,0.0,matched_Polyimides_1_control,matched,control,Polyimides,extra_trees,Mondrian-family,290.628164742794,0.0,0.75,0.15000000000000002,4,0.869140625,0.030859375000000022,0.030859375000000022,1,0.08735258751224728
0.890625,0.9,-0.009375000000000022,116.04761285633691,110.12575066753377,0.0,matched_Polyimides_1_control,matched,control,Polyimides,extra_trees,Normalised SCP,153.7381087989432,0.0,0.68,0.21999999999999997,4,0.890625,0.009375000000000022,0.009375000000000022,1,0.10257392892135031
0.908203125,0.9,0.008203124999999978,124.47494677755682,124.4749467775568,0.0,matched_Polyimides_1_control,matched,control,Polyimides,hist_gbr,SCP,124.47494677755682,0.0,0.76,0.14,4,0.908203125,-0.008203124999999978,0.008203124999999978,1,0.07849972642481773
0.87109375,0.9,-0.028906250000000022,106.31049712666012,89.83697065792555,0.0,matched_Polyimides_1_control,matched,control,Polyimides,hist_gbr,Mondrian-similarity,253.0409998871734,0.0,0.76,0.14,4,0.87109375,0.028906250000000022,0.028906250000000022,1,0.06265365275886786
0.89453125,0.9,-0.005468750000000022,118.37186426071177,118.37186426071173,0.0,matched_Polyimides_1_control,matched,control,Polyimides,hist_gbr,Mondrian-family,139.4761419626473,0.0,0.75,0.15000000000000002,4,0.89453125,0.005468750000000022,0.005468750000000022,1,0.08235718951337548
0.908203125,0.9,0.008203124999999978,121.60453640360335,113.13385628518282,0.0,matched_Polyimides_1_control,matched,control,Polyimides,hist_gbr,Normalised SCP,121.60453640360335,0.0,0.8035714285714286,0.09642857142857142,4,0.908203125,-0.008203124999999978,0.008203124999999978,1,0.05079919475583944
0.916015625,0.9,0.016015624999999978,133.08804000000003,133.08803999999998,0.0,matched_Polyimides_2_informed,matched,informed,Polyimides,extra_trees,SCP,133.08804000000003,0.0,0.6875,0.21250000000000002,5,0.916015625,-0.016015624999999978,0.016015624999999978,1,0.09933116727555846
0.90234375,0.9,0.002343749999999978,121.11645210937505,98.35676000000007,0.0,matched_Polyimides_2_informed,matched,informed,Polyimides,extra_trees,Mondrian-similarity,121.11645210937505,0.0,0.8333333333333334,0.06666666666666665,5,0.90234375,-0.002343749999999978,0.002343749999999978,1,0.03983415184364458
0.890625,0.9,-0.009375000000000022,113.26303999999992,113.26303999999993,0.0,matched_Polyimides_2_informed,matched,informed,Polyimides,extra_trees,Mondrian-family,150.04914911929782,0.0,0.625,0.275,5,0.890625,0.009375000000000022,0.009375000000000022,1,0.11264738176518736
0.939453125,0.9,0.03945312499999998,138.11681875698298,126.85267445070536,0.0,matched_Polyimides_2_informed,matched,informed,Polyimides,extra_trees,Normalised SCP,138.11681875698298,0.0,0.6875,0.21250000000000002,5,0.939453125,-0.03945312499999998,0.03945312499999998,1,0.08967164760136552
0.91015625,0.9,0.010156249999999978,124.77694721344969,124.77694721344972,0.0,matched_Polyimides_2_informed,matched,informed,Polyimides,hist_gbr,SCP,124.77694721344969,0.0,0.75,0.15000000000000002,5,0.91015625,-0.010156249999999978,0.010156249999999978,1,0.09265087540675969
0.890625,0.9,-0.009375000000000022,113.93359318495351,95.77683275350286,0.0,matched_Polyimides_2_informed,matched,informed,Polyimides,hist_gbr,Mondrian-similarity,150.93748775864145,0.0,0.7966101694915254,0.10338983050847461,5,0.890625,0.009375000000000022,0.009375000000000022,1,0.0675036433690683
0.892578125,0.9,-0.007421875000000022,110.01336534223901,110.01336534223901,0.0,matched_Polyimides_2_informed,matched,informed,Polyimides,hist_gbr,Mondrian-family,137.4497109307925,0.0,0.6875,0.21250000000000002,5,0.892578125,0.007421875000000022,0.007421875000000022,1,0.12046061168673017
0.923828125,0.9,0.023828124999999978,135.11514304537175,123.43119400021236,0.0,matched_Polyimides_2_informed,matched,informed,Polyimides,hist_gbr,Normalised SCP,135.11514304537175,0.0,0.75,0.15000000000000002,5,0.923828125,-0.023828124999999978,0.023828124999999978,1,0.07434479247769059
0.775390625,0.9,-0.12460937500000002,124.44431999999998,124.44431999999995,0.0,matched_Polyimides_2_naive,matched,naive,Polyimides,extra_trees,SCP,5229.859209737812,0.0,0.7298387096774194,0.17016129032258065,3,0.775390625,0.12460937500000002,0.12460937500000002,1,0.09490949883846755
0.908203125,0.9,0.008203124999999978,202.97540015625,195.63807999999997,0.0,matched_Polyimides_2_naive,matched,naive,Polyimides,extra_trees,Mondrian-similarity,202.97540015625,0.0,0.8790322580645161,0.020967741935483897,3,0.908203125,-0.008203124999999978,0.008203124999999978,1,0.03770705167495251
0.775390625,0.9,-0.12460937500000002,124.44431999999998,124.44431999999995,0.0,matched_Polyimides_2_naive,matched,naive,Polyimides,extra_trees,Mondrian-family,5229.859209737812,1.0,0.7298387096774194,0.17016129032258065,3,0.775390625,0.12460937500000002,0.12460937500000002,1,0.09490949883846755
0.71875,0.9,-0.18125000000000002,110.88254725114959,105.03589315711932,0.0,matched_Polyimides_2_naive,matched,naive,Polyimides,extra_trees,Normalised SCP,25488.216039042956,0.0,0.7016129032258065,0.19838709677419353,3,0.71875,0.18125000000000002,0.18125000000000002,1,0.156218171361982
0.8203125,0.9,-0.07968750000000002,124.17576357904682,124.17576357904682,0.0,matched_Polyimides_2_naive,matched,naive,Polyimides,hist_gbr,SCP,1356.038703085829,0.0,0.7943548387096774,0.10564516129032264,3,0.8203125,0.07968750000000002,0.07968750000000002,1,0.05979868031751079
0.9453125,0.9,0.04531249999999998,211.79829136151926,199.23665472953567,0.0,matched_Polyimides_2_naive,matched,naive,Polyimides,hist_gbr,Mondrian-similarity,211.79829136151926,0.0,0.9310344827586207,-0.03103448275862064,3,0.9453125,-0.04531249999999998,0.04531249999999998,1,0.04628952804703638
0.8203125,0.9,-0.07968750000000002,124.17576357904682,124.17576357904682,0.0,matched_Polyimides_2_naive,matched,naive,Polyimides,hist_gbr,Mondrian-family,1356.038703085829,1.0,0.7943548387096774,0.10564516129032264,3,0.8203125,0.07968750000000002,0.07968750000000002,1,0.05979868031751079
0.806640625,0.9,-0.09335937500000002,117.65046860743523,112.54017434351408,0.0,matched_Polyimides_2_naive,matched,naive,Polyimides,hist_gbr,Normalised SCP,1936.2324895984004,0.0,0.7704081632653061,0.12959183673469388,3,0.806640625,0.09335937500000002,0.09335937500000002,1,0.08336227705765287
0.904296875,0.9,0.004296874999999978,127.13540000000003,127.1354,0.0,matched_Polyimides_2_control,matched,control,Polyimides,extra_trees,SCP,127.13540000000003,0.0,0.7,0.20000000000000007,5,0.904296875,-0.004296874999999978,0.004296874999999978,1,0.11766497343075197
0.880859375,0.9,-0.019140625000000022,114.76907546874997,88.62460000000002,0.0,matched_Polyimides_2_control,matched,control,Polyimides,extra_trees,Mondrian-similarity,203.80034632951723,0.0,0.7878787878787878,0.11212121212121218,5,0.880859375,0.019140625000000022,0.019140625000000022,1,0.046633628134664803
0.89453125,0.9,-0.005468750000000022,117.13559999999981,117.13559999999978,0.0,matched_Polyimides_2_control,matched,control,Polyimides,extra_trees,Mondrian-family,138.01946667407842,0.0,0.7,0.20000000000000007,5,0.89453125,0.005468750000000022,0.005468750000000022,1,0.11386613206504262
0.919921875,0.9,0.019921874999999978,131.3385430673197,125.77264107695956,0.0,matched_Polyimides_2_control,matched,control,Polyimides,extra_trees,Normalised SCP,131.3385430673197,0.0,0.75,0.15000000000000002,5,0.919921875,-0.019921874999999978,0.019921874999999978,1,0.08613027162741922
0.91796875,0.9,0.017968749999999978,126.58322004145407,126.58322004145407,0.0,matched_Polyimides_2_control,matched,control,Polyimides,hist_gbr,SCP,126.58322004145407,0.0,0.7575757575757576,0.14242424242424245,5,0.91796875,-0.017968749999999978,0.017968749999999978,1,0.08713797751491079
0.916015625,0.9,0.016015624999999978,121.4954054746224,101.84366073139569,0.0,matched_Polyimides_2_control,matched,control,Polyimides,hist_gbr,Mondrian-similarity,121.4954054746224,0.0,0.8181818181818182,0.08181818181818179,5,0.916015625,-0.016015624999999978,0.016015624999999978,1,0.05303157854598237
0.888671875,0.9,-0.011328125000000022,110.2918171180977,110.2918171180977,0.0,matched_Polyimides_2_control,matched,control,Polyimides,hist_gbr,Mondrian-family,154.93001301308468,0.0,0.65,0.25,5,0.888671875,0.011328125000000022,0.011328125000000022,1,0.1327252139513095
0.919921875,0.9,0.019921874999999978,130.9101894322457,125.58666167246972,0.0,matched_Polyimides_2_control,matched,control,Polyimides,hist_gbr,Normalised SCP,130.9101894322457,0.0,0.75,0.15000000000000002,5,0.919921875,-0.019921874999999978,0.019921874999999978,1,0.10504108492866174
1.0,0.9,0.09999999999999998,122.14200000000005,122.14200000000005,0.0,matched_Polyimines_0_informed,matched,informed,Polyimines,extra_trees,SCP,122.14200000000005,0.0,,,0,1.0,-0.09999999999999998,0.09999999999999998,1,
0.9375,0.9,0.03749999999999998,138.32435625000005,103.74998000000005,0.0,matched_Polyimines_0_informed,matched,informed,Polyimines,extra_trees,Mondrian-similarity,138.32435625000005,0.0,,,0,0.9375,-0.03749999999999998,0.03749999999999998,1,
1.0,0.9,0.09999999999999998,122.14200000000005,122.14200000000005,0.0,matched_Polyimines_0_informed,matched,informed,Polyimines,extra_trees,Mondrian-family,122.14200000000005,1.0,,,0,1.0,-0.09999999999999998,0.09999999999999998,1,
1.0,0.9,0.09999999999999998,128.37057947244395,122.00957787022884,0.0,matched_Polyimines_0_informed,matched,informed,Polyimines,extra_trees,Normalised SCP,128.37057947244395,0.0,,,0,1.0,-0.09999999999999998,0.09999999999999998,1,
1.0,0.9,0.09999999999999998,122.99053143676906,122.99053143676906,0.0,matched_Polyimines_0_informed,matched,informed,Polyimines,hist_gbr,SCP,122.99053143676906,0.0,,,0,1.0,-0.09999999999999998,0.09999999999999998,1,
1.0,0.9,0.09999999999999998,132.54692128462034,107.35229498223725,0.0,matched_Polyimines_0_informed,matched,informed,Polyimines,hist_gbr,Mondrian-similarity,132.54692128462034,0.0,,,0,1.0,-0.09999999999999998,0.09999999999999998,1,
1.0,0.9,0.09999999999999998,122.99053143676906,122.99053143676906,0.0,matched_Polyimines_0_informed,matched,informed,Polyimines,hist_gbr,Mondrian-family,122.99053143676906,1.0,,,0,1.0,-0.09999999999999998,0.09999999999999998,1,
1.0,0.9,0.09999999999999998,121.11197966653435,116.248091716776,0.0,matched_Polyimines_0_informed,matched,informed,Polyimines,hist_gbr,Normalised SCP,121.11197966653435,0.0,,,0,1.0,-0.09999999999999998,0.09999999999999998,1,
0.9375,0.9,0.03749999999999998,121.06680000000006,121.06680000000006,0.0,matched_Polyimines_0_naive,matched,naive,Polyimines,extra_trees,SCP,121.06680000000006,0.0,,,0,0.9375,-0.03749999999999998,0.03749999999999998,1,
1.0,0.9,0.09999999999999998,175.68243250000003,163.12900000000008,0.0,matched_Polyimines_0_naive,matched,naive,Polyimines,extra_trees,Mondrian-similarity,175.68243250000003,0.0,,,0,1.0,-0.09999999999999998,0.09999999999999998,1,
0.9375,0.9,0.03749999999999998,121.06680000000006,121.06680000000006,0.0,matched_Polyimines_0_naive,matched,naive,Polyimines,extra_trees,Mondrian-family,121.06680000000006,1.0,,,0,0.9375,-0.03749999999999998,0.03749999999999998,1,
0.9375,0.9,0.03749999999999998,124.1817358807022,114.75438370063108,0.0,matched_Polyimines_0_naive,matched,naive,Polyimines,extra_trees,Normalised SCP,124.1817358807022,0.0,,,0,0.9375,-0.03749999999999998,0.03749999999999998,1,
0.8125,0.9,-0.08750000000000002,117.18455875160555,117.18455875160555,0.0,matched_Polyimines_0_naive,matched,naive,Polyimines,hist_gbr,SCP,1617.6829347480782,0.0,,,0,0.8125,0.08750000000000002,0.08750000000000002,1,
1.0,0.9,0.09999999999999998,168.56580250059955,142.48950914846108,0.0,matched_Polyimines_0_naive,matched,naive,Polyimines,hist_gbr,Mondrian-similarity,168.56580250059955,0.0,,,0,1.0,-0.09999999999999998,0.09999999999999998,1,
0.8125,0.9,-0.08750000000000002,117.18455875160555,117.18455875160555,0.0,matched_Polyimines_0_naive,matched,naive,Polyimines,hist_gbr,Mondrian-family,1617.6829347480782,1.0,,,0,0.8125,0.08750000000000002,0.08750000000000002,1,
0.8125,0.9,-0.08750000000000002,116.92560211616558,109.131915993626,0.0,matched_Polyimines_0_naive,matched,naive,Polyimines,hist_gbr,Normalised SCP,1614.1081486631729,0.0,,,0,0.8125,0.08750000000000002,0.08750000000000002,1,
0.9375,0.9,0.03749999999999998,125.56080000000009,125.56080000000009,0.0,matched_Polyimines_0_control,matched,control,Polyimines,extra_trees,SCP,125.56080000000009,0.0,,,0,0.9375,-0.03749999999999998,0.03749999999999998,1,
1.0,0.9,0.09999999999999998,137.896305,102.21780000000001,0.0,matched_Polyimines_0_control,matched,control,Polyimines,extra_trees,Mondrian-similarity,137.896305,0.0,,,0,1.0,-0.09999999999999998,0.09999999999999998,1,
0.9375,0.9,0.03749999999999998,125.56080000000009,125.56080000000009,0.0,matched_Polyimines_0_control,matched,control,Polyimines,extra_trees,Mondrian-family,125.56080000000009,1.0,,,0,0.9375,-0.03749999999999998,0.03749999999999998,1,
1.0,0.9,0.09999999999999998,122.50481085580034,104.88976087285886,0.0,matched_Polyimines_0_control,matched,control,Polyimines,extra_trees,Normalised SCP,122.50481085580034,0.0,,,0,1.0,-0.09999999999999998,0.09999999999999998,1,
0.9375,0.9,0.03749999999999998,120.93998531814702,120.93998531814702,0.0,matched_Polyimines_0_control,matched,control,Polyimines,hist_gbr,SCP,120.93998531814702,0.0,,,0,0.9375,-0.03749999999999998,0.03749999999999998,1,
0.9375,0.9,0.03749999999999998,148.97802474758868,109.26638746837534,0.0,matched_Polyimines_0_control,matched,control,Polyimines,hist_gbr,Mondrian-similarity,148.97802474758868,0.0,,,0,0.9375,-0.03749999999999998,0.03749999999999998,1,
0.9375,0.9,0.03749999999999998,120.93998531814702,120.93998531814702,0.0,matched_Polyimines_0_control,matched,control,Polyimines,hist_gbr,Mondrian-family,120.93998531814702,1.0,,,0,0.9375,-0.03749999999999998,0.03749999999999998,1,
0.9375,0.9,0.03749999999999998,139.85291653651865,138.0188423754349,0.0,matched_Polyimines_0_control,matched,control,Polyimines,hist_gbr,Normalised SCP,139.85291653651865,0.0,,,0,0.9375,-0.03749999999999998,0.03749999999999998,1,
1.0,0.9,0.09999999999999998,132.00863999999999,132.00863999999999,0.0,matched_Polyimines_1_informed,matched,informed,Polyimines,extra_trees,SCP,132.00863999999999,0.0,,,0,1.0,-0.09999999999999998,0.09999999999999998,1,
1.0,0.9,0.09999999999999998,130.56445999999994,114.32855999999987,0.0,matched_Polyimines_1_informed,matched,informed,Polyimines,extra_trees,Mondrian-similarity,130.56445999999994,0.0,,,0,1.0,-0.09999999999999998,0.09999999999999998,1,
1.0,0.9,0.09999999999999998,132.00863999999999,132.00863999999999,0.0,matched_Polyimines_1_informed,matched,informed,Polyimines,extra_trees,Mondrian-family,132.00863999999999,1.0,,,0,1.0,-0.09999999999999998,0.09999999999999998,1,
0.9375,0.9,0.03749999999999998,124.07276111401677,124.14008545642119,0.0,matched_Polyimines_1_informed,matched,informed,Polyimines,extra_trees,Normalised SCP,124.07276111401677,0.0,,,0,0.9375,-0.03749999999999998,0.03749999999999998,1,
1.0,0.9,0.09999999999999998,123.76236969438969,123.76236969438969,0.0,matched_Polyimines_1_informed,matched,informed,Polyimines,hist_gbr,SCP,123.76236969438969,0.0,,,0,1.0,-0.09999999999999998,0.09999999999999998,1,
1.0,0.9,0.09999999999999998,124.8679417408981,106.40948854489505,0.0,matched_Polyimines_1_informed,matched,informed,Polyimines,hist_gbr,Mondrian-similarity,124.8679417408981,0.0,,,0,1.0,-0.09999999999999998,0.09999999999999998,1,
1.0,0.9,0.09999999999999998,123.76236969438969,123.76236969438969,0.0,matched_Polyimines_1_informed,matched,informed,Polyimines,hist_gbr,Mondrian-family,123.76236969438969,1.0,,,0,1.0,-0.09999999999999998,0.09999999999999998,1,
0.9375,0.9,0.03749999999999998,104.12688142533769,104.09278036520482,0.0,matched_Polyimines_1_informed,matched,informed,Polyimines,hist_gbr,Normalised SCP,104.12688142533769,0.0,,,0,0.9375,-0.03749999999999998,0.03749999999999998,1,
0.9375,0.9,0.03749999999999998,121.06680000000006,121.06680000000006,0.0,matched_Polyimines_1_naive,matched,naive,Polyimines,extra_trees,SCP,121.06680000000006,0.0,,,0,0.9375,-0.03749999999999998,0.03749999999999998,1,
1.0,0.9,0.09999999999999998,186.22721250000006,163.12900000000008,0.0,matched_Polyimines_1_naive,matched,naive,Polyimines,extra_trees,Mondrian-similarity,186.22721250000006,0.0,,,0,1.0,-0.09999999999999998,0.09999999999999998,1,
0.9375,0.9,0.03749999999999998,121.06680000000006,121.06680000000006,0.0,matched_Polyimines_1_naive,matched,naive,Polyimines,extra_trees,Mondrian-family,121.06680000000006,1.0,,,0,0.9375,-0.03749999999999998,0.03749999999999998,1,
0.875,0.9,-0.025000000000000022,112.86347308411752,106.36803040136678,0.0,matched_Polyimines_1_naive,matched,naive,Polyimines,extra_trees,Normalised SCP,238.9319743940411,0.0,,,0,0.875,0.025000000000000022,0.025000000000000022,1,
0.8125,0.9,-0.08750000000000002,117.18455875160555,117.18455875160555,0.0,matched_Polyimines_1_naive,matched,naive,Polyimines,hist_gbr,SCP,1617.6829347480782,0.0,,,0,0.8125,0.08750000000000002,0.08750000000000002,1,
1.0,0.9,0.09999999999999998,180.67918679347156,142.48950914846108,0.0,matched_Polyimines_1_naive,matched,naive,Polyimines,hist_gbr,Mondrian-similarity,180.67918679347156,0.0,,,0,1.0,-0.09999999999999998,0.09999999999999998,1,
0.8125,0.9,-0.08750000000000002,117.18455875160555,117.18455875160555,0.0,matched_Polyimines_1_naive,matched,naive,Polyimines,hist_gbr,Mondrian-family,1617.6829347480782,1.0,,,0,0.8125,0.08750000000000002,0.08750000000000002,1,
0.75,0.9,-0.15000000000000002,104.04678809460123,96.84327312692713,0.0,matched_Polyimines_1_naive,matched,naive,Polyimines,hist_gbr,Normalised SCP,9365.993385309297,0.0,,,0,0.75,0.15000000000000002,0.15000000000000002,1,
0.9375,0.9,0.03749999999999998,126.96680000000003,126.96680000000003,0.0,matched_Polyimines_1_control,matched,control,Polyimines,extra_trees,SCP,126.96680000000003,0.0,,,0,0.9375,-0.03749999999999998,0.03749999999999998,1,
1.0,0.9,0.09999999999999998,167.69402375000007,123.5202000000001,0.0,matched_Polyimines_1_control,matched,control,Polyimines,extra_trees,Mondrian-similarity,167.69402375000007,0.0,,,0,1.0,-0.09999999999999998,0.09999999999999998,1,
0.9375,0.9,0.03749999999999998,126.96680000000003,126.96680000000003,0.0,matched_Polyimines_1_control,matched,control,Polyimines,extra_trees,Mondrian-family,126.96680000000003,1.0,,,0,0.9375,-0.03749999999999998,0.03749999999999998,1,
0.875,0.9,-0.025000000000000022,114.41507402827314,108.59066815788466,0.0,matched_Polyimines_1_control,matched,control,Polyimines,extra_trees,Normalised SCP,242.2167136185948,0.0,,,0,0.875,0.025000000000000022,0.025000000000000022,1,
0.9375,0.9,0.03749999999999998,122.37223103114545,122.37223103114545,0.0,matched_Polyimines_1_control,matched,control,Polyimines,hist_gbr,SCP,122.37223103114545,0.0,,,0,0.9375,-0.03749999999999998,0.03749999999999998,1,
1.0,0.9,0.09999999999999998,173.3844082318248,117.90338963184752,0.0,matched_Polyimines_1_control,matched,control,Polyimines,hist_gbr,Mondrian-similarity,173.3844082318248,0.0,,,0,1.0,-0.09999999999999998,0.09999999999999998,1,
0.9375,0.9,0.03749999999999998,122.37223103114545,122.37223103114545,0.0,matched_Polyimines_1_control,matched,control,Polyimines,hist_gbr,Mondrian-family,122.37223103114545,1.0,,,0,0.9375,-0.03749999999999998,0.03749999999999998,1,
0.9375,0.9,0.03749999999999998,126.85513367070385,117.61665281836703,0.0,matched_Polyimines_1_control,matched,control,Polyimines,hist_gbr,Normalised SCP,126.85513367070385,0.0,,,0,0.9375,-0.03749999999999998,0.03749999999999998,1,
0.8125,0.9,-0.08750000000000002,124.9440000000001,124.94400000000012,0.0,matched_Polyimines_2_informed,matched,informed,Polyimines,extra_trees,SCP,1724.7987171039701,0.0,,,0,0.8125,0.08750000000000002,0.08750000000000002,1,
0.9375,0.9,0.03749999999999998,127.43644375,117.24142,0.0,matched_Polyimines_2_informed,matched,informed,Polyimines,extra_trees,Mondrian-similarity,127.43644375,0.0,,,0,0.9375,-0.03749999999999998,0.03749999999999998,1,
0.8125,0.9,-0.08750000000000002,124.9440000000001,124.94400000000012,0.0,matched_Polyimines_2_informed,matched,informed,Polyimines,extra_trees,Mondrian-family,1724.7987171039701,1.0,,,0,0.8125,0.08750000000000002,0.08750000000000002,1,
0.8125,0.9,-0.08750000000000002,135.27877031563534,131.77405129193264,0.0,matched_Polyimines_2_informed,matched,informed,Polyimines,extra_trees,Normalised SCP,1867.4658206221209,0.0,,,0,0.8125,0.08750000000000002,0.08750000000000002,1,
0.75,0.9,-0.15000000000000002,119.91820896658018,119.9182089665802,0.0,matched_Polyimines_2_informed,matched,informed,Polyimines,hist_gbr,SCP,10794.69316186807,0.0,,,0,0.75,0.15000000000000002,0.15000000000000002,1,
0.9375,0.9,0.03749999999999998,125.73983486059686,115.55971633385116,0.0,matched_Polyimines_2_informed,matched,informed,Polyimines,hist_gbr,Mondrian-similarity,125.73983486059686,0.0,,,0,0.9375,-0.03749999999999998,0.03749999999999998,1,
0.75,0.9,-0.15000000000000002,119.91820896658018,119.9182089665802,0.0,matched_Polyimines_2_informed,matched,informed,Polyimines,hist_gbr,Mondrian-family,10794.69316186807,1.0,,,0,0.75,0.15000000000000002,0.15000000000000002,1,
0.875,0.9,-0.025000000000000022,136.47403510321078,137.78189847986988,0.0,matched_Polyimines_2_informed,matched,informed,Polyimines,hist_gbr,Normalised SCP,288.91553458069615,0.0,,,0,0.875,0.025000000000000022,0.025000000000000022,1,
0.8125,0.9,-0.08750000000000002,121.06680000000006,121.06680000000006,0.0,matched_Polyimines_2_naive,matched,naive,Polyimines,extra_trees,SCP,1671.27562206975,0.0,,,0,0.8125,0.08750000000000002,0.08750000000000002,1,
0.9375,0.9,0.03749999999999998,184.69925500000005,163.12900000000008,0.0,matched_Polyimines_2_naive,matched,naive,Polyimines,extra_trees,Mondrian-similarity,184.69925500000005,0.0,,,0,0.9375,-0.03749999999999998,0.03749999999999998,1,
0.8125,0.9,-0.08750000000000002,121.06680000000006,121.06680000000006,0.0,matched_Polyimines_2_naive,matched,naive,Polyimines,extra_trees,Mondrian-family,1671.27562206975,1.0,,,0,0.8125,0.08750000000000002,0.08750000000000002,1,
0.8125,0.9,-0.08750000000000002,120.55540832952144,120.47974885258637,0.0,matched_Polyimines_2_naive,matched,naive,Polyimines,extra_trees,Normalised SCP,1664.2160778164912,0.0,,,0,0.8125,0.08750000000000002,0.08750000000000002,1,
0.625,0.9,-0.275,117.18455875160555,117.18455875160555,0.0,matched_Polyimines_2_naive,matched,naive,Polyimines,hist_gbr,SCP,448538.64295168716,0.0,,,0,0.625,0.275,0.275,1,
0.9375,0.9,0.03749999999999998,175.05980975950524,142.48950914846108,0.0,matched_Polyimines_2_naive,matched,naive,Polyimines,hist_gbr,Mondrian-similarity,175.05980975950524,0.0,,,0,0.9375,-0.03749999999999998,0.03749999999999998,1,
0.625,0.9,-0.275,117.18455875160555,117.18455875160555,0.0,matched_Polyimines_2_naive,matched,naive,Polyimines,hist_gbr,Mondrian-family,448538.64295168716,1.0,,,0,0.625,0.275,0.275,1,
0.6875,0.9,-0.21250000000000002,110.8217777802875,110.5222058720957,0.0,matched_Polyimines_2_naive,matched,naive,Polyimines,hist_gbr,Normalised SCP,65050.76898808842,0.0,,,0,0.6875,0.21250000000000002,0.21250000000000002,1,
0.875,0.9,-0.025000000000000022,121.66558000000003,121.66558000000003,0.0,matched_Polyimines_2_control,matched,control,Polyimines,extra_trees,SCP,257.56603488119094,0.0,,,0,0.875,0.025000000000000022,0.025000000000000022,1,
1.0,0.9,0.09999999999999998,140.96531500000003,117.78064000000005,0.0,matched_Polyimines_2_control,matched,control,Polyimines,extra_trees,Mondrian-similarity,140.96531500000003,0.0,,,0,1.0,-0.09999999999999998,0.09999999999999998,1,
0.875,0.9,-0.025000000000000022,121.66558000000003,121.66558000000003,0.0,matched_Polyimines_2_control,matched,control,Polyimines,extra_trees,Mondrian-family,257.56603488119094,1.0,,,0,0.875,0.025000000000000022,0.025000000000000022,1,
0.875,0.9,-0.025000000000000022,131.57409398654312,128.81528626773718,0.0,matched_Polyimines_2_control,matched,control,Polyimines,extra_trees,Normalised SCP,278.5423591553096,0.0,,,0,0.875,0.025000000000000022,0.025000000000000022,1,
0.8125,0.9,-0.08750000000000002,126.54286337635534,126.54286337635534,0.0,matched_Polyimines_2_control,matched,control,Polyimines,hist_gbr,SCP,1746.8703451962517,0.0,,,0,0.8125,0.08750000000000002,0.08750000000000002,1,
0.9375,0.9,0.03749999999999998,144.64617419964475,121.4036868731821,0.0,matched_Polyimines_2_control,matched,control,Polyimines,hist_gbr,Mondrian-similarity,144.64617419964475,0.0,,,0,0.9375,-0.03749999999999998,0.03749999999999998,1,
0.8125,0.9,-0.08750000000000002,126.54286337635534,126.54286337635534,0.0,matched_Polyimines_2_control,matched,control,Polyimines,hist_gbr,Mondrian-family,1746.8703451962517,1.0,,,0,0.8125,0.08750000000000002,0.08750000000000002,1,
0.8125,0.9,-0.08750000000000002,135.78008658610918,132.29867320554854,0.0,matched_Polyimines_2_control,matched,control,Polyimines,hist_gbr,Normalised SCP,1874.3862782685594,0.0,,,0,0.8125,0.08750000000000002,0.08750000000000002,1,
0.7631578947368421,0.9,-0.13684210526315788,118.81599999999995,118.81599999999997,0.0,matched_Polyolefins_0_informed,matched,informed,Polyolefins,extra_trees,SCP,7207.224724718047,0.0,0.7,0.20000000000000007,1,0.7631578947368421,0.13684210526315788,0.13684210526315788,1,0.20000000000000007
0.8157894736842105,0.9,-0.08421052631578951,151.87229052631568,147.3401199999999,0.0,matched_Polyolefins_0_informed,matched,informed,Polyolefins,extra_trees,Mondrian-similarity,1899.5185973846224,0.0,0.7,0.20000000000000007,1,0.8157894736842105,0.08421052631578951,0.08421052631578951,1,0.20000000000000007
0.7631578947368421,0.9,-0.13684210526315788,118.81599999999995,118.81599999999997,0.0,matched_Polyolefins_0_informed,matched,informed,Polyolefins,extra_trees,Mondrian-family,7207.224724718047,1.0,0.7,0.20000000000000007,1,0.7631578947368421,0.13684210526315788,0.13684210526315788,1,0.20000000000000007
0.868421052631579,0.9,-0.03157894736842104,143.20556241680902,141.12461753817783,0.0,matched_Polyolefins_0_informed,matched,informed,Polyolefins,extra_trees,Normalised SCP,369.314844924548,0.0,0.8,0.09999999999999998,1,0.868421052631579,0.03157894736842104,0.03157894736842104,1,0.09999999999999998
0.7368421052631579,0.9,-0.16315789473684217,121.30843493910092,121.30843493910089,0.0,matched_Polyolefins_0_informed,matched,informed,Polyolefins,hist_gbr,SCP,16204.968852312464,0.0,0.7,0.20000000000000007,1,0.7368421052631579,0.16315789473684217,0.16315789473684217,1,0.20000000000000007
0.8157894736842105,0.9,-0.08421052631578951,144.68696190724174,142.1025654412714,0.0,matched_Polyolefins_0_informed,matched,informed,Polyolefins,hist_gbr,Mondrian-similarity,1809.649238774495,0.0,0.8,0.09999999999999998,1,0.8157894736842105,0.08421052631578951,0.08421052631578951,1,0.09999999999999998
0.7368421052631579,0.9,-0.16315789473684217,121.30843493910092,121.30843493910089,0.0,matched_Polyolefins_0_informed,matched,informed,Polyolefins,hist_gbr,Mondrian-family,16204.968852312464,1.0,0.7,0.20000000000000007,1,0.7368421052631579,0.16315789473684217,0.16315789473684217,1,0.20000000000000007
0.7631578947368421,0.9,-0.13684210526315788,126.62786667045147,135.48707741510762,0.0,matched_Polyolefins_0_informed,matched,informed,Polyolefins,hist_gbr,Normalised SCP,7681.082442647275,0.0,0.8,0.09999999999999998,1,0.7631578947368421,0.13684210526315788,0.13684210526315788,1,0.09999999999999998
0.7894736842105263,0.9,-0.1105263157894737,121.75316000000002,121.75315999999998,0.0,matched_Polyolefins_0_naive,matched,naive,Polyolefins,extra_trees,SCP,3353.584960643096,0.0,0.6111111111111112,0.28888888888888886,2,0.7894736842105263,0.1105263157894737,0.1105263157894737,1,0.15277777777777773
0.8947368421052632,0.9,-0.0052631578947368585,231.648,201.66299999999995,0.0,matched_Polyolefins_0_naive,matched,naive,Polyolefins,extra_trees,Mondrian-similarity,271.2697504581356,0.0,0.8333333333333334,0.06666666666666665,2,0.8947368421052632,0.0052631578947368585,0.0052631578947368585,1,0.04166666666666663
0.7894736842105263,0.9,-0.1105263157894737,121.75316000000002,121.75315999999998,0.0,matched_Polyolefins_0_naive,matched,naive,Polyolefins,extra_trees,Mondrian-family,3353.584960643096,1.0,0.6111111111111112,0.28888888888888886,2,0.7894736842105263,0.1105263157894737,0.1105263157894737,1,0.15277777777777773
0.7631578947368421,0.9,-0.13684210526315788,145.05680979225556,140.99325925412518,0.0,matched_Polyolefins_0_naive,matched,naive,Polyolefins,extra_trees,Normalised SCP,8798.958271810763,0.0,0.6111111111111112,0.28888888888888886,2,0.7631578947368421,0.13684210526315788,0.13684210526315788,1,0.15277777777777773
0.6578947368421053,0.9,-0.2421052631578947,121.43750826402898,121.43750826402896,0.0,matched_Polyolefins_0_naive,matched,naive,Polyolefins,hist_gbr,SCP,173261.56878666612,0.0,0.3888888888888889,0.5111111111111111,2,0.6578947368421053,0.2421052631578947,0.2421052631578947,1,0.28888888888888886
0.9736842105263158,0.9,0.0736842105263158,269.85369647676265,195.54048379039148,0.0,matched_Polyolefins_0_naive,matched,naive,Polyolefins,hist_gbr,Mondrian-similarity,269.85369647676265,0.0,0.9166666666666666,-0.016666666666666607,2,0.9736842105263158,-0.0736842105263158,0.0736842105263158,1,0.05833333333333329
0.6578947368421053,0.9,-0.2421052631578947,121.43750826402898,121.43750826402896,0.0,matched_Polyolefins_0_naive,matched,naive,Polyolefins,hist_gbr,Mondrian-family,173261.56878666612,1.0,0.3888888888888889,0.5111111111111111,2,0.6578947368421053,0.2421052631578947,0.2421052631578947,1,0.28888888888888886
0.6052631578947368,0.9,-0.2947368421052632,128.381485944938,129.46561800836304,0.0,matched_Polyolefins_0_naive,matched,naive,Polyolefins,hist_gbr,Normalised SCP,888341.440871845,0.0,0.4444444444444444,0.4555555555555556,2,0.6052631578947368,0.2947368421052632,0.2947368421052632,1,0.3027777777777778
0.8421052631578947,0.9,-0.05789473684210533,132.71320000000006,132.7132,0.0,matched_Polyolefins_0_control,matched,control,Polyolefins,extra_trees,SCP,753.7287190037372,0.0,0.9,-0.0,1,0.8421052631578947,0.05789473684210533,0.05789473684210533,1,0.0
0.8421052631578947,0.9,-0.05789473684210533,148.80375684210532,143.37088000000006,0.0,matched_Polyolefins_0_control,matched,control,Polyolefins,extra_trees,Mondrian-similarity,845.1131087754917,0.0,0.9,-0.0,1,0.8421052631578947,0.05789473684210533,0.05789473684210533,1,0.0
0.8421052631578947,0.9,-0.05789473684210533,132.71320000000006,132.7132,0.0,matched_Polyolefins_0_control,matched,control,Polyolefins,extra_trees,Mondrian-family,753.7287190037372,1.0,0.9,-0.0,1,0.8421052631578947,0.05789473684210533,0.05789473684210533,1,0.0
0.868421052631579,0.9,-0.03157894736842104,153.16824482565767,146.00513410070482,0.0,matched_Polyolefins_0_control,matched,control,Polyolefins,extra_trees,Normalised SCP,395.00774711885964,0.0,1.0,-0.09999999999999998,1,0.868421052631579,0.03157894736842104,0.03157894736842104,1,0.09999999999999998
0.7894736842105263,0.9,-0.1105263157894737,125.02538837637286,125.02538837637292,0.0,matched_Polyolefins_0_control,matched,control,Polyolefins,hist_gbr,SCP,3443.7156469496654,0.0,1.0,-0.09999999999999998,1,0.7894736842105263,0.1105263157894737,0.1105263157894737,1,0.09999999999999998
0.8421052631578947,0.9,-0.05789473684210533,148.18899343564573,146.17542750805364,0.0,matched_Polyolefins_0_control,matched,control,Polyolefins,hist_gbr,Mondrian-similarity,841.6216336634368,0.0,1.0,-0.09999999999999998,1,0.8421052631578947,0.05789473684210533,0.05789473684210533,1,0.09999999999999998
0.7894736842105263,0.9,-0.1105263157894737,125.02538837637286,125.02538837637292,0.0,matched_Polyolefins_0_control,matched,control,Polyolefins,hist_gbr,Mondrian-family,3443.7156469496654,1.0,1.0,-0.09999999999999998,1,0.7894736842105263,0.1105263157894737,0.1105263157894737,1,0.09999999999999998
0.8157894736842105,0.9,-0.08421052631578951,128.60909541152122,125.33351107945792,0.0,matched_Polyolefins_0_control,matched,control,Polyolefins,hist_gbr,Normalised SCP,1608.557872409698,0.0,0.9,-0.0,1,0.8157894736842105,0.08421052631578951,0.08421052631578951,1,0.0
0.7368421052631579,0.9,-0.16315789473684217,120.75952000000025,120.75952000000024,0.0,matched_Polyolefins_1_informed,matched,informed,Polyolefins,extra_trees,SCP,16131.642133563179,0.0,,,0,0.7368421052631579,0.16315789473684217,0.16315789473684217,1,
0.868421052631579,0.9,-0.03157894736842104,174.4207710526316,173.0308,0.0,matched_Polyolefins_1_informed,matched,informed,Polyolefins,extra_trees,Mondrian-similarity,449.8161867863435,0.0,,,0,0.868421052631579,0.03157894736842104,0.03157894736842104,1,
0.7368421052631579,0.9,-0.16315789473684217,120.75952000000025,120.75952000000024,0.0,matched_Polyolefins_1_informed,matched,informed,Polyolefins,extra_trees,Mondrian-family,16131.642133563179,1.0,,,0,0.7368421052631579,0.16315789473684217,0.16315789473684217,1,
0.8157894736842105,0.9,-0.08421052631578951,150.33232600146147,151.5711619784731,0.0,matched_Polyolefins_1_informed,matched,informed,Polyolefins,extra_trees,Normalised SCP,1880.257735221183,0.0,,,0,0.8157894736842105,0.08421052631578951,0.08421052631578951,1,
0.7105263157894737,0.9,-0.18947368421052635,127.02784509484795,127.02784509484792,0.0,matched_Polyolefins_1_informed,matched,informed,Polyolefins,hist_gbr,SCP,37369.75033103539,0.0,,,0,0.7105263157894737,0.18947368421052635,0.18947368421052635,1,
0.8421052631578947,0.9,-0.05789473684210533,170.9285918745947,164.58130633834867,0.0,matched_Polyolefins_1_informed,matched,informed,Polyolefins,hist_gbr,Mondrian-similarity,970.7684585614002,0.0,,,0,0.8421052631578947,0.05789473684210533,0.05789473684210533,1,
0.7105263157894737,0.9,-0.18947368421052635,127.02784509484795,127.02784509484792,0.0,matched_Polyolefins_1_informed,matched,informed,Polyolefins,hist_gbr,Mondrian-family,37369.75033103539,1.0,,,0,0.7105263157894737,0.18947368421052635,0.18947368421052635,1,
0.7631578947368421,0.9,-0.13684210526315788,155.03311918173637,145.6530963180108,0.0,matched_Polyolefins_1_informed,matched,informed,Polyolefins,hist_gbr,Normalised SCP,9404.108282695686,0.0,,,0,0.7631578947368421,0.13684210526315788,0.13684210526315788,1,
0.6578947368421053,0.9,-0.2421052631578947,121.75316000000002,121.75315999999998,0.0,matched_Polyolefins_1_naive,matched,naive,Polyolefins,extra_trees,SCP,173711.9264706007,0.0,0.47058823529411764,0.4294117647058824,2,0.6578947368421053,0.2421052631578947,0.2421052631578947,1,0.2556149732620321
0.8421052631578947,0.9,-0.05789473684210533,227.68617894736838,201.6629999999999,0.0,matched_Polyolefins_1_naive,matched,naive,Polyolefins,extra_trees,Mondrian-similarity,1293.116374202834,0.0,0.8235294117647058,0.07647058823529418,2,0.8421052631578947,0.05789473684210533,0.05789473684210533,1,0.04278074866310161
0.6578947368421053,0.9,-0.2421052631578947,121.75316000000002,121.75315999999998,0.0,matched_Polyolefins_1_naive,matched,naive,Polyolefins,extra_trees,Mondrian-family,173711.9264706007,1.0,0.47058823529411764,0.4294117647058824,2,0.6578947368421053,0.2421052631578947,0.2421052631578947,1,0.2556149732620321
0.7105263157894737,0.9,-0.18947368421052635,150.41544628088332,145.61648486193243,0.0,matched_Polyolefins_1_naive,matched,naive,Polyolefins,extra_trees,Normalised SCP,44250.04351802433,0.0,0.5294117647058824,0.37058823529411766,2,0.7105263157894737,0.18947368421052635,0.18947368421052635,1,0.18983957219251335
0.5789473684210527,0.9,-0.32105263157894737,121.43750826402898,121.43750826402896,0.0,matched_Polyolefins_1_naive,matched,naive,Polyolefins,hist_gbr,SCP,1850522.7830325796,0.0,0.4117647058823529,0.4882352941176471,2,0.5789473684210527,0.32105263157894737,0.32105263157894737,1,0.3304812834224599
0.868421052631579,0.9,-0.03157894736842104,263.2055075700418,195.54048379039148,0.0,matched_Polyolefins_1_naive,matched,naive,Polyolefins,hist_gbr,Mondrian-similarity,678.7843961576959,0.0,0.8181818181818182,0.08181818181818179,2,0.868421052631579,0.03157894736842104,0.03157894736842104,1,0.061497326203208524
0.5789473684210527,0.9,-0.32105263157894737,121.43750826402898,121.43750826402896,0.0,matched_Polyolefins_1_naive,matched,naive,Polyolefins,hist_gbr,Mondrian-family,1850522.7830325796,1.0,0.4117647058823529,0.4882352941176471,2,0.5789473684210527,0.32105263157894737,0.32105263157894737,1,0.3304812834224599
0.5263157894736842,0.9,-0.37368421052631584,133.03870220330404,133.4027459847008,0.0,matched_Polyolefins_1_naive,matched,naive,Polyolefins,hist_gbr,Normalised SCP,9832132.393318487,0.0,0.5294117647058824,0.37058823529411766,2,0.5263157894736842,0.37368421052631584,0.37368421052631584,1,0.31711229946524067
0.7631578947368421,0.9,-0.13684210526315788,128.15659999999997,128.1565999999999,0.0,matched_Polyolefins_1_control,matched,control,Polyolefins,extra_trees,SCP,7773.813427112519,0.0,,,0,0.7631578947368421,0.13684210526315788,0.13684210526315788,1,
0.8421052631578947,0.9,-0.05789473684210533,179.2599726315789,148.86879999999996,0.0,matched_Polyolefins_1_control,matched,control,Polyolefins,extra_trees,Mondrian-similarity,1018.08553738622,0.0,,,0,0.8421052631578947,0.05789473684210533,0.05789473684210533,1,
0.7631578947368421,0.9,-0.13684210526315788,128.15659999999997,128.1565999999999,0.0,matched_Polyolefins_1_control,matched,control,Polyolefins,extra_trees,Mondrian-family,7773.813427112519,1.0,,,0,0.7631578947368421,0.13684210526315788,0.13684210526315788,1,
0.7631578947368421,0.9,-0.13684210526315788,134.83214263949384,128.64551637340483,0.0,matched_Polyolefins_1_control,matched,control,Polyolefins,extra_trees,Normalised SCP,8178.743200562811,0.0,,,0,0.7631578947368421,0.13684210526315788,0.13684210526315788,1,
0.7631578947368421,0.9,-0.13684210526315788,123.64656821983289,123.64656821983286,0.0,matched_Polyolefins_1_control,matched,control,Polyolefins,hist_gbr,SCP,7500.24073862541,0.0,,,0,0.7631578947368421,0.13684210526315788,0.13684210526315788,1,
0.8421052631578947,0.9,-0.05789473684210533,169.73356644067889,148.89988667413672,0.0,matched_Polyolefins_1_control,matched,control,Polyolefins,hist_gbr,Mondrian-similarity,963.9814547857226,0.0,,,0,0.8421052631578947,0.05789473684210533,0.05789473684210533,1,
0.7631578947368421,0.9,-0.13684210526315788,123.64656821983289,123.64656821983286,0.0,matched_Polyolefins_1_control,matched,control,Polyolefins,hist_gbr,Mondrian-family,7500.24073862541,1.0,,,0,0.7631578947368421,0.13684210526315788,0.13684210526315788,1,
0.8157894736842105,0.9,-0.08421052631578951,148.79061811640122,149.18355377558595,0.0,matched_Polyolefins_1_control,matched,control,Polyolefins,hist_gbr,Normalised SCP,1860.9750682563426,0.0,,,0,0.8157894736842105,0.08421052631578951,0.08421052631578951,1,
0.7631578947368421,0.9,-0.13684210526315788,120.08399999999993,120.08399999999995,0.0,matched_Polyolefins_2_informed,matched,informed,Polyolefins,extra_trees,SCP,7284.139962993552,0.0,0.8,0.09999999999999998,1,0.7631578947368421,0.13684210526315788,0.13684210526315788,1,0.09999999999999998
0.8947368421052632,0.9,-0.0052631578947368585,179.6944378947368,158.20940000000002,0.0,matched_Polyolefins_2_informed,matched,informed,Polyolefins,extra_trees,Mondrian-similarity,210.42989935773326,0.0,0.9,-0.0,1,0.8947368421052632,0.0052631578947368585,0.0052631578947368585,1,0.0
0.7631578947368421,0.9,-0.13684210526315788,120.08399999999993,120.08399999999995,0.0,matched_Polyolefins_2_informed,matched,informed,Polyolefins,extra_trees,Mondrian-family,7284.139962993552,1.0,0.8,0.09999999999999998,1,0.7631578947368421,0.13684210526315788,0.13684210526315788,1,0.09999999999999998
0.8947368421052632,0.9,-0.0052631578947368585,157.14658116263334,152.9129842665042,0.0,matched_Polyolefins_2_informed,matched,informed,Polyolefins,extra_trees,Normalised SCP,184.02539135816713,0.0,0.8,0.09999999999999998,1,0.8947368421052632,0.0052631578947368585,0.0052631578947368585,1,0.09999999999999998
0.7105263157894737,0.9,-0.18947368421052635,117.88112781316309,117.88112781316306,0.0,matched_Polyolefins_2_informed,matched,informed,Polyolefins,hist_gbr,SCP,34678.918719195404,0.0,0.8,0.09999999999999998,1,0.7105263157894737,0.18947368421052635,0.18947368421052635,1,0.09999999999999998
0.8157894736842105,0.9,-0.08421052631578951,175.39294380947007,164.85801448721443,0.0,matched_Polyolefins_2_informed,matched,informed,Polyolefins,hist_gbr,Mondrian-similarity,2193.6994395853653,0.0,0.9,-0.0,1,0.8157894736842105,0.08421052631578951,0.08421052631578951,1,0.0
0.7105263157894737,0.9,-0.18947368421052635,117.88112781316309,117.88112781316306,0.0,matched_Polyolefins_2_informed,matched,informed,Polyolefins,hist_gbr,Mondrian-family,34678.918719195404,1.0,0.8,0.09999999999999998,1,0.7105263157894737,0.18947368421052635,0.18947368421052635,1,0.09999999999999998
0.7894736842105263,0.9,-0.1105263157894737,135.27191889569406,133.0562839466694,0.0,matched_Polyolefins_2_informed,matched,informed,Polyolefins,hist_gbr,Normalised SCP,3725.9474235077937,0.0,0.8,0.09999999999999998,1,0.7894736842105263,0.1105263157894737,0.1105263157894737,1,0.09999999999999998
0.7105263157894737,0.9,-0.18947368421052635,121.75316000000002,121.75315999999998,0.0,matched_Polyolefins_2_naive,matched,naive,Polyolefins,extra_trees,SCP,35818.01445043282,0.0,0.5925925925925926,0.30740740740740746,1,0.7105263157894737,0.18947368421052635,0.18947368421052635,1,0.30740740740740746
0.9210526315789473,0.9,0.021052631578947323,251.5802052631579,275.2634,0.0,matched_Polyolefins_2_naive,matched,naive,Polyolefins,extra_trees,Mondrian-similarity,251.5802052631579,0.0,0.8888888888888888,0.011111111111111183,1,0.9210526315789473,-0.021052631578947323,0.021052631578947323,1,0.011111111111111183
0.7105263157894737,0.9,-0.18947368421052635,121.75316000000002,121.75315999999998,0.0,matched_Polyolefins_2_naive,matched,naive,Polyolefins,extra_trees,Mondrian-family,35818.01445043282,1.0,0.5925925925925926,0.30740740740740746,1,0.7105263157894737,0.18947368421052635,0.18947368421052635,1,0.30740740740740746
0.7368421052631579,0.9,-0.16315789473684217,149.58958978686871,144.21551430704636,0.0,matched_Polyolefins_2_naive,matched,naive,Polyolefins,extra_trees,Normalised SCP,19982.902626213476,0.0,0.6296296296296297,0.27037037037037037,1,0.7368421052631579,0.16315789473684217,0.16315789473684217,1,0.27037037037037037
0.5263157894736842,0.9,-0.37368421052631584,121.43750826402898,121.43750826402896,0.0,matched_Polyolefins_2_naive,matched,naive,Polyolefins,hist_gbr,SCP,8974754.25566041,0.0,0.37037037037037035,0.5296296296296297,1,0.5263157894736842,0.37368421052631584,0.37368421052631584,1,0.5296296296296297
0.9736842105263158,0.9,0.0736842105263158,313.6377571486629,367.83170801424865,0.0,matched_Polyolefins_2_naive,matched,naive,Polyolefins,hist_gbr,Mondrian-similarity,313.6377571486629,0.0,0.9629629629629629,-0.06296296296296289,1,0.9736842105263158,-0.0736842105263158,0.0736842105263158,1,0.06296296296296289
0.5263157894736842,0.9,-0.37368421052631584,121.43750826402898,121.43750826402896,0.0,matched_Polyolefins_2_naive,matched,naive,Polyolefins,hist_gbr,Mondrian-family,8974754.25566041,1.0,0.37037037037037035,0.5296296296296297,1,0.5263157894736842,0.37368421052631584,0.37368421052631584,1,0.5296296296296297
0.5526315789473685,0.9,-0.34736842105263155,137.93828640821226,141.00114268678846,0.0,matched_Polyolefins_2_naive,matched,naive,Polyolefins,hist_gbr,Normalised SCP,4629035.165528846,0.0,0.4444444444444444,0.4555555555555556,1,0.5526315789473685,0.34736842105263155,0.34736842105263155,1,0.4555555555555556
0.7894736842105263,0.9,-0.1105263157894737,126.36440000000007,126.36440000000002,0.0,matched_Polyolefins_2_control,matched,control,Polyolefins,extra_trees,SCP,3480.5975582127694,0.0,0.75,0.15000000000000002,2,0.7894736842105263,0.1105263157894737,0.1105263157894737,1,0.07500000000000001
0.9210526315789473,0.9,0.021052631578947323,170.57107842105265,172.35520000000002,0.0,matched_Polyolefins_2_control,matched,control,Polyolefins,extra_trees,Mondrian-similarity,170.57107842105265,0.0,1.0,-0.09999999999999998,2,0.9210526315789473,-0.021052631578947323,0.021052631578947323,1,0.09999999999999998
0.7894736842105263,0.9,-0.1105263157894737,126.36440000000007,126.36440000000002,0.0,matched_Polyolefins_2_control,matched,control,Polyolefins,extra_trees,Mondrian-family,3480.5975582127694,1.0,0.75,0.15000000000000002,2,0.7894736842105263,0.1105263157894737,0.1105263157894737,1,0.07500000000000001
0.9736842105263158,0.9,0.0736842105263158,185.13187748383936,189.25752844695572,0.0,matched_Polyolefins_2_control,matched,control,Polyolefins,extra_trees,Normalised SCP,185.13187748383936,0.0,1.0,-0.09999999999999998,2,0.9736842105263158,-0.0736842105263158,0.0736842105263158,1,0.09999999999999998
0.7105263157894737,0.9,-0.18947368421052635,120.87240527854951,120.87240527854954,0.0,matched_Polyolefins_2_control,matched,control,Polyolefins,hist_gbr,SCP,35558.909180884155,0.0,0.6666666666666666,0.2333333333333334,2,0.7105263157894737,0.18947368421052635,0.18947368421052635,1,0.16666666666666669
0.868421052631579,0.9,-0.03157894736842104,170.65812759750196,150.5288969556077,0.0,matched_Polyolefins_2_control,matched,control,Polyolefins,hist_gbr,Mondrian-similarity,440.1126525053702,0.0,0.8,0.09999999999999998,2,0.868421052631579,0.03157894736842104,0.03157894736842104,1,0.09999999999999998
0.7105263157894737,0.9,-0.18947368421052635,120.87240527854951,120.87240527854954,0.0,matched_Polyolefins_2_control,matched,control,Polyolefins,hist_gbr,Mondrian-family,35558.909180884155,1.0,0.6666666666666666,0.2333333333333334,2,0.7105263157894737,0.18947368421052635,0.18947368421052635,1,0.16666666666666669
0.868421052631579,0.9,-0.03157894736842104,175.92986738350996,184.64606969034236,0.0,matched_Polyolefins_2_control,matched,control,Polyolefins,hist_gbr,Normalised SCP,453.7080166008335,0.0,0.8333333333333334,0.06666666666666665,2,0.868421052631579,0.03157894736842104,0.03157894736842104,1,0.033333333333333326
0.84251968503937,0.9,-0.05748031496063,130.54972,130.54972000000004,0.0,matched_Polyphenylenes_0_informed,matched,informed,Polyphenylenes,extra_trees,SCP,732.280472106052,0.0,0.6923076923076923,0.20769230769230773,6,0.84251968503937,0.05748031496063,0.05748031496063,1,0.06973443223443226
0.8582677165354331,0.9,-0.04173228346456692,152.58008488188977,143.92736000000002,0.0,matched_Polyphenylenes_0_informed,matched,informed,Polyphenylenes,extra_trees,Mondrian-similarity,533.6061974308678,0.0,0.7777777777777778,0.12222222222222223,6,0.8582677165354331,0.04173228346456692,0.04173228346456692,1,0.04610805860805863
0.84251968503937,0.9,-0.05748031496063,139.91581999999983,139.91581999999994,0.0,matched_Polyphenylenes_0_informed,matched,informed,Polyphenylenes,extra_trees,Mondrian-family,784.8168707271471,0.0,0.6923076923076923,0.20769230769230773,6,0.84251968503937,0.05748031496063,0.05748031496063,1,0.06973443223443226
0.84251968503937,0.9,-0.05748031496063,149.5823152464118,146.66286555277438,0.0,matched_Polyphenylenes_0_informed,matched,informed,Polyphenylenes,extra_trees,Normalised SCP,839.0382486255714,0.0,0.7692307692307693,0.13076923076923075,6,0.84251968503937,0.05748031496063,0.05748031496063,1,0.07619301994301995
0.8346456692913385,0.9,-0.06535433070866148,123.61745449394103,123.61745449394107,0.0,matched_Polyphenylenes_0_informed,matched,informed,Polyphenylenes,hist_gbr,SCP,878.153733931547,0.0,0.6153846153846154,0.2846153846153846,6,0.8346456692913385,0.06535433070866148,0.06535433070866148,1,0.10900997150997153
0.8661417322834646,0.9,-0.03385826771653544,144.79930503047277,130.30456978016065,0.0,matched_Polyphenylenes_0_informed,matched,informed,Polyphenylenes,hist_gbr,Mondrian-similarity,399.85289298317497,0.0,0.8125,0.08750000000000002,6,0.8661417322834646,0.03385826771653544,0.03385826771653544,1,0.03747710622710626
0.8740157480314961,0.9,-0.025984251968503957,157.68957542744707,157.68957542744704,0.0,matched_Polyphenylenes_0_informed,matched,informed,Polyphenylenes,hist_gbr,Mondrian-family,343.8329562085717,0.0,0.7222222222222222,0.1777777777777778,6,0.8740157480314961,0.025984251968503957,0.025984251968503957,1,0.07116656491656492
0.8818897637795275,0.9,-0.018110236220472475,146.71348143996735,135.13149544501243,0.0,matched_Polyphenylenes_0_informed,matched,informed,Polyphenylenes,hist_gbr,Normalised SCP,252.59531573994366,0.0,0.7692307692307693,0.13076923076923075,6,0.8818897637795275,0.018110236220472475,0.018110236220472475,1,0.09031339031339032
0.6850393700787402,0.9,-0.21496062992125986,113.45720000000023,113.45720000000017,0.0,matched_Polyphenylenes_0_naive,matched,naive,Polyphenylenes,extra_trees,SCP,71699.89562948847,0.0,0.6166666666666667,0.2833333333333333,4,0.6850393700787402,0.21496062992125986,0.21496062992125986,1,0.15853174603174605
0.8110236220472441,0.9,-0.08897637795275593,197.8465650393701,182.87024000000005,0.0,matched_Polyphenylenes_0_naive,matched,naive,Polyphenylenes,extra_trees,Mondrian-similarity,2854.8744476682396,0.0,0.42857142857142855,0.4714285714285715,4,0.8110236220472441,0.08897637795275593,0.08897637795275593,1,0.14477513227513228
0.6850393700787402,0.9,-0.21496062992125986,113.45720000000023,113.45720000000017,0.0,matched_Polyphenylenes_0_naive,matched,naive,Polyphenylenes,extra_trees,Mondrian-family,71699.89562948847,1.0,0.6166666666666667,0.2833333333333333,4,0.6850393700787402,0.21496062992125986,0.21496062992125986,1,0.15853174603174605
0.7322834645669292,0.9,-0.16771653543307086,130.0047130695138,126.59061473299786,0.0,matched_Polyphenylenes_0_naive,matched,naive,Polyphenylenes,extra_trees,Normalised SCP,19911.779438466292,0.0,0.7,0.20000000000000007,4,0.7322834645669292,0.16771653543307086,0.16771653543307086,1,0.11984126984126989
0.7874015748031497,0.9,-0.11259842519685037,117.5144403464829,117.51444034648287,0.0,matched_Polyphenylenes_0_naive,matched,naive,Polyphenylenes,hist_gbr,SCP,3444.430915979074,0.0,0.75,0.15000000000000002,4,0.7874015748031497,0.11259842519685037,0.11259842519685037,1,0.08948412698412703
0.889763779527559,0.9,-0.010236220472440993,215.39230631726295,198.66691546998106,0.0,matched_Polyphenylenes_0_naive,matched,naive,Polyphenylenes,hist_gbr,Mondrian-similarity,292.81694718402593,0.0,0.7142857142857143,0.18571428571428572,4,0.889763779527559,0.010236220472440993,0.010236220472440993,1,0.07242063492063494
0.7874015748031497,0.9,-0.11259842519685037,117.5144403464829,117.51444034648287,0.0,matched_Polyphenylenes_0_naive,matched,naive,Polyphenylenes,hist_gbr,Mondrian-family,3444.430915979074,1.0,0.75,0.15000000000000002,4,0.7874015748031497,0.11259842519685037,0.11259842519685037,1,0.08948412698412703
0.8188976377952756,0.9,-0.08110236220472444,133.7399140792832,128.91249038184958,0.0,matched_Polyphenylenes_0_naive,matched,naive,Polyphenylenes,hist_gbr,Normalised SCP,1523.808146687103,0.0,0.7857142857142857,0.11428571428571432,4,0.8188976377952756,0.08110236220472444,0.08110236220472444,1,0.08141534391534397
0.8582677165354331,0.9,-0.04173228346456692,129.9228399999999,129.9228399999999,0.0,matched_Polyphenylenes_0_control,matched,control,Polyphenylenes,extra_trees,SCP,454.36881664789087,0.0,0.6428571428571429,0.2571428571428571,6,0.8582677165354331,0.04173228346456692,0.04173228346456692,1,0.1184032759220729
0.8740157480314961,0.9,-0.025984251968503957,143.06418960629927,112.2098400000001,0.0,matched_Polyphenylenes_0_control,matched,control,Polyphenylenes,extra_trees,Mondrian-similarity,311.9431522760989,0.0,0.8367346938775511,0.06326530612244896,6,0.8740157480314961,0.025984251968503957,0.025984251968503957,1,0.035488571578797146
0.8661417322834646,0.9,-0.03385826771653544,151.65660000000008,151.65660000000014,0.0,matched_Polyphenylenes_0_control,matched,control,Polyphenylenes,extra_trees,Mondrian-family,418.78882110125153,0.0,0.7,0.20000000000000007,6,0.8661417322834646,0.03385826771653544,0.03385826771653544,1,0.10649851401731102
0.8267716535433071,0.9,-0.07322834645669296,133.16219763665302,135.00647411058526,0.0,matched_Polyphenylenes_0_control,matched,control,Polyphenylenes,extra_trees,Normalised SCP,1198.011418582701,0.0,0.5,0.4,6,0.8267716535433071,0.07322834645669296,0.07322834645669296,1,0.14223345576729038
0.8503937007874016,0.9,-0.049606299212598404,121.8296958691151,121.82969586911508,0.0,matched_Polyphenylenes_0_control,matched,control,Polyphenylenes,hist_gbr,SCP,539.5918985349726,0.0,0.6428571428571429,0.2571428571428571,6,0.8503937007874016,0.049606299212598404,0.049606299212598404,1,0.09946031412196826
0.8503937007874016,0.9,-0.049606299212598404,136.1218305832375,114.74530090760908,0.0,matched_Polyphenylenes_0_control,matched,control,Polyphenylenes,hist_gbr,Mondrian-similarity,602.892722274991,0.0,0.7959183673469388,0.10408163265306125,6,0.8503937007874016,0.049606299212598404,0.049606299212598404,1,0.04741949779543766
0.889763779527559,0.9,-0.010236220472440993,152.99466295637836,152.99466295637842,0.0,matched_Polyphenylenes_0_control,matched,control,Polyphenylenes,hist_gbr,Mondrian-family,207.9899273484179,0.0,0.8,0.09999999999999998,6,0.889763779527559,0.010236220472440993,0.010236220472440993,1,0.04980045017639003
0.8818897637795275,0.9,-0.018110236220472475,145.47131324394928,146.4258933999115,0.0,matched_Polyphenylenes_0_control,matched,control,Polyphenylenes,hist_gbr,Normalised SCP,250.456685638635,0.0,0.7692307692307693,0.13076923076923075,6,0.8818897637795275,0.018110236220472475,0.018110236220472475,1,0.06262096299690284
0.8661417322834646,0.9,-0.03385826771653544,126.19640000000008,126.19640000000004,0.0,matched_Polyphenylenes_1_informed,matched,informed,Polyphenylenes,extra_trees,SCP,348.48230530832143,0.0,0.631578947368421,0.268421052631579,5,0.8661417322834646,0.03385826771653544,0.03385826771653544,1,0.10103704639750637
0.8582677165354331,0.9,-0.04173228346456692,136.19745228346457,109.41736000000003,0.0,matched_Polyphenylenes_1_informed,matched,informed,Polyphenylenes,extra_trees,Mondrian-similarity,476.31251921906437,0.0,0.7368421052631579,0.16315789473684217,5,0.8582677165354331,0.04173228346456692,0.04173228346456692,1,0.06557865251363704
0.889763779527559,0.9,-0.010236220472440993,150.75,150.75,0.0,matched_Polyphenylenes_1_informed,matched,informed,Polyphenylenes,extra_trees,Mondrian-family,204.93840073829077,0.0,0.6842105263157895,0.21578947368421053,5,0.889763779527559,0.010236220472440993,0.010236220472440993,1,0.0834519070786209
0.8818897637795275,0.9,-0.018110236220472475,162.1277398993751,136.14732391033826,0.0,matched_Polyphenylenes_1_informed,matched,informed,Polyphenylenes,extra_trees,Normalised SCP,279.1339094958581,0.0,0.7368421052631579,0.16315789473684217,5,0.8818897637795275,0.018110236220472475,0.018110236220472475,1,0.06748172953391884
0.8346456692913385,0.9,-0.06535433070866148,122.92468920862434,122.92468920862427,0.0,matched_Polyphenylenes_1_informed,matched,informed,Polyphenylenes,hist_gbr,SCP,873.2324675575592,0.0,0.5789473684210527,0.32105263157894737,5,0.8346456692913385,0.06535433070866148,0.06535433070866148,1,0.11239401023567322
0.8582677165354331,0.9,-0.04173228346456692,135.87860571899293,98.78464928455651,0.0,matched_Polyphenylenes_1_informed,matched,informed,Polyphenylenes,hist_gbr,Mondrian-similarity,475.1974424843561,0.0,0.7333333333333333,0.16666666666666674,5,0.8582677165354331,0.04173228346456692,0.04173228346456692,1,0.09869000231671618
0.8818897637795275,0.9,-0.018110236220472475,141.6628103620199,141.66281036201985,0.0,matched_Polyphenylenes_1_informed,matched,informed,Polyphenylenes,hist_gbr,Mondrian-family,243.89961959047452,0.0,0.631578947368421,0.268421052631579,5,0.8818897637795275,0.018110236220472475,0.018110236220472475,1,0.08989659021503335
0.8740157480314961,0.9,-0.025984251968503957,143.9092538778783,129.1562564747908,0.0,matched_Polyphenylenes_1_informed,matched,informed,Polyphenylenes,hist_gbr,Normalised SCP,313.78576581536197,0.0,0.631578947368421,0.268421052631579,5,0.8740157480314961,0.025984251968503957,0.025984251968503957,1,0.0851907078620922
0.7086614173228346,0.9,-0.19133858267716541,113.45720000000021,113.45720000000017,0.0,matched_Polyphenylenes_1_naive,matched,naive,Polyphenylenes,extra_trees,SCP,35298.055400806465,0.0,0.5862068965517241,0.31379310344827593,4,0.7086614173228346,0.19133858267716541,0.19133858267716541,1,0.1466468052738337
0.84251968503937,0.9,-0.05748031496063,196.08453937007886,182.87024000000002,0.0,matched_Polyphenylenes_1_naive,matched,naive,Polyphenylenes,extra_trees,Mondrian-similarity,1099.8788742145068,0.0,0.47058823529411764,0.4294117647058824,4,0.84251968503937,0.05748031496063,0.05748031496063,1,0.13821501014198784
0.7086614173228346,0.9,-0.19133858267716541,113.45720000000021,113.45720000000017,0.0,matched_Polyphenylenes_1_naive,matched,naive,Polyphenylenes,extra_trees,Mondrian-family,35298.055400806465,1.0,0.5862068965517241,0.31379310344827593,4,0.7086614173228346,0.19133858267716541,0.19133858267716541,1,0.1466468052738337
0.7637795275590551,0.9,-0.13622047244094493,128.27948703465086,122.36733974532959,0.0,matched_Polyphenylenes_1_naive,matched,naive,Polyphenylenes,extra_trees,Normalised SCP,7637.499585826245,0.0,0.6896551724137931,0.21034482758620687,4,0.7637795275590551,0.13622047244094493,0.13622047244094493,1,0.10607885395537525
0.7401574803149606,0.9,-0.15984251968503937,117.5144403464829,117.51444034648287,0.0,matched_Polyphenylenes_1_naive,matched,naive,Polyphenylenes,hist_gbr,SCP,14211.926893789714,0.0,0.6551724137931034,0.2448275862068966,4,0.7401574803149606,0.15984251968503937,0.15984251968503937,1,0.11999366125760652
0.8818897637795275,0.9,-0.018110236220472475,212.00108395478497,198.66691546998106,0.0,matched_Polyphenylenes_1_naive,matched,naive,Polyphenylenes,hist_gbr,Mondrian-similarity,365.000409050215,0.0,0.6470588235294118,0.2529411764705882,4,0.8818897637795275,0.018110236220472475,0.018110236220472475,1,0.08536891480730222
0.7401574803149606,0.9,-0.15984251968503937,117.5144403464829,117.51444034648287,0.0,matched_Polyphenylenes_1_naive,matched,naive,Polyphenylenes,hist_gbr,Mondrian-family,14211.926893789714,1.0,0.6551724137931034,0.2448275862068966,4,0.7401574803149606,0.15984251968503937,0.15984251968503937,1,0.11999366125760652
0.7795275590551181,0.9,-0.12047244094488196,136.71268143015186,129.1145540704644,0.0,matched_Polyphenylenes_1_naive,matched,naive,Polyphenylenes,hist_gbr,Normalised SCP,5074.86263272119,0.0,0.7413793103448276,0.1586206896551724,4,0.7795275590551181,0.12047244094488196,0.12047244094488196,1,0.10002281947261665
0.8188976377952756,0.9,-0.08110236220472444,125.7058799999999,125.70587999999991,0.0,matched_Polyphenylenes_1_control,matched,control,Polyphenylenes,extra_trees,SCP,1432.2698302087756,0.0,0.6818181818181818,0.21818181818181825,5,0.8188976377952756,0.08110236220472444,0.08110236220472444,1,0.10023548555463453
0.8661417322834646,0.9,-0.03385826771653544,138.38208535433068,103.82140000000004,0.0,matched_Polyphenylenes_1_control,matched,control,Polyphenylenes,extra_trees,Mondrian-similarity,382.13220121691296,0.0,0.7272727272727273,0.17272727272727273,5,0.8661417322834646,0.03385826771653544,0.03385826771653544,1,0.05375855822664337
0.889763779527559,0.9,-0.010236220472440993,177.7811599999999,177.78115999999994,0.0,matched_Polyphenylenes_1_control,matched,control,Polyphenylenes,extra_trees,Mondrian-family,241.68614667859478,0.0,0.7272727272727273,0.17272727272727273,5,0.889763779527559,0.010236220472440993,0.010236220472440993,1,0.058226643333026316
0.7559055118110236,0.9,-0.1440944881889764,114.60181306671882,106.37384880780866,0.0,matched_Polyphenylenes_1_control,matched,control,Polyphenylenes,extra_trees,Normalised SCP,8641.213217662898,0.0,0.6363636363636364,0.26363636363636367,5,0.7559055118110236,0.1440944881889764,0.1440944881889764,1,0.13724601639495257
0.8188976377952756,0.9,-0.08110236220472444,121.10960071204272,121.10960071204266,0.0,matched_Polyphenylenes_1_control,matched,control,Polyphenylenes,hist_gbr,SCP,1379.9006637437342,0.0,0.5909090909090909,0.3090909090909091,5,0.8188976377952756,0.08110236220472444,0.08110236220472444,1,0.0922572226827546
0.84251968503937,0.9,-0.05748031496063,145.48704344197606,109.50716807220499,0.0,matched_Polyphenylenes_1_control,matched,control,Polyphenylenes,hist_gbr,Mondrian-similarity,816.0670191939432,0.0,0.6363636363636364,0.26363636363636367,5,0.84251968503937,0.05748031496063,0.05748031496063,1,0.09286236222406434
0.8661417322834646,0.9,-0.03385826771653544,153.20771013282507,153.20771013282513,0.0,matched_Polyphenylenes_1_control,matched,control,Polyphenylenes,hist_gbr,Mondrian-family,423.0721004568746,0.0,0.6363636363636364,0.26363636363636367,5,0.8661417322834646,0.03385826771653544,0.03385826771653544,1,0.09307512818151116
0.8267716535433071,0.9,-0.07322834645669296,126.45658468932484,118.11063722712143,0.0,matched_Polyphenylenes_1_control,matched,control,Polyphenylenes,hist_gbr,Normalised SCP,1137.6834800080078,0.0,0.6363636363636364,0.26363636363636367,5,0.8267716535433071,0.07322834645669296,0.07322834645669296,1,0.09364250406803601
0.8188976377952756,0.9,-0.08110236220472444,131.7105999999999,131.7106,0.0,matched_Polyphenylenes_2_informed,matched,informed,Polyphenylenes,extra_trees,SCP,1500.6865128241893,0.0,0.6818181818181818,0.21818181818181825,6,0.8188976377952756,0.08110236220472444,0.08110236220472444,1,0.10338754737731724
0.8346456692913385,0.9,-0.06535433070866148,155.6198006299213,114.84600000000002,0.0,matched_Polyphenylenes_2_informed,matched,informed,Polyphenylenes,extra_trees,Mondrian-similarity,1105.492016125817,0.0,0.6956521739130435,0.20434782608695656,6,0.8346456692913385,0.06535433070866148,0.06535433070866148,1,0.0870486622404781
0.952755905511811,0.9,0.052755905511810974,209.81652000000014,209.81652000000008,0.0,matched_Polyphenylenes_2_informed,matched,informed,Polyphenylenes,extra_trees,Mondrian-family,209.81652000000014,0.0,0.8,0.09999999999999998,6,0.952755905511811,-0.052755905511810974,0.052755905511810974,1,0.06973787319055859
0.9133858267716536,0.9,0.013385826771653564,174.95295726014444,157.22911330354452,0.0,matched_Polyphenylenes_2_informed,matched,informed,Polyphenylenes,extra_trees,Normalised SCP,174.95295726014444,0.0,0.8636363636363636,0.036363636363636376,6,0.9133858267716536,-0.013385826771653564,0.013385826771653564,1,0.025334209221677267
0.8188976377952756,0.9,-0.08110236220472444,129.63746276044614,129.63746276044617,0.0,matched_Polyphenylenes_2_informed,matched,informed,Polyphenylenes,hist_gbr,SCP,1477.0655658796616,0.0,0.6363636363636364,0.26363636363636367,6,0.8188976377952756,0.08110236220472444,0.08110236220472444,1,0.10788477885664592
0.84251968503937,0.9,-0.05748031496063,149.5886208780202,126.56103647699297,0.0,matched_Polyphenylenes_2_informed,matched,informed,Polyphenylenes,hist_gbr,Mondrian-similarity,839.0736182218534,0.0,0.7391304347826086,0.16086956521739137,6,0.84251968503937,0.05748031496063,0.05748031496063,1,0.046348701975300464
0.9212598425196851,0.9,0.021259842519685046,199.25555783420407,199.25555783420413,0.0,matched_Polyphenylenes_2_informed,matched,informed,Polyphenylenes,hist_gbr,Mondrian-family,199.25555783420407,0.0,0.8888888888888888,0.011111111111111183,6,0.9212598425196851,-0.021259842519685046,0.021259842519685046,1,0.02078875467622271
0.8818897637795275,0.9,-0.018110236220472475,162.10332499093332,147.47656258708494,0.0,matched_Polyphenylenes_2_informed,matched,informed,Polyphenylenes,hist_gbr,Normalised SCP,279.09187456187607,0.0,0.7272727272727273,0.17272727272727273,6,0.8818897637795275,0.018110236220472475,0.018110236220472475,1,0.05756702329592358
0.6377952755905512,0.9,-0.26220472440944886,113.45720000000023,113.45720000000017,0.0,matched_Polyphenylenes_2_naive,matched,naive,Polyphenylenes,extra_trees,SCP,295838.0353199781,0.0,0.5384615384615384,0.3615384615384616,4,0.6377952755905512,0.26220472440944886,0.26220472440944886,1,0.23649683649683653
0.889763779527559,0.9,-0.010236220472440993,205.46070661417332,257.17536000000007,0.0,matched_Polyphenylenes_2_naive,matched,naive,Polyphenylenes,extra_trees,Mondrian-similarity,279.3153474498696,0.0,0.5384615384615384,0.3615384615384616,4,0.889763779527559,0.010236220472440993,0.010236220472440993,1,0.12462537462537465
0.6377952755905512,0.9,-0.26220472440944886,113.45720000000023,113.45720000000017,0.0,matched_Polyphenylenes_2_naive,matched,naive,Polyphenylenes,extra_trees,Mondrian-family,295838.0353199781,1.0,0.5384615384615384,0.3615384615384616,4,0.6377952755905512,0.26220472440944886,0.26220472440944886,1,0.23649683649683653
0.7086614173228346,0.9,-0.19133858267716541,128.92373534577467,125.7367103608951,0.0,matched_Polyphenylenes_2_naive,matched,naive,Polyphenylenes,extra_trees,Normalised SCP,40109.901819488376,0.0,0.6515151515151515,0.24848484848484853,4,0.7086614173228346,0.19133858267716541,0.19133858267716541,1,0.17530802530802533
0.7559055118110236,0.9,-0.1440944881889764,117.5144403464829,117.51444034648287,0.0,matched_Polyphenylenes_2_naive,matched,naive,Polyphenylenes,hist_gbr,SCP,8860.831325566394,0.0,0.6153846153846154,0.2846153846153846,4,0.7559055118110236,0.1440944881889764,0.1440944881889764,1,0.1590950715950716
0.8818897637795275,0.9,-0.018110236220472475,224.13528053887342,287.4648248776267,0.0,matched_Polyphenylenes_2_naive,matched,naive,Polyphenylenes,hist_gbr,Mondrian-similarity,385.89174900974376,0.0,0.5384615384615384,0.3615384615384616,4,0.8818897637795275,0.018110236220472475,0.018110236220472475,1,0.13198468198468202
0.7559055118110236,0.9,-0.1440944881889764,117.5144403464829,117.51444034648287,0.0,matched_Polyphenylenes_2_naive,matched,naive,Polyphenylenes,hist_gbr,Mondrian-family,8860.831325566394,1.0,0.6153846153846154,0.2846153846153846,4,0.7559055118110236,0.1440944881889764,0.1440944881889764,1,0.1590950715950716
0.8031496062992126,0.9,-0.09685039370078741,134.24530591630938,126.87822468123214,0.0,matched_Polyphenylenes_2_naive,matched,naive,Polyphenylenes,hist_gbr,Normalised SCP,2453.278515450988,0.0,0.6923076923076923,0.20769230769230773,4,0.8031496062992126,0.09685039370078741,0.09685039370078741,1,0.11957209457209461
0.7874015748031497,0.9,-0.11259842519685037,118.08899999999991,118.08899999999988,0.0,matched_Polyphenylenes_2_control,matched,control,Polyphenylenes,extra_trees,SCP,3461.2716636166683,0.0,0.6363636363636364,0.26363636363636367,6,0.7874015748031497,0.11259842519685037,0.11259842519685037,1,0.132988188282306
0.8031496062992126,0.9,-0.09685039370078741,134.9692976377953,103.46999999999997,0.0,matched_Polyphenylenes_2_control,matched,control,Polyphenylenes,extra_trees,Mondrian-similarity,2466.509170508626,0.0,0.72,0.18000000000000005,6,0.8031496062992126,0.09685039370078741,0.09685039370078741,1,0.09151005856888211
0.9133858267716536,0.9,0.013385826771653564,180.78429999999986,180.78429999999992,0.0,matched_Polyphenylenes_2_control,matched,control,Polyphenylenes,extra_trees,Mondrian-family,180.78429999999986,0.0,0.8181818181818182,0.08181818181818179,6,0.9133858267716536,-0.013385826771653564,0.013385826771653564,1,0.04241503594444771
0.8976377952755905,0.9,-0.0023622047244095112,151.04013407520353,139.86221372436972,0.0,matched_Polyphenylenes_2_control,matched,control,Polyphenylenes,extra_trees,Normalised SCP,162.13214811468094,0.0,0.8181818181818182,0.08181818181818179,6,0.8976377952755905,0.0023622047244095112,0.0023622047244095112,1,0.039521263050674806
0.7952755905511811,0.9,-0.10472440944881889,122.41590570682237,122.4159057068224,0.0,matched_Polyphenylenes_2_control,matched,control,Polyphenylenes,hist_gbr,SCP,2833.1844168928997,0.0,0.6153846153846154,0.2846153846153846,6,0.7952755905511811,0.10472440944881889,0.10472440944881889,1,0.13054768760651117
0.8188976377952756,0.9,-0.08110236220472444,134.27157311256758,110.4061159622018,0.0,matched_Polyphenylenes_2_control,matched,control,Polyphenylenes,hist_gbr,Mondrian-similarity,1529.8657725780413,0.0,0.7647058823529411,0.1352941176470589,6,0.8188976377952756,0.08110236220472444,0.08110236220472444,1,0.09341482047364401
0.8976377952755905,0.9,-0.0023622047244095112,182.61419701169723,182.61419701169714,0.0,matched_Polyphenylenes_2_control,matched,control,Polyphenylenes,hist_gbr,Mondrian-family,196.0249321746646,0.0,0.8181818181818182,0.08181818181818179,6,0.8976377952755905,0.0023622047244095112,0.0023622047244095112,1,0.04420990773931951
0.8503937007874016,0.9,-0.049606299212598404,163.117737530154,162.22420789361408,0.0,matched_Polyphenylenes_2_control,matched,control,Polyphenylenes,hist_gbr,Normalised SCP,722.4594057362186,0.0,0.7727272727272727,0.12727272727272732,6,0.8503937007874016,0.049606299212598404,0.049606299212598404,1,0.06371079900491668
0.8,0.9,-0.09999999999999998,122.61729999999999,122.6173,0.0,matched_Polyphosphazenes_0_informed,matched,informed,Polyphosphazenes,extra_trees,SCP,2462.8343065715767,0.0,0.7692307692307693,0.13076923076923075,1,0.8,0.09999999999999998,0.09999999999999998,1,0.13076923076923075
0.8857142857142857,0.9,-0.014285714285714346,145.72306171428573,148.84059999999997,0.0,matched_Polyphosphazenes_0_informed,matched,informed,Polyphosphazenes,extra_trees,Mondrian-similarity,223.69408163301452,0.0,0.7692307692307693,0.13076923076923075,1,0.8857142857142857,0.014285714285714346,0.014285714285714346,1,0.13076923076923075
0.8,0.9,-0.09999999999999998,122.61729999999999,122.6173,0.0,matched_Polyphosphazenes_0_informed,matched,informed,Polyphosphazenes,extra_trees,Mondrian-family,2462.8343065715767,1.0,0.7692307692307693,0.13076923076923075,1,0.8,0.09999999999999998,0.09999999999999998,1,0.13076923076923075
0.8571428571428571,0.9,-0.04285714285714293,142.2270795944885,126.09941304023783,0.0,matched_Polyphosphazenes_0_informed,matched,informed,Polyphosphazenes,extra_trees,Normalised SCP,514.4710153441252,0.0,0.7692307692307693,0.13076923076923075,1,0.8571428571428571,0.04285714285714293,0.04285714285714293,1,0.13076923076923075
0.8571428571428571,0.9,-0.04285714285714293,126.49904217424297,126.49904217424296,0.0,matched_Polyphosphazenes_0_informed,matched,informed,Polyphosphazenes,hist_gbr,SCP,457.5787596356162,0.0,0.7692307692307693,0.13076923076923075,1,0.8571428571428571,0.04285714285714293,0.04285714285714293,1,0.13076923076923075
0.8857142857142857,0.9,-0.014285714285714346,144.36594152346862,142.38135289395711,0.0,matched_Polyphosphazenes_0_informed,matched,informed,Polyphosphazenes,hist_gbr,Mondrian-similarity,221.6108166289778,0.0,0.8461538461538461,0.05384615384615388,1,0.8857142857142857,0.014285714285714346,0.014285714285714346,1,0.05384615384615388
0.8571428571428571,0.9,-0.04285714285714293,126.49904217424297,126.49904217424296,0.0,matched_Polyphosphazenes_0_informed,matched,informed,Polyphosphazenes,hist_gbr,Mondrian-family,457.5787596356162,1.0,0.7692307692307693,0.13076923076923075,1,0.8571428571428571,0.04285714285714293,0.04285714285714293,1,0.13076923076923075
0.8857142857142857,0.9,-0.014285714285714346,126.4937760766783,117.97024054995325,0.0,matched_Polyphosphazenes_0_informed,matched,informed,Polyphosphazenes,hist_gbr,Normalised SCP,194.17591655632083,0.0,0.7692307692307693,0.13076923076923075,1,0.8857142857142857,0.014285714285714346,0.014285714285714346,1,0.13076923076923075
0.3142857142857143,0.9,-0.5857142857142857,123.50699999999995,123.50699999999995,0.0,matched_Polyphosphazenes_0_naive,matched,naive,Polyphosphazenes,extra_trees,SCP,5282822763.202979,0.0,0.3793103448275862,0.5206896551724138,1,0.3142857142857143,0.5857142857142857,0.5857142857142857,1,0.5206896551724138
0.7428571428571429,0.9,-0.15714285714285714,248.796089142856,254.20839999999868,0.0,matched_Polyphosphazenes_0_naive,matched,naive,Polyphosphazenes,extra_trees,Mondrian-similarity,27748.00864746598,0.0,0.7586206896551724,0.14137931034482765,1,0.7428571428571429,0.15714285714285714,0.15714285714285714,1,0.14137931034482765
0.3142857142857143,0.9,-0.5857142857142857,123.50699999999995,123.50699999999995,0.0,matched_Polyphosphazenes_0_naive,matched,naive,Polyphosphazenes,extra_trees,Mondrian-family,5282822763.202979,1.0,0.3793103448275862,0.5206896551724138,1,0.3142857142857143,0.5857142857142857,0.5857142857142857,1,0.5206896551724138
0.34285714285714286,0.9,-0.5571428571428572,137.72696017170418,134.02146328420343,0.0,matched_Polyphosphazenes_0_naive,matched,naive,Polyphosphazenes,extra_trees,Normalised SCP,2500005803.075003,0.0,0.3793103448275862,0.5206896551724138,1,0.34285714285714286,0.5571428571428572,0.5571428571428572,1,0.5206896551724138
0.34285714285714286,0.9,-0.5571428571428572,123.16964491214328,123.16964491214327,0.0,matched_Polyphosphazenes_0_naive,matched,naive,Polyphosphazenes,hist_gbr,SCP,2235762893.9109373,0.0,0.41379310344827586,0.48620689655172417,1,0.34285714285714286,0.5571428571428572,0.5571428571428572,1,0.48620689655172417
0.8571428571428571,0.9,-0.04285714285714293,280.06571880001206,297.75408745897084,0.0,matched_Polyphosphazenes_0_naive,matched,naive,Polyphosphazenes,hist_gbr,Mondrian-similarity,1013.0679412453323,0.0,0.9655172413793104,-0.06551724137931036,1,0.8571428571428571,0.04285714285714293,0.04285714285714293,1,0.06551724137931036
0.34285714285714286,0.9,-0.5571428571428572,123.16964491214328,123.16964491214327,0.0,matched_Polyphosphazenes_0_naive,matched,naive,Polyphosphazenes,hist_gbr,Mondrian-family,2235762893.9109373,1.0,0.41379310344827586,0.48620689655172417,1,0.34285714285714286,0.5571428571428572,0.5571428571428572,1,0.48620689655172417
0.2857142857142857,0.9,-0.6142857142857143,123.43762102702783,113.95693942877591,0.0,matched_Polyphosphazenes_0_naive,matched,naive,Polyphosphazenes,hist_gbr,Normalised SCP,12441548128.44298,0.0,0.3448275862068966,0.5551724137931034,1,0.2857142857142857,0.6142857142857143,0.6142857142857143,1,0.5551724137931034
0.7142857142857143,0.9,-0.18571428571428572,124.86039999999994,124.86039999999997,0.0,matched_Polyphosphazenes_0_control,matched,control,Polyphosphazenes,extra_trees,SCP,32814.470952212025,0.0,0.7272727272727273,0.17272727272727273,1,0.7142857142857143,0.18571428571428572,0.18571428571428572,1,0.17272727272727273
0.8857142857142857,0.9,-0.014285714285714346,158.9630034285714,140.3928,0.0,matched_Polyphosphazenes_0_control,matched,control,Polyphosphazenes,extra_trees,Mondrian-similarity,244.01822640330948,0.0,0.8181818181818182,0.08181818181818179,1,0.8857142857142857,0.014285714285714346,0.014285714285714346,1,0.08181818181818179
0.7142857142857143,0.9,-0.18571428571428572,124.86039999999994,124.86039999999997,0.0,matched_Polyphosphazenes_0_control,matched,control,Polyphosphazenes,extra_trees,Mondrian-family,32814.470952212025,1.0,0.7272727272727273,0.17272727272727273,1,0.7142857142857143,0.18571428571428572,0.18571428571428572,1,0.17272727272727273
0.8,0.9,-0.09999999999999998,150.6431122865752,144.7933320861256,0.0,matched_Polyphosphazenes_0_control,matched,control,Polyphosphazenes,extra_trees,Normalised SCP,3025.7477940559093,0.0,0.6363636363636364,0.26363636363636367,1,0.8,0.09999999999999998,0.09999999999999998,1,0.26363636363636367
0.8,0.9,-0.09999999999999998,124.04347365212244,124.04347365212243,0.0,matched_Polyphosphazenes_0_control,matched,control,Polyphosphazenes,hist_gbr,SCP,2491.4797701201596,0.0,0.7272727272727273,0.17272727272727273,1,0.8,0.09999999999999998,0.09999999999999998,1,0.17272727272727273
0.9142857142857143,0.9,0.014285714285714235,158.51255577607648,138.93312190153682,0.0,matched_Polyphosphazenes_0_control,matched,control,Polyphosphazenes,hist_gbr,Mondrian-similarity,158.51255577607648,0.0,0.8181818181818182,0.08181818181818179,1,0.9142857142857143,-0.014285714285714235,0.014285714285714235,1,0.08181818181818179
0.8,0.9,-0.09999999999999998,124.04347365212244,124.04347365212243,0.0,matched_Polyphosphazenes_0_control,matched,control,Polyphosphazenes,hist_gbr,Mondrian-family,2491.4797701201596,1.0,0.7272727272727273,0.17272727272727273,1,0.8,0.09999999999999998,0.09999999999999998,1,0.17272727272727273
0.8,0.9,-0.09999999999999998,127.30141939982309,112.68741781409284,0.0,matched_Polyphosphazenes_0_control,matched,control,Polyphosphazenes,hist_gbr,Normalised SCP,2556.9173597293434,0.0,0.8181818181818182,0.08181818181818179,1,0.8,0.09999999999999998,0.09999999999999998,1,0.08181818181818179
0.6857142857142857,0.9,-0.2142857142857143,124.39639999999994,124.39639999999997,0.0,matched_Polyphosphazenes_1_informed,matched,informed,Polyphosphazenes,extra_trees,SCP,77037.27461021513,0.0,,,0,0.6857142857142857,0.2142857142857143,0.2142857142857143,1,
0.8,0.9,-0.09999999999999998,155.8293805714286,150.1561600000001,0.0,matched_Polyphosphazenes_1_informed,matched,informed,Polyphosphazenes,extra_trees,Mondrian-similarity,3129.9167771848893,0.0,,,0,0.8,0.09999999999999998,0.09999999999999998,1,
0.6857142857142857,0.9,-0.2142857142857143,124.39639999999994,124.39639999999997,0.0,matched_Polyphosphazenes_1_informed,matched,informed,Polyphosphazenes,extra_trees,Mondrian-family,77037.27461021513,1.0,,,0,0.6857142857142857,0.2142857142857143,0.2142857142857143,1,
0.7428571428571429,0.9,-0.15714285714285714,146.32598782986946,142.22550972543277,0.0,matched_Polyphosphazenes_1_informed,matched,informed,Polyphosphazenes,extra_trees,Normalised SCP,16319.608518126126,0.0,,,0,0.7428571428571429,0.15714285714285714,0.15714285714285714,1,
0.6857142857142857,0.9,-0.2142857142857143,121.28277006473381,121.28277006473381,0.0,matched_Polyphosphazenes_1_informed,matched,informed,Polyphosphazenes,hist_gbr,SCP,75109.03903139064,0.0,,,0,0.6857142857142857,0.2142857142857143,0.2142857142857143,1,
0.7428571428571429,0.9,-0.15714285714285714,154.39697647287315,141.77240903489957,0.0,matched_Polyphosphazenes_1_informed,matched,informed,Polyphosphazenes,hist_gbr,Mondrian-similarity,17219.75877141678,0.0,,,0,0.7428571428571429,0.15714285714285714,0.15714285714285714,1,
0.6857142857142857,0.9,-0.2142857142857143,121.28277006473381,121.28277006473381,0.0,matched_Polyphosphazenes_1_informed,matched,informed,Polyphosphazenes,hist_gbr,Mondrian-family,75109.03903139064,1.0,,,0,0.6857142857142857,0.2142857142857143,0.2142857142857143,1,
0.7142857142857143,0.9,-0.18571428571428572,136.90474651116998,124.86388168265267,0.0,matched_Polyphosphazenes_1_informed,matched,informed,Polyphosphazenes,hist_gbr,Normalised SCP,35979.8369027389,0.0,,,0,0.7142857142857143,0.18571428571428572,0.18571428571428572,1,
0.2857142857142857,0.9,-0.6142857142857143,123.50699999999995,123.50699999999995,0.0,matched_Polyphosphazenes_1_naive,matched,naive,Polyphosphazenes,extra_trees,SCP,12448540987.055716,0.0,0.3125,0.5875,1,0.2857142857142857,0.6142857142857143,0.6142857142857143,1,0.5875
0.7142857142857143,0.9,-0.18571428571428572,251.50224457142738,254.20839999999868,0.0,matched_Polyphosphazenes_1_naive,matched,naive,Polyphosphazenes,extra_trees,Mondrian-similarity,66097.12205715528,0.0,0.75,0.15000000000000002,1,0.7142857142857143,0.18571428571428572,0.18571428571428572,1,0.15000000000000002
0.2857142857142857,0.9,-0.6142857142857143,123.50699999999995,123.50699999999995,0.0,matched_Polyphosphazenes_1_naive,matched,naive,Polyphosphazenes,extra_trees,Mondrian-family,12448540987.055716,1.0,0.3125,0.5875,1,0.2857142857142857,0.6142857142857143,0.6142857142857143,1,0.5875
0.2857142857142857,0.9,-0.6142857142857143,142.3197660589124,139.48708555341034,0.0,matched_Polyphosphazenes_1_naive,matched,naive,Polyphosphazenes,extra_trees,Normalised SCP,14344720874.545998,0.0,0.3125,0.5875,1,0.2857142857142857,0.6142857142857143,0.6142857142857143,1,0.5875
0.34285714285714286,0.9,-0.5571428571428572,123.16964491214328,123.16964491214327,0.0,matched_Polyphosphazenes_1_naive,matched,naive,Polyphosphazenes,hist_gbr,SCP,2235762893.9109373,0.0,0.375,0.525,1,0.34285714285714286,0.5571428571428572,0.5571428571428572,1,0.525
0.7428571428571429,0.9,-0.15714285714285714,288.90990312949145,297.75408745897084,0.0,matched_Polyphosphazenes_1_naive,matched,naive,Polyphosphazenes,hist_gbr,Mondrian-similarity,32221.866983498283,0.0,0.8125,0.08750000000000002,1,0.7428571428571429,0.15714285714285714,0.15714285714285714,1,0.08750000000000002
0.34285714285714286,0.9,-0.5571428571428572,123.16964491214328,123.16964491214327,0.0,matched_Polyphosphazenes_1_naive,matched,naive,Polyphosphazenes,hist_gbr,Mondrian-family,2235762893.9109373,1.0,0.375,0.525,1,0.34285714285714286,0.5571428571428572,0.5571428571428572,1,0.525
0.22857142857142856,0.9,-0.6714285714285715,126.87370189949183,110.03153899360161,0.0,matched_Polyphosphazenes_1_naive,matched,naive,Polyphosphazenes,hist_gbr,Normalised SCP,71007352237.45993,0.0,0.25,0.65,1,0.22857142857142856,0.6714285714285715,0.6714285714285715,1,0.65
0.6857142857142857,0.9,-0.2142857142857143,114.438,114.43799999999999,0.0,matched_Polyphosphazenes_1_control,matched,control,Polyphosphazenes,extra_trees,SCP,70870.15083912238,0.0,,,0,0.6857142857142857,0.2142857142857143,0.2142857142857143,1,
0.7714285714285715,0.9,-0.12857142857142856,139.00465142857138,120.04628000000002,0.0,matched_Polyphosphazenes_1_control,matched,control,Polyphosphazenes,extra_trees,Mondrian-similarity,6579.080370492821,0.0,,,0,0.7714285714285715,0.12857142857142856,0.12857142857142856,1,
0.6857142857142857,0.9,-0.2142857142857143,114.438,114.43799999999999,0.0,matched_Polyphosphazenes_1_control,matched,control,Polyphosphazenes,extra_trees,Mondrian-family,70870.15083912238,1.0,,,0,0.6857142857142857,0.2142857142857143,0.2142857142857143,1,
0.7142857142857143,0.9,-0.18571428571428572,129.422327661669,124.31516085305498,0.0,matched_Polyphosphazenes_1_control,matched,control,Polyphosphazenes,extra_trees,Normalised SCP,34013.3878445168,0.0,,,0,0.7142857142857143,0.18571428571428572,0.18571428571428572,1,
0.7428571428571429,0.9,-0.15714285714285714,122.07943544850384,122.07943544850383,0.0,matched_Polyphosphazenes_1_control,matched,control,Polyphosphazenes,hist_gbr,SCP,13615.411890810738,0.0,,,0,0.7428571428571429,0.15714285714285714,0.15714285714285714,1,
0.7714285714285715,0.9,-0.12857142857142856,144.86894442277875,132.34490437262457,0.0,matched_Polyphosphazenes_1_control,matched,control,Polyphosphazenes,hist_gbr,Mondrian-similarity,6856.6369452440895,0.0,,,0,0.7714285714285715,0.12857142857142856,0.12857142857142856,1,
0.7428571428571429,0.9,-0.15714285714285714,122.07943544850384,122.07943544850383,0.0,matched_Polyphosphazenes_1_control,matched,control,Polyphosphazenes,hist_gbr,Mondrian-family,13615.411890810738,1.0,,,0,0.7428571428571429,0.15714285714285714,0.15714285714285714,1,
0.7142857142857143,0.9,-0.18571428571428572,124.88379915300435,122.62096694608087,0.0,matched_Polyphosphazenes_1_control,matched,control,Polyphosphazenes,hist_gbr,Normalised SCP,32820.62046660225,0.0,,,0,0.7142857142857143,0.18571428571428572,0.18571428571428572,1,
0.8285714285714286,0.9,-0.0714285714285714,122.47936000000027,122.47936000000027,0.0,matched_Polyphosphazenes_2_informed,matched,informed,Polyphosphazenes,extra_trees,SCP,1043.9842361443639,0.0,0.8181818181818182,0.08181818181818179,1,0.8285714285714286,0.0714285714285714,0.0714285714285714,1,0.08181818181818179
0.9142857142857143,0.9,0.014285714285714235,137.6582200000001,125.48255999999999,0.0,matched_Polyphosphazenes_2_informed,matched,informed,Polyphosphazenes,extra_trees,Mondrian-similarity,137.6582200000001,0.0,1.0,-0.09999999999999998,1,0.9142857142857143,-0.014285714285714235,0.014285714285714235,1,0.09999999999999998
0.8285714285714286,0.9,-0.0714285714285714,122.47936000000027,122.47936000000027,0.0,matched_Polyphosphazenes_2_informed,matched,informed,Polyphosphazenes,extra_trees,Mondrian-family,1043.9842361443639,1.0,0.8181818181818182,0.08181818181818179,1,0.8285714285714286,0.0714285714285714,0.0714285714285714,1,0.08181818181818179
0.8571428571428571,0.9,-0.04285714285714293,131.65225019142446,122.08596906939664,0.0,matched_Polyphosphazenes_2_informed,matched,informed,Polyphosphazenes,extra_trees,Normalised SCP,476.2192053822192,0.0,0.8181818181818182,0.08181818181818179,1,0.8571428571428571,0.04285714285714293,0.04285714285714293,1,0.08181818181818179
0.9428571428571428,0.9,0.042857142857142816,118.08020641624582,118.0802064162458,0.0,matched_Polyphosphazenes_2_informed,matched,informed,Polyphosphazenes,hist_gbr,SCP,118.08020641624582,0.0,1.0,-0.09999999999999998,1,0.9428571428571428,-0.042857142857142816,0.042857142857142816,1,0.09999999999999998
0.9714285714285714,0.9,0.0714285714285714,142.6725329844176,139.20403303467378,0.0,matched_Polyphosphazenes_2_informed,matched,informed,Polyphosphazenes,hist_gbr,Mondrian-similarity,142.6725329844176,0.0,1.0,-0.09999999999999998,1,0.9714285714285714,-0.0714285714285714,0.0714285714285714,1,0.09999999999999998
0.9428571428571428,0.9,0.042857142857142816,118.08020641624582,118.0802064162458,0.0,matched_Polyphosphazenes_2_informed,matched,informed,Polyphosphazenes,hist_gbr,Mondrian-family,118.08020641624582,1.0,1.0,-0.09999999999999998,1,0.9428571428571428,-0.042857142857142816,0.042857142857142816,1,0.09999999999999998
0.9714285714285714,0.9,0.0714285714285714,126.46390895569095,118.27550453068453,0.0,matched_Polyphosphazenes_2_informed,matched,informed,Polyphosphazenes,hist_gbr,Normalised SCP,126.46390895569095,0.0,1.0,-0.09999999999999998,1,0.9714285714285714,-0.0714285714285714,0.0714285714285714,1,0.09999999999999998
0.4,0.9,-0.5,123.50699999999995,123.50699999999995,0.0,matched_Polyphosphazenes_2_naive,matched,naive,Polyphosphazenes,extra_trees,SCP,403746528.6219128,0.0,0.42424242424242425,0.47575757575757577,1,0.4,0.5,0.5,1,0.47575757575757577
0.8857142857142857,0.9,-0.014285714285714346,252.10186514285593,254.20839999999868,0.0,matched_Polyphosphazenes_2_naive,matched,naive,Polyphosphazenes,extra_trees,Mondrian-similarity,386.9922477450442,0.0,0.8787878787878788,0.021212121212121238,1,0.8857142857142857,0.014285714285714346,0.014285714285714346,1,0.021212121212121238
0.4,0.9,-0.5,123.50699999999995,123.50699999999995,0.0,matched_Polyphosphazenes_2_naive,matched,naive,Polyphosphazenes,extra_trees,Mondrian-family,403746528.6219128,1.0,0.42424242424242425,0.47575757575757577,1,0.4,0.5,0.5,1,0.47575757575757577
0.2571428571428571,0.9,-0.6428571428571429,130.27497868264894,119.49018236908113,0.0,matched_Polyphosphazenes_2_naive,matched,naive,Polyphosphazenes,extra_trees,Normalised SCP,30941424534.67314,0.0,0.2727272727272727,0.6272727272727273,1,0.2571428571428571,0.6428571428571429,0.6428571428571429,1,0.6272727272727273
0.42857142857142855,0.9,-0.4714285714285715,123.16964491214328,123.16964491214327,0.0,matched_Polyphosphazenes_2_naive,matched,naive,Polyphosphazenes,hist_gbr,SCP,170871056.57334757,0.0,0.45454545454545453,0.4454545454545455,1,0.42857142857142855,0.4714285714285715,0.4714285714285715,1,0.4454545454545455
0.9428571428571428,0.9,0.042857142857142816,291.74439091957845,297.75408745897084,0.0,matched_Polyphosphazenes_2_naive,matched,naive,Polyphosphazenes,hist_gbr,Mondrian-similarity,291.74439091957845,0.0,0.9696969696969697,-0.0696969696969697,1,0.9428571428571428,-0.042857142857142816,0.042857142857142816,1,0.0696969696969697
0.42857142857142855,0.9,-0.4714285714285715,123.16964491214328,123.16964491214327,0.0,matched_Polyphosphazenes_2_naive,matched,naive,Polyphosphazenes,hist_gbr,Mondrian-family,170871056.57334757,1.0,0.45454545454545453,0.4454545454545455,1,0.42857142857142855,0.4714285714285715,0.4714285714285715,1,0.4454545454545455
0.22857142857142856,0.9,-0.6714285714285715,120.63403965479324,110.3722103013401,0.0,matched_Polyphosphazenes_2_naive,matched,naive,Polyphosphazenes,hist_gbr,Normalised SCP,67515203051.152725,0.0,0.24242424242424243,0.6575757575757576,1,0.22857142857142856,0.6714285714285715,0.6714285714285715,1,0.6575757575757576
0.8,0.9,-0.09999999999999998,128.08280000000005,128.08280000000005,0.0,matched_Polyphosphazenes_2_control,matched,control,Polyphosphazenes,extra_trees,SCP,2572.61180862526,0.0,0.7272727272727273,0.17272727272727273,1,0.8,0.09999999999999998,0.09999999999999998,1,0.17272727272727273
0.9714285714285714,0.9,0.0714285714285714,148.6847845714286,152.03612000000004,0.0,matched_Polyphosphazenes_2_control,matched,control,Polyphosphazenes,extra_trees,Mondrian-similarity,148.6847845714286,0.0,1.0,-0.09999999999999998,1,0.9714285714285714,-0.0714285714285714,0.0714285714285714,1,0.09999999999999998
0.8,0.9,-0.09999999999999998,128.08280000000005,128.08280000000005,0.0,matched_Polyphosphazenes_2_control,matched,control,Polyphosphazenes,extra_trees,Mondrian-family,2572.61180862526,1.0,0.7272727272727273,0.17272727272727273,1,0.8,0.09999999999999998,0.09999999999999998,1,0.17272727272727273
0.8,0.9,-0.09999999999999998,126.80459718649773,118.03708040862273,0.0,matched_Polyphosphazenes_2_control,matched,control,Polyphosphazenes,extra_trees,Normalised SCP,2546.938418819337,0.0,0.7272727272727273,0.17272727272727273,1,0.8,0.09999999999999998,0.09999999999999998,1,0.17272727272727273
0.8571428571428571,0.9,-0.04285714285714293,124.39531379465492,124.39531379465495,0.0,matched_Polyphosphazenes_2_control,matched,control,Polyphosphazenes,hist_gbr,SCP,449.9690465026408,0.0,0.8181818181818182,0.08181818181818179,1,0.8571428571428571,0.04285714285714293,0.04285714285714293,1,0.08181818181818179
0.9714285714285714,0.9,0.0714285714285714,141.32466320622768,146.60119385544658,0.0,matched_Polyphosphazenes_2_control,matched,control,Polyphosphazenes,hist_gbr,Mondrian-similarity,141.32466320622768,0.0,0.9090909090909091,-0.009090909090909038,1,0.9714285714285714,-0.0714285714285714,0.0714285714285714,1,0.009090909090909038
0.8571428571428571,0.9,-0.04285714285714293,124.39531379465492,124.39531379465495,0.0,matched_Polyphosphazenes_2_control,matched,control,Polyphosphazenes,hist_gbr,Mondrian-family,449.9690465026408,1.0,0.8181818181818182,0.08181818181818179,1,0.8571428571428571,0.04285714285714293,0.04285714285714293,1,0.08181818181818179
0.8571428571428571,0.9,-0.04285714285714293,114.38752345486662,108.14220411299969,0.0,matched_Polyphosphazenes_2_control,matched,control,Polyphosphazenes,hist_gbr,Normalised SCP,413.7683590376249,0.0,0.9090909090909091,-0.009090909090909038,1,0.8571428571428571,0.04285714285714293,0.04285714285714293,1,0.009090909090909038
0.746031746031746,0.9,-0.15396825396825398,120.16179999999997,120.1618,0.0,matched_Polysiloxanes_0_informed,matched,informed,Polysiloxanes,extra_trees,SCP,12184.096161416135,0.0,0.3,0.6000000000000001,2,0.746031746031746,0.15396825396825398,0.15396825396825398,1,0.33333333333333337
0.7619047619047619,0.9,-0.13809523809523816,120.36513714285715,118.00840000000005,0.0,matched_Polysiloxanes_0_informed,matched,informed,Polysiloxanes,extra_trees,Mondrian-similarity,7580.899015166448,0.0,0.7,0.20000000000000007,2,0.7619047619047619,0.13809523809523816,0.13809523809523816,1,0.15000000000000002
0.9206349206349206,0.9,0.02063492063492056,158.25129999999996,158.2513,0.0,matched_Polysiloxanes_0_informed,matched,informed,Polysiloxanes,extra_trees,Mondrian-family,158.25129999999996,0.0,0.8,0.09999999999999998,2,0.9206349206349206,-0.02063492063492056,0.02063492063492056,1,0.09999999999999998
0.9206349206349206,0.9,0.02063492063492056,178.8729492024823,151.5143322624663,0.0,matched_Polysiloxanes_0_informed,matched,informed,Polysiloxanes,extra_trees,Normalised SCP,178.8729492024823,0.0,0.9333333333333333,-0.033333333333333326,2,0.9206349206349206,-0.02063492063492056,0.02063492063492056,1,0.06666666666666665
0.8571428571428571,0.9,-0.04285714285714293,119.9355748763531,119.93557487635314,0.0,matched_Polysiloxanes_0_informed,matched,informed,Polysiloxanes,hist_gbr,SCP,433.83705239849303,0.0,0.6,0.30000000000000004,2,0.8571428571428571,0.04285714285714293,0.04285714285714293,1,0.18333333333333335
0.9365079365079365,0.9,0.03650793650793649,123.069493168643,108.31221581033378,0.0,matched_Polysiloxanes_0_informed,matched,informed,Polysiloxanes,hist_gbr,Mondrian-similarity,123.069493168643,0.0,0.9333333333333333,-0.033333333333333326,2,0.9365079365079365,-0.03650793650793649,0.03650793650793649,1,0.06666666666666665
0.9841269841269841,0.9,0.08412698412698405,147.80248743394776,147.8024874339477,0.0,matched_Polysiloxanes_0_informed,matched,informed,Polysiloxanes,hist_gbr,Mondrian-family,147.80248743394776,0.0,1.0,-0.09999999999999998,2,0.9841269841269841,-0.08412698412698405,0.08412698412698405,1,0.09999999999999998
0.9682539682539683,0.9,0.06825396825396823,165.73471163606965,174.30744473021227,0.0,matched_Polysiloxanes_0_informed,matched,informed,Polysiloxanes,hist_gbr,Normalised SCP,165.73471163606965,0.0,0.9666666666666667,-0.06666666666666665,2,0.9682539682539683,-0.06825396825396823,0.06825396825396823,1,0.08333333333333331
0.47619047619047616,0.9,-0.42380952380952386,130.3872,130.3872,0.0,matched_Polysiloxanes_0_naive,matched,naive,Polysiloxanes,extra_trees,SCP,43349000.28511079,0.0,0.2972972972972973,0.6027027027027028,2,0.47619047619047616,0.42380952380952386,0.42380952380952386,1,0.39841017488076313
0.8412698412698413,0.9,-0.058730158730158744,217.88681714285713,261.45024,0.0,matched_Polysiloxanes_0_naive,matched,naive,Polysiloxanes,extra_trees,Mondrian-similarity,1268.868074939084,0.0,0.7058823529411765,0.1941176470588235,2,0.8412698412698413,0.058730158730158744,0.058730158730158744,1,0.11462639109697931
0.47619047619047616,0.9,-0.42380952380952386,130.3872,130.3872,0.0,matched_Polysiloxanes_0_naive,matched,naive,Polysiloxanes,extra_trees,Mondrian-family,43349000.28511079,1.0,0.2972972972972973,0.6027027027027028,2,0.47619047619047616,0.42380952380952386,0.42380952380952386,1,0.39841017488076313
0.5555555555555556,0.9,-0.34444444444444444,151.32359810492775,151.02360325319643,0.0,matched_Polysiloxanes_0_naive,matched,naive,Polysiloxanes,extra_trees,Normalised SCP,4651749.34914728,0.0,0.4864864864864865,0.4135135135135135,2,0.5555555555555556,0.34444444444444444,0.34444444444444444,1,0.3626391096979332
0.5238095238095238,0.9,-0.3761904761904762,130.95426829750525,130.95426829750522,0.0,matched_Polysiloxanes_0_naive,matched,naive,Polysiloxanes,hist_gbr,SCP,10433814.15580489,0.0,0.40540540540540543,0.4945945945945946,2,0.5238095238095238,0.3761904761904762,0.3761904761904762,1,0.3443561208267091
0.873015873015873,0.9,-0.026984126984127,268.18571561718744,333.59376027865136,0.0,matched_Polysiloxanes_0_naive,matched,naive,Polysiloxanes,hist_gbr,Mondrian-similarity,602.5698057162812,0.0,0.7058823529411765,0.1941176470588235,2,0.873015873015873,0.026984126984127,0.026984126984127,1,0.12003179650238471
0.5238095238095238,0.9,-0.3761904761904762,130.95426829750525,130.95426829750522,0.0,matched_Polysiloxanes_0_naive,matched,naive,Polysiloxanes,hist_gbr,Mondrian-family,10433814.15580489,1.0,0.40540540540540543,0.4945945945945946,2,0.5238095238095238,0.3761904761904762,0.3761904761904762,1,0.3443561208267091
0.5714285714285714,0.9,-0.3285714285714286,137.9323822184117,135.82035527020642,0.0,matched_Polysiloxanes_0_naive,matched,naive,Polysiloxanes,hist_gbr,Normalised SCP,2633716.2729234127,0.0,0.5294117647058824,0.37058823529411766,2,0.5714285714285714,0.3285714285714286,0.3285714285714286,1,0.35151033386327507
0.8253968253968254,0.9,-0.07460317460317467,129.1787199999999,129.17871999999994,0.0,matched_Polysiloxanes_0_control,matched,control,Polysiloxanes,extra_trees,SCP,1211.1094387069402,0.0,0.46153846153846156,0.43846153846153846,3,0.8253968253968254,0.07460317460317467,0.07460317460317467,1,0.17115384615384613
0.8571428571428571,0.9,-0.04285714285714293,138.6102215873016,126.28920000000005,0.0,matched_Polysiloxanes_0_control,matched,control,Polysiloxanes,extra_trees,Mondrian-similarity,501.38793287756323,0.0,0.7916666666666666,0.10833333333333339,3,0.8571428571428571,0.04285714285714293,0.04285714285714293,1,0.04935897435897437
0.9841269841269841,0.9,0.08412698412698405,210.59244000000007,210.59244000000004,0.0,matched_Polysiloxanes_0_control,matched,control,Polysiloxanes,extra_trees,Mondrian-family,210.59244000000007,0.0,0.9230769230769231,-0.023076923076923106,3,0.9841269841269841,-0.08412698412698405,0.08412698412698405,1,0.07435897435897436
0.8888888888888888,0.9,-0.011111111111111183,164.28632278005486,151.94368003969788,0.0,matched_Polysiloxanes_0_control,matched,control,Polysiloxanes,extra_trees,Normalised SCP,229.28003334354895,0.0,0.6153846153846154,0.2846153846153846,3,0.8888888888888888,0.011111111111111183,0.011111111111111183,1,0.13376068376068373
0.9047619047619048,0.9,0.004761904761904745,123.90989138022634,123.90989138022636,0.0,matched_Polysiloxanes_0_control,matched,control,Polysiloxanes,hist_gbr,SCP,123.90989138022634,0.0,0.7692307692307693,0.13076923076923075,3,0.9047619047619048,-0.004761904761904745,0.004761904761904745,1,0.08247863247863245
0.8888888888888888,0.9,-0.011111111111111183,137.3645168633247,128.97061314335127,0.0,matched_Polysiloxanes_0_control,matched,control,Polysiloxanes,hist_gbr,Mondrian-similarity,191.70762650040405,0.0,0.8333333333333334,0.06666666666666665,3,0.8888888888888888,0.011111111111111183,0.011111111111111183,1,0.035470085470085455
0.9682539682539683,0.9,0.06825396825396823,199.71232167186383,199.71232167186372,0.0,matched_Polysiloxanes_0_control,matched,control,Polysiloxanes,hist_gbr,Mondrian-family,199.71232167186383,0.0,0.9230769230769231,-0.023076923076923106,3,0.9682539682539683,-0.06825396825396823,0.06825396825396823,1,0.07435897435897436
0.873015873015873,0.9,-0.026984126984127,144.20373473201494,140.56434011020605,0.0,matched_Polysiloxanes_0_control,matched,control,Polysiloxanes,hist_gbr,Normalised SCP,324.00240341310564,0.0,0.5384615384615384,0.3615384615384616,3,0.873015873015873,0.026984126984127,0.026984126984127,1,0.1594017094017094
0.6984126984126984,0.9,-0.20158730158730165,119.69440000000002,119.69439999999997,0.0,matched_Polysiloxanes_1_informed,matched,informed,Polysiloxanes,extra_trees,SCP,50643.231879298655,0.0,0.45454545454545453,0.4454545454545455,2,0.6984126984126984,0.20158730158730165,0.20158730158730165,1,0.23106060606060605
0.7777777777777778,0.9,-0.12222222222222223,129.35094222222222,114.39999999999998,0.0,matched_Polysiloxanes_1_informed,matched,informed,Polysiloxanes,extra_trees,Mondrian-similarity,5060.374946104265,0.0,0.7272727272727273,0.17272727272727273,2,0.7777777777777778,0.12222222222222223,0.12222222222222223,1,0.14053030303030306
0.8571428571428571,0.9,-0.04285714285714293,168.09239999999994,168.09240000000003,0.0,matched_Polysiloxanes_1_informed,matched,informed,Polysiloxanes,extra_trees,Mondrian-family,608.0323658911856,0.0,0.7272727272727273,0.17272727272727273,2,0.8571428571428571,0.04285714285714293,0.04285714285714293,1,0.11553030303030304
0.8253968253968254,0.9,-0.07460317460317467,167.20583229396047,149.2642835792516,0.0,matched_Polysiloxanes_1_informed,matched,informed,Polysiloxanes,extra_trees,Normalised SCP,1567.6309666024356,0.0,0.7272727272727273,0.17272727272727273,2,0.8253968253968254,0.07460317460317467,0.07460317460317467,1,0.09469696969696967
0.8095238095238095,0.9,-0.09047619047619049,121.84033415582216,121.84033415582215,0.0,matched_Polysiloxanes_1_informed,matched,informed,Polysiloxanes,hist_gbr,SCP,1839.0366715768494,0.0,0.8181818181818182,0.08181818181818179,2,0.8095238095238095,0.09047619047619049,0.09047619047619049,1,0.0492424242424242
0.8571428571428571,0.9,-0.04285714285714293,132.03431357118612,115.47708745152434,0.0,matched_Polysiloxanes_1_informed,matched,informed,Polysiloxanes,hist_gbr,Mondrian-similarity,477.60122444266966,0.0,0.8181818181818182,0.08181818181818179,2,0.8571428571428571,0.04285714285714293,0.04285714285714293,1,0.0492424242424242
0.8888888888888888,0.9,-0.011111111111111183,143.9389825408816,143.9389825408816,0.0,matched_Polysiloxanes_1_informed,matched,informed,Polysiloxanes,hist_gbr,Mondrian-family,200.8830324883045,0.0,0.8181818181818182,0.08181818181818179,2,0.8888888888888888,0.011111111111111183,0.011111111111111183,1,0.07007575757575757
0.9047619047619048,0.9,0.004761904761904745,151.57123219422562,132.74835918517653,0.0,matched_Polysiloxanes_1_informed,matched,informed,Polysiloxanes,hist_gbr,Normalised SCP,151.57123219422562,0.0,0.9166666666666666,-0.016666666666666607,2,0.9047619047619048,-0.004761904761904745,0.004761904761904745,1,0.05833333333333329
0.47619047619047616,0.9,-0.42380952380952386,130.3872,130.3872,0.0,matched_Polysiloxanes_1_naive,matched,naive,Polysiloxanes,extra_trees,SCP,43349000.28511079,0.0,0.32432432432432434,0.5756756756756757,3,0.47619047619047616,0.42380952380952386,0.42380952380952386,1,0.34433944433944436
0.8095238095238095,0.9,-0.09047619047619049,219.54585841269844,261.45024,0.0,matched_Polysiloxanes_1_naive,matched,naive,Polysiloxanes,extra_trees,Mondrian-similarity,3313.786748133912,0.0,0.7272727272727273,0.17272727272727273,3,0.8095238095238095,0.09047619047619049,0.09047619047619049,1,0.12188622188622189
0.47619047619047616,0.9,-0.42380952380952386,130.3872,130.3872,0.0,matched_Polysiloxanes_1_naive,matched,naive,Polysiloxanes,extra_trees,Mondrian-family,43349000.28511079,1.0,0.32432432432432434,0.5756756756756757,3,0.47619047619047616,0.42380952380952386,0.42380952380952386,1,0.34433944433944436
0.5714285714285714,0.9,-0.3285714285714286,147.28547215263328,148.71990152227548,0.0,matched_Polysiloxanes_1_naive,matched,naive,Polysiloxanes,extra_trees,Normalised SCP,2812306.5703263045,0.0,0.4864864864864865,0.4135135135135135,3,0.5714285714285714,0.3285714285714286,0.3285714285714286,1,0.2902853902853903
0.5079365079365079,0.9,-0.3920634920634921,130.95426829750525,130.95426829750522,0.0,matched_Polysiloxanes_1_naive,matched,naive,Polysiloxanes,hist_gbr,SCP,16797706.66789041,0.0,0.40540540540540543,0.4945945945945946,3,0.5079365079365079,0.3920634920634921,0.3920634920634921,1,0.3476154476154476
0.8571428571428571,0.9,-0.04285714285714293,267.9460367159879,333.59376027865136,0.0,matched_Polysiloxanes_1_naive,matched,naive,Polysiloxanes,hist_gbr,Mondrian-similarity,969.2280117101585,0.0,0.6153846153846154,0.2846153846153846,3,0.8571428571428571,0.04285714285714293,0.04285714285714293,1,0.17677187677187678
0.5079365079365079,0.9,-0.3920634920634921,130.95426829750525,130.95426829750522,0.0,matched_Polysiloxanes_1_naive,matched,naive,Polysiloxanes,hist_gbr,Mondrian-family,16797706.66789041,1.0,0.40540540540540543,0.4945945945945946,3,0.5079365079365079,0.3920634920634921,0.3920634920634921,1,0.3476154476154476
0.5555555555555556,0.9,-0.34444444444444444,132.53728271748736,127.25406312191447,0.0,matched_Polysiloxanes_1_naive,matched,naive,Polysiloxanes,hist_gbr,Normalised SCP,4074250.3240725147,0.0,0.4864864864864865,0.4135135135135135,3,0.5555555555555556,0.34444444444444444,0.34444444444444444,1,0.31592641592641596
0.746031746031746,0.9,-0.15396825396825398,126.28480000000006,126.28480000000002,0.0,matched_Polysiloxanes_1_control,matched,control,Polysiloxanes,extra_trees,SCP,12804.95254669292,0.0,0.5,0.4,3,0.746031746031746,0.15396825396825398,0.15396825396825398,1,0.20923076923076925
0.9047619047619048,0.9,0.004761904761904745,154.46502095238097,156.37507999999997,0.0,matched_Polysiloxanes_1_control,matched,control,Polysiloxanes,extra_trees,Mondrian-similarity,154.46502095238097,0.0,0.88,0.020000000000000018,3,0.9047619047619048,-0.004761904761904745,0.004761904761904745,1,0.0476923076923077
0.9682539682539683,0.9,0.06825396825396823,237.1393000000001,237.13930000000002,0.0,matched_Polysiloxanes_1_control,matched,control,Polysiloxanes,extra_trees,Mondrian-family,237.1393000000001,0.0,0.9,-0.0,3,0.9682539682539683,-0.06825396825396823,0.06825396825396823,1,0.06666666666666665
0.8888888888888888,0.9,-0.011111111111111183,155.5413329533115,156.97832276863758,0.0,matched_Polysiloxanes_1_control,matched,control,Polysiloxanes,extra_trees,Normalised SCP,217.07541688409444,0.0,0.8461538461538461,0.05384615384615388,3,0.8888888888888888,0.011111111111111183,0.011111111111111183,1,0.024615384615384633
0.8571428571428571,0.9,-0.04285714285714293,122.85883382095997,122.85883382095994,0.0,matched_Polysiloxanes_1_control,matched,control,Polysiloxanes,hist_gbr,SCP,444.4112131113027,0.0,0.7,0.20000000000000007,3,0.8571428571428571,0.04285714285714293,0.04285714285714293,1,0.10461538461538462
0.8888888888888888,0.9,-0.011111111111111183,151.72123365287413,131.54646317160422,0.0,matched_Polysiloxanes_1_control,matched,control,Polysiloxanes,hist_gbr,Mondrian-similarity,211.74403883534134,0.0,0.84,0.06000000000000005,3,0.8888888888888888,0.011111111111111183,0.011111111111111183,1,0.08666666666666667
0.9523809523809523,0.9,0.052380952380952306,190.4290333194919,190.42903331949202,0.0,matched_Polysiloxanes_1_control,matched,control,Polysiloxanes,hist_gbr,Mondrian-family,190.4290333194919,0.0,0.9,-0.0,3,0.9523809523809523,-0.052380952380952306,0.052380952380952306,1,0.06666666666666665
0.9206349206349206,0.9,0.02063492063492056,140.318122891315,135.8936832598989,0.0,matched_Polysiloxanes_1_control,matched,control,Polysiloxanes,hist_gbr,Normalised SCP,140.318122891315,0.0,0.9,-0.0,3,0.9206349206349206,-0.02063492063492056,0.02063492063492056,1,0.04
0.6825396825396826,0.9,-0.21746031746031746,118.52207999999993,118.52207999999996,0.0,matched_Polysiloxanes_2_informed,matched,informed,Polysiloxanes,extra_trees,SCP,80733.49275829035,0.0,0.2,0.7,3,0.6825396825396826,0.21746031746031746,0.21746031746031746,1,0.26666666666666666
0.746031746031746,0.9,-0.15396825396825398,131.69023047619044,114.00492000000003,0.0,matched_Polysiloxanes_2_informed,matched,informed,Polysiloxanes,extra_trees,Mondrian-similarity,13353.049235621957,0.0,0.6,0.30000000000000004,3,0.746031746031746,0.15396825396825398,0.15396825396825398,1,0.13888888888888887
0.8095238095238095,0.9,-0.09047619047619049,180.0407,180.04070000000007,0.0,matched_Polysiloxanes_2_informed,matched,informed,Polysiloxanes,extra_trees,Mondrian-family,2717.5028037342618,0.0,0.6,0.30000000000000004,3,0.8095238095238095,0.09047619047619049,0.09047619047619049,1,0.16666666666666666
0.7777777777777778,0.9,-0.12222222222222223,157.41954278349928,142.08354405124754,0.0,matched_Polysiloxanes_2_informed,matched,informed,Polysiloxanes,extra_trees,Normalised SCP,6158.454640092708,0.0,0.6,0.30000000000000004,3,0.7777777777777778,0.12222222222222223,0.12222222222222223,1,0.20000000000000004
0.7301587301587301,0.9,-0.1698412698412699,124.97453946967016,124.97453946967016,0.0,matched_Polysiloxanes_2_informed,matched,informed,Polysiloxanes,hist_gbr,SCP,20401.182167719206,0.0,0.5,0.4,3,0.7301587301587301,0.1698412698412699,0.1698412698412699,1,0.16666666666666666
0.8571428571428571,0.9,-0.04285714285714293,136.31824690311507,115.13743877124244,0.0,matched_Polysiloxanes_2_informed,matched,informed,Polysiloxanes,hist_gbr,Mondrian-similarity,493.09728565146236,0.0,0.8,0.09999999999999998,3,0.8571428571428571,0.04285714285714293,0.04285714285714293,1,0.06666666666666665
0.9047619047619048,0.9,0.004761904761904745,181.0015753440841,181.00157534408413,0.0,matched_Polysiloxanes_2_informed,matched,informed,Polysiloxanes,hist_gbr,Mondrian-family,181.0015753440841,0.0,0.8,0.09999999999999998,3,0.9047619047619048,-0.004761904761904745,0.004761904761904745,1,0.09999999999999998
0.7777777777777778,0.9,-0.12222222222222223,132.01307259967078,115.3614828705143,0.0,matched_Polysiloxanes_2_informed,matched,informed,Polysiloxanes,hist_gbr,Normalised SCP,5164.520904640542,0.0,0.6,0.30000000000000004,3,0.7777777777777778,0.12222222222222223,0.12222222222222223,1,0.15555555555555556
0.38095238095238093,0.9,-0.5190476190476191,130.3872,130.3872,0.0,matched_Polysiloxanes_2_naive,matched,naive,Polysiloxanes,extra_trees,SCP,754780137.8014565,0.0,0.21052631578947367,0.6894736842105263,2,0.38095238095238093,0.5190476190476191,0.5190476190476191,1,0.4947368421052632
0.7301587301587301,0.9,-0.1698412698412699,219.33235047619047,261.45024,0.0,matched_Polysiloxanes_2_naive,matched,naive,Polysiloxanes,extra_trees,Mondrian-similarity,35804.40669217059,0.0,0.6,0.30000000000000004,2,0.7301587301587301,0.1698412698412699,0.1698412698412699,1,0.2315789473684211
0.38095238095238093,0.9,-0.5190476190476191,130.3872,130.3872,0.0,matched_Polysiloxanes_2_naive,matched,naive,Polysiloxanes,extra_trees,Mondrian-family,754780137.8014565,1.0,0.21052631578947367,0.6894736842105263,2,0.38095238095238093,0.5190476190476191,0.5190476190476191,1,0.4947368421052632
0.4444444444444444,0.9,-0.4555555555555556,145.50440187826646,139.80584359589753,0.0,matched_Polysiloxanes_2_naive,matched,naive,Polysiloxanes,extra_trees,Normalised SCP,125381670.38233614,0.0,0.34210526315789475,0.5578947368421052,2,0.4444444444444444,0.4555555555555556,0.4555555555555556,1,0.42894736842105263
0.3968253968253968,0.9,-0.5031746031746032,130.95426829750525,130.95426829750522,0.0,matched_Polysiloxanes_2_naive,matched,naive,Polysiloxanes,hist_gbr,SCP,470867012.40258384,0.0,0.2631578947368421,0.6368421052631579,2,0.3968253968253968,0.5031746031746032,0.5031746031746032,1,0.5017543859649123
0.8571428571428571,0.9,-0.04285714285714293,269.6249521133469,333.59376027865136,0.0,matched_Polysiloxanes_2_naive,matched,naive,Polysiloxanes,hist_gbr,Mondrian-similarity,975.3010697495902,0.0,0.6666666666666666,0.2333333333333334,2,0.8571428571428571,0.04285714285714293,0.04285714285714293,1,0.12719298245614036
0.3968253968253968,0.9,-0.5031746031746032,130.95426829750525,130.95426829750522,0.0,matched_Polysiloxanes_2_naive,matched,naive,Polysiloxanes,hist_gbr,Mondrian-family,470867012.40258384,1.0,0.2631578947368421,0.6368421052631579,2,0.3968253968253968,0.5031746031746032,0.5031746031746032,1,0.5017543859649123
0.42857142857142855,0.9,-0.4714285714285715,135.32995918243105,129.60749203221997,0.0,matched_Polysiloxanes_2_naive,matched,naive,Polysiloxanes,hist_gbr,Normalised SCP,187740844.16679358,0.0,0.34210526315789475,0.5578947368421052,2,0.42857142857142855,0.4714285714285715,0.4714285714285715,1,0.42894736842105263
0.7142857142857143,0.9,-0.18571428571428572,130.84559999999996,130.8456,0.0,matched_Polysiloxanes_2_control,matched,control,Polysiloxanes,extra_trees,SCP,34387.437013054216,0.0,0.9285714285714286,-0.02857142857142858,1,0.7142857142857143,0.18571428571428572,0.18571428571428572,1,0.02857142857142858
0.8412698412698413,0.9,-0.058730158730158744,146.83547111111113,118.12859999999995,0.0,matched_Polysiloxanes_2_control,matched,control,Polysiloxanes,extra_trees,Mondrian-similarity,855.0991932631337,0.0,0.8571428571428571,0.04285714285714293,1,0.8412698412698413,0.058730158730158744,0.058730158730158744,1,0.04285714285714293
0.9365079365079365,0.9,0.03650793650793649,209.26280000000003,209.2628,0.0,matched_Polysiloxanes_2_control,matched,control,Polysiloxanes,extra_trees,Mondrian-family,209.26280000000003,0.0,1.0,-0.09999999999999998,1,0.9365079365079365,-0.03650793650793649,0.03650793650793649,1,0.09999999999999998
0.8095238095238095,0.9,-0.09047619047619049,149.36931078860007,146.76482308699713,0.0,matched_Polysiloxanes_2_control,matched,control,Polysiloxanes,extra_trees,Normalised SCP,2254.554225016205,0.0,0.9285714285714286,-0.02857142857142858,1,0.8095238095238095,0.09047619047619049,0.09047619047619049,1,0.02857142857142858
0.8571428571428571,0.9,-0.04285714285714293,126.38135268684357,126.3813526868436,0.0,matched_Polysiloxanes_2_control,matched,control,Polysiloxanes,hist_gbr,SCP,457.1530472449074,0.0,1.0,-0.09999999999999998,1,0.8571428571428571,0.04285714285714293,0.04285714285714293,1,0.09999999999999998
0.873015873015873,0.9,-0.026984126984127,144.95143819689784,122.5364453768484,0.0,matched_Polysiloxanes_2_control,matched,control,Polysiloxanes,hist_gbr,Mondrian-similarity,325.68237182801926,0.0,0.8571428571428571,0.04285714285714293,1,0.873015873015873,0.026984126984127,0.026984126984127,1,0.04285714285714293
0.8571428571428571,0.9,-0.04285714285714293,155.42479561965,155.42479561964993,0.0,matched_Polysiloxanes_2_control,matched,control,Polysiloxanes,hist_gbr,Mondrian-family,562.2104639993826,0.0,1.0,-0.09999999999999998,1,0.8571428571428571,0.04285714285714293,0.04285714285714293,1,0.09999999999999998
0.9047619047619048,0.9,0.004761904761904745,141.67372869260143,128.4812002714968,0.0,matched_Polysiloxanes_2_control,matched,control,Polysiloxanes,hist_gbr,Normalised SCP,141.67372869260143,0.0,1.0,-0.09999999999999998,1,0.9047619047619048,-0.004761904761904745,0.004761904761904745,1,0.09999999999999998
0.8133333333333334,0.9,-0.08666666666666667,121.1367599999999,121.13675999999992,0.0,matched_Polystyrenes_0_informed,matched,informed,Polystyrenes,extra_trees,SCP,1630.95360304887,0.0,0.6111111111111112,0.28888888888888886,4,0.8133333333333334,0.08666666666666667,0.08666666666666667,1,0.1214975845410628
0.8666666666666667,0.9,-0.033333333333333326,140.2950426666667,133.50619999999998,0.0,matched_Polystyrenes_0_informed,matched,informed,Polystyrenes,extra_trees,Mondrian-similarity,381.3614651036864,0.0,0.6666666666666666,0.2333333333333334,4,0.8666666666666667,0.033333333333333326,0.033333333333333326,1,0.10326086956521738
0.88,0.9,-0.020000000000000018,144.28346000000002,144.28346,0.0,matched_Polystyrenes_0_informed,matched,informed,Polystyrenes,extra_trees,Mondrian-family,262.90160505139215,0.0,0.6666666666666666,0.2333333333333334,4,0.88,0.020000000000000018,0.020000000000000018,1,0.11159420289855071
0.88,0.9,-0.020000000000000018,140.17792332556556,130.85411852724178,0.0,matched_Polystyrenes_0_informed,matched,informed,Polystyrenes,extra_trees,Normalised SCP,255.4208294912124,0.0,0.7222222222222222,0.1777777777777778,4,0.88,0.020000000000000018,0.020000000000000018,1,0.10205314009661837
0.8266666666666667,0.9,-0.07333333333333336,118.93218211816782,118.93218211816782,0.0,matched_Polystyrenes_0_informed,matched,informed,Polystyrenes,hist_gbr,SCP,1073.364549133623,0.0,0.5555555555555556,0.34444444444444444,4,0.8266666666666667,0.07333333333333336,0.07333333333333336,1,0.12940821256038645
0.8933333333333333,0.9,-0.00666666666666671,137.461430380323,130.4650383628958,0.0,matched_Polystyrenes_0_informed,matched,informed,Polystyrenes,hist_gbr,Mondrian-similarity,167.8957702071689,0.0,0.6666666666666666,0.2333333333333334,4,0.8933333333333333,0.00666666666666671,0.00666666666666671,1,0.10163043478260869
0.9066666666666666,0.9,0.006666666666666599,153.29050758556554,153.29050758556554,0.0,matched_Polystyrenes_0_informed,matched,informed,Polystyrenes,hist_gbr,Mondrian-family,153.29050758556554,0.0,0.7222222222222222,0.1777777777777778,4,0.9066666666666666,-0.006666666666666599,0.006666666666666599,1,0.0986111111111111
0.84,0.9,-0.06000000000000005,132.8902202616283,124.4705068615788,0.0,matched_Polystyrenes_0_informed,matched,informed,Polystyrenes,hist_gbr,Normalised SCP,803.9389840510387,0.0,0.6666666666666666,0.2333333333333334,4,0.84,0.06000000000000005,0.06000000000000005,1,0.09510869565217392
0.64,0.9,-0.26,115.13359999999999,115.1336,0.0,matched_Polystyrenes_0_naive,matched,naive,Polystyrenes,extra_trees,SCP,280995.29185102816,0.0,0.42857142857142855,0.4714285714285715,3,0.64,0.26,0.26,1,0.16176046176046174
0.9733333333333334,0.9,0.07333333333333336,281.08928719999994,329.34220000000005,0.0,matched_Polystyrenes_0_naive,matched,naive,Polystyrenes,extra_trees,Mondrian-similarity,281.08928719999994,0.0,0.9523809523809523,-0.052380952380952306,3,0.9733333333333334,-0.07333333333333336,0.07333333333333336,1,0.07619047619047614
0.64,0.9,-0.26,115.13359999999999,115.1336,0.0,matched_Polystyrenes_0_naive,matched,naive,Polystyrenes,extra_trees,Mondrian-family,280995.29185102816,1.0,0.42857142857142855,0.4714285714285715,3,0.64,0.26,0.26,1,0.16176046176046174
0.5733333333333334,0.9,-0.32666666666666666,116.65760780470235,109.87327848609988,0.0,matched_Polystyrenes_0_naive,matched,naive,Polystyrenes,extra_trees,Normalised SCP,2103773.54304066,0.0,0.42857142857142855,0.4714285714285715,3,0.5733333333333334,0.32666666666666666,0.32666666666666666,1,0.24632034632034636
0.6133333333333333,0.9,-0.28666666666666674,106.0596603090082,106.05966030900817,0.0,matched_Polystyrenes_0_naive,matched,naive,Polystyrenes,hist_gbr,SCP,576079.9711741247,0.0,0.42857142857142855,0.4714285714285715,3,0.6133333333333333,0.28666666666666674,0.28666666666666674,1,0.19870129870129874
0.96,0.9,0.05999999999999994,264.35679676932426,314.0901558918521,0.0,matched_Polystyrenes_0_naive,matched,naive,Polystyrenes,hist_gbr,Mondrian-similarity,264.35679676932426,0.0,0.9090909090909091,-0.009090909090909038,3,0.96,-0.05999999999999994,0.05999999999999994,1,0.04588744588744583
0.6133333333333333,0.9,-0.28666666666666674,106.0596603090082,106.05966030900817,0.0,matched_Polystyrenes_0_naive,matched,naive,Polystyrenes,hist_gbr,Mondrian-family,576079.9711741247,1.0,0.42857142857142855,0.4714285714285715,3,0.6133333333333333,0.28666666666666674,0.28666666666666674,1,0.19870129870129874
0.6533333333333333,0.9,-0.2466666666666667,110.74671106068139,103.9136689378094,0.0,matched_Polystyrenes_0_naive,matched,naive,Polystyrenes,hist_gbr,Normalised SCP,181179.89496853264,0.0,0.5,0.4,3,0.6533333333333333,0.2466666666666667,0.2466666666666667,1,0.1748917748917749
0.8666666666666667,0.9,-0.033333333333333326,122.10839999999989,122.10839999999993,0.0,matched_Polystyrenes_0_control,matched,control,Polystyrenes,extra_trees,SCP,331.9250448222081,0.0,0.7692307692307693,0.13076923076923075,4,0.8666666666666667,0.033333333333333326,0.033333333333333326,1,0.09782388663967612
0.8933333333333333,0.9,-0.00666666666666671,143.45057173333336,141.53699999999992,0.0,matched_Polystyrenes_0_control,matched,control,Polystyrenes,extra_trees,Mondrian-similarity,175.2109239747469,0.0,0.7692307692307693,0.13076923076923075,4,0.8933333333333333,0.00666666666666671,0.00666666666666671,1,0.07216599190283401
0.9466666666666667,0.9,0.046666666666666634,171.9147000000003,171.91470000000027,0.0,matched_Polystyrenes_0_control,matched,control,Polystyrenes,extra_trees,Mondrian-family,171.9147000000003,0.0,0.8947368421052632,0.0052631578947368585,4,0.9466666666666667,-0.046666666666666634,0.046666666666666634,1,0.051315789473684204
0.92,0.9,0.020000000000000018,148.80888538007758,142.01027616477612,0.0,matched_Polystyrenes_0_control,matched,control,Polystyrenes,extra_trees,Normalised SCP,148.80888538007758,0.0,0.8461538461538461,0.05384615384615388,4,0.92,-0.020000000000000018,0.020000000000000018,1,0.03977732793522268
0.8133333333333334,0.9,-0.08666666666666667,120.49240557701602,120.49240557701603,0.0,matched_Polystyrenes_0_control,matched,control,Polystyrenes,hist_gbr,SCP,1622.2781838961205,0.0,0.7,0.20000000000000007,4,0.8133333333333334,0.08666666666666667,0.08666666666666667,1,0.1160931174089069
0.88,0.9,-0.020000000000000018,139.34331893875782,136.77398885188126,0.0,matched_Polystyrenes_0_control,matched,control,Polystyrenes,hist_gbr,Mondrian-similarity,253.90008114712163,0.0,0.8421052631578947,0.05789473684210533,4,0.88,0.020000000000000018,0.020000000000000018,1,0.06543522267206481
0.96,0.9,0.05999999999999994,188.17580868501545,188.1758086850155,0.0,matched_Polystyrenes_0_control,matched,control,Polystyrenes,hist_gbr,Mondrian-family,188.17580868501545,0.0,0.8947368421052632,0.0052631578947368585,4,0.96,-0.05999999999999994,0.05999999999999994,1,0.0763157894736842
0.7866666666666666,0.9,-0.1133333333333334,131.4215896445818,121.24796545374298,0.0,matched_Polystyrenes_0_control,matched,control,Polystyrenes,hist_gbr,Normalised SCP,3937.9296604982123,0.0,0.7,0.20000000000000007,4,0.7866666666666666,0.1133333333333334,0.1133333333333334,1,0.13532388663967612
0.8933333333333333,0.9,-0.00666666666666671,121.49199999999998,121.49199999999996,0.0,matched_Polystyrenes_1_informed,matched,informed,Polystyrenes,extra_trees,SCP,148.39066389439552,0.0,0.8,0.09999999999999998,4,0.8933333333333333,0.00666666666666671,0.00666666666666671,1,0.0664835164835165
0.92,0.9,0.020000000000000018,133.75848320000006,135.4568,0.0,matched_Polystyrenes_1_informed,matched,informed,Polystyrenes,extra_trees,Mondrian-similarity,133.75848320000006,0.0,0.8571428571428571,0.04285714285714293,4,0.92,-0.020000000000000018,0.020000000000000018,1,0.036658955080007716
0.8533333333333334,0.9,-0.046666666666666634,101.78520000000002,101.7852,0.0,matched_Polystyrenes_1_informed,matched,informed,Polystyrenes,extra_trees,Mondrian-family,412.7593396652783,0.0,0.7333333333333333,0.16666666666666674,4,0.8533333333333334,0.046666666666666634,0.046666666666666634,1,0.07768459610564876
0.88,0.9,-0.020000000000000018,136.51662266327926,119.27873665308027,0.0,matched_Polystyrenes_1_informed,matched,informed,Polystyrenes,extra_trees,Normalised SCP,248.74950472057833,0.0,0.8421052631578947,0.05789473684210533,4,0.88,0.020000000000000018,0.020000000000000018,1,0.03929053402737617
0.8933333333333333,0.9,-0.00666666666666671,115.18660840294775,115.18660840294774,0.0,matched_Polystyrenes_1_informed,matched,informed,Polystyrenes,hist_gbr,SCP,140.68924120647597,0.0,0.8461538461538461,0.05384615384615388,4,0.8933333333333333,0.00666666666666671,0.00666666666666671,1,0.05750915750915753
0.8933333333333333,0.9,-0.00666666666666671,128.72476459152006,123.90601803181839,0.0,matched_Polystyrenes_1_informed,matched,informed,Polystyrenes,hist_gbr,Mondrian-similarity,157.22478251560136,0.0,0.7692307692307693,0.13076923076923075,4,0.8933333333333333,0.00666666666666671,0.00666666666666671,1,0.04353190668980142
0.88,0.9,-0.020000000000000018,112.62099945967694,112.62099945967691,0.0,matched_Polystyrenes_1_informed,matched,informed,Polystyrenes,hist_gbr,Mondrian-family,205.2088404342468,0.0,0.8,0.09999999999999998,4,0.88,0.020000000000000018,0.020000000000000018,1,0.07417582417582419
0.92,0.9,0.020000000000000018,137.1517209987961,128.62686242105215,0.0,matched_Polystyrenes_1_informed,matched,informed,Polystyrenes,hist_gbr,Normalised SCP,137.1517209987961,0.0,0.8461538461538461,0.05384615384615388,4,0.92,-0.020000000000000018,0.020000000000000018,1,0.03482745324850586
0.64,0.9,-0.26,115.13359999999999,115.1336,0.0,matched_Polystyrenes_1_naive,matched,naive,Polystyrenes,extra_trees,SCP,280995.29185102816,0.0,0.5238095238095238,0.3761904761904762,3,0.64,0.26,0.26,1,0.1976190476190476
1.0,0.9,0.09999999999999998,279.4483130666667,329.34220000000005,0.0,matched_Polystyrenes_1_naive,matched,naive,Polystyrenes,extra_trees,Mondrian-similarity,279.4483130666667,0.0,1.0,-0.09999999999999998,3,1.0,-0.09999999999999998,0.09999999999999998,1,0.09999999999999998
0.64,0.9,-0.26,115.13359999999999,115.1336,0.0,matched_Polystyrenes_1_naive,matched,naive,Polystyrenes,extra_trees,Mondrian-family,280995.29185102816,1.0,0.5238095238095238,0.3761904761904762,3,0.64,0.26,0.26,1,0.1976190476190476
0.5466666666666666,0.9,-0.3533333333333334,113.07365361303926,106.95574446098355,0.0,matched_Polystyrenes_1_naive,matched,naive,Polystyrenes,extra_trees,Normalised SCP,4538192.705474499,0.0,0.5,0.4,3,0.5466666666666666,0.3533333333333334,0.3533333333333334,1,0.33888888888888885
0.68,0.9,-0.21999999999999997,106.0596603090082,106.05966030900817,0.0,matched_Polystyrenes_1_naive,matched,naive,Polystyrenes,hist_gbr,SCP,77963.94606578971,0.0,0.5714285714285714,0.3285714285714286,3,0.68,0.21999999999999997,0.21999999999999997,1,0.16507936507936508
1.0,0.9,0.09999999999999998,263.00043921415454,314.0901558918521,0.0,matched_Polystyrenes_1_naive,matched,naive,Polystyrenes,hist_gbr,Mondrian-similarity,263.00043921415454,0.0,1.0,-0.09999999999999998,3,1.0,-0.09999999999999998,0.09999999999999998,1,0.09999999999999998
0.68,0.9,-0.21999999999999997,106.0596603090082,106.05966030900817,0.0,matched_Polystyrenes_1_naive,matched,naive,Polystyrenes,hist_gbr,Mondrian-family,77963.94606578971,1.0,0.5714285714285714,0.3285714285714286,3,0.68,0.21999999999999997,0.21999999999999997,1,0.16507936507936508
0.6933333333333334,0.9,-0.20666666666666667,108.26428685902032,103.176735848303,0.0,matched_Polystyrenes_1_naive,matched,naive,Polystyrenes,hist_gbr,Normalised SCP,53347.12353442749,0.0,0.6190476190476191,0.28095238095238095,3,0.6933333333333334,0.20666666666666667,0.20666666666666667,1,0.16587301587301587
0.8933333333333333,0.9,-0.00666666666666671,116.47996000000003,116.47995999999999,0.0,matched_Polystyrenes_1_control,matched,control,Polystyrenes,extra_trees,SCP,142.26894441438648,0.0,0.8125,0.08750000000000002,4,0.8933333333333333,0.00666666666666671,0.00666666666666671,1,0.03854166666666664
0.9333333333333333,0.9,0.033333333333333326,129.72567093333336,124.93221999999997,0.0,matched_Polystyrenes_1_control,matched,control,Polystyrenes,extra_trees,Mondrian-similarity,129.72567093333336,0.0,0.9,-0.0,4,0.9333333333333333,-0.033333333333333326,0.033333333333333326,1,0.02604166666666663
0.8666666666666667,0.9,-0.033333333333333326,110.06079999999999,110.0608,0.0,matched_Polystyrenes_1_control,matched,control,Polystyrenes,extra_trees,Mondrian-family,299.1762726656652,0.0,0.75,0.15000000000000002,4,0.8666666666666667,0.033333333333333326,0.033333333333333326,1,0.06666666666666665
0.8666666666666667,0.9,-0.033333333333333326,133.92831762247883,119.64012918707809,0.0,matched_Polystyrenes_1_control,matched,control,Polystyrenes,extra_trees,Normalised SCP,364.05491210927545,0.0,0.8125,0.08750000000000002,4,0.8666666666666667,0.033333333333333326,0.033333333333333326,1,0.05104166666666668
0.88,0.9,-0.020000000000000018,110.82324913179231,110.8232491317923,0.0,matched_Polystyrenes_1_control,matched,control,Polystyrenes,hist_gbr,SCP,201.93312576340003,0.0,0.8,0.09999999999999998,4,0.88,0.020000000000000018,0.020000000000000018,1,0.047916666666666635
0.8666666666666667,0.9,-0.033333333333333326,130.40130984066647,127.64540440177427,0.0,matched_Polystyrenes_1_control,matched,control,Polystyrenes,hist_gbr,Mondrian-similarity,354.46751094714125,0.0,0.8,0.09999999999999998,4,0.8666666666666667,0.033333333333333326,0.033333333333333326,1,0.05104166666666665
0.8933333333333333,0.9,-0.00666666666666671,113.54056120762748,113.54056120762743,0.0,matched_Polystyrenes_1_control,matched,control,Polystyrenes,hist_gbr,Mondrian-family,138.67875462204995,0.0,0.8,0.09999999999999998,4,0.8933333333333333,0.00666666666666671,0.00666666666666671,1,0.06874999999999998
0.8666666666666667,0.9,-0.033333333333333326,137.02776654031518,126.61368084665764,0.0,matched_Polystyrenes_1_control,matched,control,Polystyrenes,hist_gbr,Normalised SCP,372.48008778086705,0.0,0.8333333333333334,0.06666666666666665,4,0.8666666666666667,0.033333333333333326,0.033333333333333326,1,0.05104166666666668
0.8533333333333334,0.9,-0.046666666666666634,119.52380000000007,119.52380000000002,0.0,matched_Polystyrenes_2_informed,matched,informed,Polystyrenes,extra_trees,SCP,484.69290979714935,0.0,0.8333333333333334,0.06666666666666665,5,0.8533333333333334,0.046666666666666634,0.046666666666666634,1,0.05352285395763656
0.96,0.9,0.05999999999999994,150.10980400000005,139.65573999999995,0.0,matched_Polystyrenes_2_informed,matched,informed,Polystyrenes,extra_trees,Mondrian-similarity,150.10980400000005,0.0,0.9166666666666666,-0.016666666666666607,5,0.96,-0.05999999999999994,0.05999999999999994,1,0.05797101449275359
0.9333333333333333,0.9,0.033333333333333326,157.24699999999993,157.24699999999996,0.0,matched_Polystyrenes_2_informed,matched,informed,Polystyrenes,extra_trees,Mondrian-family,157.24699999999993,0.0,0.9166666666666666,-0.016666666666666607,5,0.9333333333333333,-0.033333333333333326,0.033333333333333326,1,0.07463768115942027
0.9333333333333333,0.9,0.033333333333333326,174.4777341258787,169.94307473285886,0.0,matched_Polystyrenes_2_informed,matched,informed,Polystyrenes,extra_trees,Normalised SCP,174.4777341258787,0.0,0.9230769230769231,-0.023076923076923106,5,0.9333333333333333,-0.033333333333333326,0.033333333333333326,1,0.07591973244147157
0.84,0.9,-0.06000000000000005,114.43322637937386,114.43322637937388,0.0,matched_Polystyrenes_2_informed,matched,informed,Polystyrenes,hist_gbr,SCP,692.2806778105728,0.0,0.8333333333333334,0.06666666666666665,5,0.84,0.06000000000000005,0.06000000000000005,1,0.05004459308807132
0.96,0.9,0.05999999999999994,141.11458938642227,127.92732803733566,0.0,matched_Polystyrenes_2_informed,matched,informed,Polystyrenes,hist_gbr,Mondrian-similarity,141.11458938642227,0.0,0.9166666666666666,-0.016666666666666607,5,0.96,-0.05999999999999994,0.05999999999999994,1,0.059253065774804894
0.8933333333333333,0.9,-0.00666666666666671,145.69948820684692,145.69948820684692,0.0,matched_Polystyrenes_2_informed,matched,informed,Polystyrenes,hist_gbr,Mondrian-family,177.9577567583682,0.0,0.8461538461538461,0.05384615384615388,5,0.8933333333333333,0.00666666666666671,0.00666666666666671,1,0.06540691192865104
0.84,0.9,-0.06000000000000005,125.42175360037092,126.67663646325889,0.0,matched_Polystyrenes_2_informed,matched,informed,Polystyrenes,hist_gbr,Normalised SCP,758.7573936507104,0.0,0.8333333333333334,0.06666666666666665,5,0.84,0.06000000000000005,0.06000000000000005,1,0.046711259754738
0.6533333333333333,0.9,-0.2466666666666667,115.13359999999999,115.1336,0.0,matched_Polystyrenes_2_naive,matched,naive,Polystyrenes,extra_trees,SCP,188356.77696937922,0.0,0.525,0.375,3,0.6533333333333333,0.2466666666666667,0.2466666666666667,1,0.19325396825396826
1.0,0.9,0.09999999999999998,275.6341610666666,329.34220000000005,0.0,matched_Polystyrenes_2_naive,matched,naive,Polystyrenes,extra_trees,Mondrian-similarity,275.6341610666666,0.0,1.0,-0.09999999999999998,3,1.0,-0.09999999999999998,0.09999999999999998,1,0.09999999999999998
0.6533333333333333,0.9,-0.2466666666666667,115.13359999999999,115.1336,0.0,matched_Polystyrenes_2_naive,matched,naive,Polystyrenes,extra_trees,Mondrian-family,188356.77696937922,1.0,0.525,0.375,3,0.6533333333333333,0.2466666666666667,0.2466666666666667,1,0.19325396825396826
0.6933333333333334,0.9,-0.20666666666666667,122.19704658130014,118.52748243428076,0.0,matched_Polystyrenes_2_naive,matched,naive,Polystyrenes,extra_trees,Normalised SCP,60212.47752736362,0.0,0.525,0.375,3,0.6933333333333334,0.20666666666666667,0.20666666666666667,1,0.1488095238095238
0.6666666666666666,0.9,-0.2333333333333334,106.05966030900817,106.05966030900817,0.0,matched_Polystyrenes_2_naive,matched,naive,Polystyrenes,hist_gbr,SCP,116308.54026651726,0.0,0.525,0.375,3,0.6666666666666666,0.2333333333333334,0.2333333333333334,1,0.1773809523809524
1.0,0.9,0.09999999999999998,259.1337570407367,314.0901558918521,0.0,matched_Polystyrenes_2_naive,matched,naive,Polystyrenes,hist_gbr,Mondrian-similarity,259.1337570407367,0.0,1.0,-0.09999999999999998,3,1.0,-0.09999999999999998,0.09999999999999998,1,0.09999999999999998
0.6666666666666666,0.9,-0.2333333333333334,106.05966030900817,106.05966030900817,0.0,matched_Polystyrenes_2_naive,matched,naive,Polystyrenes,hist_gbr,Mondrian-family,116308.54026651726,1.0,0.525,0.375,3,0.6666666666666666,0.2333333333333334,0.2333333333333334,1,0.1773809523809524
0.7066666666666667,0.9,-0.19333333333333336,114.28007673468326,113.17672333979473,0.0,matched_Polystyrenes_2_naive,matched,naive,Polystyrenes,hist_gbr,Normalised SCP,37746.65905190679,0.0,0.6,0.30000000000000004,3,0.7066666666666667,0.19333333333333336,0.19333333333333336,1,0.1515873015873016
0.88,0.9,-0.020000000000000018,127.74300000000005,127.74300000000002,0.0,matched_Polystyrenes_2_control,matched,control,Polystyrenes,extra_trees,SCP,232.762921918285,0.0,0.7,0.20000000000000007,5,0.88,0.020000000000000018,0.020000000000000018,1,0.07521929824561405
0.96,0.9,0.05999999999999994,172.66214959999996,159.75298,0.0,matched_Polystyrenes_2_control,matched,control,Polystyrenes,extra_trees,Mondrian-similarity,172.66214959999996,0.0,0.8947368421052632,0.0052631578947368585,5,0.96,-0.05999999999999994,0.05999999999999994,1,0.06855263157894735
0.8933333333333333,0.9,-0.00666666666666671,129.29100000000003,129.29100000000005,0.0,matched_Polystyrenes_2_control,matched,control,Polystyrenes,extra_trees,Mondrian-family,157.91638400528674,0.0,0.7,0.20000000000000007,5,0.8933333333333333,0.00666666666666671,0.00666666666666671,1,0.08771929824561404
0.9066666666666666,0.9,0.006666666666666599,134.54382283788232,129.3885535323879,0.0,matched_Polystyrenes_2_control,matched,control,Polystyrenes,extra_trees,Normalised SCP,134.54382283788232,0.0,0.7333333333333333,0.16666666666666674,5,0.9066666666666666,-0.006666666666666599,0.006666666666666599,1,0.09333333333333334
0.84,0.9,-0.06000000000000005,125.30811379857958,125.3081137985796,0.0,matched_Polystyrenes_2_control,matched,control,Polystyrenes,hist_gbr,SCP,758.0699129119471,0.0,0.7,0.20000000000000007,5,0.84,0.06000000000000005,0.06000000000000005,1,0.11438596491228073
0.9333333333333333,0.9,0.033333333333333326,166.83433902435928,148.73571459859892,0.0,matched_Polystyrenes_2_control,matched,control,Polystyrenes,hist_gbr,Mondrian-similarity,166.83433902435928,0.0,0.8,0.09999999999999998,5,0.9333333333333333,-0.033333333333333326,0.033333333333333326,1,0.06855263157894735
0.8933333333333333,0.9,-0.00666666666666671,148.25928413654324,148.25928413654322,0.0,matched_Polystyrenes_2_control,matched,control,Polystyrenes,hist_gbr,Mondrian-family,181.08429856722645,0.0,0.8,0.09999999999999998,5,0.8933333333333333,0.00666666666666671,0.00666666666666671,1,0.08105263157894735
0.84,0.9,-0.06000000000000005,125.01408455744313,116.71416789272843,0.0,matched_Polystyrenes_2_control,matched,control,Polystyrenes,hist_gbr,Normalised SCP,756.2911396588427,0.0,0.6666666666666666,0.2333333333333334,5,0.84,0.06000000000000005,0.06000000000000005,1,0.11824561403508774
0.7777777777777778,0.9,-0.12222222222222223,121.37919999999998,121.3792,0.0,matched_Polysulfides_0_informed,matched,informed,Polysulfides,extra_trees,SCP,4748.51015466864,0.0,,,0,0.7777777777777778,0.12222222222222223,0.12222222222222223,1,
0.8333333333333334,0.9,-0.06666666666666665,161.68953444444443,159.37240999999995,0.0,matched_Polysulfides_0_informed,matched,informed,Polysulfides,extra_trees,Mondrian-similarity,1194.733040619979,0.0,,,0,0.8333333333333334,0.06666666666666665,0.06666666666666665,1,
0.7777777777777778,0.9,-0.12222222222222223,121.37919999999998,121.3792,0.0,matched_Polysulfides_0_informed,matched,informed,Polysulfides,extra_trees,Mondrian-family,4748.51015466864,1.0,,,0,0.7777777777777778,0.12222222222222223,0.12222222222222223,1,
0.9444444444444444,0.9,0.0444444444444444,179.26981811221796,146.45615086446708,0.0,matched_Polysulfides_0_informed,matched,informed,Polysulfides,extra_trees,Normalised SCP,179.26981811221796,0.0,,,0,0.9444444444444444,-0.0444444444444444,0.0444444444444444,1,
0.7777777777777778,0.9,-0.12222222222222223,122.10976048329258,122.10976048329258,0.0,matched_Polysulfides_0_informed,matched,informed,Polysulfides,hist_gbr,SCP,4777.090618813358,0.0,,,0,0.7777777777777778,0.12222222222222223,0.12222222222222223,1,
0.8333333333333334,0.9,-0.06666666666666665,158.56841579816,153.69175394059477,0.0,matched_Polysulfides_0_informed,matched,informed,Polysulfides,hist_gbr,Mondrian-similarity,1171.6709198511649,0.0,,,0,0.8333333333333334,0.06666666666666665,0.06666666666666665,1,
0.7777777777777778,0.9,-0.12222222222222223,122.10976048329258,122.10976048329258,0.0,matched_Polysulfides_0_informed,matched,informed,Polysulfides,hist_gbr,Mondrian-family,4777.090618813358,1.0,,,0,0.7777777777777778,0.12222222222222223,0.12222222222222223,1,
0.8888888888888888,0.9,-0.011111111111111183,165.06719074434542,142.5435825493464,0.0,matched_Polysulfides_0_informed,matched,informed,Polysulfides,hist_gbr,Normalised SCP,230.36982237686453,0.0,,,0,0.8888888888888888,0.011111111111111183,0.011111111111111183,1,
0.7222222222222222,0.9,-0.1777777777777778,123.41080000000011,123.41080000000011,0.0,matched_Polysulfides_0_naive,matched,naive,Polysulfides,extra_trees,SCP,25561.739487293635,0.0,,,0,0.7222222222222222,0.1777777777777778,0.1777777777777778,1,
0.7777777777777778,0.9,-0.12222222222222223,173.26094666666665,166.613,0.0,matched_Polysulfides_0_naive,matched,naive,Polysulfides,extra_trees,Mondrian-similarity,6778.190700335546,0.0,,,0,0.7777777777777778,0.12222222222222223,0.12222222222222223,1,
0.7222222222222222,0.9,-0.1777777777777778,123.41080000000011,123.41080000000011,0.0,matched_Polysulfides_0_naive,matched,naive,Polysulfides,extra_trees,Mondrian-family,25561.739487293635,1.0,,,0,0.7222222222222222,0.1777777777777778,0.1777777777777778,1,
0.7777777777777778,0.9,-0.12222222222222223,143.3580558845998,130.5810107466931,0.0,matched_Polysulfides_0_naive,matched,naive,Polysulfides,extra_trees,Normalised SCP,5608.351217684551,0.0,,,0,0.7777777777777778,0.12222222222222223,0.12222222222222223,1,
0.7777777777777778,0.9,-0.12222222222222223,122.03144691261508,122.03144691261508,0.0,matched_Polysulfides_0_naive,matched,naive,Polysulfides,hist_gbr,SCP,4774.026891373974,0.0,,,0,0.7777777777777778,0.12222222222222223,0.12222222222222223,1,
0.8888888888888888,0.9,-0.011111111111111183,178.50068403970232,147.53799124394567,0.0,matched_Polysulfides_0_naive,matched,naive,Polysulfides,hist_gbr,Mondrian-similarity,249.11777253217534,0.0,,,0,0.8888888888888888,0.011111111111111183,0.011111111111111183,1,
0.7777777777777778,0.9,-0.12222222222222223,122.03144691261508,122.03144691261508,0.0,matched_Polysulfides_0_naive,matched,naive,Polysulfides,hist_gbr,Mondrian-family,4774.026891373974,1.0,,,0,0.7777777777777778,0.12222222222222223,0.12222222222222223,1,
0.8333333333333334,0.9,-0.06666666666666665,145.47200629638118,131.85917335368572,0.0,matched_Polysulfides_0_naive,matched,naive,Polysulfides,hist_gbr,Normalised SCP,1074.9008153479529,0.0,,,0,0.8333333333333334,0.06666666666666665,0.06666666666666665,1,
0.8333333333333334,0.9,-0.06666666666666665,122.67554000000054,122.67554000000052,0.0,matched_Polysulfides_0_control,matched,control,Polysulfides,extra_trees,SCP,906.4564470266145,0.0,,,0,0.8333333333333334,0.06666666666666665,0.06666666666666665,1,
0.9444444444444444,0.9,0.0444444444444444,156.54309999999998,162.34729999999996,0.0,matched_Polysulfides_0_control,matched,control,Polysulfides,extra_trees,Mondrian-similarity,156.54309999999998,0.0,,,0,0.9444444444444444,-0.0444444444444444,0.0444444444444444,1,
0.8333333333333334,0.9,-0.06666666666666665,122.67554000000054,122.67554000000052,0.0,matched_Polysulfides_0_control,matched,control,Polysulfides,extra_trees,Mondrian-family,906.4564470266145,1.0,,,0,0.8333333333333334,0.06666666666666665,0.06666666666666665,1,
0.7777777777777778,0.9,-0.12222222222222223,133.63865735005885,124.43858099361921,0.0,matched_Polysulfides_0_control,matched,control,Polysulfides,extra_trees,Normalised SCP,5228.1158673235395,0.0,,,0,0.7777777777777778,0.12222222222222223,0.12222222222222223,1,
0.7222222222222222,0.9,-0.1777777777777778,123.2963686438971,123.2963686438971,0.0,matched_Polysulfides_0_control,matched,control,Polysulfides,hist_gbr,SCP,25538.037635317287,0.0,,,0,0.7222222222222222,0.1777777777777778,0.1777777777777778,1,
0.9444444444444444,0.9,0.0444444444444444,160.92416647108263,170.8826411088687,0.0,matched_Polysulfides_0_control,matched,control,Polysulfides,hist_gbr,Mondrian-similarity,160.92416647108263,0.0,,,0,0.9444444444444444,-0.0444444444444444,0.0444444444444444,1,
0.7222222222222222,0.9,-0.1777777777777778,123.2963686438971,123.2963686438971,0.0,matched_Polysulfides_0_control,matched,control,Polysulfides,hist_gbr,Mondrian-family,25538.037635317287,1.0,,,0,0.7222222222222222,0.1777777777777778,0.1777777777777778,1,
0.8888888888888888,0.9,-0.011111111111111183,142.82672984678715,126.46962330645286,0.0,matched_Polysulfides_0_control,matched,control,Polysulfides,hist_gbr,Normalised SCP,199.33075880859082,0.0,,,0,0.8888888888888888,0.011111111111111183,0.011111111111111183,1,
0.7222222222222222,0.9,-0.1777777777777778,121.16767999999976,121.16767999999979,0.0,matched_Polysulfides_1_informed,matched,informed,Polysulfides,extra_trees,SCP,25097.128212763797,0.0,,,0,0.7222222222222222,0.1777777777777778,0.1777777777777778,1,
0.8888888888888888,0.9,-0.011111111111111183,172.5691622222222,193.07624000000004,0.0,matched_Polysulfides_1_informed,matched,informed,Polysulfides,extra_trees,Mondrian-similarity,240.83966698403083,0.0,,,0,0.8888888888888888,0.011111111111111183,0.011111111111111183,1,
0.7222222222222222,0.9,-0.1777777777777778,121.16767999999976,121.16767999999979,0.0,matched_Polysulfides_1_informed,matched,informed,Polysulfides,extra_trees,Mondrian-family,25097.128212763797,1.0,,,0,0.7222222222222222,0.1777777777777778,0.1777777777777778,1,
0.8888888888888888,0.9,-0.011111111111111183,143.05544705956626,134.17485973190142,0.0,matched_Polysulfides_1_informed,matched,informed,Polysulfides,extra_trees,Normalised SCP,199.64995939257642,0.0,,,0,0.8888888888888888,0.011111111111111183,0.011111111111111183,1,
0.7777777777777778,0.9,-0.12222222222222223,119.9374874675953,119.9374874675953,0.0,matched_Polysulfides_1_informed,matched,informed,Polysulfides,hist_gbr,SCP,4692.10850924474,0.0,,,0,0.7777777777777778,0.12222222222222223,0.12222222222222223,1,
0.8333333333333334,0.9,-0.06666666666666665,183.2133300499785,186.8342297913229,0.0,matched_Polysulfides_1_informed,matched,informed,Polysulfides,hist_gbr,Mondrian-similarity,1353.7735738111874,0.0,,,0,0.8333333333333334,0.06666666666666665,0.06666666666666665,1,
0.7777777777777778,0.9,-0.12222222222222223,119.9374874675953,119.9374874675953,0.0,matched_Polysulfides_1_informed,matched,informed,Polysulfides,hist_gbr,Mondrian-family,4692.10850924474,1.0,,,0,0.7777777777777778,0.12222222222222223,0.12222222222222223,1,
0.8333333333333334,0.9,-0.06666666666666665,149.53111214558717,139.39495019651397,0.0,matched_Polysulfides_1_informed,matched,informed,Polysulfides,hist_gbr,Normalised SCP,1104.8937761792333,0.0,,,0,0.8333333333333334,0.06666666666666665,0.06666666666666665,1,
0.7222222222222222,0.9,-0.1777777777777778,123.41080000000011,123.4108000000001,0.0,matched_Polysulfides_1_naive,matched,naive,Polysulfides,extra_trees,SCP,25561.739487293635,0.0,,,0,0.7222222222222222,0.1777777777777778,0.1777777777777778,1,
0.8333333333333334,0.9,-0.06666666666666665,198.10298888888892,208.19664,0.0,matched_Polysulfides_1_naive,matched,naive,Polysulfides,extra_trees,Mondrian-similarity,1463.794098265835,0.0,,,0,0.8333333333333334,0.06666666666666665,0.06666666666666665,1,
0.7222222222222222,0.9,-0.1777777777777778,123.41080000000011,123.4108000000001,0.0,matched_Polysulfides_1_naive,matched,naive,Polysulfides,extra_trees,Mondrian-family,25561.739487293635,1.0,,,0,0.7222222222222222,0.1777777777777778,0.1777777777777778,1,
0.7777777777777778,0.9,-0.12222222222222223,163.4438985281967,142.48745358803797,0.0,matched_Polysulfides_1_naive,matched,naive,Polysulfides,extra_trees,Normalised SCP,6394.1351720869225,0.0,,,0,0.7777777777777778,0.12222222222222223,0.12222222222222223,1,
0.7222222222222222,0.9,-0.1777777777777778,122.03144691261508,122.03144691261508,0.0,matched_Polysulfides_1_naive,matched,naive,Polysulfides,hist_gbr,SCP,25276.037877055875,0.0,,,0,0.7222222222222222,0.1777777777777778,0.1777777777777778,1,
0.8888888888888888,0.9,-0.011111111111111183,211.7771209532095,231.21881572304665,0.0,matched_Polysulfides_1_naive,matched,naive,Polysulfides,hist_gbr,Mondrian-similarity,295.5587813512595,0.0,,,0,0.8888888888888888,0.011111111111111183,0.011111111111111183,1,
0.7222222222222222,0.9,-0.1777777777777778,122.03144691261508,122.03144691261508,0.0,matched_Polysulfides_1_naive,matched,naive,Polysulfides,hist_gbr,Mondrian-family,25276.037877055875,1.0,,,0,0.7222222222222222,0.1777777777777778,0.1777777777777778,1,
0.7777777777777778,0.9,-0.12222222222222223,165.86823254726247,158.2779889305716,0.0,matched_Polysulfides_1_naive,matched,naive,Polysulfides,hist_gbr,Normalised SCP,6488.978231753178,0.0,,,0,0.7777777777777778,0.12222222222222223,0.12222222222222223,1,
0.7777777777777778,0.9,-0.12222222222222223,117.096,117.096,0.0,matched_Polysulfides_1_control,matched,control,Polysulfides,extra_trees,SCP,4580.945871047751,0.0,,,0,0.7777777777777778,0.12222222222222223,0.12222222222222223,1,
0.8333333333333334,0.9,-0.06666666666666665,196.9471644444444,197.77911999999998,0.0,matched_Polysulfides_1_control,matched,control,Polysulfides,extra_trees,Mondrian-similarity,1455.253646605319,0.0,,,0,0.8333333333333334,0.06666666666666665,0.06666666666666665,1,
0.7777777777777778,0.9,-0.12222222222222223,117.096,117.096,0.0,matched_Polysulfides_1_control,matched,control,Polysulfides,extra_trees,Mondrian-family,4580.945871047751,1.0,,,0,0.7777777777777778,0.12222222222222223,0.12222222222222223,1,
0.8333333333333334,0.9,-0.06666666666666665,145.06300561919653,121.8267481093142,0.0,matched_Polysulfides_1_control,matched,control,Polysulfides,extra_trees,Normalised SCP,1071.8786863997348,0.0,,,0,0.8333333333333334,0.06666666666666665,0.06666666666666665,1,
0.8333333333333334,0.9,-0.06666666666666665,118.41243536149442,118.41243536149443,0.0,matched_Polysulfides_1_control,matched,control,Polysulfides,hist_gbr,SCP,874.9561276970813,0.0,,,0,0.8333333333333334,0.06666666666666665,0.06666666666666665,1,
0.8888888888888888,0.9,-0.011111111111111183,206.74276617158185,181.6592850907004,0.0,matched_Polysulfides_1_control,matched,control,Polysulfides,hist_gbr,Mondrian-similarity,288.53277326572834,0.0,,,0,0.8888888888888888,0.011111111111111183,0.011111111111111183,1,
0.8333333333333334,0.9,-0.06666666666666665,118.41243536149442,118.41243536149443,0.0,matched_Polysulfides_1_control,matched,control,Polysulfides,hist_gbr,Mondrian-family,874.9561276970813,1.0,,,0,0.8333333333333334,0.06666666666666665,0.06666666666666665,1,
0.9444444444444444,0.9,0.0444444444444444,177.9725928234097,155.47345632871713,0.0,matched_Polysulfides_1_control,matched,control,Polysulfides,hist_gbr,Normalised SCP,177.9725928234097,0.0,,,0,0.9444444444444444,-0.0444444444444444,0.0444444444444444,1,
0.8888888888888888,0.9,-0.011111111111111183,128.20580000000004,128.2058,0.0,matched_Polysulfides_2_informed,matched,informed,Polysulfides,extra_trees,SCP,178.92560744810262,0.0,,,0,0.8888888888888888,0.011111111111111183,0.011111111111111183,1,
0.8888888888888888,0.9,-0.011111111111111183,143.53866666666667,105.92499999999995,0.0,matched_Polysulfides_2_informed,matched,informed,Polysulfides,extra_trees,Mondrian-similarity,200.32434668029097,0.0,,,0,0.8888888888888888,0.011111111111111183,0.011111111111111183,1,
0.8888888888888888,0.9,-0.011111111111111183,128.20580000000004,128.2058,0.0,matched_Polysulfides_2_informed,matched,informed,Polysulfides,extra_trees,Mondrian-family,178.92560744810262,1.0,,,0,0.8888888888888888,0.011111111111111183,0.011111111111111183,1,
1.0,0.9,0.09999999999999998,134.21404261013978,121.08033833284506,0.0,matched_Polysulfides_2_informed,matched,informed,Polysulfides,extra_trees,Normalised SCP,134.21404261013978,0.0,,,0,1.0,-0.09999999999999998,0.09999999999999998,1,
0.8888888888888888,0.9,-0.011111111111111183,127.2174947938052,127.2174947938052,0.0,matched_Polysulfides_2_informed,matched,informed,Polysulfides,hist_gbr,SCP,177.54631642255984,0.0,,,0,0.8888888888888888,0.011111111111111183,0.011111111111111183,1,
0.9444444444444444,0.9,0.0444444444444444,155.82315948555697,115.91574600281105,0.0,matched_Polysulfides_2_informed,matched,informed,Polysulfides,hist_gbr,Mondrian-similarity,155.82315948555697,0.0,,,0,0.9444444444444444,-0.0444444444444444,0.0444444444444444,1,
0.8888888888888888,0.9,-0.011111111111111183,127.2174947938052,127.2174947938052,0.0,matched_Polysulfides_2_informed,matched,informed,Polysulfides,hist_gbr,Mondrian-family,177.54631642255984,1.0,,,0,0.8888888888888888,0.011111111111111183,0.011111111111111183,1,
0.9444444444444444,0.9,0.0444444444444444,133.26246752794938,125.43813602731758,0.0,matched_Polysulfides_2_informed,matched,informed,Polysulfides,hist_gbr,Normalised SCP,133.26246752794938,0.0,,,0,0.9444444444444444,-0.0444444444444444,0.0444444444444444,1,
0.8333333333333334,0.9,-0.06666666666666665,123.41080000000011,123.41080000000011,0.0,matched_Polysulfides_2_naive,matched,naive,Polysulfides,extra_trees,SCP,911.889324413911,0.0,,,0,0.8333333333333334,0.06666666666666665,0.06666666666666665,1,
0.8888888888888888,0.9,-0.011111111111111183,187.71445777777785,208.19664,0.0,matched_Polysulfides_2_naive,matched,naive,Polysulfides,extra_trees,Mondrian-similarity,261.97662964296546,0.0,,,0,0.8888888888888888,0.011111111111111183,0.011111111111111183,1,
0.8333333333333334,0.9,-0.06666666666666665,123.41080000000011,123.41080000000011,0.0,matched_Polysulfides_2_naive,matched,naive,Polysulfides,extra_trees,Mondrian-family,911.889324413911,1.0,,,0,0.8333333333333334,0.06666666666666665,0.06666666666666665,1,
0.8888888888888888,0.9,-0.011111111111111183,151.79054670061248,136.7085373569474,0.0,matched_Polysulfides_2_naive,matched,naive,Polysulfides,extra_trees,Normalised SCP,211.84077298598558,0.0,,,0,0.8888888888888888,0.011111111111111183,0.011111111111111183,1,
0.7777777777777778,0.9,-0.12222222222222223,122.03144691261508,122.03144691261508,0.0,matched_Polysulfides_2_naive,matched,naive,Polysulfides,hist_gbr,SCP,4774.026891373974,0.0,,,0,0.7777777777777778,0.12222222222222223,0.12222222222222223,1,
0.9444444444444444,0.9,0.0444444444444444,196.28118114285965,231.21881572304665,0.0,matched_Polysulfides_2_naive,matched,naive,Polysulfides,hist_gbr,Mondrian-similarity,196.28118114285965,0.0,,,0,0.9444444444444444,-0.0444444444444444,0.0444444444444444,1,
0.7777777777777778,0.9,-0.12222222222222223,122.03144691261508,122.03144691261508,0.0,matched_Polysulfides_2_naive,matched,naive,Polysulfides,hist_gbr,Mondrian-family,4774.026891373974,1.0,,,0,0.7777777777777778,0.12222222222222223,0.12222222222222223,1,
0.9444444444444444,0.9,0.0444444444444444,165.70733686011744,152.5089995756603,0.0,matched_Polysulfides_2_naive,matched,naive,Polysulfides,hist_gbr,Normalised SCP,165.70733686011744,0.0,,,0,0.9444444444444444,-0.0444444444444444,0.0444444444444444,1,
0.7777777777777778,0.9,-0.12222222222222223,120.4486,120.4486,0.0,matched_Polysulfides_2_control,matched,control,Polysulfides,extra_trees,SCP,4712.103887779959,0.0,,,0,0.7777777777777778,0.12222222222222223,0.12222222222222223,1,
0.8888888888888888,0.9,-0.011111111111111183,143.57723999999996,171.59839999999997,0.0,matched_Polysulfides_2_control,matched,control,Polysulfides,extra_trees,Mondrian-similarity,200.3781801035679,0.0,,,0,0.8888888888888888,0.011111111111111183,0.011111111111111183,1,
0.7777777777777778,0.9,-0.12222222222222223,120.4486,120.4486,0.0,matched_Polysulfides_2_control,matched,control,Polysulfides,extra_trees,Mondrian-family,4712.103887779959,1.0,,,0,0.7777777777777778,0.12222222222222223,0.12222222222222223,1,
0.9444444444444444,0.9,0.0444444444444444,157.274227981016,140.9207460319144,0.0,matched_Polysulfides_2_control,matched,control,Polysulfides,extra_trees,Normalised SCP,157.274227981016,0.0,,,0,0.9444444444444444,-0.0444444444444444,0.0444444444444444,1,
0.8333333333333334,0.9,-0.06666666666666665,117.53674087555035,117.53674087555035,0.0,matched_Polysulfides_2_control,matched,control,Polysulfides,hist_gbr,SCP,868.4855720149163,0.0,,,0,0.8333333333333334,0.06666666666666665,0.06666666666666665,1,
0.8888888888888888,0.9,-0.011111111111111183,142.60086603878742,166.24383403951208,0.0,matched_Polysulfides_2_control,matched,control,Polysulfides,hist_gbr,Mondrian-similarity,199.01554047176913,0.0,,,0,0.8888888888888888,0.011111111111111183,0.011111111111111183,1,
0.8333333333333334,0.9,-0.06666666666666665,117.53674087555035,117.53674087555035,0.0,matched_Polysulfides_2_control,matched,control,Polysulfides,hist_gbr,Mondrian-family,868.4855720149163,1.0,,,0,0.8333333333333334,0.06666666666666665,0.06666666666666665,1,
0.9444444444444444,0.9,0.0444444444444444,164.45044281076628,176.32503963316935,0.0,matched_Polysulfides_2_control,matched,control,Polysulfides,hist_gbr,Normalised SCP,164.45044281076628,0.0,,,0,0.9444444444444444,-0.0444444444444444,0.0444444444444444,1,
0.8714285714285714,0.9,-0.02857142857142858,121.25268000000001,121.25268000000005,0.0,matched_Polysulfones_0_informed,matched,informed,Polysulfones,extra_trees,SCP,285.7220513404446,0.0,0.6666666666666666,0.2333333333333334,3,0.8714285714285714,0.02857142857142858,0.02857142857142858,1,0.11944444444444446
0.9,0.9,0.0,130.76878799999997,102.9944,0.0,matched_Polysulfones_0_informed,matched,informed,Polysulfones,extra_trees,Mondrian-similarity,130.76878799999997,0.0,0.875,0.025000000000000022,3,0.9,-0.0,0.0,1,0.013888888888888876
0.9285714285714286,0.9,0.02857142857142858,156.46340000000004,156.46339999999998,0.0,matched_Polysulfones_0_informed,matched,informed,Polysulfones,extra_trees,Mondrian-family,156.46340000000004,0.0,0.75,0.15000000000000002,3,0.9285714285714286,-0.02857142857142858,0.02857142857142858,1,0.10277777777777779
0.9428571428571428,0.9,0.042857142857142816,141.353982929755,133.69556109608126,0.0,matched_Polysulfones_0_informed,matched,informed,Polysulfones,extra_trees,Normalised SCP,141.353982929755,0.0,0.9166666666666666,-0.016666666666666607,3,0.9428571428571428,-0.042857142857142816,0.042857142857142816,1,0.0444444444444444
0.9,0.9,0.0,123.05947645934,123.05947645933998,0.0,matched_Polysulfones_0_informed,matched,informed,Polysulfones,hist_gbr,SCP,123.05947645934,0.0,0.6666666666666666,0.2333333333333334,3,0.9,-0.0,0.0,1,0.11388888888888889
0.9142857142857143,0.9,0.014285714285714235,131.78747616423198,115.25820647089466,0.0,matched_Polysulfones_0_informed,matched,informed,Polysulfones,hist_gbr,Mondrian-similarity,131.78747616423198,0.0,0.8333333333333334,0.06666666666666665,3,0.9142857142857143,-0.014285714285714235,0.014285714285714235,1,0.0444444444444444
0.9285714285714286,0.9,0.02857142857142858,168.60057188966536,168.6005718896654,0.0,matched_Polysulfones_0_informed,matched,informed,Polysulfones,hist_gbr,Mondrian-family,168.60057188966536,0.0,0.75,0.15000000000000002,3,0.9285714285714286,-0.02857142857142858,0.02857142857142858,1,0.10277777777777779
0.9142857142857143,0.9,0.014285714285714235,131.10978960183238,127.02781896513414,0.0,matched_Polysulfones_0_informed,matched,informed,Polysulfones,hist_gbr,Normalised SCP,131.10978960183238,0.0,0.75,0.15000000000000002,3,0.9142857142857143,-0.014285714285714235,0.014285714285714235,1,0.0861111111111111
0.8285714285714286,0.9,-0.0714285714285714,122.59840000000004,122.5984,0.0,matched_Polysulfones_0_naive,matched,naive,Polysulfones,extra_trees,SCP,1044.9989041134843,0.0,0.75,0.15000000000000002,4,0.8285714285714286,0.0714285714285714,0.0714285714285714,1,0.05795454545454545
0.9285714285714286,0.9,0.02857142857142858,170.88474457142857,156.64394,0.0,matched_Polysulfones_0_naive,matched,naive,Polysulfones,extra_trees,Mondrian-similarity,170.88474457142857,0.0,0.875,0.025000000000000022,4,0.9285714285714286,-0.02857142857142858,0.02857142857142858,1,0.04488636363636364
0.8285714285714286,0.9,-0.0714285714285714,122.59840000000004,122.5984,0.0,matched_Polysulfones_0_naive,matched,naive,Polysulfones,extra_trees,Mondrian-family,1044.9989041134843,1.0,0.75,0.15000000000000002,4,0.8285714285714286,0.0714285714285714,0.0714285714285714,1,0.05795454545454545
0.8428571428571429,0.9,-0.05714285714285716,125.5967669559894,119.68916933065326,0.0,matched_Polysulfones_0_naive,matched,naive,Polysulfones,extra_trees,Normalised SCP,697.4021570271536,0.0,0.8,0.09999999999999998,4,0.8428571428571429,0.05714285714285716,0.05714285714285716,1,0.040340909090909094
0.8428571428571429,0.9,-0.05714285714285716,123.04998062760093,123.04998062760097,0.0,matched_Polysulfones_0_naive,matched,naive,Polysulfones,hist_gbr,SCP,683.2605965240258,0.0,0.75,0.15000000000000002,4,0.8428571428571429,0.05714285714285716,0.05714285714285716,1,0.06477272727272726
0.9428571428571428,0.9,0.042857142857142816,183.16032720098562,145.8833976944361,0.0,matched_Polysulfones_0_naive,matched,naive,Polysulfones,hist_gbr,Mondrian-similarity,183.16032720098562,0.0,0.875,0.025000000000000022,4,0.9428571428571428,-0.042857142857142816,0.042857142857142816,1,0.04488636363636364
0.8428571428571429,0.9,-0.05714285714285716,123.04998062760093,123.04998062760097,0.0,matched_Polysulfones_0_naive,matched,naive,Polysulfones,hist_gbr,Mondrian-family,683.2605965240258,1.0,0.75,0.15000000000000002,4,0.8428571428571429,0.05714285714285716,0.05714285714285716,1,0.06477272727272726
0.8571428571428571,0.9,-0.04285714285714293,123.08000367578207,117.48374775394024,0.0,matched_Polysulfones_0_naive,matched,naive,Polysulfones,hist_gbr,Normalised SCP,445.2112399423271,0.0,0.75,0.15000000000000002,4,0.8571428571428571,0.04285714285714293,0.04285714285714293,1,0.09659090909090909
0.8714285714285714,0.9,-0.02857142857142858,117.03549999999998,117.03549999999998,0.0,matched_Polysulfones_0_control,matched,control,Polysulfones,extra_trees,SCP,275.784610613593,0.0,0.8333333333333334,0.06666666666666665,3,0.8714285714285714,0.02857142857142858,0.02857142857142858,1,0.04403036576949615
0.8571428571428571,0.9,-0.04285714285714293,125.67001771428573,109.35719999999998,0.0,matched_Polysulfones_0_control,matched,control,Polysulfones,extra_trees,Mondrian-similarity,454.57997025686103,0.0,0.8260869565217391,0.07391304347826089,3,0.8571428571428571,0.04285714285714293,0.04285714285714293,1,0.04844720496894409
0.8142857142857143,0.9,-0.08571428571428574,103.60745999999999,103.60745999999997,0.0,matched_Polysulfones_0_control,matched,control,Polysulfones,extra_trees,Mondrian-family,1355.6521463945423,0.0,0.782608695652174,0.11739130434782608,3,0.8142857142857143,0.08571428571428574,0.08571428571428574,1,0.07881297446514834
0.9428571428571428,0.9,0.042857142857142816,140.30142716689207,141.54811308281444,0.0,matched_Polysulfones_0_control,matched,control,Polysulfones,extra_trees,Normalised SCP,140.30142716689207,0.0,0.9166666666666666,-0.016666666666666607,3,0.9428571428571428,-0.042857142857142816,0.042857142857142816,1,0.07222222222222219
0.8857142857142857,0.9,-0.014285714285714346,115.81049641773346,115.81049641773342,0.0,matched_Polysulfones_0_control,matched,control,Polysulfones,hist_gbr,SCP,177.77640913434595,0.0,0.8333333333333334,0.06666666666666665,3,0.8857142857142857,0.014285714285714346,0.014285714285714346,1,0.04403036576949615
0.8857142857142857,0.9,-0.014285714285714346,128.32612526248715,116.49840146533313,0.0,matched_Polysulfones_0_control,matched,control,Polysulfones,hist_gbr,Mondrian-similarity,196.9886880114949,0.0,0.8333333333333334,0.06666666666666665,3,0.8857142857142857,0.014285714285714346,0.014285714285714346,1,0.04403036576949615
0.8571428571428571,0.9,-0.04285714285714293,81.37385128433132,81.37385128433135,0.0,matched_Polysulfones_0_control,matched,control,Polysulfones,hist_gbr,Mondrian-family,294.34962745543214,0.0,0.75,0.15000000000000002,3,0.8571428571428571,0.04285714285714293,0.04285714285714293,1,0.07180814354727394
0.9142857142857143,0.9,0.014285714285714235,123.93642693606216,122.32950296772805,0.0,matched_Polysulfones_0_control,matched,control,Polysulfones,hist_gbr,Normalised SCP,123.93642693606216,0.0,0.8333333333333334,0.06666666666666665,3,0.9142857142857143,-0.014285714285714235,0.014285714285714235,1,0.07439613526570048
0.9,0.9,0.0,116.10239999999995,116.10239999999997,0.0,matched_Polysulfones_1_informed,matched,informed,Polysulfones,extra_trees,SCP,116.10239999999995,0.0,0.8333333333333334,0.06666666666666665,3,0.9,-0.0,0.0,1,0.05714285714285713
0.8857142857142857,0.9,-0.014285714285714346,115.84251971428563,102.73040000000003,0.0,matched_Polysulfones_1_informed,matched,informed,Polysulfones,extra_trees,Mondrian-similarity,177.82556691231758,0.0,0.8333333333333334,0.06666666666666665,3,0.8857142857142857,0.014285714285714346,0.014285714285714346,1,0.0315018315018315
0.9,0.9,0.0,104.84959999999987,104.8495999999999,0.0,matched_Polysulfones_1_informed,matched,informed,Polysulfones,extra_trees,Mondrian-family,104.84959999999987,0.0,0.8333333333333334,0.06666666666666665,3,0.9,-0.0,0.0,1,0.05714285714285713
0.9285714285714286,0.9,0.02857142857142858,137.57876095330388,126.37088380971633,0.0,matched_Polysulfones_1_informed,matched,informed,Polysulfones,extra_trees,Normalised SCP,137.57876095330388,0.0,0.9166666666666666,-0.016666666666666607,3,0.9285714285714286,-0.02857142857142858,0.02857142857142858,1,0.043528693528693485
0.9285714285714286,0.9,0.02857142857142858,115.43228940673647,115.43228940673647,0.0,matched_Polysulfones_1_informed,matched,informed,Polysulfones,hist_gbr,SCP,115.43228940673647,0.0,0.8333333333333334,0.06666666666666665,3,0.9285714285714286,-0.02857142857142858,0.02857142857142858,1,0.07301587301587298
0.9,0.9,0.0,112.29947974900509,99.65671535484921,0.0,matched_Polysulfones_1_informed,matched,informed,Polysulfones,hist_gbr,Mondrian-similarity,112.29947974900509,0.0,0.8333333333333334,0.06666666666666665,3,0.9,-0.0,0.0,1,0.04432234432234431
0.8285714285714286,0.9,-0.0714285714285714,82.92862172391152,82.92862172391153,0.0,matched_Polysulfones_1_informed,matched,informed,Polysulfones,hist_gbr,Mondrian-family,706.8633752245478,0.0,0.75,0.15000000000000002,3,0.8285714285714286,0.0714285714285714,0.0714285714285714,1,0.07197802197802201
0.9428571428571428,0.9,0.042857142857142816,135.8907716389904,129.94153253042484,0.0,matched_Polysulfones_1_informed,matched,informed,Polysulfones,hist_gbr,Normalised SCP,135.8907716389904,0.0,0.9166666666666666,-0.016666666666666607,3,0.9428571428571428,-0.042857142857142816,0.042857142857142816,1,0.05940170940170938
0.8428571428571429,0.9,-0.05714285714285716,122.59840000000004,122.5984,0.0,matched_Polysulfones_1_naive,matched,naive,Polysulfones,extra_trees,SCP,680.7531012166753,0.0,0.8260869565217391,0.07391304347826089,3,0.8428571428571429,0.05714285714285716,0.05714285714285716,1,0.043935926773455404
0.9,0.9,0.0,167.98674371428572,156.64393999999996,0.0,matched_Polysulfones_1_naive,matched,naive,Polysulfones,extra_trees,Mondrian-similarity,167.98674371428572,0.0,0.8695652173913043,0.0304347826086957,3,0.9,-0.0,0.0,1,0.04523264683447751
0.8428571428571429,0.9,-0.05714285714285716,122.59840000000004,122.5984,0.0,matched_Polysulfones_1_naive,matched,naive,Polysulfones,extra_trees,Mondrian-family,680.7531012166753,1.0,0.8260869565217391,0.07391304347826089,3,0.8428571428571429,0.05714285714285716,0.05714285714285716,1,0.043935926773455404
0.8428571428571429,0.9,-0.05714285714285716,125.27064920443695,121.91043708335935,0.0,matched_Polysulfones_1_naive,matched,naive,Polysulfones,extra_trees,Normalised SCP,695.5913204197335,0.0,0.8260869565217391,0.07391304347826089,3,0.8428571428571429,0.05714285714285716,0.05714285714285716,1,0.043935926773455404
0.8285714285714286,0.9,-0.0714285714285714,123.04998062760093,123.04998062760097,0.0,matched_Polysulfones_1_naive,matched,naive,Polysulfones,hist_gbr,SCP,1048.848067405679,0.0,0.7391304347826086,0.16086956521739137,3,0.8285714285714286,0.0714285714285714,0.0714285714285714,1,0.07292143401983224
0.9142857142857143,0.9,0.014285714285714235,178.16815759525173,145.8833976944361,0.0,matched_Polysulfones_1_naive,matched,naive,Polysulfones,hist_gbr,Mondrian-similarity,178.16815759525173,0.0,0.8695652173913043,0.0304347826086957,3,0.9142857142857143,-0.014285714285714235,0.014285714285714235,1,0.0259344012204424
0.8285714285714286,0.9,-0.0714285714285714,123.04998062760093,123.04998062760097,0.0,matched_Polysulfones_1_naive,matched,naive,Polysulfones,hist_gbr,Mondrian-family,1048.848067405679,1.0,0.7391304347826086,0.16086956521739137,3,0.8285714285714286,0.0714285714285714,0.0714285714285714,1,0.07292143401983224
0.8,0.9,-0.09999999999999998,117.98070767908713,112.1522683297049,0.0,matched_Polysulfones_1_naive,matched,naive,Polysulfones,hist_gbr,Normalised SCP,2369.705860312113,0.0,0.7368421052631579,0.16315789473684217,3,0.8,0.09999999999999998,0.09999999999999998,1,0.14134248665141116
0.9,0.9,0.0,121.3736,121.3736,0.0,matched_Polysulfones_1_control,matched,control,Polysulfones,extra_trees,SCP,121.3736,0.0,0.9090909090909091,-0.009090909090909038,2,0.9,-0.0,0.0,1,0.05454545454545451
0.9142857142857143,0.9,0.014285714285714235,127.43899828571428,117.779,0.0,matched_Polysulfones_1_control,matched,control,Polysulfones,extra_trees,Mondrian-similarity,127.43899828571428,0.0,0.9090909090909091,-0.009090909090909038,2,0.9142857142857143,-0.014285714285714235,0.014285714285714235,1,0.017508417508417473
0.9428571428571428,0.9,0.042857142857142816,174.3472399999999,174.34723999999994,0.0,matched_Polysulfones_1_control,matched,control,Polysulfones,extra_trees,Mondrian-family,174.3472399999999,0.0,0.9545454545454546,-0.054545454545454564,2,0.9428571428571428,-0.042857142857142816,0.042857142857142816,1,0.07727272727272727
0.9428571428571428,0.9,0.042857142857142816,119.74647213174498,104.81508731860488,0.0,matched_Polysulfones_1_control,matched,control,Polysulfones,extra_trees,Normalised SCP,119.74647213174498,0.0,0.9090909090909091,-0.009090909090909038,2,0.9428571428571428,-0.042857142857142816,0.042857142857142816,1,0.03602693602693596
0.8857142857142857,0.9,-0.014285714285714346,122.34673989453435,122.34673989453438,0.0,matched_Polysulfones_1_control,matched,control,Polysulfones,hist_gbr,SCP,187.80995471506867,0.0,0.9545454545454546,-0.054545454545454564,2,0.8857142857142857,0.014285714285714346,0.014285714285714346,1,0.07727272727272727
0.8857142857142857,0.9,-0.014285714285714346,124.70344687604916,115.68711188709756,0.0,matched_Polysulfones_1_control,matched,control,Polysulfones,hist_gbr,Mondrian-similarity,191.42764842604558,0.0,0.9259259259259259,-0.025925925925925908,2,0.8857142857142857,0.014285714285714346,0.014285714285714346,1,0.040235690235690236
0.9571428571428572,0.9,0.05714285714285716,207.50953253539546,207.50953253539535,0.0,matched_Polysulfones_1_control,matched,control,Polysulfones,hist_gbr,Mondrian-family,207.50953253539546,0.0,0.9545454545454546,-0.054545454545454564,2,0.9571428571428572,-0.05714285714285716,0.05714285714285716,1,0.07727272727272727
0.9285714285714286,0.9,0.02857142857142858,134.53658024792048,132.18149426032966,0.0,matched_Polysulfones_1_control,matched,control,Polysulfones,hist_gbr,Normalised SCP,134.53658024792048,0.0,0.9545454545454546,-0.054545454545454564,2,0.9285714285714286,-0.02857142857142858,0.02857142857142858,1,0.058754208754208725
0.9285714285714286,0.9,0.02857142857142858,122.95080000000011,122.95080000000007,0.0,matched_Polysulfones_2_informed,matched,informed,Polysulfones,extra_trees,SCP,122.95080000000011,0.0,0.9166666666666666,-0.016666666666666607,3,0.9285714285714286,-0.02857142857142858,0.02857142857142858,1,0.04753086419753083
0.9571428571428572,0.9,0.05714285714285716,120.61659599999997,113.25147999999996,0.0,matched_Polysulfones_2_informed,matched,informed,Polysulfones,extra_trees,Mondrian-similarity,120.61659599999997,0.0,0.8888888888888888,0.011111111111111183,3,0.9571428571428572,-0.05714285714285716,0.05714285714285716,1,0.07037037037037037
0.9714285714285714,0.9,0.0714285714285714,153.62027999999992,153.62027999999998,0.0,matched_Polysulfones_2_informed,matched,informed,Polysulfones,extra_trees,Mondrian-family,153.62027999999992,0.0,1.0,-0.09999999999999998,3,0.9714285714285714,-0.0714285714285714,0.0714285714285714,1,0.09999999999999998
0.9714285714285714,0.9,0.0714285714285714,131.88743144324923,126.449762344252,0.0,matched_Polysulfones_2_informed,matched,informed,Polysulfones,extra_trees,Normalised SCP,131.88743144324923,0.0,0.9629629629629629,-0.06296296296296289,3,0.9714285714285714,-0.0714285714285714,0.0714285714285714,1,0.08765432098765429
0.9714285714285714,0.9,0.0714285714285714,120.09535564801276,120.09535564801276,0.0,matched_Polysulfones_2_informed,matched,informed,Polysulfones,hist_gbr,SCP,120.09535564801276,0.0,0.9629629629629629,-0.06296296296296289,3,0.9714285714285714,-0.0714285714285714,0.0714285714285714,1,0.08765432098765429
0.9714285714285714,0.9,0.0714285714285714,117.25282381935288,119.30447785885286,0.0,matched_Polysulfones_2_informed,matched,informed,Polysulfones,hist_gbr,Mondrian-similarity,117.25282381935288,0.0,0.9259259259259259,-0.025925925925925908,3,0.9714285714285714,-0.0714285714285714,0.0714285714285714,1,0.07530864197530862
0.9857142857142858,0.9,0.08571428571428574,138.59137321530974,138.59137321530977,0.0,matched_Polysulfones_2_informed,matched,informed,Polysulfones,hist_gbr,Mondrian-family,138.59137321530974,0.0,1.0,-0.09999999999999998,3,0.9857142857142858,-0.08571428571428574,0.08571428571428574,1,0.09999999999999998
0.9857142857142858,0.9,0.08571428571428574,121.49957586660122,117.51189574322014,0.0,matched_Polysulfones_2_informed,matched,informed,Polysulfones,hist_gbr,Normalised SCP,121.49957586660122,0.0,0.9166666666666666,-0.016666666666666607,3,0.9857142857142858,-0.08571428571428574,0.08571428571428574,1,0.07222222222222219
0.8857142857142857,0.9,-0.014285714285714346,122.59840000000004,122.5984,0.0,matched_Polysulfones_2_naive,matched,naive,Polysulfones,extra_trees,SCP,188.1962688338743,0.0,0.8,0.09999999999999998,4,0.8857142857142857,0.014285714285714346,0.014285714285714346,1,0.061111111111111116
0.9142857142857143,0.9,0.014285714285714235,160.76833657142856,149.79722,0.0,matched_Polysulfones_2_naive,matched,naive,Polysulfones,extra_trees,Mondrian-similarity,160.76833657142856,0.0,0.8888888888888888,0.011111111111111183,4,0.9142857142857143,-0.014285714285714235,0.014285714285714235,1,0.052777777777777785
0.8857142857142857,0.9,-0.014285714285714346,122.59840000000004,122.5984,0.0,matched_Polysulfones_2_naive,matched,naive,Polysulfones,extra_trees,Mondrian-family,188.1962688338743,1.0,0.8,0.09999999999999998,4,0.8857142857142857,0.014285714285714346,0.014285714285714346,1,0.061111111111111116
0.8857142857142857,0.9,-0.014285714285714346,120.00200492181598,118.07730218431585,0.0,matched_Polysulfones_2_naive,matched,naive,Polysulfones,extra_trees,Normalised SCP,184.21063879194168,0.0,0.7777777777777778,0.12222222222222223,4,0.8857142857142857,0.014285714285714346,0.014285714285714346,1,0.08055555555555555
0.9142857142857143,0.9,0.014285714285714235,123.04998062760093,123.04998062760097,0.0,matched_Polysulfones_2_naive,matched,naive,Polysulfones,hist_gbr,SCP,123.04998062760093,0.0,0.8333333333333334,0.06666666666666665,4,0.9142857142857143,-0.014285714285714235,0.014285714285714235,1,0.09166666666666665
0.9857142857142858,0.9,0.08571428571428574,171.36420070486304,145.8833976944361,0.0,matched_Polysulfones_2_naive,matched,naive,Polysulfones,hist_gbr,Mondrian-similarity,171.36420070486304,0.0,0.9444444444444444,-0.0444444444444444,4,0.9857142857142858,-0.08571428571428574,0.08571428571428574,1,0.08611111111111108
0.9142857142857143,0.9,0.014285714285714235,123.04998062760093,123.04998062760097,0.0,matched_Polysulfones_2_naive,matched,naive,Polysulfones,hist_gbr,Mondrian-family,123.04998062760093,1.0,0.8333333333333334,0.06666666666666665,4,0.9142857142857143,-0.014285714285714235,0.014285714285714235,1,0.09166666666666665
0.9,0.9,0.0,113.68587552480541,108.83843855700552,0.0,matched_Polysulfones_2_naive,matched,naive,Polysulfones,hist_gbr,Normalised SCP,113.68587552480541,0.0,0.8333333333333334,0.06666666666666665,4,0.9,-0.0,0.0,1,0.07499999999999998
0.9428571428571428,0.9,0.042857142857142816,133.98547999999988,133.98547999999994,0.0,matched_Polysulfones_2_control,matched,control,Polysulfones,extra_trees,SCP,133.98547999999988,0.0,0.92,-0.020000000000000018,3,0.9428571428571428,-0.042857142857142816,0.042857142857142816,1,0.07333333333333332
0.9285714285714286,0.9,0.02857142857142858,126.90741314285722,124.56790000000024,0.0,matched_Polysulfones_2_control,matched,control,Polysulfones,extra_trees,Mondrian-similarity,126.90741314285722,0.0,0.88,0.020000000000000018,3,0.9285714285714286,-0.02857142857142858,0.02857142857142858,1,0.07333333333333332
0.9571428571428572,0.9,0.05714285714285716,135.71656000000056,135.71656000000053,0.0,matched_Polysulfones_2_control,matched,control,Polysulfones,extra_trees,Mondrian-family,135.71656000000056,0.0,0.96,-0.05999999999999994,3,0.9571428571428572,-0.05714285714285716,0.05714285714285716,1,0.08666666666666663
0.9857142857142858,0.9,0.08571428571428574,123.45544659080736,116.39846621546083,0.0,matched_Polysulfones_2_control,matched,control,Polysulfones,extra_trees,Normalised SCP,123.45544659080736,0.0,1.0,-0.09999999999999998,3,0.9857142857142858,-0.08571428571428574,0.08571428571428574,1,0.09999999999999998
0.9714285714285714,0.9,0.0714285714285714,129.25187180797755,129.25187180797758,0.0,matched_Polysulfones_2_control,matched,control,Polysulfones,hist_gbr,SCP,129.25187180797755,0.0,1.0,-0.09999999999999998,3,0.9714285714285714,-0.0714285714285714,0.0714285714285714,1,0.09999999999999998
0.9857142857142858,0.9,0.08571428571428574,120.80710460095587,121.94452260940619,0.0,matched_Polysulfones_2_control,matched,control,Polysulfones,hist_gbr,Mondrian-similarity,120.80710460095587,0.0,0.96,-0.05999999999999994,3,0.9857142857142858,-0.08571428571428574,0.08571428571428574,1,0.08666666666666663
0.9714285714285714,0.9,0.0714285714285714,123.33801684344391,123.33801684344394,0.0,matched_Polysulfones_2_control,matched,control,Polysulfones,hist_gbr,Mondrian-family,123.33801684344391,0.0,1.0,-0.09999999999999998,3,0.9714285714285714,-0.0714285714285714,0.0714285714285714,1,0.09999999999999998
0.9714285714285714,0.9,0.0714285714285714,111.49029143289724,109.91691113872272,0.0,matched_Polysulfones_2_control,matched,control,Polysulfones,hist_gbr,Normalised SCP,111.49029143289724,0.0,0.9615384615384616,-0.06153846153846154,3,0.9714285714285714,-0.0714285714285714,0.0714285714285714,1,0.08717948717948716
0.7692307692307693,0.9,-0.13076923076923075,118.76507999999993,118.76507999999995,0.0,matched_Polyureas_0_informed,matched,informed,Polyureas,extra_trees,SCP,6004.259106106515,0.0,,,0,0.7692307692307693,0.13076923076923075,0.13076923076923075,1,
0.8461538461538461,0.9,-0.05384615384615388,133.57502153846158,115.20544000000018,0.0,matched_Polyureas_0_informed,matched,informed,Polyureas,extra_trees,Mondrian-similarity,671.858595134972,0.0,,,0,0.8461538461538461,0.05384615384615388,0.05384615384615388,1,
0.7692307692307693,0.9,-0.13076923076923075,118.76507999999993,118.76507999999995,0.0,matched_Polyureas_0_informed,matched,informed,Polyureas,extra_trees,Mondrian-family,6004.259106106515,1.0,,,0,0.7692307692307693,0.13076923076923075,0.13076923076923075,1,
0.7692307692307693,0.9,-0.13076923076923075,106.19778085409283,112.72311607498239,0.0,matched_Polyureas_0_informed,matched,informed,Polyureas,extra_trees,Normalised SCP,5368.909722803129,0.0,,,0,0.7692307692307693,0.13076923076923075,0.13076923076923075,1,
0.7692307692307693,0.9,-0.13076923076923075,118.96361447851135,118.96361447851137,0.0,matched_Polyureas_0_informed,matched,informed,Polyureas,hist_gbr,SCP,6014.296167930397,0.0,,,0,0.7692307692307693,0.13076923076923075,0.13076923076923075,1,
0.8461538461538461,0.9,-0.05384615384615388,135.88842995828244,110.87048939203783,0.0,matched_Polyureas_0_informed,matched,informed,Polyureas,hist_gbr,Mondrian-similarity,683.4946279277252,0.0,,,0,0.8461538461538461,0.05384615384615388,0.05384615384615388,1,
0.7692307692307693,0.9,-0.13076923076923075,118.96361447851135,118.96361447851137,0.0,matched_Polyureas_0_informed,matched,informed,Polyureas,hist_gbr,Mondrian-family,6014.296167930397,1.0,,,0,0.7692307692307693,0.13076923076923075,0.13076923076923075,1,
0.8461538461538461,0.9,-0.05384615384615388,119.4612193557297,126.50885637034196,0.0,matched_Polyureas_0_informed,matched,informed,Polyureas,hist_gbr,Normalised SCP,600.8686810231276,0.0,,,0,0.8461538461538461,0.05384615384615388,0.05384615384615388,1,
0.5384615384615384,0.9,-0.3615384615384616,126.21191999999994,126.2119199999999,0.0,matched_Polyureas_0_naive,matched,naive,Polyureas,extra_trees,SCP,6479255.987867113,0.0,,,0,0.5384615384615384,0.3615384615384616,0.3615384615384616,1,
0.6923076923076923,0.9,-0.20769230769230773,183.39505384615384,149.40878000000006,0.0,matched_Polyureas_0_naive,matched,naive,Polyureas,extra_trees,Mondrian-similarity,93191.50244311897,0.0,,,0,0.6923076923076923,0.20769230769230773,0.20769230769230773,1,
0.5384615384615384,0.9,-0.3615384615384616,126.21191999999994,126.2119199999999,0.0,matched_Polyureas_0_naive,matched,naive,Polyureas,extra_trees,Mondrian-family,6479255.987867113,1.0,,,0,0.5384615384615384,0.3615384615384616,0.3615384615384616,1,
0.5384615384615384,0.9,-0.3615384615384616,112.09143820930466,114.13713571709985,0.0,matched_Polyureas_0_naive,matched,naive,Polyureas,extra_trees,Normalised SCP,5754362.362970741,0.0,,,0,0.5384615384615384,0.3615384615384616,0.3615384615384616,1,
0.46153846153846156,0.9,-0.43846153846153846,119.20449151201647,119.20449151201649,0.0,matched_Polyureas_0_naive,matched,naive,Polyureas,hist_gbr,SCP,61508540.20374643,0.0,,,0,0.46153846153846156,0.43846153846153846,0.43846153846153846,1,
0.8461538461538461,0.9,-0.05384615384615388,187.49991651943913,150.3523597325121,0.0,matched_Polyureas_0_naive,matched,naive,Polyureas,hist_gbr,Mondrian-similarity,943.0912235668411,0.0,,,0,0.8461538461538461,0.05384615384615388,0.05384615384615388,1,
0.46153846153846156,0.9,-0.43846153846153846,119.20449151201647,119.20449151201649,0.0,matched_Polyureas_0_naive,matched,naive,Polyureas,hist_gbr,Mondrian-family,61508540.20374643,1.0,,,0,0.46153846153846156,0.43846153846153846,0.43846153846153846,1,
0.38461538461538464,0.9,-0.5153846153846153,111.09098958406551,123.89967503811934,0.0,matched_Polyureas_0_naive,matched,naive,Polyureas,hist_gbr,Normalised SCP,576155445.5749947,0.0,,,0,0.38461538461538464,0.5153846153846153,0.5153846153846153,1,
0.8461538461538461,0.9,-0.05384615384615388,124.05029999999998,124.0503,0.0,matched_Polyureas_0_control,matched,control,Polyureas,extra_trees,SCP,623.9509402592435,0.0,,,0,0.8461538461538461,0.05384615384615388,0.05384615384615388,1,
0.8461538461538461,0.9,-0.05384615384615388,148.40624307692312,115.42971999999997,0.0,matched_Polyureas_0_control,matched,control,Polyureas,extra_trees,Mondrian-similarity,746.4570009761204,0.0,,,0,0.8461538461538461,0.05384615384615388,0.05384615384615388,1,
0.8461538461538461,0.9,-0.05384615384615388,124.05029999999998,124.0503,0.0,matched_Polyureas_0_control,matched,control,Polyureas,extra_trees,Mondrian-family,623.9509402592435,1.0,,,0,0.8461538461538461,0.05384615384615388,0.05384615384615388,1,
0.7692307692307693,0.9,-0.13076923076923075,115.7742250718553,112.45653916625409,0.0,matched_Polyureas_0_control,matched,control,Polyureas,extra_trees,Normalised SCP,5853.054156492067,0.0,,,0,0.7692307692307693,0.13076923076923075,0.13076923076923075,1,
0.7692307692307693,0.9,-0.13076923076923075,118.43402879607808,118.43402879607805,0.0,matched_Polyureas_0_control,matched,control,Polyureas,hist_gbr,SCP,5987.522560265471,0.0,,,0,0.7692307692307693,0.13076923076923075,0.13076923076923075,1,
0.8461538461538461,0.9,-0.05384615384615388,152.88819330038646,110.23498869036436,0.0,matched_Polyureas_0_control,matched,control,Polyureas,hist_gbr,Mondrian-similarity,769.0004132542454,0.0,,,0,0.8461538461538461,0.05384615384615388,0.05384615384615388,1,
0.7692307692307693,0.9,-0.13076923076923075,118.43402879607808,118.43402879607805,0.0,matched_Polyureas_0_control,matched,control,Polyureas,hist_gbr,Mondrian-family,5987.522560265471,1.0,,,0,0.7692307692307693,0.13076923076923075,0.13076923076923075,1,
0.6923076923076923,0.9,-0.20769230769230773,119.94651180820992,109.71433996001826,0.0,matched_Polyureas_0_control,matched,control,Polyureas,hist_gbr,Normalised SCP,60950.36596567851,0.0,,,0,0.6923076923076923,0.20769230769230773,0.20769230769230773,1,
0.8461538461538461,0.9,-0.05384615384615388,119.49140000000004,119.4914,0.0,matched_Polyureas_1_informed,matched,informed,Polyureas,extra_trees,SCP,601.020484294624,0.0,,,0,0.8461538461538461,0.05384615384615388,0.05384615384615388,1,
0.8461538461538461,0.9,-0.05384615384615388,129.8513999999996,143.53651999999894,0.0,matched_Polyureas_1_informed,matched,informed,Polyureas,extra_trees,Mondrian-similarity,653.1294412345547,0.0,,,0,0.8461538461538461,0.05384615384615388,0.05384615384615388,1,
0.8461538461538461,0.9,-0.05384615384615388,119.49140000000004,119.4914,0.0,matched_Polyureas_1_informed,matched,informed,Polyureas,extra_trees,Mondrian-family,601.020484294624,1.0,,,0,0.8461538461538461,0.05384615384615388,0.05384615384615388,1,
0.8461538461538461,0.9,-0.05384615384615388,130.65709352536308,123.57963531431977,0.0,matched_Polyureas_1_informed,matched,informed,Polyureas,extra_trees,Normalised SCP,657.1819363330054,0.0,,,0,0.8461538461538461,0.05384615384615388,0.05384615384615388,1,
0.7692307692307693,0.9,-0.13076923076923075,126.10437632275024,126.10437632275023,0.0,matched_Polyureas_1_informed,matched,informed,Polyureas,hist_gbr,SCP,6375.302823487817,0.0,,,0,0.7692307692307693,0.13076923076923075,0.13076923076923075,1,
0.8461538461538461,0.9,-0.05384615384615388,134.79016499569977,147.59648502547984,0.0,matched_Polyureas_1_informed,matched,informed,Polyureas,hist_gbr,Mondrian-similarity,677.9705505489745,0.0,,,0,0.8461538461538461,0.05384615384615388,0.05384615384615388,1,
0.7692307692307693,0.9,-0.13076923076923075,126.10437632275024,126.10437632275023,0.0,matched_Polyureas_1_informed,matched,informed,Polyureas,hist_gbr,Mondrian-family,6375.302823487817,1.0,,,0,0.7692307692307693,0.13076923076923075,0.13076923076923075,1,
0.8461538461538461,0.9,-0.05384615384615388,120.71140999654169,113.49047562479814,0.0,matched_Polyureas_1_informed,matched,informed,Polyureas,hist_gbr,Normalised SCP,607.156917535558,0.0,,,0,0.8461538461538461,0.05384615384615388,0.05384615384615388,1,
0.6923076923076923,0.9,-0.20769230769230773,126.21191999999996,126.21191999999996,0.0,matched_Polyureas_1_naive,matched,naive,Polyureas,extra_trees,SCP,64134.10942313373,0.0,,,0,0.6923076923076923,0.20769230769230773,0.20769230769230773,1,
0.8461538461538461,0.9,-0.05384615384615388,178.68628923076918,149.40878,0.0,matched_Polyureas_1_naive,matched,naive,Polyureas,extra_trees,Mondrian-similarity,898.7602462627948,0.0,,,0,0.8461538461538461,0.05384615384615388,0.05384615384615388,1,
0.6923076923076923,0.9,-0.20769230769230773,126.21191999999996,126.21191999999996,0.0,matched_Polyureas_1_naive,matched,naive,Polyureas,extra_trees,Mondrian-family,64134.10942313373,1.0,,,0,0.6923076923076923,0.20769230769230773,0.20769230769230773,1,
0.7692307692307693,0.9,-0.13076923076923075,106.92640015401304,109.77259806560048,0.0,matched_Polyureas_1_naive,matched,naive,Polyureas,extra_trees,Normalised SCP,5405.745626643136,0.0,,,0,0.7692307692307693,0.13076923076923075,0.13076923076923075,1,
0.6923076923076923,0.9,-0.20769230769230773,119.20449151201645,119.20449151201649,0.0,matched_Polyureas_1_naive,matched,naive,Polyureas,hist_gbr,SCP,60573.31116078957,0.0,,,0,0.6923076923076923,0.20769230769230773,0.20769230769230773,1,
0.9230769230769231,0.9,0.023076923076923106,179.0348725729165,150.35235973251204,0.0,matched_Polyureas_1_naive,matched,naive,Polyureas,hist_gbr,Mondrian-similarity,179.0348725729165,0.0,,,0,0.9230769230769231,-0.023076923076923106,0.023076923076923106,1,
0.6923076923076923,0.9,-0.20769230769230773,119.20449151201645,119.20449151201649,0.0,matched_Polyureas_1_naive,matched,naive,Polyureas,hist_gbr,Mondrian-family,60573.31116078957,1.0,,,0,0.6923076923076923,0.20769230769230773,0.20769230769230773,1,
0.46153846153846156,0.9,-0.43846153846153846,102.91988885940708,123.89967503811943,0.0,matched_Polyureas_1_naive,matched,naive,Polyureas,hist_gbr,Normalised SCP,53105818.76049368,0.0,,,0,0.46153846153846156,0.43846153846153846,0.43846153846153846,1,
0.9230769230769231,0.9,0.023076923076923106,125.86159999999998,125.86160000000001,0.0,matched_Polyureas_1_control,matched,control,Polyureas,extra_trees,SCP,125.86159999999998,0.0,,,0,0.9230769230769231,-0.023076923076923106,0.023076923076923106,1,
0.8461538461538461,0.9,-0.05384615384615388,111.38844923076925,114.46727999999996,0.0,matched_Polyureas_1_control,matched,control,Polyureas,extra_trees,Mondrian-similarity,560.2640834529017,0.0,,,0,0.8461538461538461,0.05384615384615388,0.05384615384615388,1,
0.9230769230769231,0.9,0.023076923076923106,125.86159999999998,125.86160000000001,0.0,matched_Polyureas_1_control,matched,control,Polyureas,extra_trees,Mondrian-family,125.86159999999998,1.0,,,0,0.9230769230769231,-0.023076923076923106,0.023076923076923106,1,
0.8461538461538461,0.9,-0.05384615384615388,103.38606531835555,98.67406270873985,0.0,matched_Polyureas_1_control,matched,control,Polyureas,extra_trees,Normalised SCP,520.0135160099695,0.0,,,0,0.8461538461538461,0.05384615384615388,0.05384615384615388,1,
0.9230769230769231,0.9,0.023076923076923106,124.03246455948101,124.03246455948101,0.0,matched_Polyureas_1_control,matched,control,Polyureas,hist_gbr,SCP,124.03246455948101,0.0,,,0,0.9230769230769231,-0.023076923076923106,0.023076923076923106,1,
0.9230769230769231,0.9,0.023076923076923106,109.78659533459617,109.94933427925585,0.0,matched_Polyureas_1_control,matched,control,Polyureas,hist_gbr,Mondrian-similarity,109.78659533459617,0.0,,,0,0.9230769230769231,-0.023076923076923106,0.023076923076923106,1,
0.9230769230769231,0.9,0.023076923076923106,124.03246455948101,124.03246455948101,0.0,matched_Polyureas_1_control,matched,control,Polyureas,hist_gbr,Mondrian-family,124.03246455948101,1.0,,,0,0.9230769230769231,-0.023076923076923106,0.023076923076923106,1,
0.9230769230769231,0.9,0.023076923076923106,106.79629455325235,105.47631873310581,0.0,matched_Polyureas_1_control,matched,control,Polyureas,hist_gbr,Normalised SCP,106.79629455325235,0.0,,,0,0.9230769230769231,-0.023076923076923106,0.023076923076923106,1,
0.6923076923076923,0.9,-0.20769230769230773,123.19399999999996,123.19399999999996,0.0,matched_Polyureas_2_informed,matched,informed,Polyureas,extra_trees,SCP,62600.56479826577,0.0,,,0,0.6923076923076923,0.20769230769230773,0.20769230769230773,1,
0.7692307692307693,0.9,-0.13076923076923075,130.60879384615384,140.85192000000023,0.0,matched_Polyureas_2_informed,matched,informed,Polyureas,extra_trees,Mondrian-similarity,6603.027083283725,0.0,,,0,0.7692307692307693,0.13076923076923075,0.13076923076923075,1,
0.6923076923076923,0.9,-0.20769230769230773,123.19399999999996,123.19399999999996,0.0,matched_Polyureas_2_informed,matched,informed,Polyureas,extra_trees,Mondrian-family,62600.56479826577,1.0,,,0,0.6923076923076923,0.20769230769230773,0.20769230769230773,1,
0.8461538461538461,0.9,-0.05384615384615388,152.0586363047103,140.7740515224313,0.0,matched_Polyureas_2_informed,matched,informed,Polyureas,extra_trees,Normalised SCP,764.8278891454703,0.0,,,0,0.8461538461538461,0.05384615384615388,0.05384615384615388,1,
0.46153846153846156,0.9,-0.43846153846153846,121.05614861492813,121.05614861492813,0.0,matched_Polyureas_2_informed,matched,informed,Polyureas,hist_gbr,SCP,62463980.08619846,0.0,,,0,0.46153846153846156,0.43846153846153846,0.43846153846153846,1,
0.6923076923076923,0.9,-0.20769230769230773,129.328191715653,140.23095000367664,0.0,matched_Polyureas_2_informed,matched,informed,Polyureas,hist_gbr,Mondrian-similarity,65717.63110003958,0.0,,,0,0.6923076923076923,0.20769230769230773,0.20769230769230773,1,
0.46153846153846156,0.9,-0.43846153846153846,121.05614861492813,121.05614861492813,0.0,matched_Polyureas_2_informed,matched,informed,Polyureas,hist_gbr,Mondrian-family,62463980.08619846,1.0,,,0,0.46153846153846156,0.43846153846153846,0.43846153846153846,1,
0.7692307692307693,0.9,-0.13076923076923075,164.1914398134089,153.55379722694056,0.0,matched_Polyureas_2_informed,matched,informed,Polyureas,hist_gbr,Normalised SCP,8300.823336660917,0.0,,,0,0.7692307692307693,0.13076923076923075,0.13076923076923075,1,
0.38461538461538464,0.9,-0.5153846153846153,126.21191999999996,126.21191999999996,0.0,matched_Polyureas_2_naive,matched,naive,Polyureas,extra_trees,SCP,654577704.9672256,0.0,,,0,0.38461538461538464,0.5153846153846153,0.5153846153846153,1,
0.6923076923076923,0.9,-0.20769230769230773,183.86799999999997,149.40878000000006,0.0,matched_Polyureas_2_naive,matched,naive,Polyureas,extra_trees,Mondrian-similarity,93431.82824104691,0.0,,,0,0.6923076923076923,0.20769230769230773,0.20769230769230773,1,
0.38461538461538464,0.9,-0.5153846153846153,126.21191999999996,126.21191999999996,0.0,matched_Polyureas_2_naive,matched,naive,Polyureas,extra_trees,Mondrian-family,654577704.9672256,1.0,,,0,0.38461538461538464,0.5153846153846153,0.5153846153846153,1,
0.23076923076923078,0.9,-0.6692307692307693,112.14501846646466,112.72336030031053,0.0,matched_Polyureas_2_naive,matched,naive,Polyureas,extra_trees,Normalised SCP,58759337788.03496,0.0,,,0,0.23076923076923078,0.6692307692307693,0.6692307692307693,1,
0.3076923076923077,0.9,-0.5923076923076923,119.20449151201647,119.20449151201649,0.0,matched_Polyureas_2_naive,matched,naive,Polyureas,hist_gbr,SCP,6214003453.150577,0.0,,,0,0.3076923076923077,0.5923076923076923,0.5923076923076923,1,
0.6923076923076923,0.9,-0.20769230769230773,190.210751260625,150.35235973251207,0.0,matched_Polyureas_2_naive,matched,naive,Polyureas,hist_gbr,Mondrian-similarity,96654.87328617928,0.0,,,0,0.6923076923076923,0.20769230769230773,0.20769230769230773,1,
0.3076923076923077,0.9,-0.5923076923076923,119.20449151201647,119.20449151201649,0.0,matched_Polyureas_2_naive,matched,naive,Polyureas,hist_gbr,Mondrian-family,6214003453.150577,1.0,,,0,0.3076923076923077,0.5923076923076923,0.5923076923076923,1,
0.38461538461538464,0.9,-0.5153846153846153,114.22051003371513,124.2705765181264,0.0,matched_Polyureas_2_naive,matched,naive,Polyureas,hist_gbr,Normalised SCP,592386197.1044829,0.0,,,0,0.38461538461538464,0.5153846153846153,0.5153846153846153,1,
0.6923076923076923,0.9,-0.20769230769230773,125.63475999999999,125.63476000000003,0.0,matched_Polyureas_2_control,matched,control,Polyureas,extra_trees,SCP,63840.82775374263,0.0,,,0,0.6923076923076923,0.20769230769230773,0.20769230769230773,1,
0.6923076923076923,0.9,-0.20769230769230773,128.75040923076926,118.42880000000002,0.0,matched_Polyureas_2_control,matched,control,Polyureas,extra_trees,Mondrian-similarity,65424.03311731099,0.0,,,0,0.6923076923076923,0.20769230769230773,0.20769230769230773,1,
0.6923076923076923,0.9,-0.20769230769230773,125.63475999999999,125.63476000000003,0.0,matched_Polyureas_2_control,matched,control,Polyureas,extra_trees,Mondrian-family,63840.82775374263,1.0,,,0,0.6923076923076923,0.20769230769230773,0.20769230769230773,1,
0.7692307692307693,0.9,-0.13076923076923075,139.4188207570284,138.86630298464775,0.0,matched_Polyureas_2_control,matched,control,Polyureas,extra_trees,Normalised SCP,7048.424706092232,0.0,,,0,0.7692307692307693,0.13076923076923075,0.13076923076923075,1,
0.9230769230769231,0.9,0.023076923076923106,122.77351378274513,122.77351378274514,0.0,matched_Polyureas_2_control,matched,control,Polyureas,hist_gbr,SCP,122.77351378274513,0.0,,,0,0.9230769230769231,-0.023076923076923106,0.023076923076923106,1,
0.8461538461538461,0.9,-0.05384615384615388,124.30014351224173,119.68476577707133,0.0,matched_Polyureas_2_control,matched,control,Polyureas,hist_gbr,Mondrian-similarity,625.2076086782712,0.0,,,0,0.8461538461538461,0.05384615384615388,0.05384615384615388,1,
0.9230769230769231,0.9,0.023076923076923106,122.77351378274513,122.77351378274514,0.0,matched_Polyureas_2_control,matched,control,Polyureas,hist_gbr,Mondrian-family,122.77351378274513,1.0,,,0,0.9230769230769231,-0.023076923076923106,0.023076923076923106,1,
0.6923076923076923,0.9,-0.20769230769230773,125.44267911024248,109.17001777323802,0.0,matched_Polyureas_2_control,matched,control,Polyureas,hist_gbr,Normalised SCP,63743.22257665793,0.0,,,0,0.6923076923076923,0.20769230769230773,0.20769230769230773,1,
0.8771929824561403,0.9,-0.02280701754385972,123.01796000000003,123.01796000000002,0.0,matched_Polyurethanes_0_informed,matched,informed,Polyurethanes,extra_trees,SCP,243.84697753040726,0.0,0.8,0.09999999999999998,3,0.8771929824561403,0.02280701754385972,0.02280701754385972,1,0.058888888888888845
0.9122807017543859,0.9,0.012280701754385892,118.80576491228071,120.22520000000003,0.0,matched_Polyurethanes_0_informed,matched,informed,Polyurethanes,extra_trees,Mondrian-similarity,118.80576491228071,0.0,0.8,0.09999999999999998,3,0.9122807017543859,-0.012280701754385892,0.012280701754385892,1,0.058888888888888845
0.9649122807017544,0.9,0.06491228070175437,227.46199999999996,227.46199999999993,0.0,matched_Polyurethanes_0_informed,matched,informed,Polyurethanes,extra_trees,Mondrian-family,227.46199999999996,0.0,0.96,-0.05999999999999994,3,0.9649122807017544,-0.06491228070175437,0.06491228070175437,1,0.08666666666666663
0.8596491228070176,0.9,-0.04035087719298247,95.80675591883868,96.31653691663678,0.0,matched_Polyurethanes_0_informed,matched,informed,Polyurethanes,extra_trees,Normalised SCP,321.4556282419647,0.0,0.7,0.20000000000000007,3,0.8596491228070176,0.04035087719298247,0.04035087719298247,1,0.0922222222222222
0.9122807017543859,0.9,0.012280701754385892,126.15695953204897,126.15695953204897,0.0,matched_Polyurethanes_0_informed,matched,informed,Polyurethanes,hist_gbr,SCP,126.15695953204897,0.0,0.9,-0.0,3,0.9122807017543859,-0.012280701754385892,0.012280701754385892,1,0.025555555555555515
0.9298245614035088,0.9,0.029824561403508754,117.00186710390132,118.22685819670289,0.0,matched_Polyurethanes_0_informed,matched,informed,Polyurethanes,hist_gbr,Mondrian-similarity,117.00186710390132,0.0,0.9,-0.0,3,0.9298245614035088,-0.029824561403508754,0.029824561403508754,1,0.025555555555555515
0.9649122807017544,0.9,0.06491228070175437,213.4873625710427,213.4873625710427,0.0,matched_Polyurethanes_0_informed,matched,informed,Polyurethanes,hist_gbr,Mondrian-family,213.4873625710427,0.0,0.96,-0.05999999999999994,3,0.9649122807017544,-0.06491228070175437,0.06491228070175437,1,0.08666666666666663
0.8947368421052632,0.9,-0.0052631578947368585,117.28278479610638,121.19369213998408,0.0,matched_Polyurethanes_0_informed,matched,informed,Polyurethanes,hist_gbr,Normalised SCP,137.34317483714514,0.0,0.9,-0.0,3,0.8947368421052632,0.0052631578947368585,0.0052631578947368585,1,0.025555555555555515
0.5964912280701754,0.9,-0.3035087719298246,114.74064000000017,114.74064000000018,0.0,matched_Polyurethanes_0_naive,matched,naive,Polyurethanes,extra_trees,SCP,1032958.3572823635,0.0,0.25,0.65,3,0.5964912280701754,0.3035087719298246,0.3035087719298246,1,0.37035087719298243
0.8771929824561403,0.9,-0.02280701754385972,183.6189792982456,175.58328000000006,0.0,matched_Polyurethanes_0_naive,matched,naive,Polyurethanes,extra_trees,Mondrian-similarity,363.9707008561644,0.0,0.8421052631578947,0.05789473684210533,3,0.8771929824561403,0.02280701754385972,0.02280701754385972,1,0.03152046783625732
0.5964912280701754,0.9,-0.3035087719298246,114.74064000000017,114.74064000000018,0.0,matched_Polyurethanes_0_naive,matched,naive,Polyurethanes,extra_trees,Mondrian-family,1032958.3572823635,1.0,0.25,0.65,3,0.5964912280701754,0.3035087719298246,0.3035087719298246,1,0.37035087719298243
0.5614035087719298,0.9,-0.33859649122807023,89.06153865764068,84.53649930976192,0.0,matched_Polyurethanes_0_naive,matched,naive,Polyurethanes,extra_trees,Normalised SCP,2297247.702439218,0.0,0.25,0.65,3,0.5614035087719298,0.33859649122807023,0.33859649122807023,1,0.3970175438596491
0.7192982456140351,0.9,-0.18070175438596492,119.57338616088234,119.57338616088231,0.0,matched_Polyurethanes_0_naive,matched,naive,Polyurethanes,hist_gbr,SCP,27037.577174155995,0.0,0.5,0.4,3,0.7192982456140351,0.18070175438596492,0.18070175438596492,1,0.21684210526315792
0.9122807017543859,0.9,0.012280701754385892,198.5065647570568,198.20665868161353,0.0,matched_Polyurethanes_0_naive,matched,naive,Polyurethanes,hist_gbr,Mondrian-similarity,198.5065647570568,0.0,0.88,0.020000000000000018,3,0.9122807017543859,-0.012280701754385892,0.012280701754385892,1,0.04175438596491229
0.7192982456140351,0.9,-0.18070175438596492,119.57338616088234,119.57338616088231,0.0,matched_Polyurethanes_0_naive,matched,naive,Polyurethanes,hist_gbr,Mondrian-family,27037.577174155995,1.0,0.5,0.4,3,0.7192982456140351,0.18070175438596492,0.18070175438596492,1,0.21684210526315792
0.47368421052631576,0.9,-0.42631578947368426,85.39146278529617,81.57316101319897,0.0,matched_Polyurethanes_0_naive,matched,naive,Polyurethanes,hist_gbr,Normalised SCP,30606403.588360734,0.0,0.4,0.5,3,0.47368421052631576,0.42631578947368426,0.42631578947368426,1,0.4245614035087719
0.8947368421052632,0.9,-0.0052631578947368585,123.16579999999999,123.1658,0.0,matched_Polyurethanes_0_control,matched,control,Polyurethanes,extra_trees,SCP,144.2324381431164,0.0,0.6923076923076923,0.20769230769230773,2,0.8947368421052632,0.0052631578947368585,0.0052631578947368585,1,0.13660477453580905
0.9122807017543859,0.9,0.012280701754385892,127.64342666666668,96.63832000000004,0.0,matched_Polyurethanes_0_control,matched,control,Polyurethanes,extra_trees,Mondrian-similarity,127.64342666666668,0.0,0.8461538461538461,0.05384615384615388,2,0.9122807017543859,-0.012280701754385892,0.012280701754385892,1,0.04244031830238726
0.9298245614035088,0.9,0.029824561403508754,145.6106,145.61060000000003,0.0,matched_Polyurethanes_0_control,matched,control,Polyurethanes,extra_trees,Mondrian-family,145.6106,0.0,0.8461538461538461,0.05384615384615388,2,0.9298245614035088,-0.029824561403508754,0.029824561403508754,1,0.05968169761273212
0.8245614035087719,0.9,-0.07543859649122808,100.13557795078066,97.63586841395934,0.0,matched_Polyurethanes_0_control,matched,control,Polyurethanes,extra_trees,Normalised SCP,962.6433036548985,0.0,0.6153846153846154,0.2846153846153846,2,0.8245614035087719,0.07543859649122808,0.07543859649122808,1,0.1440318302387268
0.9298245614035088,0.9,0.029824561403508754,123.61246538969124,123.61246538969124,0.0,matched_Polyurethanes_0_control,matched,control,Polyurethanes,hist_gbr,SCP,123.61246538969124,0.0,0.7692307692307693,0.13076923076923075,2,0.9298245614035088,-0.029824561403508754,0.029824561403508754,1,0.09814323607427056
0.9473684210526315,0.9,0.047368421052631504,116.86844938927322,93.31938323807327,0.0,matched_Polyurethanes_0_control,matched,control,Polyurethanes,hist_gbr,Mondrian-similarity,116.86844938927322,0.0,0.8461538461538461,0.05384615384615388,2,0.9473684210526315,-0.047368421052631504,0.047368421052631504,1,0.05968169761273212
0.8596491228070176,0.9,-0.04035087719298247,97.56173244011678,97.56173244011677,0.0,matched_Polyurethanes_0_control,matched,control,Polyurethanes,hist_gbr,Mondrian-family,327.3440134063185,0.0,0.5384615384615384,0.3615384615384616,2,0.8596491228070176,0.04035087719298247,0.04035087719298247,1,0.21352785145888598
0.8947368421052632,0.9,-0.0052631578947368585,104.29520477626463,102.82471311204846,0.0,matched_Polyurethanes_0_control,matched,control,Polyurethanes,hist_gbr,Normalised SCP,122.13416119991304,0.0,0.6923076923076923,0.20769230769230773,2,0.8947368421052632,0.0052631578947368585,0.0052631578947368585,1,0.13660477453580905
0.7719298245614035,0.9,-0.12807017543859656,119.66080000000007,119.66080000000005,0.0,matched_Polyurethanes_1_informed,matched,informed,Polyurethanes,extra_trees,SCP,5579.008417942606,0.0,0.45454545454545453,0.4454545454545455,3,0.7719298245614035,0.12807017543859656,0.12807017543859656,1,0.17705627705627705
0.8245614035087719,0.9,-0.07543859649122808,122.98434771929827,116.37026000000003,0.0,matched_Polyurethanes_1_informed,matched,informed,Polyurethanes,extra_trees,Mondrian-similarity,1182.2976529335058,0.0,0.7272727272727273,0.17272727272727273,3,0.8245614035087719,0.07543859649122808,0.07543859649122808,1,0.08614718614718612
0.9122807017543859,0.9,0.012280701754385892,189.68327999999997,189.68327999999997,0.0,matched_Polyurethanes_1_informed,matched,informed,Polyurethanes,extra_trees,Mondrian-family,189.68327999999997,0.0,0.9090909090909091,-0.009090909090909038,3,0.9122807017543859,-0.012280701754385892,0.012280701754385892,1,0.053823953823953774
0.7543859649122807,0.9,-0.1456140350877193,103.69607192498681,101.53662191850435,0.0,matched_Polyurethanes_1_informed,matched,informed,Polyurethanes,extra_trees,Normalised SCP,8183.58246541945,0.0,0.5454545454545454,0.3545454545454546,3,0.7543859649122807,0.1456140350877193,0.1456140350877193,1,0.19119769119769123
0.8245614035087719,0.9,-0.07543859649122808,120.94555867028873,120.94555867028873,0.0,matched_Polyurethanes_1_informed,matched,informed,Polyurethanes,hist_gbr,SCP,1162.6979595402279,0.0,0.8,0.09999999999999998,3,0.8245614035087719,0.07543859649122808,0.07543859649122808,1,0.07806637806637802
0.8421052631578947,0.9,-0.05789473684210533,122.17696730745448,114.67311773251328,0.0,matched_Polyurethanes_1_informed,matched,informed,Polyurethanes,hist_gbr,Mondrian-similarity,693.8894477746683,0.0,0.8,0.09999999999999998,3,0.8421052631578947,0.05789473684210533,0.05789473684210533,1,0.07806637806637802
0.8771929824561403,0.9,-0.02280701754385972,172.74807639232216,172.74807639232216,0.0,matched_Polyurethanes_1_informed,matched,informed,Polyurethanes,hist_gbr,Mondrian-family,342.42232843447937,0.0,0.8181818181818182,0.08181818181818179,3,0.8771929824561403,0.02280701754385972,0.02280701754385972,1,0.05584415584415581
0.7719298245614035,0.9,-0.12807017543859656,123.49664161547885,125.86767861982685,0.0,matched_Polyurethanes_1_informed,matched,informed,Polyurethanes,hist_gbr,Normalised SCP,5757.848879168427,0.0,0.5454545454545454,0.3545454545454546,3,0.7719298245614035,0.12807017543859656,0.12807017543859656,1,0.19119769119769123
0.5087719298245614,0.9,-0.3912280701754386,114.74064000000017,114.74064000000018,0.0,matched_Polyurethanes_1_naive,matched,naive,Polyurethanes,extra_trees,SCP,14353672.377669422,0.0,0.23076923076923078,0.6692307692307693,3,0.5087719298245614,0.3912280701754386,0.3912280701754386,1,0.45535205535205536
0.7543859649122807,0.9,-0.1456140350877193,180.0279484210526,175.58328000000006,0.0,matched_Polyurethanes_1_naive,matched,naive,Polyurethanes,extra_trees,Mondrian-similarity,14207.612059304634,0.0,0.6923076923076923,0.20769230769230773,3,0.7543859649122807,0.1456140350877193,0.1456140350877193,1,0.1586487586487587
0.5087719298245614,0.9,-0.3912280701754386,114.74064000000017,114.74064000000018,0.0,matched_Polyurethanes_1_naive,matched,naive,Polyurethanes,extra_trees,Mondrian-family,14353672.377669422,1.0,0.23076923076923078,0.6692307692307693,3,0.5087719298245614,0.3912280701754386,0.3912280701754386,1,0.45535205535205536
0.49122807017543857,0.9,-0.40877192982456145,87.64793486179995,88.29584318411172,0.0,matched_Polyurethanes_1_naive,matched,naive,Polyurethanes,extra_trees,Normalised SCP,18559381.207208816,0.0,0.23076923076923078,0.6692307692307693,3,0.49122807017543857,0.40877192982456145,0.40877192982456145,1,0.47122507122507123
0.6666666666666666,0.9,-0.2333333333333334,119.57338616088234,119.57338616088231,0.0,matched_Polyurethanes_1_naive,matched,naive,Polyurethanes,hist_gbr,SCP,131128.14012959437,0.0,0.5384615384615384,0.3615384615384616,3,0.6666666666666666,0.2333333333333334,0.2333333333333334,1,0.2813593813593814
0.8421052631578947,0.9,-0.05789473684210533,196.5387660639153,198.20665868161353,0.0,matched_Polyurethanes_1_naive,matched,naive,Polyurethanes,hist_gbr,Mondrian-similarity,1116.2183745093178,0.0,0.7222222222222222,0.1777777777777778,3,0.8421052631578947,0.05789473684210533,0.05789473684210533,1,0.08123728123728129
0.6666666666666666,0.9,-0.2333333333333334,119.57338616088234,119.57338616088231,0.0,matched_Polyurethanes_1_naive,matched,naive,Polyurethanes,hist_gbr,Mondrian-family,131128.14012959437,1.0,0.5384615384615384,0.3615384615384616,3,0.6666666666666666,0.2333333333333334,0.2333333333333334,1,0.2813593813593814
0.45614035087719296,0.9,-0.44385964912280707,89.835114329115,86.39130654739016,0.0,matched_Polyurethanes_1_naive,matched,naive,Polyurethanes,hist_gbr,Normalised SCP,54502950.76934695,0.0,0.3076923076923077,0.5923076923076923,3,0.45614035087719296,0.44385964912280707,0.44385964912280707,1,0.5117216117216117
0.8070175438596491,0.9,-0.09298245614035094,114.74252000000001,114.74252000000001,0.0,matched_Polyurethanes_1_control,matched,control,Polyurethanes,extra_trees,SCP,1867.1422751141833,0.0,0.5454545454545454,0.3545454545454546,3,0.8070175438596491,0.09298245614035094,0.09298245614035094,1,0.15557498057498062
0.8070175438596491,0.9,-0.09298245614035094,117.33254666666674,106.32806000000016,0.0,matched_Polyurethanes_1_control,matched,control,Polyurethanes,extra_trees,Mondrian-similarity,1909.2883625716186,0.0,0.6363636363636364,0.26363636363636367,3,0.8070175438596491,0.09298245614035094,0.09298245614035094,1,0.15091297591297592
0.9824561403508771,0.9,0.08245614035087712,293.3684,293.3684,0.0,matched_Polyurethanes_1_control,matched,control,Polyurethanes,extra_trees,Mondrian-family,293.3684,0.0,1.0,-0.09999999999999998,3,0.9824561403508771,-0.08245614035087712,0.08245614035087712,1,0.09999999999999998
0.6491228070175439,0.9,-0.25087719298245614,90.35887576281125,85.73393185387924,0.0,matched_Polyurethanes_1_control,matched,control,Polyurethanes,extra_trees,Normalised SCP,167729.02994473602,0.0,0.36363636363636365,0.5363636363636364,3,0.6491228070175439,0.25087719298245614,0.25087719298245614,1,0.2958818958818959
0.8421052631578947,0.9,-0.05789473684210533,116.80969185031506,116.80969185031506,0.0,matched_Polyurethanes_1_control,matched,control,Polyurethanes,hist_gbr,SCP,663.4066498702406,0.0,0.7272727272727273,0.17272727272727273,3,0.8421052631578947,0.05789473684210533,0.05789473684210533,1,0.1206099456099456
0.8421052631578947,0.9,-0.05789473684210533,115.35289188258133,114.65315919387814,0.0,matched_Polyurethanes_1_control,matched,control,Polyurethanes,hist_gbr,Mondrian-similarity,655.1329289930059,0.0,0.6923076923076923,0.20769230769230773,3,0.8421052631578947,0.05789473684210533,0.05789473684210533,1,0.11594794094794096
0.9122807017543859,0.9,0.012280701754385892,251.1394734770684,251.1394734770684,0.0,matched_Polyurethanes_1_control,matched,control,Polyurethanes,hist_gbr,Mondrian-family,251.1394734770684,0.0,0.8181818181818182,0.08181818181818179,3,0.9122807017543859,-0.012280701754385892,0.012280701754385892,1,0.08005050505050504
0.7894736842105263,0.9,-0.1105263157894737,106.0336116101231,103.50147738652258,0.0,matched_Polyurethanes_1_control,matched,control,Polyurethanes,hist_gbr,Normalised SCP,2920.603664154425,0.0,0.6363636363636364,0.26363636363636367,3,0.7894736842105263,0.1105263157894737,0.1105263157894737,1,0.13980186480186482
0.9298245614035088,0.9,0.029824561403508754,120.74351999999999,120.74352,0.0,matched_Polyurethanes_2_informed,matched,informed,Polyurethanes,extra_trees,SCP,120.74351999999999,0.0,0.9166666666666666,-0.016666666666666607,3,0.9298245614035088,-0.029824561403508754,0.029824561403508754,1,0.04658119658119656
0.9473684210526315,0.9,0.047368421052631504,128.39824315789468,123.43927999999994,0.0,matched_Polyurethanes_2_informed,matched,informed,Polyurethanes,extra_trees,Mondrian-similarity,128.39824315789468,0.0,0.9,-0.0,3,0.9473684210526315,-0.047368421052631504,0.047368421052631504,1,0.03888888888888886
1.0,0.9,0.09999999999999998,238.74759999999998,238.74759999999995,0.0,matched_Polyurethanes_2_informed,matched,informed,Polyurethanes,extra_trees,Mondrian-family,238.74759999999998,0.0,1.0,-0.09999999999999998,3,1.0,-0.09999999999999998,0.09999999999999998,1,0.09999999999999998
0.8070175438596491,0.9,-0.09298245614035094,88.57133315816235,82.93563868175667,0.0,matched_Polyurethanes_2_informed,matched,informed,Polyurethanes,extra_trees,Normalised SCP,1441.272864695908,0.0,0.7692307692307693,0.13076923076923075,3,0.8070175438596491,0.09298245614035094,0.09298245614035094,1,0.0658119658119658
0.8947368421052632,0.9,-0.0052631578947368585,120.03486373386784,120.03486373386784,0.0,matched_Polyurethanes_2_informed,matched,informed,Polyurethanes,hist_gbr,SCP,140.56597739398845,0.0,0.8333333333333334,0.06666666666666665,3,0.8947368421052632,0.0052631578947368585,0.0052631578947368585,1,0.0735042735042735
0.9649122807017544,0.9,0.06491228070175437,126.72887530423365,121.36004323525901,0.0,matched_Polyurethanes_2_informed,matched,informed,Polyurethanes,hist_gbr,Mondrian-similarity,126.72887530423365,0.0,0.8333333333333334,0.06666666666666665,3,0.9649122807017544,-0.06491228070175437,0.06491228070175437,1,0.08888888888888886
1.0,0.9,0.09999999999999998,270.23787461993106,270.23787461993106,0.0,matched_Polyurethanes_2_informed,matched,informed,Polyurethanes,hist_gbr,Mondrian-family,270.23787461993106,0.0,1.0,-0.09999999999999998,3,1.0,-0.09999999999999998,0.09999999999999998,1,0.09999999999999998
0.9298245614035088,0.9,0.029824561403508754,112.38244177566342,107.17977905368477,0.0,matched_Polyurethanes_2_informed,matched,informed,Polyurethanes,hist_gbr,Normalised SCP,112.38244177566342,0.0,0.9166666666666666,-0.016666666666666607,3,0.9298245614035088,-0.029824561403508754,0.029824561403508754,1,0.04658119658119656
0.6666666666666666,0.9,-0.2333333333333334,114.74064000000017,114.74064000000018,0.0,matched_Polyurethanes_2_naive,matched,naive,Polyurethanes,extra_trees,SCP,125828.39044330314,0.0,0.5,0.4,3,0.6666666666666666,0.2333333333333334,0.2333333333333334,1,0.24529505582137165
0.8947368421052632,0.9,-0.0052631578947368585,184.63181192982455,175.58328000000006,0.0,matched_Polyurethanes_2_naive,matched,naive,Polyurethanes,extra_trees,Mondrian-similarity,216.21177626759965,0.0,0.8421052631578947,0.05789473684210533,3,0.8947368421052632,0.0052631578947368585,0.0052631578947368585,1,0.05566188197767145
0.6666666666666666,0.9,-0.2333333333333334,114.74064000000017,114.74064000000018,0.0,matched_Polyurethanes_2_naive,matched,naive,Polyurethanes,extra_trees,Mondrian-family,125828.39044330314,1.0,0.5,0.4,3,0.6666666666666666,0.2333333333333334,0.2333333333333334,1,0.24529505582137165
0.631578947368421,0.9,-0.268421052631579,96.15902153822223,96.06157567408161,0.0,matched_Polyurethanes_2_naive,matched,naive,Polyurethanes,extra_trees,Normalised SCP,302136.7094817327,0.0,0.5,0.4,3,0.631578947368421,0.268421052631579,0.268421052631579,1,0.2779904306220096
0.7192982456140351,0.9,-0.18070175438596492,119.57338616088234,119.57338616088231,0.0,matched_Polyurethanes_2_naive,matched,naive,Polyurethanes,hist_gbr,SCP,27037.577174155995,0.0,0.6842105263157895,0.21578947368421053,3,0.7192982456140351,0.18070175438596492,0.18070175438596492,1,0.191410344041923
0.9298245614035088,0.9,0.029824561403508754,201.69087284823453,198.20665868161353,0.0,matched_Polyurethanes_2_naive,matched,naive,Polyurethanes,hist_gbr,Mondrian-similarity,201.69087284823453,0.0,0.8947368421052632,0.0052631578947368585,3,0.9298245614035088,-0.029824561403508754,0.029824561403508754,1,0.03811802232854863
0.7192982456140351,0.9,-0.18070175438596492,119.57338616088234,119.57338616088231,0.0,matched_Polyurethanes_2_naive,matched,naive,Polyurethanes,hist_gbr,Mondrian-family,27037.577174155995,1.0,0.6842105263157895,0.21578947368421053,3,0.7192982456140351,0.18070175438596492,0.18070175438596492,1,0.191410344041923
0.543859649122807,0.9,-0.356140350877193,89.43917823557958,87.53932123207926,0.0,matched_Polyurethanes_2_naive,matched,naive,Polyurethanes,hist_gbr,Normalised SCP,3905003.930539125,0.0,0.5,0.4,3,0.543859649122807,0.356140350877193,0.356140350877193,1,0.3674185463659148
0.9122807017543859,0.9,0.012280701754385892,124.74336000000005,124.74336000000005,0.0,matched_Polyurethanes_2_control,matched,control,Polyurethanes,extra_trees,SCP,124.74336000000005,0.0,0.7272727272727273,0.17272727272727273,3,0.9122807017543859,-0.012280701754385892,0.012280701754385892,1,0.09646464646464643
0.9122807017543859,0.9,0.012280701754385892,126.78651719298242,103.13559999999995,0.0,matched_Polyurethanes_2_control,matched,control,Polyurethanes,extra_trees,Mondrian-similarity,126.78651719298242,0.0,0.9090909090909091,-0.009090909090909038,3,0.9122807017543859,-0.012280701754385892,0.012280701754385892,1,0.012933684672815046
0.9824561403508771,0.9,0.08245614035087712,258.87075999999985,258.87075999999985,0.0,matched_Polyurethanes_2_control,matched,control,Polyurethanes,extra_trees,Mondrian-family,258.87075999999985,0.0,1.0,-0.09999999999999998,3,0.9824561403508771,-0.08245614035087712,0.08245614035087712,1,0.09999999999999998
0.8421052631578947,0.9,-0.05789473684210533,102.47882665612465,100.78757160078119,0.0,matched_Polyurethanes_2_control,matched,control,Polyurethanes,extra_trees,Normalised SCP,582.0162179837939,0.0,0.7272727272727273,0.17272727272727273,3,0.8421052631578947,0.05789473684210533,0.05789473684210533,1,0.11192358366271409
0.9298245614035088,0.9,0.029824561403508754,121.28555539431056,121.28555539431056,0.0,matched_Polyurethanes_2_control,matched,control,Polyurethanes,hist_gbr,SCP,121.28555539431056,0.0,0.8181818181818182,0.08181818181818179,3,0.9298245614035088,-0.029824561403508754,0.029824561403508754,1,0.09393939393939392
0.9298245614035088,0.9,0.029824561403508754,123.9423168651345,115.28340855397971,0.0,matched_Polyurethanes_2_control,matched,control,Polyurethanes,hist_gbr,Mondrian-similarity,123.9423168651345,0.0,0.9090909090909091,-0.009090909090909038,3,0.9298245614035088,-0.029824561403508754,0.029824561403508754,1,0.04071146245059284
0.9649122807017544,0.9,0.06491228070175437,157.55549916485242,157.55549916485242,0.0,matched_Polyurethanes_2_control,matched,control,Polyurethanes,hist_gbr,Mondrian-family,157.55549916485242,0.0,0.9090909090909091,-0.009090909090909038,3,0.9649122807017544,-0.06491228070175437,0.06491228070175437,1,0.06969696969696966
0.8947368421052632,0.9,-0.0052631578947368585,122.56267731258733,118.05206824703825,0.0,matched_Polyurethanes_2_control,matched,control,Polyurethanes,hist_gbr,Normalised SCP,143.52615558980244,0.0,0.7272727272727273,0.17272727272727273,3,0.8947368421052632,0.0052631578947368585,0.0052631578947368585,1,0.10974967061923584
0.9491525423728814,0.9,0.04915254237288136,132.03740000000005,132.03740000000005,0.0,matched_Polyvinyls_0_informed,matched,informed,Polyvinyls,extra_trees,SCP,132.03740000000005,0.0,0.9090909090909091,-0.009090909090909038,4,0.9491525423728814,-0.04915254237288136,0.04915254237288136,1,0.07727272727272724
1.0,0.9,0.09999999999999998,168.2061186440678,153.9436,0.0,matched_Polyvinyls_0_informed,matched,informed,Polyvinyls,extra_trees,Mondrian-similarity,168.2061186440678,0.0,1.0,-0.09999999999999998,4,1.0,-0.09999999999999998,0.09999999999999998,1,0.09999999999999998
0.9661016949152542,0.9,0.0661016949152542,171.05012,171.05012000000002,0.0,matched_Polyvinyls_0_informed,matched,informed,Polyvinyls,extra_trees,Mondrian-family,171.05012,0.0,1.0,-0.09999999999999998,4,0.9661016949152542,-0.0661016949152542,0.0661016949152542,1,0.09999999999999998
0.9322033898305084,0.9,0.03220338983050841,134.76598414779352,137.21897428381618,0.0,matched_Polyvinyls_0_informed,matched,informed,Polyvinyls,extra_trees,Normalised SCP,134.76598414779352,0.0,0.9090909090909091,-0.009090909090909038,4,0.9322033898305084,-0.03220338983050841,0.03220338983050841,1,0.07727272727272724
0.9322033898305084,0.9,0.03220338983050841,126.08412907910576,126.08412907910576,0.0,matched_Polyvinyls_0_informed,matched,informed,Polyvinyls,hist_gbr,SCP,126.08412907910576,0.0,0.9166666666666666,-0.016666666666666607,4,0.9322033898305084,-0.03220338983050841,0.03220338983050841,1,0.07916666666666664
1.0,0.9,0.09999999999999998,165.23643330281536,143.44347184692032,0.0,matched_Polyvinyls_0_informed,matched,informed,Polyvinyls,hist_gbr,Mondrian-similarity,165.23643330281536,0.0,1.0,-0.09999999999999998,4,1.0,-0.09999999999999998,0.09999999999999998,1,0.09999999999999998
0.9661016949152542,0.9,0.0661016949152542,169.55462654128917,169.55462654128917,0.0,matched_Polyvinyls_0_informed,matched,informed,Polyvinyls,hist_gbr,Mondrian-family,169.55462654128917,0.0,1.0,-0.09999999999999998,4,0.9661016949152542,-0.0661016949152542,0.0661016949152542,1,0.09999999999999998
0.9152542372881356,0.9,0.015254237288135575,131.27426054965207,127.47464101338875,0.0,matched_Polyvinyls_0_informed,matched,informed,Polyvinyls,hist_gbr,Normalised SCP,131.27426054965207,0.0,0.8181818181818182,0.08181818181818179,4,0.9152542372881356,-0.015254237288135575,0.015254237288135575,1,0.09545454545454543
0.9491525423728814,0.9,0.04915254237288136,115.62760000000002,115.62760000000003,0.0,matched_Polyvinyls_0_naive,matched,naive,Polyvinyls,extra_trees,SCP,115.62760000000002,0.0,0.9285714285714286,-0.02857142857142858,3,0.9491525423728814,-0.04915254237288136,0.04915254237288136,1,0.05320197044334973
0.9830508474576272,0.9,0.08305084745762714,231.6704393220339,192.87708000000003,0.0,matched_Polyvinyls_0_naive,matched,naive,Polyvinyls,extra_trees,Mondrian-similarity,231.6704393220339,0.0,0.9285714285714286,-0.02857142857142858,3,0.9830508474576272,-0.08305084745762714,0.08305084745762714,1,0.07619047619047618
0.9491525423728814,0.9,0.04915254237288136,115.62760000000002,115.62760000000003,0.0,matched_Polyvinyls_0_naive,matched,naive,Polyvinyls,extra_trees,Mondrian-family,115.62760000000002,1.0,0.9285714285714286,-0.02857142857142858,3,0.9491525423728814,-0.04915254237288136,0.04915254237288136,1,0.05320197044334973
0.9322033898305084,0.9,0.03220338983050841,125.59385375408522,118.70140157338943,0.0,matched_Polyvinyls_0_naive,matched,naive,Polyvinyls,extra_trees,Normalised SCP,125.59385375408522,0.0,0.8571428571428571,0.04285714285714293,3,0.9322033898305084,-0.03220338983050841,0.03220338983050841,1,0.04168035030103997
0.864406779661017,0.9,-0.035593220338983045,113.97775503547463,113.97775503547463,0.0,matched_Polyvinyls_0_naive,matched,naive,Polyvinyls,hist_gbr,SCP,331.5570556052072,0.0,0.8275862068965517,0.07241379310344831,3,0.864406779661017,0.035593220338983045,0.035593220338983045,1,0.04397920087575261
0.9830508474576272,0.9,0.08305084745762714,241.3540136931578,194.85751102677312,0.0,matched_Polyvinyls_0_naive,matched,naive,Polyvinyls,hist_gbr,Mondrian-similarity,241.3540136931578,0.0,0.9285714285714286,-0.02857142857142858,3,0.9830508474576272,-0.08305084745762714,0.08305084745762714,1,0.07619047619047618
0.864406779661017,0.9,-0.035593220338983045,113.97775503547463,113.97775503547463,0.0,matched_Polyvinyls_0_naive,matched,naive,Polyvinyls,hist_gbr,Mondrian-family,331.5570556052072,1.0,0.8275862068965517,0.07241379310344831,3,0.864406779661017,0.035593220338983045,0.035593220338983045,1,0.04397920087575261
0.9152542372881356,0.9,0.015254237288135575,120.37251696689293,117.15406545688084,0.0,matched_Polyvinyls_0_naive,matched,naive,Polyvinyls,hist_gbr,Normalised SCP,120.37251696689293,0.0,0.8571428571428571,0.04285714285714293,3,0.9152542372881356,-0.015254237288135575,0.015254237288135575,1,0.030186097427476726
0.8983050847457628,0.9,-0.0016949152542372614,123.2564,123.25639999999999,0.0,matched_Polyvinyls_0_control,matched,control,Polyvinyls,extra_trees,SCP,129.68574738312014,0.0,0.9333333333333333,-0.033333333333333326,2,0.8983050847457628,0.0016949152542372614,0.0016949152542372614,1,0.06666666666666665
0.9830508474576272,0.9,0.08305084745762714,155.44304881355927,131.59640000000002,0.0,matched_Polyvinyls_0_control,matched,control,Polyvinyls,extra_trees,Mondrian-similarity,155.44304881355927,0.0,0.9333333333333333,-0.033333333333333326,2,0.9830508474576272,-0.08305084745762714,0.08305084745762714,1,0.06666666666666665
0.8135593220338984,0.9,-0.08644067796610166,89.62183999999992,89.62183999999992,0.0,matched_Polyvinyls_0_control,matched,control,Polyvinyls,extra_trees,Mondrian-family,1198.4920005033641,0.0,0.7857142857142857,0.11428571428571432,2,0.8135593220338984,0.08644067796610166,0.08644067796610166,1,0.07380952380952382
0.9322033898305084,0.9,0.03220338983050841,124.90583815491976,118.66876424399891,0.0,matched_Polyvinyls_0_control,matched,control,Polyvinyls,extra_trees,Normalised SCP,124.90583815491976,0.0,0.9333333333333333,-0.033333333333333326,2,0.9322033898305084,-0.03220338983050841,0.03220338983050841,1,0.06666666666666665
0.9322033898305084,0.9,0.03220338983050841,123.36120066340594,123.36120066340595,0.0,matched_Polyvinyls_0_control,matched,control,Polyvinyls,hist_gbr,SCP,123.36120066340594,0.0,0.9285714285714286,-0.02857142857142858,2,0.9322033898305084,-0.03220338983050841,0.03220338983050841,1,0.06428571428571428
1.0,0.9,0.09999999999999998,154.72877488253812,140.05061274310634,0.0,matched_Polyvinyls_0_control,matched,control,Polyvinyls,hist_gbr,Mondrian-similarity,154.72877488253812,0.0,1.0,-0.09999999999999998,2,1.0,-0.09999999999999998,0.09999999999999998,1,0.09999999999999998
0.847457627118644,0.9,-0.05254237288135599,98.59826824659115,98.59826824659115,0.0,matched_Polyvinyls_0_control,matched,control,Polyvinyls,hist_gbr,Mondrian-family,476.90861249539427,0.0,0.8666666666666667,0.033333333333333326,2,0.847457627118644,0.05254237288135599,0.05254237288135599,1,0.030952380952380953
0.8983050847457628,0.9,-0.0016949152542372614,110.84909693368637,99.3947880342997,0.0,matched_Polyvinyls_0_control,matched,control,Polyvinyls,hist_gbr,Normalised SCP,116.63124983845907,0.0,0.8571428571428571,0.04285714285714293,2,0.8983050847457628,0.0016949152542372614,0.0016949152542372614,1,0.038095238095238126
0.9322033898305084,0.9,0.03220338983050841,129.43759999999997,129.43759999999997,0.0,matched_Polyvinyls_1_informed,matched,informed,Polyvinyls,extra_trees,SCP,129.43759999999997,0.0,0.9333333333333333,-0.033333333333333326,3,0.9322033898305084,-0.03220338983050841,0.03220338983050841,1,0.07777777777777777
0.9661016949152542,0.9,0.0661016949152542,145.78625355932206,137.97988000000004,0.0,matched_Polyvinyls_1_informed,matched,informed,Polyvinyls,extra_trees,Mondrian-similarity,145.78625355932206,0.0,0.9285714285714286,-0.02857142857142858,3,0.9661016949152542,-0.0661016949152542,0.0661016949152542,1,0.053968253968253964
0.8813559322033898,0.9,-0.01864406779661021,83.91677999999993,83.91677999999996,0.0,matched_Polyvinyls_1_informed,matched,informed,Polyvinyls,extra_trees,Mondrian-family,146.8112322729295,0.0,0.8666666666666667,0.033333333333333326,3,0.8813559322033898,0.01864406779661021,0.01864406779661021,1,0.020634920634920634
0.9491525423728814,0.9,0.04915254237288136,129.88214395399885,129.11880550364697,0.0,matched_Polyvinyls_1_informed,matched,informed,Polyvinyls,extra_trees,Normalised SCP,129.88214395399885,0.0,0.9333333333333333,-0.033333333333333326,3,0.9491525423728814,-0.04915254237288136,0.04915254237288136,1,0.07777777777777777
0.9491525423728814,0.9,0.04915254237288136,123.3169744423858,123.3169744423858,0.0,matched_Polyvinyls_1_informed,matched,informed,Polyvinyls,hist_gbr,SCP,123.3169744423858,0.0,0.9333333333333333,-0.033333333333333326,3,0.9491525423728814,-0.04915254237288136,0.04915254237288136,1,0.07777777777777777
0.9491525423728814,0.9,0.04915254237288136,143.14888797202775,137.5361748368564,0.0,matched_Polyvinyls_1_informed,matched,informed,Polyvinyls,hist_gbr,Mondrian-similarity,143.14888797202775,0.0,0.9285714285714286,-0.02857142857142858,3,0.9491525423728814,-0.04915254237288136,0.04915254237288136,1,0.053968253968253964
0.8983050847457628,0.9,-0.0016949152542372614,94.67348285194625,94.67348285194623,0.0,matched_Polyvinyls_1_informed,matched,informed,Polyvinyls,hist_gbr,Mondrian-family,99.61187720084034,0.0,0.9285714285714286,-0.02857142857142858,3,0.8983050847457628,0.0016949152542372614,0.0016949152542372614,1,0.053968253968253964
0.9661016949152542,0.9,0.0661016949152542,117.98337731779483,116.85190242301292,0.0,matched_Polyvinyls_1_informed,matched,informed,Polyvinyls,hist_gbr,Normalised SCP,117.98337731779483,0.0,0.9333333333333333,-0.033333333333333326,3,0.9661016949152542,-0.0661016949152542,0.0661016949152542,1,0.07777777777777777
0.9152542372881356,0.9,0.015254237288135575,115.62760000000002,115.62760000000003,0.0,matched_Polyvinyls_1_naive,matched,naive,Polyvinyls,extra_trees,SCP,115.62760000000002,0.0,0.85,0.050000000000000044,2,0.9152542372881356,-0.015254237288135575,0.015254237288135575,1,0.033333333333333326
0.9830508474576272,0.9,0.08305084745762714,221.847652881356,192.87708000000003,0.0,matched_Polyvinyls_1_naive,matched,naive,Polyvinyls,extra_trees,Mondrian-similarity,221.847652881356,0.0,0.95,-0.04999999999999993,2,0.9830508474576272,-0.08305084745762714,0.08305084745762714,1,0.07499999999999996
0.9152542372881356,0.9,0.015254237288135575,115.62760000000002,115.62760000000003,0.0,matched_Polyvinyls_1_naive,matched,naive,Polyvinyls,extra_trees,Mondrian-family,115.62760000000002,1.0,0.85,0.050000000000000044,2,0.9152542372881356,-0.015254237288135575,0.015254237288135575,1,0.033333333333333326
0.8983050847457628,0.9,-0.0016949152542372614,127.04640228034624,119.27709091404309,0.0,matched_Polyvinyls_1_naive,matched,naive,Polyvinyls,extra_trees,Normalised SCP,133.67344520903777,0.0,0.8,0.09999999999999998,2,0.8983050847457628,0.0016949152542372614,0.0016949152542372614,1,0.07916666666666666
0.9322033898305084,0.9,0.03220338983050841,113.97775503547463,113.97775503547463,0.0,matched_Polyvinyls_1_naive,matched,naive,Polyvinyls,hist_gbr,SCP,113.97775503547463,0.0,0.9,-0.0,2,0.9322033898305084,-0.03220338983050841,0.03220338983050841,1,0.008333333333333304
0.9830508474576272,0.9,0.08305084745762714,230.3726837540498,194.85751102677312,0.0,matched_Polyvinyls_1_naive,matched,naive,Polyvinyls,hist_gbr,Mondrian-similarity,230.3726837540498,0.0,0.95,-0.04999999999999993,2,0.9830508474576272,-0.08305084745762714,0.08305084745762714,1,0.07499999999999996
0.9322033898305084,0.9,0.03220338983050841,113.97775503547463,113.97775503547463,0.0,matched_Polyvinyls_1_naive,matched,naive,Polyvinyls,hist_gbr,Mondrian-family,113.97775503547463,1.0,0.9,-0.0,2,0.9322033898305084,-0.03220338983050841,0.03220338983050841,1,0.008333333333333304
0.9322033898305084,0.9,0.03220338983050841,121.25150404327006,113.12899531043666,0.0,matched_Polyvinyls_1_naive,matched,naive,Polyvinyls,hist_gbr,Normalised SCP,121.25150404327006,0.0,0.85,0.050000000000000044,2,0.9322033898305084,-0.03220338983050841,0.03220338983050841,1,0.054166666666666696
0.9491525423728814,0.9,0.04915254237288136,121.87191999999992,121.87191999999993,0.0,matched_Polyvinyls_1_control,matched,control,Polyvinyls,extra_trees,SCP,121.87191999999992,0.0,0.9,-0.0,4,0.9491525423728814,-0.04915254237288136,0.04915254237288136,1,0.05416666666666664
0.9830508474576272,0.9,0.08305084745762714,138.77344610169493,117.87900000000002,0.0,matched_Polyvinyls_1_control,matched,control,Polyvinyls,extra_trees,Mondrian-similarity,138.77344610169493,0.0,0.9166666666666666,-0.016666666666666607,4,0.9830508474576272,-0.08305084745762714,0.08305084745762714,1,0.07916666666666664
0.8813559322033898,0.9,-0.01864406779661021,76.71959999999991,76.7195999999999,0.0,matched_Polyvinyls_1_control,matched,control,Polyvinyls,extra_trees,Mondrian-family,134.21986658075105,0.0,0.8,0.09999999999999998,4,0.8813559322033898,0.01864406779661021,0.01864406779661021,1,0.07916666666666664
0.9491525423728814,0.9,0.04915254237288136,128.6510469717593,123.4469113211722,0.0,matched_Polyvinyls_1_control,matched,control,Polyvinyls,extra_trees,Normalised SCP,128.6510469717593,0.0,0.9,-0.0,4,0.9491525423728814,-0.04915254237288136,0.04915254237288136,1,0.05833333333333332
0.9661016949152542,0.9,0.0661016949152542,117.41208250343313,117.41208250343311,0.0,matched_Polyvinyls_1_control,matched,control,Polyvinyls,hist_gbr,SCP,117.41208250343313,0.0,0.9,-0.0,4,0.9661016949152542,-0.0661016949152542,0.0661016949152542,1,0.05833333333333332
0.9830508474576272,0.9,0.08305084745762714,139.14676694960582,116.45380866572276,0.0,matched_Polyvinyls_1_control,matched,control,Polyvinyls,hist_gbr,Mondrian-similarity,139.14676694960582,0.0,0.9333333333333333,-0.033333333333333326,4,0.9830508474576272,-0.08305084745762714,0.08305084745762714,1,0.08333333333333331
0.9491525423728814,0.9,0.04915254237288136,99.23569057396675,99.23569057396674,0.0,matched_Polyvinyls_1_control,matched,control,Polyvinyls,hist_gbr,Mondrian-family,99.23569057396675,0.0,0.8666666666666667,0.033333333333333326,4,0.9491525423728814,-0.04915254237288136,0.04915254237288136,1,0.05833333333333332
0.9322033898305084,0.9,0.03220338983050841,116.63386740162349,115.68851297067599,0.0,matched_Polyvinyls_1_control,matched,control,Polyvinyls,hist_gbr,Normalised SCP,116.63386740162349,0.0,0.9,-0.0,4,0.9322033898305084,-0.03220338983050841,0.03220338983050841,1,0.03749999999999998
0.9491525423728814,0.9,0.04915254237288136,127.07601999999993,127.07601999999994,0.0,matched_Polyvinyls_2_informed,matched,informed,Polyvinyls,extra_trees,SCP,127.07601999999993,0.0,0.875,0.025000000000000022,3,0.9491525423728814,-0.04915254237288136,0.04915254237288136,1,0.075
1.0,0.9,0.09999999999999998,157.24505118644075,151.27196000000004,0.0,matched_Polyvinyls_2_informed,matched,informed,Polyvinyls,extra_trees,Mondrian-similarity,157.24505118644075,0.0,1.0,-0.09999999999999998,3,1.0,-0.09999999999999998,0.09999999999999998,1,0.09999999999999998
0.9830508474576272,0.9,0.08305084745762714,139.36300000000003,139.363,0.0,matched_Polyvinyls_2_informed,matched,informed,Polyvinyls,extra_trees,Mondrian-family,139.36300000000003,0.0,1.0,-0.09999999999999998,3,0.9830508474576272,-0.08305084745762714,0.08305084745762714,1,0.09999999999999998
1.0,0.9,0.09999999999999998,142.46655127259578,136.84259696929308,0.0,matched_Polyvinyls_2_informed,matched,informed,Polyvinyls,extra_trees,Normalised SCP,142.46655127259578,0.0,1.0,-0.09999999999999998,3,1.0,-0.09999999999999998,0.09999999999999998,1,0.09999999999999998
0.9661016949152542,0.9,0.0661016949152542,119.05694763842641,119.05694763842641,0.0,matched_Polyvinyls_2_informed,matched,informed,Polyvinyls,hist_gbr,SCP,119.05694763842641,0.0,0.9375,-0.03749999999999998,3,0.9661016949152542,-0.0661016949152542,0.0661016949152542,1,0.07916666666666665
1.0,0.9,0.09999999999999998,154.39627677160766,146.9758552608891,0.0,matched_Polyvinyls_2_informed,matched,informed,Polyvinyls,hist_gbr,Mondrian-similarity,154.39627677160766,0.0,1.0,-0.09999999999999998,3,1.0,-0.09999999999999998,0.09999999999999998,1,0.09999999999999998
0.9830508474576272,0.9,0.08305084745762714,126.78881200396451,126.78881200396455,0.0,matched_Polyvinyls_2_informed,matched,informed,Polyvinyls,hist_gbr,Mondrian-family,126.78881200396451,0.0,1.0,-0.09999999999999998,3,0.9830508474576272,-0.08305084745762714,0.08305084745762714,1,0.09999999999999998
0.9830508474576272,0.9,0.08305084745762714,119.81998645561755,120.32048632535596,0.0,matched_Polyvinyls_2_informed,matched,informed,Polyvinyls,hist_gbr,Normalised SCP,119.81998645561755,0.0,0.9285714285714286,-0.02857142857142858,3,0.9830508474576272,-0.08305084745762714,0.08305084745762714,1,0.07619047619047618
0.9322033898305084,0.9,0.03220338983050841,115.62760000000002,115.62760000000003,0.0,matched_Polyvinyls_2_naive,matched,naive,Polyvinyls,extra_trees,SCP,115.62760000000002,0.0,0.8947368421052632,0.0052631578947368585,3,0.9322033898305084,-0.03220338983050841,0.03220338983050841,1,0.04372969460688758
1.0,0.9,0.09999999999999998,231.99465152542373,192.87708000000003,0.0,matched_Polyvinyls_2_naive,matched,naive,Polyvinyls,extra_trees,Mondrian-similarity,231.99465152542373,0.0,1.0,-0.09999999999999998,3,1.0,-0.09999999999999998,0.09999999999999998,1,0.09999999999999998
0.9322033898305084,0.9,0.03220338983050841,115.62760000000002,115.62760000000003,0.0,matched_Polyvinyls_2_naive,matched,naive,Polyvinyls,extra_trees,Mondrian-family,115.62760000000002,1.0,0.8947368421052632,0.0052631578947368585,3,0.9322033898305084,-0.03220338983050841,0.03220338983050841,1,0.04372969460688758
0.9322033898305084,0.9,0.03220338983050841,133.23210603134572,125.59545230348279,0.0,matched_Polyvinyls_2_naive,matched,naive,Polyvinyls,extra_trees,Normalised SCP,133.23210603134572,0.0,0.8421052631578947,0.05789473684210533,3,0.9322033898305084,-0.03220338983050841,0.03220338983050841,1,0.07361923326835607
0.864406779661017,0.9,-0.035593220338983045,113.97775503547463,113.97775503547463,0.0,matched_Polyvinyls_2_naive,matched,naive,Polyvinyls,hist_gbr,SCP,331.5570556052072,0.0,0.7368421052631579,0.16315789473684217,3,0.864406779661017,0.035593220338983045,0.035593220338983045,1,0.09142300194931778
1.0,0.9,0.09999999999999998,241.39451590714208,194.85751102677312,0.0,matched_Polyvinyls_2_naive,matched,naive,Polyvinyls,hist_gbr,Mondrian-similarity,241.39451590714208,0.0,1.0,-0.09999999999999998,3,1.0,-0.09999999999999998,0.09999999999999998,1,0.09999999999999998
0.864406779661017,0.9,-0.035593220338983045,113.97775503547463,113.97775503547463,0.0,matched_Polyvinyls_2_naive,matched,naive,Polyvinyls,hist_gbr,Mondrian-family,331.5570556052072,1.0,0.7368421052631579,0.16315789473684217,3,0.864406779661017,0.035593220338983045,0.035593220338983045,1,0.09142300194931778
0.9152542372881356,0.9,0.015254237288135575,125.95918506561979,116.37878923490541,0.0,matched_Polyvinyls_2_naive,matched,naive,Polyvinyls,hist_gbr,Normalised SCP,125.95918506561979,0.0,0.7368421052631579,0.16315789473684217,3,0.9152542372881356,-0.015254237288135575,0.015254237288135575,1,0.12105263157894737
0.9322033898305084,0.9,0.03220338983050841,122.86099999999999,122.86099999999999,0.0,matched_Polyvinyls_2_control,matched,control,Polyvinyls,extra_trees,SCP,122.86099999999999,0.0,0.8571428571428571,0.04285714285714293,4,0.9322033898305084,-0.03220338983050841,0.03220338983050841,1,0.06298701298701298
0.9661016949152542,0.9,0.0661016949152542,173.20382440677963,156.86808000000002,0.0,matched_Polyvinyls_2_control,matched,control,Polyvinyls,extra_trees,Mondrian-similarity,173.20382440677963,0.0,0.9,-0.0,4,0.9661016949152542,-0.0661016949152542,0.0661016949152542,1,0.05227272727272725
0.9661016949152542,0.9,0.0661016949152542,143.4894,143.4894,0.0,matched_Polyvinyls_2_control,matched,control,Polyvinyls,extra_trees,Mondrian-family,143.4894,0.0,0.9090909090909091,-0.009090909090909038,4,0.9661016949152542,-0.0661016949152542,0.0661016949152542,1,0.059415584415584394
1.0,0.9,0.09999999999999998,134.20932208449454,127.33633028484314,0.0,matched_Polyvinyls_2_control,matched,control,Polyvinyls,extra_trees,Normalised SCP,134.20932208449454,0.0,1.0,-0.09999999999999998,4,1.0,-0.09999999999999998,0.09999999999999998,1,0.09999999999999998
0.9322033898305084,0.9,0.03220338983050841,122.02587090563007,122.02587090563009,0.0,matched_Polyvinyls_2_control,matched,control,Polyvinyls,hist_gbr,SCP,122.02587090563007,0.0,0.9090909090909091,-0.009090909090909038,4,0.9322033898305084,-0.03220338983050841,0.03220338983050841,1,0.059415584415584394
0.9830508474576272,0.9,0.08305084745762714,153.23312821431387,132.29659342350686,0.0,matched_Polyvinyls_2_control,matched,control,Polyvinyls,hist_gbr,Mondrian-similarity,153.23312821431387,0.0,0.9090909090909091,-0.009090909090909038,4,0.9830508474576272,-0.08305084745762714,0.08305084745762714,1,0.07727272727272724
0.9491525423728814,0.9,0.04915254237288136,126.29913230644982,126.29913230644985,0.0,matched_Polyvinyls_2_control,matched,control,Polyvinyls,hist_gbr,Mondrian-family,126.29913230644982,0.0,0.9090909090909091,-0.009090909090909038,4,0.9491525423728814,-0.04915254237288136,0.04915254237288136,1,0.059415584415584394
0.9830508474576272,0.9,0.08305084745762714,133.08192310723888,132.48954332958132,0.0,matched_Polyvinyls_2_control,matched,control,Polyvinyls,hist_gbr,Normalised SCP,133.08192310723888,0.0,1.0,-0.09999999999999998,4,0.9830508474576272,-0.08305084745762714,0.08305084745762714,1,0.09999999999999998
