psmiles,Tg_C,point2_split
*Oc1ccc(C(CCC)c2ccc(OC(*)=O)cc2)cc1,123.0,train
*Oc1ccc(C(c2ccc(Oc3ccc(C(=O)Nc4ccc(-c5ccc(NC(=O)c6ccc(*)cc6)cc5C(F)(F)F)c(C(F)(F)F)c4)cc3)cc2)(C(F)(F)F)C(F)(F)F)cc1,240.0,train
*CC(C)(C)C1C(=O)OC(=O)C1*,141.0,train
*COc1ccc(C(c2ccc(O*)cc2)(C(F)(F)F)C(F)(F)F)cc1,123.0,train
*CCN(*)C(=O)c1ccc(F)cc1,104.0,train
*O[Si](C)(C)c1c(F)c(F)c(F)c([Si](*)(C)C)c1F,-28.5,train
*Oc1ccc(C(C)(C)c2ccc(OC(=O)OCCCCCOC(*)=O)cc2)cc1,49.5,train
*c1ccccc1CCc1ccc(N2C(=O)C(=O)N(c3ccc(C)c(N4C(=O)C(=O)N(*)C4=O)c3)C2=O)cc1,255.0,train
*Nc1cccc2c(NC(=O)c3ccc(C(*)=O)cc3)cccc12,305.0,train
*CC(*)c1ccc(C(=O)OCC)cc1,94.0,train
*CC(*)(CF)C(=O)OCC,43.0,train
*c1ccc(Oc2cccc(N3C(=O)c4ccc(-c5ccc6c(c5)C(=O)N(*)C6=O)cc4C3=O)c2)cc1,259.0,train
*Nc1cc(NC(=O)c2cc(OCCN(C)c3ccc(C#N)cc3)cc(C(*)=O)c2)cc(C(=O)OCCN(C)c2ccc(C#N)cc2)c1,167.0,train
*CC(*)(CC(=O)OCCCCCCC)C(=O)OCCCCCCC,-23.0,train
*Oc1c(Cl)cc(*)cc1Cl,176.82,train
*CCN(CCOC(=O)c1cc(OCc2cc(OCc3ccccc3)cc(OCc3ccccc3)c2)cc(C(=O)O*)c1)c1ccc(/C=C/c2ccc(/C=C/C3=C(C#N)C(=C(C#N)C#N)OC3(c3ccccc3)C(F)(F)F)s2)cc1,130.0,train
*c1ccc(Oc2cccc(N3C(=O)c4ccc(Oc5ccc6ccc(Oc7ccc8c(c7)C(=O)N(*)C8=O)cc6c5)cc4C3=O)c2)cc1,221.0,train
*Oc1ccc(S(=O)(=O)c2ccc(OC(=O)c3cc(CCCCC)cc(C(*)=O)c3)cc2)cc1,170.0,train
*c1ccc(Oc2ccc(Sc3ccc(Oc4ccc(N5C(=O)c6ccc(Oc7ccc(Oc8ccc(Oc9ccc%10c(c9)C(=O)N(*)C%10=O)cc8)cc7)cc6C5=O)cc4)cc3)cc2)cc1,194.0,train
*CC(*)C(=O)OCc1ccccc1,9.25,train
*CC1CCC(CNC(=O)c2cccc(C(=O)N*)c2)CC1,208.0,train
*c1ccc(-c2ccc(-c3nc4cc(Oc5ccc6nc(-c7ccccc7)c(*)nc6c5)ccc4nc3-c3ccccc3)cc2)cc1,410.0,train
*[Si](*)(CCCC)CCCCC,-26.0,train
*Oc1ccc(C(c2ccc(Oc3ccc(C(=O)c4c(C(=O)c5ccc(*)cc5)c(-c5ccccc5)c(-c5ccc6ccccc6c5)c(-c5ccc6ccccc6c5)c4-c4ccccc4)cc3)cc2)(C(F)(F)F)C(F)(F)F)cc1,275.0,train
*CC(c1ccccc1)C1C(=O)OC(=O)C1*,212.0,train
*CCC(C)CC(C)(C)CNC(=O)c1ccc(C(=O)N*)cc1,147.0,train
*Oc1ccc(OC(=O)c2ccc(C(*)=O)cc2Oc2ccc(C3CCCCC3)cc2)cc1,113.0,train
*CCC(=O)O*,-24.0,train
*CCN(CCOC(=O)c1cc(OCCN(C)c2ccc(S(=O)(=O)C(F)(F)C(F)(F)C(F)(F)C(F)(F)C(F)(F)C(F)(F)C(F)(F)C(F)(F)F)cc2)cc(C(=O)O*)c1)c1ccc(S(=O)(=O)C(F)(F)C(F)(F)C(F)(F)C(F)(F)C(F)(F)C(F)(F)C(F)(F)C(F)(F)F)cc1,83.0,train
*O[Si](*)(C)CCCOc1ccc(-c2ccc(OC(=O)CCCCC(=O)OC3CC(C)CCC3C(C)C)cc2)cc1,43.3,train
*c1cc(-c2nc3ccccc3oc2=O)cc(-n2c(=O)c3cc4c(=O)n(*)c(=O)c4cc3c2=O)c1,130.0,train
*c1ccc(CCc2ccccc2N2C(=O)C(=O)N(c3ccc(Oc4ccc(N5C(=O)C(=O)N(*)C5=O)cc4)cc3)C2=O)cc1,208.0,train
*Nc1ccc(C(C)(C)c2ccc(NC(=O)c3cc(C(*)=O)cc(N4C(=O)C5CC=CCC5C4=O)c3)cc2)cc1,308.0,train
*CCOC(=O)NC1CCC(CC2CCC(NC(=O)OCCOc3ccc(C4(c5ccc(O*)cc5)c5ccccc5-c5ccccc54)cc3)CC2)CC1,140.0,train
*NNC(=O)c1ccccc1C(=O)Nc1cccc(/C=C2\CC/C(=C\c3cccc(NC(=O)c4ccccc4C(*)=O)c3)C2=O)c1,202.1,train
*CC(*)OC(=O)c1cccc(C)c1,49.0,train
*CC(OCCCC)C(C)(C(=O)OC)C(*)(C)C(=O)OC,97.5,train
*CC(*)c1ccc([Si](O[Si](C)(C)C)(O[Si](C)(C)C)O[Si](C)(C)C)cc1,114.0,train
*c1ccc(-c2ccc(-c3ccc(-c4ccc([Si](CCCC)(CCCC)[Si](*)(CCCC)CCCC)s4)s3)s2)s1,-1.0,train
*Oc1cc(Oc2ccc(C(C)(C)c3ccc(*)cc3)cc2)cc(C(=O)Oc2ccc(/N=N/c3ccc(C#N)cc3)cc2)c1,163.0,train
*c1ccc(Oc2cc(C(C)(C)C)c(Oc3ccc(N4C(=O)c5ccc(Oc6ccc7c(c6)C(=O)N(*)C7=O)cc5C4=O)cc3)cc2C(C)(C)C)cc1,242.0,train
*c1ccc(Oc2ccc(N3C(=O)c4ccc(Oc5c(C)cc(Cc6cc(C)c(Oc7ccc8c(c7)C(=O)N(*)C8=O)c(C)c6)cc5C)cc4C3=O)cc2)cc1,266.0,train
*c1c(C)cc(C)c(N2C(=O)c3cccc(Oc4c(C)cc(Cc5cc(C)c(Oc6cccc7c6C(=O)N(*)C7=O)c(C)c5)cc4C)c3C2=O)c1C,287.0,train
*CC(*)C(=O)Oc1ccc([N+](=O)[O-])cc1,73.3,train
*c1ccc(C(=O)c2ccc(Oc3ccc(-c4nn(*)c(=O)c5ccccc45)cc3Br)cc2)cc1,254.0,train
*CCCOC(=O)CCCCCCC(=O)O*,-52.5,train
*c1cc(C(c2ccc(O)c(N3C(=O)c4ccc(Oc5ccc6c(c5)C(=O)N(*)C6=O)cc4C3=O)c2)(C(F)(F)F)C(F)(F)F)ccc1O,266.0,train
*CCCOC(=O)NCCCCCCNC(=O)O*,55.0,train
*N=P(*)(OCCc1ccccc1)OCCc1ccccc1,-32.7,train
*Oc1ccc(CC(NC(=O)CCc2ccc(OC(=O)CCC(*)=O)cc2)C(=O)OCCCCCC)cc1,53.0,train
*c1ccc(-c2c(-c3ccc(-c4ccccc4)cc3)cc(-c3ccc(OCCCCCCCCCCOc4ccc(-c5cc(-c6ccc(-c7ccccc7)cc6)c(-c6ccc(-n7c(=O)c8cc9c(=O)n(*)c(=O)c9cc8c7=O)cc6)c(-c6ccc(-c7ccccc7)cc6)c5)cc4)cc3)cc2-c2ccc(-c3ccccc3)cc2)cc1,121.0,train
*Oc1ccc(C(C)(C)c2ccc(C(C)(C)c3ccc(OC(*)=O)cc3)cc2)cc1,154.0,train
*C1C=CC(*)CC1,125.5,train
*CC(*)c1ccccc1C(=O)NC,189.0,train
*Oc1ccc(OC(=O)c2ccc(OCCCCCCOc3ccc(C(*)=O)cc3)cc2)cc1S(=O)(=O)c1ccccc1,105.5,train
*Oc1ccc(S(=O)(=O)c2ccc(Oc3ccc(C4CCCC(C(C)c5ccc(*)cc5)C4)cc3)cc2)cc1,230.0,train
*Oc1ccc(C2(c3ccc(OC(=O)CCCCC(*)=O)cc3)c3ccccc3-c3ccccc32)cc1,166.0,train
*/C=C(\C#N)C(=O)OCCCCCCCCCCOC(=O)/C(C#N)=C/c1ccc2c(c1)c1cc(*)ccc1n2CCCCCCCCCCCCCC,35.0,train
*CC(*)(C)C(=O)OCCCN(C)c1ccc(N(C)C)cc1,12.5,train
*c1cc(CCOC(=O)C(C)Br)c(*)s1,49.0,train
*N=P(*)(OCCCCCCC)OCCCCCCC,-94.0,train
*C(=O)NCCNC(=O)c1ccc(N2C(=O)c3ccc(*)cc3C2=O)cc1,235.0,train
*c1cccc(P(=O)(c2ccccc2)c2cccc(-n3c(=O)c4c(-c5ccc(C(F)(F)F)cc5)c5c(=O)n(*)c(=O)c5c(-c5ccc(C(F)(F)F)cc5)c4c3=O)c2)c1,334.0,train
*CCCCCCCCCCCC(=O)N*,42.0,train
*C(=O)c1ccc(Oc2ccc(C3(c4ccc(Oc5ccc(C(=O)c6ccc7c(c6)C(=O)N(c6ccc(Oc8ccc(N9C(=O)c%10ccc(*)cc%10C9=O)cc8)cc6)C7=O)cc5)cc4)OC(=O)c4ccccc43)cc2)cc1,260.0,train
*Oc1ccc(OC(=O)CCCCC(*)=O)cc1,90.0,train
*Oc1ccc(NC(=O)c2ccc(*)cc2)cc1,225.0,train
*Oc1c(Cl)cc(C(=C(Cl)Cl)c2cc(Cl)c(OC(*)=O)c(Cl)c2)cc1Cl,250.0,train
*c1ccc(-c2cc(-c3ccc(OCC(CC)CCCC)cc3)cc(-c3ccc(-c4ccc5c(c4)C(CCCCCC)(CCCCCC)c4cc(*)ccc4-5)cc3)c2-c2ccc(OCC(CC)CCCC)cc2)cc1,110.0,train
*OC(=O)c1ccc(CCCCc2ccc(C(*)=O)cc2)cc1,46.0,train
*Oc1ccc(CC(NC(=O)CCc2ccc(OC(=O)CCC(C)CC(*)=O)cc2)C(=O)OC)cc1,53.0,train
*/C=C/C1CC(*)C2C(=O)N(c3cc(C(F)(F)F)cc(C(F)(F)F)c3)C(=O)C12,162.0,train
*CC(*)n1cc2ccccc2n1,41.5,train
*C(=O)c1ccc2c(c1)C(=O)N(c1ccc(Cc3ccc(N4C(=O)c5ccc(*)cc5C4=O)cc3)cc1)C2=O,295.0,train
*C[Si](*)(C)CCCCCC,-77.6,train
*CC(*)C(=O)OCCCCCCSCC#N,-59.0,train
*CCCCOC(=O)NCCCCNC(=O)O*,7.0,train
*CC(F)(F)CC(*)(C(F)(F)F)C(F)(F)F,132.0,train
*CCCCNC(=O)c1ccc(C(C)(CC)c2ccc(C(=O)N*)cc2)cc1,182.0,train
*CCCCCCCCCCCCN1C(=O)c2ccc(C(c3ccc4c(c3)C(=O)N(*)C4=O)(C(F)(F)F)C(F)(F)F)cc2C1=O,101.0,train
*CCN(*)C(=O)c1ccc(F)c(F)c1,101.0,train
*CCCCCCCCOC(=O)c1ccc2cc(C(=O)O*)ccc2c1,60.0,train
*CCCCCCCCCCc1ccc(-c2c(-c3ccccc3)cc(-c3cccc(-c4cc(-c5ccccc5)c(-c5ccc(*)cc5)c(-c5ccccc5)c4-c4ccccc4)c3)c(-c3ccccc3)c2-c2ccccc2)cc1,180.0,train
*c1ccc(Oc2ccc(C(c3ccc(Oc4ccc(N5C(=O)c6ccc(-c7ccc8c(c7)C(=O)N(*)C8=O)cc6C5=O)cc4)cc3)(C(F)(F)F)C(F)(F)F)cc2)cc1,262.0,train
*CC(*)C(=O)OCc1ccc(C#N)cc1,44.0,train
*Oc1ccc2ccc(Oc3ccc(C(=O)Nc4cccc(Oc5ccc(NC(=O)c6ccc(*)cc6)cc5)c4)cc3)cc2c1,164.0,train
*C1C(=O)N(C(C)(C)C)C(=O)C1*,195.0,train
*c1ccc(Oc2ccc(Oc3ccc(P(=O)(c4ccccc4)c4ccc(Oc5ccc(Oc6ccc(-c7nc8ccccc8nc7*)cc6)cc5)cc4)cc3)cc2)cc1,209.0,train
*c1ccc(S(=O)(=O)c2ccc(-n3nccc3-c3cccc(-c4ccnn4*)c3)cc2)cc1,218.0,train
*c1ccc(-c2cnc3ccc(-c4ccc5ncc(*)nc5c4)cc3n2)cc1,376.0,train
*Oc1ccccc1C(=O)OC(=O)c1ccccc1OC(=O)c1ccc(C(*)=O)cc1,120.0,train
*c1ccc(Oc2cccc(N3C(=O)c4ccc(Oc5ccc6c(c5)C(=O)N(*)C6=O)cc4C3=O)c2)cc1,245.0,train
*c1ccc2c(c1)C(=O)N(c1c(C)cc(C)c(N3C(=O)c4ccc(C(*)(C(F)(F)F)C(F)(F)F)cc4C3=O)c1C)C2=O,377.0,train
*CC(*)c1ccncc1,150.0,train
*C(=O)OCCOC(=O)c1ccc(C(=O)OCCOC(=O)N2CCN(*)CC2)cc1,53.0,train
*CC(CC)(CC)CO*,-30.0,train
*CCCCCCOC(=O)OCCCCCOC(=O)OCCCCCCOc1ccc(C(=O)c2ccc(O*)cc2)cc1,-0.2,train
*c1ccc(Oc2cccc(Oc3ccc(N4C(=O)c5ccc(Oc6cccc(Oc7ccc8c(c7)C(=O)N(*)C8=O)c6)cc5C4=O)cc3)c2)cc1,188.0,train
*c1ccc2c(c1)C(=O)N(c1cccc(C(=O)Nc3ccc(Oc4ccc(C(c5ccc(Oc6ccc(NC(=O)c7cccc(N8C(=O)c9ccc(C(*)(C(F)(F)F)C(F)(F)F)cc9C8=O)c7)cc6)cc5)(C(F)(F)F)C(F)(F)F)cc4)cc3)c1)C2=O,266.0,train
*Oc1ccc(C(C)(C)c2ccc(OC(*)=O)c(Cl)c2)cc1,146.0,train
*Oc1ccc(-c2ccc(OC(=O)c3ccc(C(*)=O)cc3Sc3ccc4ccccc4c3)cc2)cc1,141.0,train
*c1cccc(N2C(=O)c3cccc(Oc4c(C)cc(-c5cc(C)c(Oc6cccc7c6C(=O)N(*)C7=O)c(C)c5)cc4C)c3C2=O)c1,311.0,train
*CCCCNC(=O)CC(=O)N*,73.0,train
*Oc1ccc(CC(NC(=O)CCc2ccc(OC(=O)COCCOCC(*)=O)cc2)C(=O)OCC(C)C)cc1,50.0,train
*Nc1ccc(C2(c3ccc(NC(=O)c4cc(C(*)=O)cc(C(C)(C)C)c4)cc3)c3ccccc3-c3ccccc32)cc1,284.0,train
*c1ccc(Oc2ccc(-n3c(=O)c4c(Oc5ccc(OCCCCCCCC)cc5)c5c(=O)n(*)c(=O)c5c(Oc5ccc(OCCCCCCCC)cc5)c4c3=O)cc2)cc1,234.5,train
*CC(*)(CCC(C)C(=O)OC)C(=O)OC,34.0,train
*c1ccc2c(c1)C(=O)N(c1cc(C(=O)Nc3cccc4c(NC(=O)c5ccc(C)c(N6C(=O)c7ccc(C(*)(C(F)(F)F)C(F)(F)F)cc7C6=O)c5)cccc34)ccc1C)C2=O,250.0,train
*c1ccc(Cc2ccc(N3C(=O)N(c4ccc(Cc5ccc(N6C(=O)N(*)C(C)(C)C6=O)cc5)cc4)C(=O)C3(C)C)cc2)cc1,259.5,train
*OC(F)(F)C(F)(F)C(F)(F)C(*)(F)F,-55.0,train
*CCC[Si](C)(C)O[Si](C)(C)CCCN1C(=O)c2ccc(C(=O)c3ccc4c(c3)C(=O)N(*)C4=O)cc2C1=O,68.0,train
*c1ccc2c(c1)C(=O)N(c1ccc(Oc3ccc(S(=O)(=O)c4ccc(Oc5ccc(N6C(=O)c7ccc(C(*)(C(F)(F)F)C(F)(F)F)cc7C6=O)cc5)cc4)cc3)cc1)C2=O,276.5,train
*/C=C(\F)C(F)(F)C*,-35.0,train
*C(=O)Oc1ccc(-c2ccc(OC(=O)c3ccc4c(c3)C(=O)N(c3ccc(-c5ccc(N6C(=O)c7ccc(*)cc7C6=O)cc5C)c(C)c3)C4=O)cc2C)c(C)c1,177.0,train
*CC(*)(C)C(=O)OC(OCC)C(F)(F)F,60.0,train
*CCc1ccc(CCNC(=O)CCCCCCCCCCCCCCCCC(=O)N*)cc1,75.0,train
*C(=O)Nc1ccc(Oc2ccccc2-c2ccccc2Oc2ccc(NC(=O)c3ccc4c(c3)C(=O)N(c3ccc(Cc5ccc(N6C(=O)c7ccc(*)cc7C6=O)cc5)cc3)C4=O)cc2)cc1,240.0,train
*/C=C/c1ccc(-c2nnc(-c3ccc(/C=C/c4ccc5c(c4)c4cc(-c6ccc7c(c6)c6cc(*)ccc6n7CCCCCCCC)ccc4n5CCCCCCCC)cc3)n2-c2ccccc2)cc1,157.0,train
*Oc1ccc(C(C)(C)c2ccc(Oc3ccc(C(=O)Nc4ccc(NC(=O)c5ccc(*)cc5)cc4)cc3)cc2)cc1,230.0,train
*CCN(CCOC(=O)Nc1ccc(C)c(NC(=O)O*)c1)c1ccccc1,31.9,train
*Nc1ccc(NC(=O)c2ccc(C(*)=O)cc2)cc1,295.0,train
*O[Si](*)(C)CCCCCCOC(=O)c1cc(OC(=O)c2ccc(OCCOCCOCCOCCOCCOCCOC)cc2)ccc1OC(=O)c1ccc(OCCOCCOCCOCCOCCOCCOC)cc1,-50.0,train
*CC(c1ccccc1)C1C(=O)N(CCCCNC(=O)C(F)(F)C(F)(F)C(F)(F)C(F)(F)C(F)(F)C(F)(F)C(F)(F)F)C(=O)C1*,113.0,train
*Oc1ccccc1C(=O)OC(=O)c1ccccc1OC(=O)CCCCCCCC(*)=O,25.0,train
*Sc1ccc2c(c1)Sc1ccc(*)cc1S2,209.9,train
*Oc1ccc(NC(=O)NC2CC(C)(C)CC(C)(CNC(=O)Nc3ccc(*)c(-c4ccc(Oc5ccccc5)cc4)c3)C2)cc1-c1ccc(Oc2ccccc2)cc1,281.0,train
*CCCS(=O)(=O)CCCS(=O)(=O)CCCOC(=O)c1ccccc1C(=O)O*,52.0,train
*c1ccc2oc(-c3ccc(Oc4ccc(-c5nc6cc(C(*)(c7ccccc7)C(F)(F)F)ccc6o5)cc4)cc3)nc2c1,299.0,train
*CCNC(=O)c1ccccc1O*,84.0,train
*Oc1ccc(NC(=O)c2cc(C(=O)Nc3ccc(*)cc3)cc(C(F)(F)C(F)(F)C(F)(F)C(F)(F)C(F)(F)C(F)(F)C(F)(F)C(F)(F)F)c2)cc1,230.0,train
*CC(*)(C)C(=O)OCCC1CCCCC1,110.0,train
*CCCCC(=O)Oc1ccc(OC(=O)c2ccc3c(c2)C(=O)N(*)C3=O)cc1,89.315,train
*CCC(=O)Nc1ccc(Oc2ccc(NC(=O)CCN3C(=O)c4ccc(C(=O)c5ccc6c(c5)C(=O)N(*)C6=O)cc4C3=O)cc2)cc1,232.0,train
*CCCC(*)(C)CC,-23.0,train
*c1ccc2c(c1)C(=O)N(c1cc(C(c3ccc(OC(C)=O)c(N4C(=O)c5ccc(C(*)(C(F)(F)F)C(F)(F)F)cc5C4=O)c3)(C(F)(F)F)C(F)(F)F)ccc1OC(C)=O)C2=O,266.5,train
*CCC1CC(OC(=O)CCCCCCCCCCOc2ccc(-c3ccc(C#N)cc3)cc2)CC1*,24.0,train
*CC(*)(CCCCC)C(=O)OC,53.0,train
*c1ccc(C(=O)Nc2ccc(Oc3ccc(S(=O)(=O)c4ccc(Oc5ccc(NC(=O)c6ccc(N7C(=O)c8ccc(-c9ccc%10c(c9)C(=O)N(*)C%10=O)cc8C7=O)cc6)cc5)cc4)cc3)cc2)cc1,258.0,train
*Oc1ccc(OC(=O)c2ccc(C(*)=O)cc2)cc1C1CCCCC1,206.0,train
*c1ccc(Oc2ccccc2N2C(=O)c3ccc(Oc4ccc5c(c4)C(=O)N(*)C5=O)cc3C2=O)cc1,264.0,train
*Oc1ccc(/N=C/c2ccc(Oc3ccc(C(C)(C)c4ccc(Oc5ccc(/C=N/c6ccc(Oc7ccc(-c8ccc(*)cc8)cc7)cc6)cc5)cc4)cc3)cc2)cc1,120.0,train
*/C=C/C1CC(*)C(C(=O)OCCCCCCOc2ccc(-c3ccc(C#N)cc3)cc2)C1C(=O)OCCCCCCOc1ccc(-c2ccc(C#N)cc2)cc1,55.8,train
*CC1CCC(CNC(=O)c2cc(C(=O)N*)cc(C(C)(C)C)c2)CC1,236.0,train
*N=P(*)(C)c1ccccc1,37.0,train
*OC(C)CCOC(=O)c1ccc(-c2ccc(C(*)=O)cc2)cc1,92.5,train
*OC(=O)OCC(O)C(O)COC(=O)OC1COC2C(*)COC12,78.5,train
*CC(*)OC(=O)OCCC(F)(F)C(F)(F)C(F)(F)C(F)(F)C(F)(F)C(F)(F)F,37.0,train
*c1cc(C(=O)NCCCC)cc(N2C(=O)c3ccc(-c4ccc5c(c4)C(=O)N(*)C5=O)cc3C2=O)c1,291.0,train
*c1ccc2c(c1)C(=O)N(c1ccc(S(=O)(=O)c3ccc(S(=O)(=O)c4ccc(S(=O)(=O)c5ccc(N6C(=O)c7ccc(C(*)(C(F)(F)F)C(F)(F)F)cc7C6=O)cc5)cc4)cc3)cc1)C2=O,327.0,train
*CCOC(=O)O*,5.0,train
*CC(*)(C)C(=O)Oc1ccc(C(=O)Oc2ccccc2)cc1,99.0,train
*Oc1ccc(C(*)=O)cc1,161.0,train
*C(=O)OCC(COc1ccc(/N=N/c2ccc(C#N)cc2)cc1)OC(=O)c1ncccc1*,130.0,train
*CCCCCCCN1C(=O)c2ccc(C(=O)Oc3ccc(-c4ccc(OC(=O)c5ccc6c(c5)C(=O)N(*)C6=O)cc4)cc3)cc2C1=O,117.0,train
*OC(=O)OCC(OC)C(COC(=O)OC1COC2C(*)COC12)OC,61.0,train
*c1ccc2c(c1)C(=O)N(c1cccc(Oc3cc(Oc4cccc(N5C(=O)c6ccc(C(*)(C(F)(F)F)C(F)(F)F)cc6C5=O)c4)ccc3P(=O)(c3ccccc3)c3ccccc3)c1)C2=O,230.0,train
*c1ccc2c(c1)C(=O)N(c1ccc(-c3ccc(N4C(=O)c5ccc(C(*)(C(F)(F)F)C(F)(F)F)cc5C4=O)c(C)c3)cc1C)C2=O,352.0,train
*CCCCNC(=O)CCCCC(=O)N*,58.0,train
*c1ccc2c(c1)C(=O)N(c1cccc(Oc3ccc(P(=O)(c4ccccc4)c4ccc(Oc5cccc(N6C(=O)c7ccc(C(*)(C(F)(F)F)C(F)(F)F)cc7C6=O)c5)cc4)cc3)c1)C2=O,243.0,train
*C(=O)c1ccc2c(c1)C(=O)N(c1ccc(C(=O)Nc3ccc(Oc4ccc(NC(=O)c5ccc(NC(=O)Nc6ccc(Cc7ccc(NC(=O)Nc8ccc(C(=O)Nc9ccc(Oc%10ccc(NC(=O)c%11ccc(N%12C(=O)c%13ccc(*)cc%13C%12=O)cc%11)cc%10)cc9)cc8)cc7)cc6)cc5)cc4)cc3)cc1)C2=O,229.0,train
*c1ccc(Oc2ccc3ccc(Oc4ccc(-c5nc(*)nc(-c6ccccc6)n5)cc4)cc3c2)cc1,255.0,train
*Oc1ccc(-c2ccc(OC(=O)c3ccc(-c4ccc(C(*)=O)cc4C(F)(F)F)c(C(F)(F)F)c3)cc2C(=O)OCCCCCCCCCCCOc2ccc(-c3ccc(C#N)cc3)cc2)c(C(=O)OCCCCCCCCCCCOc2ccc(-c3ccc(C#N)cc3)cc2)c1,50.0,train
*c1ccc(Oc2ccc(C(C)(C)c3ccc(Oc4ccc(-c5ncc(*)o5)cc4C(F)(F)F)cc3)cc2)c(C(F)(F)F)c1,185.0,train
*c1ccc2c(c1)C(=O)N(c1cccc(C(C)(C)c3ccc(N4C(=O)c5ccc(C(*)(C(F)(F)F)C(F)(F)F)cc5C4=O)cc3)c1)C2=O,260.0,train
*CC(*)(C)C(=O)OCC1CCCO1,105.0,train
*/C=C(\C#N)C(=O)OCCCCCCOC(=O)/C(C#N)=C/c1ccc2c(c1)c1cc(*)ccc1n2CCCCCCC,87.0,train
*Oc1cccc(NC(=O)c2ccc(P(=O)(c3ccccc3)c3ccc(C(=O)Nc4cccc(Oc5ccc(P(=O)(c6ccccc6)c6ccc(*)cc6)cc5)c4)cc3)cc2)c1,235.0,train
*CC(CCCCCCOc1ccc(/N=N/c2ccc(C(F)(F)F)cc2)cc1)COC(=O)CCCCC(=O)O*,44.0,train
*CCNC(=O)c1ccc([Si](c2ccccc2)(c2ccccc2)c2ccc(C(=O)NCCN(*)c3ccc(/C=C/c4ccc([N+](=O)[O-])cc4)cc3)cc2)cc1,165.0,train
*CC(*)(C)C(=O)Nc1cccc(-c2nnc(-c3ccccc3)o2)c1,65.0,train
*N1CCOC1(*)CC,55.0,train
*c1ccc(C(c2ccc(C#N)cc2)c2ccc(N(*)c3ccc(C)cc3)cc2)cc1,230.0,train
*Oc1ccc(C(C)(C)c2ccc(Oc3ccc(C(=O)c4ccc5cc(C(=O)c6ccc(*)cc6)ccc5c4)cc3)cc2)cc1,185.0,train
*N=P(*)(Oc1ccc(C(C)C)cc1)Oc1ccc(C(C)C)cc1,0.0,train
*Oc1ccc(C(C)(C)c2ccc(C(C)(C)c3ccc(Oc4ccc(C(=O)Nc5ccc(Cc6ccc(NC(=O)c7ccc(*)cc7)cc6)cc5)cc4)cc3)cc2)cc1,162.0,train
*c1cccc(S(=O)(=O)c2cccc(N3C(=O)c4ccc(Oc5ccc(S(=O)(=O)c6ccc(Oc7ccc8c(c7)C(=O)N(*)C8=O)cc6)cc5)cc4C3=O)c2)c1,205.0,train
*c1cccc(N2C(=O)c3ccc(Oc4cc5ccccc5cc4Oc4ccc5c(c4)C(=O)N(*)C5=O)cc3C2=O)c1,237.0,train
*Oc1ccc(CC(NC(=O)CCc2ccc(OC(=O)CCCCC(*)=O)cc2)C(=O)OCCOCCOCC)cc1,15.0,train
*c1ccc(Oc2ccc(-c3cnc4ccc(Oc5ccc6nc(*)cnc6c5)cc4n3)cc2)cc1,270.0,train
*CC(*)(C)C(=O)OCC#C,58.0,train
*c1ccc(S(=O)(=O)c2ccc(-n3nccc3-c3ccc(-c4ccnn4*)cc3)cc2)cc1,266.0,train
*C#Cc1cccc(C#C[SiH](*)c2ccccc2)c1,85.0,train
*c1ccc(-c2ccc(-c3nc4cc(Oc5ccc(NC(=O)c6ccc7c(c6)C(=O)N(c6ccc(C(c8ccc(N9C(=O)c%10ccc(C(=O)Nc%11ccc(Oc%12ccc%13nc(-c%14ccccc%14)c(*)nc%13c%12)cc%11)cc%10C9=O)cc8)(C(F)(F)F)C(F)(F)F)cc6)C7=O)cc5)ccc4nc3-c3ccccc3)cc2)cc1,290.0,train
*CCCCOc1cccc(C(=O)OC(=O)c2cccc(O*)c2)c1,20.0,train
*/C=C/CC*,-91.0,train
*c1ccc(Nc2ccc(C3(c4ccc(Nc5ccc(S(*)(=O)=O)cc5)cc4)c4ccccc4-c4ccccc43)cc2)cc1,221.0,train
*/C=C/CCCCCCCCCC*,-53.0,train
*c1ccc(Oc2ccc(C(=O)c3cccc(C(=O)c4ccc(Oc5ccc(-n6c(=O)c7cc8c(=O)n(*)c(=O)c8cc7c6=O)cc5)cc4)n3)cc2)cc1,324.6,train
*CC(*)(CC(=O)Oc1ccc(OCCCCCCC)cc1)C(=O)Oc1ccc(OCCCCCCC)cc1,111.0,train
*Oc1cccc(NC(=O)c2ccc(C(=O)c3cccc(C(=O)Nc4ccc(*)cc4)c3)cc2)c1,237.0,train
*CCCN(*)C(=O)CCCCC,-16.0,train
*c1cccc(OCCCCCCCCCCCOC(=O)c2ccc(C(=O)OCCCCCCCCCCCOc3cccc(-c4nnc(*)s4)c3)cc2)c1,22.0,train
*C1CCC(N2C(=O)c3ccc(S(=O)(=O)c4ccc5c(c4)C(=O)N(*)C5=O)cc3C2=O)CC1,363.0,train
*/C=C/CCCCCCCCCC(CCCCCCCCC*)COCCOCCOCCOCCOCc1ccc2ccc3cccc4ccc1c2c34,-36.0,train
*c1ccc(C(=O)Nc2ccc(Oc3ccc(NC(=O)c4ccc(Oc5ccc(-c6nn(*)c(=O)c7ccccc67)c6ccccc56)cc4)cc3)cc2)cc1,317.5,train
*O[Si](*)(C)C=C,-129.0,train
*CC(*)(C)C(=O)OCCCCCCc1ccc(/C(C)=C/c2ccc(OC)cc2)cc1,31.0,train
*CCOC(=O)CCSCCC(=O)O*,-43.0,train
*C(=O)Nc1ccc(Oc2ccc(NC(=O)c3ccc4c(c3)C(=O)N(c3ccc(Cc5ccc(N6C(=O)c7ccc(*)cc7C6=O)cc5)cc3)C4=O)cc2)cc1,251.0,train
*c1ccc(OCCCCCCCCCCCOC(=O)CCCCC(=O)OCCCCCCCCCCCOc2ccc(-c3nnc(*)s3)cc2)cc1,69.0,train
*CC(*)(C)C(=O)OCCC(F)(F)C(F)(F)C(F)(F)C(F)(F)F,23.0,train
*CC(*)CCCCCCCCCCCCCCCC,55.0,train
*Oc1ccccc1C(=O)OC(=O)c1ccccc1OC(=O)CCCCCC(*)=O,40.0,train
*CC(*)c1ccccc1C(=O)OC,130.0,train
*CC(COc1ccc(S(=O)(=O)c2ccc(O*)cc2)cc1)OC(C)=O,130.0,train
*CC(O)COc1ccc(S(=O)(=O)c2ccc(O*)c(C)c2)cc1C,132.5,train
*c1ccc2c(c1)C(=O)N(c1c(C)cc(-c3cc(C)c(N4C(=O)c5ccc(C(*)(C(F)(F)F)C(F)(F)F)cc5C4=O)c(C)c3)cc1C)C2=O,370.5,train
*/C=C/C1CC(*)C(C2CC=CCC2)C1,105.0,train
*c1ccc(NC(=O)CCCCCC(=O)Nc2ccc(S(*)(=O)=O)cc2)cc1,163.0,train
*CC(*)SCCCC,-20.0,train
*c1ccc(C(=O)OCCCCCCCCCCOc2ccc(/C=C/C(=O)/C=C/c3ccc(OCCCCCCCCCCOC(=O)c4ccc(-c5nnc(*)o5)cc4)cc3)cc2)cc1,58.0,train
*CC(=C)COCC(=C)COC(=O)O*,70.5,train
*CCOCCOc1cccc(NC(=O)c2ccc(C(=O)Nc3cccc(O*)c3)cc2)c1,140.0,train
*N=P(*)(Oc1ccc(C(=O)OC)cc1)Oc1ccc(C(=O)OC)cc1,-33.0,train
*Oc1cccc(NC(=O)c2cccc(C(=O)Nc3ccc(Oc4ccc(C(=O)c5ccc(*)cc5)cc4)cc3)c2)c1,114.0,train
*CC(*)c1ccc(C([Sn](C)(C)C)[Sn](C)(C)C)cc1,140.0,train
*c1ccc(Oc2ccc(-c3nc4ccc(Oc5ccc(N6C(=O)c7ccc(C(c8ccc9c(c8)C(=O)N(c8ccc(Oc%10ccc%11nc(*)c(-c%12ccccc%12)nc%11c%10)cc8)C9=O)(C(F)(F)F)C(F)(F)F)cc7C6=O)cc5)cc4nc3-c3ccccc3)cc2)cc1,267.0,train
*CC(O)CN(C)S(=O)(=O)c1cccc(S(=O)(=O)N(C)CC(O)COc2ccc(-c3ccc(O*)cc3)cc2)c1,58.0,train
*C(=O)Nc1ccc(Oc2ccccc2-c2ccccc2Oc2ccc(NC(=O)c3ccc4c(c3)C(=O)N(c3ccc(Oc5ccc(C(C)(C)c6ccc(Oc7ccc(N8C(=O)c9ccc(*)cc9C8=O)cc7)cc6)cc5)cc3)C4=O)cc2)cc1,229.0,train
*/C=C/C(C)(C(=O)OC)C(*)C,34.0,train
*Oc1cc(OC(=O)c2ccc(OC)cc2)c(OC(=O)CCCC(*)=O)cc1OC(=O)c1ccc(OC)cc1,88.0,train
*Cc1cccc(CNC(=O)C2=C(C(=O)N*)C3C=CC2C3)c1,291.0,train
*CC(*)CCCCCCCCCCCCCCCCCC,-88.0,train
*c1cc(N2C(=O)c3ccc(Oc4ccc5c(c4)C(=O)N(*)C5=O)cc3C2=O)c(O)cc1O,263.0,train
*c1ccc(OC(=O)c2ccc(C(=O)Oc3ccc(C4(*)c5ccccc5Oc5ccccc54)cc3)cc2)cc1,252.0,train
*CC(*)(C)C(=O)OCCN(C)c1ccc(/N=N/c2ccc(/N=N/c3ccc(C#N)cc3)cc2C)cc1,120.0,train
*CC(*)c1ccc(O)c(OC)c1,142.0,train
*CC[Si](C)(C)O[Si]1(*)O[Si](C)(C)O[Si](C)(C)O1,-64.0,train
*c1ccc2c(c1)C(=O)N(c1ccc(Sc3ccc(Sc4ccc(N5C(=O)c6ccc(C(*)(C(F)(F)F)C(F)(F)F)cc6C5=O)cc4)cc3)cc1)C2=O,257.0,train
*Cc1ccccc1CSS*,39.0,train
*CCCCCCCCCCCCNC(=O)c1ccc(C(=O)N*)c(Oc2ccccc2)c1,75.0,train
*c1cccc(NC(=O)c2ccc(OCCOc3ccc(C(=O)Nc4ccc5[nH]c(*)nc5c4)cc3)cc2)c1,250.0,train
*CC(*)OC(=O)c1cccc(Br)c1,57.5,train
*OS(=O)(=O)c1cccc(C(=O)c2cccc(S(=O)(=O)Oc3ccc(C(C)(C)c4ccc(*)cc4)cc3)c2)c1,122.0,train
*CCN(CCOC(=O)c1ccc(C(=O)O*)c(OCCCCC)c1)c1ccc(/N=N/c2nc(C#N)c(C#N)[nH]2)cc1,131.0,train
*CC(CC)(CC)COC(=O)Nc1ccc(C)c(NC(=O)O*)c1,-60.0,train
*c1ccc(Oc2ccc(-c3ccc(Oc4ccc(N5C(=O)c6ccc(Oc7ccc(C8(c9ccc(Oc%10ccc%11c(c%10)C(=O)N(*)C%11=O)cc9)CCCCCCCCCCC8)cc7)cc6C5=O)cc4)cc3C)c(C)c2)cc1,257.0,train
*Nc1ccc(C2(c3ccc(NC(=O)c4cc(NC(=O)C56CC7CC(CC(C7)C5)C6)cc(C(*)=O)c4)cc3)c3ccccc3-c3ccccc32)cc1,370.0,train
*Oc1c(Br)cc(C(C)(C)c2cc(Br)c(OC(=O)c3ccc(OCCCCCCCCCCOc4ccc(C(*)=O)cc4)cc3)c(Br)c2)cc1Br,128.0,train
*C(=O)Oc1ccc(OCCCCCCCCCCCCOc2ccc(OC(=O)c3ccc4c(c3)C(=O)N(c3ccc(Cc5ccc(N6C(=O)c7ccc(*)cc7C6=O)cc5)cc3)C4=O)cc2)cc1,125.0,train
*O[Si](*)(C)OCCOCCOCCOCCOCCOCCOCCOCCOC,-78.0,train
*C(=O)Nc1ccc(-c2ccc(NC(=O)c3ccc4c(c3)C(=O)N(c3ccc(Oc5cccc6c(N7C(=O)c8ccc(*)cc8C7=O)cccc56)cc3)C4=O)c(OC)c2)cc1OC,304.0,train
*CCCCCCCCCCCNC(=O)CCCCCCCCCCC(=O)N*,39.0,train
*/C=C/c1ccc(/C=C/c2ccc3c(c2)Sc2cc(*)ccc2N3c2ccc(OCCCCCCCCCCCC)cc2)cc1,167.0,train
*C(=O)c1ccc2c(c1)C(=O)N(c1ccccc1C(=O)c1ccccc1N1C(=O)c3ccc(*)cc3C1=O)C2=O,289.0,train
*Oc1ccc(C(C)(c2ccccc2)c2ccc(OC(=O)c3cccc(C(*)=O)c3)cc2)cc1,202.0,train
*CCCCC(c1ccc(O)cc1)C(*)c1ccc(O)cc1C,25.0,train
*c1ccc(OCCN(CCOc2ccc(-c3nc4ccc(Oc5ccc6nc(*)c(-c7ccccc7)nc6c5)cc4nc3-c3ccccc3)cc2)c2ccc(/N=N/c3ccc([N+](=O)[O-])cc3C)cc2)cc1,188.0,train
*CCC(=O)NCc1cc(C)c(CNC(=O)CCO*)cc1C,80.0,train
*CCCCCCOC(=O)C(CCCCCCCCCCP(=O)(OCC)OCC)C(=O)OCCCCCCOc1ccc(-n2on2-c2ccc(O*)cc2)cc1,9.0,train
*Oc1ccc(C(c2ccc(Oc3c(F)c(F)c(COC(c4cccc(C(OCc5c(F)c(F)c(*)c(F)c5F)(C(F)(F)F)C(F)(F)F)c4)(C(F)(F)F)C(F)(F)F)c(F)c3F)cc2)(C(F)(F)F)C(F)(F)F)cc1,113.0,train
*c1cccc(N2C(=O)c3ccc(Oc4ccc(C(=O)c5ccc(Oc6ccc7c(c6)C(=O)N(*)C7=O)cc5)cc4)cc3C2=O)c1,239.0,train
*CC(*)P(=O)(OCC)N(C)C,32.0,train
*CCC/C=C(/*)c1ccc(OC)cc1,11.0,train
*c1ccc(-c2sc(-c3ccc(-c4cc(SCCCCCCCC)c(*)s4)cc3)cc2SCCCCCCCC)cc1,-38.8,train
*Oc1ccc(NC(=C(C#N)C#N)c2cccc(C(Nc3ccc(Oc4ccc(NC(=O)c5ccc(C(=O)Nc6ccc(*)cc6)cc5)cc4)cc3)=C(C#N)C#N)c2)cc1,274.0,train
*Oc1ccc(C2(c3ccc(OC(=O)CCCCCCCCC(*)=O)cc3)c3ccccc3Cc3ccccc32)cc1,134.0,train
*CC(*)(C)C(=O)OCc1ccc2c(c1)c1ccccc1n2CCCCCCCCCCCCCC,26.0,train
*/C=N/c1ccc(C(=O)OCCCCOCCCCOCCCCOC(=O)c2ccc(/N=C/c3ccc(*)s3)cc2)cc1,25.0,train
*Oc1ccc(C(C)(C)c2ccc(Oc3ccc(C(=O)c4ccc(-c5ccc(C(=O)c6ccc(*)cc6)cc5)cc4)cc3)cc2)cc1,186.0,train
*CCCCCOc1cccc(C(=O)OC(=O)c2cccc(O*)c2)c1,61.0,train
*C1=C(c2ccc(-c3ccc4c(c3)C(CCCCCC)(CCCCCC)c3cc(-c5ccc(*)cc5)ccc3-4)cc2)C(=O)N(CCCC)C1=O,155.0,train
*C(=O)NCC(C)(C)CNC(=O)c1ncn(C)c1*,152.0,train
*c1cccc(S(=O)(=O)NCCCCCNS(*)(=O)=O)c1,74.0,train
*c1ccc(Oc2cccc(Oc3ccc(N4C(=O)c5ccc(Oc6ccc(Oc7ccc(Oc8ccc9c(c8)C(=O)N(*)C9=O)cc7)cc6)cc5C4=O)cc3)c2)cc1,184.0,train
*CC(*)C(=O)c1ccc(Br)c(OC)c1,44.0,train
*Oc1ccc(Oc2ccc(Oc3ccc(S(=O)(=O)c4ccc(*)cc4)cc3)cc2)cc1,192.0,train
*CCCCCCCCCCNC(=O)CCCCCCCCC(=O)N*,60.0,train
*Oc1ccc(NC(=O)c2ccc(Oc3ccc(C(C)(C)c4cccc(C(C)(C)c5ccc(Oc6ccc(C(=O)Nc7ccc(*)cc7)cc6)cc5)c4)cc3)cc2)cc1,155.0,train
*CC(*)(C)C(=O)OC(COc1ccc(-c2ccccc2)cc1)COc1ccc(-c2ccccc2)cc1,85.0,train
*Oc1ccc(Oc2ccc(NC(=O)c3ccc(Oc4ccc(Oc5ccc(C(=O)Nc6ccc(*)cc6)cc5)cc4-c4ccccc4)cc3)cc2)cc1-c1ccccc1,200.5,train
*CC(O)CO*,17.0,train
*c1ccc(Oc2ccc(C(=O)c3cccc(C(=O)c4ccc(Oc5ccc(-c6nc(-c7ccccc7)[nH]c6*)cc5)cc4)c3)cc2)cc1,230.0,train
*CCN(CCOC(=O)CCC#CC#CCCC(=O)O*)c1ccc([N+](=O)[O-])cc1,30.0,train
*CC(*)OC(=O)c1ccc(Cl)cc1,70.25,train
*Cc1cc(COC(=O)Nc2ccc(Cc3ccc(NC(=O)O*)cc3)cc2)cc(C(C)(C)C)c1,114.0,train
*c1ccc(Oc2ccc(-c3nc4cc5sc(*)nc5cc4s3)cc2)cc1,350.0,train
*c1ccc(N2C(=O)c3ccc(Oc4ccc(C(C)(C)c5cccc(Oc6ccc7c(c6)C(=O)N(*)C7=O)c5)cc4)cc3C2=O)cc1,268.0,train
*CC(*)C(=O)Nc1ccc(Cl)cc1,76.0,train
*Oc1ccc(C(C)(c2ccccc2)c2ccc(OC(*)=O)cc2)cc1,179.0,train
*CC(*)(C)C(=O)OCCCCCCCCOc1ccc(/N=N/c2ccc(C#N)cc2)cc1,35.0,train
*O[Si](C)(C)OC(CCl)COc1ccc(C(C)(C)c2ccc(OCC(*)CCl)cc2)cc1,24.0,train
*CCCN(*)C(=O)CC,8.0,train
*CCCCCCCCCNC(=O)N*,130.0,train
*C(=O)OCCCCCOC(=O)c1ccc(N2C(=O)c3ccc(*)cc3C2=O)cc1,90.0,train
*Oc1cccc(Oc2ccc(NC(=O)c3ccc(-c4ccc(C(=O)Nc5ccc(*)cc5)c(C)c4)cc3C)cc2)c1,213.0,train
*/N=N/c1ccc(Nc2ccc(C(=O)c3ccc(C(=O)c4ccc(Nc5ccc(*)cc5)cc4)cc3)cc2)cc1,203.0,train
*O[Si](*)(C)CCCCCCCCCCC(=O)Oc1ccc(OC(=O)c2ccc(OCC(C)CC)cc2)cc1,13.4,train
*c1ccc(Oc2ccc(C(c3ccc(Oc4ccc(-c5nnc(*)n5-c5cccc(C(F)(F)F)c5)cc4)cc3)(C(F)(F)F)C(F)(F)F)cc2)cc1,185.0,train
*C(=O)Nc1ccc(Cc2ccc(NC(=O)c3ccc4c(c3)C(=O)N(c3ccc(/N=N/c5ccc(C)cc5)c(N5C(=O)c6ccc(*)cc6C5=O)c3)C4=O)c(C)c2)cc1C,257.0,train
*CCCCP(C)(=O)CCCNC(=O)CCCCC(=O)N*,59.0,train
*CC(C)(C)C1C(=O)N(c2c(CC)cccc2CC)C(=O)C1*,210.0,train
*c1ccc(Sc2cc3c(cc2Sc2ccc(N4C(=O)c5ccc(Oc6ccc7c(c6)C(=O)N(*)C7=O)cc5C4=O)cc2)C(=O)N(CCCCCCCCCCCCCCCC)C3=O)cc1,156.0,train
*Oc1ccc(/N=N/c2ccc(Cc3ccc(/N=N/c4ccc(OC(=O)c5ccc(/N=N/c6ccc(C(*)=O)cc6)cc5)cc4)cc3[N+](=O)[O-])c([N+](=O)[O-])c2)cc1,160.0,train
*c1ccc(Oc2ccc(-c3nc4cc(Oc5ccc(NC(=O)CN6C(=O)c7ccc(C(c8ccc9c(c8)C(=O)N(CC(=O)Nc8ccc(Oc%10ccc%11nc(-c%12ccccc%12)c(*)nc%11c%10)cc8)C9=O)(C(F)(F)F)C(F)(F)F)cc7C6=O)cc5)ccc4nc3-c3ccccc3)cc2)cc1,260.0,train
*CC(*)(C)C(=O)OCc1ccc(F)cc1F,46.0,train
*N=P(*)(NCC)NCC,30.0,train
*c1cccc(Oc2cccc(Oc3cccc(N4C(=O)c5ccc(Oc6ccc7c(c6)C(=O)N(*)C7=O)cc5C4=O)c3)c2C#N)c1,219.0,train
*/C=C(\C#N)c1cccc(/C(C#N)=C/c2ccc(/C=C/c3ccc(N(CC)Cc4ccccc4CN(CC)c4ccc(/C=C/c5ccc(*)s5)cc4)cc3)s2)c1,178.0,train
*/C=C/c1ccc2c(c1)Sc1cc(*)ccc1N2c1ccc(OCCCCCCCCCCCC)cc1,129.0,train
*CC(*)(C)C(=O)OCCCOc1ccc(-c2ccc(C#N)cc2)cc1,97.0,train
*O[Si](*)(c1ccccc1)c1ccc(OC(C)(C)C)cc1,56.0,train
*c1ccc(Oc2ccc(Oc3ccc(NC(=O)c4ccc(Oc5ccc6c(c5)C(=O)N(*)C6=O)cc4)cc3)cc2)cc1,242.0,train
*CC(*)(C)C(=O)OCCCCCCCCCCCCCC,-72.0,train
*Oc1ccc(C(C)(C)c2ccc(OC(=O)OCCCCOC(*)=O)cc2)cc1,56.5,train
*c1nc(-c2ccccc2)nc(N(CCCCCCCCCCN(*)c2ccccc2)c2ccccc2)n1,62.0,train
*/C=C/c1ccc(/C=C/[Si](C)(C)c2ccc([Si](*)(C)C)cc2)cc1,63.0,train
*CCCCCCN(C)c1ccc(C(=O)c2ccc(N(*)C)cc2)cc1,75.5,train
*c1ccc(Oc2ccc(C(=O)c3ccc(C(=O)c4ccc(Oc5ccc(-c6nc(-c7ccccc7)[nH]c6*)cc5)cc4)cc3)cc2)cc1,248.0,train
*c1ccc(Oc2c(C)cc(C(c3cccnc3)c3cc(C)c(Oc4ccc(N5C(=O)CC(Nc6ccc(NC7CC(=O)N(*)C7=O)cc6)C5=O)cc4)c(C)c3)cc2C)cc1,229.0,train
*CC(*)(C)C(=O)OCCCCCCCCCCOc1ccc(OC(=O)c2ccc(OCCCCCC)cc2)cc1,41.0,train
*OP(=O)(Oc1ccccc1)Oc1c(C)cc(S(=O)(=O)c2cc(C)c(*)c(C)c2)cc1C,142.0,train
*c1ccc(Oc2ccc(-c3nc4ccc(-c5ccc6nc(*)c(-c7ccccc7)c(-c7ccccc7)c6c5)cc4c(-c4ccccc4)c3-c3ccccc3)cc2)cc1,300.0,train
*c1ccc2c(c1)C(=O)N(c1ccc(N3C(=O)c4ccc(-c5c(-c6ccccc6)c(-c6ccccc6)c(-c6ccc(Sc7ccc(-c8c(-c9ccccc9)c(-c9ccccc9)c(*)c(-c9ccccc9)c8-c8ccccc8)cc7)cc6)c(-c6ccccc6)c5-c5ccccc5)cc4C3=O)cc1)C2=O,344.0,train
*c1ccc(Oc2ccccc2Oc2ccc(-n3c(=O)c4cc5c(=O)n(*)c(=O)c5cc4c3=O)cc2)cc1,313.0,train
*CC(*)c1ccc(C(=O)OC(C)C)cc1,95.0,train
*Oc1ccc(NC(=O)c2cccc(C(=O)Nc3ccc(Oc4ccc(C5(c6ccc(*)cc6)CC6CCC5C6)cc4)cc3)c2)cc1,256.0,train
*c1ccc(Oc2ccc(C(c3ccc(Oc4ccc(N5C(=O)c6ccc(Oc7ccc8c(c7)C(=O)N(*)C8=O)cc6C5=O)cc4)cc3)(C(F)(F)F)C(F)(F)F)cc2)cc1,264.0,train
*O[Si](*)(C)CCCOc1ccc(-c2ccc(C#N)cc2)cc1,38.0,train
*O[Si](*)(C)CCc1cc(C(=O)Oc2ccc(OC)cc2)ccc1C(=O)Oc1ccc(OC)cc1,111.0,train
*CC(C)(CCC)COC(=O)c1ccc(-c2ccc(C(=O)O*)cc2)cc1,95.0,train
*Oc1ccc(C2(c3ccc(Oc4c(F)c(F)c(C(=O)c5c(F)c(F)c(*)c(F)c5F)c(F)c4F)cc3)c3ccccc3-c3ccccc32)cc1,223.0,train
*CCCCCOC(=O)NCCCCCCNC(=O)O*,33.0,train
*/C=C/c1sc(-c2ccc(-c3ccc(-c4ccc(-c5sc(/C=C/C6=CC(=C(C#N)C#N)C=C(*)O6)c(CCCCCC)c5CCCCCC)s4)s3)s2)c(CCCCCC)c1CCCCCC,134.0,train
*Oc1ccc(Oc2ccc(OC(=O)c3ccc(C(c4ccc(C(*)=O)cc4)(C(F)(F)F)C(F)(F)F)cc3)cc2)cc1,215.0,train
*CC(CCCCCC)O*,-67.0,train
*CC(*)c1ccccc1Cl,119.0,train
*CCCCCCCCNC(=O)CCCCCCCCCCCCCCCCCCCCC(=O)N*,48.0,train
*Cc1ccc(CNC(=O)CCCCCCCCCC(=O)N*)cc1,110.0,train
*Oc1ccc(Oc2ccc(C(=O)c3cccc4cccc(C(=O)c5ccc(*)cc5)c34)cc2)cc1,202.0,train
*N=P(*)(OCCOCCOCCOCCOC)OCCOCCOCCOCCOC,-80.0,train
*c1ccc(Oc2ccc(C(=O)c3ccc(-c4ccc(C(=O)c5ccc(Oc6ccc(-c7nc(-c8ccccc8)[nH]c7*)cc6)cc5)cc4)cc3)cc2)cc1,258.0,train
*C(=O)c1ccc2c(c1)C(=O)N(c1cccc(Cc3ccccc3N3C(=O)c4ccc(*)cc4C3=O)c1)C2=O,258.0,train
*c1ccc(-c2cc(CCCCCCCC)c(-c3ccc(-c4ccc(-c5sc(-c6ccc([Si](*)(CCCC)CCCC)s6)cc5CCCCCCCC)s4)s3)s2)s1,-1.0,train
*C(=O)Nc1ccc(-c2ccc(NC(=O)c3ccc4c(c3)C(=O)N(c3ccc(Oc5ccc(N6C(=O)c7ccc(*)cc7C6=O)cc5-c5ccccc5)c(-c5ccccc5)c3)C4=O)cc2)cc1,358.0,train
*CC(*)c1ccc(Cl)cc1Cl,135.0,train
*CCCCCCCCCCCN1C(=O)c2ccc(C(=O)Oc3ccc(-c4ccc(OC(=O)c5ccc6c(c5)C(=O)N(*)C6=O)cc4)cc3)cc2C1=O,97.0,train
*CCCCCCCOC(=O)NCCCCCCNC(=O)O*,55.0,train
*CCC1C(=O)N(CCCCCCCCCCCCCC)C(=O)C1*,62.4,train
*CC(*)(C)C(=O)OC(C)C(C)(C)C,108.0,train
*C(F)(F)C1(*)OC(F)(F)C(F)(C(F)(F)F)O1,133.6,train
*CCC(=O)Nc1ccc(Oc2cccc(NC(=O)CCN3C(=O)c4ccc(C(=O)c5ccc6c(c5)C(=O)N(*)C6=O)cc4C3=O)c2)cc1,224.0,train
*CC(*)C(=O)OCCCSCC,-76.0,train
*C(=O)c1ccc(Oc2ccc(-c3ccc(Oc4ccc(C(=O)c5ccc6c(c5)C(=O)N(c5ccc(Cc7ccc(N8C(=O)c9ccc(*)cc9C8=O)cc7)cc5)C6=O)cc4)cc3)cc2)cc1,241.0,train
*CCCCCCCC(=O)OCCCCC1COC(*)O1,-44.0,train
*CCCCCCCCCCCOC(=O)c1ccc2cc(C(=O)O*)ccc2c1,43.0,train
*Oc1ccc(CC(NC(=O)CCc2ccc(OC(=O)COCC(*)=O)cc2)C(=O)OCCCCCCCCCCCC)cc1,36.0,train
*CCOCCOCCOC(=O)/C=C/C(=O)NCCCCCCNC(=O)/C=C/C(=O)O*,65.0,train
*Oc1ccc(C2(c3ccc(OC(=O)CCCC(*)=O)cc3)c3cc(N(C)C)ccc3-c3ccc([N+](=O)[O-])cc32)cc1,181.0,train
*Oc1ccc(Cc2ccc(OC(=O)c3cccc(C(*)=O)c3)cc2)cc1,150.0,train
*c1cc(C)c(Oc2ccc(S(=O)(=O)c3ccc(Oc4cc(C)c(C5(*)OC(=O)c6ccccc65)cc4C)cc3)cc2)cc1C,269.0,train
*CCOCCOC(=O)c1ccccc1-c1ccccc1C(=O)O*,17.0,train
*c1cc(CC(=O)OCC)c(*)s1,56.7,train
*CC#CCOC(=O)CCCCCCCCC(=O)O*,-26.5,train
*c1ccc(Oc2ccc(-c3nc4ccc(Oc5ccc6nc(*)c(-c7ccccc7)c(-c7ccccc7)c6c5)cc4c(-c4ccccc4)c3-c3ccccc3)cc2)cc1,305.0,train
*c1ccc(Cc2ccc(N3C(=O)c4ccc(Oc5ccc(Oc6ccc7c(c6)C(=O)N(*)C7=O)cc5)cc4C3=O)c(C)c2C)c(C)c1C,277.0,train
*CCOCCOCCN1C(=O)c2ccc(C(=O)Oc3ccc(-c4ccc(OC(=O)c5ccc6c(c5)C(=O)N(*)C6=O)cc4)cc3)cc2C1=O,109.0,train
*O[Si](C)(CCC(F)(F)F)O[Si](C)(CCC(F)(F)F)O[Si](C)(CCC(F)(F)F)CCC(F)(F)C(F)(F)C(F)(F)C(F)(F)C(F)(F)C(F)(F)CC[Si](*)(C)CCC(F)(F)F,-43.0,train
*N=P(*)(C)C,-42.0,train
*Oc1ccc(C(C)(C)c2ccc(OC(=O)c3cccc(C(*)=O)c3)c(C)c2)cc1C,162.0,train
*CCC(C)CCC(=O)O*,-53.0,train
*Oc1ccc(/C(=C/c2ccc(-c3ccc(/C=C(\c4ccccc4)c4ccc(OC(=O)CCCCCCCCC(*)=O)cc4)cc3)cc2)c2ccccc2)cc1,111.0,train
*CC(O)CN(*)c1cc(C)c(/N=N/c2ccc([N+](=O)[O-])cc2C)c(C)c1,149.0,train
*C(C)C(*)C(=O)OC12CC3CC(C)(CC(C)(C3)C1)C2,194.5,train
*/C(CC)=C(/*)c1ccccc1,200.0,train
*Oc1cccc(C(=O)Nc2ccc(-c3ccc(NC(=O)c4cccc(Oc5nc(*)nc(Sc6ccccc6)n5)c4)cc3)cc2)c1,279.0,train
*Oc1ccc(CC(NC(=O)CCc2ccc(OC(=O)CCCCCCCCC(*)=O)cc2)C(=O)OCCCCCCCC)cc1,15.5,train
*Oc1ccc(C(=O)Nc2cc(C(c3ccc(C)c(NC(=O)c4ccc(OC(=O)c5ccc(C(*)=O)cc5)cc4)c3)(C(F)(F)F)C(F)(F)F)ccc2C)cc1,213.0,train
*CC(*)c1nnn[nH]1,72.0,train
*Oc1ccc(C(c2ccccc2)c2ccc(OC(*)=S)cc2)cc1,179.0,train
*c1ccc(Oc2ccc(C3(c4ccc(Oc5ccc(N6C(=O)c7ccc(Oc8ccc(C9(c%10ccc(Oc%11ccc%12c(c%11)C(=O)N(*)C%12=O)cc%10)CCC(C(C)(C)C)CC9)cc8)cc7C6=O)cc5)cc4)CC4CC3C3CCCC43)cc2)cc1,257.0,train
*/C=C(/*)c1ccc(-n2c(=O)c3cc4c(=O)n(-c5ccc(C#C)cc5)c(=O)c4cc3c2=O)cc1,420.0,train
*Oc1ccc(NC(=O)c2cc(C(=O)Nc3ccc(Oc4ccc(C(c5ccc(*)cc5)(C(F)(F)F)C(F)(F)F)cc4)cc3)cc(C(C)(C)C)c2)cc1,255.5,train
*CC(CN1C(=O)C2C3C=CC(C3)C2C1=O)O*,87.5,train
*Oc1ccc(NC(=O)/C=C/C(=O)NNC(=O)/C=C/C(=O)Nc2ccc(OC(=O)/C=C/C(=O)NNC(=O)/C=C/C(*)=O)cc2)cc1,265.0,train
*c1ccc2c(c1)C(=O)N(c1cccc(C(F)(F)C(F)(F)C(F)(F)c3cccc(N4C(=O)c5ccc(C(F)(F)C(F)(F)C(F)(F)C(*)(F)F)cc5C4=O)c3)c1)C2=O,159.0,train
*CC(*)C(=O)OCCCOCC,-61.5,train
*CC(*)(C)C(=O)OCCC(C)(C)C,45.0,train
*c1ccc(-c2ccc(-c3ccc4nc(Oc5cc(-c6ccccc6)c6cc(*)ccc6n5)cc(-c5ccccc5)c4c3)cc2)cc1,308.0,train
*CC(*)c1ccc(C(C)=O)cc1,115.5,train
*CCCCCNC(=O)c1ccc(C(=O)N*)cc1,177.0,train
*/C=C/c1cc(OCCCCCCC)c(/C=C/c2ccc(*)cc2)cc1OCCCCCCC,46.0,train
*CCCCCCCCn1c2ccccc2c2cc(/C=C(\C#N)C(=O)OCCCCCCOC(=O)/C(C#N)=C/c3ccc4c(c3)c3ccccc3n4*)ccc21,96.7,train
*C/C=C/COC(=O)C(Cc1ccccc1)NC(=O)CCCCC(=O)NC(Cc1ccccc1)C(=O)O*,61.0,train
*CC(*)C(=O)N1CCCCC1,108.0,train
*/C(Cl)=C(/*)CCCCCC,150.0,train
*CCOC(=O)C1=CCCCC(N2CCCC2)=C1C(=O)O*,352.5,train
*Oc1ccc(C(C)(C)c2ccc(Oc3ccc(C(=O)c4ccccc4-c4ccccc4C(=O)c4ccc(*)cc4)cc3)cc2)cc1,172.0,train
*/C=C(\C#N)C(=O)NC1CCCCC1NC(=O)/C(C#N)=C/c1ccc(/C=C/c2ccc(N(CC)Cc3cccc(CN(CC)c4ccc(/C=C/c5ccc(*)s5)cc4)c3)cc2)s1,157.0,train
*CC(F)(F)C(F)(F)C(F)(F)COC(=O)c1ccc(OCCCCC)c(C(=O)O*)c1,9.0,train
*c1ccc2c(c1)C(=O)N(c1ccc(-c3ccc(Oc4ccc5c(c4)C(C)(c4ccc(Oc6ccc(-c7ccc(N8C(=O)c9ccc(C(*)(C(F)(F)F)C(F)(F)F)cc9C8=O)cc7)cc6C(F)(F)F)cc4)CC5(C)C)c(C(F)(F)F)c3)cc1)C2=O,262.0,train
*c1cc(OCCCCCCCCCCCC)cc(N2C(=O)c3ccc(Oc4ccc5c(c4)C(=O)N(*)C5=O)cc3C2=O)c1,162.0,train
*CC(*)(C)C(=O)OC1CCOCC1,153.5,train
*c1ccc(-c2sc(-c3ccc(-c4cc(CCCCCCCCCCCC)c(*)s4)cc3)cc2CCCCCCCCCCCC)cc1,-19.2,train
*c1ccc(-c2ccc(-c3cc(-c4ccc(Oc5ccc(Oc6ccccc6)cc5)cc4)c4cc(-c5ccc6nc(*)cc(-c7ccc(Oc8ccc(Oc9ccccc9)cc8)cc7)c6c5)ccc4n3)cc2)cc1,355.0,train
*CCN(CCOC(=O)Nc1ccc(C)c(NC(=O)O*)c1)c1ccc(/N=N/c2ccc(-c3nc4ccccc4o3)cc2)cc1,152.0,train
*CC(*)c1ccc(C(C)(O)CCC)cc1,135.0,train
*Oc1ccc(/C(C)=N/c2ccc(/N=C(\C)c3ccc(Oc4ccc(C(C)(C)c5ccc(*)cc5)cc4)cc3)cc2)cc1,161.0,train
*/C(=C(\C#N)c1ccc(C(=O)OC2CCN(*)CC2)cc1)c1ccc(OC)cc1,183.0,train
*CCN(*)C(=O)c1cccc(F)c1,97.0,train
*CC(*)(C)C(=O)OC1CC(C)CCC1C(C)C,147.0,train
*C(=O)Nc1ccc(Oc2ccc(NC(=O)c3ccc4c(c3)C(=O)N(c3ccc(NC(=O)Nc5ccc(N6C(=O)c7ccc(*)cc7C6=O)cc5)cc3)C4=O)cc2)cc1,205.0,train
*Oc1ccc(OC(=O)c2cc(OCCCCCCCOCC3CCCN3c3ccc([N+](=O)[O-])cc3)c(C(*)=O)cc2OCCCCCCCOCC2CCCN2c2ccc([N+](=O)[O-])cc2)cc1,50.0,train
*CCCCCCCCCOC(=O)Nc1ccc(C)c(NC(=O)O*)c1,62.0,train
*c1ccc(OCCCCCCCCCCCOC(=O)c2ccc(C(=O)OCCCCCCCCCCCOc3ccc(-c4nnc(*)s4)cc3)cc2)cc1,64.0,train
*CCCCCCn1c2ccccc2c2cc(/C=C(\C#N)C(=O)OCCCCCCOC(=O)/C(C#N)=C/c3ccc4c(c3)c3ccccc3n4*)ccc21,117.7,train
*CCCCCCOC(=O)OCCCOC(=O)OCCCCCCOc1ccc(C(=O)c2ccc(O*)cc2)cc1,16.0,train
*CCN(CCCCCCOc1ccc(/C=C/c2ccc([N+](=O)[O-])cc2)cc1)CCOC(=O)Nc1ccc(C)c(NC(=O)O*)c1,58.5,train
*c1cccc(-c2cccc(C(F)(F)C(F)(F)C(*)(F)F)c2)c1,45.0,train
*c1cccc(Cc2cccc(-n3c(=O)c4cc5c(=O)n(*)c(=O)c5cc4c3=O)c2)c1,327.5,train
*CC(*)c1ccc(C(=O)c2ccc(C)cc2)cc1,99.0,train
*c1ccc(/C=C(\c2ccc(OC)cc2)c2ccc(/C(=C/c3ccc(N(*)c4ccccc4)cc3)c3ccc(OC)cc3)cc2)cc1,197.0,train
*CCCC1(C)CCN(C(=O)CCCC(=O)N2CCC(*)(C)CC2)CC1,58.0,train
*c1ccc(OC(=O)c2cccc(C(=O)Oc3ccc(C4(*)OC(=O)c5ccccc54)cc3C)c2)c(C)c1,273.0,train
*C(=O)Nc1ccc(-c2ccc(N3C(=O)CC(N4C(=O)c5ccc(*)cc5C4=O)C3=O)cc2)cc1,219.0,train
*CCCCCCNC(=O)CCCCCCCC1C(CCCCCCCC(=O)N*)C=CC(CCCCCC)C1CCCCCCCC,-3.0,train
*CCCCCCOC(=O)C(CCCCCCP(=O)(OCC)OCC)C(=O)OCCCCCCOc1ccc(-n2on2-c2ccc(O*)cc2)cc1,9.0,train
*CC(*)C(=O)OCCCCCCn1c2ccccc2c2ccccc21,48.0,train
*Oc1c(C)cc(C(C)(C)c2cc(C)c(OC(*)=O)c(Cl)c2)cc1Cl,154.0,train
*c1cccc(P(=O)(c2cccc(-n3c(=O)c4c(-c5cc(C(F)(F)F)cc(C(F)(F)F)c5)c5c(=O)n(*)c(=O)c5c(-c5cc(C(F)(F)F)cc(C(F)(F)F)c5)c4c3=O)c2)c2cc(C(F)(F)F)cc(C(F)(F)F)c2)c1,293.0,train
*Oc1ccc(Oc2ccc(Nc3ccc(S(=O)(=O)c4ccc(Nc5ccc(*)cc5)cc4)cc3)cc2)cc1,144.6,train
*C(=O)CCC1(CCC(=O)N2CCN(*)CC2)c2ccccc2-c2ccccc21,145.0,train
*Oc1ccc(CC(NC(=O)Cc2ccc(OC(=O)COCC(*)=O)cc2)C(=O)OCC)cc1,66.0,train
*CCCCCCOC(=O)OCCCCCCCCCCOC(=O)OCCCCCCn1c(=O)c2cc3c(=O)n(*)c(=O)c3cc2c1=O,-2.0,train
*CCCCCCCC(=O)OCC1(C)COC(*)OC1,-26.0,train
*CCCOC(=O)OCCCCCCOC(=O)OCCCN1C(=O)c2ccc(C(=O)c3ccc4c(c3)C(=O)N(*)C4=O)cc2C1=O,70.0,train
*C(=O)c1ccc(-c2ccc(C(C)(C)c3ccc(-c4ccc(C(=O)c5ccc6c(c5)C(=O)N(c5ccc(Cc7ccc(N8C(=O)c9ccc(*)cc9C8=O)cc7)cc5)C6=O)cc4)cc3)cc2)cc1,216.0,train
*CC(*)(C)C(=O)OCC(F)(F)C(F)(F)C(F)(F)C(F)F,47.0,train
*Oc1ccc(S(=O)(=O)c2ccc(Oc3ccc(C(=O)c4ccc(-c5ccc(C(=O)c6ccc(*)cc6)cc5)cc4)cc3)cc2)cc1,207.0,train
*OC(=O)Oc1ccc(C(=O)Oc2ccc(OC(=O)OC3COC4C(*)COC34)cc2)cc1,115.0,train
*Oc1cccc2ccc(Oc3ccc(NC(=O)c4ccc(Oc5ccc(C(=O)Nc6ccc(*)cc6)cc5)cc4)cc3)cc12,236.0,train
*c1ccc(Oc2ccc(C(=O)c3ccc(Oc4ccc(-c5c6c(c(*)c7ccccc57)C(=O)N(c5ccccc5)C6=O)cc4)cc3)cc2)cc1,273.5,train
*O[Si](C)(C)O[Si](C)(C)Oc1ccc(-c2ccc(*)cc2)cc1,-4.0,train
*Nc1ccc(NC(=O)c2ccc(NC(=O)CCCCCCCCCCC(=O)Nc3ccc(C(*)=O)cc3)cc2)cc1C(=O)OCCCCCCCCCCCCCC,199.5,train
*CCCCCOc1ccc(-c2ccc(O*)c3ccccc23)c2ccccc12,151.0,train
*CC(*)C(=O)OCC(F)(F)C(F)(F)OC(F)(F)C(F)(F)F,-49.0,train
*Oc1ccc(C2(c3ccc(OC(=O)CCC(*)=O)cc3)c3cc(N(C)C)ccc3-c3ccc([N+](=O)[O-])cc32)cc1,215.0,train
*CCCCCCC(=O)NCc1ccc(CNC(=O)CCCCCCS*)cc1,65.0,train
*CCCCCCCCCCCCOc1ccc(C(C)(C)c2ccc(OCOc3ccc(C(C)(C)c4ccc(O*)cc4)cc3)cc2)cc1,37.0,train
*CC(*)c1cc[n+](CCCCCCCC)cc1,206.2,train
*CC(*)c1ccc(S(=O)(=O)OCCC)cc1,217.0,train
*CC(*)(C)C(=O)OCC(F)(F)F,75.0,train
*CCCCCCCCC(=O)N*,48.0,train
*c1ccc(/C=C/c2cc(OCC(CC)CCCC)c(/C=C/c3ccc(N(*)c4ccccc4)cc3)cc2OC)cc1,147.0,train
*C(=O)c1cc(C(=O)c2ccc3c(c2)C(=O)N(c2cccc(N4C(=O)c5ccc(*)cc5C4=O)c2)C3=O)cc(C(C)(C)C)c1,264.5,train
*CC(*)c1ccc(C(=O)OC)cc1,122.0,train
*CC(*)C(=O)OCCCCCCCCCOC(=O)c1ccc(OC(=O)c2ccc(C#N)cc2)cc1,15.0,train
*Oc1ccc(Oc2ccc(C(=O)c3ccc(-c4ccc(C(=O)c5ccc(*)cc5)cc4)cc3)cc2)cc1-c1cccc(C)c1,170.0,train
*CC(*)(C)C(=O)OCCCCCCOc1ccc(OC(=O)c2ccc(OCCCC)cc2)cc1,36.0,train
*CCCP(=O)(CCCNC(=O)CCCCC(=O)N*)c1ccccc1,55.0,train
*CC(*)C(=O)OCCSCCCC#N,-58.0,train
*c1ccc(Oc2ccc(-c3cc(OCCCCCC)c(-c4ccc(Oc5ccc(-c6nnc(*)o6)cc5)cc4)cc3OCCCCCC)cc2)cc1,103.0,train
*C(=O)c1cc(C(=O)c2ccc3c(c2)C(=O)N(c2ccc(Oc4ccc(S(=O)(=O)c5ccc(Oc6ccc(N7C(=O)c8ccc(*)cc8C7=O)cc6)cc5)cc4)cc2)C3=O)cc(C(C)(C)C)c1,254.5,train
*Nc1ccc(C(C)(C)c2ccc(NC(=O)c3cccc(C(*)=O)c3)cc2)cc1,279.0,train
*c1ccc(Oc2ccc(C(=O)c3ccc(Oc4ccc(-c5c6c(c(*)c7ccccc57)C(=O)N(c5ccccc5F)C6=O)cc4)cc3)cc2)cc1,282.0,train
*CCCCCCN1C(=O)C(=O)N(c2ccc(CCc3ccccc3N3C(=O)C(=O)N(*)C3=O)cc2)C1=O,137.0,train
*c1ccc(Oc2ccc(-c3ccc(Oc4ccc(N5C(=O)c6ccc(Oc7c(C)cc(C(C)(C)c8cc(C)c(Oc9ccc%10c(c9)C(=O)N(*)C%10=O)c(C)c8)cc7C)cc6C5=O)cc4)cc3C)c(C)c2)cc1,257.0,train
*c1ccc([Si](C)(C)[Si](*)(C)C)s1,15.0,train
*CCCCCCCCCCC(Cl)C(*)Cl,-32.0,train
*c1cc(/N=N/c2ccc(C#N)cc2)cc(*)c1O,176.0,train
*Oc1ccc(C(C)(C)c2ccc(OP3(Oc4ccc(C(=O)OC)cc4)=NP(Oc4ccc(C(=O)OC)cc4)(Oc4ccc(C(=O)OC)cc4)=NP(*)(Oc4ccc(C(=O)OC)cc4)=N3)cc2)cc1,73.0,train
*CC(OC(C)C)C1C(=O)OC(=O)C1*,142.0,train
*Nc1ccc(NC(=O)CCCCCCCCC(*)=O)cc1,125.0,train
*c1cccc(C(=O)Nc2ccc(Oc3ccc(Oc4ccc(Oc5ccc(NC(=O)c6cccc(N7C(=O)c8ccc(-c9cccc%10c9C(=O)N(*)C%10=O)cc8C7=O)c6)cc5)cc4)cc3)cc2)c1,260.0,train
*Oc1c(C)cc(C(C)(C)c2cc(C)c(OC(=O)c3ccc(C(*)=O)cc3)c(C)c2)cc1C,239.0,train
*N=P(*)(OC/C=C/c1ccccc1)OC/C=C/c1ccccc1,1.0,train
*Cc1ccc(CNC(=O)CCCCCCCCCCCCCCCCC(=O)N*)cc1,75.0,train
*c1ccc(Cc2ccc(N3C(=O)C(C)C(SCCOCCSC4C(=O)N(c5ccc(Cc6ccc(N7C(=O)CC(C)(SCCOCCSC8(C)CC(=O)N(*)C8=O)C7=O)cc6)cc5)C(=O)C4C)C3=O)cc2)cc1,105.0,train
*Oc1ccc(C(C)(C)c2cc(Cl)c(OC(*)=O)c(Cl)c2)cc1,186.0,train
*CCCCCCNC(=O)CCc1ccc(CCC(=O)N*)cc1,85.0,train
*c1cc(/C=N/c2ccc3c(c2)c2cc(/N=C/c4cc(*)c(O)c(*)c4)ccc2n3CCCCCCCCCCCC)ccc1O,310.0,train
*c1ccc(-c2nc3cc(Oc4ccc(NC(=O)c5cc(C(=O)Nc6ccc(Oc7ccc8nc(-c9ccccc9)c(-c9ccc(-n%10c(=O)c%11ccc%12c(=O)n(*)c(=O)c%13ccc(c%10=O)c%11c%12%13)cc9)nc8c7)cc6)cc(N6C(=O)c7ccccc7C6=O)c5)cc4)ccc3nc2-c2ccccc2)cc1,345.0,train
*O[Si](*)(C)CCCCCCCCCCC(=O)Oc1ccc(-c2ccc(OC(=O)CCCCC(=O)OC3CC(C)CCC3C(C)C)cc2)cc1,16.5,train
*c1ccc(Oc2c(C)cc(C(c3cc(C)c(Oc4ccc(N5C(=O)c6ccc(-c7ccc8c(c7)C(=O)N(*)C8=O)cc6C5=O)cc4)c(C)c3)c3cccc4ccccc34)cc2C)cc1,289.5,train
*Oc1ccc(CC(NC(=O)CCc2ccc(OC(=O)CCC(*)=O)cc2)C(=O)OCC)cc1,78.0,train
*N=P(*)(OCCCC)OCCCC,-105.0,train
*CCCCCC(=O)Oc1ccc(C(C)(C)c2ccc(OC(=O)c3ccc4c(c3)C(=O)N(*)C4=O)cc2)cc1,110.0,train
*CCCCCCCCCCCCOc1c(OC)cc(/C=C/c2ccc(/C=C/c3cc(OC)c(O*)c(OC)c3)cc2)cc1OC,61.1,train
*Oc1ccc(S(=O)(=O)c2ccc(Oc3c(C)cc(C(C)(C)c4cc(C)c(*)c(C)c4)cc3C)cc2C(O)(C(F)(F)F)C(F)(F)F)c(C(O)(C(F)(F)F)C(F)(F)F)c1,187.0,train
*Oc1ccc(S(=O)(=O)c2ccc(Oc3ccc(C(C)(C)c4ccc(*)c(C)c4)cc3C)cc2)cc1,180.0,train
*c1ccc(C(c2ccc(N3C(=O)c4ccc(-c5ccc6c(c5)C(=O)N(*)C6=O)cc4C3=O)cc2)(C(F)(F)F)C(F)(F)F)cc1,343.0,train
*c1ccc(-c2ccc(N(c3ccc(OC)cc3)c3ccc4ccc(N(*)c5ccc(OC)cc5)cc4c3)cc2)cc1,232.0,train
*CCCCCCOc1ccc(C(=O)N(C(=O)c2ccc(O*)cc2)c2ccccc2)cc1,100.0,train
*CCCCCCN1C(=O)c2ccc(C(=O)c3ccc4c(c3)C(=O)N(*)C4=O)cc2C1=O,127.0,train
*C(=O)Nc1c(C)cc(Cc2cc(C)c(NC(=O)c3ccc4c(c3)C(=O)N(c3ccc(/N=N/c5ccc(F)cc5)c(N5C(=O)c6ccc(*)cc6C5=O)c3)C4=O)c(C)c2)cc1C,279.0,train
*/C=C/C1CC(*)C([Si](C)(C)C)C1,113.0,train
*CC(O)COC(=O)CCCCC(=O)OCC(O)COc1ccc(O*)cc1,19.0,train
*c1ccc(-c2ccc(Oc3ccc(C4(C)CC(C)(C)c5ccc(Oc6ccc(-c7ccc(N8C(=O)c9ccc(Oc%10ccc(C(C)(C)c%11ccc(Oc%12ccc%13c(c%12)C(=O)N(*)C%13=O)cc%11)cc%10)cc9C8=O)cc7)cc6C(F)(F)F)cc54)cc3)c(C(F)(F)F)c2)cc1,241.0,train
*Oc1ccc(C(C)(C)c2ccc(OC(=O)c3ccc(C(*)=O)cc3)c(C(C)CC)c2)cc1C(C)CC,90.0,train
*CC(*)C(=O)OCCCCSC,-70.0,train
*c1ccc(N(c2ccc(C#N)cc2)c2ccc(N3C(=O)c4ccc(-c5ccc6c(c5)C(=O)N(*)C6=O)cc4C3=O)cc2)cc1,358.0,train
*CC(*)OC(=O)C(F)(F)C(F)(F)C(F)(F)C(F)(F)C(F)(F)F,-9.0,train
*OC(=O)Oc1ccc2c(c1)Oc1cc(*)ccc1C21c2ccccc2-c2ccccc21,295.0,train
*CCCCCCC(=O)Oc1ccc(OC(=O)c2ccc3c(c2)C(=O)N(*)C3=O)cc1,74.315,train
*Oc1ccc(/C(=C/c2ccc(-c3ccc(/C=C(\c4ccccc4)c4ccc(OC(=O)c5cccc(C(*)=O)c5)cc4)cc3)cc2)c2ccccc2)cc1,224.0,train
*CCCCCOc1ccc(C(=O)OC(=O)c2ccc(O*)cc2)cc1,53.0,train
*C(=O)Nc1ccc(NC(=O)c2ccc3c(c2)C(=O)N(c2ccc(-c4sc(-c5ccc(N6C(=O)c7ccc(*)cc7C6=O)cc5)c(-c5ccccc5)c4-c4ccccc4)cc2)C3=O)cc1,333.0,train
*c1ccc(C(=O)Nc2ccc(-c3ccccc3NC(=O)c3ccc(S(*)(=O)=O)cc3)cc2)cc1,284.0,train
*/C=C/C(C)C(*)C(=O)OCCCN(C)c1ccc(N(C)C)cc1,11.5,train
*c1ccc(Oc2ccc(-c3ccc(-c4ccc(-c5ccc(Oc6ccc(-c7c8c(c(*)c9ccccc79)C(=O)N(c7ccccc7)C8=O)cc6)c(C(F)(F)F)c5)cc4)cc3)cc2C(F)(F)F)cc1,334.0,train
*CC(*)(CC(=O)OC(C)C)C(=O)OC12CC3CC(CC(C3)C1)C2,180.0,train
*CC#CC#CCOc1ccc(C(=O)OCCN(CCOC(=O)c2ccc(O*)cc2)c2ccc(/N=N/c3ccc(C#N)cc3)cc2)cc1,121.0,train
*Oc1cccc(S(=O)(=O)c2ccc(*)cc2)c1,175.0,train
*CC(*)(C)C(=O)OCc1ccc2c(c1)c1ccccc1n2CC,136.0,train
*CC(CBr)O*,-14.0,train
*OP(=O)(Oc1ccccc1)Oc1ccc(-c2ccc(*)cc2)cc1,112.0,train
*CC(*)c1ccc(B(Oc2ccc(Cl)c3cccnc23)c2ccc(C(C)(C)C)cc2)cc1,238.0,train
*c1ccc(OCCCCCCCCCCCOC(=O)c2cccc(C(=O)OCCCCCCCCCCCOc3cccc(-c4nnc(*)s4)c3)c2)cc1,39.0,train
*CCCCCCOC(=O)C(CCCCCP(=O)(OCC)OCC)C(=O)OCCCCCCOc1ccc(-n2on2-c2ccc(O*)cc2)cc1,7.0,train
*/C=C/c1cc(OCCCCCC)c(*)cc1OC,60.0,train
*CC(COc1ccccc1)O*,42.0,train
*CC(*)(C)C(=O)OCCC[Si](O[Si](C)(C)C)(O[Si](C)(C)C)O[Si](C)(C)C,72.35,train
*OC(COC(=O)C12CC3CC(CC(C(*)=O)(C3)C1)C2)COc1ccc(/N=N/c2ccc(C#N)cc2)cc1,105.0,train
*c1cc(C(=O)OCC)cc(N2C(=O)CC(C3Cc4ccccc4C4C(=O)N(*)C(=O)C43)C2=O)c1,254.0,train
*c1ccc(-c2cnc3cc(Oc4ccc5nc(*)cnc5c4)ccc3n2)cc1,306.0,train
*CC(CCCCCCCC)COC(=O)NC(=O)c1cccc(C(=O)NC(=O)O*)c1,65.0,train
*Oc1ccc(C2(c3ccc(OC(*)=O)cc3)c3cc(OC)ccc3-c3ccc([N+](=O)[O-])cc32)cc1,294.0,train
*Oc1ccc(-c2ccc(OC(=O)c3ccc(-c4ccc(C(*)=O)cc4)cc3-c3ccccc3)cc2)cc1,168.0,train
*CCOCCOC(=O)C(CCCCC)C(=O)O*,-47.0,train
*OP(=O)(Oc1ccccc1)Oc1c(Cl)c(Cl)c(*)c(Cl)c1Cl,79.0,train
*c1ccc2c(c1)C(=O)N(c1cc(C(c3ccc(O)c(N4C(=O)c5ccc(C(*)(C(F)(F)F)C(F)(F)F)cc5C4=O)c3)(C(F)(F)F)C(F)(F)F)ccc1O)C2=O,330.0,train
*CC(*)(C)C(=O)OCCCCCCCCOc1ccc(C(=O)Oc2ccc(C(=O)/C=C/c3c(C)c4ccccc4n3C)cc2)cc1,75.0,train
*c1ccc2c(c1)C(=O)N(c1ccc(C(C)(C)c3ccc(C(C)(C)c4ccc(N5C(=O)c6ccc(C(*)(C(F)(F)F)C(F)(F)F)cc6C5=O)cc4)cc3)cc1)C2=O,235.4,train
*/C(=C/c1cc(OCCCCCCCC)c(/C=C(\c2ccccc2)c2ccc3c(c2)Sc2ccc(*)cc2S3)cc1OCCCCCCCC)c1ccccc1,93.0,train
*c1cccc(-c2nc3cc(Oc4ccc5nc(-c6ccccc6)c(*)nc5c4)ccc3nc2-c2ccccc2)c1,270.0,train
*CCCCCCNC(=O)CC(C)c1ccc(C(C)CC(=O)N*)cc1,88.0,train
*Oc1ccc(NCC(=O)c2ccc(Sc3ccc(C(=O)CNc4ccc(*)cc4)cc3)cc2)cc1,208.0,train
*CCCN1C(=O)C2C3C=CC(C4C(=O)N(*)C(=O)C34)C2C1=O,210.0,train
*c1ccc2oc(-c3ccc(C(c4ccc(-c5nc6cc(C(*)(C(F)(F)F)C(F)(F)F)ccc6o5)cc4)(C(F)(F)F)C(F)(F)F)cc3)nc2c1,336.0,train
*C(=O)Oc1ccc(C(C)(C)c2ccc(OC(=O)c3ccc4c(c3)C(=O)N(c3ccc(O)c(N5C(=O)c6ccc(*)cc6C5=O)c3)C4=O)cc2)cc1,225.0,train
*CC(*)c1ccc(COCCC)cc1,22.0,train
*c1ccc2c(c1)C(=O)N(c1ccc(Oc3cccc(Oc4ccc(N5C(=O)c6ccc(C(*)(C(F)(F)F)C(F)(F)F)cc6C5=O)cc4)c3C#N)cc1)C2=O,280.0,train
*CC(CO*)(CS(=O)(=O)CC)CS(=O)(=O)CC,84.0,train
*C(=O)c1ccc(Oc2c(C)cc(-c3cc(C)c(Oc4ccc(C(=O)c5ccc6nc(*)ccc6c5)cc4)c(C)c3)cc2C)cc1,180.0,train
*CCC(*)(C)c1ccccc1,93.0,train
*C(=O)c1ccc2c(c1)C(=O)N(c1ccc(Cc3ccc(Cc4ccc(Cc5ccc(N6C(=O)c7ccc(*)cc7C6=O)cc5)cc4)cc3)cc1)C2=O,302.0,train
*CC(C)(C)CS(=O)(=O)CC(C)(C)COC(=O)NCCCCCCNC(=O)O*,30.0,train
*c1ccc(Oc2ccc(Oc3ccc(Oc4ccc(-c5cnc6cc(-c7ccc8nc(*)cnc8c7)ccc6n5)cc4)cc3)cc2)cc1,133.0,train
*Oc1ccc(NC(=O)c2cccc(C(=O)Nc3ccc(Oc4ccc(C5(c6ccc(*)cc6)C6CC7CC(C6)CC5C7)cc4)cc3)c2)cc1,273.0,train
*CCN(*)C(=O)C(OC)(c1ccccc1)C(F)(F)F,89.0,train
*c1ccc(C2(c3ccc(-c4cc(-c5ccccc5)c5cc(-c6ccc7nc(*)cc(-c8ccccc8)c7c6)ccc5n4)cc3)c3ccccc3C(=O)c3ccccc32)cc1,417.0,train
*/C=C/c1sc(-c2ccc(-c3sc(/C=C/C4=CC(=C(C#N)C#N)C=C(*)O4)c(CCCCCC)c3CCCCCC)s2)c(CCCCCC)c1CCCCCC,114.0,train
*c1cccc(N2C(=O)C3CCC(C4CCC5C(=O)N(*)C(=O)C5C4)CC3C2=O)c1,263.0,train
*O[Si](C)(C)O[Si](C)(C)O[Si](C)(C)O[Si](C)(C)O[Si](C)(C)O[Si](C)(C)Oc1c(*)c2ccccc2c2ccccc12,-68.0,train
*CCCCCCN1C(=O)C(=O)N(c2ccc(C)c(N3C(=O)C(=O)N(*)C3=O)c2)C1=O,181.5,train
*C(=O)c1ccc2c(c1)C(=O)N(c1ccc(Oc3ccc(C(c4ccc(Oc5ccc(N6C(=O)c7ccc(*)cc7C6=O)cc5)cc4)(C(F)(F)F)C(F)(F)F)cc3)cc1)C2=O,261.5,train
*c1ccc(Oc2ccc(-c3c(-c4ccccc4)nc4ccc(-c5ccc6nc(-c7ccccc7)c(*)c(-c7ccccc7)c6c5)cc4c3-c3ccccc3)cc2)cc1,307.5,train
*C(=O)c1ccc2c(c1)C(=O)N(c1ccc(C(c3ccccc3)(c3ccc(N4C(=O)c5ccc(*)cc5C4=O)cc3)C(F)(F)F)cc1)C2=O,311.0,train
*CC(CO)(CO)CO*,99.0,train
*CC(*)(C)C(=O)OCCOCCOCC[N+](CC)(CC)CCCCS(=O)(=O)O,27.0,train
*C(=O)c1ccc2c(c1)C(=O)N(c1cccc(P(=O)(c3ccc(Oc4ccc(C56CC7CC(CC(C7)C5)C6)cc4)cc3)c3cccc(N4C(=O)c5ccc(*)cc5C4=O)c3)c1)C2=O,305.0,train
*OC(=O)C(Cc1ccccc1)NC(=O)CCCCCCCCC(=O)NC(Cc1ccccc1)C(=O)OC1COC2C(*)COC12,74.0,train
*Cc1ccccc1C[Si](*)(C)C,75.0,train
*CCCCCCCCCCCNC(=O)CCCCCCCCC(=O)N*,40.0,train
*O[Si](*)(C)CCCOc1ccc(C(=O)Oc2ccc(-c3ccc(OC(=O)c4cc(OCC)cc(OCC)c4)cc3)cc2)cc1,62.8,train
*CC(CS(=O)(=O)CCCCC)O*,39.0,train
*OC(=O)c1ccc(C(=O)OC2COC3C(*)COC23)o1,192.5,train
*c1ccc(Oc2ccc(C(=O)c3ccc(Oc4ccc(-c5cc(*)[nH]n5)cc4)cc3)cc2)cc1,229.0,train
*c1c(C)cc(C(c2cccnc2)c2cc(C)c(N3C(=O)CC(Nc4ccc(Cc5ccc(NC6CC(=O)N(*)C6=O)cc5)cc4)C3=O)c(C)c2)cc1C,219.0,train
*NNC(=O)c1ccc(C(*)=O)cc1OCC,240.0,train
*C(=O)OCC(COc1ccc(/N=N/c2ccc(C#N)cc2)cc1)OC(=O)c1ccc(*)s1,119.0,train
*c1ccc(Oc2ccc(Oc3ccc(N4C(=O)CC(=O)N(*)C4=S)cc3)cc2)cc1,157.0,train
*CC(*)c1ccc(C(O)CCN2CCOCC2)cc1,50.0,train
*O[Si](C)(C)CC[Si](*)(C)C,-88.0,train
*CC(*)(C)CCC,27.0,train
*CCN(CCN1C(=O)c2ccc(C(c3ccc4c(c3)C(=O)N(*)C4=O)(C(F)(F)F)C(F)(F)F)cc2C1=O)c1ccc(/N=N/c2ccc([N+](=O)[O-])cc2)cc1,210.0,train
*CCCCCCOC(=O)OCCCCCCOC(=O)OCCCCCCOc1ccc(C(=O)c2ccc(O*)cc2)cc1,-0.3,train
*Oc1ccc(C(C)(C)c2ccc(Oc3ccc(C(=O)c4c(C(=O)c5ccc(*)cc5)c(-c5ccccc5)c(-c5ccc6ccccc6c5)c(-c5ccc6ccccc6c5)c4-c4ccccc4)cc3)cc2)cc1,264.0,train
*CCCCCCOC(=O)OCCCCCCCCCCOC(=O)OCCCCCCOc1ccc(Oc2ccc(O*)cc2)cc1,-22.0,train
*CCN(*)C(=O)c1c(F)cc(F)c(F)c1F,122.0,train
*OC1CCCCC1*,68.5,train
*Nc1cc(NC(=O)CCCCCCCCC(*)=O)cc(-c2nnc(-c3ccccn3)o2)c1,85.0,train
*OC(*)C,-19.5,train
*Oc1c(-c2ccccc2)cc(Cc2cc(-c3ccccc3)c(OC(=O)CCCCC(*)=O)c(-c3ccccc3)c2)cc1-c1ccccc1,115.0,train
*O[Si](C)(C)COC(=O)CCCCCCCCC(=O)Oc1ccc(S(=O)(=O)c2ccc(Oc3ccc(/C=C4\CCCC/C(=C\c5ccc(Oc6ccc(S(=O)(=O)c7ccc(OC(=O)CCCCCCCCC(=O)OC[Si](*)(C)C)cc7)cc6)cc5)C4=O)cc3)cc2)cc1,81.0,train
*c1cccc(Cc2cccc(N3C(=O)c4ccc([Si](C)(C)O[Si](C)(C)c5ccc6c(c5)C(=O)N(*)C6=O)cc4C3=O)c2)c1,217.0,train
*CCC[Si](*)(C)c1ccccc1,-1.5,train
*Oc1ccc(Nc2ccc(C(=O)c3ccc(C(=O)c4ccc(Nc5ccc(*)cc5)cc4)cc3)cc2)cc1,215.0,train
*C(=O)c1ccc2c(c1)C(=O)N(c1ccc(N(c3ccccc3)c3ccc(N4C(=O)c5ccc(*)cc5C4=O)cc3)cc1)C2=O,270.0,train
*C(F)(F)C(*)(F)C(F)(F)F,158.5,train
*c1ccc2c(c1)C(=O)N(c1cc(C(=O)Nc3ccc(C(c4ccc(NC(=O)c5ccc(C)c(N6C(=O)c7ccc(C(*)(C(F)(F)F)C(F)(F)F)cc7C6=O)c5)cc4)(C(F)(F)F)C(F)(F)F)cc3)ccc1C)C2=O,293.5,train
*/C=C(\C#N)C(=O)OCCCCCCOC(=O)/C(C#N)=C/c1ccc2c(c1)c1cc(*)ccc1n2CCCCCCCCCCCOc1ccc(/C=C/c2ccc([N+](=O)[O-])cc2)cc1,87.0,train
*OP(=O)(Oc1c(Cl)cccc1Cl)Oc1c(Cl)c(Cl)c(*)c(Cl)c1Cl,144.0,train
*C(=O)OCCCCCCCCCCCCOC(=O)c1ccc2c(c1)C(=O)N(c1ccc(Oc3ccc(N4C(=O)c5ccc(*)cc5C4=O)cc3)cc1)C2=O,105.0,train
*/C=C/c1cccc(/C=C/[Si](C)(CCC(F)(F)F)c2ccc([Si](*)(C)CCC(F)(F)F)cc2)c1,39.2,train
*c1ccc(Oc2ccc(C(C)(C)c3ccc(Oc4ccc(N5C(=O)C6CCC7C(=O)N(*)C(=O)C7C6C5=O)cc4)cc3)cc2)cc1,263.5,train
*CC(OCC(C)C)C(C)(C(=O)OC)C(*)(C)C(=O)OC,125.5,train
*O[Si](*)(C)CCCCCCOc1ccc(C(=O)Oc2ccc(C(=O)OCC(C)CC)cc2)cc1,-9.0,train
*O[Si](*)(C)CCCOc1ccc(C(=O)OCCOc2ccc(C(=O)OC3CCC4(C)C(=CCC5C4CCC4(C)C(C(C)CCCC(C)C)CCC54)C3)cc2)cc1,42.0,train
*c1ccc(*)cc1,291.5,train
*c1ccc(C(=O)Nc2cccc(-n3c(=O)c4cc5c(=O)n(*)c(=O)c5cc4c3=O)c2)cc1,390.0,train
*Oc1cccc(OC(=O)CCC(*)=O)c1,38.2,train
*CC(*)C(=O)OCC(F)(F)C(F)(F)C(F)(F)C(F)(F)C(F)(F)F,-39.0,train
*c1c(C)cc(Cc2cc(C)c(N3C(=O)c4cccc(Oc5c(C)cc(Cc6cc(C)c(Oc7cccc8c7C(=O)N(*)C8=O)c(C)c6)cc5C)c4C3=O)c(C)c2)cc1C,243.0,train
*c1c(C)cc(C)c(N2C(=O)c3ccc(-c4ccc5c(c4)C(=O)N(*)C5=O)cc3C2=O)c1C,385.0,train
*CCCCCOC(=O)Nc1ccc(C)c(NC(=O)O*)c1,52.0,train
*CCCCCCCCCNC(=S)N*,48.0,train
*c1ccc(-c2ccc(N3C(=O)c4ccc(-c5ccc6c(c5)C(=O)N(*)C6=O)cc4C3=O)cc2C(F)(F)F)c(C(F)(F)F)c1,317.5,train
*CC(O)CCCCC(O)CN(*)c1ccc(N(C)C)cc1,72.0,train
*c1ccc(OCCCCCCCCCCCOC(=O)c2ccc(C(=O)OCCCCCCCCCCCOc3cccc(-c4nnc(*)s4)c3)cc2)cc1,35.0,train
*/C=C/c1cc(OCC(CC)CCCC)c(*)cc1-c1ccc(N(c2ccc(OC)cc2)c2ccc(OC)cc2)cc1,163.0,train
*c1ccc2c(c1)C(=O)N(c1cccc(C(=O)Nc3ccc(C(c4ccc(NC(=O)c5cccc(N6C(=O)c7ccc(C(*)(C(F)(F)F)C(F)(F)F)cc7C6=O)c5)cc4)(C(F)(F)F)C(F)(F)F)cc3)c1)C2=O,273.5,train
*Nc1cc(NC(=O)NC2CCC(CC3CCC(NC(*)=O)CC3)CC2)cc(C(=O)Nc2ccc3c(c2)C(=O)c2ccccc2C3=O)c1,148.0,train
*Oc1cccc(C(=O)c2ccc(Oc3ccc(C(=O)c4ccc(*)cc4)cc3)cc2)c1,146.0,train
*CC(*)c1cc(C(=O)OCCCCCCCCCC)ccc1-c1ccc(OCCCCCCCC)cc1,44.0,train
*CC(*)c1ccc(CCCCCCCCCCCCCC)cc1,-36.0,train
*CCCCCCOc1ccc(CCc2ccc(O*)cc2C)cc1,17.9,train
*CC(*)(F)C(=O)OCC(F)(F)C(F)(F)C(F)(F)F,75.0,train
*Oc1ccc(CC(NC(=O)CCc2ccc(OC(=O)CCCCC(*)=O)cc2)C(=O)OCCCC)cc1,46.0,train
*N=P(*)(CC1COCCOCCOCCO1)OCC1COCCOCCOCCO1,-40.0,train
*Oc1ccc(CC(NC(=O)CCc2ccc(OC(=O)COCCOCC(*)=O)cc2)C(=O)OCCCCCCCCCCCC)cc1,17.0,train
*c1ccc(Sc2ccc(Sc3ccc(Sc4ccc(N5C(=O)c6ccc(Sc7ccc(Sc8ccc(Sc9ccc%10c(c9)C(=O)N(*)C%10=O)cc8)cc7)cc6C5=O)cc4)cc3)cc2)cc1,176.45,train
*C(=O)Nc1ccc(C(c2ccc(NC(=O)c3ccc4c(c3)C(=O)N(c3ccc(-c5ccc(N6C(=O)c7ccc(*)cc7C6=O)c(OC)c5)cc3OC)C4=O)cc2)(C(F)(F)F)C(F)(F)F)cc1,250.0,train
*=Nc1ccc(/N=C(\c2ccccc2)c2ccc(C(=*)c3ccccc3)cc2)cc1,179.0,train
*c1ccc(Oc2ccc(Oc3ccc(N4C(=O)c5ccc(Oc6cc7ccccc7cc6Oc6ccc7c(c6)C(=O)N(*)C7=O)cc5C4=O)cc3)cc2)cc1,224.5,train
*CC(*)(C)C(=O)OCCCCCCOc1ccc(OC(=O)c2ccc(OCCCCCCCC)cc2)cc1,-1.0,train
*Oc1ccc(Oc2ccc(OC(=O)c3cccc(Oc4ccc(Oc5cccc(C(*)=O)c5)cc4)c3)cc2)cc1,104.0,train
*c1ccc(Sc2ccc(Sc3ccc(N4C(=O)c5ccc(Oc6ccc7c(c6)C(=O)N(*)C7=O)cc5C4=O)cc3)s2)cc1,218.0,train
*c1ccc(-c2ccc(-c3ccc([Si](*)(C)C)s3)s2)s1,45.0,train
*c1ccc(-c2cc(CCCCCCCC)c(-c3ccc(-c4ccc(-c5sc(-c6ccc([Si](C)(C)[Si](C)(C)[Si](C)(C)[Si](*)(C)C)s6)cc5CCCCCCCC)s4)s3)s2)s1,6.0,train
*c1ccc(Oc2ccc3ccccc3c2-c2c(Oc3ccc(N4C(=O)c5ccc(NC(=O)Nc6ccc(Oc7ccc(NC(=O)Nc8ccc9c(c8)C(=O)N(*)C9=O)cc7)cc6)cc5C4=O)cc3)ccc3ccccc23)cc1,274.0,train
*CC(*)(C)C(=O)OCCCC1CCCCC1,60.0,train
*Oc1ccc(S(=O)(=O)c2ccc(OC(=O)OC3C(C)(C)C(OC(*)=O)C3(C)C)cc2)cc1,162.0,train
*C(=O)c1ccc2c(c1)C(=O)N(c1ccc(Oc3ccccc3N3C(=O)c4ccc(*)cc4C3=O)cc1)C2=O,282.5,train
*c1cc(OCCCC)c(*)cc1OCCCC,37.0,train
*C(=O)c1ccc2c(c1OCc1ccccc1[N+](=O)[O-])C(=O)N(c1ccc(Oc3ccc(N4C(=O)c5ccc(*)c(OCc6ccccc6[N+](=O)[O-])c5C4=O)cc3)cc1)C2=O,198.0,train
*CCCCCCNC(=O)c1ccc(C(=O)N*)c(Sc2ccccc2)c1,121.0,train
*CC(c1ccccc1)C1C(=O)N(CCCN(CC)c2ccc(/N=N/c3ccc([N+](=O)[O-])cc3)c(C)c2)C(=O)C1*,137.0,train
*C(=O)Nc1ccc(-c2ccc(NC(=O)N3CC(C)N(*)CC3C)cc2)cc1,250.0,train
*c1ccc(-n2c(=O)c3cc4c(=O)n(*)c(=O)c4cc3c2=O)c(S(=O)(=O)O[Na])c1,227.0,train
*Nc1ccc(NC(=O)c2ccc(NC(=O)CCCCCCCCC(=O)Nc3ccc(C(*)=O)cc3)cc2)cc1C(=O)OCCCCCCCCCCCCCCCC,220.0,train
*CCCCCC(=O)NNC(=O)c1ccc(C(=O)NNC(=O)CCCCCOc2ccc(O*)c(C)c2)cc1,126.0,train
*Oc1ccc2ccc(Oc3ccc(C(=O)Nc4ccc(Oc5ccc(C(C)(c6ccccc6)c6ccc(Oc7ccc(NC(=O)c8ccc(*)cc8)cc7)cc6)cc5)cc4)cc3)cc2c1,177.0,train
*CC(*)(C)C(=O)Oc1c(C)cccc1C,167.0,train
*Oc1ccc(S(=O)(=O)c2ccc(Oc3ccc(C(C)(c4ccc(*)cc4)c4ccc(O)cc4)cc3)cc2)cc1,228.0,train
*Oc1ccc(Oc2ccc(P(C)(=O)c3ccc(*)cc3)cc2)cc1,213.0,train
*O[Si](*)(C)CCCCCCCCCCC(=O)Oc1ccc(C(=O)Oc2ccc(-c3ccc(OCC(C)CC)cc3)cc2)cc1,26.7,train
*CCCCCCCCCCOC(=O)CCCCCNC(=O)CCCCC(=O)NCCCCCC(=O)O*,-12.0,train
*CC#CC#CCOc1ccc(C(=O)OCCN(CCOC(=O)c2ccc(O*)cc2)c2ccc([N+](=O)[O-])cc2)cc1,100.0,train
*C(=O)Nc1ccc(Sc2ccc(NC(=O)c3ccc4c(c3)C(=O)N(c3ccc(Oc5ccc(C6(c7ccc(Oc8ccc(N9C(=O)c%10ccc(*)cc%10C9=O)cc8)cc7)NC(=O)c7ccccc76)cc5)cc3)C4=O)cc2)cc1,312.0,train
*c1cccc(Oc2ccc(C(c3ccc(Oc4cccc(-n5c(=O)c6cc7c(=O)n(*)c(=O)c7cc6c5=O)c4)cc3)(C(F)(F)F)C(F)(F)F)cc2)c1,235.0,train
*O[Si](*)(C)CCCOc1ccc2c(c1)c1cc(-c3ccc4c(c3)c3ccccc3n4CC(CC)CCCC)ccc1n2CC(CC)CCCC,129.0,train
*CC(*)c1cc(C(C)(C)C)ccc1C,87.0,train
*c1ccc(Oc2ccc(C(=O)c3ccc(Oc4ccc(-c5nc6ccccc6n5-c5ccc(-n6c(*)nc7ccccc76)cc5)cc4)cc3)cc2)cc1,242.0,train
*CCCCOC(=O)Nc1ccc(Cc2ccc(NC(=O)OCCCCn3c4ccccc4c4cc(/C=C(\C#N)C(=O)OCCCCCCOC(=O)/C(C#N)=C/c5ccc6c(c5)c5ccccc5n6*)ccc43)cc2)cc1,122.0,train
*Oc1ccc(NC(=O)c2ccc(C(c3ccc(C(=O)Nc4ccc(Oc5ccc(C6(c7ccc(*)cc7)C7CC8CC(C7)CC6C8)cc5)cc4)cc3)(C(F)(F)F)C(F)(F)F)cc2)cc1,241.0,train
*c1cc(Br)c(-c2c(Br)cc(N3C(=O)c4ccc(-c5ccc6c(c5)C(=O)N(*)C6=O)cc4C3=O)cc2C(=O)OCCCCCCCCCCCC)c(C(=O)OCCCCCCCCCCCC)c1,108.0,train
*c1cc(SCCCCCCCCCCCC)c(*)s1,33.0,train
*Nc1cc(NC(=O)C(*)=O)ccc1C,-54.65,train
*CCCCCNC(=O)Cc1ccc(C(=O)N*)cc1,103.0,train
*CC(*)c1ccc(C)nc1,136.0,train
*C(=O)OC1CC2CC(OC(=O)N3CCN(*)CC3)CC(C1)O2,113.0,train
*CC(*)(C)C(=O)OCCCCCC(=O)Oc1ccc(OC(=O)c2ccc(OCC)cc2)cc1,43.0,train
*Oc1ccc(Oc2ccc(C(=O)c3ccc(*)cc3)cc2)cc1-c1cc(C(F)(F)F)cc(C(F)(F)F)c1,146.0,train
*CC(*)(C)C(=O)OC12CC3CC(C)(CC(C)(C3)C1)C2,194.0,train
*CC(O)CN(C)S(=O)(=O)c1cccc(S(=O)(=O)N(C)CC(O)COc2ccc(S(=O)(=O)c3ccc(O*)cc3)cc2)c1,100.0,train
*c1ccc(Oc2cc(C(C)(C)C)c(Oc3ccc(N4C(=O)c5ccc(-c6ccc7c(c6)C(=O)N(*)C7=O)cc5C4=O)cc3)cc2C(C)(C)C)cc1,293.0,train
*CCN(*)C(=O)c1ccc2ccccc2c1,130.0,train
*CNC(=O)OCc1ccc(COCc2ccc(COC(=O)NCc3ccc(C(C)(C)c4ccc(*)o4)o3)o2)o1,39.0,train
*c1ccc(C2(c3ccc(N4C(=O)C(c5ccccc5)=C(c5ccc(C6=C(c7ccccc7)C(=O)N(*)C6=O)cc5)C4=O)cc3)c3ccccc3-c3ccccc32)cc1,340.0,train
*N=P(*)(Oc1cccc(C)c1)Oc1cccc(C)c1,-25.0,train
*C/C(C)=C/C(C)S(*)(=O)=O,83.0,train
*c1cccc(N2C(=O)c3cccc(Oc4ccc(C(C)(C)c5ccc(Oc6cccc7c6C(=O)N(*)C7=O)cc5)cc4)c3C2=O)c1,227.5,train
*c1ccc(OCCN(CC)c2ccc(-c3ccc(C(=C(C#N)C#N)c4ccc(-c5ccc(N(CC)CC)cc5)s4)s3)cc2)c(-c2cc(-c3ccccc3)c3cc(Oc4ccc5nc(*)cc(-c6ccccc6)c5c4)ccc3n2)c1,205.0,train
*CCCCOC(=O)COCC(=O)O*,-23.0,train
*Oc1ccc(NC(=O)NC2CC(C)(C)CC(C)(CNC(=O)Nc3ccc(*)cc3)C2)cc1,274.0,train
*Oc1cc(OC(=O)c2ccc(OCCCC)cc2)c(OC(=O)CCCC(*)=O)cc1OC(=O)c1ccc(OCCCC)cc1,59.0,train
*CCCC(C)O[Si](C)(C)O*,-81.0,train
*Oc1ccc(C2(c3ccc(Oc4ccc(C(=O)c5c(C(=O)c6ccc(*)cc6)c(-c6ccccc6)c(-c6ccc7ccccc7c6)c(-c6ccc7ccccc7c6)c5-c5ccccc5)cc4)cc3)c3ccccc3-c3ccccc32)cc1,310.0,train
*CC(*)c1ccc(COc2ccc(-c3ccc(C#N)cc3)cc2)cc1,132.0,train
*CC(CCCCCCCCCCCC)COC(=O)NC(=O)c1cccc(C(=O)NC(=O)O*)c1,112.0,train
*Oc1c(OC)cc(-c2cc(OC)c(OC(=O)c3cccc(C(*)=O)c3)c(OC)c2)cc1OC,252.0,train
*CC(*)c1cccs1,71.0,train
*c1ccc(Oc2ccc(C(=O)c3ccc(Oc4ccc(C5(*)c6ccccc6C(=O)N5C)cc4)cc3)cc2)cc1,245.0,train
*C(=O)Oc1ccc(OC(=O)c2ccc3c(c2)C(=O)N(C2CCC(N4C(=O)c5ccc(*)cc5C4=O)CC2)C3=O)cc1,360.0,train
*Oc1ccc(Oc2ccc(C(=O)c3ccc(NC(=O)c4ccc(C(=O)Nc5ccc(C(=O)c6ccc(*)cc6)cc5)cc4)cc3)cc2)cc1,224.0,train
*CC(*)OC(=O)c1ccncc1,98.5,train
*O[Si](C)(Oc1ccc(*)cc1)c1ccccc1,95.0,train
*Oc1ccc(CC(NC(=O)CCc2ccc(OC(=O)COCC(*)=O)cc2)C(=O)OC(C)CC)cc1,68.0,train
*Oc1ccc(C(C)(c2ccccc2)c2ccc(Oc3ccc(C(=O)C(=O)c4ccc(*)cc4)cc3)cc2)cc1,177.0,train
*N=P(*)(OCC1COCCOCCOCCOCCOCCO1)OCC1COCCOCCOCCOCCOCCO1,-40.0,train
*c1cccc(N2C(=O)c3ccc(C(c4ccc5c(c4)C(=O)N(c4cccc(-n6c(=O)c7cc8c(=O)n(*)c(=O)c8cc7c6=O)c4)C5=O)(C(F)(F)F)C(F)(F)F)cc3C2=O)c1,338.0,train
*Sc1cc(C)c(*)cc1C,298.0,train
*O[Si](*)(C)CCCCCCOc1ccc(C(=O)Oc2ccc(C#N)cc2C)cc1,45.0,train
*OC(C)CCOC(=O)C(CCCCCCOc1ccc(/N=C/c2ccc([N+](=O)[O-])cc2)cc1)C(*)=O,3.0,train
*CC(c1ccccc1)C1C(=O)N(CCN(CC)c2ccc(/N=N/c3ccc([N+](=O)[O-])cc3)cc2)C(=O)C1*,172.0,train
*CC(*)c1ccc(-c2ccc3c(c2)C(CCCCCC)(CCCCCC)c2cc(-c4ccc5c(c4)C(CCCCCC)(CCCCCC)c4ccccc4-5)ccc2-3)cc1,78.6,train
*C(=O)Nc1ccc(Oc2ccc(C(C)(C)c3ccc(Oc4ccc(NC(=O)c5ccc(N6C(=O)c7ccc(*)cc7C6=O)cc5)cc4)cc3)cc2)cc1,216.0,train
*Oc1cc(OC(=O)c2ccc(OCCC)cc2)c(OC(=O)CCCC(*)=O)cc1OC(=O)c1ccc(OCCC)cc1,72.0,train
*CCCCCC(=O)Oc1ccc2ccc(OC(=O)c3ccc4c(c3)C(=O)N(*)C4=O)cc2c1,113.0,train
*CC(*)(C)C(=O)OCC1OC(n2ccc(=O)[nH]c2=O)C(O)C1O,143.5,train
*CC(*)C(=O)OCCCCOC(=O)c1ccc(OC(=O)c2ccc(C#N)cc2)cc1,40.0,train
*/C=C/C(C*)COCC(=O)OCCCCCCCCOc1ccc(/C=C/c2ccc([N+](=O)[O-])cc2)cc1,23.0,train
*Oc1ccc(S(=O)(=O)c2ccc(Oc3ccc(C45CC6CC(CC(c7ccc(*)cc7)(C6)C4)C5)cc3)cc2)cc1,242.0,train
*Oc1c(C)cc(*)cc1C(C)CCCC,85.0,train
*CC(*)(C)C(=O)OCc1ccc(Cl)c(Cl)c1,34.45,train
*CCCCCCCCCCOc1ccc(CCc2ccc(O*)cc2C)cc1,-3.0,train
*CC(*)(C)C(=O)OCCCCCCCCCCOc1ccc(/N=N/c2ccc([N+](=O)[O-])cc2)cc1,55.0,train
*c1ccc(Oc2ccc(N3C(=O)c4ccc(Oc5c(Oc6ccc7c(c6)C(=O)N(*)C7=O)cc(C(C)(C)C)cc5C(C)(C)C)cc4C3=O)cc2)cc1,228.0,train
*/C=C(\C#N)c1cccc(/C(C#N)=C/c2ccc(/C=C/c3ccc(N(c4ccccc4)c4ccc(N(c5ccccc5)c5ccc(/C=C/c6ccc(*)s6)cc5)cc4)cc3)s2)c1,178.0,train
*C(=O)c1ccc2c(c1)C(=O)N(c1ccc(Cc3ccc(N4C(=O)c5ccc(*)cc5C4=O)c(C)c3)cc1C)C2=O,310.0,train
*C(=O)Nc1cccc(Oc2cccc(Oc3cccc(NC(=O)c4ccc5c(c4)C(=O)N(c4cccc(Oc6cccc(Oc7cccc(N8C(=O)c9ccc(*)cc9C8=O)c7)c6C#N)c4)C5=O)c3)c2C#N)c1,214.0,train
*CC(*)c1cc(C(=O)OCC)ccc1-c1ccc(OCCCCCCCC)cc1,95.0,train
*C(*)C(=O)OC(C)C,70.0,train
*Oc1ccc(CC(NC(=O)CCc2ccc(OC(=O)COCC(*)=O)cc2)C(=O)OCCCC)cc1,64.0,train
*CCCCCCCCCCC(=O)N*,46.0,train
*CCC[Si](*)(C)O[Si](C)(C)CCCOc1ccc(-c2ccc(C#N)cc2)cc1,-4.6,train
*c1ccc2c(c1)C(=O)N(c1c(C)cc(C(c3ccccc3)(c3cc(C)c(N4C(=O)c5ccc(C(*)(C(F)(F)F)C(F)(F)F)cc5C4=O)c(C(C)C)c3)C(F)(F)F)cc1C(C)C)C2=O,289.0,train
*C(=O)Oc1ccc(C2(c3ccc(OC(=O)c4ccc5c(c4)C(=O)N(c4ccc(-c6ccc(N7C(=O)c8ccc(*)cc8C7=O)cc6C)c(C)c4)C5=O)cc3)CCC(C(C)(C)C)CC2)cc1,217.0,train
*c1ccc(Oc2ccc(-c3ccc(Oc4ccc(N5C(=O)c6ccc(Oc7ccc8ccc(Oc9ccc%10c(c9)C(=O)N(*)C%10=O)cc8c7)cc6C5=O)cc4)cc3)cc2)cc1,231.0,train
*/C(Cl)=C(/*)CCCC,190.0,train
*NC(CCC(=O)OCCCC)C(*)=O,-15.0,train
*c1ccc(-c2ccc3c(c2)C(CCCCCCC#N)(CCCCCCC#N)c2cc(*)ccc2-3)cc1,90.0,train
*C/C=C/N(/C=C/CC1CC(=O)N(c2ccc(Cc3ccc(N4C(=O)CC(*)C4=O)cc3)cc2)C1=O)c1ccc(/N=N/c2ccc([N+](=O)[O-])cc2)cc1,277.0,train
*CCOC(=O)c1ccc2ccc(C(=O)O*)cc2c1,119.0,train
*c1cccc(P(=O)(c2ccc(C(F)(F)F)cc2)c2cccc(-n3c(=O)c4c(-c5ccc(C(F)(F)F)cc5)c5c(=O)n(*)c(=O)c5c(-c5ccc(C(F)(F)F)cc5)c4c3=O)c2)c1,324.0,train
*c1nnc(-c2ccc(Oc3ccc(C(c4ccc(Oc5ccc(*)c6ccccc56)cc4)(C(F)(F)F)C(F)(F)F)cc3)c3ccccc23)o1,220.0,train
*CCCCCCOc1ccc(C(C)(C)c2ccc(O*)cc2)cc1,36.0,train
*C(=O)Nc1ccc(Oc2ccc(NC(=O)c3ccc4c(c3)C(=O)N(c3ccc(-c5sc(-c6ccc(N7C(=O)c8ccc(*)cc8C7=O)cc6)c(-c6ccccc6)c5-c5ccccc5)cc3)C4=O)cc2)cc1,320.0,train
*CC(*)(C)C(=O)OCCCCCCc1ccc(/N=N/c2ccc(OC(F)(F)F)cc2)cc1,194.5,train
*CC(*)C(=O)OCCSCC#N,-24.0,train
*Sc1ccc(C(=O)CNCCCCCCCCNCC(=O)c2ccc(*)cc2)cc1,231.0,train
*CC(*)CCCI,30.0,train
*CCCCCCCCCCOC(=O)c1ccc2cc(C(=O)O*)ccc2c1,50.5,train
*CC(*)c1ccc(OCCC(C)C)cc1,57.0,train
*C(=O)NCCCCCCNC(=O)c1ccc(*)nc1,80.0,train
*c1cc(C(c2ccc(OCCN(C)c3ccc(/C=C/C4=C/C(=C(/C#N)C(=O)OCc5ccc(Oc6c(F)c(F)c(F)c(F)c6F)cc5)CC(C)(C)C4)cc3)c(N3C(=O)c4ccc(Oc5ccc6c(c5)C(=O)N(*)C6=O)cc4C3=O)c2)(C(F)(F)F)C(F)(F)F)ccc1OCCN(c1ccccc1)c1ccc(/C=C/C2=C/C(=C(/C#N)C(=O)OCc3ccc(Oc4c(F)c(F)c(F)c(F)c4F)cc3)CC(C)(C)C2)cc1,162.0,train
*Oc1cccc(Oc2ccc(C(=O)c3ccc(NC(=O)c4cccc(C(=O)Nc5ccc(C(=O)c6ccc(*)cc6)cc5)c4)cc3)cc2)c1,214.0,train
*NCCCCCCNc1nc(*)nc(-c2ccccc2)n1,95.0,train
*Oc1cccc(C(*)=O)c1,162.0,train
*Oc1ccc(C2(c3ccc(Oc4ccc(C(=O)Oc5ccc(C(C)(C)c6ccc(OC(=O)c7ccc(*)cc7)cc6)cc5)cc4)cc3)CCC(C(C)(C)C)CC2)cc1,144.0,train
*C(=O)c1ccc2c(c1)C(=O)N(c1cccc(Oc3cccc(Oc4cccc(N5C(=O)c6ccc(*)cc6C5=O)c4)c3)c1)C2=O,211.0,train
*C(*)C(=O)OCC,13.5,train
*Oc1ccc(-c2ccc(Oc3ccc(C(=O)c4c(C(=O)c5ccc(*)cc5)c(-c5ccccc5)c(-c5ccc6ccccc6c5)c(-c5ccc6ccccc6c5)c4-c4ccccc4)cc3)cc2)cc1,290.0,train
*O[Si](*)(C)CCCCCCCCCCC(=O)Oc1ccc(-c2ccc(OC(=O)c3ccc(OCCCCCCC)cc3)cc2)cc1,61.1,train
*C(=O)c1ccc2c(c1)C(=O)N(c1cccc(P(=O)(c3ccccc3)c3cccc(N4C(=O)c5ccc(*)cc5C4=O)c3)c1)C2=O,273.0,train
*Oc1c(-c2ccccc2)cc(*)cc1-c1ccc(C(C)(C)C)cc1,240.0,train
*CC(=O)Nc1ccc(NC(=O)CN2C(=O)c3ccc(C(=O)c4ccc5c(c4)C(=O)N(*)C5=O)cc3C2=O)cc1,250.0,train
*Oc1ccc(/C(=C/c2cc(OC)c(/C=C(/c3ccc(*)cc3)c3ccc(C(F)(F)F)cc3)cc2OC)c2ccc(C(F)(F)F)cc2)cc1,194.0,train
*Nc1ccc(CC(C)(C)NC(=O)CCCCC(*)=O)cc1,130.0,train
*CC(*)(C)C(=O)Oc1cc(C)ccc1C,111.0,train
*CCCCCCc1nc2cc(NC(=O)CCCCCCCCC(=O)Nc3ccc4oc(*)nc4c3)ccc2o1,86.0,train
*OC(CC)C(*)=O,15.0,train
*C1C(=O)N(CCCCCCCOc2ccc(-c3ccc(C#N)cc3)cc2)C(=O)C1*,61.0,train
*/C=C/c1cc(OCCC(C)CCCC(C)C)c(*)cc1OC,54.5,train
*CC(*)(C)C(=O)OCCCCCCCCCCOc1ccc(/N=N/c2ccc(OC)cc2)cc1,62.0,train
*C1C(=O)N(CCCCCOc2ccc(-c3ccc(C#N)cc3)cc2)C(=O)C1*,75.0,train
*CC(*)c1ccc(COC)cc1,77.0,train
*C(=O)c1ccc2c(c1)C(=O)N(c1ccc(OCCOCCOCCOc3ccc(N4C(=O)c5ccc(*)cc5C4=O)cc3)cc1)C2=O,200.0,train
*CCCCCCCNC(=S)N*,52.0,train
*CCCC1(CCCNC(=O)CCCCC(=O)N*)c2ccccc2-c2ccccc21,120.0,train
*OC(COC(=O)c1ccccc1-c1ccccc1C(*)=O)COc1ccc(/N=N/c2ccc(C#N)cc2)cc1,120.0,train
*Nc1ccc(-c2c(-c3ccc(-c4ccccc4)cc3)cc(-c3ccc(-c4cc(-c5ccc(-c6ccccc6)cc5)c(-c5ccc(NC(=O)c6ccc(C(*)=O)cc6)cc5)c(-c5ccc(-c6ccccc6)cc5)c4)cc3)cc2-c2ccc(-c3ccccc3)cc2)cc1,305.0,train
*c1ccc(Oc2ccc(-c3cc(-c4ccccc4)c4cc5nc(*)cc(-c6ccccc6)c5cc4n3)cc2)cc1,365.0,train
*c1ccc(-c2cnc3cc4ncc(*)nc4cc3n2)cc1,392.0,train
*CC(*)C(=O)OC1CC2CCC1(C)C2(C)C,100.0,train
*Nc1cc(NC(=O)Nc2ccc(NC(*)=O)cc2)cc(C(=O)Nc2cccc3c2C(=O)c2ccccc2C3=O)c1,190.0,train
*Oc1cc(OC(=O)c2ccc(OCCCC)cc2)c(OC(=O)C(C)CCC(*)=O)cc1OC(=O)c1ccc(OCCCC)cc1,55.0,train
*CCCCCCN1C(=O)c2ccc(C(=O)Nc3ccc(S(=O)(=O)c4cccc(NC(=O)c5ccc6c(c5)C(=O)N(*)C6=O)c4)cc3)cc2C1=O,190.0,train
*CC(*)(C)C(=O)OCc1cc(Cl)cc(Cl)c1,29.95,train
*CC1CC(*)OCO1,68.0,train
*c1ccc(-c2nnc(-c3cccc(-c4nnc(*)o4)c3)o2)cc1,278.0,train
*Oc1ccc(OC(=O)c2ccc(-c3ccc(C(*)=O)cc3)cc2-c2ccccc2)c2ccccc12,165.0,train
*C(=O)OCCOC(=O)c1cccc(N2C(=O)c3ccc(*)cc3C2=O)c1,220.0,train
*/C(C)=C(/*)c1ccc([Si](C)(C)C)cc1,-5.0,train
*c1ccc(OC(=O)c2ccc(C(=O)Oc3ccc(C4(*)NC(=O)c5ccccc54)cc3)cc2)cc1,327.0,train
*CC(O)COc1cccc(O*)c1,65.0,train
*Oc1c(F)c(F)c(-c2c(F)c(F)c(Oc3ccc(Cc4ccc(*)c(C=O)c4)cc3C=O)c(F)c2F)c(F)c1F,198.0,train
*c1ccc(CCc2ccc(N3C(=O)C(=O)N(*)C3=O)cc2)cc1,196.0,train
*CC(*)(C)C(=O)OCCOCC[N+](CC)(CC)CCCCS(=O)(=O)O,95.0,train
*C1C(=O)OC(=O)C1C1C2CC(C(=O)OCCOCC)C(C2)C1*,155.0,train
*c1ccc(Oc2cccc(Oc3ccc(N4C(=O)c5cccc(Oc6cccc(Oc7cccc8c7C(=O)N(*)C8=O)c6)c5C4=O)cc3)c2)cc1,193.0,train
*O[Si](Oc1ccc(C2(c3ccc(*)c(C)c3)c3ccccc3-c3ccccc32)cc1C)(c1ccccc1)c1ccccc1,171.0,train
*Oc1cccc2ccc(Oc3ccc(NC(=O)c4ccc(C(c5ccc(C(=O)Nc6ccc(*)cc6)cc5)(C(F)(F)F)C(F)(F)F)cc4)cc3)cc12,252.0,train
*Nc1cc(NC(=O)NC2CCC(CC3CCC(NC(*)=O)CC3)CC2)cc(C(=O)Nc2cccc3c2C(=O)c2ccccc2C3=O)c1,156.0,train
*O[Si](C)(C)O[Si](C)(C)O[Si](C)(C)O[Si](C)(C)c1ccc([Si](*)(C)C)cc1,-72.0,train
*Oc1ccc(NC(=O)c2cc(NC(=O)CCCCCCCCCCN3C(=O)c4ccccc4C3=O)cc(C(=O)Nc3ccc(*)cc3)c2)cc1,160.0,train
*CC(*)c1ccccc1C(=O)OCCCCCC,45.0,train
*Nc1cc([N+](=O)[O-])c(NC(=O)CCCCCCCCCCC(*)=O)cc1/C=C/c1ccc(N(C)C)cc1,144.0,train
*CCOP(=O)(/N=N/c1ccc(C(=O)c2ccc(/N=N/P(=O)(O*)OCC)cc2)cc1)OCC,33.0,train
*Oc1ccc(C(C)(C)c2ccc(OC(=O)c3cccc(C(F)(F)C(F)(F)C(F)(F)c4cccc(C(*)=O)c4)c3)cc2)cc1,122.0,train
*c1ccc2c(c1)C(=O)N(c1ccc(Oc3ccc(N4C(=O)c5ccc(C(F)(F)C(F)(F)C(F)(F)C(F)(F)C(F)(F)C(F)(F)C(*)(F)F)cc5C4=O)cc3)cc1)C2=O,178.0,train
*CC(*)(C)C(=O)Oc1ccc(C(=O)Oc2ccc(C(=O)c3ccccc3)cc2)cc1,72.0,train
*Oc1ccc2ccc(Oc3ccc(/C(=N/c4ccc(/N=C(\c5ccccc5)c5ccc(*)cc5)cc4)c4ccccc4)cc3)cc2c1,171.0,train
*Oc1ccc(S(=O)(=O)c2ccc(Oc3ccc(/C=C4\CCCC/C(=C\c5ccc(Oc6ccc(S(=O)(=O)c7ccc(Oc8ccc(C(C)(C)c9ccc(*)cc9)cc8)cc7)cc6)cc5)C4=O)cc3)cc2)cc1,188.0,train
*Nc1cc(NC(=O)CCCCC(*)=O)cc(-c2nnc(-c3ccccn3)o2)c1,159.0,train
*CCCCCC(*)CC,-73.0,train
*CCCN(C)c1ccc(C(=O)c2ccc(N(*)C)cc2)cc1,101.0,train
*c1ccc(Oc2ccc(C(=O)c3ccc(C(=O)c4ccc(Oc5ccc(N6C(=O)c7ccc(-c8ccc9c(c8)C(=O)N(*)C9=O)cc7C6=O)cc5)cc4)cc3)cc2)cc1,245.0,train
*CCCOC(=O)CCC(=O)O*,-34.7,train
*C1CCC(CC2CCC(N3C(=O)c4ccc(-c5ccc6c(c5)C(=O)N(*)C6=O)cc4C3=O)CC2)CC1,242.0,train
*CCOC(=O)Nc1ccc(Cc2ccc(NC(=O)OCCOc3ccc(C4(c5ccc(O*)cc5)c5ccccc5-c5ccccc54)cc3)cc2)cc1,152.0,train
*/C=C/c1ccc(/C=C/[Si](C)(CCC(F)(F)F)c2ccc([Si](*)(C)CCC(F)(F)F)cc2)cc1,52.8,train
*Nc1ccc(Cc2ccc(NC(=O)NCCCCCCCCNC(*)=O)cc2)cc1,50.0,train
*CCCCCCS(=O)(=O)c1ccc(/N=N/c2ccc(N(C)CCCCCC(=O)O*)cc2)cc1,60.5,train
*OC(=O)c1ccc(C(F)(F)C(F)(F)C(F)(F)c2ccc(C(*)=O)cc2)cc1,98.0,train
*OC(=O)C(CC(C)C)NC(=O)CCCCCCCCC(=O)NC(CC(C)C)C(=O)OC1COC2C(*)COC12,89.0,train
*c1ccc2c(c1)C(=O)N(c1ccc(Oc3ccc(Oc4ccc(N5C(=O)c6ccc(C(*)(C(F)(F)F)C(F)(F)F)cc6C5=O)cc4)cc3)c(C(F)(F)F)c1)C2=O,260.8,train
*C(=O)OCC(C)(C)CS(=O)(=O)CC(C)(C)COC(=O)N1CC(C)N(*)CC1C,85.0,train
*Oc1cccc(Oc2ccc(NC(=O)c3ccc(Oc4cccc(Oc5ccc(C(=O)Nc6ccc(*)cc6)cc5)c4)cc3)cc2)c1,176.5,train
*CC(COC(=O)CCCCCCCCCCN1C(=O)C2C3C=CC(C3)C2C1=O)O*,-31.0,train
*c1ccc(Oc2ccc(-c3c(-c4ccccc4)c4c(c(-c5ccccc5)c3-c3ccccc3)C(=O)N(c3ccc(N5C(=O)c6c(c(-c7ccccc7)c(-c7ccccc7)c(*)c6-c6ccccc6)C5=O)cc3)C4=O)cc2)cc1,371.0,train
*OP(=O)(Oc1cccc2c(*)cccc12)OC1CCCCC1,134.0,train
*c1ccc(-c2nc3cc(Oc4ccc5nc(*)c(-c6ccccc6)nc5c4)ccc3nc2-c2ccccc2)cc1,326.0,train
*CCCCCCCCCCCC(=O)Oc1ccc(C2(c3ccc(OC(=O)c4ccc5c(c4)C(=O)N(*)C5=O)cc3)OC(=O)c3ccccc32)cc1,114.0,train
*Oc1ccc(CC(NC(=O)Cc2ccc(OC(=O)COCCOCC(*)=O)cc2)C(=O)OCCCCCC)cc1,31.0,train
*C(=O)Nc1ccc(Oc2ccc(Oc3ccc(NC(=O)c4ccc5c(c4)C(=O)N(c4ccc(Oc6cccc7c(Oc8ccc(N9C(=O)c%10ccc(*)cc%10C9=O)cc8)cccc67)cc4)C5=O)cc3)cc2)cc1,285.0,train
*CC(*)OC(=O)C(Cl)(Cl)Cl,59.0,train
*CC/C=C(/*)C(C)(C)C,25.0,train
*Oc1ccc(C2(c3ccc(Oc4ccc(C(=O)c5cccc(-c6cccc(C(=O)c7ccc(*)cc7)c6)c5)cc4)cc3)c3ccccc3-c3ccccc32)cc1,212.0,train
*NC1CCC(CC2CCC(NC(=O)CCCCC(*)=O)CC2)CC1,185.0,train
*/C=C/c1c(OC(=O)c2ccc(C(=O)Oc3ccc4ccccc4c3/C=C/c3cccc(*)n3)cc2)ccc2ccccc12,145.0,train
*CC(*)C(=O)Oc1c(Cl)c(Cl)c(Cl)c(Cl)c1Cl,145.0,train
*CC1CCC(COC(C)OC(=O)c2cccc(C(=O)OC(C)O*)c2)CC1,30.0,train
*C(=O)c1ccc2c(c1)C(=O)N(c1ccc(-c3ccc(N4C(=O)c5ccc(*)cc5C4=O)c(C)c3)cc1C)C2=O,365.0,train
*ON(C(F)(F)C(*)(F)F)C(F)(F)C(F)(F)Br,-17.0,train
*C(=O)Oc1c(C)cc(C(c2cc(C)c(OC(=O)c3ccc4c(c3)C(=O)N(c3c(C)cc(-c5cc(C)c(N6C(=O)c7ccc(*)cc7C6=O)c(C)c5)cc3C)C4=O)c(C)c2)(C(F)(F)F)C(F)(F)F)cc1C,327.0,train
*CC(*)(C)C(=O)OCCCOc1ccc2cc(C(=O)Oc3ccccc3)ccc2c1,84.0,train
*Oc1ccc(Oc2ccc(C(=O)c3ccc(*)cc3)cc2)cc1-c1cc(C)cc(C)c1,162.0,train
*c1cccc(CCCOc2cccc(N3C(=O)c4cccc(-c5ccc6c(c5)C(=O)N(*)C6=O)c4C3=O)c2)c1,178.0,train
*Oc1ccc(OC(C)COCCCCCCCOc2ccc(-c3ccc(C(*)=O)cc3)cc2)c([N+](=O)[O-])c1,50.0,train
*Oc1ccc(OC(=O)/C=C/c2ccc(/C=C/C(*)=O)cc2)cc1,210.0,train
*CC(*)c1ccccn1,105.0,train
*c1ccc(-c2ccc(-c3ccc(-c4cc(-c5ccccc5)c5cc(Oc6ccc7nc(*)cc(-c8ccccc8)c7c6)ccc5n4)cc3)cc2)cc1,300.0,train
*CC(=O)Nc1ccc(Oc2cccc(Oc3ccc(NC(=O)c4ccc5c(c4)C(=O)N(*)C5=O)cc3)c2)cc1,220.0,train
*N=P(*)(OCCOc1ccc(-c2ccc(I)cc2)cc1)OCCOc1ccc(-c2ccc(I)cc2)cc1,111.4,train
*CC(C)(C)C1C(=O)N(CCCC)C(=O)C1*,80.0,train
*Oc1ccc(C2(c3ccc(OC(=O)c4ccc(C(*)=O)cc4)cc3)c3ccccc3Cc3ccccc32)cc1,342.0,train
*CCCCCOC(=O)c1ccc(C(=O)O*)cc1,16.0,train
*Oc1ccc(S(=O)(=O)c2ccc(Oc3ccc(C(C)(C)c4ccc(*)c(Cl)c4)cc3Cl)cc2)cc1,205.0,train
*Nc1ccc(*)cc1OCCCCCCCCCCCC,87.0,train
*Oc1c(F)c(F)c(COC(c2cccc(C(OCc3c(F)c(F)c(Oc4ccc(Cc5ccc(*)cc5)cc4)c(F)c3F)(C(F)(F)F)C(F)(F)F)c2)(C(F)(F)F)C(F)(F)F)c(F)c1F,94.0,train
*CC(*)(C)c1ccc(C(O)C(F)(F)F)cc1,199.0,train
*c1ccc(C(F)(F)C(*)(F)F)cc1,76.95,train
*Nc1ccc(C(c2ccc(NC(=O)c3ccc(C(*)=O)cc3)cc2)(C(F)(F)F)C(F)(F)F)cc1,290.0,train
*C(=O)c1ccc2c(c1)/C(=N\c1cccc(Oc3cccc(Oc4cccc(/N=C5/OC(=O)c6ccc(*)cc65)c4)c3)c1)OC2=O,190.0,train
*CC(*)(C)C(=O)Oc1ccc(C(=O)Oc2ccc(Oc3ccccc3)cc2)cc1,74.0,train
*CC(COC(=O)O*)OCCCCCCOc1ccc(/C=C/c2ccc([N+](=O)[O-])cc2)cc1,32.0,train
*c1cccc(P(=O)(c2ccc(Oc3ccc(C45CC6CC(CC(C6)C4)C5)cc3)cc2)c2cccc(N3C(=O)c4ccc(Oc5ccc6c(c5)C(=O)N(*)C6=O)cc4C3=O)c2)c1,290.0,train
*c1ccc(Oc2cc3ccccc3cc2Oc2ccc(N3C(=O)c4ccc(S(=O)(=O)c5ccc6c(c5)C(=O)N(*)C6=O)cc4C3=O)cc2)cc1,275.0,train
*CCCN(*)C(C)=O,30.0,train
*c1ccc(Oc2ccc(-c3ccc(Oc4ccc(N5C(=O)c6ccc(Oc7cccc(Oc8ccc9c(c8)C(=O)N(*)C9=O)c7)cc6C5=O)cc4)cc3)cc2)cc1,200.0,train
*C(=O)Nc1cccc(NC(=O)c2ccc3[nH]c(-c4cccc(-c5nc6cc(*)ccc6[nH]5)c4)nc3c2)c1,297.5,train
*CCCCCCCCCCOc1ccc(/N=C/c2ccc(/C=N/c3ccc(O*)cc3C)cc2)c(C)c1,77.6,train
*CC(*)(CC(=O)OCc1ccccc1)C(=O)OCc1ccccc1,55.0,train
*CC(*)c1ccc(OCCOCCOC(C)=O)cc1,-3.0,train
*C(=O)Nc1ccc(NC(=O)c2ccc3[nH]c(-c4cc(-c5nc6cc(*)ccc6[nH]5)cc(N5C(=O)c6ccccc6C5=O)c4)nc3c2)cc1,295.0,train
*c1ccc(Oc2ccc(C(=O)c3cccc(C(=O)c4ccc(Oc5ccc(-c6c7c(c(*)c8ccccc68)C(=O)N(c6ccc(F)cc6)C7=O)cc5)cc4)c3)cc2)cc1,243.0,train
*CCCCCCOC(=O)OCCCCCCCCCCCCOC(=O)OCCCCCCn1c(=O)c2cc3c(=O)n(*)c(=O)c3cc2c1=O,-9.0,train
*/C=C/CCC*,-99.6,train
*OC(=O)CCCCCCCCC(*)=O,60.0,train
*c1ccc2c(c1)C(=O)N(c1ccc(-c3ccc(N4C(=O)c5ccc(C(*)(C(F)(F)F)C(F)(F)F)cc5C4=O)c(OCCCCCCOc4ccc(/C=C/c5ccc(F)cc5)cc4)c3)cc1OCCCCCCOc1ccc(/C=C/c3ccc(F)cc3)cc1)C2=O,140.0,train
*C(=O)Nc1ccc(-c2ccc(NC(=O)c3ccc4c(c3)C(=O)N(c3c(C)cc(C)c(N5C(=O)c6ccc(*)cc6C5=O)c3C)C4=O)cc2C(F)(F)F)c(C(F)(F)F)c1,267.0,train
*C1C(*)C2CC1C(C(=O)OCC13CC4CC(CC(C4)C1)C3)C2C(=O)OCC12CC3CC(CC(C3)C1)C2,328.0,train
*OC(COC(=O)c1cc(C(*)=O)cc(C(C)(C)C)c1)COc1ccc(/N=N/c2ccc(C#N)cc2)cc1,137.0,train
*C(=O)Nc1ccc(Oc2ccccc2-c2ccccc2Oc2ccc(NC(=O)c3ccc4c(c3)C(=O)N(c3ccc(N5C(=O)c6ccc(*)cc6C5=O)cc3)C4=O)cc2)cc1,268.0,train
*Oc1ccc(C(C)(C)c2ccc(OC(=O)c3ccc(OCCCCCCCCCCOc4ccc(C(*)=O)cc4)cc3)cc2)cc1,77.0,train
*CC(=O)NCCCCCCNC(=O)Cc1ccc(O*)cc1,69.5,train
*C(=O)Nc1ccc(NC(=O)c2ccc(NC(=O)c3ccc(-c4nc5cc(*)ccc5[nH]4)cc3)cc2)cc1,295.0,train
*CC(*)(C)C(=O)OCCc1ccc(/N=N/c2ccc(OC(F)(F)F)cc2)cc1,209.5,train
*Cc1ccc(CSSS*)cc1,8.0,train
*ON(C(F)(F)F)C(F)(Br)C(*)(F)F,3.0,train
*C(=O)c1ccc2c(c1)C(=O)N(c1cccc(C(=O)c3ccc(Oc4ccc(N5C(=O)c6ccc(*)cc6C5=O)cc4)cc3)c1)C2=O,251.0,train
*CNC(=O)OCCOC(=O)NCc1ccc(C(C)(C)c2ccc(*)o2)o1,50.0,train
*Oc1cccc2ccc(Oc3ccc(NC(=O)c4ccc(Oc5ccccc5Oc5ccc(C(=O)Nc6ccc(*)cc6)cc5)cc4)cc3)cc12,180.0,train
*CC(*)c1ccc(COCCO)cc1,46.0,train
*C/C=C/C[Si](*)(c1ccccc1)c1ccccc1,34.9,train
*Oc1ccc(C2(c3ccc(OC(=O)CCCC(*)=O)cc3)c3ccccc3-c3ccccc32)cc1,207.0,train
*CC(*)C(=O)Oc1ccc(C(=O)Oc2ccc(OC(=O)c3ccc(OCCCC)cc3)cc2)cc1,47.0,train
*CC(*)(CC(=O)OC(C)C)C(=O)OC12CC3CC(C)(CC(C)(C3)C1)C2,158.0,train
*c1cccc(P(=O)(c2cccc(-n3c(=O)c4c(-c5ccc(C(F)(F)F)cc5)c5c(=O)n(*)c(=O)c5c(-c5ccc(C(F)(F)F)cc5)c4c3=O)c2)c2cc(C(F)(F)F)cc(C(F)(F)F)c2)c1,310.0,train
*CC(=O)NCCCCCCNC(=O)COC(=O)CCC(=O)O*,30.0,train
*Cc1ccc2oc(=O)c(C(=O)Nc3ccc(Oc4ccc(C(c5ccc(Oc6ccc(NC(=O)c7cc8cc(*)ccc8oc7=O)cc6)cc5)(C(F)(F)F)C(F)(F)F)cc4)cc3)cc2c1,283.0,train
*C(=O)Nc1ccc(Oc2ccc(-c3ccc(Oc4ccc(NC(=O)c5ccc6c(c5)C(=O)N(c5ccc(Oc7cccc8c(Oc9ccc(N%10C(=O)c%11ccc(*)cc%11C%10=O)cc9)cccc78)cc5)C6=O)cc4)cc3)cc2)cc1,310.0,train
*c1cccc(P(=O)(c2ccc(C(F)(F)F)cc2)c2cccc(-n3c(=O)c4cc5c(=O)n(*)c(=O)c5c(-c5ccc(C(F)(F)F)cc5)c4c3=O)c2)c1,303.0,train
*Oc1ccc(Oc2ccc(S(=O)(=O)c3ccc(*)cc3)cc2)cc1,210.0,train
*O[Si](*)(C)CCCCCCCCCCC(=O)Oc1ccc(C(=O)OCCOc2ccc(C(=O)OC3CCC4(C)C(=CCC5C4CCC4(C)C(C(C)CCCC(C)C)CCC54)C3)cc2)cc1,25.0,train
*c1ccc(Oc2ccc(C(c3ccc(Oc4ccc(-n5c(=O)c6ccc7c(=O)n(*)c(=O)c8ccc(c5=O)c6c78)cc4)cc3)(C(F)(F)F)C(F)(F)F)cc2)cc1,280.0,train
*C(=O)c1ccc2c(c1)C(=O)N(c1cccc(C(c3ccccc3)(c3cccc(N4C(=O)c5ccc(*)cc5C4=O)c3)C(F)(F)F)c1)C2=O,311.0,train
*Oc1ccc(S(=O)(=O)c2ccc(Oc3ccc(-c4ccc(Oc5ccc(C(=O)c6ccc(*)cc6)cc5)cc4)cc3)cc2)cc1,206.0,train
*c1ccc(N2C(=O)c3ccc(C(=O)c4ccc5c(c4)C(=O)N(c4ccc(-c6nc7cc(S(=O)(=O)c8ccc9nc(-c%10ccccc%10)c(*)nc9c8)ccc7nc6-c6ccccc6)cc4)C5=O)cc3C2=O)cc1,240.0,train
*CCOC(=O)CCC(=O)O*,-11.1,train
*Nc1ccccc1CCc1ccccc1NC(=O)Nc1ccc(CCc2ccc(NC(*)=O)cc2)cc1,235.0,train
*c1ccc(Oc2ccc(-c3ccc(Oc4ccc(-c5nc(*)nc(-c6ccccc6)n5)cc4)cc3)cc2)cc1,241.0,train
*C(=O)N1C(=S)N(C(=O)c2ccc3c(c2)C(=O)N(c2ccc(Oc4ccc(N5C(=O)c6ccc(*)cc6C5=O)cc4)cc2)C3=O)C(C)=C(C(=O)OCC)C1c1ccc(OC)cc1OC,165.0,train
*CCCCCCOC(=O)c1ccc(-c2ccc(-c3ccc(C(=O)O*)cc3)cc2)cc1,60.0,train
*CCC[Si](*)(c1cccc2ccccc12)C1CCCCC1,47.5,train
*/C(=C/c1cc(OC)c(/C=C(\c2ccccc2)c2ccc3cc(*)ccc3c2)cc1OC)c1ccccc1,198.0,train
*c1ccc2c(c1)C(=O)N(c1cccc(C(F)(F)C(F)(F)C(F)(F)c3cccc(N4C(=O)c5ccc(C(F)(F)C(F)(F)C(*)(F)F)cc5C4=O)c3)c1)C2=O,157.0,train
*c1ccc(Oc2cc(C(C)(C)C)ccc2Oc2ccc(-n3c(=O)c4cc5c(=O)n(*)c(=O)c5cc4c3=O)cc2)cc1,321.0,train
*/C=C(/*)c1c(F)c(F)c(CCCC)c(F)c1F,110.0,train
*C(=O)Nc1ccc(Oc2ccc(C(C)(C)c3ccc(Oc4ccc(NC(=O)c5ccc6c(c5)C(=O)N(c5ccc(-c7sc(-c8ccc(N9C(=O)c%10ccc(*)cc%10C9=O)cc8)c(-c8ccccc8)c7-c7ccccc7)cc5)C6=O)cc4)cc3)cc2)cc1,287.0,train
*CC(*)C(=O)Oc1ccc(C(=O)c2ccc(Cl)cc2)cc1,78.0,train
*CCCCCCCCCCOc1ccc(/C=C2\CCC/C(=C\c3ccc(O*)c(OC)c3)C2=O)cc1OC,60.0,train
*Oc1ccc(OC(=O)c2ccc(C(*)=O)cc2)cc1-c1cccc(C(F)(F)F)c1,155.8,train
*CC(*)(C)C(=O)OCc1ccsc1,83.5,train
*Oc1ccc(C(=O)NNC(=O)c2ccc(C(=O)NNC(=O)c3ccc(OC(=O)c4cccc(C(*)=O)c4)cc3)cc2Oc2ccccc2)cc1,160.0,train
*/C(C#N)=C/c1cc(OCCCCCCCC)c(/C=C(\C#N)c2cc(OCCCCCCCC)c(*)cc2OC)cc1OC,174.0,train
*CC(*)c1ccc(B(O[Si](C)(C)C)O[Si](C)(C)C)cc1,84.0,train
*c1ccc(Oc2ccc(C3(c4ccc(Oc5ccc(-c6nc(-c7ccccn7)nnc6*)cc5)cc4)c4ccccc4-c4ccccc43)cc2)cc1,277.0,train
*CCOCCOCCOCCOCCOCCOCCOCCOCCOCCOC(=O)c1ccc(-c2ccc(-c3ccc(C(=O)O*)cc3)cc2)cc1,40.0,train
*O[Si](C)(C)c1cc(OCCO)c([Si](*)(C)C)cc1OCCO,73.0,train
*Oc1ccc(OC(=O)c2ccc(C(*)=O)cc2)cc1,267.0,train
*CC(*)c1ccccc1O,172.0,train
*c1ccc2c(c1)C(=O)N(c1ccc(OCCOCCOCCOc3ccc(N4C(=O)c5ccc(C(*)(C(F)(F)F)C(F)(F)F)cc5C4=O)cc3)cc1)C2=O,166.0,train
*c1cc(N2C(=O)c3ccc(-c4ccc5c(c4)C(=O)N(*)C5=O)cc3C2=O)c(O)cc1O,343.0,train
*C(=O)c1ccc2c(c1)C(=O)N(c1ccc(Oc3ccc(S(=O)(=O)c4ccc(C)cc4)cc3)c(N3C(=O)c4ccc(*)cc4C3=O)c1)C2=O,293.0,train
*=Nc1cccc(/N=C(/C=C/C(=*)c2ccccc2)c2ccccc2)c1,178.0,train
*/C=C/c1ccc(*)c(-c2cc(OCCC(C)C)c(OCCC(C)C)cc2-c2ccccc2)c1,164.0,train
*c1ccc(Oc2ccc(N3C(=O)c4ccc(Oc5ccc(C(=O)c6ccc(Oc7ccc8c(c7)C(=O)N(*)C8=O)cc6)cc5)cc4C3=O)cc2)cc1,210.0,train
*Oc1ccc(C(=O)c2cccc(C(=O)c3ccc(*)c(C(C)C)c3)c2)cc1CC,136.0,train
*Sc1ccc(C(=O)c2ccc(C(C)(C)c3ccc(C(=O)c4ccc(*)cc4)cc3)cc2)cc1,175.0,train
*C(=O)Nc1ccc(Cc2ccc(NC(=O)c3ccc4c(c3)C(=O)N(c3ccc(/N=N/c5ccc(C)cc5)c(N5C(=O)c6ccc(*)cc6C5=O)c3)C4=O)cc2)cc1,268.0,train
*OC(C)COCC(C)OC(=O)c1ccccc1C(*)=O,25.0,train
*c1cc(Br)c(-c2c(Br)cc(N3C(=O)c4ccc(-c5ccc6c(c5)C(=O)N(*)C6=O)cc4C3=O)cc2C(=O)OCCCCCCCCCCCCCC)c(C(=O)OCCCCCCCCCCCCCC)c1,98.0,train
*Oc1cccc(NC(=O)c2cc(C(=O)Nc3ccc(*)cc3)cc(C(F)(F)C(F)(F)C(F)(F)C(F)(F)F)c2)c1,230.0,train
*CC(*)OC(=O)C1(C)CCCCC1,86.0,train
*CC(C)S*,-43.0,train
*Oc1ccc(CC(NC(=O)CCc2ccc(OC(=O)CCCCCCCCC(*)=O)cc2)C(=O)OCc2ccccc2)cc1,42.0,train
*c1ccc(Oc2ccc(C(C)(C)c3ccc(Oc4ccc(N5C(=O)C6CCC(C7CCC8C(=O)N(*)C(=O)C8C7)CC6C5=O)cc4)cc3)cc2)cc1,225.0,train
*C(=O)c1ccc2c(c1)C(=O)N(c1cccc(NC(=O)c3cccc(C(=O)Nc4cccc(N5C(=O)c6ccc(*)cc6C5=O)c4)c3)c1)C2=O,204.0,train
*c1ccc(C(C)(C)c2ccc(C(C)(C)c3ccc(N4C(=O)c5ccc(Oc6cccc7c(Oc8ccc9c(c8)C(=O)N(*)C9=O)cccc67)cc5C4=O)cc3)cc2)cc1,253.0,train
*c1cc(C(=O)O)cc(N2C(=O)CC(C3CC4C(=O)N(*)C(=O)C4c4ccccc43)C2=O)c1,360.0,train
*c1ccc(NC2CC(=O)N(c3ccc(-c4sc(-c5ccc(N6C(=O)CC(Nc7ccc(-c8nc(C#N)c(C#N)nc8*)cc7)C6=O)cc5)c(-c5ccccc5)c4-c4ccccc4)cc3)C2=O)cc1,231.0,train
*CCC(*)(C)C,-12.0,train
*Oc1ccc(C(C)(C)c2ccc(OC(=O)C3CCC(C(*)=O)CC3)cc2)cc1,150.0,train
*CC(=O)Nc1ccc(NC(=O)c2ccc3c(c2)C(=O)N(*)C3=O)cc1,292.0,train
*OP(=O)(Oc1ccc(Cl)cc1)Oc1c(Cl)c(Cl)c(*)c(Cl)c1Cl,119.0,train
*CC(*)(C)C(=O)NC(C)c1ccccc1,156.5,train
*CCN(CCCCCCOc1ccc(/N=N/c2ccccc2)cc1)CCOC(=O)Nc1ccc(Cc2ccc(NC(=O)O*)cc2)cc1,44.0,train
*Cc1ccc2nc(-c3cc(-c4nc5ccc(*)cc5c(=O)o4)cc(N4C(=O)c5ccccc5C4=O)c3)oc(=O)c2c1,322.0,train
*Oc1ccc(S(=O)(=O)c2ccc(Oc3ccc(C(C)(C)c4ccc(OCCCCOc5ccc(C(C)(C)c6ccc(*)cc6)cc5)cc4)cc3)cc2)cc1,140.0,train
*O[Si](C)(C)c1cccc2c([Si](*)(C)C)cccc12,62.0,train
*Oc1ccc(C(C)(c2ccccc2)c2ccc(OC(=O)OC3C(C)(C)C(OC(*)=O)C3(C)C)cc2)cc1,149.0,train
*c1ccc(Oc2cccc(NC(=O)c3ccc(C(=O)Nc4cccc(Oc5ccc(-c6nnc(*)o6)cc5)c4)c(Oc4ccccc4)c3)c2)cc1,234.0,train
*c1cccc(N2C(=O)C(=O)N(CCCCCCN3C(=O)C(=O)N(*)C3=O)C2=O)n1,169.5,train
*Nc1ccc(C(C)(C)c2cccc(C(C)(C)c3ccc(Nc4ccc(C(=O)c5ccc(C(=O)c6ccc(*)cc6)cc5)cc4)cc3)c2)cc1,177.0,train
*CCCCOc1ccc(C(=O)OC(=O)c2ccc(O*)cc2)cc1,45.0,train
*Oc1ccc(CC(NC(=O)CCc2ccc(OC(=O)COCC(*)=O)cc2)C(=O)OCC(C)C)cc1,72.0,train
*Oc1ccc(S(=O)(=O)c2ccc(Oc3c(C)cc(C(C)(C)c4cc(C)c(*)c(C)c4Br)c(Br)c3C)cc2)cc1,275.4,train
*c1cc(CCCCCCCC)c(*)s1,-9.2,train
*O[Si](C)(C)c1ccc([Si](C)(C)O[SiH](*)CCC(F)(F)F)cc1,-37.0,train
*O[Si](*)(C)CCCOc1ccc(C(=O)Oc2ccc(-c3ccc(OC(=O)c4cc(OCC)c(OCC)c(OCC)c4)cc3)cc2)cc1,61.3,train
*Oc1c(F)c(F)c(S(=O)(=O)c2c(F)c(F)c(Oc3ccc(C(c4ccc(*)cc4)(C(F)(F)F)C(F)(F)F)cc3)c(F)c2F)c(F)c1F,182.0,train
*CCCCCCCCCCOc1ccc(/C=C/c2ccc(OCCCCCCCCCCOP(=O)(O*)OCCCCCCCCCCOc3ccc(/N=N/c4ccccc4)cc3)cc2)cc1,55.0,train
*c1ccc(Oc2ccc(-c3cc(-c4cccc(-c5cc(*)c6ccccc6n5)c4)nc4ccccc34)cc2)cc1,268.0,train
*CC(=O)Nc1ccc(Oc2ccc(NC(=O)c3ccc4c(c3)C(=O)N(*)C4=O)cc2)cc1,262.0,train
*CCCCCCCCOc1cccc(NC(=O)c2ccc(C(=O)Nc3cccc(O*)c3)cc2)c1,122.0,train
*Oc1ccc(C(C)(C)c2ccc(OC(=O)Nc3cccc(P(=O)(c4ccccc4)c4cccc(NC(*)=O)c4)c3)cc2)cc1,62.0,train
*CCC(Cl)C(*)Cl,70.0,train
*c1cccc(NC(=O)CCCCC(=O)Nc2cccc(S(*)(=O)=O)c2)c1,140.0,train
*c1ccc2c(c1)Sc1cc(-c3sc(/C=C/C4=CC(=C(C#N)C#N)C=C(/C=C/c5sc(*)c(CCCCCC)c5CCCCCC)O4)c(CCCCCC)c3CCCCCC)ccc1N2CCCCCC,130.0,train
*Oc1ccc(/N=C(\C)c2ccc(Oc3ccc(C(C)(C)c4ccc(Oc5ccc(/C(C)=N/c6ccc(*)cc6)cc5)cc4)cc3)cc2)cc1,141.0,train
*c1ccc(Cc2ccc(N3C(=O)c4ccc([Si](C)(C)c5ccc6c(c5)C(=O)N(*)C6=O)cc4C3=O)cc2)cc1,280.0,train
*C(=O)c1ccc2c(c1)C(=O)N(c1ccc(Oc3ccc(N4C(=O)c5ccc(*)cc5C4=O)cc3)cc1)C2=O,275.5,train
*CCCCCCCCNC(=O)c1ccc(C(=O)N*)c(Sc2ccccc2)c1,110.0,train
*CCCCCCNC(=O)C(CC)CC(CC)C(=O)N*,94.0,train
*CC(*)OC(=O)C(C)(C)CC(C)(C)C,55.0,train
*C(=O)c1ccc2c(c1)C(=O)N(c1cccc(Cc3ccc(Cc4cccc(N5C(=O)c6ccc(*)cc6C5=O)c4)cc3)c1)C2=O,240.0,train
*Oc1ccc(CC(NC(=O)CCc2ccc(OC(=O)CCCCCCCCC(*)=O)cc2)C(=O)OCC(C)C)cc1,33.0,train
*c1ccc2c(c1)C(=O)N(c1cc(OCCCCCCCC)cc(N3C(=O)c4ccc(C(*)(C(F)(F)F)C(F)(F)F)cc4C3=O)c1)C2=O,195.0,train
*c1ccc2c(c1)C(=O)N(c1ccc(Oc3ccc(C(=O)c4cccc(N5C(=O)c6ccc(C(*)(C(F)(F)F)C(F)(F)F)cc6C5=O)c4)cc3)c(C(F)(F)F)c1)C2=O,222.0,train
*CCCCCCCCCCN1C(=O)C2C3C=CC(C4C(=O)N(*)C(=O)C34)C2C1=O,219.0,train
*Oc1ccc(C2(c3ccc(OC(=O)CCCCCCCC(*)=O)cc3)c3ccccc3-c3ccccc32)cc1,150.0,train
*CC(O)COc1ccc(C(C)(C)c2ccc(OCC(O)COc3cccc(NC(=O)CCCCCCC(=O)Nc4cccc(O*)c4)c3)cc2)cc1,92.0,train
*c1ccc(-c2cc(CCCCCCCC)c(-c3ccc(-c4ccc(-c5sc(-c6ccc([Si](C)(C)[Si](C)(C)[Si](C)(C)[Si](C)(C)[Si](C)(C)[Si](C)(C)[Si](C)(C)[Si](*)(C)C)s6)cc5CCCCCCCC)s4)s3)s2)s1,13.0,train
*c1cccc(Oc2ccc(S(=O)(=O)c3ccc(Oc4cccc(-n5c(=O)c6cc7c(=O)n(*)c(=O)c7cc6c5=O)c4)cc3)cc2)c1,223.15,train
*CCC[Sn](C)(C)CCCOC(=O)C(CCCCCCCCOc1ccc(-c2ccc(OCc3ccc(C#N)cc3)cc2)cc1)C(=O)O*,22.0,train
*CCCCCCCCNC(=O)CCCCCCCCCCC(=O)N*,50.0,train
*C1CCC(N2C(=O)c3ccc(-c4ccc5c(c4)C(=O)N(*)C5=O)cc3C2=O)CC1,360.0,train
*C(=O)c1ccc2c(c1)C(=O)N(c1ccc(Cc3ccc(N4C(=O)c5ccc(*)cc5C4=O)c(C(C)(C)C)c3)cc1C(C)(C)C)C2=O,213.0,train
*Oc1ccc(Oc2ccc(S(=O)c3ccc(Oc4ccc(Oc5cccc(*)n5)cc4)cc3)cc2)cc1,138.0,train
*Oc1ccc(Oc2ccc(C(=O)c3ccc(*)cc3)cc2)cc1-c1ccc(Oc2ccccc2)cc1,146.0,train
*CC(*)c1cccc(N(c2ccc(C)cc2)c2ccc(C)cc2)c1,126.5,train
*c1ccc(-c2ccc(-c3ccc([Si](CCCC)(CCCC)[Si](*)(CCCC)CCCC)s3)s2)s1,-5.0,train
*OC(CCc1ccccc1)CC(*)=O,18.0,train
*COc1ccc(C(=C(Cl)Cl)c2ccc(O*)cc2)cc1,108.0,train
*CCCCCCCCNC(=O)CCCCCCCCCCCCCCC(=O)N*,52.0,train
*Oc1ccc(S(=O)(=O)c2ccc(Oc3ccc(C(c4ccc(*)c(Br)c4)(C(F)(F)F)C(F)(F)F)cc3Br)cc2)cc1,197.5,train
*CCCCCCCCCCCCCCCCOC(=O)NCCCCCCCCCCNC(=O)O*,34.0,train
*c1ccc(Cc2ccc(N3C(=O)c4ccc(Oc5ccc(C(C)(C)c6ccc(Oc7ccc8c(c7)C(=O)N(*)C8=O)cc6)cc5)cc4C3=O)cc2)cc1,217.0,train
*SCC(=O)N/N=C/c1ccc(OCCCCCCCCCCOc2ccc(/C=N/NC(=O)CSc3nnc(*)s3)cc2OC)c(OC)c1,156.0,train
*CC(CS(=O)(=O)CC)O*,57.0,train
*CC(*)c1ccc(C(O)C(F)(F)F)cc1,110.0,train
*Oc1ccc(Oc2ccc(S(=O)(=O)c3ccc(Oc4ccc(Oc5cccc(*)n5)cc4)cc3)cc2)cc1,158.0,train
*CC(F)(F)C(F)(F)C(F)(F)COC(=O)c1cccc(C(F)(F)C(F)(F)C(F)(F)c2cccc(C(=O)O*)c2)c1,24.0,train
*Oc1ccc(CC(NC(=O)Cc2ccc(OC(=O)CCC(*)=O)cc2)C(=O)OCCCCCC)cc1,59.0,train
*Oc1cccc(C(F)(F)C(F)(F)C(F)(F)c2cccc(OC(=O)c3cccc(C(F)(F)C(F)(F)C(F)(F)c4cccc(C(*)=O)c4)c3)c2)c1,74.0,train
*CC(*)c1cc(-c2ccc(C(=O)OC(C)CCCCCC)cc2)ccc1-c1ccc(C(=O)OC(C)CCCCCC)cc1,102.0,train
*CCN(*)C(=O)CCCC,13.0,train
*c1cccc(-c2nc3cc(-c4ccc5[nH]c(*)nc5c4)ccc3[nH]2)c1,410.0,train
*CC(*)c1ccc(COC(C)CC)cc1,40.0,train
*C(=O)Nc1c(C)cc(Cc2cc(C)c(NC(=O)c3ccc4c(c3)C(=O)N(c3ccc(/N=N/c5ccc([N+](=O)[O-])cc5)c(N5C(=O)c6ccc(*)cc6C5=O)c3)C4=O)c(C)c2)cc1C,280.0,train
*C(=O)c1ccc2c(c1)C(=O)N(c1cc(/C=N/C(=S)Nc3ccc(N4C(=O)c5ccc(*)cc5C4=O)cc3)ccc1Cl)C2=O,274.0,train
*C1C(*)C2CC1C(C(=O)OCCC1CC3CCC1C3)C2C(=O)OCCC1CC2CCC1C2,260.0,train
*CC(*)C(=O)OCCO,20.7,train
*c1ccc(Oc2ccc(C(=O)c3ccc(Oc4ccc(-c5c6c(c(*)c7ccccc57)C(=O)N(c5ccc(C(F)(F)F)cc5)C6=O)cc4)cc3)cc2)cc1,260.0,train
*C(=O)c1ccc2c(c1)C(=O)N(c1cc(OCCCCCCCCCCCCCCCC)cc(N3C(=O)c4ccc(*)cc4C3=O)c1)C2=O,179.0,train
*Oc1ccc(Oc2ccc(Oc3cccc(C(=O)Oc4ccc(-c5ccc(OC(=O)c6cccc(*)c6)cc5)cc4)c3)cc2)cc1,119.0,train
*CC(*)C(=O)OCCOCC1(CC)COC1,-16.0,train
*c1ccc2c(c1)C(=O)N(c1cc(C(c3ccc(OC(=O)C45CC6CC(CC(C6)C4)C5)c(N4C(=O)c5ccc(C(*)(C(F)(F)F)C(F)(F)F)cc5C4=O)c3)(C(F)(F)F)C(F)(F)F)ccc1OC(=O)C13CC4CC(CC(C4)C1)C3)C2=O,305.0,train
*Oc1ccc(C(c2ccc(OC(=O)c3ccccc3-c3ccccc3C(*)=O)cc2)(C(F)(F)F)C(F)(F)F)cc1,162.0,train
*c1ccc(C(c2ccccc2)c2ccc(N(*)c3ccc(C)cc3)cc2)cc1,199.0,train
*CC(*)C(=O)OCCOCC(F)(F)F,-38.0,train
*N=P(*)(OCC(COCCOC)OCCOC)OCC(COCCOC)OCCOC,-81.0,train
*CC(O)COC(=O)CCCCC(=O)OCC(O)COc1ccc(/C=C(\C)c2ccc(O*)cc2)cc1,33.0,train
*Oc1ccc(NC(=O)c2cccc(C(=O)Nc3ccc(OC4COC5C(*)COC45)cc3)c2)cc1,218.0,train
*CCCCCCCCCCOC(=O)c1ccc(C(=O)O*)cc1,10.5,train
*c1ccc(Oc2cccc(Oc3ccc(N4C(=O)c5ccc(-c6ccc7c(c6)C(=O)N(*)C7=O)cc5C4=O)cc3)c2)cc1,234.0,train
*CC(*)P(=O)(Oc1ccccc1)N(C)C,27.0,train
*CC(COC(=O)O*)OCCOc1ccc(/C=C/c2ccc([N+](=O)[O-])cc2)cc1,53.0,train
*c1ccc2c(c1)C(=O)N(c1ccc(Oc3ccc(N4C(=O)c5ccc(C(*)(C(F)(F)F)C(F)(F)F)cc5C4=O)cc3)c(OCCN(CC)c3ccc(/N=N/c4ccc([N+](=O)[O-])cc4)cc3)c1)C2=O,202.0,train
*O[Si](*)(C)CCCCCCCCCCC(=O)OCCC(F)(F)C(F)(F)C(F)(F)C(F)(F)C(F)(F)C(F)(F)C(F)(F)C(F)(F)F,-78.0,train
*CCCCCC(=O)Oc1ccc(OC(=O)CCCCCn2c(=O)c3cc4c(=O)n(*)c(=O)c4cc3c2=O)c(-c2ccccc2)c1,82.0,train
*c1ccc(Oc2ccc(NC(=O)CN3C(=O)c4ccc(C(c5ccc6c(c5)C(=O)N(CC(=O)Nc5ccc(Oc7ccc(-c8nnc(*)o8)cc7)cc5)C6=O)(C(F)(F)F)C(F)(F)F)cc4C3=O)cc2)cc1,263.0,train
*CCCCCCCCCCN1C(=O)c2ccc(Oc3ccc4c(c3)C(=O)N(*)C4=O)cc2C1=O,91.5,train
*C(=O)Nc1ccc(C(c2ccc(NC(=O)c3ccc4c(c3)C(=O)N(c3ccc(Oc5ccc6ccc(Oc7ccc(N8C(=O)c9ccc(*)cc9C8=O)cc7)cc6c5)cc3)C4=O)cc2)(C(F)(F)F)C(F)(F)F)cc1,292.0,train
*C(F)(F)C(*)(F)OC(F)(F)C(F)(F)C(F)(F)C(F)(F)F,-10.0,train
*Oc1ccc(C(c2ccc(OC(*)=O)cc2)C2C3CCC(C3)C2c2ccccc2)cc1,196.0,train
*Oc1ccc(NC(=O)/C=C/C(=O)NNC(=O)/C=C/C(=O)Nc2ccc(OC(=O)c3ccccc3C(=O)NNC(=O)c3ccccc3C(*)=O)cc2)cc1,240.0,train
*CCN(CCOC(=O)Nc1ccc(C)c(NC(=O)O*)c1)c1ccc(/C=C2/NC(=O)NC2=O)cc1,178.0,train
*CCOc1ccc(S(=O)(=O)c2ccc(OCCOP(=O)(O*)Oc3ccc(Br)cc3)cc2)cc1,59.0,train
*O[Si](C)(C)CCCC(=O)Oc1ccc(/C=N/c2ccc(Cc3ccc(/N=C/c4ccc(OC(=O)CCC[Si](*)(C)C)cc4)cc3)cc2)cc1,68.0,train
*N=P(*)(OCCOC)OCCOC,-78.0,train
*CC(c1ccccc1)C1C(=O)N(CCCCCCCCCCCC)C(=O)C1*,70.0,train
*c1ccc(Oc2ccc(N3C(=O)c4ccc(Oc5cccc6c5C(=O)N(*)C6=O)cc4C3=O)cc2)cc1,285.0,train
*CC(*)(C)C(=O)Oc1ccc([N+](=O)[O-])c(C)c1,101.0,train
*Nc1ccc(NC(=O)Cc2cc(CC(*)=O)c(C)cc2C)cc1,208.0,train
*OC(c1ccco1)C(OC(=O)Nc1ccc(Cc2ccc(NC(*)=O)cc2)cc1)c1ccco1,74.0,train
*CCCCO*,-80.0,train
*C(=O)c1ccc(N(*)C)cc1,197.0,train
*/C(OC)=C(\OC)c1ccc(*)s1,91.0,train
*c1cccc(P(=O)(c2ccc(C(F)(F)F)cc2)c2cccc(-n3c(=O)c4cc5c(=O)n(*)c(=O)c5cc4c3=O)c2)c1,311.0,train
*O[Si](C)(C)c1ccc2ccc3c([Si](*)(C)C)ccc4ccc1c2c43,65.0,train
*CCN(*)C(=O)c1cc(F)ccc1F,112.0,train
*CC(*)OCCCCCC,-74.0,train
*CC(*)n1ccc2ccccc21,19.0,train
*Oc1ccc(Oc2ccc(C(=O)c3cccc4cccc(C(=O)c5ccc(*)cc5)c34)cc2)cc1C(C)(C)C,230.0,train
*c1ccc(Oc2ccc(N3C(=O)c4cccc(Oc5c(C)cc(-c6cc(C)c(Oc7cccc8c7C(=O)N(*)C8=O)c(C)c6)cc5C)c4C3=O)cc2)cc1,298.0,train
*c1ccc(-c2ccc(-c3nc4ccc(Oc5ccc6nc(*)c(-c7ccccc7)c(-c7ccccc7)c6c5)cc4c(-c4ccccc4)c3-c3ccccc3)cc2)cc1,351.0,train
*OC(C)CCC(C)OC(=O)CCCCCCCCC(*)=O,-66.0,train
*/C(=C/c1cc(OC)c(/C=C(/c2ccc(*)cc2)c2ccc(F)cc2)cc1OC)c1ccc(F)cc1,193.0,train
*CC(F)(F)C(F)(F)C(F)(F)COC(=O)c1cccc(C(F)(F)C(F)(F)C(F)(F)C(F)(F)C(F)(F)c2cccc(C(=O)O*)c2)c1,29.0,train
*CC(c1ccccc1)C1C(=O)N(c2ccc(NC(=O)OCC3CCCN3c3ccc([N+](=O)[O-])cc3)cc2)C(=O)C1*,208.0,train
*CCCCCCOC(=O)NCCCCNC(=O)O*,16.0,train
*Oc1ccc(CC(NC(=O)CCc2ccc(OC(=O)CCCCC(*)=O)cc2)C(=O)OC(C)C)cc1,56.5,train
*c1cc(-c2sc(-c3cc(CCCCCCC)c(*)s3)cc2CCCCCCC)c2cccccc1-2,56.0,train
*Oc1ccc(-c2ccc(Oc3ccc(*)cc3)c3ccccc23)c2ccccc12,226.0,train
*/C=C/c1cc(OC)c(/C=C/c2ccc(/C=C(\Oc3ccccc3)c3ccc(/C(=C/c4ccc(*)cc4)c4ccc(Oc5ccccc5)cc4)cc3)cc2)cc1OC,175.0,train
*O[Si](*)(CCCOCCOC)CCCOCCOC,-55.0,train
*Oc1ccc(Oc2ccc(NC(=C(C#N)C#N)c3ccc(C(Nc4ccc(*)cc4)=C(C#N)C#N)cc3)cc2)cc1,255.0,train
*CC(*)(C)C(=O)OCCCCCCOc1ccc(/N=N/c2ccc(C3OCC4(CO3)CC3C=CC4C3)cc2)cc1,118.5,train
*c1ccc(Oc2ccc(N3C(=O)c4ccc(Sc5ccc6c(c5)C(=O)N(*)C6=O)cc4C3=O)cc2)cc1,258.0,train
*c1ccc(OC(=O)CCCCCCCCCCCCCCCCCCCCC(=O)Oc2ccc(N3C(=O)c4ccc(-c5ccc6c(c5)C(=O)N(*)C6=O)cc4C3=O)cc2)cc1,140.0,train
*Oc1ccc(S(=O)(=O)c2ccc(OC(=O)c3ccc([Si](C)(C)c4ccc(C(*)=O)cc4)cc3)cc2)cc1,235.0,train
*COCOc1ccc(C(=O)OC(=O)c2ccc(O*)cc2)cc1,57.0,train
*Oc1ccc(S(=O)(=O)c2ccc3ccc(S(=O)(=O)c4ccc(*)cc4)cc3c2)cc1,250.0,train
*CC(*)(C)C(=O)Oc1ccc(C(=O)Oc2ccc(OC)cc2)cc1,77.0,train
*CCCCCOC(=O)c1ccc(-c2ccc(-c3ccc(C(=O)O*)cc3)cc2)cc1,40.0,train
*c1ccc2c(c1)C(=O)N(c1cccc(C(=O)Nc3ccc(Oc4ccc(Oc5ccc(NC(=O)c6cccc(N7C(=O)c8ccc(C(*)(C(F)(F)F)C(F)(F)F)cc8C7=O)c6)cc5)cc4)cc3)c1)C2=O,283.0,train
*CCCP(CCCNC(=O)CCCCC(=O)N*)c1ccccc1,49.0,train
*CC(=O)Nc1ccc(Oc2ccc(-c3ccc(Oc4ccc(NC(=O)CN5C(=O)c6ccc(C(c7ccc8c(c7)C(=O)N(*)C8=O)(C(F)(F)F)C(F)(F)F)cc6C5=O)cc4)cc3)cc2)cc1,245.0,train
*/C=C/C(C)C(*)C(=O)OCCN(C)c1ccc(N(C)C)cc1,20.5,train
*C(=O)c1ccc2c(c1)C(=O)N(C1CCC(CC3CCC(N4C(=O)c5ccc(*)cc5C4=O)C(C)C3)CC1C)C2=O,240.0,train
*CC(*)(C)C(=O)OCCn1c2ccccc2c2cc(/N=N/c3ccc([N+](=O)[O-])cc3)ccc21,164.0,train
*c1cccc(Oc2cccc(Oc3cccc(N4C(=O)c5c(c(-c6ccccc6)c(-c6ccc(-c7c(-c8ccccc8)c8c(c(-c9ccccc9)c7-c7ccccc7)C(=O)N(*)C8=O)cc6)c(-c6ccccc6)c5-c5ccccc5)C4=O)c3)c2)c1,280.0,train
*c1ccc(Oc2ccc(N3C(=O)c4ccc(Oc5c(C)cc(-c6cc(C)c(Oc7ccc8c(c7)C(=O)N(*)C8=O)c(C)c6)cc5C)cc4C3=O)cc2)cc1,299.0,train
*c1ccc(-c2ccc(N(*)c3ccc(C(F)(F)F)cc3)cc2)cc1,225.0,train
*OC1C(COCC)OC(*)C(OCC)C1OCC,131.15,train
*Nc1ccc(C(c2ccc(NC(=O)c3cc(NC(=O)C45CC6CC(CC(C6)C4)C5)cc(C(*)=O)c3)cc2)(C(F)(F)F)C(F)(F)F)cc1,365.0,train
*c1cccc(N2C(=O)c3ccc(Oc4ccc5c(c4)C4(CC(C)(C)c6ccc(Oc7ccc8c(c7)C(=O)N(*)C8=O)cc64)CC5(C)C)cc3C2=O)c1,253.0,train
*Oc1ccc2c(c1)C(C)(c1ccc(OC(*)=O)cc1)CC2(C)C,201.7,train
*OC(=O)c1ccc(/N=N/c2ccc(C(=O)OC3COC4C(*)COC34)cc2)cc1,98.0,train
*c1ccc(Oc2ccc(Oc3ccc(N4C(=O)c5ccc(Oc6ccccc6Oc6ccc7c(c6)C(=O)N(*)C7=O)cc5C4=O)cc3C(F)(F)F)cc2)c(C(F)(F)F)c1,197.0,train
*c1ccc(Oc2ccc(N3C(=O)c4ccc(Oc5ccc(Sc6ccc(Oc7ccc8c(c7)C(=O)N(*)C8=O)cc6)cc5)cc4C3=O)cc2)cc1,212.0,train
*c1ccc(-c2ccc(N3C(=O)c4ccc(Oc5ccc6c(c5)C(=O)N(*)C6=O)cc4C3=O)cc2C)c(C)c1,325.0,train
*CCOCCOCCOC(=O)c1ccc(-c2ccc(C(=O)O*)cc2)cc1,20.0,train
*c1ccc(Oc2ccc(-c3cnc4cc(Oc5ccc6nc(*)cnc6c5)ccc4n3)cc2)cc1,382.0,train
*Oc1cc(Oc2ccc(NC(=O)c3cc(NC(=O)C45CC6CC(CC(C6)C4)C5)cc(C(=O)Nc4ccc(*)cc4)c3)cc2)ccc1C12CC3CC(CC(C3)C1)C2,345.0,train
*Oc1ccc(CC(NC(=O)CCc2ccc(OC(=O)CCCCCCC(*)=O)cc2)C(=O)OC(C)C)cc1,46.0,train
*C(=O)Nc1ccc(Oc2ccccc2-c2ccccc2Oc2ccc(NC(=O)c3ccc4c(c3)C(=O)N(c3ccc(Oc5cccc(Oc6ccc(N7C(=O)c8ccc(*)cc8C7=O)cc6)c5)cc3)C4=O)cc2)cc1,229.0,train
*c1ccc2c(c1)C(=O)N(c1cccc(N3C(=O)c4ccc(C(*)(C(F)(F)F)C(F)(F)F)cc4C3=O)c1)C2=O,298.0,train
*CC(*)Cc1cccc(C)c1,40.0,train
*CCCCOC(=O)c1ccc(C(C)(C)c2ccc(C(=O)O*)cc2)cc1,44.0,train
*CC/C=C(/*)C,-67.0,train
*/C=C/C1CCC(*)C1,31.0,train
*CC(F)(F)C(F)(F)C(F)(F)COC(=O)c1cccc(C(=O)O*)c1,23.5,train
*c1ccc(/C=C/c2ccc(-n3c(=O)c4cc5c(=O)n(*)c(=O)c5cc4c3=O)cc2S(=O)(=O)O[Na])c(S(=O)(=O)O[Na])c1,228.0,train
*O[Si](*)(C)CCCCCCOc1ccc(C(=O)Oc2ccc(OC)cc2)cc1,-2.0,train
*Oc1ccc(C(c2ccc(OC(*)=O)cc2)C(C)C)cc1,149.0,train
*CC(C)(C)COC(=O)c1ccc(/C=C/c2ccc(C(=O)O*)cc2)cc1,80.0,train
*C(=O)Nc1cccc2c(NC(=O)c3ccc4c(c3)C(=O)N(c3ccc(Oc5cccc6c(N7C(=O)c8ccc(*)cc8C7=O)cccc56)cc3)C4=O)cccc12,299.0,train
*CC(C)(C)C1C(=O)N(c2ccccc2C)C(=O)C1*,207.0,train
*c1ccc(Oc2ccc(N3C(=O)C4CCC(C5CCC6C(=O)N(*)C(=O)C6C5)CC4C3=O)cc2)cc1,257.0,train
*CC(S*)c1ccccc1,-2.5,train
*CC(O*)C1CC(F)(F)C1(F)F,-25.0,train
*/C=C/C1CC(*)C(C#N)(CCCC)C1,87.0,train
*NC(CCC(=O)OCCCCCC)C(*)=O,-25.0,train
*Oc1ccc(S(=O)(=O)c2ccc(Oc3ccc(C(C)(C)c4ccc(*)cc4)cc3)cc2)cc1,186.0,train
*c1ccc(Sc2cc3c(cc2Sc2ccc(N4C(=O)C5C6C=CC(C7C(=O)N(*)C(=O)C67)C5C4=O)cc2)C(=O)N(c2ccc(CC)cc2)C3=O)cc1,320.0,train
*C(=O)c1ccc2c(c1)C(=O)N(c1c(C)cc(C(c3cc(C)c(N4C(=O)c5ccc(*)cc5C4=O)c(C)c3)c3cccc4ccccc34)cc1C)C2=O,318.0,train
*c1ccc(Sc2ccc(S(*)(=O)=O)cc2)cc1,215.0,train
*COC(=O)Nc1ccc(Cc2ccc(NC(=O)OCc3ccc(*)o3)cc2)cc1,81.0,train
*c1cccc(OCCCCCCCCCCOc2cccc(N3C(=O)c4ccc(-c5ccc6c(c5)C(=O)N(*)C6=O)cc4C3=O)c2)c1,125.0,train
*c1ccc(Oc2ccc(-n3c(=O)c4cc5c(=O)n(*)c(=O)c5cc4c3=O)cc2-c2ccccc2)cc1,329.0,train
*Nc1ccc(C(C)(C)c2ccc(NC(=O)c3cc(C(*)=O)cc(S(=O)(=O)c4ccccc4)c3)cc2)cc1,287.0,train
*c1ccc(-c2ccc(N(*)c3cc(C(F)(F)F)cc(C(F)(F)F)c3)cc2)cc1,209.0,train
*CCN(CCN1C(=O)c2ccc(C(c3ccc4c(c3)C(=O)N(*)C4=O)(C(F)(F)F)C(F)(F)F)cc2C1=O)c1ccc(/N=N/c2ccc(C3OCCO3)cc2)cc1,178.0,train
*CCOCCC(=O)O*,-35.0,train
*CCCS(=O)(=O)CCCCS(=O)(=O)CCCOC(=O)O*,43.0,train
*c1ccc(-c2ccc(-c3nnc(-c4ccc([Si](c5ccccc5)(c5ccccc5)c5ccc(-c6nnc(*)o6)cc5)cc4)o3)cc2)cc1,278.0,train
*c1ccc(N(c2ccc(C#N)cc2)c2ccc(N3C(=O)c4ccc(Oc5ccc(C6(c7ccc(Oc8ccc9c(c8)C(=O)N(*)C9=O)cc7)c7ccccc7-c7ccccc76)cc5)cc4C3=O)cc2)cc1,279.0,train
*CCCCCCCCCCCC(=O)Oc1ccc2cc(OC(=O)CCCCCCCCCCCn3c(=O)c4cc5c(=O)n(*)c(=O)c5cc4c3=O)ccc2c1,62.0,train
*OC(=O)c1ccc(CCCCCCc2ccc(C(*)=O)cc2)cc1,20.0,train
*/C=C/C1CC(*)C(C#N)([Si](C)(C)[Si](C)(C)C)C1,120.0,train
*c1ccc(Oc2ccc(-c3cccc4c3C(=O)N(Oc3ccc(C(=O)c5ccc(Oc6cccc7c6C(=O)N(*)C7=O)cc5)cc3)C4=O)cc2)cc1,252.0,train
*CCC(=O)Nc1ccc(Cc2ccc(NC(=O)CCN3C(=O)c4ccc(C(=O)c5ccc6c(c5)C(=O)N(*)C6=O)cc4C3=O)cc2)cc1,221.0,train
*Oc1ccc(/C=N/N=C/c2ccc(Oc3ccc(C(=O)c4ccc(*)cc4)cc3)cc2)cc1,179.0,train
*c1ccc(-c2nc3cc4nc(-c5ccccc5)c(*)nc4cc3nc2-c2ccccc2)cc1,395.0,train
*CC(*)C(=O)O[Na],114.4,train
*C(=O)Nc1ccc(Oc2ccc(C3(c4ccc(Oc5ccc(NC(=O)c6ccc7c(c6)C(=O)N(c6cccc(N8C(=O)c9ccc(*)cc9C8=O)c6)C7=O)cc5)cc4)NC(=O)c4ccccc43)cc2)cc1,320.0,train
*c1cccc(-n2c(=O)c3cc4c(=O)n(*)c(=O)c4cc3c2=O)n1,183.5,train
*Oc1ccc(C(c2ccc(Oc3ccc(C(=O)c4cccc(C(=O)c5ccc(*)cc5)c4)cc3)cc2)(C(F)(F)F)C(F)(F)F)cc1,168.1,train
*Nc1ccc(C(C)(C)c2ccc(C(C)(C)c3ccc(Nc4ccc(C(O)(c5ccccc5)c5ccc(C(O)(c6ccccc6)c6ccc(*)cc6)cc5)cc4)cc3)cc2)cc1,177.0,train
*CCCC(*)C,-52.6,train
*Oc1ccc(CC(C#N)(C#N)Cc2ccc(*)cc2)cc1,147.0,train
*/C=C(/*)CCCOc1ccc(OC(=O)c2ccc(OCCCC)cc2)cc1,36.0,train
*c1cc(C)c(-c2c(C)cc(-n3c(=O)c4cc5c(=O)n(*)c(=O)c5cc4c3=O)cc2C)c(C)c1,353.0,train
*CC(*)c1ccc(Cn2c3ccccc3c3ccccc32)cc1,166.0,train
*Cc1cccc(C[n+]2ccc(-c3cc[n+](*)cc3)cc2)c1,128.0,train
*Nc1cccc(NC(=O)c2ccc(NC(=O)c3ccc([Si](C)(C)c4ccc(C(=O)Nc5ccc(C(*)=O)cc5)cc4)cc3)cc2)c1,303.0,train
*O[Si](C)(C)O[Si](*)(C)CCCCCCCCOc1ccc(C(=O)Oc2ccc(C#N)cc2C)cc1,-15.0,train
*c1ccc(-c2ccc(NC(=O)c3cccc(C(=O)Nc4ccc(-c5ccc(-n6c(=O)c7cc8c(=O)n(*)c(=O)c8cc7c6=O)cc5)cc4)c3)cc2)cc1,227.0,train
*Oc1ccc(Cc2ccc(OC(=O)c3cc(OCCCCC)cc(C(*)=O)c3)cc2)cc1,110.0,train
*N=P(*)(OCCOCCOC)OCCOCCOC,-81.0,train
*O[Si](C)(C)COC(=O)CCCCCCCCC(=O)Oc1ccc(S(=O)(=O)c2ccc(Oc3ccc(/C=C4\CC/C(=C\c5ccc(Oc6ccc(S(=O)(=O)c7ccc(OC(=O)CCCCCCCCC(=O)OC[Si](*)(C)C)cc7)cc6)cc5)C4=O)cc3)cc2)cc1,73.0,train
*Oc1ccc(OC2(F)C(*)(F)C(F)(F)C2(F)F)cc1,41.0,train
*CNC(=O)OCc1cocc1COC(=O)NCc1ccc(C(C)(C)c2ccc(*)o2)o1,25.0,train
*CC(*)C(=O)Oc1ccccc1C(C)(C)C,72.0,train
*c1cc(OCCCCCCCC)cc(N2C(=O)c3ccc(Oc4ccc5c(c4)C(=O)N(*)C5=O)cc3C2=O)c1,185.0,train
*C(=O)Nc1ccc(NC(=O)c2ccc3c(c2)C(=O)N(c2c(C)cc(C)c(N4C(=O)c5ccc(*)cc5C4=O)c2C)C3=O)cc1,327.0,train
*c1ccc(Oc2ccc(C(c3ccc(Oc4ccc(N5C(=O)c6ccc(-c7ccc8c(c7)C(=O)N(*)C8=O)cc6C5=O)cc4C(F)(F)F)cc3)(C(F)(F)F)C(F)(F)F)cc2)c(C(F)(F)F)c1,223.0,train
*CC(OCC)C1(C)C(=O)OC(=O)C1(*)C,244.0,train
*O[Sn](CCCC)(CCCC)OC(=O)CCCCC(*)=O,110.0,train
*C(=O)Nc1ccc(Oc2ccc(C3(c4ccc(Oc5ccc(NC(=O)c6ccc7c(c6)C(=O)N(c6ccc(Oc8cccc(Oc9ccc(N%10C(=O)c%11ccc(*)cc%11C%10=O)cc9)c8)cc6)C7=O)cc5)cc4)NC(=O)c4ccccc43)cc2)cc1,267.0,train
*OC1CCC(OC(=O)c2ccc(C(*)=O)cc2)CC1,94.3,train
*CCCCCCOC(=O)CCCCCCCCCCCCCCCCCCC(=O)OCCCCCCN1C(=O)c2ccc(S(=O)(=O)c3ccc4c(c3)C(=O)N(*)C4=O)cc2C1=O,19.0,train
*c1ccc(Oc2ccc(S(=O)(=O)c3ccc(Oc4ccc(-c5c6c(c(*)c7ccccc57)C(=O)N(c5ccc(C(F)(F)F)cc5)C6=O)cc4)cc3)cc2)cc1,290.0,train
*CCCCCCCCCCCCNC(=O)NCCCCCCNC(=O)N*,49.0,train
*CCCCCN1C(=O)c2ccc(C(c3ccc4c(c3)C(=O)N(*)C4=O)(C(F)(F)F)C(F)(F)F)cc2C1=O,180.0,train
*Oc1cccc(Oc2ccc(S(=O)(=O)c3ccc(*)cc3)cc2)c1,177.0,train
*CCCCOC(=O)CCC(=O)O*,-32.0,train
*C[Si](*)(C)CCCn1c2ccccc2c2ccccc21,71.2,train
*c1ccc(Oc2ccc(S(=O)(=O)c3ccc(Oc4ccc(N5C(=O)c6ccc(Oc7cccc8c(Oc9ccc%10c(c9)C(=O)N(*)C%10=O)cccc78)cc6C5=O)cc4)cc3)cc2)cc1,201.0,train
*Oc1ccc(Oc2ccc(C(=O)c3ccc(C(=O)c4ccc(*)cc4)cc3)cc2)cc1-c1cccc(C)c1,159.0,train
*Oc1ccc(SC(=O)Oc2ccc(C(C)(C)c3ccc(OC(=O)Sc4ccc(*)cc4)cc3)cc2)cc1,145.0,train
*c1ccc(Oc2ccccc2Oc2ccc(N3C(=O)c4ccc(-c5ccc6c(c5)C(=O)N(*)C6=O)cc4C3=O)cc2C(F)(F)F)c(C(F)(F)F)c1,249.0,train
*CC(*)(Cl)C(=O)OCCOc1ccc(C(=O)Oc2ccc(OCCCC)cc2)cc1,153.0,train
*c1ccc(Oc2cccc(Oc3ccc(N4C(=O)c5cccc(Oc6ccc(S(=O)(=O)c7ccc(Oc8cccc9c8C(=O)N(*)C9=O)cc7)cc6)c5C4=O)cc3)c2)cc1,230.0,train
*CCCCCC(=O)Nc1ccc(Oc2ccc(NC(=O)CCCCCN3C(=O)c4ccc(C(=O)c5ccc6c(c5)C(=O)N(*)C6=O)cc4C3=O)cc2)cc1,195.0,train
*c1ccc(Oc2ccc(N3C(=O)c4ccc(Oc5ccc6c(c5)C(=O)N(c5ncc(*)s5)C6=O)cc4C3=O)cc2)cc1,300.0,train
*CC(*)C(=O)NCCCCCC(=O)O,68.0,train
*c1ccc(C(=O)OCCCCCCCCOc2ccc(/C=C/C(=O)/C=C/c3ccc(OCCCCCCCCOC(=O)c4ccc(-c5nnc(*)o5)cc4)cc3)cc2)cc1,59.0,train
*CC(*)O,76.5,train
*CCCCCCCC(=O)OCC1COC(*)O1,-23.0,train
*CCCCOC(=O)CCCCC(=O)O*,-66.0,train
*CC(O)CN(CCO)CC(O)COc1ccc(C(C)(C)c2ccc(O*)cc2)cc1,87.1,train
*CC(C)(C)COC(=O)c1ccc(-c2ccc(-c3ccc(C(=O)O*)cc3)cc2)cc1,100.0,train
*CC(CO*)(CSCC)CSCC,-32.0,train
*CCC/C=C(/*)c1ccccc1,0.0,train
*Oc1ccc(C(C)(C)c2ccc(Oc3ccc4c(=O)n5c6cc(Oc7ccc8c(c7)nc7c9ccc(*)c%10cccc(c(=O)n87)c%109)ccc6nc5c5cccc3c45)cc2)cc1,334.0,train
*Oc1cccc(OC(=O)c2ccc(C(C)(C)c3ccc(C(*)=O)cc3)cc2)c1,158.0,train
*CC(*)c1ccccc1C(=O)OCCC(C)C,68.0,train
*Oc1ccc(C2(c3ccc(Oc4ccc5c(=O)n6c7cc(Oc8ccc9c(c8)nc8c%10ccc(*)c%11cccc(c(=O)n98)c%11%10)ccc7nc6c6cccc4c56)cc3)c3ccccc3-c3ccccc32)cc1,396.0,train
*CCOCCOCCOC(=O)C1CCC(C(=O)O*)CC1,-25.0,train
*C1C2CC(C(=O)OCCc3ccc(N(c4ccccc4)c4cccc5ccccc45)cc3)C(C2)C1*,333.0,train
*Oc1ccc(C(=O)c2ccc(C(=O)c3ccc(*)c(C(C)C)c3)cc2)cc1C,149.0,train
*O[Si](*)(CCCOCCOCCOC)CCCOCCOCCOC,-63.4,train
*c1ccc(NC(=O)CCCCCCCCC(=O)Nc2ccc(S(*)(=O)=O)cc2)cc1,72.34,train
*CC(COc1ccc(-c2ccc(OC)cc2)cc1)O*,111.0,train
*Oc1ccc(C(=O)Nc2ccc(C(c3ccc(NC(=O)c4ccc(OC(=O)c5cccc(C(*)=O)c5)cc4)cc3)(C(F)(F)F)C(F)(F)F)cc2)cc1,227.0,train
*CC(*)(F)C(C)=O,142.0,train
*CC(*)c1ccc(CCCCCCCCCCCCCCCCCC)cc1,32.0,train
*CC(O)COc1ccc(C(=O)c2ccc(OCC(O)COc3ccc(C(C)(C)c4ccc(O*)cc4)cc3)cc2)cc1,120.0,train
*c1cc(C(=O)OCCCCCCCCCCOc2ccc(-c3ccc(OC(=O)c4ccc(OCC(F)CCCCCC)cc4)cc3)cc2)c(*)s1,151.0,train
*Oc1ccc(C2(c3ccc(Oc4ccc(C(=O)C(=O)c5ccc(*)cc5)cc4)cc3)c3ccccc3-c3ccccc32)cc1,242.0,train
*Oc1ccc(Oc2ccc(/C=N/CCCCCC/N=C/c3ccc(*)cc3)cc2)cc1,111.0,train
*Oc1ccc(S(=O)(=O)c2ccc(Oc3ccc(C4(c5ccc(*)cc5)CCCC4)cc3)cc2)cc1,230.0,train
*CCCCCCCCOc1c(OC)cc(/C=C/c2cc(CCCCCC)c(/C=C/c3cc(OC)c(O*)c(OC)c3)cc2CCCCCC)cc1OC,21.0,train
*Oc1ccc(CC(NC(=O)Cc2ccc(OC(=O)CCC(*)=O)cc2)C(=O)OCC)cc1,75.5,train
*Oc1ccc(Oc2ccc(C(=O)Nc3ccc(Oc4ccc(S(=O)(=O)c5ccc(Oc6ccc(NC(=O)c7ccc(*)cc7)cc6)cc5)cc4)cc3)cc2)cc1-c1ccccc1,231.0,train
*O[Si](C)(C)COC(=O)CCCCCCCCC(=O)Oc1ccc(S(=O)(=O)c2ccc(Oc3ccc(/C=C4\CCC/C(=C\c5ccc(Oc6ccc(S(=O)(=O)c7ccc(OC(=O)CCCCCCCCC(=O)OC[Si](*)(C)C)cc7)cc6)cc5)C4=O)cc3)cc2)cc1,80.0,train
*O[Si](C)(C)CC[Si](C)(C)Oc1c(C)cc(-c2cc(C)c(*)c(C)c2)cc1C,55.0,train
*CC(OC(C)=O)C(CCC(C)(O)C=C)C(*)(C)C,85.0,train
*C(=O)Nc1ccc(-c2sc(-c3ccc(NC(=O)c4ccc5c(c4)C(=O)N(c4ccc(-c6sc(-c7ccc(N8C(=O)c9ccc(*)cc9C8=O)cc7)c(-c7ccccc7)c6-c6ccccc6)cc4)C5=O)cc3)c(-c3ccccc3)c2-c2ccccc2)cc1,338.0,train
*Oc1ccc(C(c2ccc(Oc3ccc(C(=O)c4ccc(P(=O)(c5ccccc5)c5ccc(C(=O)c6ccc(*)cc6)cc5)cc4)cc3)cc2)(C(F)(F)F)C(F)(F)F)cc1,207.0,train
*CC(*)(C)C(=O)Nc1ccc(C(=O)/C=C/c2ccc(OC)cc2)cc1,35.0,train
*CCCCCCNC(=O)CCCCC(=O)NCC(=O)N*,53.4,train
*CC(*)(CC(=O)OC1CCCCCCC1)C(=O)OC1CCCCCCC1,124.0,train
*c1ccc(-c2ccc3nc(*)cc(-c4ccccc4)c3c2)cc1,383.0,train
*CC(*)C(=O)OCCSC,-60.0,train
*CCN(Cc1ccccc1)C(=O)S*,32.0,train
*O[Si](*)(C)C1CC2CC1CC2OC(=O)OC(C)(C)C,60.0,train
*c1ccc(N/C=N/c2ccc(S(*)(=O)=O)cc2)cc1,163.0,train
*C(=O)c1ccc2c(c1)C(=O)N(c1ccc(CP(=O)(OCCCl)OCCCl)c(N3C(=O)c4ccc(*)cc4C3=O)c1)C2=O,261.0,train
*CCOc1ccc(C(=O)Nc2cc(NC(=O)c3ccc(O*)cc3)cc(-c3nc4ccccc4[nH]3)c2)cc1,275.0,train
*c1ccc(Oc2ccc(Oc3ccc(N4C(=O)c5ccc(-c6ccc7c(c6)C(=O)N(*)C7=O)cc5C4=O)cc3)cc2)cc1,265.0,train
*CC(O)COc1ccc(C(C)(C)c2ccc(OCC(O)COc3cccc(NC(=O)c4cccc(C(=O)Nc5cccc(O*)c5)c4)c3)cc2)cc1,133.0,train
*CCCOC(=O)O*,-17.7,train
*CCCCCC(=O)Oc1ccc(OC(=O)CCCCCn2c(=O)c3cc4c(=O)n(*)c(=O)c4cc3c2=O)c(Cl)c1,87.0,train
*C(=O)Nc1ccc(Oc2ccc(C3(c4ccc(Oc5ccc(NC(=O)c6ccc7c(c6)C(=O)N(c6ccc(Oc8ccc(Oc9ccc(N%10C(=O)c%11ccc(*)cc%11C%10=O)cc9)c(C)c8)cc6)C7=O)cc5)cc4)NC(=O)c4ccccc43)cc2)cc1,293.0,train
*Oc1ccc(C(=O)OCCCCCCOC(=O)c2ccc(*)cc2)cc1,15.0,train
*C(*)C(=O)OC,85.75,train
*CC(*)(CC(=O)OC)C(=O)OC12CC3CC(C)(CC(C)(C3)C1)C2,144.0,train
*Oc1ccc(OC(=O)c2ccc(C(*)=O)cc2Oc2ccc(F)cc2)cc1,106.0,train
*CC(=O)NCCCCCCNC(=O)CCc1ccc(O*)cc1,72.0,train
*Oc1c(-c2ccccc2)cc(*)cc1-c1ccc(C)cc1,218.0,train
*CC(*)OC(=O)c1cccnc1,86.5,train
*Oc1ccc(C(=O)OCCCCOC(=O)c2ccc(*)cc2)cc1,38.0,train
*CCC1CC(*)C2C3CC(C12)C(C)(C(=O)OC)C3,146.0,train
*CC(OC)C1(C)C(=O)OC(=O)C1(*)C,260.0,train
*c1ccc2c(c1)Sc1cc(-c3ccc(-c4ccc(*)s4)s3)ccc1N2CCCCCCCCCC,142.0,train
*CCOC(=O)Cc1ccc(C(=O)O*)cc1,24.0,train
*CCOC(=O)CCCCCCCCCCC(=O)OCCOC(=O)c1ccc(C(=O)O*)cc1,-8.0,train
*CC(COCC=C)O*,-75.5,train
*Oc1ccc2ccc(Oc3ccc(C(=O)Nc4ccc(Oc5ccc(S(=O)(=O)c6ccc(Oc7ccc(NC(=O)c8ccc(*)cc8)cc7)cc6)cc5)cc4)cc3)cc2c1,227.0,train
*Sc1ccc(*)cc1,90.0,train
*Oc1ccc(C2(c3ccc(OC(*)=O)cc3)CC3CCC2C3)cc1,235.0,train
*c1ccc(-c2nc3cc(-c4ccc5nc(-c6ccccc6)c(-c6ccc(-n7c(=O)c8cc9c(=O)n(*)c(=O)c9cc8c7=O)cc6)nc5c4)ccc3nc2-c2ccccc2)cc1,217.0,train
*CCN(CCOC(=O)Nc1ccc(-c2ccc(NC(=O)O*)c(OC)c2)cc1OC)c1ccc(/N=N/c2ccc([N+](=O)[O-])cc2)cc1,140.0,train
*c1ccc(-c2ccc(N3C(=O)c4ccc(Oc5ccc6c(c5)C(=O)N(*)C6=O)cc4C3=O)cc2)cc1,286.0,train
*CCCCCCCCCCCC(=O)Oc1ccc(C(C)(C)c2ccc(OC(=O)c3ccc4c(c3)C(=O)N(*)C4=O)cc2)cc1,93.0,train
*c1ccc(Oc2ccc(N3C(=O)c4ccc(C(c5ccc6c(c5)C(=O)N(c5ncc(*)s5)C6=O)(C(F)(F)F)C(F)(F)F)cc4C3=O)cc2)cc1,268.2,train
*C1CCOC1*,131.0,train
*CC(CSC(C)C)O*,-44.0,train
*Oc1ccc(C(=O)c2ccc(*)cc2)cc1,154.0,train
*Oc1ccc(C(=O)OCCOCCOCCOCCOC(=O)c2ccc(OC(=O)c3ccc(C(*)=O)cc3)cc2)cc1,30.0,train
*CC(*)c1ccc(CCCCCCCC)cc1,-45.0,train
*CC(*)OCCCCCCCCCCCOc1ccc(C(=O)Oc2ccc(C#N)cc2)cc1,37.0,train
*CC(*)(C)C(=O)OC(COc1cccc2ccccc12)COc1cccc2ccccc12,80.0,train
*Nc1ccc(NC(=O)c2cc(-c3ccc(C(=O)OC)c(C(*)=O)c3)ccc2C(=O)OC)cc1,234.2,train
*Oc1ccc(C(=O)OCC(C)(C)COC(=O)c2ccc(*)cc2)cc1,73.0,train
*CC(*)(C)C(=O)Oc1c(C(C)C)cccc1C(C)C,198.0,train
*Oc1cccc2ccc(Oc3ccc(NC(=O)c4ccc(Oc5ccc(C(C)(c6ccccc6)c6ccc(Oc7ccc(C(=O)Nc8ccc(*)cc8)cc7)cc6)cc5)cc4)cc3)cc12,212.0,train
*Oc1ccc(NC(=O)c2cc(C(=O)Nc3ccc(Oc4ccc(C(c5ccc(*)cc5)(C(F)(F)F)C(F)(F)F)cc4)cc3)cc([N+](=O)[O-])c2)cc1,232.0,train
*Oc1ccc(/N=C/c2ccc(Oc3ccc(C(c4ccc(Oc5ccc(/C=N/c6ccc(Oc7ccc(-c8ccc(*)cc8)cc7)cc6)cc5)cc4)(C(F)(F)F)C(F)(F)F)cc3)cc2)cc1,128.0,train
*/C=C/C1CC(*)C2C(=O)N(c3cccc(C)c3)C(=O)C12,206.0,train
*CCCCCCCCCCc1ccc(-c2c(-c3ccccc3)cc(-c3ccc(-c4cc(-c5ccccc5)c(-c5ccc(*)cc5)c(-c5ccccc5)c4-c4ccccc4)cc3)c(-c3ccccc3)c2-c2ccccc2)cc1,235.0,train
*Oc1ccc(CC(NC(=O)CCc2ccc(OC(=O)CCCC(*)=O)cc2)C(=O)OCCOCCOCC)cc1,21.0,train
*CCCCCCCCOC(=O)c1ccc(-c2ccc(C(=O)O*)cc2)cc1,47.0,train
*C[Si](*)(C)C,-90.0,train
*CCSSCCOCO*,-57.5,train
*Oc1ccc(Cc2ccc(Cc3ccc(OC(*)=O)cc3)cc2)cc1,79.5,train
*C(F)(F)C1(F)C(F)(F)C(*)(F)C1(F)F,122.0,train
*C(=O)Nc1ccc(Oc2ccccc2-c2ccccc2Oc2ccc(NC(=O)c3ccc4c(c3)C(=O)N(c3ccc(Oc5ccc(-c6ccc(Oc7ccc(N8C(=O)c9ccc(*)cc9C8=O)cc7)cc6)cc5)cc3)C4=O)cc2)cc1,239.0,train
*c1ccc2c(c1)C(=O)N(c1ccc(Oc3ccc(C(c4ccc(Oc5ccc(N6C(=O)c7ccc(C(*)(C(F)(F)F)C(F)(F)F)cc7C6=O)cc5)cc4)(C(F)(F)F)C(F)(F)F)cc3)cc1)C2=O,260.0,train
*CCCCCCCNC(=O)CCCCCC(=O)N*,55.0,train
*c1ccc(Oc2ccc(Oc3ccc(N4C(=O)c5ccc(-c6ccc7c(c6)C(=O)N(*)C7=O)cc5C4=O)cc3)c(C)c2)cc1,265.0,train
*Nc1ccc(C(=O)c2ccc(C(=O)c3ccc(Nc4ccc5c(c4)c4cc(*)ccc4n5CC(CC)CCCC)cc3)cc2)cc1,213.0,train
*N=P(*)(OCC(F)(F)C(F)(F)C(F)(F)C(F)(F)C(F)(F)C(F)(F)C(F)(F)F)OCC(F)(F)C(F)(F)C(F)(F)C(F)(F)C(F)(F)C(F)(F)C(F)(F)F,-40.0,train
*c1ccc2c(c1)C(=O)N(c1ccc(N(c3ccc(/C=C/c4ccc([N+](=O)[O-])cc4)cc3)c3ccc(N4C(=O)c5ccc(C(*)(C(F)(F)F)C(F)(F)F)cc5C4=O)cc3)cc1)C2=O,290.0,train
*C([2H])([2H])C(*)([2H])Cl,85.0,train
*CCCCCOC(=O)OCCCCCN1C(=O)c2ccc(-c3ccc4c(c3)C(=O)N(*)C4=O)cc2C1=O,84.0,train
*c1ccc(Cc2ccc(N3C(=O)c4ccc(-c5ccc6c(c5)C(=O)N(*)C6=O)cc4C3=O)cc2)cc1,298.0,train
*CC(O)COc1ccc(C(C)(c2ccccc2)c2ccc(O*)cc2)cc1,115.0,train
*Nc1cc(NC(=O)c2ccc3cc(C(*)=O)ccc3c2)cc(C(=O)OCCOc2ccc(/C=C/C(=O)c3ccccc3)cc2)c1,247.0,train
*c1ccc(-c2c(-c3ccccc3)nc3ccc(Oc4ccc5nc(-c6ccccc6)c(*)c(-c6ccccc6)c5c4)cc3c2-c2ccccc2)cc1,311.0,train
*CC(*)c1ccc([Si](C)(C)OC(C)C)cc1,180.0,train
*CC(*)(C)C#N,88.5,train
*CC(C)C(C)COC(=O)c1ccc(C(=O)O*)cc1,37.5,train
*c1ccc2c(c1)C(*)(C)CC2(C)C,215.5,train
*NC(CCC(=O)OCc1ccc([N+](=O)[O-])cc1)C(*)=O,53.15,train
*CCOCCOCCOC(=O)CCCCC(=O)O*,-49.0,train
*CCCCCCCCCCCCCCCCOC(=O)CC/C=C/CCC(=O)O*,-18.0,train
*CC(*)OCCOc1ccc(/N=N/c2ccc(C#N)cc2)cc1,61.0,train
*c1ccc(Oc2ccc(C(C)(C)c3ccc(Oc4ccc(N5C(=O)CC(=O)N(*)C5=S)cc4)cc3)cc2)cc1,150.0,train
*CC(OCCCC)C1(C)C(=O)OC(=O)C1(*)C,197.0,train
*CCCCOC(=O)C(Cc1ccccc1)NC(=O)/C=C/C(=O)NC(Cc1ccccc1)C(=O)O*,103.0,train
*O[Si](*)(C)CCCCCCCCOc1ccc(C(=O)Oc2ccc(C#N)cc2C)cc1,5.5,train
*CCCCCCOC(=O)c1cc(OCCCCCCOc2ccc(/N=N/c3ccc(C#N)cc3)cc2)cc(C(=O)OCCCCCCN2C(=O)c3ccc(Oc4ccc5c(c4)C(=O)N(*)C5=O)cc3C2=O)c1,61.0,train
*Oc1ccc(NC(=O)c2ccc(C(=O)Nc3ccc(*)cc3)cc2)cc1,240.5,train
*c1ccc(NC2CC(=O)N(c3ccc(-c4sc(-c5ccc(N6C(=O)CC(Nc7ccc(-c8nc(-c9ccc(-c%10nc(-c%11ccc([N+](=O)[O-])cc%11)c(-c%11ccc([N+](=O)[O-])cc%11)[nH]%10)cc9)[nH]c8*)cc7)C6=O)cc5)c(-c5ccccc5)c4-c4ccccc4)cc3)C2=O)cc1,152.0,train
*c1ccc(S(=O)(=O)c2ccc(N3C(=O)c4ccc(-c5ccc6c(c5)C(=O)N(*)C6=O)cc4C3=O)cc2)cc1,350.0,train
*Oc1ccc(C(=O)c2ccc(OC(=O)c3ccc(C(C)(C)c4ccc(C(*)=O)cc4)cc3)cc2)cc1,130.0,train
*CCN(CCOC(=O)Nc1ccc(C)c(NC(=O)O*)c1)c1ccc(/N=N/c2ccc(B(c3c(C)cc(C)cc3C)c3c(C)cc(C)cc3C)cc2)cc1,159.0,train
*CC(*)c1ccc(C(=O)N2CCOCC2)cc1,127.0,train
*c1cccc(N2C(=O)c3cccc(Oc4ccc(Sc5ccc(Oc6cccc7c6C(=O)N(*)C7=O)cc5)cc4)c3C2=O)c1,231.0,train
*OCCOC(=O)CCCC(=O)OCCOc1nc(-c2ccc(OC)cc2)nc(*)c1-c1ccc(OC)cc1,57.0,train
*O[Si](*)(C)CCCCCCCCCCC(=O)OCCC(F)(F)C(F)(F)C(F)(F)C(F)(F)C(F)(F)C(F)(F)F,-69.0,train
*CCc1ccc(*)c(C)c1,57.5,train
*c1ccc(Oc2ccc(Oc3ccc(-n4c(=O)c5cc6c(=O)n(*)c(=O)c6cc5c4=O)cc3)cc2)c(C(F)(F)F)c1,272.2,train
*Oc1ccc(OC(=O)c2ccc(C(*)=O)cc2Oc2ccc(Oc3ccccc3)cc2)cc1,83.0,train
*CC(*)c1ccc(C(=O)c2ccccc2)cc1,98.0,train
*C(=O)c1ccc2c(c1)C(=O)N(c1cc(OCCCC)cc(N3C(=O)c4ccc(*)cc4C3=O)c1)C2=O,244.0,train
*C(=O)c1ccc2c(c1)C(=O)N(c1ccc(Oc3cccc(Oc4ccc(N5C(=O)c6ccc(*)cc6C5=O)cc4)c3C#N)cc1)C2=O,245.0,train
*Nc1cccc2c(N[Se]*)cccc12,53.0,train
*CC(*)(C)C(=O)OCCCCCCCCCCCCOc1ccc2cc(C(=O)Oc3ccccc3)ccc2c1,12.0,train
*CC(*)c1ccccc1C(=O)O,177.0,train
*CCN(CCOC(=O)c1ccc(C(=O)O*)c(OC)c1)c1ccc(/N=N/c2ccc(-c3nc4ccc([N+](=O)[O-])cc4n3CC)cc2)cc1,146.0,train
*c1ccc(Oc2cccc(Oc3ccc(-n4c(=O)c5cc6c(=O)n(*)c(=O)c6cc5c4=O)cc3)c2C#N)cc1,328.0,train
*C1C(=O)N(CCOc2ccc(-c3ccc(C#N)cc3)cc2)C(=O)C1*,150.0,train
*Oc1ccc(CC(NC(=O)CCc2ccc(OC(=O)COCC(*)=O)cc2)C(=O)OCCCCCCCC)cc1,40.0,train
*CCNC(=O)c1ccc(O*)cc1,150.0,train
*CCOCCOC(=O)C(CCCCCCCCC)C(=O)O*,-59.0,train
*Oc1ccc(Oc2ccc(C(=O)c3ccc(C(=O)c4ccc(*)cc4)cc3)cc2)cc1-c1ccc(S(=O)(=O)O)c(C)c1,167.0,train
*CC(O)COc1ccc(C(C)(C)c2ccc(O*)c(Cl)c2)cc1Cl,85.0,train
*CCCOC(=O)C1CCC(C(=O)O*)CC1,-6.0,train
*CCCCCC(*)CCCCCC,-76.0,train
*CCOCCOCCOc1ccc(C(=O)Nc2cc(NC(=O)c3ccc(O*)cc3)cc(-c3nc4ccccc4[nH]3)c2)cc1,165.0,train
*Nc1cc(NC(=O)c2ccc(-c3ccc(C(*)=O)cc3)cc2)cc(C(=O)OCCOc2ccc(/C=C/C(=O)c3ccccc3)cc2)c1,254.0,train
*C(F)(F)C1(F)C(F)(F)C(*)(F)C(F)(F)C(F)(F)C1(F)F,101.0,train
*C(=O)c1ccc2c(c1)C(=O)N(c1cc(-c3nc4ccccc4oc3=O)cc(N3C(=O)c4ccc(*)cc4C3=O)c1)C2=O,95.0,train
*Oc1ccc(S(=O)(=O)c2ccc(Oc3cccc(NC(=O)c4ccc(-c5ccc(C(=O)Nc6cccc(*)c6)c(C)c5)cc4C)c3)cc2)cc1,220.0,train
*CC(*)(C)C(=O)OCCCCCCCCCCCOc1ccc(C(=O)Oc2ccc(C#N)cc2)cc1,10.0,train
*C(=O)c1ccc2c(c1)C(=O)N(c1cccc(C(=O)c3cccc(N4C(=O)c5ccc(*)cc5C4=O)c3)c1)C2=O,242.0,train
*CC1CCCC(CNC(=O)c2cc(C(=O)N*)cc(C(C)(C)C)c2)C1,200.0,train
*c1ccc2c(c1)C(=O)N(c1ccc(C3(c4ccc(N5C(=O)c6ccc(C(*)(C(F)(F)F)C(F)(F)F)cc6C5=O)c(C(C)C)c4)c4ccccc4-c4ccccc43)cc1C(C)C)C2=O,299.0,train
*CC(O*)c1ccco1,12.5,train
*CCOP(=O)(/N=N/c1ccc(COC(=O)c2cc(C(=O)OCc3ccc(/N=N/P(=O)(O*)OC)cc3)cc(C(C)(C)C)c2)cc1)OC,105.0,train
*CC(*)(C)C(=O)Oc1ccc(C#N)cc1,155.0,train
*CC(*)(C)C(=O)OCC(F)(F)C(F)(F)C(F)(F)C(F)(F)C(F)(F)C(F)F,12.5,train
*c1ccc(-c2cnc3ccc(Oc4ccc5ncc(*)nc5c4)cc3n2)cc1,306.0,train
*Oc1ccc(CC(NC(=O)CCc2ccc(OC(=O)COCCOCC(*)=O)cc2)C(=O)OCCCCCCCC)cc1,16.0,train
*OC(F)(F)C(*)(F)F,-48.0,train
*Oc1ccc(C(c2ccc(OC(*)=O)cc2)(C(F)(F)F)C(F)(F)F)cc1,176.0,train
*c1cccc(P(=O)(c2ccccc2)c2cccc(N3C(=O)c4ccc(NC(=O)OCCOc5ccc(C(C)(C)c6ccc(OCCOC(=O)Nc7ccc8c(c7)C(=O)N(*)C8=O)cc6)cc5)cc4C3=O)c2)c1,220.0,train
*c1ccc(Oc2ccc(S(=O)(=O)c3ccc(Oc4ccc(-c5nc(-c6ccccc6)[nH]c5*)cc4)cc3)cc2)cc1,277.0,train
*CCCCCC(=O)Oc1ccc(OC(=O)c2ccc3c(c2)C(=O)N(*)C3=O)cc1,89.0,train
*CCC[Si](*)(C)O[Si](C)(C)CCCOc1ccc(C#N)cc1,-45.5,train
*Oc1ccc(S(=O)(=O)c2ccc(Oc3ccc(C(C)(C)c4ccc(*)c(N)c4)cc3N)cc2)cc1,230.4,train
*/C=C/C1CC(*)C2C(=O)N(CCCC)C(=O)C12,131.0,train
*/C=C/C1CC(*)C(C#N)([Si](C)(C)O[Si](C)(C)C)C1,88.0,train
*CCCCCCCCCCOC(=O)c1ccc(-c2ccc(C(=O)O*)cc2)cc1,52.0,train
*CC(*)OC(=O)C(C)(C(C)C)C(C)C,120.0,train
*Oc1ccc2cc(Oc3ccc(S(=O)(=O)c4ccc(*)cc4)cc3)ccc2c1,231.0,train
*c1cc(CCCCCC)c(*)s1,20.3,train
*CCCCCCNC(=O)c1cc(C(=O)N*)cc(C(C)(C)C)c1,163.0,train
*Oc1ccc(C(=O)OCCOCCOC(=O)c2ccc(OC(*)=O)cc2)cc1,51.0,train
*Nc1ccc(NC(=O)c2cc(C(*)=O)cc(S(=O)(=O)c3ccccc3)c2)cc1,308.0,train
*CCCCCCOc1ccc(-c2cc(-c3ccc(-c4ccccc4)cc3)c(-c3ccc(NC(=O)c4ccc(C(=O)Nc5ccc(-c6c(-c7ccc(-c8ccccc8)cc7)cc(-c7ccc(O*)cc7)cc6-c6ccc(-c7ccccc7)cc6)cc5)cc4)cc3)c(-c3ccc(-c4ccccc4)cc3)c2)cc1,121.5,train
*c1ccc(Oc2ccc(C(C)(C)c3ccc(Oc4ccc(-c5nc(-c6ccccn6)nnc5*)cc4)cc3)cc2)cc1,220.0,train
*C/C=C/C(C)S(*)(=O)=O,71.0,train
*c1ccc(Sc2ccc(-n3c(=O)c4cc5c(=O)n(*)c(=O)c5cc4c3=O)cn2)nc1,359.0,train
*c1ccc(Oc2cccc(-c3cc(-c4ccccc4)cc(-c4cccc(Oc5ccc(-n6c(=O)c7cc8c(=O)n(*)c(=O)c8cc7c6=O)cc5)c4)n3)c2)cc1,264.0,train
*c1ccc(-c2ccc(N(*)c3ccc(C)cc3)cc2)cc1,85.0,train
*CCCCCCCCNC(=O)CCCCCCCCC(=O)N*,54.0,train
*c1ccc(C(C)(C)c2ccc(C(C)(C)c3ccc(N4C(=O)c5ccc(Oc6ccc7cc(Oc8ccc9c(c8)C(=O)N(*)C9=O)ccc7c6)cc5C4=O)cc3)cc2)cc1,246.0,train
*c1cc(Br)c(-c2c(Br)cc(N3C(=O)c4ccc(-c5ccc6c(c5)C(=O)N(*)C6=O)cc4C3=O)cc2C(=O)OCCCC)c(C(=O)OCCCC)c1,196.0,train
*CC(*)c1ccc(-c2ccc3c(c2)C(CCCCCC)(CCCCCC)c2ccccc2-3)cc1,81.25,train
*C(=O)Nc1ccc(C2(c3ccc(NC(=O)c4ccc5c(c4)C(=O)N(c4ccc(Oc6cccc(Oc7ccc(N8C(=O)c9ccc(*)cc9C8=O)cc7)c6)cc4)C5=O)cc3)c3ccccc3-c3ccccc32)cc1,278.0,train
*OC1C(CO)OC(*)C(N)C1O,194.0,train
*C(=O)c1ccc(Oc2ccc(C(C)(C)c3ccc(Oc4ccc(*)s4)cc3)cc2)s1,124.0,train
*CC(*)(CC(=O)OCC)C(=O)O,135.0,train
*CC(*)c1ccccc1C(=O)OCC(C)C,127.0,train
*c1ccc(Cc2ccc(N3C(=O)c4ccc([Si](C)(C)c5ccc([Si](C)(C)c6ccc7c(c6)C(=O)N(*)C7=O)cc5)cc4C3=O)cc2)cc1,295.0,train
*c1ccc(Oc2ccc(-c3nc4cc(Oc5ccc(NC(=O)c6ccc7c(c6)C(=O)N(c6ccc(C(c8ccc(N9C(=O)c%10ccc(C(=O)Nc%11ccc(Oc%12ccc%13nc(-c%14ccc([N+](=O)[O-])cc%14)c(*)nc%13c%12)cc%11)cc%10C9=O)cc8)(C(F)(F)F)C(F)(F)F)cc6)C7=O)cc5)ccc4nc3-c3ccc([N+](=O)[O-])cc3)cc2)cc1,303.0,train
*C1CCC(CC2CCC(N3C(=O)c4ccc(Oc5ccc6c(c5)C(=O)N(*)C6=O)cc4C3=O)C(C)C2)CC1C,250.0,train
*Cc1cccc(COC(=O)Nc2ccc(Cc3ccc(NC(=O)O*)cc3)cc2)c1,106.0,train
*Oc1ccc(CC(NC(=O)CCc2ccc(OC(=O)CCCCCCCCC(*)=O)cc2)C(=O)OCCOCCOCC)cc1,2.0,train
*C(=O)Nc1ccc(C2(c3ccc(N4C(=O)c5ccc(*)cc5C4=O)cc3)CCC(C)CC2)cc1,322.0,train
*Oc1ccccc1C(=O)OC(=O)c1ccccc1OC(=O)CCCCC(*)=O,55.0,train
*NC(CCC(=O)OCCCCC)C(*)=O,-20.0,train
*/C=C/c1ccc(/C=C/[Si](C)(C)c2cccc([Si](*)(C)C)c2)cc1,33.0,train
*CC(*)c1cc(C)ccc1C,143.0,train
*/C=C/C1CC(*)C2CC=CC12,53.0,train
*CCOCCOCCOCCOC(=O)CCSCCC(=O)O*,-38.0,train
*N=P(*)(OCCCCCC)OCCCCCC,-104.0,train
*CC(OC=O)C(COC(=O)O*)OC=O,54.3,train
*CC(*)c1ccc(-c2cccc3nsnc23)cc1,150.0,train
*Oc1ccc(S(=O)(=O)c2ccc(Oc3ccc(C(C)(C)c4ccc(*)cc4)cc3)c([N+](=O)[O-])c2)cc1[N+](=O)[O-],206.0,train
*Oc1ccc(S(=O)(=O)c2ccc(Oc3ccc(P(C)(=O)c4ccc(*)cc4)cc3)cc2)cc1,233.0,train
*c1ccc(Cc2ccc(N3C(=O)C(Cl)=C(Oc4ccc(C(c5ccc(OC6=C(Cl)C(=O)N(*)C6=O)cc5)(C(F)(F)F)C(F)(F)F)cc4)C3=O)cc2)cc1,189.0,train
*Oc1ccc(C(C)(C)c2ccc(Oc3ccc(C(=O)c4cccc5cccc(C(=O)c6ccc(*)cc6)c45)cc3)cc2)cc1,210.5,train
*CCCCCCCC(=O)OCCOC(=O)CCCCCCCC1OCC2(COC(*)OC2)CO1,0.0,train
*C(=O)Nc1ccc(NC(=O)c2ccc(N3C(=O)c4ccc(*)cc4C3=O)cc2)cc1,297.5,train
*Oc1ccc(NC(=O)c2cc(NC(=O)C34CC5CC(CC(C5)C3)C4)cc(C(=O)Nc3ccc(*)cc3)c2)cc1,335.0,train
*CC(C)(CC)COC(=O)CCCCCCCCC(=O)O*,-69.0,train
*CCOc1ccc(/C=C2\CC/C(=C\c3ccc(OCCOP(=O)(O*)OC)c(OC)c3)C2=O)cc1OC,99.0,train
*CC(*)(C)C(=O)OCCCCCCCCCCCC,-47.9,train
*Nc1cccc(NC(=O)c2ccc(C(*)=O)cc2)c1,238.0,train
*CCCCCNC(=S)N*,55.0,train
*c1ccc(Oc2ccc(N3C(=O)c4cccc(Oc5ccc(Sc6ccc(Oc7cccc8c7C(=O)N(*)C8=O)cc6)cc5)c4C3=O)cc2)cc1,234.0,train
*Oc1ccc(OC(=O)c2ccc(C(*)=O)cc2Oc2ccc(C(C)(C)c3ccccc3)cc2)cc1,93.0,train
*Oc1ccc(NC(=O)c2cc(C(=O)Nc3ccc(Oc4ccc(C(C)(C)c5ccc(*)cc5)cc4)cc3)cc(C(C)(C)C)c2)cc1,244.0,train
*c1ccc(N2C(=O)c3ccc(Oc4ccc(Sc5ccc(Oc6ccc7c(c6)C(=O)N(*)C7=O)cc5)cc4)cc3C2=O)cc1,238.0,train
*Oc1ccc(CC(NC(=O)CCc2ccc(OC(=O)CCC(C)CC(*)=O)cc2)C(=O)OCc2ccccc2)cc1,55.0,train
*Oc1cccc(C(=O)OCC(F)(F)C(F)(F)C(F)(F)COC(=O)c2cccc(*)c2)c1,20.0,train
*CC(*)(C)C(=O)OCCCCn1c2ccccc2c2cc(/N=N/c3ccc([N+](=O)[O-])cc3[N+](=O)[O-])ccc21,132.0,train
*CCOC(=O)C1CCC(C(=O)O*)CC1,25.0,train
*CC(*)(C)c1ccc(C)cc1,176.0,train
*Oc1cccc(C(=O)Nc2ccc(S(=O)(=O)c3ccc(NC(=O)c4cccc(Oc5nc(*)nc(Sc6ccccc6)n5)c4)cc3)cc2)c1,304.0,train
*CCCCOCO*,-84.0,train
*N=P(*)(OCc1ccccc1)OCc1ccccc1,-31.4,train
*C(=O)c1ccc2c(c1)C(=O)N(c1cccc(S(=O)(=O)c3cccc(N4C(=O)c5ccc(*)cc5C4=O)c3)c1)C2=O,278.0,train
*CC(*)c1ccc(C(C)C)cc1,62.4,train
*c1cccc(NC(=O)c2ccc(OCCOCCOc3ccc(C(=O)Nc4ccc5[nH]c(*)nc5c4)cc3)cc2)c1,215.0,train
*Oc1ccc(NC(=O)c2ccc(C(=O)Nc3ccc(Oc4ccc(C(c5ccc(*)cc5)(C(F)(F)F)C(F)(F)F)cc4)cc3)cc2)cc1,243.0,train
*/C(C#N)=C/c1ccc(N(CC)Cc2ccccc2CN(CC)c2ccc(/C=C(\C#N)S(*)(=O)=O)cc2)cc1,190.0,train
*C1Cc2ccccc2C1*,188.5,train
*CCCCCCCCNC(=O)c1ccc(C(=O)N*)cc1,123.0,train
*CC(*)OC(=O)c1ccc([Si](C)(C)C)cc1,130.5,train
*O[Si](*)(CC)CC,-139.0,train
*C(=O)CCCCCCCCC(=O)N1CC(C)N(*)CC1C,-60.5,train
*COC(=O)c1ccc(/C(C#N)=C(\c2ccc(OC)cc2)N2CCCC(*)C2)cc1,176.0,train
*C(=O)c1ccc2c(c1)C(=O)N(c1ccc(Oc3ccc(NC(=O)c4cccc(C(=O)Nc5ccc(Oc6ccc(N7C(=O)c8ccc(*)cc8C7=O)cc6)cc5)c4)cc3)cc1)C2=O,232.0,train
*c1ccc(Cc2ccc(N3C(=O)c4ccc(Oc5ccc6c(c5)C(=O)N(*)C6=O)cc4C3=O)cc2)cc1,271.0,train
*Oc1cccc(OC(=O)c2cc(OCCCCC)cc(C(*)=O)c2)c1,96.0,train
*c1ccc(Oc2ccc(-c3cc(-c4ccccc4)c4cc5c(-c6ccccc6)cc(*)nc5cc4n3)cc2)cc1,380.5,train
*Oc1ccc(OC(=O)c2cc(OCCCCCCCCCCOCC3CCCN3c3ccc([N+](=O)[O-])cc3)c(C(*)=O)cc2OCCCCCCCCCCOCC2CCCN2c2ccc([N+](=O)[O-])cc2)cc1,30.0,train
*N=P(Cl)(Cl)N=P(Cl)(Cl)N=S(*)(=O)F,-56.0,train
*CC(*)c1cccc2c1OCO2,119.0,train
*c1cccc(-c2nc3cc(-c4ccc5nc(*)c(-c6ccccc6)nc5c4)ccc3nc2-c2ccccc2)c1,319.0,train
*Oc1ccc(OC(=O)c2ccc(C(*)=O)cc2Sc2ccc(C)cc2)cc1,134.0,train
*CC(*)(C)C(=O)OCCCCCC(=O)Oc1ccc(OC(=O)c2ccc(OCCCCCC)cc2)cc1,44.0,train
*CCOCCOP(=O)(/N=N/c1ccc(C(=O)c2ccc(/N=N/P(=O)(O*)OC)cc2)cc1)OC,33.0,train
*OC1CCC(OC(=O)OCCCCOC(*)=O)CC1,30.0,train
*Oc1ccc(S(=O)(=O)c2ccc(Oc3c(C)cc(C(c4cc(C)c(*)c(C)c4)(C(F)(F)F)C(F)(F)F)cc3C)cc2C(OC)(C(F)(F)F)C(F)(F)F)c(C(OC)(C(F)(F)F)C(F)(F)F)c1,163.0,train
*OCCOC(=O)c1cccc(C(=O)OCCOc2nc(-c3ccc(OCCCC)cc3)nc(*)c2-c2ccc(OC)cc2)c1,92.0,train
*Oc1ccc(S(=O)(=O)c2ccc(Oc3ccc(NC(=O)c4cccc(C(=O)Nc5ccc(*)cc5)c4)cc3)cc2)cc1,260.0,train
*CC(*)c1ccc(/C(C)=N/O)cc1,134.0,train
*Sc1ccc(Sc2ccc(Sc3ccc(P(=O)(c4ccccc4)c4ccc(*)cc4)cc3)cc2)cc1,175.0,train
*CC(O)COc1ccc(C(C)(CC)c2ccc(O*)cc2)cc1,95.0,train
*N=P(*)(OC1COCCOCCOCCOCCOC1)OC1COCCOCCOCCOCCOC1,-3.85,train
*CC(*)(CC(=O)OC1CCCCC1)C(=O)OC1CCCCC1,142.0,train
*Nc1cccc(CCc2ccc(NC(=O)c3ccc(C(*)=O)cc3)cc2)c1,203.0,train
*CC(C[Si](*)(C)C)c1cccc2ccccc12,39.0,train
*c1ccc2c(c1)C(=O)N(c1cccc(S(=O)(=O)c3cccc(N4C(=O)c5ccc(C(*)(C(F)(F)F)C(F)(F)F)cc5C4=O)c3)c1)C2=O,271.0,train
*CC(CCCCCCCCCC)C(CCCCCCCCCC)COC(=O)c1ccc(C(=O)O*)cc1,-38.0,train
*OC(COC(=O)c1cccc(-c2ccc(C(*)=O)cc2)c1)COc1ccc(/N=N/c2ccc(C#N)cc2)cc1,135.0,train
*CCCCCCCNC(=O)c1ccc(C(=O)N*)cc1,160.0,train
*CC(OCCCC)C(C(=O)OC)C(*)C(=O)OC,32.5,train
*CC(SS*)c1ccccc1,4.8,train
*CC(*)(C)C(=O)OC1CC2CCC1(C)C2(C)C,180.5,train
*CC(CC(*)(C#N)C#N)c1ccc(OC(C)=O)cc1,180.0,train
*c1ccc(Oc2cccc(Oc3ccc(N4C(=O)c5ccc(Oc6cc7ccccc7cc6Oc6ccc7c(c6)C(=O)N(*)C7=O)cc5C4=O)cc3)c2)cc1,208.0,train
*c1ccc(Oc2ccc(-c3cc(-c4ccccc4)c4cc(C5(c6ccc7nc(*)cc(-c8ccccc8)c7c6)c6ccccc6-c6ccccc65)ccc4n3)cc2)cc1,315.0,train
*O[Si](*)(C)CCCCOc1ccc(-c2ccc(C#N)cc2)cc1,22.5,train
*c1ccc(-c2nc3ccc(Oc4ccc(Oc5ccc(P(=O)(c6ccccc6)c6ccc(Oc7ccc(Oc8ccc9nc(*)c(-c%10ccccc%10)nc9c8)cc7)cc6)cc5)cc4)cc3nc2-c2ccccc2)cc1,248.0,train
*CN1C(=O)c2ccc(C(c3ccc4c(c3)C(=O)N(Cc3nc5ccc(Cc6ccc7nc(*)oc(=O)c7c6)cc5c(=O)o3)C4=O)(C(F)(F)F)C(F)(F)F)cc2C1=O,218.0,train
*O[Si](C)(C)O[Si](C)(C)O[Si](C)(C)c1ccc(Oc2ccc([Si](*)(C)C)cc2)cc1,-37.0,train
*C1CC(*)(C#N)C1,220.0,train
*CCCN(*)C(=O)C(F)(F)C(F)(F)C(F)(F)C(F)(F)C(F)(F)C(F)(F)C(F)(F)F,25.0,train
*c1nnc(-c2cc(CCCCCCCCCC)c(-c3sc(-c4nnc(-c5cc(OCCCCCCCC)c(*)cc5OCCCCCCCC)o4)cc3CCCCCCCCCC)s2)o1,53.8,train
*OC(=O)C(C)NC(=O)CCCCCCCCCCC(=O)NC(C)C(=O)OC1COC2C(*)COC12,28.0,train
*CCCCCCCC(c1ccc(O)cc1)C(*)c1ccc(O)cc1C,4.0,train
*CC(*)C(=O)Oc1cc(C)cc(C)c1,54.0,train
*c1ccc2c(c1)C(=O)N(c1cccc(C(F)(F)C(F)(F)C(F)(F)c3cccc(N4C(=O)c5ccc(C(F)(F)C(F)(F)C(F)(F)C(F)(F)C(F)(F)C(F)(F)C(*)(F)F)cc5C4=O)c3)c1)C2=O,133.5,train
*NC(CCC(=O)OCc1ccc(C(F)(F)F)cc1)C(*)=O,26.57,train
*Nc1ccc(NC(=O)c2cc(C(*)=O)c(C(=O)O)cc2C(=O)O)cc1,283.4,train
*c1ccc(C(=O)Nc2ccc(-c3cc(Br)ccc3NC(=O)c3ccc(S(*)(=O)=O)cc3)cc2)cc1,288.0,train
*CCCCCCCCCCCCCCc1ccc(-c2c(-c3ccccc3)cc(-c3ccc(-c4cc(-c5ccccc5)c(-c5ccc(*)cc5)c(-c5ccccc5)c4-c4ccccc4)cc3)c(-c3ccccc3)c2-c2ccccc2)cc1,185.0,train
*Oc1ccc(S(=O)(=O)c2ccc(Oc3ccc(C(C)(c4ccccc4)c4ccc(*)cc4)cc3)cc2)cc1,207.0,train
*CC(*)(C)C(=O)OCc1cccs1,66.0,train
*C(=O)Nc1ccc(Oc2ccc(C3(c4ccc(Oc5ccc(NC(=O)c6ccc7c(c6)C(=O)N(c6ccc(Oc8cccc(N9C(=O)c%10ccc(*)cc%10C9=O)c8)cc6)C7=O)cc5)cc4)NC(=O)c4ccccc43)cc2)cc1,272.0,train
*c1ccc(Oc2ccc(C3(c4ccc(Oc5ccc(N6C(=O)c7ccc(Oc8c(C)cc(C(C)(C)c9cc(C)c(Oc%10ccc%11c(c%10)C(=O)N(*)C%11=O)c(C)c9)cc8C)cc7C6=O)cc5)cc4)C4CC5CC(C4)CC3C5)cc2)cc1,282.0,train
*C(=O)Nc1ccc(-c2cc(-c3ccccc3)cc(-c3ccc(NC(=O)c4ccc5c(c4)C(=O)N(c4ccc(Oc6cccc7c(N8C(=O)c9ccc(*)cc9C8=O)cccc67)cc4)C5=O)cc3)n2)cc1,295.0,train
*Nc1ccc(NC(=O)c2ccc(P(=O)(c3ccccc3)c3ccc(C(*)=O)cc3)cc2)cc1,252.0,train
*CC(O)CN(*)c1cc(C)cc(C)c1,80.0,train
*Oc1cccc(Oc2ccc(S(=O)(=O)c3ccc(Oc4ccc(C(=O)c5ccc(*)cc5)cc4)cc3)cc2)c1,167.0,train
*CC(O)COc1ccc(C(C)(C)c2ccc(OCC(O)COc3cccc(NC(=O)C(=O)Nc4cccc(O*)c4)c3)cc2)cc1,119.0,train
*c1ccc(Oc2ccc(-n3c(=O)c4c(Oc5ccc(OCCCC)cc5)c5c(=O)n(*)c(=O)c5c(Oc5ccc(OCCCC)cc5)c4c3=O)cc2)cc1,269.5,train
*CC(=O)Nc1ccc(Oc2ccc(Oc3ccc(NC(=O)CN4C(=O)c5ccc(C(c6ccc7c(c6)C(=O)N(*)C7=O)(C(F)(F)F)C(F)(F)F)cc5C4=O)cc3)cc2)cc1,242.0,train
*CC(*)(C)C(=O)NC(=O)OCCOc1ccc(S(=O)(=O)c2ccc(OCCO)cc2)cc1,131.0,train
*C(=O)c1ccc(Oc2ccc(C(C)(C)c3ccc(Oc4ccc(*)s4)cc3)cc2)cc1,151.0,train
*CC(O)COC(=O)CCCCCCCCCCC(=O)OCC(O)COc1ccc(C(C)(C)c2ccc(O*)cc2)cc1,25.0,train
*CC(O)CN(CC(O)COc1ccc(C(C)(C)c2ccc(O*)cc2)cc1)c1ccc(/N=N/c2ccc([N+](=O)[O-])cc2)cc1,59.0,train
*O[Si](*)(C)CCCCCn1c2ccccc2c2ccccc21,7.0,train
*/C=C/c1ccc(/C=C/[Si](C)(CCC(F)(F)F)c2cccc([Si](*)(C)CCC(F)(F)F)c2)cc1,23.4,train
*CCCCCCCCOc1c(OC)cc(/C=C/c2cc(C(C)C)c(/C=C/c3cc(OC)c(O*)c(OC)c3)cc2C(C)C)cc1OC,85.0,train
*c1ccc(Oc2ccc(Oc3ccc(N4C(=O)c5cccc(Oc6c(C)cc(Cc7cc(C)c(Oc8cccc9c8C(=O)N(*)C9=O)c(C)c7)cc6C)c5C4=O)c(C)c3)cc2)cc1C,238.0,train
*C(F)(F)C1(F)C(F)(F)C(*)(F)C(F)(F)C1(F)F,117.0,train
*CC(*)(C)C(=O)OC(C)C,85.0,train
*Nc1ccc(NC(=O)c2ccc(NC(=O)c3cc(NC(=O)C45CC6CC(CC(C6)C4)C5)cc(C(*)=O)c3)cc2)cc1,365.0,train
*c1ccc(Oc2ccc(-c3ccc(Oc4ccc(N5C(=O)c6cccc(Oc7c(C)cc(Cc8cc(C)c(Oc9cccc%10c9C(=O)N(*)C%10=O)c(C)c8)cc7C)c6C5=O)cc4)cc3)cc2)cc1,259.0,train
*CCCC(C)CN1C(=O)c2ccc(C(=O)Oc3ccc4cc(OC(=O)c5ccc6c(c5)C(=O)N(*)C6=O)ccc4c3)cc2C1=O,130.0,train
*C(=O)c1ccc(Oc2ccc(S(=O)(=O)c3ccc(Oc4ccc(C(=O)c5ccc6c(c5)C(=O)N(c5ccc(Oc7ccc(N8C(=O)c9ccc(*)cc9C8=O)cc7)cc5)C6=O)cc4)cc3)cc2)cc1,241.0,train
*N=P(*)(Oc1ccc(Cc2ccccc2)cc1)Oc1ccc(Cc2ccccc2)cc1,13.3,train
*CCOCCOCCOCCOC(=O)NCCCCCCNC(=O)O*,-17.0,train
*c1cccc(Cc2cccc(N3C(=O)c4ccc([Si](C)(C)O[Si](C)(C)O[Si](C)(C)c5ccc6c(c5)C(=O)N(*)C6=O)cc4C3=O)c2)c1,208.0,train
*CCCCCCCCCCN/C(C)=N/*,80.0,train
*C(=O)Nc1ccc(Oc2c(C)cc(C(C)(C)c3cc(C)c(Oc4ccc(NC(=O)c5ccc6c(c5)C(=O)N(c5ccc(Oc7ccc(C8(c9ccc(Oc%10ccc(N%11C(=O)c%12ccc(*)cc%12C%11=O)cc%10)cc9)CC9CC8C8CCCC98)cc7)cc5)C6=O)cc4)c(C)c3)cc2C)cc1,276.0,train
*CCN(CCOC(=O)c1ccc(C(=O)O*)cc1)c1ccc(/N=N/c2ccc(-c3nc4ccc([N+](=O)[O-])cc4n3CC)cc2)cc1,149.0,train
*CC(*)OC(C)C,-7.5,train
*CCOC(=O)c1ccc(C(=O)OCCOc2ccc(C(C)(C)c3ccc(O*)cc3)cc2)cc1,83.0,train
*CCCCCCCCCCOc1ccc(/C=C2\CCC/C(=C\c3ccc(O*)cc3)C2=O)cc1,85.0,train
*Oc1ccc(C2(c3ccc(OC(=O)CCCCCCCCCC(*)=O)cc3)c3ccccc3-c3ccccc32)cc1,136.0,train
*Oc1ccc(C(=O)OCCCCCCCOC(=O)c2ccc(OC(=O)c3ccc(C(*)=O)cc3)cc2)cc1,70.0,train
*CCN(*)C(=O)c1c(F)c(F)c(F)c(F)c1F,136.0,train
*CCCCCCOC(=O)OCCCCOC(=O)OCCCCCCOc1ccc(C(=O)c2ccc(O*)cc2)cc1,2.1,train
*CCCCCCCCCCNC(=O)c1ccc(Cc2ccc(C(=O)N*)cc2)cc1,140.0,train
*CC(*)c1ccc(B(Oc2cccc3cccnc23)c2ccc(C(C)(C)C)cc2)cc1,240.0,train
*CC1CC(*)OC(CCC)O1,58.0,train
*CCCCOCCCCOCCCCOC(=O)c1ccc(/N=C/c2cc(OCCCCCC)c(/C=C/c3cc(OCCCCCC)c(/C=C/c4cc(OCCCCCC)c(/C=N/c5ccc(C(=O)O*)cc5)cc4OCCCCCC)cc3OCCCCCC)cc2OCCCCCC)cc1,14.3,train
*CC(*)c1ccccc1C,131.0,train
*Oc1ccc(C(C)(C)c2ccc(OC(=O)OCCN(CCOC(*)=O)c3ccc4[nH]c5ccccc5c4c3)cc2)cc1,90.0,train
*Oc1ccc(C(=O)c2ccccc2)c(-c2cc(Oc3ccc(-c4ccc(*)cc4)cc3)ccc2C(=O)c2ccccc2)c1,174.0,train
*C(=O)Nc1ccc(-c2ccc(NC(=O)c3ccc4c(c3)C(=O)N(c3ccc(Oc5cccc6c(N7C(=O)c8ccc(*)cc8C7=O)cccc56)cc3)C4=O)cc2)cc1,301.0,train
*Oc1cccc(Oc2ccc3c(=O)n4c5cc(-c6ccc7c(c6)nc6c8ccc(*)c9cccc(c(=O)n76)c98)ccc5nc4c4cccc2c34)c1,396.5,train
*C(=O)c1ccc(N(*)CCCC)cc1,124.0,train
*c1ccc(Oc2ccc(S(=O)(=O)c3ccc(Oc4ccc(N5C(=O)c6ccc(Oc7ccc(C(C)(C)c8ccc(Oc9ccc%10c(c9)C(=O)N(*)C%10=O)cc8)cc7)cc6C5=O)cc4)cc3)cc2)cc1,200.0,train
*CC(*)(C)C(=O)NC(=O)Oc1ccc(S(=O)(=O)c2ccc(O)cc2)cc1,182.0,train
*Oc1ccc(Oc2cccc(*)n2)c(C)c1,89.0,train
*CC(*)c1ccc(OCC)cc1,86.0,train
*Oc1ccc(P(C)(=O)c2ccc(Oc3ccc(C(c4ccc(*)cc4)(C(F)(F)F)C(F)(F)F)cc3)cc2)cc1,208.0,train
*Oc1ccc(P(C)(=O)c2ccc(Oc3ccc(P(=O)(c4ccccc4)c4ccc(*)cc4)cc3)cc2)cc1,238.0,train
*Oc1cc(Cl)cc(Cl)c1*,165.0,train
*N=P(*)(OCCOc1ccc(-c2ccc(Br)cc2)cc1)OCCOc1ccc(-c2ccc(Br)cc2)cc1,89.7,train
*CC(*)(C)C(=O)OC(F)(F)C(F)(F)C(F)(F)C(F)(F)C(F)(F)C(F)(F)C(F)(F)C(F)(F)F,49.0,train
*c1ccc(Cc2ccc(N3C(=O)c4ccc([Si](C)(C)O[Si](C)(C)c5ccc6c(c5)C(=O)N(*)C6=O)cc4C3=O)cc2)cc1,232.0,train
*Oc1ccc(-c2ccc(OC(=O)c3cccc(C(*)=O)c3)cc2)cc1,185.5,train
*CC(O*)C(C)(C)C,41.0,train
*CC(*)(C)C(=O)OCCCCC,10.0,train
*OC(=O)OCCOCCOC(=O)OC1COC2C(*)COC12,46.5,train
*OP(=O)(Oc1ccc([N+](=O)[O-])cc1)Oc1c(C)cc(S(=O)(=O)c2cc(C)c(*)c(C)c2)cc1C,173.0,train
*O[Si](C)(C)CCCCCC[Si](*)(C)C,-90.0,train
*CC(*)CNc1ccc([N+](=O)[O-])cc1[N+](=O)[O-],160.0,train
*CCCCCCOC(=O)OCCCCCCN1C(=O)c2ccc(-c3ccc4c(c3)C(=O)N(*)C4=O)cc2C1=O,71.0,train
*OC(COc1ccccc1)CC(*)=O,20.0,train
*c1ccc(S(=O)(=O)c2ccc(-n3nc(-c4ccccc4)c4ccc(S(=O)(=O)c5ccc6c(-c7ccccc7)nn(*)c(=O)c6c5)cc4c3=O)cc2)cc1,422.0,train
*CC(*)(C)C(=O)OCC(CC)CCCC,-10.0,train
*c1cc(C(=O)NCCCCCC)cc(N2C(=O)c3ccc(-c4ccc5c(c4)C(=O)N(*)C5=O)cc3C2=O)c1,256.9,train
*Oc1ccc(Oc2ccc(C(=O)c3ccc(*)cc3)cc2)cc1C(C)(C)C,177.0,train
*CC(*)(C)C(=O)OCCCCCCCCCCOc1ccc(/N=N/c2ccccc2)cc1,56.0,train
*CCOCCOc1ccc(C(=O)OC(=O)c2ccc(O*)cc2)cc1,41.0,train
*NC(CCC(=O)OCC)C(*)=O,0.0,train
*c1c(C)cc(C(c2cccc(C(F)(F)F)c2)c2cc(C)c(N3C(=O)c4ccc(Oc5ccc6c(c5)C(=O)N(*)C6=O)cc4C3=O)c(C)c2)cc1C,264.1,train
*=NP(=NP(=NC(=*)Oc1ccc(C(C)(C)c2ccccc2)cc1)(Oc1ccc(C(C)(C)c2ccccc2)cc1)Oc1ccc(C(C)(C)c2ccccc2)cc1)(Oc1ccc(C(C)(C)c2ccccc2)cc1)Oc1ccc(C(C)(C)c2ccccc2)cc1,55.0,train
*Oc1ccc(Oc2ccc(NC(=O)c3ccc(Oc4ccc(Oc5ccc(C(=O)Nc6ccc(*)cc6)cc5)cc4-c4ccccc4)cc3)cc2)cc1,209.0,train
*CC(*)(C)C(=O)OCCN(C)C,28.62,train
*/C=C(/*)C(CCC)[Si](C)(C)CCCCCC,40.0,train
*CC1CCC(CNC(=O)CCCCCCCCC(=O)N*)CC1,89.0,train
*CC(*)c1cc(C(=O)Oc2ccc(OCCCC)cc2)ccc1C(=O)Oc1ccc(OCCCC)cc1,103.6,train
*Nc1cccc(NC(=O)c2ccc(C(=O)Nc3ccc(C(=O)NC(*)=S)cc3)cc2)c1,273.0,train
*C(=O)Nc1cccc2cccc(N3C(=O)CC(N4C(=O)c5ccc(*)cc5C4=O)C3=O)c12,193.0,train
*C(=O)Nc1ccc(Oc2ccccc2-c2ccccc2Oc2ccc(NC(=O)c3ccc4c(c3)C(=O)N(c3ccc(Oc5ccc(N6C(=O)c7ccc(*)cc7C6=O)cc5)cc3)C4=O)cc2)cc1,239.0,train
*CC(O)COc1ccc(C(C)(C)c2ccc(OCC(O)COc3ccc(C4(c5ccc(O*)cc5)c5ccccc5-c5ccccc54)cc3)cc2)cc1,161.0,train
*c1ccc(Oc2ccccc2Oc2ccc(-n3c(=O)c4cc5c(=O)n(*)c(=O)c5cc4c3=O)cc2C(F)(F)F)c(C(F)(F)F)c1,277.0,train
*c1ccc(Oc2ccc(NC(=O)c3cc(C(=O)Nc4ccc(Oc5ccc(-c6nnc(*)o6)cc5)cc4)cc(N4C(=O)c5ccccc5C4=O)c3)cc2)cc1,285.0,train
*C1C(*)C2CC1C(C(=O)OCc1ccccc1)C2C(=O)OCc1ccccc1,277.0,train
*Oc1ccc(C2(c3ccc(OC(*)=S)cc3)CCCC2)cc1,79.0,train
*CCC(=O)NCc1c(C)c(C)c(CNC(=O)CCO*)c(C)c1C,191.0,train
*c1ccc(Oc2ccc(-c3cnc4ccc(-c5ccc6ncc(*)nc6c5)cc4n3)cc2)cc1,305.0,train
*C(=O)Nc1ccc(Oc2ccc(NC(=O)c3ccc4c(c3)C(=O)N(c3ccc(Oc5cccc6c(N7C(=O)c8ccc(*)cc8C7=O)cccc56)cc3)C4=O)cc2)cc1,278.0,train
*Oc1ccc(C(C)(C)c2ccc(OC(=O)CN(CC(*)=O)c3ccc(/N=N/c4ccc([N+](=O)[O-])cc4)cc3)cc2)cc1,152.0,train
*c1ccc(-c2ccc(Oc3ccc(C4(C)CC(C)(C)c5ccc(Oc6ccc(-c7ccc(N8C(=O)c9ccc(Oc%10ccc%11c(c%10)C(=O)N(*)C%11=O)cc9C8=O)cc7)cc6C(F)(F)F)cc54)cc3)c(C(F)(F)F)c2)cc1,249.0,train
*Oc1ccc(Oc2cccc(C(=O)Oc3ccc(OC(=O)c4cccc(*)c4)cc3)c2)cc1,119.0,train
*CCC1C(=O)N(CCCC)C(=O)C1*,67.9,train
*Nc1ccc(C(=O)c2ccc(Nc3ccc4c(c3)c3cc(*)ccc3n4CC(CC)CCCC)cc2)cc1,236.055,train
*Oc1c(Cl)cc(C2(c3cc(Cl)c(OC(*)=O)c(Cl)c3)CCCCC2)cc1Cl,163.0,train
*C(=O)Nc1cccc(NC(=O)c2ccc3[nH]c(-c4cccc(-c5nc6cc(*)ccc6[nH]5)c4)nc3c2)n1,302.0,train
*CCCCCCOC(=O)Nc1cccc(P(=O)(c2ccccc2)c2cccc(NC(=O)O*)c2)c1,30.0,train
*CC(*)(C)C(=O)OCCCCCCCCCCCCCCCCCC,-100.0,train
*Oc1cc(Br)c(C(C)(C)c2c(Br)cc(OC(*)=O)cc2Br)c(Br)c1,267.0,train
*CCCCCCCCCCOC(=O)c1cccc(C(=O)O*)c1,-22.5,train
*O[Si](C)(C)[Si](*)(C)C,-119.0,train
*C(=O)Nc1cc(NC(=O)c2ccc3c(c2)C(=O)N(c2cc(-c4nnc(-c5ccccn5)o4)cc(N4C(=O)c5ccc(*)cc5C4=O)c2)C3=O)cc(-c2nnc(-c3ccccn3)o2)c1,164.0,train
*C/C=C/COC(=O)C(Cc1ccccc1)NC(=O)/C=C/C(=O)NC(Cc1ccccc1)C(=O)O*,109.0,train
*OS(=O)(=O)c1cc(C)c(*)c(C)c1,153.0,train
*C([2H])([2H])C(*)([2H])c1c([2H])c([2H])c([2H])c([2H])c1[2H],97.0,train
*CCN(CCOC(=O)c1cc(OC2CCN(c3ccc(S(=O)(=O)C(F)(F)C(F)(F)C(F)(F)C(F)(F)C(F)(F)C(F)(F)C(F)(F)C(F)(F)F)cc3)CC2)cc(C(=O)O*)c1)c1ccc(S(=O)(=O)C(F)(F)C(F)(F)C(F)(F)C(F)(F)C(F)(F)C(F)(F)C(F)(F)C(F)(F)F)cc1,99.0,train
*CC(O)COC(=O)CCCCCCCCC(=O)OCC(O)COc1ccc(/C=C(\C)c2ccc(O*)cc2)cc1,30.0,train
*CC(*)(C(=O)OC)c1ccccc1,121.0,train
*Oc1ccc(C(CCC)(CCC)c2ccc(OC(*)=O)cc2)cc1,148.0,train
*CCCOC(=O)CCCCC(=O)O*,-55.0,train
*Nc1cc(NC(=O)c2ccc(C(*)=O)cc2)cc(C(=O)OC(c2ccccc2)c2ccccc2)c1,217.0,train
*C(=O)Nc1cc(C(c2cc(C)c(C)c(NC(=O)c3ccc4c(c3)C(=O)N(c3cccc5c(N6C(=O)c7ccc(*)cc7C6=O)cccc35)C4=O)c2)(C(F)(F)F)C(F)(F)F)cc(C)c1C,250.0,train
*/C(C)=C(/*)[Si](C)(C)CC[Si](C)(C)C,200.0,train
*c1ccc(Oc2ccc(N3C(=O)c4ccc(C(=O)c5ccc6c(c5)C(=O)N(c5ncc(*)s5)C6=O)cc4C3=O)cc2)cc1,320.2,train
*/C=C/c1ccc(/C=C/[Si](C)(C)c2cccc([Si](*)(C)C)c2)cc1,39.2,train
*c1cccc(N2C(=O)c3ccc(Oc4c(C)cc(Cc5cc(C)c(Oc6ccc7c(c6)C(=O)N(*)C7=O)c(C)c5)cc4C)cc3C2=O)c1,245.0,train
*C1OCOC(C(*)(F)F)C1(F)F,125.0,train
*CCCCCCOC(=O)c1cccc(C(=O)O*)c1,5.5,train
*CC(OC(=O)C(Cc1ccccc1)NC(=O)OC(C)(C)C)C(COC(=O)O*)OC(=O)C(Cc1ccccc1)NC(=O)OC(C)(C)C,82.4,train
*OS(=O)(=O)c1cc(S(=O)(=O)Oc2ccc(C3(c4ccc(*)cc4)CCCC3)cc2)ccc1C,134.0,train
*CCCCCNC(=O)CCCCCCCCCCCCCCCCCCC(=O)N*,52.0,train
*C(=O)Nc1ccc(Cc2ccc(NC(=O)c3ccc4c(c3)C(=O)N(c3ccc(Oc5ccc(N6C(=O)c7ccc(*)cc7C6=O)cc5)cc3)C4=O)cc2)cc1,270.0,train
*CCCCCCC(=O)Oc1ccc(-c2ccc(OC(=O)c3ccc4c(c3)C(=O)N(*)C4=O)cc2)cc1,107.0,train
*c1ccc2c(c1)C(=O)N(c1ccc(Oc3ccc(N4C(=O)c5ccc(C(F)(F)C(F)(F)C(F)(F)C(F)(F)C(F)(F)C(*)(F)F)cc5C4=O)cc3)cc1)C2=O,185.0,train
*CC(*)(C)C(=O)Oc1ccc(C)cc1C,109.0,train
*CC(*)c1cc(C)c(C)cc1C,104.0,train
*CCCCCCCCCCOc1ccc(/C=N/c2ccc(-c3ccc(/N=C/c4ccc(O*)cc4O)c(OC)c3)cc2OC)c(O)c1,72.0,train
*Nc1ccc(Cc2ccc(NC(=O)c3cc(NC(=O)c4ccc(NC(=O)C(CC(C)C)N5C(=O)c6ccccc6C5=O)cc4)cc(C(*)=O)c3)cc2)cc1,238.0,train
*CCCCCOc1ccc(OC(=O)c2ccc(C(=O)Oc3ccc(O*)cc3)cc2)cc1,112.0,train
*NC(CCC(=O)Nc1ccc(N(c2ccccc2)c2ccccc2)cc1)C(*)=O,132.0,train
*CC(*)c1ccc(C(C)(O)CCCC)cc1,90.0,train
*Oc1ccc(CC(NC(=O)CCc2ccc(OC(=O)COCCOCC(*)=O)cc2)C(=O)OC(C)C)cc1,58.0,train
*Oc1ccc(C(*)=O)cc1CCCCC,50.0,train
*O[Si](*)(C)OCCOCCOCCOC,-120.1,train
*Oc1ccc(S(=O)(=O)c2ccc(Oc3c(C)cc(C(c4cc(C)c(*)c(C)c4)(C(F)(F)F)C(F)(F)F)cc3C)cc2C(O)(C(F)(F)F)C(F)(F)F)c(C(O)(C(F)(F)F)C(F)(F)F)c1,196.0,train
*c1cccc(OCCCCCCOc2cccc(N3C(=O)c4ccc(-c5cccc6c5C(=O)N(*)C6=O)cc4C3=O)c2)c1,157.0,train
*C(=O)c1ccc2c(c1)C(=O)N(c1ccc(OCCOc3ccc(N4C(=O)c5ccc(*)cc5C4=O)cc3)cc1)C2=O,246.0,train
*CCCCN1C(=O)c2ccc(C(c3ccc4c(c3)C(=O)N(*)C4=O)(C(F)(F)F)C(F)(F)F)cc2C1=O,190.0,train
*O[Si](*)(C)CCCCCCOc1ccc(C(=O)Oc2ccc(C(=O)Oc3ccc(C=C(C(=O)OCCCCCCCCC)C(=O)OCCCCCCCCC)cc3)cc2)cc1,-4.0,train
*C(=O)c1ccc2c(c1)C(=O)N(c1cccc(P(=O)(c3ccc(C(F)(F)F)cc3)c3cccc(N4C(=O)c5ccc(*)cc5C4=O)c3)c1)C2=O,264.0,train
*c1ccc(Oc2ccc(-n3nccc3-c3cccc(-c4ccnn4*)c3)cc2)cc1,216.0,train
*Nc1cccc(NC(=O)c2cc(NC(=O)c3ccccc3)cc(C(*)=O)c2)c1,300.0,train
*c1ccc2c(c1)C(=O)N(c1cccc(C(F)(F)C(F)(F)C(F)(F)C(F)(F)C(F)(F)c3cccc(N4C(=O)c5ccc(C(F)(F)C(F)(F)C(F)(F)C(F)(F)C(F)(F)C(F)(F)C(*)(F)F)cc5C4=O)c3)c1)C2=O,108.5,train
*CC(*)c1cc(Cl)ccc1Cl,108.0,train
*c1ccc(Sc2cc3c(cc2Sc2ccc(N4C(=O)C5C6C=CC(C7C(=O)N(*)C(=O)C67)C5C4=O)cc2)C(=O)N(CCc2ccccc2)C3=O)cc1,258.0,train
*CC(*)(C)C(=O)OCC=C,94.0,train
*CCCCCCCCCCOC(=O)NCc1ccc(CNC(=O)O*)cc1,49.0,train
*c1ccc(Oc2ccc(Oc3ccc(N4C(=O)c5cccc(Oc6cccc7c6C(=O)N(*)C7=O)c5C4=O)cc3)cc2)cc1,258.0,train
*CC(*)(C)C(=O)OCCCCCOc1ccc2cc(C(=O)Oc3ccccc3)ccc2c1,48.0,train
*Cc1ccccc1CN(CC)c1ccc(/C=C/c2ccc(/C=C(\C#N)C(=O)NC3CCCCC3NC(=O)/C(C#N)=C/c3ccc(/C=C/c4ccc(N(*)CC)cc4)cc3)cc2)cc1,201.0,train
*c1ccc(C(C#N)(C(=O)OCC(C)C)C(*)(C#N)C(=O)OCC(C)C)cc1,108.0,train
*C(=O)c1ccc2c(c1)C(=O)N(c1cc(N3C(=O)c4ccc(*)cc4C3=O)c(O)cc1O)C2=O,324.0,train
*c1ccc(Cc2ccc(N3C(=O)c4c(c(-c5ccccc5)c(-c5ccc(Oc6ccc(-c7c(-c8ccccc8)c8c(c(-c9ccccc9)c7-c7ccccc7)C(=O)N(*)C8=O)cc6)cc5)c(-c5ccccc5)c4-c4ccccc4)C3=O)cc2)cc1,356.0,train
*O[Si](C)(C)O[Si](C)(C)C#Cc1ccc(C#C[Si](*)(C)C)cc1,104.0,train
*c1ccc(-c2ccc(-c3cc(-c4ccc(Oc5ccc(-c6ccccc6)cc5)cc4)c4cc(-c5ccc6nc(*)cc(-c7ccc(Oc8ccc(-c9ccccc9)cc8)cc7)c6c5)ccc4n3)cc2)cc1,364.0,train
*C(c1ccc(N(C)C)cc1)C(*)c1ccc([N+](=O)[O-])cc1,139.0,train
*c1c(C)cc(Cc2cc(C)c(N3C(=O)c4ccc(Oc5c(C)cc(Cc6cc(C)c(Oc7ccc8c(c7)C(=O)N(*)C8=O)c(C)c6)cc5C)cc4C3=O)c(C)c2)cc1C,264.0,train
*OC(C)(CC(*)=O)C(F)(F)F,27.0,train
*CC(O)COc1ccc(C(C)(C)c2ccc(OCC(O)COc3ccc(C(=O)Nc4ccc(O*)cc4)cc3)cc2)cc1,127.0,train
*C(=O)c1ccc2nc(-c3ccccc3)c(-c3ccc(N4C(=O)c5ccc(C(=O)c6ccc7c(c6)C(=O)N(c6ccc(-c8nc9cc(*)ccc9nc8-c8ccccc8)cc6)C7=O)cc5C4=O)cc3)nc2c1,255.0,train
*C(=O)c1ccc2c(c1)C(=O)N(c1ccc(/C=C/c3ccc(N4C(=O)c5ccc(*)cc5C4=O)cc3S(=O)(=O)O[Na])c(S(=O)(=O)O[Na])c1)C2=O,229.0,train
*N=P(*)(C)CCCCCC,-69.0,train
*CCCCOC(=O)/C=C/C(=O)O*,93.0,train
*Oc1cc(OC(=O)c2ccc(OCCCC)cc2)c(OC(=O)CCCCCC(*)=O)cc1OC(=O)c1ccc(OCCCC)cc1,45.0,train
*CC(*)CNc1ccc([N+](=O)[O-])cn1,151.0,train
*CC(*)CC[Si](C)(C)C,132.0,train
*Oc1ccc(S(=O)(=O)c2ccc(Oc3ccc(/C=C4\CCC/C(=C\c5ccc(*)cc5)C4=O)cc3)cc2)cc1,190.0,train
*Oc1ccc(C(C)(C)c2ccc(OC(=O)CCCCC(*)=O)c(C)c2)cc1C,33.5,train
*CCCCCCOC(=O)C(CCCCCCCCCCBr)C(=O)OCCCCCCOc1ccc(-n2on2-c2ccc(O*)cc2)cc1,16.0,train
*CC(*)(C)C(=O)Oc1ccc(C(C)(C)C)cc1,91.0,train
*CC(*)OC(C)=O,32.0,train
*Nc1ccc(-c2ccc(NC(=O)c3ccc(C(*)=O)cc3)cc2)cc1,340.0,train
*c1ccc(OC(=O)c2cccc(C(=O)Oc3ccc(C4(*)OC(=O)c5ccccc54)cc3)c2)cc1,282.5,train
*CC(*)(C)C(=O)OCc1ccc2c(c1)c1ccccc1n2CCCCCCCCCC,29.0,train
*Oc1ccc(-c2ccc(Oc3ccc(C(=O)c4cccc(C(=O)c5ccc(*)cc5)c4)cc3)cc2)cc1,159.0,train
*CC(*)(C)C(=O)OCCCCCCOc1ccc(C(=O)Oc2ccc(/N=N/c3ccc(F)cc3)c3ccccc23)cc1,42.0,train
*CCC/C=C(/*)c1ccc(Cl)cc1,16.0,train
*c1ccc(Oc2cc3ccccc3cc2Oc2ccc(N3C(=O)c4ccc(Oc5ccc6c(c5)C(=O)N(*)C6=O)cc4C3=O)cc2)cc1,275.5,train
*Oc1ccc(/C(=N/c2ccc(/N=C(\c3ccccc3)c3ccc(Oc4ccc(C(c5ccccc5)(c5ccccc5)c5ccc(*)cc5)cc4)cc3)cc2)c2ccccc2)cc1,198.0,train
*c1ccc(-c2ccc(-c3cnc4cc(-c5ccc6nc(*)cnc6c5)ccc4n3)cc2)cc1,345.5,train
*/C=C/C1CC(*)C2CC=CC12,149.0,train
*Cc1cc2cc(C(=O)Nc3ccc(Oc4ccc(NC(=O)c5cc6cc(*)c(OC(=O)COc7ccc8ccc(=O)oc8c7)cc6oc5=O)cc4)cc3)c(=O)oc2cc1OC(=O)COc1ccc2ccc(=O)oc2c1,226.0,train
*Nc1cccc(C(=O)c2ccc(NC(=O)c3cccc(C(=O)c4ccc(C(*)=O)cc4)c3)cc2)c1,215.0,train
*Oc1ccc(Oc2ccc(OC(=O)c3cc(OCCCCC)cc(C(*)=O)c3)cc2)cc1,126.0,train
*c1ccc(-c2nc3cc(S(=O)(=O)c4ccc5nc(*)c(-c6ccccc6)nc5c4)ccc3nc2-c2ccccc2)cc1,277.5,train
*CC(OCCCC)C1C(=O)OC(=O)C1*,118.0,train
*C(=O)c1ccc2c(c1)C(=O)N(c1ccc(-c3cc(C(C)(C)C)c(Oc4ccc(N5C(=O)c6ccc(*)cc6C5=O)cc4C(F)(F)F)c(C(C)(C)C)c3)cc1)C2=O,362.0,train
*O[Si](C)(C)O[Si](C)(C)OC(C)CCCCC(*)C,-87.0,train
*CC(*)(C)C(=O)Oc1c(Cl)c(Cl)c(Cl)c(Cl)c1Cl,110.0,train
*Nc1ccc(C(=O)c2c(C)c(C)c(C(=O)c3ccc(NC(=O)c4ccc(C(*)=O)cc4)cc3)c(C)c2C)cc1,345.0,train
*C#C/C(COS(=O)(=O)c1ccc(C)cc1)=C(/*)COS(=O)(=O)c1ccc(C)cc1,-73.0,train
*CCN(*)C(=O)CCCCCCCCCCC,10.0,train
*Oc1ccc(C2(c3ccc(OC(=O)c4cccc(C(*)=O)c4)cc3)CCC3CCCCC3C2)cc1,248.0,train
*CC(*)(CC(=O)Oc1ccc(OCCC)cc1)C(=O)Oc1ccc(OCCC)cc1,94.5,train
*CC(*)(C)C(=O)OCCCCCCOc1ccc(C(=O)Oc2ccc(/N=N/c3ccc(C#N)cc3)c3ccccc23)cc1,41.0,train
*Oc1ccc(C(C)(C)c2ccc(Oc3ccc(C(O)C(O)c4ccc(*)cc4)cc3)cc2)cc1,151.0,train
*Oc1ccc(C(=O)CNc2ccc(S(=O)(=O)c3ccc(NCC(=O)c4ccc(*)cc4)cc3)cc2)cc1,247.0,train
*CCCCCCCCCCCCCCCCCCNC(=O)CCCCCCCCCCCCCCCCC(=O)N*,50.0,train
*Oc1ccc(CC(NC(=O)CCc2ccc(OC(=O)CCCC(*)=O)cc2)C(=O)OCc2ccccc2)cc1,66.0,train
*CCCCCC(=O)Nc1ccc(Oc2ccc(Oc3ccc(NC(=O)CCCCCN4C(=O)c5ccc(C(=O)c6ccc7c(c6)C(=O)N(*)C7=O)cc5C4=O)cc3)cc2)cc1,158.0,train
*C(=O)Nc1ccc(Cc2ccc(N3C(=O)CC(N4C(=O)c5ccc(*)cc5C4=O)C3=O)cc2)cc1,123.0,train
*CCOCCOC(=O)CCC(=O)O*,-38.2,train
*CC(*)c1ccc2ccccc2c1,146.5,train
*Nc1ccc(C(C)(C)c2ccc(C(C)(C)c3ccc(Nc4ccc(C(=O)c5ccc(C(=O)c6ccc(*)cc6)cc5)cc4)cc3)cc2)cc1,157.0,train
*CCCCCCCCCCOc1ccc(/C=C/c2ccc(OCCCCCCCCCCOP(=O)(O*)OCCCCCCCCCCOc3ccc(/N=N/c4ccc(C#N)cc4)cc3)cc2)cc1,60.0,train
*N=P(*)(OCC(COCCOC(C)C)OCCOC(C)C)OCC(COCCOC(C)C)OCCOC(C)C,-77.0,train
*Oc1ccc(C(C)(C)c2ccc(OC(=O)c3ccc(C(=O)c4ccc(C(*)=O)cc4)cc3)cc2)cc1,194.0,train
*CC(*)OC(=O)c1ccccc1C,42.5,train
*CCCOc1ccc(OCCCc2nnc(-c3ccc(-c4nnc(*)o4)cc3)o2)c(C)c1,112.0,train
*O[Si](C)(C)CCC/N=C1\C=C/C(=N/CCC[Si](*)(C)C)c2c(O)ccc(O)c21,32.9,train
*CC(*)C(=O)OCCn1c2ccccc2c2ccccc21,106.8,train
*CC(*)OC(=O)c1cccc([N+](=O)[O-])c1,93.0,train
*CCCCCCCCCCCCOc1ccc(OCc2ccc(COc3ccc(O*)cc3)cc2)cc1,24.0,train
*O[Si](*)(C)C=C,-129.0,train
*c1ccc2c(c1)C(=O)N(c1c(C)cc(C3(c4cc(C)c(N5C(=O)c6ccc(C(*)(C(F)(F)F)C(F)(F)F)cc6C5=O)c(C(C)C)c4)c4ccccc4-c4ccccc43)cc1C(C)C)C2=O,335.0,train
*Oc1ccc(Oc2ccc(C(=O)Nc3ccc(Oc4ccc(S(=O)(=O)c5ccc(Oc6ccc(NC(=O)c7ccc(*)cc7)cc6)cc5)cc4)cc3)cc2)cc1,220.0,train
*CC(*)c1c(F)c(F)c(OCC(F)(F)C(F)(F)C(F)(F)C(F)(F)C(F)(F)C(F)(F)C(F)(F)F)c(F)c1F,21.0,train
*C1CCC(CC2CCC(N3C(=O)C4C5C=CC(C6C(=O)N(*)C(=O)C56)C4C3=O)CC2)CC1,239.0,train
*CC(*)C1CCC(C)CC1,132.0,train
*C(=O)Nc1ccc(Oc2ccc(N3C(=O)c4ccc(*)cc4C3=O)cc2)cc1,295.0,train
*CC(*)(C)C(=O)OCCN(CC)c1ccccc1,37.5,train
*CCCCCC(=O)Oc1ccc(C(C)(C)c2ccc(C(C)(C)c3ccc(OC(=O)c4ccc5c(c4)C(=O)N(*)C5=O)cc3)cc2)cc1,104.0,train
*OC(=O)c1ccc(C2(C)CC(C)(C)c3ccc(C(=O)Oc4ccc5c(c4)Oc4cc(*)ccc4C5(C)C)cc32)cc1,297.0,train
*CC(*)OC(=O)C(F)(F)C(F)(F)F,42.0,train
*Oc1ccc(P(C)(=O)c2ccc(Oc3ccc(C(c4ccccc4)(c4ccc(*)cc4)C(F)(F)F)cc3)cc2)cc1,229.0,train
*OP(=O)(Oc1ccc(C(C)(C)c2ccc(*)cc2)cc1)Oc1c(Cl)cc(Cl)cc1Cl,94.0,train
*c1ccc(Oc2ccc(C3(c4ccc(Oc5ccc(N6C(=O)c7ccc(Oc8ccc(C9(c%10ccc(Oc%11ccc%12c(c%11)C(=O)N(*)C%12=O)cc%10)CCC(c%10ccccc%10)CC9)cc8)cc7C6=O)cc5)cc4)CCC(C(C)(C)C)CC3)cc2)cc1,243.0,train
*N=P(*)(OCCOCCOCCOCCOCCCCCCCCCCCC)OCCOCCOCCOCCOCCCCCCCCCCCC,-53.6,train
*Oc1ccc(/C(C)=N/c2ccc(/N=C(\C)c3ccc(Oc4ccc(C(c5ccccc5)(c5ccccc5)c5ccc(*)cc5)cc4)cc3)cc2)cc1,178.0,train
*CCCC(C)CN1C(=O)c2ccc(C(=O)Oc3ccc(-c4ccc(OC(=O)c5ccc6c(c5)C(=O)N(*)C6=O)cc4)cc3)cc2C1=O,155.0,train
*CC(*)c1ccc(COCCCC)cc1,10.0,train
*Cc1cc(CNC(=O)c2cccc(C(=O)N*)c2)cc(C(C)(C)C)c1,188.0,train
*CC(*)(C)C(=O)OCC1COC(CP(=O)(OCC)OCC)O1,115.0,train
*CC(*)Cc1ccccc1C,80.0,train
*Oc1ccc(OC(=O)c2ccc(C(*)=O)cc2Oc2ccc3ccccc3c2)cc1,102.0,train
*c1ccc(Oc2ccc(S(=O)(=O)c3ccc(C)cc3)cc2)c(-n2c(=O)c3cc4c(=O)n(*)c(=O)c4cc3c2=O)c1,320.0,train
*Oc1ccc(OC(=O)c2ccc(C(*)=O)cc2Oc2ccc(-c3ccccc3)cc2)cc1,117.0,train
*CC(*)c1ccc(CCCC)cc1,6.0,train
*Oc1ccc(S(=O)(=O)c2ccc(Oc3ccc(S(=O)(=O)c4ccc(-c5ccc(-c6ccc(S(=O)(=O)c7ccc(*)cc7)cc6)cc5)cc4)cc3)cc2)cc1,281.0,train
*N=P(N=P(N=S(*)(=O)Nc1ccccc1)(Nc1ccccc1)Nc1ccccc1)(Nc1ccccc1)Nc1ccccc1,82.0,train
*CCN(*)C(=O)c1ccc(SC(F)(F)F)cc1,100.0,train
*CC(*)(C)C(=O)OCCO[N+](=O)[O-],55.0,train
*c1ccc(O)c(N2C(=O)c3ccc(Oc4ccc(C(C)(C)c5ccc(Oc6ccc7c(c6)C(=O)N(*)C7=O)cc5)cc4)cc3C2=O)c1,246.0,train
*CC(*)C(F)(F)C(F)(F)C(F)(F)F,58.0,train
*Oc1ccc(C(C)(C)c2ccc(OC(=O)Oc3ccc(Cc4ccc(OC(*)=O)cc4)cc3)cc2)cc1,107.8,train
*c1ccc2c(c1)C(CCCCCCCC)(CCCCCCCC)c1cc(-c3ccc4c(c3)C(c3ccc(-c5nnc(-c6ccc(C(C)(C)C)cc6)o5)cc3)(c3ccc(-c5nnc(-c6ccc(C(C)(C)C)cc6)o5)cc3)c3cc(*)ccc3-4)ccc1-2,213.0,train
*c1ccc(C(=O)Oc2ccc(OC(=O)c3ccc(N4C(=O)CC(SCCOCCSC5CC(=O)N(*)C5=O)C4=O)cc3)cc2)cc1,166.0,train
*CC(*)c1ccc(B(Oc2ccc(-c3ccc(OC)cc3)c3cccnc23)c2ccc(C(C)(C)C)cc2)cc1,220.0,train
*c1ccc(C(c2ccc(C(=O)OC)cc2)c2ccc(N(*)c3ccc(C)cc3)cc2)cc1,222.0,train
*c1ccc(C(=O)OCCCCCCCCOc2ccc(/C=C3\CCCC/C(=C\c4ccc(OCCCCCCCCOC(=O)c5ccc(-c6nnc(*)o6)cc5)cc4)C3=O)cc2)cc1,98.0,train
*CC(*)(CC(=O)OCCOC)C(=O)OCCOC,34.0,train
*/C(=C(/*)c1ccc(Oc2ccccc2)cc1)c1ccccc1,200.0,train
*c1ccc(Oc2ccc(C(=O)c3ccc(Oc4ccc(N5C(=O)c6ccc(-c7ccc8c(c7)C(=O)N(*)C8=O)cc6C5=O)cc4)cc3)cc2)cc1,253.0,train
*CCCCCCCCCCCCCCc1ccc(-c2c(-c3ccccc3)cc(-c3cccc(-c4cc(-c5ccccc5)c(-c5ccc(*)cc5)c(-c5ccccc5)c4-c4ccccc4)c3)c(-c3ccccc3)c2-c2ccccc2)cc1,160.0,train
*c1ccc(-c2cc(CCCCCCCC)c(-c3ccc(-c4ccc(-c5sc(-c6ccc([Si](C)(C)[Si](*)(C)C)s6)cc5CCCCCCCC)s4)s3)s2)s1,12.0,train
*Oc1ccc(Oc2ccc(/C=N/c3ccc(/N=C/c4ccc(*)cc4)cc3)cc2)cc1,117.0,train
*Oc1ccc(C(C)(C)c2ccc(OC(=O)OCCN(CCOC(*)=O)c3ccccc3)cc2)cc1,70.0,train
*CCCOc1cccc(C(=O)OC(=O)c2cccc(O*)c2)c1,53.0,train
*CC(O)COc1ccc(Cc2ccc(O*)cc2)cc1,143.2,train
*c1ccc2c(c1)C(=O)N(c1cccc(P(=O)(c3ccc(Oc4ccc(C56CC7CC(CC(C7)C5)C6)cc4)cc3)c3cccc(N4C(=O)c5ccc(C(*)(C(F)(F)F)C(F)(F)F)cc5C4=O)c3)c1)C2=O,298.0,train
*c1ccc(Oc2ccc(-c3ccc(Oc4ccc(-c5ncc(*)o5)cc4C(F)(F)F)cc3)cc2)c(C(F)(F)F)c1,200.0,train
*c1ccc(-c2c(-c3ccc(-c4ccccc4)cc3)cc(-c3ccc(OCCCCCCOc4ccc(-c5cc(-c6ccc(-c7ccccc7)cc6)c(-c6ccc(-n7c(=O)c8cc9c(=O)n(*)c(=O)c9cc8c7=O)cc6)c(-c6ccc(-c7ccccc7)cc6)c5)cc4)cc3)cc2-c2ccc(-c3ccccc3)cc2)cc1,128.5,train
*Oc1cc(C(C)(C)C)c(Oc2ccc(C(=O)Nc3ccc(C(c4ccc(NC(=O)c5ccc(*)cc5)cc4)(C(F)(F)F)C(F)(F)F)cc3)cc2)cc1C(C)(C)C,268.0,train
*c1ccc([Si](c2ccccc2)(c2ccccc2)c2ccc(-c3nnc(-c4cccc(-c5nnc(*)o5)n4)o3)cc2)cc1,265.0,train
*c1ccc(C(=O)NCCCCCCCCCCCCNC(=O)c2ccc(-c3nc4ccccc4nc3*)cc2)cc1,154.0,train
*CCCC(C)(C)CNC(=O)C(=O)N*,109.0,train
*Cc1ccc(COC(=O)c2cccc(C(=O)O*)c2)cc1,143.0,train
*c1ccc2c(c1)C(=O)N(c1ccc(Oc3ccc(C(C)(C)c4ccc(Oc5ccc(N6C(=O)c7ccc(C(*)(C(F)(F)F)C(F)(F)F)cc7C6=O)cc5)cc4)cc3)cc1)C2=O,244.4,train
*Oc1ccc(C2(c3ccc(OC(*)=S)cc3)CCCCC2)cc1,155.0,train
*c1ccc(C(=O)Nc2ccc(Oc3ccc(NC(=O)c4ccc(Oc5ccc(-c6nn(*)c(=O)c7ccccc67)cc5)cc4)cc3)cc2)cc1,280.0,train
*CC(=O)Nc1ccc(Cc2ccc(NC(=O)COc3ccc4ccccc4c3Sc3c(O*)ccc4ccccc34)cc2)cc1,241.0,train
*CC1CC(*)C(OC(=O)CCCCCCCCCCOc2ccc(-c3ccc(C#N)cc3)cc2)C1,30.5,train
*Oc1ccc(Oc2ccc(NC(=O)c3cc(C(=O)Nc4ccc(*)cc4)cc(C(C)(C)C)c3)cc2)cc1,195.5,train
*CCCCCCCCCCCCNC(=O)CCc1ccc(CCC(=O)N*)cc1,85.0,train
*CCCCCCOC(=O)OCCCCCCOC(=O)OCCCCCCn1c(=O)c2cc3c(=O)n(*)c(=O)c3cc2c1=O,17.0,train
*C(=O)c1cccc(C(=O)c2ccc3c(c2)C(=O)N(c2ccc(Oc4ccc(N5C(=O)c6ccc(*)cc6C5=O)cc4)cc2)C3=O)c1,244.0,train
*c1ccc(Oc2ccc(-c3cc(-c4ccccc4)c4cc(C5(c6ccc7nc(*)cc(-c8ccccc8)c7c6)c6ccccc6C(=O)c6ccccc65)ccc4n3)cc2)cc1,320.0,train
*Oc1c(C)cc(-c2cc(C)c(Oc3ccc(C(=O)c4ccc(*)cc4)cc3)c(CBr)c2)cc1CBr,158.17,train
*C(=O)c1ccc2c(c1)C(=O)N(c1cccc(P(=O)(c3cccc(N4C(=O)c5ccc(*)cc5C4=O)c3)c3cc(C(F)(F)F)cc(C(F)(F)F)c3)c1)C2=O,243.0,train
*Oc1ccc(C2(c3ccc(Oc4ccc(C(=O)c5cccc6cccc(C(=O)c7ccc(*)cc7)c56)cc4)cc3)c3ccccc3-c3ccccc32)cc1,269.0,train
*c1ccc(Oc2ccc(Oc3ccc(Oc4ccc(N5C(=O)C6CCC(C7CCC8C(=O)N(*)C(=O)C8C7)CC6C5=O)cc4)cc3)cc2)cc1,217.0,train
*CCCCOC(=O)CCCCCCCCC(=O)O*,-57.0,train
*CCCCCCCCOc1ccc(C(c2ccc(O*)cc2)(C(F)(F)F)C(F)(F)F)cc1,27.8,train
*c1ccc(Oc2cccc(Oc3ccc(N4C(=O)CC(=O)N(*)C4=S)cc3)c2)cc1,145.0,train
*Oc1ccc(CC(NC(=O)CCc2ccc(OC(=O)CCCCC(*)=O)cc2)C(=O)OCC)cc1,61.0,train
*CC(*)(F)C(=O)OCC(Cl)(Cl)Cl,127.0,train
*Nc1ccc(NC(=O)c2ccc(C(c3ccc(C(*)=O)c(C(=O)OCC)c3)(C(F)(F)F)C(F)(F)F)cc2C(=O)OCC)cc1,270.0,train
*CCOCCOC(=O)CCCCCCC(=O)O*,-66.0,train
*c1cccc(Cc2cccc(N3C(=O)c4ccc([Si](C)(C)c5ccc([Si](C)(C)c6ccc7c(c6)C(=O)N(*)C7=O)cc5)cc4C3=O)c2)c1,246.0,train
*CC(CCCCCCOc1ccc(/N=N/c2ccc(Cl)cc2)cc1)COC(=O)CCCCC(=O)O*,9.0,train
*CC(*)(C)C(=O)OCC[N+](C)(C)CCCCCCC,-44.0,train
*Nc1ccc(Br)cc1-c1ccc(NC(=O)c2ccc(C(*)=O)cc2)cc1,285.0,train
*c1ccc(C(=O)OCCCCCCCCOc2ccc(/C=C3\CCC/C(=C\c4ccc(OCCCCCCCCOC(=O)c5ccc(-c6nnc(*)o6)cc5)cc4)C3=O)cc2)cc1,59.0,train
*CC(*)(CC(=O)OCCOCCOC)C(=O)OCCOCCOC,-40.5,train
*c1cccc(P(=O)(c2ccc(C(F)(F)F)cc2)c2cccc(-n3c(=O)c4cc5c(=O)n(*)c(=O)c5c(-c5cc(C(F)(F)F)cc(C(F)(F)F)c5)c4c3=O)c2)c1,290.0,train
*CC(*)C(=O)OCCC,-38.5,train
*CC(*)C(=O)NCCC[N+](C)(C)CCCS(=O)(=O)O,141.5,train
*CCC1C(=O)N(C)C(=O)C1*,141.2,train
*CCC([2H])C(*)([2H])C,-47.5,train
*/C=C/c1sc(-c2ccc3c(c2)C(CCCCCC)(CCCCCC)c2cc(-c4sc(/C=C/C5=CC(=C(C#N)C#N)C=C(*)O5)c(CCCCCC)c4CCCCCC)ccc2-3)c(CCCCCC)c1CCCCCC,115.0,train
*c1cc(CCCCCCO[Si](C)(C)C)c(*)s1,10.0,train
*C(=O)c1ccc2c(c1)C(=O)N(c1c(C)cc(C(c3cccc(C(F)(F)F)c3)c3cc(C)c(N4C(=O)c5ccc(*)cc5C4=O)c(C)c3)cc1C)C2=O,285.0,train
*Cc1ccccc1C[n+]1ccc(-c2cc[n+](*)cc2)cc1,70.5,train
*C(F)C(*)C(F)(F)F,87.0,train
*CCCCCCCCCNC(=O)CCCCCCCCCCCCCCCCCCC(=O)N*,42.0,train
*Oc1ccc(C2(c3ccc(Oc4ccc(C(=O)c5ccccc5)c(-c5cc(*)ccc5C(=O)c5ccccc5)c4)cc3)c3ccccc3-c3ccccc32)cc1,215.0,train
*c1ccc(Cc2ccc(-n3c(=O)c4cc5c(=O)n(*)c(=O)c5cc4c3=O)cc2)cc1,351.0,train
*CC(*)C(=O)OCCCOC,-66.5,train
*c1ccc(Oc2ccc(C(=O)c3ccc(Oc4ccc(N5C(=O)c6ccc(Oc7ccc8c(c7)C(=O)N(*)C8=O)cc6C5=O)cc4)cc3)cc2)cc1,243.0,train
*CC(*)(F)C(=O)OC(C(F)(F)F)C(F)(F)F,102.0,train
*CCC(C)CCOC(=O)CCCCC(=O)O*,-78.6,train
*CCCCCCCCCCNC(=O)NCc1ccc(CNC(=O)N*)cc1,55.0,train
*CCC(C)CC(=O)O*,-71.5,train
*Oc1ccc(S(=O)(=O)c2cccc3c(S(=O)(=O)c4ccc(Oc5ccc(-c6ccc(*)cc6)cc5)cc4)cccc23)cc1,248.0,train
*C(=O)c1ccc2c(c1)C(=O)N(c1ccc(C(=O)c3ccccc3N3C(=O)c4ccc(*)cc4C3=O)cc1)C2=O,289.0,train
*Oc1ccc(Oc2ccc(S(=O)(=O)c3ccc(-c4ccc(-c5ccc(S(=O)(=O)c6ccc(*)cc6)cc5)cc4)cc3)cc2)cc1,259.0,train
*c1ccc(-c2sc(-c3ccc(-c4cc(SCCCC)c(*)s4)cc3)cc2SCCCC)cc1,26.4,train
*c1cccc(C(c2ccccc2)(c2cccc(N3C(=O)c4ccc(Oc5ccc6c(c5)C(=O)N(*)C6=O)cc4C3=O)c2)C(F)(F)F)c1,293.0,train
*O[Si](*)(C)CCCOc1ccc(/N=N/c2ccc(S(=O)(=O)O)cc2)cc1,9.2,train
*CCCCCCCCCCCCC(c1ccc(O)cc1)C(*)c1ccc(O)cc1C,-1.0,train
*c1c(C)cc(C)c(N2C(=O)c3ccc(S(=O)(=O)c4ccc5c(c4)C(=O)N(*)C5=O)cc3C2=O)c1C,418.0,train
*N=P1(*)Oc2ccccc2-c2ccccc2O1,160.0,train
*Oc1ccc(CNC(=O)c2cccc(C(=O)NCc3ccc(OC4COC5C(*)COC45)cc3)c2)cc1,83.0,train
*Oc1ccc(CC(NC(=O)CCc2ccc(OC(=O)COCC(*)=O)cc2)C(=O)OC)cc1,82.0,train
*c1c(C)cc(C)c(N2C(=O)c3ccc(Oc4ccc(Oc5ccc6c(c5)C(=O)N(*)C6=O)cc4)cc3C2=O)c1C,345.0,train
*CC(*)c1ccc(CCCCCC)cc1,-27.0,train
*/C=C/c1cc(OCCCCCC)c(*)cc1OC,60.0,train
*OC(=O)c1ccc(CCCCCc2ccc(C(*)=O)cc2)cc1,42.5,train
*C1C(*)C2CC1C1C=CCC12,145.0,train
*CC1CCCC(CN2C(=O)c3ccc(-c4ccc5c(c4)C(=O)N(*)C5=O)cc3C2=O)C1,234.0,train
*CC(*)(C)C(=O)OCCCCCC(=O)Oc1ccc(OC(=O)c2ccc(OCCCC)cc2)cc1,40.0,train
*C(=O)Nc1ccc(/N=N/c2ccc([N+](=O)[O-])cc2)c(NC(=O)c2ccc3c(c2)C(=O)N(c2c(C)cc(-c4cc(C)c(N5C(=O)c6ccc(*)cc6C5=O)c(C)c4)cc2C)C3=O)c1,278.0,train
*OP(=O)(Oc1ccccc1)Oc1ccc(C(C)(C)c2ccc(*)cc2)cc1,74.5,train
*Oc1ccc(CC(NC(=O)CCc2ccc(OC(*)=O)cc2)C(=O)OCCCCCC)cc1,51.5,train
*CC(*)(C)C(=O)OCC(C)(C)C,38.0,train
*c1ccc(-c2nnc(-c3cccc(-c4nnc(*)n4-c4ccccc4)c3)n2-c2ccccc2)cc1,272.5,train
*CC(*)C(=O)OCCC(F)(F)C(F)(F)C(F)(F)C(F)(F)C(F)(F)C(F)(F)F,-12.0,train
*CCCCCCCCCCOC(=O)c1ccccc1C(=O)O*,-14.0,train
*c1cc(C(=O)NCCCCCCCCCCCCCC)cc(N2C(=O)c3ccc(-c4ccc5c(c4)C(=O)N(*)C5=O)cc3C2=O)c1,247.6,train
*c1ccc(Sc2cc3c(cc2Sc2ccc(N4C(=O)C5C6C=CC(C7C(=O)N(*)C(=O)C67)C5C4=O)cc2)C(=O)N(CCN(C)C)C3=O)cc1,310.0,train
*CCCCCC(=O)Oc1ccc2ccc(OC(=O)CCCCCn3c(=O)c4cc5c(=O)n(*)c(=O)c5cc4c3=O)cc2c1,98.0,train
*Oc1ccc(C(C)(C)c2ccc(OC(=O)c3ccc(C(*)=O)cc3)c(C(C)C)c2)cc1C(C)C,140.0,train
*c1ccc(NC(=O)c2ccc(OCCOc3ccc(C(=O)Nc4ccc5[nH]c(*)nc5c4)cc3)cc2)cc1,225.0,train
*CC(Cc1ccc(-c2ccccc2)cc1)C[Si](*)(C)C,28.0,train
*Oc1ccc2cc(Oc3ccc4c(=O)n5c6cc(-c7ccc8c(c7)nc7c9ccc(*)c%10cccc(c(=O)n87)c%109)ccc6nc5c5cccc3c45)ccc2c1,413.0,train
*=Nc1ccc(C(C)(C)c2ccc(C(C)(C)c3ccc(/N=C4/OC(=O)c5ccc(Oc6ccc7c(c6)C(=O)OC7=*)cc54)cc3)cc2)cc1,249.0,train
*c1ccc(Oc2ccc(-c3ccc(Oc4ccc(N5C(=O)c6ccc(Oc7ccc8c(c7)C(=O)N(*)C8=O)cc6C5=O)cc4)cc3)cc2)cc1,245.0,train
*CCCCCOCO*,-80.0,train
*C(=O)OCCN(CCOC(=O)c1ccc2c(c1)C(=O)N(c1cccc(N3C(=O)c4ccc(*)cc4C3=O)c1)C2=O)c1ccc(/N=N/c2ccc(F)cc2)cc1,168.0,train
*Oc1ccc(S(=O)(=O)c2ccc(OC3(F)C(*)(F)C(F)(F)C3(F)F)cc2)cc1,162.2,train
*c1ccc(C(=O)c2ccc(Oc3ccc(-c4nn(*)c(=O)c5ccccc45)c(F)c3)cc2)cc1,253.0,train
*=CNc1ccc(CCc2ccc(N=*)cc2)cc1,125.0,train
*c1ccc(Oc2c(C)cc(C(C)(C)c3cc(C)c(Oc4ccc(N5C(=O)c6ccc(Oc7ccc(C8(c9ccc(Oc%10ccc%11c(c%10)C(=O)N(*)C%11=O)cc9)CCC(c9ccccc9)CC8)cc7)cc6C5=O)cc4)c(C)c3)cc2C)cc1,232.0,train
*[Si](*)(C)c1ccccc1,88.0,train
*Cc1ccc(CNC(=O)CCCCCCCCCCCCCC(=O)N*)cc1,90.0,train
*CC(*)c1ccc([Si](C)(C)O[Si](C)(C)C)cc1,35.5,train
*=Cc1ccc(/C=N/c2c(-c3ccccc3)cc(-c3ccc(-c4cc(-c5ccccc5)c(N=*)c(-c5ccccc5)c4)cc3)cc2-c2ccccc2)cc1,300.0,train
*c1ccc(C2C3C(=O)N(c4ccc(N5C(=O)C6ON(C)C(*)C6C5=O)cc4)C(=O)C3ON2C)cc1,67.0,train
*Oc1ccc(C(=O)c2ccc(Oc3ccc(C(=O)c4cccc(C(=O)c5ccc(*)cc5)c4)cc3)cc2)cc1,152.0,train
*CC(*)P(=O)(O)O,88.0,train
*c1nc(-c2ccccc2)nc(N(CCCCCCN(*)c2ccccc2)c2ccccc2)n1,74.0,train
*CC(CC)(CO)CO*,331.9,train
*C(=O)Nc1ccc(Oc2ccc(C3(c4ccc(Oc5ccc(NC(=O)c6ccc7c(c6)C(=O)N(c6ccc(Oc8ccc(Oc9ccc(N%10C(=O)c%11ccc(*)cc%11C%10=O)cc9)cc8)cc6)C7=O)cc5)cc4)NC(=O)c4ccccc43)cc2)cc1,284.0,train
*CCN(CCOC(=O)Nc1ccc(C)c(NC(=O)O*)c1)c1ccc(C(C#N)=C(C#N)C#N)cc1,125.0,train
*CC(*)(C)C(=O)O,161.7,train
*Oc1ccc(OC(=O)c2ccc(C(*)=O)cc2)cc1C1CC2CCC1C2,267.0,train
*c1ccc(-c2ccc(N3C(=O)c4ccc(Oc5ccc6c(c5)C(=O)N(*)C6=O)cc4C3=O)cc2C(F)(F)F)c(C(F)(F)F)c1,275.0,train
*c1ccc([Si](c2ccccc2)(c2ccccc2)c2ccc(-c3nnc(-c4cncc(-c5nnc(*)o5)c4)o3)cc2)cc1,272.0,train
*c1cccc(P(=O)(c2cccc(N3C(=O)c4ccc(Oc5ccc6c(c5)C(=O)N(*)C6=O)cc4C3=O)c2)c2cc(C(F)(F)F)cc(C(F)(F)F)c2)c1,228.0,train
*Oc1ccc(P(C)(=O)c2ccc(Oc3ccc(C(C)(C)c4ccc(*)cc4)cc3)cc2)cc1,192.0,train
*Oc1ccc(CC(NC(=O)CCc2ccc(OC(=O)COCCOCC(*)=O)cc2)C(=O)OCc2ccccc2)cc1,55.0,train
*Oc1ccc(CC(NC(=O)Cc2ccc(OC(=O)CCCCCCCCC(*)=O)cc2)C(=O)OCCCCCC)cc1,23.0,train
*Oc1ccc(Oc2ccc(C(=O)c3ccc(C(=O)c4ccc(*)cc4)cc3)cc2)cc1-c1ccc(S(=O)(=O)O)cc1,174.0,train
*CC(CC(C)C)S(*)(=O)=O,23.0,train
*Oc1ccc(C(C)c2ccc(OC(*)=O)cc2)cc1,130.0,train
*CC(*)C=C,-7.0,train
*/C=C(/*)c1ccccc1[Si](C)(C)C,190.0,train
*C1OCCCC1C1C(=O)OC(=O)C1*,210.0,train
*c1ccc(C)c(N2C(=O)c3ccc(-c4ccc5c(c4)C(=O)N(*)C5=O)cc3C2=O)c1,395.0,train
*ON(C(F)(F)F)C(F)(C(*)(F)F)C(F)(F)F,-9.0,train
*CCCCCCCCCCCCNC(=O)CCCCCCCCCCCCC(=O)N*,49.0,train
*CCCCCCCCCCCCOC(=O)c1ccc(-c2ccc(C(=O)O*)cc2)cc1,50.5,train
*/C=C/C1CC(*)C(C(=O)Oc2ccccc2)C1C(=O)Oc1ccccc1,96.5,train
*c1ccc2c(c1)C(CCCCCC)(CCCCCC)c1cc(-c3ccc4c(c3)C(CC3=NC(Cc5ccccc5)CO3)(CC3=NC(Cc5ccccc5)CO3)c3cc(*)ccc3-4)ccc1-2,114.0,train
*CC(C)CNC(=O)O*,40.0,train
*c1ccc2c(c1)C(=O)N(c1cccc3c(N4C(=O)c5ccc(C(*)(C(F)(F)F)C(F)(F)F)cc5C4=O)cccc13)C2=O,390.0,train
*O[Si](*)(C)CCCOc1ccc(C(=O)Oc2ccc(OC(=O)CCCCC(=O)OC3CC(C)CCC3C(C)C)cc2)cc1,45.3,train
*CCCCCCOC(=O)C(CCCCCCP(=O)(O)O)C(=O)OCCCCCCOc1ccc(-n2on2-c2ccc(O*)cc2)cc1,21.0,train
*Oc1c(Cl)cc(C(C)(C)c2cc(Cl)c(OC(=O)CCCCC(*)=O)c(Cl)c2)cc1Cl,100.0,train
*Nc1cc(NC(=O)c2cc(OCCN(C)c3ccc(S(=O)(=O)C(F)(F)C(F)(F)C(F)(F)C(F)(F)C(F)(F)C(F)(F)C(F)(F)C(F)(F)F)cc3)cc(C(*)=O)c2)cc(C(=O)OCCN(C)c2ccc(C#N)cc2)c1,157.0,train
*c1nc2cc(S(=O)(=O)c3ccc4oc(C5CCC(*)CC5)nc4c3)ccc2o1,296.0,train
*c1ccc(N2C(=O)c3ccc(Oc4ccc(C(C)(C)c5ccc(Oc6ccc7c(c6)C(=O)N(c6ccc8[nH]c(*)nc8c6)C7=O)cc5)cc4)cc3C2=O)cc1,324.0,train
*O[Si](c1ccccc1)(c1ccccc1)c1ccc([Si](*)(c2ccccc2)c2ccccc2)cc1,130.0,train
*CCCCCCCCCCCCCCC(=O)N*,-7.0,train
*c1ccc(/C=C(\C#N)C(=O)NC2CCCCC2NC(=O)/C(C#N)=C/c2ccc(N(c3ccccc3)c3ccc(N(*)c4ccccc4)cc3)cc2)cc1,239.0,train
*O[Si](*)(C)CCCOCC1COC(=O)O1,-25.9,train
*c1ccc(Oc2ccc(C3(c4ccc(Oc5ccc(N6C(=O)c7ccc(Oc8ccc(C9(c%10ccc(Oc%11ccc%12c(c%11)C(=O)N(*)C%12=O)cc%10)CCC(c%10ccccc%10)CC9)cc8)cc7C6=O)cc5)cc4)CC4CC3C3CCCC43)cc2)cc1,255.0,train
*Nc1ccc(NC(=O)c2cc(C(=O)c3ccc(C(=O)O)c(C(*)=O)c3)ccc2C(=O)O)cc1,213.2,train
*Oc1ccc(/C(=C/c2ccc(-c3ccc(/C=C(\c4ccccc4)c4ccc(OC(=O)CCCCC(*)=O)cc4)cc3)cc2)c2ccccc2)cc1,128.0,train
*CC(*)C(=O)OCCCCCCCCCCCn1c2ccccc2c2ccccc21,15.0,train
*c1cccc(Oc2ccc(C#N)c(Oc3cccc(N4C(=O)c5ccc(Oc6ccc7c(c6)C(=O)N(*)C7=O)cc5C4=O)c3)c2)c1,196.0,train
*OC(=O)Nc1ccc(C)c(NC(=O)OC2CCN(c3ccc(/C=C/C4=CC(=C(C#N)C#N)C=C(/C=C/c5ccc(N6CCC(*)CC6)s5)O4)s3)CC2)c1,212.0,train
*c1ccc(Sc2ccc(Sc3ccc(Sc4ccc(N5C(=O)c6ccc(Oc7ccc8c(c7)C(=O)N(*)C8=O)cc6C5=O)cc4)cc3)cc2)cc1,202.65,train
*/C=C/c1cc(OCCCCCCCCCCCC)c(*)cc1OC,36.0,train
*c1cccc(S(=O)(=O)NCCCCCCNS(*)(=O)=O)c1,67.0,train
*N=P(*)(Oc1cccc(Cl)c1)Oc1cccc(Cl)c1,-24.0,train
*c1ccc(Oc2ccc(C(=O)c3ccc(Oc4ccc(-c5c6c(c(*)c7ccccc57)C(=O)N(c5cccc(C(F)(F)F)c5)C6=O)cc4)cc3)cc2)cc1,252.0,train
*CCc1ccc(NC(=O)c2cccc(C(=O)Nc3ccc(CCOC(=O)c4cccc(C(=O)O*)c4)cc3)c2)cc1,142.0,train
*CCN(*)Cc1ccccc1,-16.0,train
*c1cccc(C(=O)Nc2cccc(S(=O)(=O)c3cccc(NC(=O)c4cccc(N5C(=O)c6ccc(-c7cccc8c7C(=O)N(*)C8=O)cc6C5=O)c4)c3)c2)c1,261.0,train
*c1ccc(Oc2ccccc2Oc2ccc(N3C(=O)c4ccc(S(=O)(=O)c5ccc6c(c5)C(=O)N(*)C6=O)cc4C3=O)cc2C(F)(F)F)c(C(F)(F)F)c1,255.0,train
*c1ccc(Oc2ccc(N3C(=O)c4ccc(P(=O)(c5ccccc5)c5ccc6c(c5)C(=O)N(*)C6=O)cc4C3=O)cc2)cc1,318.0,train
*c1ccc2c(c1)C(=O)N(c1ccc(-c3ccc(N4C(=O)c5ccc(C(*)(C(F)(F)F)C(F)(F)F)cc5C4=O)c(OCCOc4ccc5c(C)cc(=O)oc5c4)c3)cc1OCCOc1ccc3c(C)cc(=O)oc3c1)C2=O,132.0,train
*O[Si](*)(C)CCCCCCCCCCC(=O)Oc1ccc2cc(C(=O)OC3CCC4(C)C(=CCC5C4CCC4(C)C(C(C)CCCC(C)C)CCC54)C3)ccc2c1,27.0,train
*O[Si](C)(C)O[Si](C)(C)O[Si](C)(C)O[Si](C)(C)c1cccc([Si](*)(C)C)c1,-75.0,train
*c1ccc(Oc2ccc(N3C(=O)c4ccc(Oc5ccc(C(C)(C)c6ccc(Oc7ccc8c(c7)C(=O)N(*)C8=O)cc6)cc5)cc4C3=O)cc2)cc1,215.0,train
*OC1C(COC(=O)Nc2ccccc2)OC(*)C(OC(=O)Nc2ccccc2)C1OC(=O)Nc1ccccc1,217.0,train
*CC(CCCCCCOc1ccc(/N=N/c2ccc(C#N)cc2)cc1)COC(=O)CCCCCCCCCCCCC(=O)O*,21.5,train
*CC(*)(C)C(=O)OCCCCOc1ccc(OC(=O)c2ccc(OCCCC)cc2)cc1,51.0,train
*C(=O)Nc1ccc(Oc2ccc(Oc3ccc(NC(=O)c4ccc5c(c4)C(=O)N(c4ccc(Oc6ccc(C7(c8ccc(Oc9ccc(N%10C(=O)c%11ccc(*)cc%11C%10=O)cc9)cc8)NC(=O)c8ccccc87)cc6)cc4)C5=O)cc3)cc2)cc1,300.0,train
*Oc1ccc(S(=O)(=O)c2ccc(Oc3ccc(/C=N/c4ccc(Oc5ccc(-c6ccc(Oc7ccc(/N=C/c8ccc(*)cc8)cc7)cc6)cc5)cc4)cc3)cc2)cc1,127.0,train
*CCCCCCCOC(=O)Nc1ccc(Cc2ccc(NC(=O)O*)cc2)cc1,84.0,train
*C(=O)c1ccc2c(c1)C(=O)N(c1cccc(Cc3ccc(C(=O)c4ccc(N5C(=O)c6ccc(*)cc6C5=O)cc4)cc3)c1)C2=O,254.0,train
*C(=O)c1ccc2c(c1)C(=O)N(c1ccc(Oc3ccc(C(c4ccc(Oc5ccc(N6C(=O)c7ccc(*)cc7C6=O)cc5C(F)(F)F)cc4)(C(F)(F)F)C(F)(F)F)cc3)c(C(F)(F)F)c1)C2=O,220.0,train
*OP(=O)(Oc1ccc(NC(=O)OCCCCCCOC(=O)Nc2ccc(*)cc2)cc1)c1ccccc1,-3.0,train
*CC(*)(C)C(=O)OCCCCCCCCCCCOc1ccc(/N=N/c2ccc(OC(=O)c3ccc4c(c3)OCCOCCOCCOCCO4)cc2)cc1,59.0,train
*Nc1ccc(C(c2ccc(NC(=O)c3ccc(C(c4ccc(C(*)=O)cc4)(C(F)(F)F)C(F)(F)F)cc3)cc2)(P2(=O)Oc3ccccc3-c3ccccc32)P2(=O)Oc3ccccc3-c3ccccc32)cc1,235.0,train
*CC(*)C(=O)OCC(F)(F)C(F)(F)OC(F)(F)C(F)(F)C(F)(F)C(F)(F)F,-68.0,train
*c1ccc(Oc2ccc(N3C(=O)c4cccc(Oc5cccc6c5C(=O)N(*)C6=O)c4C3=O)cc2)cc1,292.5,train
*C1Oc2ccccc2C1*,65.2,train
*Oc1ccc(C(C)(C)c2ccc(C(C)(C)c3ccc(Oc4ccc(C(=O)Nc5ccc(NC(=O)c6ccc(*)cc6)cc5)cc4)cc3)cc2)cc1,163.0,train
*Oc1ccc(OC(=O)c2ccc(C(*)=O)cc2Sc2ccccc2)cc1,181.0,train
*CC(*)C(=O)OCCCCCCCCn1c2ccccc2c2ccccc21,12.0,train
*Oc1ccc(CCNC(=O)c2cccc(C(*)=O)c2)cc1,152.0,train
*/C=C/C(C(=O)OCc1ccccc1)C(*)C(=O)OCc1ccccc1,21.0,train
*CC(*)(C)C(=O)OCCCCCCCOc1ccc2cc(C(=O)Oc3ccccc3)ccc2c1,40.0,train
*CCCC(C)(C)CNC(=O)CCCCC(=O)N*,77.0,train
*Oc1ccc(C(=O)c2ccc(C(=O)c3ccc(Oc4ccc(Cc5ccc(*)cc5)cc4)cc3)cc2)cc1,120.0,train
*CC(*)CCCCCCCCCCCC,10.0,train
*CC(*)(CC(=O)OCCCCCCCCC)C(=O)OCCCCCCCCC,-13.0,train
*CC(C)(CO*)COCC(F)(F)C(F)(F)C(F)(F)F,-45.0,train
*CCCCCCOC(=O)c1ccc(C(=O)O*)cc1,13.0,train
*c1ccc(N2C(=O)c3ccc(Oc4ccc(Oc5ccc(P(=O)(c6ccccc6)c6ccc(Oc7ccc(Oc8ccc9c(c8)C(=O)N(*)C9=O)cc7)cc6)cc5)cc4)cc3C2=O)cc1,220.0,train
*CCCCOC(=O)NCC(F)(F)C(F)(F)C(F)(F)C(F)(F)CNC(=O)O*,33.0,train
*c1ccc(Oc2ccc(C(c3ccc(Oc4ccc(N5C(=O)c6ccc(Oc7ccccc7Oc7ccc8c(c7)C(=O)N(*)C8=O)cc6C5=O)cc4C(F)(F)F)cc3)(C(F)(F)F)C(F)(F)F)cc2)c(C(F)(F)F)c1,191.0,train
*C(=O)c1cc2c(cc1Cl)C(=O)N(c1cc(C(=O)O)cc(N3C(=O)c4cc(*)c(Cl)cc4C3=O)c1)C2=O,368.0,train
*c1cccc(P(=O)(c2ccccc2)c2cccc(-n3c(=O)c4c(-c5ccccc5)c5c(=O)n(*)c(=O)c5c(-c5ccccc5)c4c3=O)c2)c1,342.0,train
*Oc1ccc(S(=O)(=O)c2ccc(Oc3ccc(C4(c5ccc(*)c(C)c5)CCCCC4)cc3C)cc2)cc1,197.0,train
*CC(*)C(=O)Oc1cccc(C(=O)OC)c1,38.0,train
*Oc1cccc(Oc2cccc(NC(=O)c3cccc(Oc4cccc(Oc5cccc(C(=O)Nc6cccc(*)c6)c5)c4)c3)c2)c1,137.5,train
*CC(*)(C)C(=O)OCCCCCCCCCCn1c2ccccc2c2cc(/N=N/c3ccc([N+](=O)[O-])cc3)ccc21,36.0,train
*c1ccc(Oc2cc3ccccc3cc2Oc2ccc(-n3c(=O)c4cc5c(=O)n(*)c(=O)c5cc4c3=O)cc2)cc1,316.0,train
*Oc1ccc(CC(NC(=O)CCc2ccc(OC(*)=O)cc2)C(=O)OCC)cc1,96.0,train
*c1ccc(-c2sc(-c3cc(SCCCC)c(*)s3)cc2SCCCC)cc1,129.0,train
*CCCCCOC(=O)CCCCC(=O)O*,-69.0,train
*Oc1ccc2c(c1)C1(CC2(C)C)CC(C)(C)c2ccc(OC(=O)c3ccc(C(*)=O)cc3)cc21,290.0,train
*c1ccc(Oc2ccccc2Oc2ccc(N3C(=O)c4ccc(Oc5cc6ccccc6cc5Oc5ccc6c(c5)C(=O)N(*)C6=O)cc4C3=O)cc2)cc1,204.0,train
*/C=C/c1cccc(OC(=O)CCCCCCCCC(=O)Oc2ccc(-c3nnc(*)s3)cc2)c1,55.0,train
*CC(*)(C)C(=O)Oc1ccc(C(=O)Oc2ccc(C)cc2)cc1,98.0,train
*O[Si](*)(C)OCCCCCCCCCCCOc1ccc(C2COC(c3ccc(OC)cc3)OC2)cc1,44.0,train
*CCCCCCCCCCOC(=O)CCCCCCC(=O)O*,-22.0,train
*OP(=O)(Oc1ccc(Br)cc1)Oc1c(Br)cc(C(c2cc(Br)c(*)c(Br)c2)(C(F)(F)F)C(F)(F)F)cc1Br,152.0,train
*c1ccc(C(=O)OCCCCCCOc2ccc(/C=C3\CCC/C(=C\c4ccc(OCCCCCCOC(=O)c5ccc(-c6nnc(*)o6)cc5)cc4)C3=O)cc2)cc1,71.0,train
*Nc1ccc(Cc2ccc(NC(=O)c3cc(NC(=O)CCCN4C(=O)c5ccccc5C4=O)cc(C(*)=O)c3)cc2)cc1,220.0,train
*CC(C)(CC)COC(=O)c1ccc(C(=O)O*)cc1,63.0,train
*c1ccc(Oc2ccc(N3C(=O)c4ccc(Oc5ccccc5Oc5ccc6c(c5)C(=O)N(*)C6=O)cc4C3=O)cc2)cc1,212.0,train
*c1cccc(OCCCCCCCCCCOc2cccc(N3C(=O)c4ccc(-c5cccc6c5C(=O)N(*)C6=O)cc4C3=O)c2)c1,127.0,train
*CC(*)C#N,95.0,train
*Oc1c(-c2ccccc2)cc(*)cc1-c1ccccc1,220.0,train
*Oc1ccc(NC(=O)c2cccc(C(=O)Nc3ccc(*)cc3)c2)cc1,264.0,train
*C(=O)OCCCCCCCCCOC(=O)c1ccc(N2C(=O)c3ccc(*)cc3C2=O)cc1,62.0,train
*Oc1ccc(-c2ccc(Oc3ccc(/C(=N/c4ccc(/N=C(\c5ccccc5)c5ccc(*)cc5)cc4)c4ccccc4)cc3)cc2)cc1,195.0,train
*Oc1ccc(C(=O)c2ccc(Oc3ccc(C(=O)c4ccc(Oc5ccc(Cc6ccc(*)cc6)cc5)cc4)cc3)cc2)cc1,128.0,train
*Oc1ccc(NC(=O)c2ccc(S(=O)(=O)c3ccc(C(=O)Nc4ccc(Oc5ccc(C6(c7ccc(*)cc7)C7CC8CC(C7)CC6C8)cc5)cc4)cc3)cc2)cc1,252.0,train
*C1C(*)C2CC1C(C(=O)OCCc1ccccc1)C2C(=O)OCCc1ccccc1,254.0,train
*c1ccc(Cc2ccc(-n3c(=O)c4cc5c(=O)n(*)c(=O)c5cc4c3=O)c(C(C)(C)C)c2)cc1C(C)(C)C,217.0,train
*C(=O)Nc1ccc(-c2ccc(NC(=O)c3ccc4c(c3)C(=O)N(c3cccc(P(=O)(c5ccccc5)c5cccc(N6C(=O)c7ccc(*)cc7C6=O)c5)c3)C4=O)cc2)cc1,253.0,train
*CCCCC(=O)NNC(=O)c1ccc(C(=O)NNC(=O)CCCCOc2ccc(O*)c(C)c2)cc1,150.0,train
*CC(*)C(=O)OC(C)CC,-20.0,train
*CC(*)c1ccc(Cl)c([N+](=O)[O-])c1,132.9,train
*/C=C/[Si](*)(c1ccccc1)c1ccccc1,-9.0,train
*C(=O)c1ccc(Oc2ccc(Oc3ccc(C(=O)c4ccc5c(c4)C(=O)N(c4ccc(Cc6ccc(N7C(=O)c8ccc(*)cc8C7=O)cc6)cc4)C5=O)cc3)cc2)cc1,225.0,train
*CC(*)C(=O)Oc1ccc(C(=O)Oc2ccc(OC(=O)c3ccc(OCCCCC)cc3)cc2)cc1,48.0,train
*Oc1ccc(/C=N/c2ccc(/N=C/c3ccc(Oc4ccc(C(c5ccccc5)(c5ccccc5)c5ccc(*)cc5)cc4)cc3)cc2)cc1,230.0,train
*CC(O)CN(CCO)S(=O)(=O)c1ccc(-c2ccc(S(=O)(=O)N(CCO)CC(O)COc3ccc(C(C)(C)c4ccc(O*)cc4)cc3)cc2)cc1,76.0,train
*CC(*)(CC(=O)OCCCC1CCCCC1)C(=O)OCCCC1CCCCC1,7.0,train
*CC(*)(C)C(=O)OCCn1c2ccccc2c2ccccc21,148.0,train
*CC(*)(C)C(=O)OCCC[Si](OC)(OC)OC,9.0,train
*Oc1c(C)cc(*)cc1-c1ccccc1,180.0,train
*COc1ccc(C(C)(C)c2ccc(Oc3ccc(*)n3-c3ccc([N+](=O)[O-])cc3)cc2)cc1,76.75,train
*O[SiH](*)C,-3.39,train
*c1ccc2c(c1)C(CCCCCCCC)(CCCCCCCC)c1cc(*)ccc1-2,55.0,train
*CC(*)C(=O)OCCCCCCOc1ccc(/C=N/c2ccc(OCCCCC)cc2)c(O)c1,41.0,train
*/N=N/c1ccc(C(=O)NCCCCNC(=O)c2ccc(*)cc2)cc1,215.0,train
*/C=C/CC*,-103.0,train
*Oc1ccc(C(C)(C)c2ccc(Oc3ccc(*)nn3)cc2)cc1,180.0,train
*C(=O)c1cccc(C(=O)c2ccc3c(c2)C(=O)N(c2ccc(C(c4ccc(N5C(=O)c6ccc(*)cc6C5=O)cc4)(C(F)(F)F)C(F)(F)F)cc2)C3=O)c1,262.5,train
*Oc1cc(OC(=O)c2ccc(OCC)cc2)c(OC(=O)CCCCCCCCCCCCCCC(*)=O)cc1OC(=O)c1ccc(OCC)cc1,31.0,train
*N=P(N=P(N=S(*)(=O)NCC)(NCC)NCC)(NCC)NCC,4.0,train
*CCC(C)(C)CC(C)CNC(=O)c1ccc(C(=O)N*)cc1,148.0,train
*Oc1ccc(C(c2ccc(OC(*)=O)cc2)C(Cl)Cl)cc1,165.0,train
*/C(C)=C(/*)CCCCC,180.0,train
*CCCNC(=O)CCCCCCCCC(=O)NCCCOCCOCCO*,40.0,train
*CCC[Si](*)(C[Si](C)(C)c1ccccc1)C[Si](C)(C)c1ccccc1,-36.0,train
*c1cccc(Oc2cccc(Oc3cccc(N4C(=O)c5ccc(Oc6ccc7c(c6)C(=O)N(*)C7=O)cc5C4=O)c3)c2)c1,199.0,train
*CC1CC(COC(=O)c2ccc(C(=O)O*)cc2)CC(C(C)(C)C)C1,118.0,train
*CC(c1ccccc1)C1C(=O)N(c2ccccc2)C(=O)C1*,221.0,train
*/C=C/C1CC(*)C2C(=O)N(CCCCCCCCCCCC)C(=O)C12,50.0,train
*Oc1ccc(/N=C/CCC/C=N/c2ccc(OC(=O)Nc3ccc(Cc4ccc(NC(*)=O)cc4)cc3)cc2)cc1,76.0,train
*C(=O)NCCCCCCNC(=O)c1ncn(C)c1*,86.0,train
*c1ccc(Oc2ccc(S(=O)(=O)c3ccc(Oc4ccc(-c5nc(-c6ccc(-c7nc(*)c(-c8ccccc8)[nH]7)cc6)[nH]c5-c5ccccc5)cc4)cc3)cc2)cc1,301.0,train
*CC(*)c1ccc(C(=O)N2CCCCC2)cc1,114.0,train
*CC(*)P(=O)(N(C)C)N(C)C,25.0,train
*Oc1ccc(C2(c3ccc(Oc4ccc5c(=O)n6c7cc(-c8ccc9c(c8)nc8c%10ccc(*)c%11cccc(c(=O)n98)c%11%10)ccc7nc6c6cccc4c56)cc3)c3ccccc3-c3ccccc32)cc1,421.0,train
*Oc1ccc(S(=O)(=O)c2ccc(Oc3c(C)cc(C(c4cc(C)c(*)c(C)c4)(C(F)(F)F)C(F)(F)F)cc3C)cc2[Si](C)(C)C)c([Si](C)(C)C)c1,197.0,train
*CCCCCCCCNC(=O)Cc1ccc(CC(=O)N*)cc1,110.0,train
*CC(COc1ccc(C(C)(C)c2ccc(O*)cc2)cc1)OC(=O)c1ccccc1Cl,66.0,train
*CC(*)C(=O)Nc1ccc2c(c1)C(=O)c1ccccc1C2=O,128.0,train
*C(F)(F)C(*)(F)c1c(F)c(F)c(F)c(F)c1F,194.0,train
*CC(*)(F)F,-34.4,train
*Oc1ccc(-c2ccc(Oc3ccc(C(=O)c4ccccc4-c4ccccc4C(=O)c4ccc(*)cc4)cc3)cc2)cc1,193.0,train
*Oc1ccc(C(C)(C)c2ccc(OC(=O)c3ccc4c(c3)C(C)(c3ccc(C(*)=O)cc3)CC4(C)C)cc2)cc1,265.0,train
*c1ccc2c(c1)C(=O)N(c1c(CC)cc(Cc3cc(CC)c(N4C(=O)c5ccc(C(*)(C(F)(F)F)C(F)(F)F)cc5C4=O)c(CC)c3)cc1CC)C2=O,266.0,train
*Nc1ccc(NC(=O)c2ccc(NC(=O)CCCCCCCCCCCCC(=O)Nc3ccc(C(*)=O)cc3)cc2)cc1C(=O)OCCCCCCCCCCCC,199.5,train
*c1ccc2c(c1)C(=O)N(c1ccc(N(C)CCN(C)c3ccc(N4C(=O)c5ccc(C(*)(C(F)(F)F)C(F)(F)F)cc5C4=O)cc3)cc1)C2=O,227.0,train
*N=P(Cl)(N=P(Cl)(/N=S(/*)Oc1ccccc1-c1ccccc1)Oc1ccccc1-c1ccccc1)Oc1ccccc1-c1ccccc1,79.0,train
*CCOCCOC(=O)CC(=O)O*,-41.5,train
*C(=O)c1ccc(C(=O)c2ccc(Oc3ccc(C(C)(C)c4ccc(Oc5ccc(*)s5)cc4)cc3)s2)cc1,154.0,train
*CC(*)C(=O)OCC(CC)CCCC,-62.0,train
*c1ccc(Oc2ccc(-n3nccc3-c3ccc(-c4ccnn4*)cc3)cc2)cc1,243.0,train
*Oc1ccc(C(C)(C)c2ccc(OC(*)=O)c(CC)c2)cc1CC,65.0,train
*c1ccc(Oc2ccc(N3C(=O)c4ccc(Oc5ccc(C(c6ccc(Oc7ccc8c(c7)C(=O)N(*)C8=O)cc6)(C(F)(F)F)C(F)(F)F)cc5)cc4C3=O)cc2)cc1,257.0,train
*Oc1cccc(Oc2ccc(C(=O)O)c(C(=O)Nc3ccc(Oc4ccc(-c5ccc(Oc6ccc(NC(=O)c7cc(*)ccc7C(=O)O)cc6)cc5)cc4)cc3)c2)c1,100.0,train
*Oc1ccc(OC(=O)c2ccc(Oc3ccc(C(*)=O)cc3)cc2)c2ccccc12,166.0,train
*N=P(*)(Oc1ccc(F)cc1)Oc1ccc(F)cc1,-4.0,train
*C(=O)Nc1cccc(S(=O)(=O)c2cccc(NC(=O)c3ccc4c(c3)C(=O)N(c3ccc(-c5sc(-c6ccc(N7C(=O)c8ccc(*)cc8C7=O)cc6)c(-c6ccccc6)c5-c5ccccc5)cc3)C4=O)c2)c1,320.0,train
*/C(C#N)=C/c1cc(OCCCCCCCCCCCCCCCC)c(/C=C(\C#N)c2cc(OCCCCCCCCCCCCCCCC)c(*)cc2OC)cc1OC,190.0,train
*c1ccc(Oc2ccc(N3C(=O)C4CCC5C(=O)N(*)C(=O)C5C4C3=O)cc2)cc1,342.0,train
*N=P(*)(Oc1cccc(C(F)(F)F)c1)Oc1cccc(C(F)(F)F)c1,-35.0,train
*C1C(=O)N(c2cc(Br)c(O[Si](C)(C)C(C)(C)C)c(Br)c2)C(=O)C1*,164.0,train
*OC(=O)c1cccc(OCCCCCCOc2cccc(C(=O)OC3COC4C(*)COC34)c2)c1,43.5,train
*Oc1ccc(C(CC)(c2ccccc2)c2ccc(OC(=O)c3ccc(C(*)=O)cc3)cc2)cc1,243.0,train
*CCOC(=O)NCCCCCCCCCNC(=O)O*,44.0,train
*CCCCCCCCOC(=O)c1cccc(C(=O)O*)c1,-9.0,train
*C(=O)OCCOCCOCCOCCOC(=O)c1ccc(N2C(=O)c3ccc(*)cc3C2=O)cc1,52.0,train
*Oc1ccccc1S(=O)(=O)c1ccc(*)cc1,221.0,train
*CC(*)C(=O)OCC(F)(F)C(F)(F)OC(F)(F)C(F)(F)C(F)(F)F,-68.0,train
*CCN(CCOC(=O)Nc1ccc(C)c(NC(=O)O*)c1)c1ccc(/N=N/c2ccc([N+](=O)[O-])cc2C)c(C)c1,135.0,train
*c1ccc(Oc2ccc3ccccc3c2-c2c(Oc3ccc(N4C(=O)c5ccc(NC(=O)Nc6ccc(Oc7ccccc7-c7ccccc7Oc7ccc(NC(=O)Nc8ccc9c(c8)C(=O)N(*)C9=O)cc7)cc6)cc5C4=O)cc3)ccc3ccccc23)cc1,285.0,train
*CCCNC(=O)O*,26.0,train
*CC(*)(C)C(=O)OCCCCCCOc1ccc(OC(=O)c2ccc(OC)c(Br)c2)cc1,51.0,train
*c1ccc(-c2cc(C(C)(C)C)c(Oc3ccc(N4C(=O)c5ccc(S(=O)(=O)c6ccc7c(c6)C(=O)N(*)C7=O)cc5C4=O)cc3C(F)(F)F)c(C(C)(C)C)c2)cc1,365.5,train
*Oc1ccc(S(=O)(=O)c2ccc(Oc3ccc(/C=C/c4ccc(*)cc4)cc3)cc2)cc1,234.5,train
*O[Si](C)(C)c1ccc([Si](*)(C)C)c2ccccc12,60.0,train
*CC(C#N)C(CCC(C)(O)C=C)C(*)(C)C,50.0,train
*CCSSSS*,-24.0,train
*CCCCCCCCCCCOc1ccc(CCc2ccc(O*)cc2C)cc1,3.9,train
*/C=C(/*)c1ccccc1[Ge](C)(C)C,180.0,train
*CCOC(=O)CCCCCCCCC(=O)OCCOC(=O)c1ccc(C(=O)O*)cc1,-6.5,train
*C(=O)c1ccc2c(c1)/C(=N\c1ccc(Oc3cccc(/N=C4/OC(=O)c5ccc(*)cc54)c3)cc1)OC2=O,253.0,train
*c1ccc(Nc2nc(Nc3ccc(-c4nc5cc(-c6ccc7[nH]c(*)nc7c6)ccc5[nH]4)cc3)nc(N(c3ccccc3)c3ccccc3)n2)cc1,329.0,train
*C(=O)c1ccc2c(c1)C(=O)N(c1cccc(OCCOCCOc3cccc(N4C(=O)c5ccc(*)cc5C4=O)c3)c1)C2=O,155.0,train
*OC(=O)C(C)NC(=O)CCCCCC(=O)NC(C)C(=O)OC1COC2C(*)COC12,45.0,train
*c1ccc(Oc2cccc(Oc3ccc(N4C(=O)c5cccc(Oc6ccc(C(=O)c7ccc(Oc8cccc9c8C(=O)N(*)C9=O)cc7)cc6)c5C4=O)cc3)c2)cc1,216.0,train
*OC(CC(*)=O)C(C)(Cl)Cl,109.0,train
*OC(=O)Cc1ccc(CC(*)=O)cc1,65.0,train
*CC(*)(C)C(=O)OCC(=O)N1CCCC1,144.0,train
*CC(*)(F)C(=O)OCC(F)(F)C(F)F,90.5,train
*c1nc(C)nc(N(CCCCCCCCCCN(*)c2ccccc2)c2ccccc2)n1,48.0,train
*c1nc(-c2ccccc2)nc(N(C)CCCCCCN(*)C)n1,57.0,train
*C(=O)Nc1ccc(Oc2ccc(-c3ccc(Oc4ccc(NC(=O)c5ccc6c(c5)C(=O)N(c5ccc(Oc7ccc(C8(c9ccc(Oc%10ccc(N%11C(=O)c%12ccc(*)cc%12C%11=O)cc%10)cc9)CC9CC8C8CCCC98)cc7)cc5)C6=O)cc4)cc3C)c(C)c2)cc1,265.0,train
*Nc1cccc(NC(=O)CCCCCCC(*)=O)c1,115.5,train
*c1ccc(Oc2ccc(C(=O)c3ccc(C(=O)c4ccc(Oc5ccc(-c6nc(-c7cccc(-c8nc(*)c(-c9ccccc9)[nH]8)c7)[nH]c6-c6ccccc6)cc5)cc4)cc3)cc2)cc1,262.0,train
*CC(*)C(=O)OCCCC,-49.0,train
*COc1ccc(C(=O)OC(=O)c2ccc(O*)cc2)cc1,84.0,train
*Oc1ccc2ccc(Oc3ccc(C(=O)Nc4ccc(Oc5ccc(C(c6ccc(Oc7ccc(NC(=O)c8ccc(*)cc8)cc7)cc6)(C(F)(F)F)C(F)(F)F)cc5)cc4)cc3)cc2c1,163.0,train
*c1ccc(C(=O)c2ccc(-n3nc(-c4ccccc4)c4cc(Oc5ccc6c(-c7ccccc7)nn(*)c(=O)c6c5)ccc4c3=O)cc2)cc1,275.5,train
*O[Si](C)(C)CC(C)(C)COC(=O)c1cccc(C(=O)OCC(C)(C)C[Si](*)(C)C)c1,-52.0,train
*CC(*)C(=O)OCC(F)(F)C(F)(F)C(F)(F)C(F)F,-35.0,train
*C(F)(F)C1(F)C(F)(F)C(*)(F)C(F)(F)C(F)(F)C(F)(F)C1(F)F,198.0,train
*Oc1ccc(CC(NC(=O)CCc2ccc(OC(=O)CC(C)CCC(*)=O)cc2)C(=O)OC(C)CC)cc1,45.0,train
*c1cccc(OCCCCCCCCCCCOC(=O)c2cccc(C(=O)OCCCCCCCCCCCOc3cccc(-c4nnc(*)s4)c3)c2)c1,15.0,train
*c1ccc(-c2cc(CCCCCCOC(=O)COc3ccccc3)c(*)s2)s1,79.0,train
*C1C(=O)N(c2ccc(O[Si](C)(C)C(C)(C)C)cc2)C(=O)C1*,169.0,train
*C(=O)N1C(=O)N(C(=O)c2ccc3c(c2)C(=O)N(c2ccc(Oc4ccc(N5C(=O)c6ccc(*)cc6C5=O)cc4)cc2)C3=O)C(C)(C)C1=O,156.0,train
*Oc1ccc(C(C)(C)c2ccc(OC(=O)c3ccc(C(C)(CC)c4ccc(C(*)=O)cc4)cc3)cc2)cc1,211.0,train
*c1cc(C(=O)Oc2cccc3cccnc23)c(*)s1,154.0,train
*C(=O)Nc1ccc(Oc2ccccc2-c2ccccc2Oc2ccc(NC(=O)c3ccc4c(c3)C(=O)N(c3cccc(N5C(=O)c6ccc(*)cc6C5=O)c3)C4=O)cc2)cc1,237.0,train
*CCNC(=O)c1cccc(O*)c1,106.0,train
*CCCCCCCCc1nc2cc(NC(=O)CCCCC(=O)Nc3ccc4oc(*)nc4c3)ccc2o1,92.0,train
*c1ccc(Oc2ccc(/C=C/c3ccc(Oc4ccc(-c5nnc(*)o5)cc4)c4ccccc34)cc2)cc1,213.0,train
*CCCCCCCCNC(=O)c1cccc(C(=O)N*)c1,110.0,train
*N=P(*)(Cl)Oc1ccc(C)cc1,-5.0,train
*Oc1ccc(NC(=O)c2ccc(Oc3ccc(C(C)(C)c4cccc(C(C)(C)c5ccc(Oc6ccc(C(=O)Nc7ccc(Oc8ccc(-c9ccc(*)cc9)cc8)cc7)cc6)cc5)c4)cc3)cc2)cc1,167.0,train
*CC(*)(C)C(=O)OCc1ccc2c(c1)c1ccccc1n2CCCCCCCCCCCCCCCC,23.0,train
*OC(F)(F)C(F)(F)C(*)(F)F,-109.0,train
*CCN(CCOC(=O)Nc1ccc(Cc2ccc(NC(=O)O*)cc2)cc1)c1ccccc1,31.9,train
*c1cccc(C(=O)Nc2ccc(Oc3ccc(Oc4ccc(NC(=O)c5cccc(N6C(=O)c7ccc(-c8ccc9c(c8)C(=O)N(*)C9=O)cc7C6=O)c5)cc4)cc3)cc2)c1,244.0,train
*Oc1cccc(Oc2ccc(NC(=O)c3cc(NC(=O)c4ccc(OC(C)=O)cc4)cc(C(=O)Nc4ccc(*)cc4)c3)cc2)c1,230.0,train
*c1ccc(-c2ccc(-n3c(-c4ccc(Oc5ccc(S(=O)(=O)c6ccc(Oc7ccc(-c8nc9ccccc9n8*)cc7)cc6)cc5)cc4)nc4ccccc43)cc2)cc1,289.0,train
*c1ccc(Oc2ccc(-c3cc(-c4ccc(Oc5ccc(-c6cc(*)nc7ccccc67)cc5)cc4)c4ccccc4n3)cc2)cc1,300.0,train
*Nc1ccc(C(c2ccc(NC(=O)c3cccc(C(*)=O)c3)cc2)(P2(=O)Oc3ccccc3-c3ccccc32)P2(=O)Oc3ccccc3-c3ccccc32)cc1,230.0,train
*C(=O)Nc1ccc(S(=O)(=O)c2ccc(NC(=O)c3ccc4c(c3)C(=O)N(c3ccc(S(=O)(=O)c5ccc(N6C(=O)c7ccc(*)cc7C6=O)cc5)cc3)C4=O)cc2)cc1,307.0,train
*C(=O)c1ccc2c(c1)C(=O)N(c1ccc(Sc3ccc(N4C(=O)c5ccc(*)cc5C4=O)cc3)cc1)C2=O,276.0,train
*c1ccc2oc(-c3ccc(Oc4ccc(-c5nc6cc(C(*)(C(F)(F)F)C(F)(F)F)ccc6o5)cc4)cc3)nc2c1,303.0,train
*CCC(C(=O)OC)C(*)C(=O)OC,31.2,train
*C(=O)c1ccc2c(c1)C(=O)N(c1cccc(C(=O)c3ccc(C(=O)c4cccc(N5C(=O)c6ccc(*)cc6C5=O)c4)cc3)c1)C2=O,240.0,train
*Nc1ccc(Cc2ccc(NC(=O)NCCCCCCNC(*)=O)cc2)cc1,78.0,train
*C(=O)Nc1ccc(Oc2ccc(Oc3ccc(NC(=O)c4ccc5c(c4)C(=O)N(c4ccc(Oc6ccc(N7C(=O)c8ccc(*)cc8C7=O)cc6)cc4)C5=O)cc3)cc2)cc1,260.0,train
*CC(*)C(=O)Oc1ccc(OC)cc1,50.5,train
*C(=O)NCCCCCCNC(=O)c1ccc(N2C(=O)c3ccc(*)cc3C2=O)cc1,225.0,train
*/C=C(\C#N)C(=O)OCCCCCCOC(=O)/C(C#N)=C/c1ccc2c(c1)c1cc(*)ccc1n2CCCCCCCCCCCCCC,53.0,train
*CCCCCCCCOc1c(OC)cc(/C=C/c2ccc(/C=C/c3cc(OC)c(O*)c(OC)c3)cc2)cc1OC,80.45,train
*Oc1ccc(CC(NC(=O)CCc2ccc(OC(=O)CCC(*)=O)cc2)C(=O)OCCOCCOCC)cc1,34.0,train
*CC(=O)NCCCCCCNC(=O)COC(=O)CCCCCCCCCCC(=O)O*,0.9,train
*C(F)(F)C(*)(F)OC(F)(F)F,-5.0,train
*c1ccc(Oc2ccc3ccccc3c2-c2c(Oc3ccc(N4C(=O)c5ccc(NC(=O)Nc6cccc(NC(=O)Nc7ccc8c(c7)C(=O)N(*)C8=O)n6)cc5C4=O)cc3)ccc3ccccc23)cc1,283.0,train
*CC(*)c1ccc(COCCC(F)(F)C(F)(F)C(F)(F)C(F)(F)C(F)(F)C(F)(F)F)cc1,18.0,train
*Oc1ccc(C(CC)(c2ccccc2)c2ccc(OC(*)=O)cc2)cc1,147.0,train
*Oc1c(C)cc(-c2cc(CBr)c(Oc3ccc(C(=O)c4ccc(*)cc4)cc3)c(CBr)c2)cc1CBr,163.67,train
*CCN(CCN1C(=O)c2ccc(C(c3ccc4c(c3)C(=O)N(*)C4=O)(C(F)(F)F)C(F)(F)F)cc2C1=O)c1ccc(/N=N/c2ccc(C=O)cc2)cc1,170.0,train
*Oc1ccc(OC(=O)c2cc(OCCCCCCCCCCCC)c(C(*)=O)cc2OCCCCCCCCCCCC)cc1C,112.0,train
*O[Si](*)(C)CCCCCCOc1ccc(C(=O)Oc2ccc(C(=O)Oc3ccc(C=C(C(=O)OCCCCCCCCC)C(=O)OCCCCCCCCC)cc3)cc2)cc1,-5.0,train
*CCN(*)C(=O)CC,60.0,train
*C(=O)N1C(=S)N(C(=O)c2ccc3c(c2)C(=O)N(c2ccc(Oc4ccc(N5C(=O)c6ccc(*)cc6C5=O)cc4)cc2)C3=O)C(C)=C(C(=O)OCC)C1c1ccccc1,155.0,train
*c1cc(Br)c(Oc2c(Br)cc(N3C(=O)c4ccc(-c5ccc6c(c5)C(=O)N(*)C6=O)cc4C3=O)cc2Br)c(Br)c1,287.0,train
*CCCCCCN(C)C(=O)CCC(=O)N(*)C,7.5,train
*CC(CO)(CCl)COc1ccc(C(c2ccc(O*)cc2)(C(F)(F)F)C(F)(F)F)cc1,107.0,train
*CC(COC(=O)O*)OCCCCOc1ccc(/C=C/c2ccc([N+](=O)[O-])cc2)cc1,42.0,train
*c1ccc(-n2ccc(-c3cccc(-c4ccn(*)n4)c3)n2)cc1,75.0,train
*CC(*)C(=O)OCCOc1ccc(C(=O)Oc2ccc(OC(=O)c3ccc(OCCCC)cc3)cc2)cc1,45.0,train
*c1ccc(Oc2c(C)cc(C(c3cccnc3)c3cc(C)c(Oc4ccc(N5C(=O)CC(Nc6cccc(NC7CC(=O)N(*)C7=O)c6)C5=O)cc4)c(C)c3)cc2C)cc1,217.0,train
*CC(*)c1ccc([Si](C)(O[Si](C)(C)C)O[Si](C)(C)C)cc1,54.0,train
*CCCCCCOC(=O)CCCCCCCCC(=O)O*,-38.0,train
*c1ccc2c(c1)C(=O)N(c1cccc(C(=O)Nc3ccc(-c4ccc(NC(=O)c5cccc(N6C(=O)c7ccc(C(*)(C(F)(F)F)C(F)(F)F)cc7C6=O)c5)cc4)cc3)c1)C2=O,324.0,train
*Oc1ccc(NC(=O)CCCCCCCCCCC(=O)Nc2ccc(*)cc2)cc1,150.0,train
*C(=O)Nc1ccc(Oc2ccc(NC(=O)c3ccc4c(c3)C(=O)N(c3ccc(Oc5ccc(N6C(=O)c7ccc(*)cc7C6=O)cc5-c5ccccc5)c(-c5ccccc5)c3)C4=O)cc2)cc1,345.0,train
*c1ccc(CC(=O)Nc2ccc(Cc3ccc(NC(=O)Cc4ccc(-c5sc(*)c(-c6ccccc6)c5-c5ccccc5)cc4)cc3)cc2)cc1,227.0,train
*Nc1cc(NC(=O)c2cccc(C(*)=O)c2)cc(C(=O)OCCOc2ccc(/C=C/C(=O)c3ccccc3)cc2)c1,216.0,train
*CCCCCCCCCCC(=O)Nc1ccc(Cc2ccc(NC(=O)CCCCCCCCCCN3C(=O)c4ccc(C(=O)c5ccc6c(c5)C(=O)N(*)C6=O)cc4C3=O)cc2)cc1,136.0,train
*CCCCCCN1C(=O)c2ccc(Oc3ccc4c(c3)C(=O)N(*)C4=O)cc2C1=O,164.0,train
*c1ccc(-c2nnc(*)o2)c(OCCCCCCCC)c1,173.0,train
*CC(*)c1ccc(F)cc1,95.0,train
*CCCCC(C)CCn1c(=O)c2cc3c(=O)n(*)c(=O)c3cc2c1=O,135.0,train
*CCCOCCCCOCCCN1C(=O)c2ccc(C(=O)Oc3ccc(-c4ccc(OC(=O)c5ccc6c(c5)C(=O)N(*)C6=O)cc4)cc3)cc2C1=O,70.0,train
*Nc1ccc(C(c2ccc(NC(=O)c3cc(C(*)=O)cc(C(C)(C)C)c3)cc2)(P2(=O)Oc3ccccc3-c3ccccc32)P2(=O)Oc3ccccc3-c3ccccc32)cc1,235.0,train
*Sc1ccc(Sc2ccc(Sc3cccc4c3C(=O)N(N3C(=O)c5cccc(*)c5C3=O)C4=O)cc2)cc1,266.0,train
*OC(CC(*)=O)C(Cl)(Cl)Cl,163.5,train
*c1ccc2c(c1)C(=O)N(c1ccc(S(=O)(=O)c3ccc(N4C(=O)c5ccc(C(*)(C(F)(F)F)C(F)(F)F)cc5C4=O)cc3)cc1)C2=O,337.0,train
*Oc1ccc(Oc2ccc(C(=O)c3ccccc3)c(-c3cc(*)ccc3C(=O)c3ccccc3)c2)cc1,156.0,train
*CC(O)COc1ccc(C(C)(C)c2ccc(OCC(O)COc3ccc(NC(=O)CCCC(=O)Nc4ccc(O*)cc4)cc3)cc2)cc1,105.0,train
*c1ccc(NC(=O)c2ccc(OCCOCCOCCOc3ccc(C(=O)Nc4ccc5[nH]c(*)nc5c4)cc3)cc2)cc1,155.0,train
*CC(*)(CC(=O)Oc1ccc(OCC)cc1)C(=O)Oc1ccc(OCC)cc1,110.5,train
*c1ccc(-c2cc(C(C)(C)C)c(Oc3ccc(-n4c(=O)c5cc6c(=O)n(*)c(=O)c6cc5c4=O)cc3C(F)(F)F)c(C(C)(C)C)c2)cc1,420.0,train
*Oc1ccc(/N=C/CCC/C=N/c2ccc(OC(=O)NCCCCCCNC(*)=O)cc2)cc1,72.0,train
*Oc1cccc(NC(=O)CCCCCCCCCCC(=O)Nc2ccc(*)cc2)c1,110.0,train
*CCCCOC(=O)c1cccc(C(=O)O*)c1,19.0,train
*CCCCCOc1ccc(NC(=O)c2cccc(C(=O)Nc3ccc(O*)cc3)c2)cc1,155.0,train
*Oc1ccc(CC(NC(=O)CCc2ccc(OC(=O)CCCCCCCCC(*)=O)cc2)C(=O)OC(C)C)cc1,44.0,train
*/C=C/C1CC(*)C(F)(F)C1(F)OC(F)(F)C(F)(F)C(F)(F)F,77.0,train
*Oc1ccc(S(=O)(=O)c2ccc(Oc3ccc(P(=O)(c4ccccc4)c4ccc(*)cc4)cc3)cc2)cc1,231.0,train
*c1ccc2c(c1)C(=O)N(c1cc(N3C(=O)c4ccc(C(*)(C(F)(F)F)C(F)(F)F)cc4C3=O)ccc1OCCCCCCOc1ccc(-c3ccc(OCC)cc3)cc1)C2=O,150.3,train
*Nc1ccc(C(c2ccc(NC(=O)c3ccc(C(*)=O)cc3)cc2)(P2(=O)Oc3ccccc3-c3ccccc32)P2(=O)Oc3ccccc3-c3ccccc32)cc1,245.0,train
*NC1CCC(CC(C)(C)NC(=O)CCCCC(*)=O)CC1,80.0,train
*c1ccc([Si](c2ccccc2)(c2ccccc2)c2ccc(-c3nnc(-c4ccc(-c5nnc(*)o5)o4)o3)cc2)cc1,276.0,train
*Oc1c(C)cc(C(C)(C)c2cc(C)c(OC(=O)CCCCCC(*)=O)c(C)c2)cc1C,84.0,train
*Oc1c(C)c(C)c(Oc2ccc(NC(=O)c3ccc(C(=O)Nc4ccc(*)cc4)cc3)cc2)c(C)c1C,310.0,train
*CCCCCNC(=O)CC(=O)N*,65.0,train
*C(=O)c1ccc2c(c1)C(=O)N(c1ccc(C(=O)c3ccc(N4C(=O)c5ccc(*)cc5C4=O)cc3)cc1)C2=O,294.0,train
*C(=O)c1ccc2c(c1)C(=O)N(c1ccc(-c3ccccc3N3C(=O)c4ccc(*)cc4C3=O)cc1)C2=O,305.0,train
*c1ccc(Oc2ccc(Oc3ccc(-c4ccc(Oc5ccc(Oc6ccc(C7(*)OC(=O)c8ccccc87)cc6)cc5)c5ccccc45)c4ccccc34)cc2)cc1,198.0,train
*CC(*)C(=O)OCC(F)(F)C(F)(F)OC(F)(F)F,-55.0,train
*c1ccc(Oc2ccc(N3C(=O)c4ccc(S(=O)(=O)c5ccc6c(c5)C(=O)N(*)C6=O)cc4C3=O)cc2)cc1,283.5,train
*Oc1ccc(Oc2ccc(C(=O)c3ccc(*)cc3)cc2)cc1-c1cccc(C(F)(F)F)c1,134.0,train
*/C=C/c1cc(CCCCCCCCCCCCCCCC)c(/C=C/c2nc(*)c(C#N)c(/C=C/c3ccc(N(c4ccccc4)c4ccccc4)cc3)c2C#N)cc1CCCCCCCCCCCCCCCC,165.0,train
*Nc1cc(NC(=O)Nc2ccc(Cc3ccc(NC(*)=O)cc3)cc2)cc(C(=O)Nc2cccc3c2C(=O)c2ccccc2C3=O)c1,178.0,train
*NC(CCC(=O)OCc1ccccc1)C(*)=O,17.0,train
*Nc1ccc(NC(=O)c2ccc(NC(=O)CCCCCCCCCCCCC(=O)Nc3ccc(C(*)=O)cc3)cc2)cc1C(=O)OCCCCCCCCCCCCCCCCCC,191.0,train
*c1ccc(C(=O)NCCCCCCCCCCNC(=O)c2ccc(-c3nc4ccccc4nc3*)cc2)cc1,166.0,train
*c1ccc(Oc2ccc(-c3cc(-c4ccccc4)c4cc(-c5ccc6nc(*)cc(-c7ccccc7)c6c5)ccc4n3)cc2)cc1,305.0,train
*CC(F)(F)C(F)(F)C(F)(F)COC(=O)c1cc(C(=O)O*)cc(C(F)(F)C(F)(F)C(F)(F)C(F)(F)C(F)(F)C(F)(F)C(F)(F)F)c1,27.0,train
*Oc1ccc(C2(c3ccc(OC(=O)CCCCCCCCCCC(*)=O)cc3)c3ccccc3-c3ccccc32)cc1,117.0,train
*Oc1ccc(Oc2ccc(C(=O)c3ccc(*)cc3)cc2)cc1S(=O)(=O)O,225.0,train
*CCCCCCOC(=O)C(CCCCCOc1ccc(/N=N/c2ccncc2)cc1)C(=O)OCCCCCCOc1ccc(-c2ccc(O*)cc2)cc1,53.6,train
*/N=N/c1ccc(Nc2ccc(C(=O)c3ccc(Nc4ccc(*)cc4)cc3)cc2)cc1,216.42,train
*Oc1ccc(C(C)(C)c2ccc(OC(=O)SCCCCCCSC(*)=O)cc2)cc1,58.0,train
*=NP(=NP(=NC(=*)Oc1ccc(OC)cc1)(Oc1ccc(OC)cc1)Oc1ccc(OC)cc1)(Oc1ccc(OC)cc1)Oc1ccc(OC)cc1,37.0,train
*CC(*)c1ccccc1COCCC,97.0,train
*Oc1ccc(C2(c3ccc(OC(=O)c4cccc(C(*)=O)c4)c(C)c3)c3ccccc3-c3ccccc32)cc1C,287.0,train
*N=P(*)(OCCOCCOCCOCCOCCOCCOCCOCCOC)OCCOCCOCCOCCOCCOCCOCCOCCOC,-75.0,train
*Nc1cc(NC(=O)Nc2ccc(CCc3ccccc3NC(*)=O)cc2)ccc1C,227.0,train
*CCOC(=O)Nc1ccc(Cc2ccc(NC(=O)OCCOc3ccc(O*)cc3)cc2)cc1,98.0,train
*CC(*)c1cc(Br)ccc1OCCC(C)C,37.0,train
*Oc1ccc(OC(=O)c2cc(OCCCCCCCCCCCC)c(C(*)=O)cc2OCCCCCCCCCCCC)cc1-c1ccccc1,96.0,train
*CCCOC(=O)Nc1ccc(Cc2ccc(NC(=O)O*)cc2)cc1,119.0,train
*CCCCCOC(=O)Nc1ccc(Cc2ccc(NC(=O)O*)cc2)cc1,95.0,train
*NC1CCC(CCC2CCC(NC(=O)CCCCCCCCCCC(*)=O)CC2)CC1,105.0,train
*Oc1ccc(CC(NC(=O)Cc2ccc(OC(=O)COCC(*)=O)cc2)C(=O)OCCCCCC)cc1,46.0,train
*Oc1ccc(CC(NC(=O)CCc2ccc(OC(=O)CCCCCCC(*)=O)cc2)C(=O)OCCOCCOCC)cc1,6.0,train
*COC(=O)OCC1OC(OCC)OC1*,23.5,train
*CCCNC(=O)c1ccc(C(=O)N*)cc1,180.0,train
*c1cccc(P(=O)(c2ccc(C(F)(F)F)cc2)c2cccc(N3C(=O)c4ccc(Oc5ccc6c(c5)C(=O)N(*)C6=O)cc4C3=O)c2)c1,248.0,train
*Oc1ccc(C(=O)c2ccc(C(=O)c3ccc(Oc4cccc(Cc5cccc(*)c5)c4)cc3)cc2)cc1,122.0,train
*COc1ccc(C(C)(C)c2ccc(Oc3ccc(*)n3-c3ccc(C#N)cc3)cc2)cc1,73.13,train
*Oc1ccc(CC(NC(=O)Cc2ccc(OC(=O)CCCCC(*)=O)cc2)C(=O)OCC)cc1,63.0,train
*C[Si](*)(CCCCC)CCCCC,-55.0,train
*O[Si](*)(C)CCCCCCCCCCC(=O)Oc1ccc(C(=O)Oc2ccc(-c3ccc(OC(=O)CCCCC(=O)OC4CC(C)CCC4C(C)C)cc3)cc2)cc1,32.4,train
*Oc1ccc(CC(NC(=O)Cc2ccc(OC(=O)CC(C)CCC(*)=O)cc2)C(=O)OCC)cc1,63.0,train
*CCCCCCOC(=O)c1cc(OCCCCCCOc2ccc(/N=N/c3ccc(C#N)cc3)cc2)cc(C(=O)OCCCCCCN2C(=O)c3ccc(-c4ccc5c(c4)C(=O)N(*)C5=O)cc3C2=O)c1,93.0,train
*/C=C/c1ccc(*)c(OCc2cc(OCc3cc(OCCC(C)CCCC(C)C)cc(OCCC(C)CCCC(C)C)c3)cc(OCc3cc(OCC(CC)CCCC)cc(OCC(CC)CCCC)c3)c2)c1,223.0,train
*CC/C=C/C[Si](*)(C)c1ccccc1,-14.9,train
*/C=C/c1ccc(OC(=O)CCCCCCCCC(=O)Oc2cccc(-c3nnc(*)s3)c2)cc1,37.0,train
*CC(O)COc1ccc(C(C)(C)c2ccc(OCC(O)COc3ccc(S(=O)(=O)c4ccc(O*)cc4)cc3)cc2)cc1,140.0,train
*CC(*)C(=O)Oc1ccc(C(=O)OCC)cc1,37.0,train
*c1ccc(Sc2cc3c(cc2Sc2ccc(N4C(=O)c5ccc(Oc6ccc7c(c6)C(=O)N(*)C7=O)cc5C4=O)cc2)C(=O)N(c2ccc(CC)cc2)C3=O)cc1,271.0,train
*O[Si](*)(C)CCCOc1ccc(C(=O)Oc2ccc(C(=O)Oc3ccc(OC)cc3)cc2)cc1,38.0,train
*c1ccc(Oc2ccc(S(=O)(=O)c3ccc(Oc4ccc(-c5cc(*)n(-c6ccccc6)n5)cc4)cc3)cc2)cc1,235.0,train
*Nc1ccc(NC(=O)Cc2cc(C)c(CC(*)=O)cc2C)cc1,175.0,train
*CCCCOC(=O)Nc1ccc(Cc2ccc(NC(=O)O*)cc2)cc1,109.0,train
*c1ccc(Oc2ccc(-c3ccc(Oc4ccc(N5C(=O)c6ccc(Oc7c(C)cc(Cc8cc(C)c(Oc9ccc%10c(c9)C(=O)N(*)C%10=O)c(C)c8)cc7C)cc6C5=O)cc4)cc3)cc2)cc1,248.0,train
*C1C(*)C2CC1C(C(=O)OCC1CC3CCC1C3)C2C(=O)OCC1CC2CCC1C2,320.0,train
*c1ccc(Oc2ccc(-c3ccc(-c4ccc(Oc5ccc(-c6c7c(c(*)c8ccccc68)C(=O)N(c6ccccc6)C7=O)cc5)c(C(F)(F)F)c4)cc3)cc2C(F)(F)F)cc1,317.0,train
*CC(C)(C)COC(=O)Nc1ccc(Cc2ccc(NC(=O)O*)cc2)cc1,94.0,train
*c1cc(Br)c(OC(=O)c2ccc(C(=O)Oc3c(Br)cc(C4(*)OC(=O)c5ccccc54)cc3Br)cc2)c(Br)c1,319.0,train
*Oc1ccc(NC(=O)/C=C/c2ccc(/C=C/C(=O)Nc3ccc(*)cc3)cc2)cc1,205.0,train
*Oc1c(C)cc(-c2cc(C)c(OC(=O)CCCCCCCCC(*)=O)c(C)c2)cc1C,57.0,train
*Oc1c(F)c(F)c(-c2c(F)c(F)c(Oc3ccc(C(c4ccc(*)cc4)(C(F)(F)F)C(F)(F)F)cc3)c(F)c2F)c(F)c1F,167.0,train
*Cc1ccc(C(C)(C)c2ccc(CN3C(=O)c4ccc(-c5ccc6c(c5)C(=O)N(*)C6=O)cc4C3=O)o2)o1,129.0,train
*CC(*)CO,36.0,train
*CCCCCCNC(=O)CCP(C)(=O)CCC(=O)N*,57.5,train
*CC(C)COC(=O)c1ccc(C(=O)O*)cc1,55.0,train
*Oc1cc(OCCOC)c(OC(=O)c2ccc(C(*)=O)cc2-c2ccccc2)cc1OCCOC,92.0,train
*c1ccc(Oc2ccc(-c3ccc(Oc4ccc(N5C(=O)c6ccc(Oc7ccccc7Oc7ccc8c(c7)C(=O)N(*)C8=O)cc6C5=O)cc4C(F)(F)F)cc3)cc2)c(C(F)(F)F)c1,208.0,train
*CC(*)c1ccc([SiH](C)C)cc1,105.0,train
*Oc1ccc(C2(c3ccc(OC(=O)c4ccc(Oc5ccc(C6(c7ccc(Oc8ccc(C(*)=O)cc8)cc7)CCC(C(C)(C)C)CC6)cc5)cc4)cc3)CC3CC2C2CCCC32)cc1,181.0,train
*Nc1ccc(CC(C)(C)NC(=O)CCCCCCCCC(*)=O)cc1,92.0,train
*CC(*)C(=O)NC(C)(C)C,135.0,train
*/C=C/C1CC(*)C(C#N)(C[Si](C)(C)O[Si](C)(C)C)C1,68.0,train
*Oc1ccc2c(c1)C(C)(c1ccc(OC(=O)c3cccc(C(*)=O)c3)cc1)CC2(C)C,230.5,train
*OP(=O)(Oc1ccc(NC(=O)Oc2ccc(C(C)(C)c3ccc(OC(=O)Nc4ccc(*)cc4)cc3)cc2)cc1)c1ccccc1,34.0,train
*Oc1c(C)cc(C2(c3cc(C)c(Oc4ccc(C(=O)c5ccc(*)cc5)cc4)c(C)c3)CCC3CCCCC3C2)cc1C,251.0,train
*CCCCCCCCCN1C(=O)c2ccc(-c3ccc(-c4ccc5c(c4)C(=O)N(*)C5=O)cc3)cc2C1=O,104.0,train
*CC(*)C(=O)NC(C)(C)CC(C)=O,72.5,train
*C(=O)Nc1ccc(S(=O)(=O)c2ccc(NC(=O)c3ccc4c(c3)C(=O)N(c3cc(-c5nc6ccccc6s5)cc(N5C(=O)c6ccc(*)cc6C5=O)c3)C4=O)cc2)cc1,357.0,train
*c1ccc2c(c1)C(=O)N(c1ccc(NC(=O)C(F)(F)C(F)(F)C(F)(F)C(F)(F)C(F)(F)C(F)(F)C(=O)Nc3ccc(N4C(=O)c5ccc(C(*)(C(F)(F)F)C(F)(F)F)cc5C4=O)cc3)cc1)C2=O,265.0,train
*c1cc(C(=O)OCC(F)(F)C(F)(F)C(F)(F)F)c(*)s1,129.0,train
*CCCCOC(=O)NCCCCCCNC(=O)O*,33.5,train
*Sc1ccc(Sc2ccc(Sc3ccc4c(c3)C(=O)N(N3C(=O)c5ccc(*)cc5C3=O)C4=O)cc2)cc1,223.5,train
*CCCCCCOC(=O)CCCCC(=O)O*,-69.0,train
*c1ccc2c(c1)C(=O)N(c1cc(Oc3c(C)cc(-c4cc(C)c(Oc5cc(N6C(=O)c7ccc(C(*)(C(F)(F)F)C(F)(F)F)cc7C6=O)cc(C(F)(F)F)c5)c(C)c4)cc3C)cc(C(F)(F)F)c1)C2=O,264.8,train
*c1cccc(N2C(=O)c3cccc(Oc4c(C)cc(Cc5cc(C)c(Oc6cccc7c6C(=O)N(*)C7=O)c(C)c5)cc4C)c3C2=O)c1,269.0,train
*N=P(*)(Oc1ccc(-c2ccccc2)cc1)Oc1ccc(-c2ccccc2)cc1,85.0,train
*Oc1ccc(OC(=O)CCCCCCCCC(*)=O)cc1,52.8,train
*c1nc(C)nc(N(CCCCCCN(*)c2ccccc2)c2ccccc2)n1,67.0,train
*CC(*)c1ccc(OC(C)=O)cc1,113.0,train
*c1ccc(Oc2ccc(Sc3ccc(Oc4ccc(-c5ccc(*)s5)cc4C(F)(F)F)cc3)cc2)c(C(F)(F)F)c1,142.0,train
*OP(=O)(Oc1ccc(Br)cc1)OC(CCl)COc1ccc(S(=O)(=O)c2ccc(OCC(*)CCl)cc2)cc1,58.0,train
*c1ccc(-c2cc(CCCCCCBr)c(*)s2)s1,51.0,train
*Cc1cccc(CNC(=O)c2cccc(C(=O)N*)c2)c1,172.0,train
*Oc1ccc(C(=O)Nc2cc(C(c3ccc(C)c(NC(=O)c4ccc(OC(=O)c5cccc(C(*)=O)c5)cc4)c3)(C(F)(F)F)C(F)(F)F)ccc2C)cc1,214.0,train
*CC(*)C(=O)OCCSCC,-71.0,train
*Oc1cc(C(C)(C)c2ccccc2)c(OC(=O)c2ccc(C(*)=O)cc2)cc1C(C)(C)c1ccccc1,170.0,train
*Oc1c(C)cc(*)cc1C(C)CCCCCCCCCCCC,-10.0,train
*c1ccc(C(C)(C)c2ccc(N3C(=O)c4ccc(Oc5cccc6c(Oc7ccc8c(c7)C(=O)N(*)C8=O)cccc56)cc4C3=O)cc2)cc1,265.0,train
*CCCOc1ccc(-c2ccc(O*)c3ccccc23)c2ccccc12,182.0,train
*Oc1ccc(C(C)(C)c2ccc(Oc3cncc(*)n3)cc2)cc1,145.0,train
*c1ccc(C(=O)c2ccc(-n3nc(-c4ccc(Oc5ccc(-c6nn(*)c(=O)c7ccccc67)cc5)cc4)c4ccccc4c3=O)cc2)cc1,301.0,train
*Nc1ccc(N[Se]*)cc1,55.0,train
*CC(*)(C)C(=O)OCCCCCCOc1ccc(C(=O)Oc2ccc(/N=N/c3ccc(Cl)cc3)c3ccccc23)cc1,50.0,train
*Oc1cc(OC(=O)c2ccc(Oc3ccc(C4(c5ccc(Oc6ccc(C(*)=O)cc6)cc5)CCC(C(C)(C)C)CC4)cc3)cc2)ccc1C12CC3CC(CC(C3)C1)C2,180.0,train
*O[Si](C)(C)C#C[Si](C)(C)C#C[Si](C)(C)C#C[Si](C)(C)C#C[Si](C)(C)C#C[Si](C)(C)C#C[Si](*)(C)C,-12.6,train
*CC(*)OC(=O)c1cccc(Cl)c1,61.75,train
*N=P(N=P(/N=S(/*)Oc1ccc(C(C)(C)C)cc1)(Oc1ccc(-c2ccccc2)cc1)Oc1ccc(-c2ccccc2)cc1)(Oc1ccc(-c2ccccc2)cc1)Oc1ccc(-c2ccccc2)cc1,54.0,train
*C#Cc1cccc(C#C[Si](*)(C)C)c1,50.0,train
*c1ccc(Oc2ccc(S(=O)(=O)c3ccc(Oc4ccc(-c5nc(-c6ccccn6)nnc5*)cc4)cc3)cc2)cc1,265.0,train
*CC(*)c1c(F)c(F)c(OCC(F)(F)C(F)(F)F)c(F)c1F,61.0,train
*CC(=O)OC(=O)COc1ccc(O*)cc1,70.0,train
*c1cccc(N2C(=O)c3cccc(Oc4ccc(C(=O)c5ccc(Oc6cccc7c6C(=O)N(*)C7=O)cc5)cc4)c3C2=O)c1,248.0,train
*C(=O)Nc1cccc(NC(=O)c2cccc(NC(=O)c3ccc(-c4nc5cc(*)ccc5[nH]4)cc3)c2)c1,292.0,train
*CCN(CCOC(=O)c1ccc(C(=O)O*)c(OCCC)c1)c1ccc(C=C(C#N)C#N)cc1,94.0,train
*CC(C)(C)C1C(=O)N(C)C(=O)C1*,156.5,train
*C(=O)Nc1ccc(NC(=O)c2ccc3c(c2)C(=O)N(c2cccc(P(=O)(c4ccccc4)c4cccc(N5C(=O)c6ccc(*)cc6C5=O)c4)c2)C3=O)cc1,204.0,train
*OC(=O)OCCCCCCOC(=O)OC1COC2C(*)COC12,27.5,train
*CC(*)CCCCCCCCCC,-6.0,train
*CCN(*)C(=O)c1cccc(F)c1F,110.0,train
*Oc1ccc(OC(=O)c2ccc(Sc3cccc(OC(=O)c4ccc(C(=O)Oc5cccc(Sc6ccc(C(*)=O)cc6)c5)cc4)c3)cc2)cc1C,135.0,train
*CCCCCCCCCCCCN1C(=O)c2ccc(-c3ccc(-c4ccc5c(c4)C(=O)N(*)C5=O)cc3)cc2C1=O,86.0,train
*CC(*)C(=O)OCCCCCCCCCCCCOc1ccc(C(=O)Oc2ccc(-c3cccc(OC(=O)c4ccc(OC(=O)c5ccc(OCCCCCCCCCCCC)cc5)cc4)c3)cc2)cc1,67.0,train
*OC(=O)OCC1OC(C)(C)OC1COC(=O)OC1COC2C(*)COC12,95.5,train
*CCOc1ccc(S(=O)(=O)c2ccc(OCCOP(=O)(O*)Oc3ccc([N+](=O)[O-])cc3)cc2)cc1,56.0,train
*Oc1ccc(CC(NC(=O)Cc2ccc(OC(=O)COCCOCC(*)=O)cc2)C(=O)OCCCCCCCC)cc1,23.0,train
*CC(*)c1ccc(COCCCCO)cc1,20.0,train
*CC(O)COc1c(C)cc(C(C)(C)c2cc(C)c(OCC(O)COc3c(C)cc(S(=O)(=O)c4cc(C)c(O*)c(C)c4)cc3C)c(C)c2)cc1C,145.0,train
*CC(*)NC=O,150.0,train
*CCOCCOP(=O)(/N=N/c1ccc(-c2ccc(/N=N/P(=O)(O*)OC)cc2)cc1)OC,22.0,train
*/C=N/c1ccc(C(=O)OCCCCOCCCCOCCCCOC(=O)c2ccc(/N=C/c3ccc4c(c3)c3cc(*)ccc3n4CC(CC)CCCC)cc2)cc1,5.2,train
*CCN(*)C(=O)c1cc(F)cc(F)c1F,110.0,train
*c1ccc2c(c1)C(=O)N(c1ccc(-c3cc(-c4ccc(OCCCC#N)cc4)cc(-c4ccc(N5C(=O)c6ccc(C(*)(C(F)(F)F)C(F)(F)F)cc6C5=O)cc4)n3)cc1)C2=O,339.0,train
*CC(*)c1ccccc1COCCC(C)C,78.0,train
*Oc1ccc(-c2ccc(-c3cc(-c4ccccc4)c(-c4ccc(-c5ccc(OC(=O)c6ccc(C(*)=O)cc6-c6ccccc6)cc5)cc4)c(-c4ccccc4)c3-c3ccccc3)cc2)cc1,260.0,train
*Oc1ccc(S(=O)(=O)c2ccc(Oc3ccc(Cc4ccc(*)cc4)cc3)cc2)cc1,189.55,train
*C(=O)c1ccc2c(c1)C(=O)N(c1ccc(-c3c(-c4ccc(-c5ccccc5)cc4)cc(-c4ccc(OCCCCCCCCCCOc5ccc(-c6cc(-c7ccc(-c8ccccc8)cc7)c(-c7ccc(N8C(=O)c9ccc(*)cc9C8=O)cc7)c(-c7ccc(-c8ccccc8)cc7)c6)cc5)cc4)cc3-c3ccc(-c4ccccc4)cc3)cc1)C2=O,103.5,train
*CC(=O)Nc1ccc(Cc2ccc(NC(=O)c3ccc4c(c3)C(=O)N(*)C4=O)cc2)cc1,266.0,train
*Oc1cc(CC)cc(OC(=O)c2cccc(C(*)=O)c2)c1,138.0,train
*c1nc(-c2ccccc2)nc(N(c2ccccc2)c2ncnc(N(*)c3ccccc3)n2)n1,279.0,train
*CC(*)OC(=O)c1cccc(OC)c1,44.0,train
*O[Si](*)(C)CCCC(=O)OCCO,-58.0,train
*/C=C(\C#N)C(=O)NC1CCCCC1NC(=O)/C(C#N)=C/c1ccc(/C=C/c2ccc(N(CC)Cc3ccccc3CN(CC)c3ccc(/C=C/c4ccc(*)s4)cc3)cc2)s1,195.0,train
*C(=O)Nc1ccc(Oc2ccc(C(C)(C)c3ccc(Oc4ccc(NC(=O)c5ccc6c(c5)C(=O)N(c5ccc(Oc7cccc8c(Oc9ccc(N%10C(=O)c%11ccc(*)cc%11C%10=O)cc9)cccc78)cc5)C6=O)cc4)cc3)cc2)cc1,235.0,train
*C(=O)c1ccc2c(c1)C(=O)N(c1ccc(NC(=O)c3cccc(C(=O)Nc4ccc(N5C(=O)c6ccc(*)cc6C5=O)cc4)c3)cc1)C2=O,247.0,train
*c1cc(Br)c(Oc2c(Br)cc(N3C(=O)c4ccc(S(=O)(=O)c5ccc6c(c5)C(=O)N(*)C6=O)cc4C3=O)cc2Br)c(Br)c1,328.0,train
*CCOCCOC(=O)CCCCC(=O)O*,-51.0,train
*Oc1ccc(OC(=O)c2cc(OCCCCCCCCCOCC3CCCN3c3ccc([N+](=O)[O-])cc3)c(C(*)=O)cc2OCCCCCCCCCOCC2CCCN2c2ccc([N+](=O)[O-])cc2)cc1,34.0,train
*CCN(*)C,-31.0,train
*c1cccc(C(=O)c2cccc(-n3c(=O)c4cc5c(=O)n(*)c(=O)c5cc4c3=O)c2)c1,321.0,train
*c1ccc([Si](CCCC)(CCCC)[Si](*)(CCCC)CCCC)s1,-53.0,train
*CCOC(=O)c1ccc(C(=O)O*)c2ccccc12,64.0,train
*CC(*)(C)C(=O)OCCCCCCN1CCN(c2ccc(/N=N/c3ccc(C=C(C#N)C#N)cc3)cc2)CC1,83.0,train
*c1ccc(CCc2ccc(N3C(=O)C(=O)N(c4ccc(CCc5ccccc5N5C(=O)C(=O)N(*)C5=O)cc4)C3=O)cc2)cc1,220.0,train
*Oc1ccc(CC(NC(=O)Cc2ccc(OC(=O)CCCC(*)=O)cc2)C(=O)OCC)cc1,65.0,train
*Oc1c(C)cc(C2(c3cc(C)c(OC(=O)c4cccc(C(*)=O)c4)c(C)c3)CCC3CCCCC3C2)cc1C,261.0,train
*c1ccc(C(C)(C)c2ccc(N3C(=O)c4ccc(Oc5ccc6cc(Oc7ccc8c(c7)C(=O)N(*)C8=O)ccc6c5)cc4C3=O)cc2)cc1,236.0,train
*c1ccc2c(c1)C(=O)N(c1cccc(Oc3ccc(N4C(=O)c5ccc(-c6c(-c7ccccc7)c(-c7ccccc7)c(-c7ccc(Oc8ccc(-c9c(-c%10ccccc%10)c(-c%10ccccc%10)c(*)c(-c%10ccccc%10)c9-c9ccccc9)cc8)cc7)c(-c7ccccc7)c6-c6ccccc6)cc5C4=O)cc3)c1)C2=O,309.0,train
*Oc1cc(C(C)(C)C)c(Oc2ccc(C(=O)Nc3ccc(C(C)(C)c4ccc(NC(=O)c5ccc(*)cc5)cc4)cc3)cc2)cc1C(C)(C)C,254.0,train
*C1C(=O)N(CCCCCCOc2ccc(-c3ccc(C#N)cc3)cc2)C(=O)C1*,76.0,train
*CCCCCCCCCCCCNC(=O)CCCCCCCCCCCCCCCCC(=O)N*,46.5,train
*Oc1ccc(C(c2ccc(OC3(F)C(*)(F)C(F)(F)C3(F)F)cc2)(C(F)(F)F)C(F)(F)F)cc1,122.5,train
*Oc1ccc(S(=O)(=O)c2ccc(Oc3ccc(C(c4ccc(*)cc4)c4ccccc4C(=O)O)cc3)cc2)cc1,223.0,train
*c1ccc(CC(=O)Nc2ccc(-c3ccc(NC(=O)Cc4ccc(-c5sc(*)c(-c6ccccc6)c5-c5ccccc5)cc4)cc3)cc2)cc1,272.0,train
*CC(*)C(=O)N1CC[NH+](CC)CC1,72.5,train
*CCCOCCCOC(=O)c1ccc(-c2ccc(C(=O)O*)cc2)cc1,18.5,train
*/C=C/CCCC(Cl)CCC*,-63.0,train
*CC(O)COc1ccc(C(C)(C)c2ccc(OCC(O)COc3ccc(NC(=O)CCCCC(=O)Nc4ccc(O*)cc4)cc3)cc2)cc1,112.0,train
*CC(*)c1ccc(COCCOCCCC)cc1,-38.0,train
*CCN(CCOC(=O)Nc1ccc(C)c(NC(=O)O*)c1)c1ccc(/N=N/c2ccc(-c3nc4cc([N+](=O)[O-])ccc4[nH]3)cc2)cc1,188.0,train
*CCOc1ccc(S(=O)(=O)c2ccc(OCCOP(=O)(O*)Oc3ccc(OC)cc3)cc2)cc1,52.0,train
*/C=C/c1cc(OCC2CC3CC2C2CCCC32)c(*)cc1OC,174.0,train
*c1ccc(OCCCCOc2ccc(-c3nc4ccc(-c5ccc6nc(*)c(-c7ccccc7)nc6c5)cc4nc3-c3ccccc3)cc2)cc1,240.0,train
*Oc1ccc(/C=C2\CC/C(=C\c3ccc(OC(=O)c4ccc(/N=C/c5ccc(/C=N/c6ccc(C(*)=O)cc6)cc5)cc4)c(OC)c3)C2=O)cc1OC,140.0,train
*Nc1cc(NC(=O)c2ccccc2C(*)=O)cc(-c2nnc(-c3ccccn3)o2)c1,90.0,train
*c1ccc(Oc2ccc(S(=O)(=O)c3ccc(C)cc3)cc2)c(N2C(=O)c3ccc(-c4ccc5c(c4)C(=O)N(*)C5=O)cc3C2=O)c1,281.0,train
*OC(=O)NC1CCC(CC2CCC(NC(=O)OC3CC4CC(*)CC(C3)O4)CC2)CC1,225.0,train
*CCOCCOCCOCCOC(=O)Nc1ccc(Cc2ccc(NC(=O)O*)cc2)cc1,37.0,train
*c1ccc(C(=O)Nc2ccc(Oc3ccc(Oc4ccc(NC(=O)c5ccc(Oc6ccc(-c7nn(*)c(=O)c8ccccc78)c7ccccc67)cc5)cc4)cc3)cc2)cc1,289.5,train
*c1ccc(Oc2ccc(N3C(=O)c4ccc(Oc5ccc(C6(c7ccc(Oc8ccc9c(c8)C(=O)N(*)C9=O)cc7)CCCCCCCCCCC6)cc5)cc4C3=O)cc2)cc1,230.0,train
*c1ccc2c(c1)C(=O)N(c1cc(C(=O)Oc3ccc(C(c4ccc(OC(=O)c5ccc(C)c(N6C(=O)c7ccc(C(*)(C(F)(F)F)C(F)(F)F)cc7C6=O)c5)cc4)(C(F)(F)F)C(F)(F)F)cc3)ccc1C)C2=O,289.0,train
*CC(*)c1ccc(CC)cc1,71.4,train
*Oc1ccc(-c2ccc(Oc3ccc(C(C)(C)c4ccc(*)cc4)cc3)cc2)cc1,154.0,train
*c1ccc(-c2nc3cc(S(=O)(=O)c4ccc5nc(-c6ccccc6)c(*)nc5c4)ccc3nc2-c2ccccc2)cc1,345.0,train
*c1ccc2c(c1)C(=O)N(c1ccc(Oc3cccc(Oc4ccc(N5C(=O)c6ccc(C(*)(C(F)(F)F)C(F)(F)F)cc6C5=O)cc4)c3)cc1)C2=O,254.0,train
*Oc1ccc(CC(NC(=O)CCc2ccc(OC(=O)COCC(*)=O)cc2)C(=O)OCCOCCOCC)cc1,27.0,train
*C(=O)c1ccc2c(c1)C(=O)N(c1ccc(N(c3ccc(C#N)cc3)c3ccc(N4C(=O)c5ccc(*)cc5C4=O)cc3)cc1)C2=O,315.0,train
*c1c(C)cc(-c2cc(C)c(N3C(=O)c4ccc(Oc5c(C)cc(Cc6cc(C)c(Oc7ccc8c(c7)C(=O)N(*)C8=O)c(C)c6)cc5C)cc4C3=O)c(C)c2)cc1C,420.0,train
*Oc1cccc(Oc2cccc(NC(=O)c3cc(Oc4ccc(C(=O)O)c(C(=O)Nc5cccc(*)c5)c4)ccc3C(=O)O)c2)c1C#N,200.1,train
*c1ccc(Sc2ccc(Sc3ccc(Sc4ccc(N5C(=O)c6ccc(-c7cccc8c7C(=O)N(*)C8=O)cc6C5=O)cc4)cc3)cc2)cc1,226.7,train
*CCN*,-48.0,train
*CCCN(Cc1ccccc1)C(=O)S*,27.0,train
*c1ccc(C(=O)NCCCCCCCCNC(=O)c2ccc(-c3nc4ccccc4nc3*)cc2)cc1,185.0,train
*Nc1cc(NC(=O)Nc2ccc(Cc3ccc(NC(*)=O)cc3)cc2)cc(C(=O)Nc2ccc3c(c2)C(=O)c2ccccc2C3=O)c1,168.0,train
*c1ccc(C(c2ccc(-c3cc(-c4ccccc4)c4cc(Oc5ccc6nc(*)cc(-c7ccccc7)c6c5)ccc4n3)cc2)(C(F)(F)F)C(F)(F)F)cc1,260.0,train
*CCCCCCCCCCCCCNC(=O)CCCCCCCCCCCC(=O)N*,56.5,train
*CCN(CCOC(=O)NCC1(C)CC(NC(=O)O*)CC(C)(C)C1)c1ccc(C=C(C#N)C#N)cc1,145.0,train
*Oc1ccc(-c2ccc(OC(=O)c3cc(CCCCC)cc(C(*)=O)c3)cc2)cc1,138.0,train
*Oc1ccc(Oc2ccc(Oc3ccc(C(=O)c4ccc(*)cc4)cc3)cc2)cc1,150.5,train
*CCOCCOCCOCCOC(=O)c1ccc(-c2ccc(C(=O)O*)cc2)cc1,4.0,train
*C(=O)c1ccc2c(c1)C(=O)N(c1ccc(C(c3ccccc3)c3ccc(N4C(=O)c5ccc(*)cc5C4=O)cc3)cc1)C2=O,282.0,train
*O[Si](*)(C)CCCCCCCCCCC(=O)Oc1ccc(-c2ccc(OC(=O)c3ccc(OCC(C)CC)cc3)cc2)cc1,29.2,train
*Oc1cc(C)c(*)c(C)c1Br,280.15,train
*c1ccc(Cc2ccc(N3C(=O)C(Cl)=C(Oc4ccc(C(C)(C)c5ccc(OC6=C(Cl)C(=O)N(*)C6=O)cc5)cc4)C3=O)cc2)cc1,172.0,train
*c1cc(C)c(Cc2cc(C)c(N3C(=O)c4ccc(Oc5ccc(Oc6ccc7c(c6)C(=O)N(*)C7=O)cc5)cc4C3=O)cc2C)cc1C,278.0,train
*Oc1ccc(C(=O)c2cccc(NC(=O)c3cccc(C(=O)Nc4cccc(C(=O)c5ccc(*)cc5)c4)c3)c2)cc1,191.0,train
*c1ccc(Oc2ccc(-c3nc4ccc(-c5ccc6nc(*)c(-c7ccccc7)nc6c5)cc4nc3-c3ccccc3)cc2)cc1,306.0,train
*CC(*)c1c([2H])c([2H])c([2H])c([2H])c1[2H],100.0,train
*Oc1c(C)cc(C2(c3cc(C)c(OC(=O)c4ccc(C(*)=O)cc4)c(C)c3)CCC3CCCCC3C2)cc1C,287.0,train
*c1ccc2c(c1)C(=O)N(c1ccc(C(=O)Nc3ccc(Oc4ccc(-c5ccc(Oc6ccc(NC(=O)c7ccc(N8C(=O)c9ccc(C(*)(C(F)(F)F)C(F)(F)F)cc9C8=O)cc7)cc6)cc5)cc4)cc3)cc1)C2=O,296.0,train
*C(=O)Nc1ccc(NC(=O)c2ccc3c(c2)C(=O)N(c2ccc(NC(=O)Nc4ccc(N5C(=O)c6ccc(*)cc6C5=O)cc4)cc2)C3=O)cc1,216.0,train
*c1ccc(OCCOCCOCCOc2cccc(N3C(=O)c4ccc(Oc5ccc6c(c5)C(=O)N(*)C6=O)cc4C3=O)c2)cc1,107.0,train
*Oc1ccc(C(C)(C)c2cccc(C(C)(C)c3ccc(Oc4ccc(C(=O)Nc5cccc(NC(=O)c6ccc(*)cc6)c5)cc4)cc3)c2)cc1,155.0,train
*CC(F)(F)/C(F)=C(/*)Cl,-17.0,train
*Nc1ccc(C(C)(C)c2ccc(NC(=O)c3cc(NC(=O)c4ccccc4)cc(C(*)=O)c3)cc2)cc1,303.5,train
*Oc1ccc(CC(NC(=O)CCc2ccc(OC(=O)CC(C)CCC(*)=O)cc2)C(=O)OCCCC)cc1,35.0,train
*CCCCOC(=O)c1ccc(-c2ccc(C(=O)O*)cc2)cc1,70.0,train
*c1ccc(-c2ccc([Si](C)(C)[Si](*)(C)C)s2)s1,45.0,train
*OC(CCOc1ccccc1)CC(*)=O,20.0,train
*c1ccc(Oc2ccc(S(=O)(=O)c3ccc(Oc4ccc(-c5c6c(c(*)c7ccccc57)C(=O)N(c5ccccc5C(F)(F)F)C6=O)cc4)cc3)cc2)cc1,290.0,train
*CCCCCCCCCCCCNC(=O)CCP(C)(=O)CCC(=O)N*,44.0,train
*Nc1ccccc1CCc1ccc(NC(=O)NCCCCCCNC(*)=O)cc1,150.0,train
*OC(=O)CCCCCCCCC(=O)OC1COC2C(*)COC12,3.0,train
*CC#CCOC(=O)CCCCCCC(=O)O*,-38.0,train
*C(=O)c1ccc(Oc2ccc(C3(c4ccc(Oc5ccc(*)s5)cc4)c4ccccc4-c4ccccc43)cc2)cc1,195.0,train
*CCCCCOc1ccc(/C=C/C(=O)OCCN(CCOC(=O)/C=C/c2ccc(O*)cc2)c2ccc(/N=N/c3ccc([N+](=O)[O-])cc3)cc2)cc1,92.0,train
*C(=O)c1ccc2c(c1)C(=O)N(c1ccc(-c3ccc(N4C(=O)c5ccc(*)cc5C4=O)c(OCCCCCCOc4ccc(/C=C/c5ccc(F)cc5)cc4)c3)cc1OCCCCCCOc1ccc(/C=C/c3ccc(F)cc3)cc1)C2=O,128.0,train
*CCCCCCCCCCNC(=O)c1ccc(C(=O)N*)c(Oc2ccccc2)c1,94.0,train
*CC(*)NC(=O)OC(C)(C)C,120.0,train
*Oc1ccc(NC(=O)CCCCCCC(=O)Nc2ccc(OC3COC4C(*)COC34)cc2)cc1,72.5,train
*CCCCC(=O)O*,-66.0,train
*c1ccc(Oc2ccc(P(C)(=O)c3ccc(Oc4ccc(C5(*)OC(=O)c6ccccc65)cc4)cc3)cc2)cc1,263.0,train
*N=P(*)(Cl)Cl,-63.0,train
*C(=O)c1ccc2c(c1)C(=O)N(c1ccc(Oc3cc(C(C)(C)C)c(Oc4ccc(N5C(=O)c6ccc(*)cc6C5=O)cc4)cc3C(C)(C)C)cc1)C2=O,288.0,train
*CCCCCCOc1c(OC)cc(/C=C2\CCC/C(=C\c3cc(OC)c(O*)c(OC)c3)C2=O)cc1OC,71.0,train
*Oc1ccc(C2(c3ccc(OC(*)=O)cc3)c3ccccc3-c3ccccc32)cc1,355.0,train
*Oc1ccc(C(C)(C)c2ccc(OC(=O)c3ccc(CC(*)=O)cc3)cc2)cc1,85.0,train
*c1cc(Oc2c(C)cc(-c3cc(C)c(Oc4cc(N5C(=O)c6ccc(-c7ccc8c(c7)C(=O)N(*)C8=O)cc6C5=O)cc(C(F)(F)F)c4)c(C)c3)cc2C)cc(C(F)(F)F)c1,281.1,train
*CCCCCCOc1ccc(C(=O)OC(=O)c2ccc(O*)cc2)cc1,47.0,train
*c1ccc(Cc2ccc(N3C(=O)c4ccc(S(=O)(=O)c5ccc6c(c5)C(=O)N(*)C6=O)cc4C3=O)c(C(C)(C)C)c2)cc1C(C)(C)C,336.0,train
*C(=O)Nc1ccc(Oc2cccc(NC(=O)c3ccc4c(c3)C(=O)N(c3ccc(Oc5ccc6ccc(Oc7ccc(N8C(=O)c9ccc(*)cc9C8=O)cc7)cc6c5)cc3)C4=O)c2)cc1,263.0,train
*O[Ca]OC(=O)c1ccccc1C(=O)OCCCCCOC(=O)Nc1cc(NC(=O)OCCCCCOC(=O)c2ccccc2C(*)=O)ccc1C,5.1,train
*Oc1ccc(Oc2ccc(C(=O)Nc3ccc(Cc4ccc(NC(=O)c5ccc(*)cc5)cc4)cc3)cc2)cc1-c1ccccc1,218.0,train
*O[Si](*)(C)c1ccccc1,-28.15,train
*CC(O)COc1c(C)cc(S(=O)(=O)c2cc(C)c(O*)c(C)c2)cc1C,152.5,train
*/C=C/c1ccc2c(c1)C(CC(CC)CCCC)(CC(CC)CCCC)c1cc(*)ccc1-2,165.0,train
*c1cc(C(c2ccc(OCCN(C)c3ccc(/C=C/C4=C/C(=C(/C#N)C(=O)OC)CC(C)(C)C4)cc3)c(N3C(=O)c4ccc(Oc5ccc6c(c5)C(=O)N(*)C6=O)cc4C3=O)c2)(C(F)(F)F)C(F)(F)F)ccc1OCCN(c1ccccc1)c1ccc(/C=C/C2=C/C(=C(/C#N)C(=O)OC)CC(C)(C)C2)cc1,207.0,train
*c1cccc(N2C(=O)c3ccc(Oc4ccc(S(=O)(=O)c5ccc(Oc6ccc7c(c6)C(=O)N(*)C7=O)cc5)cc4)cc3C2=O)c1,265.0,train
*Oc1ccc(C2(c3ccc(OC(=O)c4cccc(C(*)=O)c4)cc3)CCCCC2)cc1,127.0,train
*c1ccc(Oc2ccc(C3(c4ccc(Oc5ccc(N6C(=O)c7ccc(Oc8ccc(C9(c%10ccc(Oc%11ccc%12c(c%11)C(=O)N(*)C%12=O)cc%10)CCCCCCCCCCC9)cc8)cc7C6=O)cc5)cc4)C4CC5CC(C4)CC3C5)cc2)cc1,262.0,train
*c1ccc2c(c1)C(=O)N(c1cccc(Oc3ccc(S(=O)(=O)c4ccc(Oc5cccc(N6C(=O)c7ccc(C(*)(C(F)(F)F)C(F)(F)F)cc7C6=O)c5)cc4)cc3)c1)C2=O,209.5,train
*CCCOCCCCOCCCN1C(=O)c2ccc(C(=O)Oc3ccc(C(C)(C)c4ccc(OC(=O)c5ccc6c(c5)C(=O)N(*)C6=O)cc4)cc3)cc2C1=O,60.0,train
*CCCCCCCCCCCCNC(=O)c1ccc(C(=O)N*)c(Sc2ccccc2)c1,92.0,train
*C(=O)Nc1ccc(Oc2ccc(C(c3ccc(Oc4ccc(NC(=O)c5ccc6c(c5)C(=O)N(c5ccc(Oc7ccc(C8(c9ccc(Oc%10ccc(N%11C(=O)c%12ccc(*)cc%12C%11=O)cc%10)cc9)CC9CC8C8CCCC98)cc7)cc5)C6=O)cc4)cc3)(C(F)(F)F)C(F)(F)F)cc2)cc1,254.0,train
*c1ccc(C(C#N)(C(=O)OC)C(*)(C#N)C(=O)OC)cc1,108.0,train
*CC(*)(C)c1ccc2ccccc2n1,193.0,train
*c1ccc(Oc2ccc(-n3nc(-c4ccccc4)cc3-c3cccc(-c4cc(-c5ccccc5)nn4*)c3)cc2)cc1,232.0,train
*c1ccc(OC(=O)c2ccc(C(=O)Oc3ccc(C4(*)OC(=O)c5ccccc54)cc3)cc2)cc1,279.0,train
*Oc1ccc(C(c2ccccc2)(c2ccccc2)c2ccc(Oc3ccc(C(=O)Nc4ccc(NC(=O)c5ccc(*)cc5)cc4)cc3)cc2)cc1,254.0,train
*Nc1ccc(Cc2ccc(NC(=O)c3cc(C(*)=O)cc(N4C(=O)C5C6C=CC(C6)C5C4=O)c3)cc2)cc1,303.0,train
*OC(=O)C(C)NC(=O)CCCCCCCC(=O)NC(C)C(=O)OC1COC2C(*)COC12,46.0,train
*C(=O)OCCCCCCCCCCOC(=O)c1ccc(NC(=O)c2ccc(N3C(=O)c4ccc(*)cc4C3=O)cc2)cc1,102.0,train
*CCCC(O)CN(CCCC)c1ccc(C#Cc2ccc(S(*)(=O)=O)cc2)cc1,48.0,train
*CCCCCCCCCCCCCCNC(=O)NCc1ccc(CNC(=O)N*)cc1,54.0,train
*OC(COC(=O)C1CCC(C(*)=O)CC1)COc1ccc(/N=N/c2ccc(C#N)cc2)cc1,106.0,train
*CCCCCCc1nc2cc(NC(=O)CCCCCCC(=O)Nc3ccc4oc(*)nc4c3)ccc2o1,77.0,train
*c1ccc(-c2nc3ccc(Oc4ccc5nc(*)c(-c6ccccc6)c(-c6ccccc6)c5c4)cc3c(-c3ccccc3)c2-c2ccccc2)cc1,345.0,train
*CC(*)(C)C(=O)OCC,66.0,train
*CC(*)c1ccc(OC)cc1,108.4,train
*CC(*)c1nc(C)nc(C)n1,70.0,train
*CCCCCCOC(=O)NCCCCCCNC(=O)O*,168.0,train
*Oc1ccc(S(=O)(=O)c2ccc(Oc3ccc(C4(c5ccc(*)cc5)c5ccccc5-c5ccccc54)cc3)cc2)cc1,278.5,train
*CC(*)(C)C(=O)OC(C(F)(F)F)C(F)(F)F,75.0,train
*CN1C(=O)c2ccc(C(c3ccc4c(c3)C(=O)N(Cc3nnc(-c5ccc(-c6nnc(*)o6)c(Oc6ccccc6)c5)o3)C4=O)(C(F)(F)F)C(F)(F)F)cc2C1=O,208.0,train
*CCCCOc1ccc(C(=O)Nc2cccc(P(=O)(c3ccccc3)c3cccc(NC(=O)c4ccc(O*)cc4)c3)c2)cc1,191.0,train
*c1ccc(Oc2cccc(N3C(=O)c4ccc([Si](C)(C)O[Si](C)(C)c5ccc6c(c5)C(=O)N(c5cccc(Oc7ccc(-c8nnc(*)o8)cc7)c5)C6=O)cc4C3=O)c2)cc1,165.0,train
*Oc1cccc(Oc2cccc(OC(*)=O)c2)c1,71.0,train
*O[Si](*)(C)CCCCCCn1c2ccccc2c2ccccc21,-5.0,train
*c1cc(C(=O)OC)cc(N2C(=O)CC(C3Cc4ccccc4C4C(=O)N(*)C(=O)C43)C2=O)c1,258.0,train
*CC(F)(F)C1(F)CC(CC(O)(C(F)(F)F)C(F)(F)F)CC1*,98.0,train
*c1ccc(Oc2ccc(S(=O)(=O)c3ccc(Oc4ccc(N5C(=O)c6ccc([Si](C)(C)c7ccc8c(c7)C(=O)N(*)C8=O)cc6C5=O)cc4)cc3)cc2)cc1,246.0,train
*Oc1c(C)cc(C2(c3cc(C)c(OC(=O)c4cccc(C(*)=O)c4)c(C)c3)c3ccccc3-c3ccccc32)cc1C,315.0,train
*c1ccc2c(c1)C(=O)N(c1ccc(OCCN(CCOc3ccc(N4C(=O)c5ccc(C(*)(C(F)(F)F)C(F)(F)F)cc5C4=O)cc3)c3ccc(C(C#N)=C(C#N)C#N)cc3)cc1)C2=O,218.0,train
*/C=C/C1CC(*)C2C(=O)N(CCCCC)C(=O)C12,99.0,train
*C(=O)Nc1ccc(S(=O)(=O)c2ccc(NC(=O)c3ccc4[nH]c(-c5cc(-c6nc7cc(*)ccc7[nH]6)cc(N6C(=O)c7ccccc7C6=O)c5)nc4c3)cc2)cc1,325.0,train
*CCCCCCNC(=O)CCC1(CCC(=O)N*)c2ccccc2-c2ccccc21,122.0,train
*Oc1ccc(NC(=O)CCCCCC(=O)Nc2ccc(*)cc2)cc1,180.0,train
*c1ccc(N(c2ccc(C#N)cc2)c2ccc(N3C(=O)c4ccc(Oc5ccc6c(c5)C(=O)N(*)C6=O)cc4C3=O)cc2)cc1,304.0,train
*CC(*)(C)C(=O)OCCOc1ccc(/N=N/c2ccc([N+](=O)[O-])cc2)cc1,112.0,train
*Oc1ccc(C(C)(c2ccccc2)c2ccc(OC(*)=S)cc2)cc1,181.0,train
*CCCCCCCCCCOC(=O)c1ccc(-c2ccc(-c3ccc(C(=O)O*)cc3)cc2)cc1,50.0,train
*Oc1ccc(-c2ccc(-c3ccc(Oc4ccc(C(c5ccc(*)cc5)(C(F)(F)F)C(F)(F)F)cc4)c(C(F)(F)F)c3)cc2)cc1C(F)(F)F,207.5,train
*Nc1cccc(NC(=O)CCCCCCCCC(=O)Nc2ccc(C(=O)NC(*)=S)cc2)c1,265.0,train
*c1cccc(-c2cc(C(=O)Nc3ccc(OC(=O)c4cc(OCCCCCCCCCCCC)c(OCCCCCCCCCCCC)c(OCCCCCCCCCCCC)c4)cc3)cc(-c3cccc(N4C(=O)CC(C5C=C(C)C6C(=O)N(*)C(=O)C6C5)C4=O)c3)c2)c1,270.0,train
*CC(C)(N=C=O)C1C(=O)OC(=O)C1*,100.0,train
*c1cc(C(=O)OCCCCCC)cc(N2C(=O)CC(C3Cc4ccccc4C4C(=O)N(*)C(=O)C43)C2=O)c1,187.0,train
*c1ccc(Oc2ccc(-c3ccc(Oc4ccc(-c5nnc(*)c6c(-c7ccccc7)c(-c7ccc8ccccc8c7)c(-c7ccc8ccccc8c7)c(-c7ccccc7)c56)cc4)cc3)cc2)cc1,334.0,train
*CCOCCOCCOc1ccc(/C=C/c2ccc(/C=C/c3ccc(O*)c4ccccc34)cc2)c2ccccc12,83.5,train
*c1ccc(Oc2ccc(C(C)(C)c3ccc(Oc4ccc(N5C(=O)c6ccc(Oc7ccccc7Oc7ccc8c(c7)C(=O)N(*)C8=O)cc6C5=O)cc4C(F)(F)F)cc3)cc2)c(C(F)(F)F)c1,192.0,train
*c1cc(Br)c(-c2c(Br)cc(N3C(=O)c4ccc(-c5ccc6c(c5)C(=O)N(*)C6=O)cc4C3=O)cc2C(=O)OCCCCCCCCCC)c(C(=O)OCCCCCCCCCC)c1,116.0,train
*CCCCCCNC(=O)c1ccc(C(=O)N*)c(Oc2ccc(Cl)cc2)c1,112.0,train
*CC(*)C(=O)OC([2H])([2H])[2H],35.0,train
*c1ccc(C(c2ccc(-n3c(=O)c4cc5c(=O)n(*)c(=O)c5cc4c3=O)cc2)(C(F)(F)F)C(F)(F)F)cc1,380.0,train
*CC(*)c1ccccc1COCCc1ccccc1,63.0,train
*CC(*)c1ccccc1F,160.5,train
*Oc1ccc(S(=O)c2ccc(Oc3ccc(C(C)(C)c4ccc(*)cc4)cc3)cc2)cc1,165.0,train
*CC(OCC)C(C)(C(=O)OC)C(*)(C)C(=O)OC,131.0,train
*CC(*)c1ccc(N(c2ccccc2)c2ccccc2)cc1,123.5,train
*c1ccc(Oc2ccc(-c3ccc(Oc4ccc(N5C(=O)c6ccc(Oc7ccc(Oc8ccc(Oc9ccc%10c(c9)C(=O)N(*)C%10=O)cc8)cc7)cc6C5=O)cc4)cc3)cc2)cc1,211.0,train
*c1ccc2oc3ccc(S(*)(=O)=O)cc3c2c1,360.0,train
*CCCCCCCCN1C(=O)c2ccc(C(=O)c3ccc4c(c3)C(=O)N(*)C4=O)cc2C1=O,113.0,train
*/C=C/c1cccc(/C=C/[Si](C)(C)c2ccc([Si](*)(C)C)cc2)c1,38.1,train
*Oc1ccc(S(=O)(=O)c2ccc(Oc3ccc(C(C)(C)c4ccc(*)cc4)cc3)cc2)c(N)c1,202.0,train
*CC(CSCCCC)O*,-65.0,train
*CC(*)c1ccc(C(=O)OCCC)cc1,92.0,train
*CCCCCCCCCCCC(c1ccc(O)cc1)C(*)c1ccc(O)cc1C,4.0,train
*CCOC(=O)Nc1cc(NC(=O)O*)ccc1C,52.0,train
*Oc1ccc(/N=C/c2ccc(N(c3ccccc3)c3ccc(/C=N/c4ccc(*)cc4)cc3)cc2)cc1,162.0,train
*CCC[Si](C)(C)O[Si](C)(C)CCCN1C(=O)c2ccc(-c3ccc4c(c3)C(=O)N(*)C4=O)cc2C1=O,75.0,train
*CCCCCCCCOc1c(OC)cc(/C=C2\CCC/C(=C\c3cc(OC)c(O*)c(OC)c3)C2=O)cc1OC,62.0,train
*Oc1ccc(CC(NC(=O)CCc2ccc(OC(=O)CCCC(*)=O)cc2)C(=O)OCC)cc1,70.0,train
*C1C(=O)N(c2ccc(O[Si](c3ccccc3)(c3ccccc3)c3ccccc3)cc2)C(=O)C1*,183.0,train
*Oc1ccc(C(C)(C)c2ccc(Oc3ccc(C(=O)Nc4ccc(-c5ccc(NC(=O)c6ccc(*)cc6)cc5C(F)(F)F)c(C(F)(F)F)c4)cc3)cc2)cc1,250.0,train
*CCCCCC(*)CCCCCCCCCC,-65.0,train
*C(=O)c1ccc2c(c1)C(=O)N(c1ccc(Oc3cc4ccccc4cc3Oc3ccc(N4C(=O)c5ccc(*)cc5C4=O)cc3)cc1)C2=O,246.0,train
*CC(*)OCCCCCCCCCCCOc1ccc(C(=O)Oc2ccc(OCC)cc2)cc1,37.0,train
*=NP(=NP(=NC(=*)Oc1ccc(C(F)(F)F)cc1)(Oc1ccc(C(F)(F)F)cc1)Oc1ccc(C(F)(F)F)cc1)(Oc1ccc(C(F)(F)F)cc1)Oc1ccc(C(F)(F)F)cc1,31.0,train
*c1ccc(OCCN(CCOc2ccc(-c3cc(-c4ccccc4)c4cc(Oc5ccc6nc(*)cc(-c7ccccc7)c6c5)ccc4n3)cc2)c2ccc(C(C#N)=C(C#N)C#N)cc2)cc1,175.0,train
*Oc1ccc(C2(c3ccc(OC(=O)CCCCCCCCC(*)=O)cc3)c3ccccc3-c3ccccc32)cc1,151.0,train
*CC(*)(C)C(=O)OCCCCCCn1c2ccccc2c2ccccc21,73.0,train
*c1ccc(Oc2ccc(S(=O)(=O)c3ccc(Oc4ccc(-c5c6c(c(*)c7ccccc57)C(=O)N(c5ccccc5)C6=O)cc4)cc3)cc2)cc1,310.0,train
*c1ccc(Oc2ccc(C(c3ccc(Oc4ccc(N5C(=O)c6ccc(Oc7ccc(Sc8ccc(Oc9ccc%10c(c9)C(=O)N(*)C%10=O)cc8)cc7)cc6C5=O)cc4)cc3)(C(F)(F)F)C(F)(F)F)cc2)cc1,217.5,train
*CCOCCOCCOc1ccc(NC(=O)c2cccc(C(=O)Nc3ccc(O*)cc3)c2)cc1,129.0,train
*CC(C)C(=O)O*,-25.0,train
*CCCS(=O)(=O)CCCS(=O)(=O)CCCOC(=O)c1cccc(C(=O)O*)c1,67.0,train
*/C(=N\c1ccccc1)c1ccc(-c2ccc(*)cc2)cc1,225.0,train
*c1ccc(Nc2c(F)c(F)c(-c3c(F)c(F)c(Nc4ccc(S(*)(=O)=O)cc4)c(F)c3F)c(F)c2F)cc1,332.0,train
*c1ccc(Oc2ccc(Oc3ccc(N4C(=O)c5ccc(Oc6ccc(C7(c8ccc(Oc9ccc%10c(c9)C(=O)N(*)C%10=O)cc8)CCC(c8ccccc8)CC7)cc6)cc5C4=O)cc3)c(C(C)(C)C)c2)cc1,236.0,train
*Oc1ccc(-c2ccc(Oc3ccc(Oc4ccc(Oc5ccc(*)cc5)cc4)cc3)c3ccccc23)c2ccccc12,147.0,train
*CC(*)C(=O)Oc1ccc(C#N)cc1,92.0,train
*c1ccc(-c2ccc(N3C(=O)c4ccc(S(=O)(=O)c5ccc6c(c5)C(=O)N(*)C6=O)cc4C3=O)cc2C(F)(F)F)c(C(F)(F)F)c1,320.0,train
*CCCCNC(=O)Cc1ccc(C(=O)N*)cc1,84.0,train
*c1ccc(Oc2cccc(NC(=O)c3cc(C(=O)Nc4cccc(Oc5ccc(-c6nnc(*)o6)cc5)c4)cc(N4C(=O)c5ccccc5C4=O)c3)c2)cc1,245.0,train
*OP(=O)(Oc1ccc(C(C)(C)c2ccc(*)cc2)cc1)Oc1c(Cl)c(Cl)c(Cl)c(Cl)c1Cl,130.0,train
*c1cccc(NC(=O)CCCCCCC(=O)Nc2cccc(S(*)(=O)=O)c2)c1,125.0,train
*CC(*)(F)C(=O)OCC(F)(F)C(F)(F)C(F)(F)C(F)(F)F,63.0,train
*c1ccc(-c2ccc3c(c2)C(CCCCCCCC)(CCCCCCCC)c2cc(-c4ccc(N(*)c5ccc(N(c6ccc(C(C)(C)c7ccccc7)cc6)c6ccc(C(C)(C)c7ccccc7)cc6)cc5)cc4)ccc2-3)cc1,137.0,train
*Oc1ccc(C2(c3ccc(Oc4ccc(C(=O)c5ccccc5-c5ccccc5C(=O)c5ccc(*)cc5)cc4)cc3)c3ccccc3-c3ccccc32)cc1,229.0,train
*CC(COCC=C)S*,-59.0,train
*Oc1ccc(S(=O)(=O)c2ccc(Oc3ccc(/N=C/c4ccc(*)cc4)cc3)cc2)cc1,110.0,train
*c1ccc(Cc2ccc(N3C(=O)c4ccc(Oc5ccc(Oc6ccc7c(c6)C(=O)N(*)C7=O)cc5)cc4C3=O)c(OC)c2)cc1OC,269.0,train
*OP(=O)(Oc1ccc([N+](=O)[O-])cc1)Oc1c(Br)cc(C(c2cc(Br)c(*)c(Br)c2)(C(F)(F)F)C(F)(F)F)cc1Br,154.0,train
*C(=O)c1ccc2c(c1)C(=O)N(c1c(C)cc(-c3cc(C)c(N4C(=O)c5ccc(*)cc5C4=O)c(C)c3)cc1C)C2=O,310.0,train
*Oc1ccc(-c2ccc(OC(=O)c3ccc(Oc4ccc(C5(c6ccc(Oc7ccc(C(*)=O)cc7)cc6)CCC(C(C)(C)C)CC5)cc4)cc3)cc2C)c(C)c1,163.0,train
*CCC(C)O[Si](C)(C)O*,-88.0,train
*c1cccc(N2C(=O)c3ccc(Oc4cccc5c(Oc6ccc7c(c6)C(=O)N(*)C7=O)cccc45)cc3C2=O)c1,260.0,train
*Cc1ccc(CNC(=O)CCCCCCCCCCCC(=O)N*)cc1,100.0,train
*CC(*)n1cncn1,165.0,train
*CCCCCC(=O)Oc1ccc(-c2ccc(OC(=O)c3ccc4c(c3)C(=O)N(*)C4=O)cc2)cc1,118.0,train
*C(=O)Nc1cccc(NC(=O)c2ccc3c(c2)C(=O)N(c2ccc(Oc4cccc5c(Oc6ccc(N7C(=O)c8ccc(*)cc8C7=O)cc6)cccc45)cc2)C3=O)c1,263.0,train
*C1C(=O)N(c2cc(Br)c(O[Si](c3ccccc3)(c3ccccc3)c3ccccc3)c(Br)c2)C(=O)C1*,179.0,train
*Oc1ccc(NC(=O)CCCCCCCC(=O)Nc2ccc(*)cc2)cc1,160.0,train
*Oc1ccccc1C(=O)OC(=O)c1ccccc1OC(=O)C(CC)C(CC)C(*)=O,23.0,train
*c1ccc(C)c(N2C(=O)c3ccc(S(=O)(=O)c4ccc5c(c4)C(=O)N(*)C5=O)cc3C2=O)c1,348.0,train
*Oc1ccc(C(C)(C)c2ccc(OC(=O)SCCCSC(*)=O)cc2)cc1,90.0,train
*NC1CCC(CC2CCC(NC(=O)CCCCCCCCCCCCC(*)=O)CC2)CC1,131.0,train
*c1ccc(OCCCCCCCCCCOc2ccc(N3C(=O)c4ccc(-c5ccc6c(c5)C(=O)N(*)C6=O)cc4C3=O)cc2)cc1,153.0,train
*c1cccc(NC(=O)CCCCCCCC(=O)Nc2cccc(S(*)(=O)=O)c2)c1,125.0,train
*CCCCNC(=O)C(OC)C(OC)C(=O)N*,100.0,train
*c1ncnc(N(CCCCN(*)c2ccccc2)c2ccccc2)n1,91.0,train
*CCCCCCCCN1C(=O)c2ccc(-c3ccc(-c4ccc5c(c4)C(=O)N(*)C5=O)cc3)cc2C1=O,120.0,train
*CCCNC(=O)CNC(=O)C(Cc1ccccc1)NC(=O)CCCCCCCCC(=O)NC(Cc1ccccc1)C(=O)NCC(=O)NCCCOCCOCCO*,36.0,train
*Nc1ccc(*)cc1OCCCCCCCCCC,77.0,train
*CCCCCCCCNC(=O)CCP(C)(=O)CCC(=O)N*,52.0,train
*c1ccc(Oc2ccc(C(C)(C)c3ccccc3)cc2)c(N2C(=O)c3ccc(-c4ccc5c(c4)C(=O)N(*)C5=O)cc3C2=O)c1,275.0,train
*O[Si](*)(C)CCC(F)(F)C(F)(F)C(F)(F)C(F)(F)F,-75.0,train
*CC(*)(C)C(=O)OCCCCCCOc1cccc(C(=O)Oc2ccc(C#N)cc2)c1,38.0,train
*Oc1ccc(-c2ccc(Oc3cccc(*)n3)cc2)cc1,119.0,train
*CC(c1ccccc1)C1C(=O)N(CCCOc2ccc(-c3ccc(C#N)cc3)cc2)C(=O)C1*,130.0,train
*c1ccc(Oc2ccc(N3C(=O)c4cccc(Oc5c(Oc6cccc7c6C(=O)N(*)C7=O)cc(C(C)(C)C)cc5C(C)(C)C)c4C3=O)cc2)cc1,238.0,train
*Oc1ccc(CC(NC(=O)Cc2ccc(OC(=O)CCCC(*)=O)cc2)C(=O)OCCCCCC)cc1,42.0,train
*CCC(c1ccccc1)[Si](*)(C)C,27.0,train
*CC(*)CC(C)C,35.2,train
*CC(O)COc1ccc(C(C)(C)c2ccc(OCC(O)COc3cccc(NC(=O)CCCCCC(=O)Nc4cccc(O*)c4)c3)cc2)cc1,107.0,train
*Oc1ccc(S(=O)(=O)c2ccc(Oc3ccc(C(=O)c4cc(Br)cc(C(=O)c5ccc(*)cc5)c4)cc3)cc2)cc1,192.0,train
*CC(*)(C)C(=O)OCCCCc1ccccc1,9.0,train
*c1ccc(Oc2ccc(Sc3ccc(Oc4ccc(-c5nc(*)nc(-c6ccccc6)n5)cc4)cc3)cc2)cc1,211.0,train
*CCOCCOC(=O)C(CCCCCCC)C(=O)O*,-58.0,train
*Oc1ccc(C(c2ccc(OC(*)=O)cc2)C(Cl)(Cl)Cl)cc1,230.0,train
*c1ccc2cc(OC(=O)c3cccc(C(=O)Oc4ccc5cc(-c6nc7ccccc7nc6*)ccc5c4)c3)ccc2c1,151.0,train
*C(=O)c1ccc2nc(-c3ccc(-c4nc5ccc(*)cc5nc4-c4ccccc4)cc3)c(-c3ccccc3)nc2c1,325.0,train
*C(=O)c1ccc2c(c1)C(=O)N(c1ccc(Oc3ccc(C(C)(C)c4ccccc4)cc3)c(N3C(=O)c4ccc(*)cc4C3=O)c1)C2=O,267.0,train
*Oc1ccc(Oc2ccc(C(=O)c3ccc(*)c(S(=O)(=O)O)c3)cc2S(=O)(=O)O)cc1S(=O)(=O)O,248.0,train
*c1ccc2c(c1)C(=O)N(c1ccc(Oc3ccc(N4C(=O)c5ccc(C(*)O[Si](C)(C)O[Si](C)(C)O[Si](C)(C)C)cc5C4=O)cc3)cc1)C2=O,167.0,train
*C(=O)Nc1ccc(Oc2cccc(Oc3ccc(NC(=O)c4ccc5c(c4)C(=O)N(c4ccc(Oc6cccc(Oc7ccc(N8C(=O)c9ccc(*)cc9C8=O)cc7)c6C#N)cc4)C5=O)cc3)c2C#N)cc1,220.0,train
*CC(*)(C)C(=O)OCCN(CC)c1ccc([N+](=O)[O-])cc1,98.0,train
*CC(O)C(O)COC(=O)O*,39.6,train
*Oc1ccc(/N=N/c2ccc(S(=O)(=O)c3ccc(/N=N/c4ccc(OC(=O)c5ccc(/N=N/c6ccc(C(*)=O)cc6)cc5)cc4)cc3[N+](=O)[O-])c([N+](=O)[O-])c2)cc1,150.0,train
*OC(COC(*)=O)COc1ccccc1,45.0,train
*CC(CO*)(CSC)CSC,-6.0,train
*CCCCCCCCCCSSSS*,-76.0,train
*Oc1cccc(Oc2ccc3c(=O)n4c5cc(Oc6ccc7c(c6)nc6c8ccc(*)c9cccc(c(=O)n76)c98)ccc5nc4c4cccc2c34)c1,369.5,train
*CCCCCCOC(=O)c1cc(OCCCCCCOc2ccc(/N=N/c3ccc(C#N)cc3)cc2)cc(C(=O)OCCCCCCN2C(=O)c3ccc(-c4ccc(-c5ccc6c(c5)C(=O)N(*)C6=O)cc4)cc3C2=O)c1,67.0,train
*Oc1ccc(C2(c3ccc(OC(=O)C45CC6CC(CC(C(*)=O)(C6)C4)C5)cc3)c3ccccc3-c3ccccc32)cc1,335.0,train
*CC(*)c1ccc(B(Oc2ccc(B3OC(C)(C)C(C)(C)O3)c3cccnc23)c2ccc(C(C)(C)C)cc2)cc1,275.0,train
*CCCCCCCCCCCCCCNC(=O)CCc1ccc(CCC(=O)N*)cc1,85.0,train
*c1ccc2c(c1)C(=O)N(c1cccc(C(=O)Nc3ccc(NC(=O)c4cccc(N5C(=O)c6ccc(C(*)(C(F)(F)F)C(F)(F)F)cc6C5=O)c4)cc3)c1)C2=O,311.0,train
*Oc1ccc(Cc2ccc(OC(*)=O)c(C)c2)cc1C,51.0,train
*CCOP(=O)(/N=N/c1ccc(-c2ccc(/N=N/P(=O)(O*)OCC)cc2)cc1)OCC,43.0,train
*Oc1ccc(CC(NC(=O)CCc2ccc(OC(=O)CCCCCCC(*)=O)cc2)C(=O)OC)cc1,55.5,train
*CC(CC)S*,-47.0,train
*OC(=O)C(C)NC(=O)CCCCC(=O)NC(C)C(=O)OC1COC2C(*)COC12,56.0,train
*O[Si](c1ccccc1)(c1ccccc1)c1cccc(*)c1,62.0,train
*C(=O)c1cccc(C(=O)c2ccc3c(c2)C(=O)N(c2cccc(N4C(=O)c5ccc(*)cc5C4=O)c2)C3=O)c1,259.5,train
*c1ccc2c(c1)C(=O)N(c1ccc(Oc3ccc(N4C(=O)c5ccc(C(*)(C(F)(F)F)C(F)(F)F)cc5C4=O)cc3Br)c(Br)c1)C2=O,299.0,train
*CCOCCOCCN1C(=O)c2ccc(C(=O)Oc3ccc(OC(=O)c4ccc5c(c4)C(=O)N(*)C5=O)c(-c4ccccc4)c3)cc2C1=O,105.0,train
*C(C)C(*)C(=O)OCC,157.0,train
*CC(*)(C)C(=O)OC1CCC2CCCCC2C1,145.0,train
*CCOCCOCCOCCOC(=O)/C=C/C(=O)NCCCCCCNC(=O)/C=C/C(=O)O*,52.0,train
*CCOC(=O)c1ccccc1C(=O)O*,96.5,train
*NC(C)CC(*)=O,125.0,train
*Oc1ccc(OC(=O)c2ccc(C(*)=O)cc2Sc2ccc(Cl)cc2)cc1,140.0,train
*CC(OCC(C)C)C1(C)C(=O)OC(=O)C1(*)C,219.0,train
*Oc1ccc(S(=O)(=O)c2ccc(Oc3ccc(NC(=O)c4cc(NC(=O)c5ccncc5)cc(C(=O)Nc5ccc(*)cc5)c4)cc3)cc2)cc1,283.0,train
*c1ccc(-c2cc(-c3ccc(OCCCCCC)cc3)cc(-c3ccc(-c4ccc5c(c4)C(CCCCCC)(CCCCCC)c4cc(*)ccc4-5)cc3)c2-c2ccc(OCCCCCC)cc2)cc1,118.0,train
*CCCCCCCCNC(=O)C(OC)C(OC)C(=O)N*,89.0,train
*Oc1ccc(Oc2ccc(S(=O)(=O)c3ccc(-c4ccc(S(=O)(=O)c5ccc(*)cc5)cc4)cc3)cc2)cc1,251.0,train
*Oc1ccc(Oc2ccc(C(=O)c3ccc(Oc4ccc(Oc5ccc(C(=O)c6ccc(*)c(C(C)C)c6)cc5)cc4)cc3)cc2C(C)C)cc1,145.0,train
*CC(*)OC(=O)c1ccc(C(C)(C)C)cc1,121.0,train
*N=P(N=P(N=S(*)(=O)NC)(NC)NC)(NC)NC,22.0,train
*CC(*)c1ccccc1,98.0,train
*/C=C/C(C)C*,-60.0,train
*Oc1c(C)cc(C(C)(C)c2cc(C)c(OC(=O)c3cccc(C(*)=O)c3)c(C)c2)cc1C,187.0,train
*c1ccc(Oc2ccc(N3C(=O)C(c4ccccc4)=C(c4ccc(C5=C(c6ccccc6)C(=O)N(*)C5=O)cc4)C3=O)cc2)cc1,293.0,train
*c1ccc2oc(-c3ccc(-c4nc5cc(C(*)(c6ccccc6)C(F)(F)F)ccc5o4)cc3)nc2c1,369.0,train
*O[Si](*)(C)CCCCCOc1ccc(/C=C/c2ccc(OC)cc2)cc1,52.0,train
*c1cccc(S(=O)(=O)NCCNS(*)(=O)=O)c1,107.0,train
*Oc1ccc(Oc2ccc(C(=O)c3cccc(NC(=O)CCCCCCCCC(=O)Nc4cccc(C(=O)c5ccc(*)cc5)c4)c3)cc2)cc1,144.0,train
*C(=O)Nc1ccc(NC(=O)c2ccc3c(c2)C(=O)N(c2cccc(N4C(=O)c5ccc(*)cc5C4=O)c2)C3=O)cc1,341.0,train
*CC(*)OC(=O)OCC(F)(F)F,57.0,train
*Nc1ccc(C2(c3ccc(NC(=O)c4cccc(C(*)=O)c4)cc3)c3ccccc3-c3ccccc32)cc1,277.0,train
*CC(*)OC(=O)C(F)(F)C(F)(F)C(F)(F)C(F)(F)C(F)(F)C(F)(F)C(F)(F)C(F)(F)C(F)(F)F,-18.0,train
*CCOC(=O)CCCCCCCCC(=O)O*,-23.0,train
*/C=C/C1CC(*)C(C(=O)OCCCCCCCCOc2ccc(/C=C/c3ccc([N+](=O)[O-])cc3)cc2)C1,51.0,train
*c1ccc(-c2ccc(-n3c(=O)c4cc5c(=O)n(*)c(=O)c5cc4c3=O)cc2F)c(F)c1,398.0,train
*C(=O)Nc1ccc(NC(=O)Nc2ccc(NC(=O)c3ccc4c(c3)C(=O)N(c3ccc(NC(=O)Nc5ccc(N6C(=O)c7ccc(*)cc7C6=O)cc5)cc3)C4=O)cc2)cc1,208.0,train
*CCCCCCCCCCOC(=O)O*,-37.0,train
*CC(*)(C)C(=O)OCCOCC,-16.0,train
*c1ccc(Oc2ccc(C(=O)c3cccc(C(=O)c4ccc(Oc5ccc(N6C(=O)c7ccc(Oc8ccc9c(c8)C(=O)N(*)C9=O)cc7C6=O)cc5)cc4)c3)cc2)cc1,208.0,train
*CCCCCCCCCCCCCCCCCCNC(=O)NCc1ccc(CNC(=O)N*)cc1,52.0,train
*Oc1ccc(S(=O)(=O)c2ccc(Oc3ccc(C4(c5ccc(Oc6ccc(S(=O)(=O)c7ccc(Oc8ccc(/C=C9\CCC/C(=C\c%10ccc(*)cc%10)C9=O)cc8)cc7)cc6)cc5)CCCCC4)cc3)cc2)cc1,190.0,train
*C(=O)Nc1ccc(C2(c3ccc(N4C(=O)c5ccc(*)cc5C4=O)cc3)CCC(CC)CC2)cc1,312.0,train
*CC(*)(C)C(=O)OCc1c(Cl)cccc1Cl,58.9,train
*c1ccc(Sc2ccc(Sc3ccc(Sc4ccc(S(*)(=O)=O)cc4S(=O)(=O)O)cc3)cc2)c(S(=O)(=O)O)c1,202.0,train
*c1ccc(C(=O)Nc2cccc(Oc3ccc(S(=O)(=O)c4ccc(Oc5cccc(NC(=O)c6ccc(N7C(=O)c8ccc(-c9ccc%10c(c9)C(=O)N(*)C%10=O)cc8C7=O)cc6)c5)cc4)cc3)c2)cc1,262.0,train
*C(=O)Nc1ccc(NC(=O)c2ccc3c(c2)C(=O)N(c2ccc(Oc4cccc5c(N6C(=O)c7ccc(*)cc7C6=O)cccc45)cc2)C3=O)cc1,307.0,train
*CCCCCCCCCCCCCCCCOC(=O)NCCCCCCNC(=O)O*,39.0,train
*OCCOC(=O)CCCC(=O)OCCOc1nc(-c2ccc(OCCCC)cc2)nc(*)c1-c1ccc(OCCCC)cc1,37.0,train
*c1ccc(-c2ccc(N(c3ccccc3)c3ccc(-c4ccc(N(c5ccccc5)c5ccc(-c6ccc(-n7c(=O)c8cc9c(=O)n(*)c(=O)c9cc8c7=O)cc6)cc5)cc4)cc3)cc2)cc1,220.0,train
*CC(*)(C)C(=O)OCCCCCCCCCCOc1ccc(/N=N/c2ccc(C#N)cc2)cc1,51.0,train
*c1ccc(Oc2ccc(C(c3ccc(Oc4ccc(-c5nnc(*)n5-c5ccc(S(C)(=O)=O)cc5)cc4)cc3)(C(F)(F)F)C(F)(F)F)cc2)cc1,226.0,train
*CCOC(=O)NCC1(C)CC(NC(=O)O*)CC(C)(C)C1,84.0,train
*CC(*)O[N+](=O)[O-],37.5,train
*Oc1ccc(C(C)(C)c2ccc(Oc3ccc(C(=O)Nc4cccc(NC(=O)c5ccc(*)cc5)c4)cc3)cc2)cc1,214.0,train
*Oc1ccc(OC(=O)c2ccc([Si](C)(C)c3ccc(C(*)=O)cc3)cc2)cc1,176.0,train
*c1ccc(Oc2ccc(C(=O)c3cccc(C(=O)c4ccc(Oc5ccc(-c6c7c(c(*)c8ccccc68)C(=O)N(CCCCCCCCCCCC)C7=O)cc5)cc4)c3)cc2)cc1,140.0,train
*C(=O)c1ccc2c(c1)C(=O)N(c1cc(-c3nc4ccccc4[nH]3)cc(N3C(=O)c4ccc(*)cc4C3=O)c1)C2=O,197.0,train
*c1ccc2c(c1)C(=O)N(c1cc(C)c(N3C(=O)c4ccc(C(*)(C(F)(F)F)C(F)(F)F)cc4C3=O)cc1C)C2=O,355.0,train
*CC(*)C(=O)OCCCn1c2ccccc2c2ccccc21,83.0,train
*c1ccc(Oc2ccc(Oc3ccc(-n4c(=O)c5cc6c(=O)n(*)c(=O)c6cc5c4=O)cc3)cc2-c2ccccc2)cc1,271.0,train
*CC(*)c1ccc(C(C)(O)CCCCC)cc1,100.0,train
*CCCCCCCN1C(=O)c2ccc(-c3ccc(-c4ccc5c(c4)C(=O)N(*)C5=O)cc3)cc2C1=O,135.0,train
*c1cc(N2C(=O)c3ccc(Oc4cc5ccccc5cc4Oc4ccc5c(c4)C(=O)N(*)C5=O)cc3C2=O)cc(C(F)(F)F)c1,250.0,train
*c1cccc(N2C(=O)c3cccc(Oc4cccc(Oc5cccc6c5C(=O)N(*)C6=O)c4)c3C2=O)c1,241.0,train
*c1ccc(Oc2ccc(NC(=O)c3cc(NC(=O)c4ccc(OC(C)=O)cc4)cc(C(=O)Nc4ccc(Oc5ccc(-c6nnc(*)o6)cc5)cc4)c3)cc2)cc1,270.0,train
*N=P(*)(OCCCCCCCC)OCCCCCCCC,-84.0,train
*CC(*)C(=O)Oc1ccc(/N=N/c2ccc(OC)cc2)cc1,140.0,train
*Oc1ccc2cc(Oc3ccc(C(=O)c4ccc(*)cc4)cc3)ccc2c1,247.0,train
*C(=O)Nc1ccc(Cc2ccc(NC(=O)c3ccc4c(c3)C(=O)N(c3c(C)cc(-c5cc(C)c(N6C(=O)c7ccc(*)cc7C6=O)c(C)c5)cc3C)C4=O)c(C)c2)cc1C,329.0,train
*CC(*)C(=O)OC(C)(C)C,40.0,train
*c1cccc(P(=O)(c2ccccc2)c2cccc(N3C(=O)c4ccc(NC(=O)OCCOc5ccc(C(c6ccc(OCCOC(=O)Nc7ccc8c(c7)C(=O)N(*)C8=O)cc6)(C(F)(F)F)C(F)(F)F)cc5)cc4C3=O)c2)c1,214.0,train
*Oc1ccc(CC(NC(=O)CCc2ccc(OC(=O)CCCCCCC(*)=O)cc2)C(=O)OCCCCCCCC)cc1,22.0,train
*CC(=O)Nc1ccc(Oc2cccc(NC(=O)CN3C(=O)c4ccc(C(=O)c5ccc6c(c5)C(=O)N(*)C6=O)cc4C3=O)c2)cc1,226.0,train
*c1cc(-c2sc(-c3cc(CCCCCCCCCCCCCC)c(*)s3)cc2CCCCCCCCCCCCCC)c2cccccc1-2,-10.0,train
*CC(*)C(=O)OCCCCC,-57.0,train
*c1cccc(N2C(=O)c3ccc(Oc4ccc(C(C)(C)c5ccc(Oc6ccc7c(c6)C(=O)N(*)C7=O)cc5)cc4)cc3C2=O)c1,217.5,train
*Oc1ccc(C2(c3ccc(OC(=O)c4ccc(C(*)=O)cc4)cc3)CCC(C(C)(C)C)CC2)cc1,210.0,train
*c1ccc(Oc2ccc(N3C(=O)c4ccc(-c5ccc6c(c5)C(=O)N(*)C6=O)cc4C3=O)cc2Br)c(Br)c1,275.0,train
*Oc1ccc(CC(NC(=O)CCc2ccc(OC(=O)CCCCCCC(*)=O)cc2)C(=O)OCCCCCCCCCCCC)cc1,15.0,train
*c1ccc(Oc2ccc(Sc3ccc(Oc4ccc(N5C(=O)c6ccc(Oc7ccc(Sc8ccc(Oc9ccc%10c(c9)C(=O)N(*)C%10=O)cc8)cc7)cc6C5=O)cc4)cc3)cc2)cc1,186.0,train
*CC(*)C(=O)OCCCCOc1ccc(-c2ccc(C#N)cc2)cc1,30.0,train
*C(=O)c1ccc2c(c1)C(=O)N(c1ccc(Oc3ccccc3Oc3ccc(N4C(=O)c5ccc(*)cc5C4=O)cc3C(F)(F)F)c(C(F)(F)F)c1)C2=O,236.0,train
*CC(CCCCCCCCCCCCCCCC)C1C(=O)N(CCCCCCCCCCCC)C(=O)C1*,30.0,train
*CCN(CCOC(=O)Nc1ccc(Cc2ccc(NC(=O)O*)cc2)cc1)c1ccc(/N=N/c2ccc([N+](=O)[O-])cc2C)c(C)c1,130.0,train
*CCN(CCOC(=O)NCC1(C)CC(NC(=O)O*)CC(C)(C)C1)c1ccc(/N=N/c2ccc(C#N)cc2)cc1,136.0,train
*N=P(*)(OCCOc1ccc2ccccc2c1)OCCOc1ccc2ccccc2c1,30.6,train
*Oc1ccc(Sc2ccc(Oc3ccc4c(=O)n5c6cc(-c7ccc8c(c7)nc7c9ccc(*)c%10cccc(c(=O)n87)c%109)ccc6nc5c5cccc3c45)cc2)cc1,386.0,train
*c1cccc(Oc2cccc(Oc3cccc(N4C(=O)c5c(c(-c6ccccc6)c(-c6ccc(Oc7ccc(-c8c(-c9ccccc9)c9c(c(-c%10ccccc%10)c8-c8ccccc8)C(=O)N(*)C9=O)cc7)cc6)c(-c6ccccc6)c5-c5ccccc5)C4=O)c3)c2)c1,261.0,train
*c1ccc2c(c1)C(=O)N(c1cccc(Oc3cccc(N4C(=O)c5ccc(C(*)(C(F)(F)F)C(F)(F)F)cc5C4=O)c3)c1)C2=O,244.0,train
*CCCOCCCCOCCCN1C(=O)c2ccc(C(=O)Oc3ccc4cc(OC(=O)c5ccc6c(c5)C(=O)N(*)C6=O)ccc4c3)cc2C1=O,68.0,train
*O[Si](*)(C)CCCOC(=O)c1cc(OC(=O)c2ccc(OCCOCCOCCOCCOCCOCCOC)cc2)ccc1OC(=O)c1ccc(OCCOCCOCCOCCOCCOCCOC)cc1,-46.0,train
*CC(*)(C)C(=O)OCCCCCCN(C)c1ccc(/N=N/c2ccc(S(C)(=O)=O)cc2)cc1,100.0,train
*c1cccc(C(=O)Nc2cccc(S(=O)(=O)c3cccc(NC(=O)c4cccc(N5C(=O)c6ccc(-c7ccc8c(c7)C(=O)N(*)C8=O)cc6C5=O)c4)c3)c2)c1,247.0,train
*C(=O)Nc1ccc(-c2sc(-c3ccc(NC(=O)c4ccc5c(c4)C(=O)N(c4ccc(Oc6ccc7ccc(Oc8ccc(N9C(=O)c%10ccc(*)cc%10C9=O)cc8)cc7c6)cc4)C5=O)cc3)c(-c3ccccc3)c2-c2ccccc2)cc1,311.0,train
*CCC(C)C(C)CCNC(=O)c1cc(C(=O)N*)cc(C(C)(C)C)c1,173.0,train
*CC(*)c1ccc(C(=O)CCN2CCOCC2)cc1,41.0,train
*Oc1ccc(NC(=O)c2cc(C(=O)Nc3ccc(*)cc3)c(C(=O)O)cc2C(=O)O)cc1,207.4,train
*c1ccc2c(c1)C(=O)N(c1ccc3c(c1)Cc1cc(N4C(=O)c5ccc(C(*)(C(F)(F)F)C(F)(F)F)cc5C4=O)ccc1-3)C2=O,394.0,train
*C(=O)c1ccc2c(c1)C(=O)N(c1ccc(Cc3ccccc3N3C(=O)c4ccc(*)cc4C3=O)cc1)C2=O,290.0,train
*CCCCCCCCCCOc1ccc(-c2cc(-c3ccc(-c4ccccc4)cc3)c(-c3ccc(NC(=O)c4ccc(C(=O)Nc5ccc(-c6c(-c7ccc(-c8ccccc8)cc7)cc(-c7ccc(O*)cc7)cc6-c6ccc(-c7ccccc7)cc6)cc5)cc4)cc3)c(-c3ccc(-c4ccccc4)cc3)c2)cc1,111.0,train
*CCCCCCOC(=O)OCCCCCCCCCCOC(=O)OCCCCCCOc1ccc(C(=O)c2ccc(O*)cc2)cc1,-13.0,train
*CC(CCCCCCCCCCCCCCCC)C1C(=O)N(CCCCNC(=O)C(F)(F)C(F)(F)C(F)(F)C(F)(F)C(F)(F)C(F)(F)C(F)(F)F)C(=O)C1*,63.0,train
*c1ccc(Oc2cccc(Oc3ccc(N4C(=O)c5ccc(Oc6ccc(C(C)(C)c7ccc(Oc8ccc9c(c8)C(=O)N(*)C9=O)cc7)cc6)cc5C4=O)cc3)c2)cc1,246.0,train
*Oc1ccc(CC(NC(=O)CCc2ccc(OC(=O)CCCC(*)=O)cc2)C(=O)OCC(C)C)cc1,62.0,train
*Oc1cccc(Oc2ccc(C(=O)c3ccc(NC(=O)c4ccc(C(=O)Nc5ccc(C(=O)c6ccc(*)cc6)cc5)cc4)cc3)cc2)c1,190.0,train
*CCN(*)C(=O)CC(C)C,30.0,train
*CCCCCCOC(=O)OCCCCCCCCCOC(=O)OCCCCCCOc1ccc(Oc2ccc(O*)cc2)cc1,-20.0,train
*C([2H])([2H])C(*)(C(=O)OC([2H])([2H])[2H])C([2H])([2H])[2H],115.0,train
*Oc1ccc(Cc2ccc(OC(=O)c3ccc(C(C)(C)c4ccc(C(*)=O)cc4)cc3)cc2)cc1,140.0,train
*N=P(*)(Oc1cccc(Br)c1)Oc1cccc(Br)c1,-2.5,train
*O[Si](C)(CCC(F)(F)F)CCC(F)(F)C(F)(F)C(F)(F)C(F)(F)CC[Si](*)(C)CCC(F)(F)F,-25.0,train
*C(=O)OCCN(CCOC(=O)c1ccc2c(c1)C(=O)N(c1c(C)cc(Cc3cc(C)c(N4C(=O)c5ccc(*)cc5C4=O)c(C)c3)cc1C)C2=O)c1ccc(/N=N/c2ccc([N+](=O)[O-])cc2)cc1,179.0,train
*c1ccc(Sc2ccc(Sc3ccc(Sc4ccc(Sc5ccc(N6C(=O)c7ccc(Sc8ccc(Sc9ccc(Sc%10ccc%11c(c%10)C(=O)N(*)C%11=O)cc9)cc8)cc7C6=O)cc5)s4)s3)s2)cc1,177.0,train
*c1ccc(Oc2ccc(N3C(=O)c4c(c(-c5ccccc5)c(-c5ccc(-c6c(-c7ccccc7)c7c(c(-c8ccccc8)c6-c6ccccc6)C(=O)N(*)C7=O)cc5)c(-c5ccccc5)c4-c4ccccc4)C3=O)cc2)cc1,413.0,train
*Oc1ccc(C(=O)OCCOCCOCCOC(=O)c2ccc(OC(=O)c3ccc(C(*)=O)cc3)cc2)cc1,30.0,train
*CC(*)CC1CCCC1,60.0,train
*O[Si](C)(C)O[Si](C)(C)O[Si](C)(C)O[Si](C)(C)Oc1c(*)c2ccccc2c2ccccc12,-35.0,train
*c1ccc(Oc2ccc(S(=O)(=O)c3ccc(Oc4ccc(-c5c6c(c(*)c7ccccc57)C(=O)N(c5cccc(C(F)(F)F)c5)C6=O)cc4)cc3)cc2)cc1,280.5,train
*C*,-54.0,train
*OCCOC(=O)c1cc(/N=N/c2ccc(OCC)cc2)ccc1-c1ccc(/N=N/c2ccc(OCC)cc2)cc1C(=O)OCCOc1nc(-c2ccc(OCCCC)cc2)nc(*)c1-c1ccc(OC)cc1,126.0,train
*C(=O)Oc1ccc2ccc(OC(=O)c3ccc4c(c3)C(=O)N(c3ccc(Oc5ccc(N6C(=O)c7ccc(*)cc7C6=O)cc5)cc3)C4=O)cc2c1,246.0,train
*C1CCC(*)C1,65.1,train
*Cc1cc(C)c(CNC(=O)CCCCC(=O)N*)cc1C,70.0,train
*c1ccc(N2C(=O)c3ccc(C(c4ccc5c(c4)C(=O)N(c4ccc(N6C(=O)c7ccc(-c8ccc9c(c8)C(=O)N(*)C9=O)cc7C6=O)cc4)C5=O)(C(F)(F)F)C(F)(F)F)cc3C2=O)cc1,342.0,train
*Oc1ccc(OC(=O)Oc2ccc(C(C)(C)c3ccc(OC(*)=O)cc3)cc2)cc1,97.0,train
*CCCCCCCCCn1c2ccccc2c2cc(/C=C(\C#N)C(=O)OCCCCCCOC(=O)/C(C#N)=C/c3ccc4c(c3)c3ccccc3n4*)ccc21,96.4,train
*CC(CS(=O)(=O)CCCC)O*,37.0,train
*CC(*)c1cccc(C)n1,92.0,train
*/C=C/C1CC(*)C2C(=O)N(c3ccc(C)cc3)C(=O)C12,222.0,train
*CC1(C)CC(N2C(=O)c3ccc(-c4ccc5c(c4)C(=O)N(*)C5=O)cc3C2=O)CC(C)(C)C1,311.0,train
*c1cccc(N2C(=O)c3ccc(Oc4ccc5c(c4)C(=O)N(*)C5=O)cc3C2=O)c1,280.0,train
*OC(COC(=O)c1ccc(C(*)=O)cc1)COc1ccc(/N=N/c2ccc(C#N)cc2)cc1,122.0,train
*c1cccc(N2C(=O)c3cccc(Oc4ccc(Oc5ccc(Oc6cccc7c6C(=O)N(*)C7=O)cc5)cc4)c3C2=O)c1,238.0,train
*CC(*)(C)C(=O)OCCOc1ccc(C(=O)Oc2ccc(OCCCC)cc2)cc1,137.0,train
*C(=O)Nc1ccc(C(=O)Nc2ccc(NC(=O)c3ccc4[nH]c(-c5ccc(-c6nc7cc(*)ccc7[nH]6)cc5)nc4c3)cc2)cc1,300.0,train
*c1ccc(Oc2ccc(-c3ccc(Oc4ccc(N5C(=O)c6cccc(Oc7ccc(C(c8ccc(Oc9cccc%10c9C(=O)N(*)C%10=O)cc8)(C(F)(F)F)C(F)(F)F)cc7)c6C5=O)cc4)cc3)cc2)cc1,234.0,train
*CCN(CCOC(=O)Nc1ccc(C)c(NC(=O)O*)c1)c1ccc(-c2nc3ccc([N+](=O)[O-])cc3o2)cc1,156.0,train
*c1cccc(P(C)(=O)c2cccc(N3C(=O)c4ccc(NC(=O)OCCOc5ccc(C(C)(C)c6ccc(OCCOC(=O)Nc7ccc8c(c7)C(=O)N(*)C8=O)cc6)cc5)cc4C3=O)c2)c1,211.0,train
*CC(C(C)C)C(COC(=O)c1ccc(C(=O)O*)cc1)C(C)C,65.0,train
*CCCOC(=O)c1cccc(C(=O)O*)c1,36.0,train
*CCCCCC(=O)N*,51.6,train
*Oc1ccc(/C=C2\CCC/C(=C\c3ccc(OC(=O)CCCCCCCCC(*)=O)c(OC)c3)C2=O)cc1OC,48.05,train
*c1cccc(NC(=O)CCCCCCCCC(=O)Nc2cccc(S(*)(=O)=O)c2)c1,112.0,train
*CCCCCCCCCCC(=O)Nc1ccc(Oc2ccc(NC(=O)CCCCCCCCCCN3C(=O)c4ccc(C(=O)c5ccc6c(c5)C(=O)N(*)C6=O)cc4C3=O)cc2)cc1,132.0,train
*C(=O)Nc1ccc(Oc2cccc(NC(=O)c3ccc4c(c3)C(=O)N(c3ccc(-c5sc(-c6ccc(N7C(=O)c8ccc(*)cc8C7=O)cc6)c(-c6ccccc6)c5-c5ccccc5)cc3)C4=O)c2)cc1,315.0,train
*c1ccc2c(c1)Cc1cc(-n3c(=O)c4cc5c(=O)n(*)c(=O)c5cc4c3=O)ccc1-2,322.0,train
*CCCCc1ccc(-c2c(-c3ccccc3)cc(-c3ccc(-c4cc(-c5ccccc5)c(-c5ccc(*)cc5)c(-c5ccccc5)c4-c4ccccc4)cc3)c(-c3ccccc3)c2-c2ccccc2)cc1,205.0,train
*c1ccc(Oc2ccc(C3(c4ccc(Oc5ccc(N6C(=O)CC(=O)N(*)C6=S)cc5)cc4)c4ccccc4-c4ccccc43)cc2)cc1,175.0,train
*Oc1ccc(CC(Cc2ccc(*)cc2)(C(=O)OCC)C(=O)OCC)cc1,54.0,train
*Oc1ccc(C(C)(C)c2ccc(OC(*)=O)c(C(C)C)c2)cc1C(C)C,80.0,train
*Oc1ccc(C(=O)NNC(=O)c2ccc(*)cc2)cc1,263.0,train
*c1[nH]c(*)c(OC)c1OC,-26.0,train
*c1c(C)cc(Cc2cc(C)c(N3C(=O)c4cccc(Oc5c(C)cc(-c6cc(C)c(Oc7cccc8c7C(=O)N(*)C8=O)c(C)c6)cc5C)c4C3=O)c(C)c2)cc1C,289.0,train
*c1ccc(C(=O)Nc2ccc(Oc3ccc(S(=O)(=O)c4ccc(Oc5ccc(NC(=O)c6ccc(N7C(=O)c8ccc(-c9cccc%10c9C(=O)N(*)C%10=O)cc8C7=O)cc6)cc5)cc4)cc3)cc2)cc1,287.0,train
*CCCCOC(=O)c1ccc(C(=O)O*)cc1,48.4,train
*Nc1ccc(/C=C/c2ccc(NC(=C(C#N)C#N)c3ccc(C(*)=C(C#N)C#N)cc3)cc2)cc1,250.0,train
*Oc1cccc2ccc(Oc3ccc(NC(=O)c4ccc(Oc5ccc(Oc6ccc(C(=O)Nc7ccc(*)cc7)cc6)cc5)cc4)cc3)cc12,224.0,train
*/C=C(/*)CCCOC(=O)c1cc(-c2ccc(OC)cc2)ccc1-c1ccc(OC)cc1,72.4,train
*CC1CCC(COC(=O)c2cccc(C(=O)O*)c2)CC1,70.0,train
*c1ccc(-c2nc3cc(-c4ccc5nc(*)c(-c6ccccc6)nc5c4)ccc3nc2-c2ccccc2)cc1,391.5,train
*CC(*)C(C)=O,115.0,train
*c1ccc(Oc2c(C)cc(Cc3cc(C)c(Oc4ccc(-n5c(=O)c6cc7c(=O)n(*)c(=O)c7cc6c5=O)cc4)c(C)c3)cc2C)cc1,299.5,train
*CC/C=C(/*)Cl,-20.0,train
*Oc1ccc(C(C)(C)c2ccc(Oc3ccc(C(=O)c4ccc(C(=O)c5ccc(*)cc5)cc4)cc3)cc2)cc1,160.0,train
*C1C2CC(CCCCCCCCC(=O)OCC)C(C2)C1*,134.0,train
*c1ccc(-c2ccc3c(c2)C(CCCCCCCC)(CCCCCCCC)c2cc(*)ccc2-3)c(F)c1,34.0,train
*c1cc2c(cc1C)-c1cc(C)c(N3C(=O)c4ccc(-c5ccc6c(c5)C(=O)N(*)C6=O)cc4C3=O)cc1S2(=O)=O,490.0,train
*Oc1ccc(S(=O)(=O)c2ccc(Oc3ccc(C(=O)c4cc(I)cc(C(=O)c5ccc(*)cc5)c4)cc3)cc2)cc1,203.0,train
*OC1CCC(OC(*)=O)CC1,138.0,train
*CCCCCCCCNC(=O)CC(=O)N*,55.0,train
*O[Si](*)(C)CCCn1c2ccccc2c2ccccc21,55.45,train
*Oc1ccc(C(C)(CC)c2ccc(OC(*)=O)cc2)cc1,136.0,train
*O[Si](*)(C)CCCC(=O)O,-29.0,train
*CCCCCCCCOc1c(OC)cc(/C=C/c2ccc(/C=C/c3ccc(/C=C/c4cc(OC)c(O*)c(OC)c4)cc3)cc2)cc1OC,68.1,train
*/C=C/C1CC(*)C(C(=O)Oc2ccccc2)C1,72.6,train
*CCCC(CC)CCNC(=O)c1ccc(C(=O)N*)cc1,135.0,train
*CC(*)C(=O)OCC(F)(F)C(F)(F)C(F)(F)F,-30.0,train
*C(=O)c1ccc2c(c1)C(=O)N(c1ccc(-c3ccc(Oc4ccc(C5(C)CC(C)(C)c6ccc(Oc7ccc(-c8ccc(N9C(=O)c%10ccc(*)cc%10C9=O)cc8)cc7C(F)(F)F)cc65)cc4)c(C(F)(F)F)c3)cc1)C2=O,252.0,train
*CC(*)(C)C(=O)OCCCCOc1ccc(OC(=O)c2ccc(OC)cc2)cc1,57.0,train
*CC(O)COc1ccc(O*)cc1,60.0,train
*Oc1ccc(Oc2ccc(NC(=O)c3ccc(Oc4ccc(Oc5ccc(C(=O)Nc6ccc(*)cc6)cc5)cc4C)cc3)cc2)cc1C,218.5,train
*C(=O)c1ccc2c(c1)C(=O)N(c1cccc(Nc3nc(Nc4cccc(N5C(=O)c6ccc(*)cc6C5=O)c4)nc(N(c4ccccc4)c4ccccc4)n3)c1)C2=O,290.0,train
*CCCNC(=O)CNC(=O)C(NC(=O)C(Cc1ccccc1)NC(=O)CCCCCCCCC(=O)NC(Cc1ccccc1)C(=O)NC(C(=O)NCC(=O)NCCCOCCOCCO*)C(C)C)C(C)C,58.0,train
*CCN(CCOC(=O)c1ccc(C(=O)O*)c(OC)c1)c1ccc(/N=N/c2ccc(/C=C/c3nc4ccc([N+](=O)[O-])cc4n3CC)cc2)cc1,173.0,train
*C#Cc1cccc(C#C[SiH](*)C)c1,72.0,train
*Oc1ccc(CNC(=O)c2ccc(C(=O)NCc3ccc(OC4COC5C(*)COC45)cc3)cc2)cc1,122.0,train
*C(=O)OCCCCCCOC(=O)c1ccc(NC(=O)c2ccc(N3C(=O)c4ccc(*)cc4C3=O)cc2)cc1,107.0,train
*O[Si](*)(C)CCCCCCOc1ccc(C(=O)Oc2ccc(C#N)cc2)cc1,8.0,train
*Oc1ccc(Oc2ccc(OC(*)=O)cc2)cc1,118.0,train
*CCCCCCNC(=O)C(=O)N*,250.0,train
*Nc1ccc(NC(=O)c2ccc(NC(=O)CCCCCCCCC(=O)Nc3ccc(C(*)=O)cc3)cc2)cc1C(=O)OCCCCCCCCCCCCCCCCCC,280.0,train
*c1ccc(Oc2cccc(-c3cc(-c4ccccc4)cc(-c4cccc(Oc5ccc(N6C(=O)c7ccc(Oc8ccc9c(c8)C(=O)N(*)C9=O)cc7C6=O)cc5)c4)n3)c2)cc1,224.0,train
*/C=C/C(C(=O)OCC)C(*)C(=O)OCC,6.0,train
*N=P(*)(OCCOc1ccc(/N=N/c2ccc(CCCC)cc2)cc1)OCCOc1ccc(/N=N/c2ccc(CCCC)cc2)cc1,80.0,train
*c1ccc(Cc2ccc(-c3nc(-c4cccc(-c5nnc(-c6ccccc6)c(*)n5)n4)nnc3-c3ccccc3)cc2)cc1,205.0,train
*Sc1c(C)cc(*)cc1C,198.0,train
*/C(C#N)=C/c1cc(OCC(CC)CCCC)c(/C=C(\C#N)c2ccc3c4ccc(*)cc4n(CC(CC)CCCC)c3c2)cc1OCC(CC)CCCC,72.0,train
*c1ccc(Oc2ccc(C(=O)c3ccc(Oc4ccc(-c5nc(-c6ccccn6)nnc5*)cc4)cc3)cc2)cc1,223.0,train
*NNC(=O)c1ccc(C(*)=O)cc1OCCCCC,234.0,train
*Nc1ccc(C2(c3ccc(NC(=O)c4ccc(C(*)=O)cc4)cc3)c3ccccc3-c3ccccc32)cc1,319.0,train
*CC(*)c1ccccc1C(=O)OCCCC,66.0,train
*O[Si](*)(C)CCCCCCCCCCCOc1ccc(/C=C/c2ccc(OCCCC)cc2)cc1,-33.0,train
*CC(*)c1cc(C(=O)OCCCCCCCCCCCC)ccc1-c1ccc(OCCCCCCCC)cc1,42.0,train
*CCCCCCCCCN1C(=O)c2ccc(Oc3ccc4c(c3)C(=O)N(*)C4=O)cc2C1=O,89.0,train
*CC(CCCCCCOc1ccc(/N=N/c2ccc(OC)cc2)cc1)COC(=O)CCCCC(=O)O*,22.0,train
*C(=O)c1cc(C(=O)c2ccc3c(c2)C(=O)N(c2ccc(Oc4ccc(N5C(=O)c6ccc(*)cc6C5=O)cc4)cc2)C3=O)cc(C(C)(C)C)c1,252.5,train
*Cc1ccc(COP(=O)(/N=N/c2ccc(-c3ccc(/N=N/P(=O)(O*)OC)cc3)cc2)OC)cc1,48.0,train
*/C=C/C1CC(*)C(C#N)([Si](C)(C)O[Si](C)(C)O[Si](C)(C)C)C1,47.0,train
*c1ccc2c(c1)Sc1cc(-c3sc4cc(*)sc4c3CCCCC)ccc1N2CCCCCCCCCC,131.0,train
*C(=O)Nc1ccc(Oc2ccc(NC(=O)c3ccc4c(c3)C(=O)N(C3CCC(CC5CCC(N6C(=O)c7ccc(*)cc7C6=O)CC5)CC3)C4=O)cc2)cc1,250.0,train
*CC(*)C(=O)OCC1(CC)COCOC1,42.0,train
*CC(*)(C)C(=O)Oc1ccc(/N=N/c2ccc(OC)cc2)cc1,120.0,train
*C(=O)Nc1ccc2c(c1)Cc1cc(NC(=O)c3ccc4c(c3)C(=O)N(c3ccc(NC(=O)Nc5ccc(N6C(=O)c7ccc(*)cc7C6=O)cc5)cc3)C4=O)ccc1-2,224.0,train
*c1ccc(Oc2ccc(-n3c(=O)c4c(Oc5ccc(OCCCCCCCCCCCC)cc5)c5c(=O)n(*)c(=O)c5c(Oc5ccc(OCCCCCCCCCCCC)cc5)c4c3=O)cc2)cc1,218.0,train
*CCCCCCCCCCCCC(=O)O*,-36.0,train
*CC(=O)Nc1ccc(Oc2c(F)c(F)c(Oc3ccc(NC(=O)c4ccc5c(c4)C(=O)N(*)C5=O)cc3)c(F)c2F)cc1,254.0,train
*c1cccc(P(=O)(c2ccccc2)c2cccc(-n3c(=O)c4cc5c(=O)n(*)c(=O)c5c(-c5cc(C(F)(F)F)cc(C(F)(F)F)c5)c4c3=O)c2)c1,299.0,train
*Oc1ccc(CC(NC(=O)CCc2ccc(OC(=O)CCCCCCC(*)=O)cc2)C(=O)OCC)cc1,50.0,train
*Oc1ccc(Oc2ccc(C(=O)c3ccc(C(=O)c4ccc(*)cc4)cc3)cc2)cc1-c1ccc(Cl)c(C(F)(F)F)c1,147.0,train
*CC(*)c1ccc(OC(C)=O)c(OC)c1,115.0,train
*/C=C(/*)C(CCC)[Si](C)(C)c1ccccc1,110.0,train
*CC#CC#CCOC(=O)c1ccc(C(=O)O*)cc1,143.0,train
*Nc1ccc(-c2ccc(NC(=O)c3cccc(C(*)=O)c3)c(O)c2)cc1O,386.0,train
*c1ccc(C(=O)Oc2c(C)cc(C(c3cccnc3)c3cc(C)c(OC(=O)c4ccc(N5C(=O)CC(Nc6ccc(Cc7ccc(NC8CC(=O)N(*)C8=O)cc7)cc6)C5=O)cc4)c(C)c3)cc2C)cc1,186.0,train
*CCCCOCCCCOCCCCOC(=O)c1ccc(/N=C/c2ccc(/C=N/c3ccc(C(=O)O*)cc3)cc2)cc1,-13.2,train
*c1ccc(-c2ccc(-c3ccc(-c4cnc5ccc(-c6ccc7ncc(*)nc7c6)cc5n4)cc3)cc2)cc1,305.0,train
*C(=O)c1ccc2c(c1)C(=O)N(c1c(C(C)C)cc(Cc3cc(C(C)C)c(N4C(=O)c5ccc(*)cc5C4=O)c(C(C)C)c3)cc1C(C)C)C2=O,263.0,train
*CC(*)C(=O)N1CCOCC1,150.0,train
*C(=O)c1ccc2c(c1)C(=O)N(c1c(C)cc(C(c3cc(C(F)(F)F)cc(C(F)(F)F)c3)c3cc(C)c(N4C(=O)c5ccc(*)cc5C4=O)c(C)c3)cc1C)C2=O,301.1,train
*Oc1ccc(C2(c3ccc(OC(*)=O)cc3)CCCC2)cc1,166.0,train
*Oc1ccc(C2(c3ccc(OC(*)=O)c(Cl)c3)CC3CCC2C3)cc1Cl,200.0,train
*c1ccc(NC(=O)c2ccc(OCCOCCOc3ccc(C(=O)Nc4ccc5[nH]c(*)nc5c4)cc3)cc2)cc1,175.0,train
*c1ccc(OCOc2ccc(-c3nc(-c4ccc([N+](=O)[O-])cc4)oc3*)cc2)cc1,194.0,train
*OC(F)(F)COC(=O)c1cccc(C(=O)OCC(*)(F)F)c1,28.0,train
*Oc1ccc(C2(c3ccc(OC(=O)CCCCC(*)=O)cc3)c3cc(N(C)C)ccc3-c3ccc([N+](=O)[O-])cc32)cc1,150.0,train
*CC(*)c1ccc(OCCCC)cc1,52.0,train
*c1ccc(Oc2ccc(Oc3ccc(N4C(=O)c5ccc(Oc6c(C)cc(C(C)(C)c7cc(C)c(Oc8ccc9c(c8)C(=O)N(*)C9=O)c(C)c7)cc6C)cc5C4=O)cc3)c(C(C)(C)C)c2)cc1,244.0,train
*CCCCCCNC(=O)c1cccc(C(=O)N*)c1,120.0,train
*OC(=O)C(CCSC)NC(=O)CCCCC(=O)NC(CCSC)C(=O)OC1COC2C(*)COC12,71.0,train
*CCCCCCN1C(=O)C(=O)N(*)C1=O,55.0,train
*O[Si](*)(C)CCc1cc(C(=O)Oc2ccc(OCCCC)cc2)ccc1C(=O)Oc1ccc(OCCCC)cc1,92.0,train
*CCOCCOCCOc1ccc(/C=C/c2cc(OC)c(/C=C/c3ccc(O*)c4ccccc34)cc2OC)c2ccccc12,79.5,train
*CC(=O)O*,45.0,train
*CC(*)c1ccc(CCC(F)(F)C(F)(F)C(F)(F)C(F)(F)F)cc1,23.0,train
*c1ccc(Oc2cccc(Oc3ccc(N4C(=O)c5ccc(Oc6ccc(S(=O)(=O)c7ccc(Oc8ccc9c(c8)C(=O)N(*)C9=O)cc7)cc6)cc5C4=O)cc3)c2)cc1,219.0,train
*Oc1ccc(S(=O)(=O)c2ccc(Oc3ccc(/C=N/c4ccc(Oc5ccc(/N=C/c6ccc(*)cc6)cc5)cc4)cc3)cc2)cc1,162.0,train
*/C=C/c1ccc(*)c(-c2c(OCC(CC)CCCC)ccc3ccccc23)c1,118.0,train
*CC(*)(C)C(=O)OCCNC(C)(C)C,41.0,train
*CCC[Si](*)(C)O[Si](C)(C)CCCOc1ccc(C(=O)Oc2ccc(-c3ccc(C#N)cc3)cc2)cc1,10.1,train
*c1ccc(Oc2ccc(Oc3ccc(N4C(=O)c5ccc(Oc6ccc7ccc(Oc8ccc9c(c8)C(=O)N(*)C9=O)cc7c6)cc5C4=O)cc3)cc2)cc1,228.0,train
*Oc1ccc(C2(c3ccc(OC(=O)c4ccc(Oc5ccc(C6(c7ccc(Oc8ccc(C(*)=O)cc8)cc7)CCC(C(C)(C)C)CC6)cc5)cc4)cc3)C3CC4CC(C3)CC2C4)cc1,197.0,train
*CCCCCCCCNC(=O)CCCCC(=O)N*,50.0,train
*c1cc(C(=O)OCCC)cc(N2C(=O)CC(C3Cc4ccccc4C4C(=O)N(*)C(=O)C43)C2=O)c1,249.0,train
*CCOC(=O)Nc1ccc(CCCCc2ccc(NC(=O)O*)cc2)cc1,105.7,train
*CCC1CC(*)C2C3CC(c4ccc(COC(C)CC)cc4)C(C3)C12,139.0,train
*CCCNC(=O)c1ccc(C(=O)NCCCO*)cc1,72.0,train
*O[Si](C)(C)C#C[Si](C)(C)C#C[Si](C)(C)C#C[Si](C)(C)C#C[Si](C)(C)C#C[Si](*)(C)C,-16.1,train
*Oc1ccc(SSc2ccc(*)cc2)cc1,76.8,train
*Cc1cc2cc(C(=O)Nc3ccc(C(c4ccc(NC(=O)c5cc6cc(*)c(OC(=O)COc7ccc8ccc(=O)oc8c7)cc6oc5=O)cc4)(C(F)(F)F)C(F)(F)F)cc3)c(=O)oc2cc1OC(=O)COc1ccc2ccc(=O)oc2c1,257.0,train
*C(=O)c1ccc(N(*)CCCCC)cc1,83.5,train
*CCCCCCCCCCN1C(=O)c2ccc(C(c3ccc4c(c3)C(=O)N(*)C4=O)(C(F)(F)F)C(F)(F)F)cc2C1=O,123.0,train
*Cc1ccc(CSSSS*)cc1,3.0,train
*CC(*)c1cc(Br)ccc1OC,86.0,train
*CC(*)n1c2ccccc2c2cc3ccccc3cc21,253.0,train
*C(=O)c1cc2c(cc1Cl)C(=O)N(c1c(C)cc(C)c(N3C(=O)c4cc(*)c(Cl)cc4C3=O)c1C)C2=O,371.0,train
*Oc1ccc(OC(=O)c2cccc(Sc3ccc(OC(=O)c4ccc(C(=O)Oc5ccc(Sc6cccc(C(*)=O)c6)cc5)cc4)cc3)c2)cc1C,106.5,train
*Oc1ccc2ccc(Oc3ccc(C(=O)Nc4ccc(Oc5ccc(Oc6ccc(NC(=O)c7ccc(*)cc7)cc6)cc5)cc4)cc3)cc2c1,191.0,train
*c1ccc(Oc2ccc(C(C)(C)c3ccccc3)cc2)c(-n2c(=O)c3cc4c(=O)n(*)c(=O)c4cc3c2=O)c1,340.0,train
*CCCCCCCCCCOc1ccc(OC(=O)c2ccc(OCCOCCOCCOc3ccc(C(=O)Oc4ccc(O*)cc4)cc3)cc2)cc1,64.0,train
*c1ccc(-c2nc3cc(-c4ccc5oc(*)nc5c4)ccc3o2)cc1,430.0,train
*O[Si](C)(C)CCCC(=O)Oc1ccc(/C=N/c2ccc(/N=C/c3ccc(OC(=O)CCC[Si](*)(C)C)cc3)cc2)cc1,60.0,train
*Oc1ccc(C(C)(C)c2ccc(OC(=O)Sc3ccc(C(C)(C)c4ccc(SC(*)=O)cc4)cc3)cc2)cc1,154.0,train
*Oc1ccc(OC(=O)c2ccc(OCCCCCCOc3ccc(C(*)=O)cc3)cc2)cc1/N=N/c1ccc(C#N)cc1,98.0,train
*Oc1ccc(C(C)(C)c2ccc(OC(=O)OCCN(CCOC(*)=O)c3ccc(OC)cc3)cc2)cc1,60.0,train
*c1cccc(N2C(=O)c3ccc(Oc4ccccc4Oc4ccc5c(c4)C(=O)N(*)C5=O)cc3C2=O)c1,224.0,train
*c1ccc(-c2cc(C(C)(C)C)c(Oc3ccc(N4C(=O)c5ccc(Oc6ccc7c(c6)C(=O)N(*)C7=O)cc5C4=O)cc3C(F)(F)F)c(C(C)(C)C)c2)cc1,353.0,train
*c1c(C)cc(-c2cc(C)c(N3C(=O)c4ccc(Oc5ccc(C(C)(C)c6ccc(Oc7ccc8c(c7)C(=O)N(*)C8=O)cc6)cc5)cc4C3=O)c(C)c2)cc1C,280.0,train
*c1ccc(-c2ccc(-c3ccc(-c4ccc(-c5cc(-c6ccccc6)c6cc(-c7ccc8nc(*)cc(-c9ccccc9)c8c7)ccc6n5)cc4)cc3)cc2)cc1,355.0,train
*CCCCCCCCN1C(=O)c2ccc(Oc3ccc4c(c3)C(=O)N(*)C4=O)cc2C1=O,145.0,train
*c1ccc(/C=C/c2cc(OCCCCCCCC)c(/C=C/c3ccc(N(*)c4ccccc4)cc3)cc2OCCCCCCCC)cc1,74.0,train
*c1ccc(-c2ccc3c(c2)C(CCCCCCBr)(CCCCCCBr)c2cc(*)ccc2-3)cc1,122.0,train
*Nc1cccc2c(NC(=O)c3ccc(NC(=O)c4ccc([Si](C)(C)c5ccc(C(=O)Nc6ccc(C(*)=O)cc6)cc5)cc4)cc3)cccc12,378.0,train
*Oc1ccc(-c2ccc(Oc3ccc4ccccc4c3-c3c(*)ccc4ccccc34)c3ccccc23)c2ccccc12,301.0,train
*Oc1ccc(C(CCC)(CCC)c2ccc(OC(*)=O)c(C)c2)cc1C,101.0,train
*OC(C)COC(*)=O,34.6,train
*CCCCCCOC(=O)OCCCCCCOC(=O)OCCCCCCOc1ccc(-c2ccc(O*)cc2)cc1,16.6,train
*c1ccc(-c2ccc(N3C(=O)c4ccc(Oc5ccc(Sc6ccc(Oc7ccc8c(c7)C(=O)N(*)C8=O)cc6)cc5)cc4C3=O)cc2)cc1,257.0,train
*CC(C)O*,-70.2,train
*c1ccc(-c2nc3ccccc3o2)c(*)c1,229.0,train
*CCN(CCOC(=O)Nc1ccc(C)c(NC(=O)O*)c1)c1ccc(/C=C/c2ccc([N+](=O)[O-])cc2)cc1,121.0,train
*Oc1ccc2c(c1)C1(CC2(C)C)CC(C)(C)c2ccc(OC(*)=O)cc21,228.0,train
*/C=C/c1ccc(*)c(-c2ccc(OCC(CC)CCCC)c3ccccc23)c1,135.0,train
*Oc1cc(OC(=O)c2ccc(OCC)cc2)c(OC(=O)CCCC(*)=O)cc1OC(=O)c1ccc(OCC)cc1,71.0,train
*CC(=O)Nc1ccc(C2(c3ccc(NC(=O)Cn4c(=O)c5cc6c(=O)n(*)c(=O)c6cc5c4=O)cc3)c3ccccc3-c3ccccc32)cc1,350.0,train
*Oc1ccc(CC(NC(=O)Cc2ccc(OC(=O)COCCOCC(*)=O)cc2)C(=O)OCC)cc1,50.0,train
*CCCCCCNC(=O)c1ccccc1-c1ccccc1C(=O)N*,122.5,train
*CC(*)OC(=O)C(F)(F)C(F)(F)C(F)(F)F,27.0,train
*Oc1ccc(CC(NC(=O)CCc2ccc(OC(=O)COCCOCC(*)=O)cc2)C(=O)OCCOCCOCC)cc1,18.0,train
*C(=O)c1ccc2c(c1)C(=O)N(c1ccc(Oc3c(C)cc(C(c4cc(C)c(Oc5ccc(N6C(=O)c7ccc(*)cc7C6=O)cc5)c(C)c4)c4cccc5ccccc45)cc3C)cc1)C2=O,272.0,train
*OC1CCC(OC(=O)OCCCCCCOC(*)=O)CC1,10.0,train
*Oc1ccc(C2(c3ccc(OC(*)=O)cc3)CCc3ccccc32)cc1,219.0,train
*Oc1ccc(S(=O)(=O)c2ccc(Oc3ccc(C(C)(CCC(=O)O)c4ccc(*)cc4)cc3)cc2)cc1,163.0,train
*Cc1ccc(C(C)c2ccc(Cn3c(=O)c4cc5c(=O)n(*)c(=O)c5cc4c3=O)o2)o1,116.0,train
*CC(*)C(=O)NC,171.0,train
*c1ccc(OCCOc2cccc(N3C(=O)c4ccc(Oc5ccc6c(c5)C(=O)N(*)C6=O)cc4C3=O)c2)cc1,178.5,train
*OC(=O)CNC(=O)CCCCCCCCC(=O)NCC(=O)OC1COC2C(*)COC12,66.0,train
*CC(*)C(=O)c1ccc(C)c(C)c1,42.0,train
*CCCCCCCCCOC(=O)Nc1ccc(Cc2ccc(NC(=O)O*)cc2)cc1,72.0,train
*O[Si](*)(C)CCCOc1ccc(C(=O)OC2CCC3(C)C(=CCC4C3CCC3(C)C(C(C)CCCC(C)C)CCC43)C2)cc1,73.05,train
*c1ccc(Oc2ccc(C(=O)c3cccc(C(=O)c4ccc(Oc5ccc(-n6c(=O)c7cc8c(=O)n(*)c(=O)c8cc7c6=O)cc5C(F)(F)F)cc4)n3)cc2)c(C(F)(F)F)c1,227.1,train
*C1OC(C(F)(F)F)(C(F)(F)F)OC1(*)F,256.0,train
*C(=O)c1ccc2c(c1)C(=O)N(c1cc(N3C(=O)c4ccc(*)cc4C3=O)c(C)cc1C)C2=O,305.0,train
*Oc1ccc(S(=O)(=O)c2ccc(*)cc2)cc1,225.0,train
*c1cccc(-n2nc(-c3ccccc3)c3cc(Oc4ccc(C(C)(C)c5ccc(Oc6ccc7c(-c8ccccc8)nn(*)c(=O)c7c6)cc5)cc4)ccc3c2=O)c1C#N,200.0,train
*Oc1ccc(C(c2ccccc2)(c2ccccc2)c2ccc(OC(*)=O)cc2)cc1,213.0,train
*CCN(CCOC(=O)Nc1ccc(Cc2ccc(NC(=O)O*)cc2)cc1)c1ccc(/N=N/c2ccc([N+](=O)[O-])cc2)cc1,136.4,train
*C(F)(F)C1(*)OC(F)(C(F)(F)F)C(F)(C(F)(F)F)O1,165.0,train
*CC(*)(C)C(=O)OCCCCCCCCCCCCOc1ccc(C(=O)Oc2ccc(-c3cccc(OC(=O)c4ccc(OC(=O)c5ccc(OCCCCCCCCCCCC)cc5)cc4)c3)cc2)cc1,74.5,train
*CC(*)(C)C(=O)OCCN(C)c1ccc(N(C)C)cc1,43.0,train
*c1ccc(Oc2cccc(Oc3ccc(N4C(=O)c5ccc(Oc6ccc(Sc7ccc(Oc8ccc9c(c8)C(=O)N(*)C9=O)cc7)cc6)cc5C4=O)cc3)c2)cc1,178.0,train
*Oc1ccc(C(C)(C)c2ccc(Oc3ccc(C(=O)c4c(C)ccc5c(C(=O)c6ccc(*)cc6)c(C)ccc45)cc3)cc2)cc1,222.0,train
*/C=C/CC(C*)(C(=O)OC12CC3CC(CC(C3)C1)C2)C(=O)OC12CC3CC(CC(C3)C1)C2,34.0,train
*CCC(C)(C)CC(C)COC(=O)CCCCC(=O)O*,-70.0,train
*O[Si](C)(C)O[Si](C)(C)O[Si](C)(C)O[Si](C)(C)O[Si](C)(C)Oc1c(*)c2ccccc2c2ccccc12,-38.0,train
*c1ccc(Oc2ccc(-c3cnc4ccc(-c5ccc6nc(*)cnc6c5)cc4n3)cc2)cc1,280.0,train
*Oc1c(C)cc(*)cc1C(C)CCC,100.0,train
*c1ccc(Oc2ccc(C(=O)c3cccc(C(=O)c4ccc(Oc5ccc(-c6nc(-c7ccccn7)nnc6*)cc5)cc4)c3)cc2)cc1,202.0,train
*CC(*)c1cc(C(=O)OCCCCCCCC)ccc1-c1ccc(OCCCCCCCC)cc1,57.0,train
*O[Si](C)(C)c1ccc([Si](C)(C)Oc2c(C)cc(-c3cc(C)c(*)c(C)c3)cc2C)cc1,67.0,train
*c1ccc(S(=O)(=O)c2ccc(N3C(=O)c4ccc(Oc5ccc(Oc6ccc7c(c6)C(=O)N(*)C7=O)cc5)cc4C3=O)cc2)cc1,283.0,train
*Oc1ccc(C(C)(C)c2ccc(OC(*)=O)c(C)c2)cc1C,124.0,train
*OC(C)C#CC#CC(C)OC(=O)c1ccc(C(*)=O)cc1,133.0,train
*CC(*)OC(=O)C1CCCCC1,66.0,train
*O[Si](C)(C)O[Si](C)(C)Oc1c(C)cc(-c2cc(C)c(*)c(C)c2)cc1C,55.0,train
*OC(=O)c1ccc(C(=O)OC2CC3CC(*)CC(C2)O3)cc1,207.0,train
*Oc1c(C)cc(-c2cc(C)c(Oc3ccc(C(=O)c4ccc5cc(C(=O)c6ccc(*)cc6)ccc5c4)cc3)c(C)c2)cc1C,270.0,train
*Oc1ccc(NC(=O)c2ccc3cc(C(=O)Nc4ccc(Oc5ccc(C6(c7ccc(*)cc7)CC7CCC6C7)cc5)cc4)ccc3c2)cc1,276.0,train
*/C(CCCCCC)=C(/*)c1ccccc1,200.0,train
*CC(*)(CC(=O)Oc1ccccc1)C(=O)Oc1ccccc1,132.0,train
*CCCCCC(c1ccc(O)cc1)C(*)c1ccc(O)cc1C,16.0,train
*c1ccc(Oc2ccc(C(=O)c3ccc(Oc4ccc(-c5c6c(c(*)c7ccccc57)C(=O)N(c5ccccc5C(F)(F)F)C6=O)cc4)cc3)cc2)cc1,260.0,train
*CC(*)(C)C(=O)OCCCCCCCCOc1ccc2cc(C(=O)Oc3ccccc3)ccc2c1,34.0,train
*CC(*)CCCCC,-45.5,train
*CCCCCCCCCCOc1c(OC)cc(/C=C/c2ccc(/C=C/c3cc(OC)c(O*)c(OC)c3)cc2)cc1OC,68.5,train
*C1C(=O)N(c2ccc(O[Si](CC)(CC)CC)cc2)C(=O)C1*,165.0,train
*CC(*)C(=O)OCCOc1ccc(C(=O)Oc2ccc(OC)cc2)cc1,70.0,train
*c1ccc(C2(c3ccc(N4C(=O)c5ccc(Oc6ccc7c(c6)C(=O)N(*)C7=O)cc5C4=O)cc3)c3ccccc3-c3ccccc32)cc1,373.0,train
*CC(*)c1ccccc1,99.9,train
*Oc1ccc(Oc2ccc(NC(=O)c3ccc(Oc4ccc(C(C)(C)c5ccc(C(C)(C)c6ccc(Oc7ccc(C(=O)Nc8ccc(*)cc8)cc7)cc6)cc5)cc4)cc3)cc2)cc1,165.0,train
*NNC(=O)c1ccc(C(*)=O)cc1OCCCCCCCC,203.5,train
*SC1CCCC(*)C1,-52.0,train
*C(=O)c1ccc(C(C)(CC)c2ccc(C(=O)N3CCN(*)CC3)cc2)cc1,232.0,train
*Oc1ccc(OC(=O)c2ccc(OCCCCCCCCCCCCOc3ccc(C(*)=O)cc3)cc2)cc1/C=C/c1ccncc1,94.3,train
*c1ccc(-c2nc3cc(Oc4ccc(NC(=O)c5ccc6c(c5)C(=O)N(c5ccc(C(c7ccc(N8C(=O)c9ccc(C(=O)Nc%10ccc(Oc%11ccc%12nc(-c%13ccccc%13)c(*)nc%12c%11)cc%10)cc9C8=O)cc7)(C(F)(F)F)C(F)(F)F)cc5)C6=O)cc4)ccc3nc2-c2ccccc2)cc1,293.0,train
*c1ccc(S(=O)(=O)c2ccc(Oc3ccc(-c4nn(*)c(=O)c5ccccc45)c(F)c3)cc2)cc1,283.0,train
*c1ccc(-c2ccc(N3C(=O)c4ccc(-c5cccc6c5C(=O)N(*)C6=O)cc4C3=O)cc2C)c(C)c1,372.0,train
*c1ccc(Oc2ccc(C(c3ccc(Oc4ccc(-c5nnc(*)c6c(-c7ccc(F)cc7)c(-c7ccc(F)cc7)c(-c7ccc(F)cc7)c(-c7ccc(F)cc7)c56)cc4)cc3)(C(F)(F)F)C(F)(F)F)cc2)cc1,288.0,train
*Oc1ccc(S(=O)(=O)c2ccc(Oc3ccc(-c4ccc(*)cc4)cc3)cc2)cc1,221.0,train
*O[Si](*)(CCCOCCOCCOCCOCCOCCOCCOCCOC)CCCOCCOCCOCCOCCOCCOCCOCCOC,-66.4,train
*C(=O)c1ccc2c(c1)C(=O)N(c1ccc(-c3ccc(N4C(=O)c5ccc(*)cc5C4=O)cc3)cc1)C2=O,382.0,train
*/C(C)=C(/*)CCC,200.0,train
*CCc1ccc(*)s1,26.0,train
*C(=O)OCCOCCOC(=O)c1ccc(N2C(=O)c3ccc(*)cc3C2=O)cc1,101.0,train
*C(=O)Nc1ccc(Cc2ccc(NC(=O)c3ccc4c(c3)C(=O)N(c3ccc(NC(=O)Nc5ccc(N6C(=O)c7ccc(*)cc7C6=O)cc5)cc3)C4=O)cc2)cc1,211.0,train
*C(=O)Nc1ccc(Oc2ccc(Oc3ccc(NC(=O)c4ccc5c(c4)C(=O)N(c4ccc(Oc6ccc(C7(c8ccc(Oc9ccc(N%10C(=O)c%11ccc(*)cc%11C%10=O)cc9)cc8)CC8CC7C7CCCC87)cc6)cc4)C5=O)cc3)cc2)cc1,257.0,train
*CC(*)(C)C(=O)OCCCN(CCO)c1ccc(/N=N/c2ccc([N+](=O)[O-])cc2)cc1,131.0,train
*c1ccc(Oc2cc(C(C)(C)C)ccc2Oc2ccc(N3C(=O)c4ccc(-c5ccc6c(c5)C(=O)N(*)C6=O)cc4C3=O)cc2)cc1,257.0,train
*/C(C)=C(/*)[Si](C)(C)CCCCCC,200.0,train
*C(=O)c1ccc2c(c1)C(=O)N(c1ccc(Oc3ccc(C(=O)c4ccc(C(=O)c5ccc(Oc6ccc(N7C(=O)c8ccc(*)cc8C7=O)cc6)cc5)cc4)cc3)cc1)C2=O,233.0,train
*Oc1cccc(*)c1,53.0,train
*CC(*)C(=O)OCC(F)(F)C(F)(F)C(F)(F)C(F)(F)F,-37.0,train
*C(=O)c1ccc2c(c1)C(=O)N(c1ccc(Oc3c(C)cc(Cc4cc(C)c(Oc5ccc(N6C(=O)c7ccc(*)cc7C6=O)cc5)c(C)c4)cc3C)cc1)C2=O,303.0,train
*c1ccc(-c2nnc(*)o2)c(OCCCCC)c1,205.0,train
*Oc1ccc(S(=O)(=O)c2ccc(Oc3c(C)cc(Cc4cc(C)c(*)c(C)c4)cc3C)cc2)cc1,232.0,train
*CC(*)c1ccc(Br)cc1,132.0,train
*O[Si](*)(C)CCCOc1ccc(C(=O)OC2CCC3(C)C(=CCC4C3CCC3(C)C(C(C)CCCC(C)C)CCC43)C2)cc1,61.1,train
*Nc1c(C)c(C)c(C(=O)c2ccc(NC(=O)c3ccc(C(*)=O)cc3)cc2)c(C)c1C,366.0,train
*OC(=O)OC1COC2C(*)COC12,140.0,train
*Oc1cccc(Oc2ccc(C(=O)c3ccc(*)cc3)cc2)c1,125.0,train
*CCCCCCCCCCCCN1C(=O)c2cccc3c(-c4ccc5c6c(cccc46)C(=O)N(CCCCCCCCCCCCn4c(=O)c6ccc7c8ccc9c(=O)n(*)c(=O)c%10ccc(c%11ccc(c4=O)c6c7%11)c8c9%10)C5=O)ccc(c23)C1=O,210.0,train
*Oc1c(Cl)cc(C(c2cc(Cl)c(OC(*)=O)c(Cl)c2)C(Cl)(Cl)Cl)cc1Cl,273.0,train
*CCCCNC(=O)c1cccc(C(=O)N*)c1,141.0,train
*c1ccc(N2C(=O)c3ccc(-c4ccc5c(c4)C(=O)N(c4ccc6[nH]c(*)nc6c4)C5=O)cc3C2=O)cc1,397.5,train
*/C=C/c1ccc(/C=C/c2ccc3c(c2)Sc2cc(*)ccc2N3c2ccc(OCCCCCCCCCCCC)cc2)s1,155.0,train
*OC(=O)C(Cc1ccccc1)NC(=O)CCCCCCCCCCC(=O)NC(Cc1ccccc1)C(=O)OC1COC2C(*)COC12,76.0,train
*N=P(*)(OCCCCCCCCCC)OCCCCCCCCCC,-44.0,train
*CC/C=C(/*)C,-65.0,train
*Oc1ccc(C2(c3ccc(OC(*)=O)cc3C)CC3CC2C2C4CCC(C4)C32)cc1C,232.0,train
*c1ccc(OCCCCCCOc2ccc(C3C4C(=O)N(c5ccc(N6C(=O)C7ON(C)C(*)C7C6=O)cc5)C(=O)C4ON3C)cc2)cc1,52.0,train
*c1ccc([Si](c2ccccc2)(c2ccccc2)c2ccc(-c3nnc(-c4ccc(-c5nnc(*)o5)nc4)o3)cc2)cc1,272.0,train
*OC(C)COC(=O)/C=C/C(*)=O,-14.0,train
*c1ccc(Oc2ccc(Sc3ccc(Oc4ccc(N5C(=O)c6ccc(Oc7ccc(Oc8ccc9c(c8)C(=O)N(*)C9=O)cc7)cc6C5=O)cc4)cc3)cc2)cc1,201.0,train
*C/C=C/COC(=O)C(Cc1ccccc1)NC(=O)CCCCCCCCC(=O)NC(Cc1ccccc1)C(=O)O*,46.0,train
*Nc1cc([N+](=O)[O-])c(NC(=O)CCCCCCC(*)=O)cc1/C=C/c1ccc(N(C)C)cc1,180.0,train
*CC(*)(C)C(=O)OC1CCCCC1C,85.0,train
*Oc1cc(Cl)c(C(C)(C)c2c(Cl)cc(OC(*)=O)cc2Cl)c(Cl)c1,240.0,train
*C(=O)c1cc2c(cc1Cl)C(=O)N(c1cc(C(=O)OC)cc(N3C(=O)c4cc(*)c(Cl)cc4C3=O)c1)C2=O,321.0,train
*c1ccc(Oc2ccc(-c3ccc(Oc4ccc(N5C(=O)c6cccc(Oc7c(Oc8cccc9c8C(=O)N(*)C9=O)cc(C(C)(C)C)cc7C(C)(C)C)c6C5=O)cc4)cc3)cc2)cc1,237.0,train
*OC(=O)C(CC(C)C)NC(=O)CCCCC(=O)NC(CC(C)C)C(=O)OC1COC2C(*)COC12,91.0,train
*Oc1ccc(-c2ccc(Oc3ccc(Oc4cc(Oc5ccc(*)cc5)ccc4CCCCCC)cc3)c3ccccc23)c2ccccc12,150.0,train
*/C=C/C1CC(*)C(C#N)C1,140.0,train
*c1cc(C(C(=O)OC)C(=O)OC)c(*)s1,-20.1,train
*c1c(C)cc(Cc2cc(C)c(N3C(=O)c4ccc(Oc5c(C)cc(-c6cc(C)c(Oc7ccc8c(c7)C(=O)N(*)C8=O)c(C)c6)cc5C)cc4C3=O)c(C)c2)cc1C,420.0,train
*c1ccc2c(c1)C(=O)N(c1ccc(Sc3ccc(Oc4ccc(Sc5ccc(N6C(=O)c7ccc(C(*)(C(F)(F)F)C(F)(F)F)cc7C6=O)cc5)cc4)cc3)cc1)C2=O,242.0,train
*CC#CC#CCOc1ccc(C(=O)OCCN(CCOC(=O)c2ccc(O*)cc2)c2ccc(/N=N/c3ccc(/N=N/c4cc(C)c([N+](=O)[O-])c(C)c4)cc3)cc2)cc1,115.0,train
*Oc1ccc(CC(NC(=O)CCc2ccc(OC(=O)CCCCC(*)=O)cc2)C(=O)OCCCCCCCC)cc1,28.0,train
*C(=O)Nc1cc(NC(=O)c2ccc3[nH]c(-c4cc(-c5nc6cc(*)ccc6[nH]5)cc(N5C(=O)c6ccccc6C5=O)c4)nc3c2)cc(-c2nc3ccccc3[nH]2)c1,334.0,train
*CCN(CCOC(=O)Nc1ccc(C)c(NC(=O)O*)c1)c1ccc(/N=N/c2ccc([N+](=O)[O-])cc2C)cc1,137.0,train
*OC(C)CC(*)=O,3.4,train
*CCN(CCOC(=O)c1cc(OCc2c(F)c(F)c(OC)c(F)c2F)cc(C(=O)O*)c1)c1ccc(/C=C/c2ccc(/C=C/C3=C(C#N)C(=C(C#N)C#N)OC3(c3ccccc3)C(F)(F)F)s2)cc1,140.0,train
*Nc1cccc2c(NC(=O)c3cccc(C(*)=O)c3)cccc12,325.0,train
*c1ccc(Oc2ccc(-c3ccc(-c4ccc(Oc5ccc(-c6c7c(c(*)c8ccccc68)C(=O)N(c6ccccc6)C7=O)cc5)c(C(F)(F)F)c4)s3)cc2C(F)(F)F)cc1,287.0,train
*c1ccc(N2C(=O)c3ccc(C(=O)c4ccc5c(c4)C(=O)N(c4ccc6[nH]c(*)nc6c4)C5=O)cc3C2=O)cc1,412.0,train
*N=P(*)(OCCOCCOCCOP1(OCCOCCOC)=NP(OCCOCCOC)(OCCOCCOC)=NP(OCCOCCOC)(OCCOCCOC)=N1)OCCOCCOCCOP1(OCCOCCOC)=NP(OCCOCCOC)(OCCOCCOC)=NP(OCCOCCOC)(OCCOCCOC)=N1,-38.0,train
*Oc1ccc(S(=O)(=O)c2ccc(-c3ccc(-c4ccc(S(=O)(=O)c5ccc(*)cc5)cc4)cc3)cc2)cc1,311.0,train
*CC(*)(CC(=O)O)C(=O)O,141.0,train
*CC(*)(CC(=O)OC1CCC1)C(=O)OC1CCC1,60.0,train
*c1ccc2c(c1)C(=O)N(c1ccc(Oc3ccc(C(=O)c4cccc(C(=O)c5ccc(Oc6ccc(N7C(=O)c8ccc(C(*)(C(F)(F)F)C(F)(F)F)cc8C7=O)cc6C(F)(F)F)cc5)n4)cc3)c(C(F)(F)F)c1)C2=O,206.4,train
*OC(F)(F)COC(=O)c1cc(OCCCCC)cc(C(=O)OCC(*)(F)F)c1,14.0,train
*CC/C=C(/*)C(C)(C)C,20.0,train
*CC(*)OCCCCCCCCCC,-62.0,train
*CCCC(C)(C)CCCn1c(=O)c2cc3c(=O)n(*)c(=O)c3cc2c1=O,135.0,train
*c1nc(C)nc(N(CCCCN(*)c2ccccc2)c2ccccc2)n1,85.0,train
*c1ccc(Oc2ccc(P(=O)(c3ccccc3)c3ccc(Oc4ccc(-c5nc(-c6ccccc6)[nH]c5*)cc4)cc3)cc2)cc1,318.0,train
*CCCOCCCCOCCCN1C(=O)c2ccc(C(=O)Oc3ccc(OC(=O)c4ccc5c(c4)C(=O)N(*)C5=O)c(-c4ccccc4)c3)cc2C1=O,71.0,train
*c1ccc(Oc2ccc(C(C)(C)c3ccc(Oc4ccc(S(*)(=O)=O)cc4)cc3)cc2)s1,161.85,train
*CCCCOc1ccc(C(=O)OCCOC(=O)c2ccc(O*)cc2)cc1,53.0,train
*c1ccc(-c2ccc(-c3ccc(-c4ccc(-c5ccc6c(c5)C(=O)N(c5ccc(Oc7ccc(C(C)(C)c8ccc(Oc9ccc(N%10C(=O)c%11ccc(*)cc%11C%10=O)cc9)cc8)cc7)cc5)C6=O)cc4)cc3)cc2)cc1,236.0,train
*C(=O)Nc1ccc(Oc2ccc(C3(c4ccc(Oc5ccc(NC(=O)c6ccc7c(c6)C(=O)N(c6ccc(Oc8ccc(S(=O)(=O)c9ccc(Oc%10ccc(N%11C(=O)c%12ccc(*)cc%12C%11=O)cc%10)cc9)cc8)cc6)C7=O)cc5)cc4)NC(=O)c4ccccc43)cc2)cc1,283.0,train
*c1ccc(-c2nc3cc4nc(*)c(-c5ccccc5)nc4cc3nc2-c2ccccc2)cc1,395.0,train
*CC(*)c1ccc(Cl)c(C)c1,114.0,train
*Nc1ccc(NC(=O)c2ccc(C(=O)c3ccc(C(*)=O)c(C(=O)O)c3)cc2C(=O)O)cc1,317.0,train
*C(=O)Nc1cccc(NC(=O)c2ccc3c(c2)C(=O)N(c2cccc(N4C(=O)c5ccc(*)cc5C4=O)c2)C3=O)n1,339.0,train
*c1ccc2c(c1)C(=O)N(c1ccc(OC(CCC)COc3ccc(N4C(=O)c5ccc(C(*)(C(F)(F)F)C(F)(F)F)cc5C4=O)cc3)cc1)C2=O,204.0,train
*Oc1ccc(S(=O)(=O)c2ccc(Oc3ccc(-c4ccc(-c5ccc(*)cc5)cc4)cc3)cc2)cc1,251.0,train
*Nc1cccc(NC(=O)CCCCCCCCC(*)=O)c1,110.0,train
*C(=O)Oc1ccc(C23CC4CC(CC(C4)C2)C3)c(OC(=O)c2ccc3c(c2)C(=O)N(c2ccc(-c4ccc(N5C(=O)c6ccc(*)cc6C5=O)cc4C)c(C)c2)C3=O)c1,225.0,train
*OC(C)C(=O)NC(C)C(*)=O,57.65,train
*CCCOC(=O)c1cc(/N=N/c2ccc(OCC)cc2)ccc1-c1ccc(/N=N/c2ccc(OCC)cc2)cc1C(=O)O*,101.0,train
*CC(=O)NCCCCCCNC(=O)CC1COC(*)CO1,73.0,train
*CCCCCCOC(=O)OCCCCCCOC(=O)OCCCCCCN1C(=O)c2ccc(C(=O)c3ccc4c(c3)C(=O)N(*)C4=O)cc2C1=O,40.0,train
*C(C)C(*)C(=O)OCCC,116.0,train
*Oc1c(C)cc(-c2cc(C)c(Oc3ccc(C(=O)c4ccc(*)cc4)cc3)c(C)c2)cc1C,246.635,train
*CC1CCC(COC(=O)O*)CC1,38.7,train
*Nc1cccc(CCc2ccc(NC(=O)c3cccc(C(*)=O)c3)cc2)c1,203.0,train
*Oc1ccc(S(=O)(=O)c2ccc3cc(S(=O)(=O)c4ccc(Oc5c(C)cc(-c6cc(C)c(*)c(C)c6)cc5C)cc4)ccc3c2)cc1,280.0,train
*c1ccc(Oc2ccc(-c3ccc(Oc4ccc(N5C(=O)c6ccc(Oc7ccc(C8(c9ccc(Oc%10ccc%11c(c%10)C(=O)N(*)C%11=O)cc9)CCC(c9ccccc9)CC8)cc7)cc6C5=O)cc4)cc3C)c(C)c2)cc1,226.0,train
*c1ccc2c(c1)C(=O)N(c1c(C(C)C)cc(Cc3cc(C(C)C)c(N4C(=O)c5ccc(C(*)(C(F)(F)F)C(F)(F)F)cc5C4=O)c(C(C)C)c3)cc1C(C)C)C2=O,278.5,train
*CCN(CCOC(=O)Nc1ccc(-c2ccc(NC(=O)O*)c(C)c2)cc1C)c1ccc(/N=N/c2ccc([N+](=O)[O-])cc2)cc1,119.5,train
*N=P(*)(OCCCc1ccccc1)OCCCc1ccccc1,-47.0,train
*c1ccc2cc(-c3nc4ccc(-c5ccc6nc(*)[nH]c6c5)cc4[nH]3)ccc2c1,403.0,train
*C(*)F,102.0,train
*c1ccc(NC(=O)CCCCC(=O)Nc2ccc(S(*)(=O)=O)cc2)cc1,194.0,train
*NNC(=O)c1ccccc1C(=O)NCCCCCCNC(=O)c1ccccc1C(*)=O,224.5,train
*CC(*)(C)C(=O)OCc1c(F)cccc1F,82.0,train
*Oc1c(Cl)cc(C(C)(C)c2cc(Cl)c(OC(*)=O)c(Cl)c2)cc1Cl,227.0,train
*C(=O)c1cc(C(=O)c2ccc3c(c2)C(=O)N(c2ccc(C(c4ccc(N5C(=O)c6ccc(*)cc6C5=O)cc4)(C(F)(F)F)C(F)(F)F)cc2)C3=O)cc(C(C)(C)C)c1,267.5,train
*C1C2CC(C(=O)OCCc3ccc(N(c4ccccc4)c4cccc(C)c4)cc3)C(C2)C1*,305.0,train
*CCCCCCOC(=O)O*,-42.0,train
*O[Si](C)(C=C)O[Si](C)(C=C)O[Si](C)(C)c1ccc([Si](*)(C)C)cc1,-86.0,train
*N=P(*)(OCC(F)(F)F)OCC(F)(F)F,-66.0,train
*CCCCCCN1C(=O)C(C)C(SCCOCCSC2C(=O)N(CCCCCCN3C(=O)CC(C)(SCCOCCSC4(C)CC(=O)N(*)C4=O)C3=O)C(=O)C2C)C1=O,78.0,train
*C(=O)Nc1cc(NC(=O)c2ccc3c(c2)C(=O)N(c2cc(-c4nc5ccccc5s4)cc(N4C(=O)c5ccc(*)cc5C4=O)c2)C3=O)cc(-c2nc3ccccc3[nH]2)c1,368.0,train
*c1ccc(Oc2ccc(-c3cc(-c4ccccc4)c4cc(Oc5ccc6nc(*)cc(-c7ccccc7)c6c5)ccc4n3)cc2)cc1,266.0,train
*Oc1ccc(NC(=O)c2ccc(-c3ccc(C(=O)Nc4ccc(Oc5ccc(C(C)(C)c6ccc(*)cc6)cc5)cc4)c(C)c3)cc2C)cc1,230.0,train
*/C=C/c1cccc(/C=C/[Si](C)(CCC(F)(F)F)c2ccc([Si](*)(C)CCC(F)(F)F)cc2)c1,34.5,train
*CCCCCC(*)CCCCCCCC,-72.0,train
*c1c(C)cc(C)c(N2C(=O)c3cccc(Oc4c(C)cc(-c5cc(C)c(Oc6cccc7c6C(=O)N(*)C7=O)c(C)c5)cc4C)c3C2=O)c1C,325.0,train
*C(=O)Nc1ccc(C(=O)c2ccc(NC(=O)c3ccc4c(c3)C(=O)N(c3ccc(NC(=O)Nc5ccc(N6C(=O)c7ccc(*)cc7C6=O)cc5)cc3)C4=O)cc2)cc1,212.0,train
*CC(*)C(=O)OCCCCCCCCC,-89.0,train
*c1cccc(-c2nc3cc(-c4ccc5nc(*)c(-c6ccc7ccccc7c6)nc5c4)ccc3nc2-c2ccc3ccccc3c2)c1,317.0,train
*O[Si](C)(C)c1ccc([Si](C)(C)O[SiH](*)C)cc1,-65.0,train
*OC(C)COC(=O)c1ccc(C(*)=O)cc1,98.0,train
*C(=O)Nc1ccc(S(=O)(=O)c2ccc(NC(=O)c3ccc4c(c3)C(=O)N(c3ccc(Oc5ccc(N6C(=O)c7ccc(*)cc7C6=O)cc5)cc3)C4=O)cc2)cc1,275.0,train
*c1ccc(Oc2ccc(-c3ccc(Oc4ccc(N5C(=O)c6ccc(Oc7ccc(Oc8ccc9c(c8)C(=O)N(*)C9=O)cc7)cc6C5=O)cc4)cc3)cc2)cc1,230.0,train
*c1ccc2c3ccc(-c4ccc(-c5ccc(-c6ccc(*)s6)c6nsnc56)s4)cc3n(C(CCCCCCCC)CCCCCCCC)c2c1,126.0,train
*C(=O)Nc1ccc(-c2sc(-c3ccc(NC(=O)c4ccc5c(c4)C(=O)N(c4ccc(Oc6cccc7c(Oc8ccc(N9C(=O)c%10ccc(*)cc%10C9=O)cc8)cccc67)cc4)C5=O)cc3)c(-c3ccccc3)c2-c2ccccc2)cc1,340.0,train
*Oc1cccc(NC(=O)c2ccc(Oc3ccc(C(C)(C)c4cccc(C(C)(C)c5ccc(Oc6ccc(C(=O)Nc7ccc(*)cc7)cc6)cc5)c4)cc3)cc2)c1,147.0,train
*CCCCCCNC(=O)CCCCC(=O)N*,58.2,train
*OC(COC(*)=O)COC(C)(C)C,18.0,train
*CC(*)(CC(=O)OCC)C(=O)OCC,65.5,train
*/C=C/C(*)(C)C,-9.0,train
*c1ccc2c(c1)C(=O)N(c1ccc(C(c3ccccc3)(c3ccc(N4C(=O)c5ccc(C(*)(C(F)(F)F)C(F)(F)F)cc5C4=O)cc3)C(F)(F)F)cc1)C2=O,305.0,train
*c1ccc(Oc2ccc(N3C(=O)c4ccc(Oc5ccc6c(c5)C(=O)N(*)C6=O)cc4C3=O)cc2)cc1,265.0,train
*CCN(*)C(=O)C12CC3CC(CC(C3)C1)C2,123.0,train
*c1ccc(Oc2c(C)cc(-c3cc(C)c(Oc4ccc(N5C(=O)c6ccc(Oc7ccccc7Oc7ccc8c(c7)C(=O)N(*)C8=O)cc6C5=O)cc4C(F)(F)F)c(C)c3)cc2C)c(C(F)(F)F)c1,270.0,train
*CC(*)(C)C(=O)OCCCCCOc1ccc(OC(=O)c2ccc(OC)cc2)cc1,38.0,train
*CCCCOC(=O)CCCCCCCC(=O)O*,-62.5,train
*Oc1ccccc1C(=O)OC(=O)c1ccccc1OC(=O)c1cccc(C(*)=O)c1,105.0,train
*CCCCOC(=O)OCCCCCCOC(=O)OCCCCn1c(=O)c2cc3c(=O)n(*)c(=O)c3cc2c1=O,37.0,train
*CC(=O)NCC(=O)O*,67.0,train
*Oc1ccc(Oc2ccc(C(=O)c3cccc(C(=O)c4ccc(*)cc4)c3)cc2)cc1,148.0,train
*c1ccc(Oc2cccc(NC(=O)c3cc(C(=O)Nc4cccc(Oc5ccc(-c6nnc(*)o6)cc5)c4)cc(N4C(=O)c5c(Cl)c(Cl)c(Cl)c(Cl)c5C4=O)c3)c2)cc1,275.0,train
*CC(*)(Cl)Cl,-16.5,train
*Oc1ccc(C(C)(C)c2ccc(OC(=O)c3ccc(C(*)=O)cc3)c(C)c2)cc1C,178.5,train
*CC(C[Si](*)(C)C)c1ccccc1,-5.0,train
*OP(=O)(Oc1ccc(OC)cc1)Oc1c(C)cc(S(=O)(=O)c2cc(C)c(*)c(C)c2)cc1C,147.0,train
*C(=O)Nc1ccc(Oc2cccc(Oc3ccc(NC(=O)c4ccc5c(c4)C(=O)N(c4ccc(Oc6ccc(C7(c8ccc(Oc9ccc(N%10C(=O)c%11ccc(*)cc%11C%10=O)cc9)cc8)NC(=O)c8ccccc87)cc6)cc4)C5=O)cc3)c2)cc1,288.0,train
*c1ccc(Oc2ccc(C(=O)c3cccc(C(=O)c4ccc(Oc5ccc(-c6cc(*)[nH]n6)cc5)cc4)c3)cc2)cc1,205.0,train
*c1ccc(-c2ccc(-c3ccc([Si](C)(C)[Si](*)(C)C)s3)s2)s1,45.0,train
*c1ccc(Oc2ccc(C(=O)c3ccc(C(=O)c4ccc(C(=O)c5ccc(Oc6ccc(-c7nc(-c8ccccc8)[nH]c7*)cc6)cc5)cc4)cc3)cc2)cc1,239.0,train
*Oc1ccccc1C(=O)OC(=O)c1ccccc1OC(=O)CCCCCCC(*)=O,28.0,train
*c1ccc(C(C#N)(C(=O)O)C(*)(C#N)C(=O)O)cc1,108.0,train
*CC(*)(C)C(=O)OCc1ccc2c(c1)c1ccccc1n2CCCCCCCC,45.0,train
*c1ccc(Oc2ccc(-c3nc(-c4cccc(-c5nnc(-c6ccccc6)c(*)n5)n4)nnc3-c3ccccc3)cc2)cc1,219.0,train
*C(=O)NCCN(CCNC(=O)c1ccc2c(c1)C(=O)N(c1ccc(Oc3ccc(N4C(=O)c5ccc(*)cc5C4=O)cc3)cc1)C2=O)c1ccc(/C=C/c2ccc([N+](=O)[O-])cc2)cc1,224.0,train
*Cc1ccc(C[n+]2ccc(-c3cc[n+](*)cc3)cc2)cc1,95.0,train
*Nc1cccc(NC(=O)c2cc(NC(=O)C(CCSC)N3C(=O)c4ccccc4C3=O)cc(C(*)=O)c2)c1,196.0,train
*Oc1ccc(S(=O)(=O)c2ccc(Oc3ccc(C4(c5ccc(Oc6ccc(S(=O)(=O)c7ccc(Oc8ccc(/C=C9\CCCC/C(=C\c%10ccc(*)cc%10)C9=O)cc8)cc7)cc6)cc5)CCCCCC4)cc3)cc2)cc1,196.0,train
*c1ccc(OC(=O)c2cccc(C(=O)Oc3ccc(-c4nc5ccccc5nc4*)cc3)c2)cc1,245.0,train
*C(=O)Nc1ccc(-c2cc(-c3ccccc3)cc(-c3ccc(NC(=O)c4ccc5c(c4)C(=O)N(c4ccc(NC(=O)Nc6ccc(N7C(=O)c8ccc(*)cc8C7=O)cc6)cc4)C5=O)cc3)n2)cc1,215.0,train
*CC(*)(C)C(=O)OCSC,60.0,train
*c1ccc2c(c1)C(=O)N(c1ccc(Oc3c(C)cc(C(c4cc(C)c(Oc5ccc(N6C(=O)c7ccc(C(*)(C(F)(F)F)C(F)(F)F)cc7C6=O)cc5)c(C)c4)c4cccc5ccccc45)cc3C)cc1)C2=O,308.0,train
*C(=O)Nc1ccc(Oc2ccc(N3C(=O)CC(N4C(=O)c5ccc(*)cc5C4=O)C3=O)cc2)cc1,223.0,train
*CCCCCCCCc1nc2ccc(-c3ccc4nc(*)sc4c3)cc2s1,238.0,train
*Oc1ccc(C(CC)(c2ccccc2)c2ccc(OC(=O)CCCCCCCCC(*)=O)cc2)cc1,88.0,train
*N=P(*)(OCCCCC)OCCCCC,-104.0,train
*CC(*)(CC(=O)OCCOCCOCCOC)C(=O)OCCOCCOCCOC,-19.0,train
*CCC[Si](*)(c1ccccc1)c1ccc(N(C)C)cc1,52.0,train
*c1ccc2c(c1)C(=O)N(c1ccc(Oc3ccc(N4C(=O)c5ccc(C(*)O[Si](C)(C)C)cc5C4=O)cc3)cc1)C2=O,210.0,train
*CC(*)OCC(CC)CCCC,-66.0,train
*Oc1ccc(NC(=O)c2ccc(Oc3ccc(C(C)(C)c4ccc(C(C)(C)c5ccc(Oc6ccc(C(=O)Nc7ccc(Oc8ccc(-c9ccc(*)cc9)cc8)cc7)cc6)cc5)cc4)cc3)cc2)cc1,177.0,train
*Oc1ccc(C(C)(CC)c2ccc(OC(*)=S)cc2)cc1,102.0,train
*c1ccc2c(c1)C(=O)N(c1cc(C)c(-c3c(C)cc(N4C(=O)c5ccc(C(*)(C(F)(F)F)C(F)(F)F)cc5C4=O)cc3C)c(C)c1)C2=O,346.0,train
*CCCCCCNC(=O)CCP(=O)(CCC(=O)N*)c1ccccc1,29.0,train
*C1CC2CC1C(*)C2CCCCCC,252.0,train
*c1ccc(Oc2ccc(-c3nc4cc(S(=O)(=O)c5ccc6nc(-c7ccccc7)c(*)nc6c5)ccc4nc3-c3ccccc3)cc2)cc1,290.0,train
*CCCCCC(=O)S*,19.0,train
*Oc1ccc(Oc2ccc(C(=O)c3cccc(C(=O)c4ccc(*)cc4)c3)cc2)cc1S(=O)(=O)O,195.0,train
*c1cccc(N2C(=O)c3ccc(Oc4ccc(Sc5ccc(Oc6ccc7c(c6)C(=O)N(*)C7=O)cc5)cc4)cc3C2=O)c1,209.0,train
*C(=O)NNC(=O)c1ccc([Si](c2ccccc2)(c2ccccc2)c2ccc(C(=O)NNC(=O)c3cncc(*)c3)cc2)cc1,234.0,train
*CC(*)(C)C(=O)OCCN(C)c1ccc(/N=N/c2ccc(S(=O)(=O)Nc3cc(C)on3)cc2)cc1,123.0,train
*CCCCCCCCOC(=O)Nc1ccc(NC(=O)OCCCCCCCCOc2ccc(-c3ccc(O*)cc3)cc2)c(C)c1,81.0,train
*c1ccc2c(c1)C(=O)N(c1ccc(Oc3ccc(N4C(=O)c5ccc(-c6c(-c7ccccc7)c(-c7ccccc7)c(-c7ccc(Sc8ccc(-c9c(-c%10ccccc%10)c(-c%10ccccc%10)c(*)c(-c%10ccccc%10)c9-c9ccccc9)cc8)cc7)c(-c7ccccc7)c6-c6ccccc6)cc5C4=O)cc3)cc1)C2=O,322.0,train
*CC(*)c1ccc(COCC(F)(F)C(F)(F)C(F)(F)C(F)(F)F)cc1,23.0,train
*NC(CCC(=O)OCc1ccc(F)cc1)C(*)=O,46.9,train
*c1ccc(*)c(C(=O)c2ccc(C)cc2)c1,202.0,train
*CC1CC(*)C(OC(=O)CCCCCCCCCCOc2ccc(-c3ccc(C#N)cc3)cc2)C1OC(=O)CCCCCCCCCCOc1ccc(-c2ccc(C#N)cc2)cc1,14.5,train
*CC(*)C(=O)Nc1ccccc1Cl,63.0,train
*CC(*)OC(=O)OCC(Cl)(Cl)Cl,74.0,train
*c1ccc(C(c2ccccc2)c2ccc(N3C(=O)c4ccc(S(=O)(=O)c5ccc6c(c5)C(=O)N(*)C6=O)cc4C3=O)cc2)cc1,305.0,train
*CC(*)(C)C(=O)Oc1ccc(/N=N/c2ccc(C#N)cc2)cc1,185.0,train
*C1c2cccc3cccc(c23)C1*,250.0,train
*CC(CO*)(CSCCCCC)CSCCCCC,-33.0,train
*c1c(C)cc(Cc2cc(C)c(N3C(=O)c4cccc(Oc5ccc(C(C)(C)c6ccc(Oc7cccc8c7C(=O)N(*)C8=O)cc6)cc5)c4C3=O)c(C)c2)cc1C,223.0,train
*Oc1ccc(NC(=O)CCCCC(=O)Nc2ccc(OC3COC4C(*)COC34)cc2)cc1,150.0,train
*CCCCCCCCCCCCCCCCCCNC(=O)CCc1ccc(CCC(=O)N*)cc1,65.0,train
*c1ccc2c(c1)C(=O)N(c1cc(N3C(=O)c4ccc(C(*)(C(F)(F)F)C(F)(F)F)cc4C3=O)c(O)cc1O)C2=O,324.0,train
*CC(*)(C)C(=O)Oc1ccc(C(=O)Oc2ccc(-c3ccccc3)cc2)cc1,100.0,train
*Oc1ccc(OC(=O)c2cc(OCCCCCCCCCCC(F)(F)C(F)(F)C(F)(F)C(F)(F)C(F)(F)C(F)(F)C(F)(F)C(F)(F)C(F)(F)C(F)(F)F)cc(C(*)=O)c2)cc1,137.0,train
*C(=O)c1cc2c(cc1Cl)C(=O)N(c1cc(N3C(=O)c4cc(*)c(Cl)cc4C3=O)cc(C(C)(C)C)c1)C2=O,290.0,train
*CC(*)C(=O)N(C)C,114.0,train
*Oc1ccc(CC(NC(=O)Cc2ccc(OC(=O)CCCCCCCCC(*)=O)cc2)C(=O)OCC)cc1,43.0,train
*Oc1ccc(C2(c3ccc(OC(=O)c4ccc(C(*)=O)cc4)cc3)CCc3ccccc32)cc1,312.0,train
*O[Si](C)(C)O[Si](C)(C)O[Si](C)(C)O[Si](C)(C)O[Si](C)(C)OC(C)CCC(*)C,-106.0,train
*CC(*)(C)C(=O)OCCCC,25.0,train
*C1C(=O)N(CCCOc2ccc(-c3ccc(C#N)cc3)cc2)C(=O)C1*,130.0,train
*C(=O)c1ccc2c(c1)C(=O)N(c1cccc(C(c3cccc(N4C(=O)c5ccc(*)cc5C4=O)c3)(C(F)(F)F)C(F)(F)F)c1)C2=O,239.0,train
*CC(*)(C)C(=O)OCCN(CC)c1ccc(/N=N/c2ccc([N+](=O)[O-])c3ccccc23)cc1,116.0,train
*CC(*)CCc1ccccc1,10.0,train
*C/C=C/C[Si](*)(C)CCCOc1ccccc1,-30.0,train
*C(=O)Nc1ccc(NC(=O)c2ccc3c(c2)C(=O)N(c2ccc(S(=O)(=O)c4ccc(N5C(=O)c6ccc(*)cc6C5=O)cc4)cc2)C3=O)cc1,368.0,train
*c1ccc(Oc2ccc(-c3cnc4cc5nc(*)cnc5cc4n3)cc2)cc1,353.0,train
*C(=O)c1ccc2c(c1)C(=O)N(c1ccc(C(=O)c3cccc(N4C(=O)c5ccc(*)cc5C4=O)c3)cc1)C2=O,282.5,train
*CC(*)(C)C(=O)OCCCCC(F)(F)C(F)(F)C(F)(F)C(F)(F)C(F)(F)C(F)(F)F,23.0,train
*Nc1ccc(-c2ccc(NC(=O)c3cccc(C(*)=O)c3)cc2)cc1,294.0,train
*CC(c1ccccc1)C1C(=O)N(C)C(=O)C1*,205.0,train
*CC(*)(C)C(=O)OC1CC2CC1C1C3CCC(C3)C21,199.0,train
*CC(OO*)c1ccc(C)cc1,4.6,train
*/C(=C(/*)c1ccc(C(C)(C)C)cc1)c1ccccc1,200.0,train
*CC(*)(C)C(=O)OCCC#N,91.0,train
*CCSCc1ccc(Cc2ccc(CSCCOC(=O)CSCc3ccc(Cc4ccc(CSCC(=O)O*)cc4)cc3)cc2)cc1,14.0,train
*Cc1ccc2oc(=O)c(C(=O)Nc3ccc(Oc4ccc(NC(=O)c5cc6cc(*)ccc6oc5=O)cc4)cc3)cc2c1,312.0,train
*Nc1ccc(Cc2ccc(NC(=O)CCCCCCCCC(*)=O)cc2)cc1,160.0,train
*Oc1ccc(NC(=C(C#N)C#N)c2ccc(C(Nc3ccc(*)cc3)=C(C#N)C#N)cc2)cc1,274.0,train
*CC(*)OC(=O)c1cccc([Si](C)(C)C)c1,80.0,train
*CC1CCCC(COC(=O)c2ccc(C(=O)O*)cc2)C1,75.0,train
*Oc1ccc(CC(NC(=O)CCc2ccc(OC(=O)COCC(*)=O)cc2)C(=O)OCCCCCC)cc1,45.0,train
*NC(=O)NCCCCCCNC(=O)Nc1cccc(*)n1,170.0,train
*CC(*)(C)C(=O)OCc1ccc2c(c1)c1ccccc1n2CCCC,87.0,train
*CCCCCCNC(=O)Cc1ccc(C(=O)N*)cc1,104.0,train
*C(=O)Nc1cccc(Oc2cccc(Oc3cccc(Oc4cccc(Oc5cccc(NC(=O)c6ccc7c(c6)C(=O)N(c6cccc(Oc8cccc(Oc9cccc(N%10C(=O)c%11ccc(*)cc%11C%10=O)c9)c8C#N)c6)C7=O)c5)c4C#N)c3)c2C#N)c1,193.0,train
*c1ccc(Oc2ccc(N3C(=O)c4cccc(Oc5c(C)cc(Cc6cc(C)c(Oc7cccc8c7C(=O)N(*)C8=O)c(C)c6)cc5C)c4C3=O)cc2)cc1,270.0,train
*CC(COCCCC)O*,-79.0,train
*CCCCCCCCCCn1c2ccccc2c2cc(/C=C(\C#N)C(=O)OCCCCCCOC(=O)/C(C#N)=C/c3ccc4c(c3)c3ccccc3n4*)ccc21,94.5,train
*c1ccc(Oc2ccc(Oc3ccc(N4C(=O)c5ccc(Oc6ccc(C7(c8ccc(Oc9ccc%10c(c9)C(=O)N(*)C%10=O)cc8)CCC(C(C)(C)C)CC7)cc6)cc5C4=O)cc3)c(C(C)(C)C)c2)cc1,233.0,train
*c1cc(/N=N/c2ccc(OC)cc2)cc(*)c1O,134.0,train
*c1ccc(/C=C(\C#N)c2cc(OCCCCCCCC)c(/C(C#N)=C/c3ccc(N(*)c4ccccc4)cc3)cc2OCCCCCCCC)cc1,78.0,train
*Oc1ccc(OC(=O)c2ccc(C(*)=O)cc2)cc1C(F)(F)F,159.3,train
*Oc1ccc(Oc2ccc(Oc3ccc(NC(=O)c4ccc(-c5ccc(C(=O)Nc6ccc(*)cc6)c(C)c5)cc4C)cc3)cc2)cc1,200.0,train
*c1ccc2c(c1)C(=O)N(c1ccc(OCCCCCCOc3ccc(N4C(=O)c5ccc(C(*)(C(F)(F)F)C(F)(F)F)cc5C4=O)cc3)cc1)C2=O,167.0,train
*Oc1ccc(Sc2ccc(Sc3ccc(Sc4ccc(*)cc4)cc3)cc2)cc1,84.0,train
*C(CC(C)C)C(=O)Nc1ccc(Oc2ccc(NC(=O)Nc3ccc(Cc4ccc(NC(=O)Nc5ccc(Oc6ccc(NC(=O)C(CC(C)C)n7c(=O)c8cc9c(=O)n(*)c(=O)c9cc8c7=O)cc6)cc5)cc4)cc3)cc2)cc1,181.4,train
*CC(*)(C)C(=O)OCCCCCCCCCCOc1ccc(OC(=O)c2ccc(-c3ccc(OC)cc3)cc2)cc1,57.0,train
*c1ccc2c(c1)C(=O)N(c1ccc(C3(c4ccc(N5C(=O)c6ccc(C(*)(C(F)(F)F)C(F)(F)F)cc6C5=O)cc4)c4ccccc4-c4ccccc43)cc1)C2=O,370.0,train
*c1ccc(Oc2ccc(Oc3ccc(N4C(=O)c5ccc(Oc6ccc(Sc7ccc(Oc8ccc9c(c8)C(=O)N(*)C9=O)cc7)cc6)cc5C4=O)cc3)cc2)cc1,201.0,train
*Oc1ccc(-c2ccc(NC(=O)c3cc(C(=O)Nc4ccc(-c5ccc(Oc6ccc(C(c7ccc(*)cc7)(C(F)(F)F)C(F)(F)F)cc6)c(C(F)(F)F)c5)cc4)cc(C(C)(C)C)c3)cc2)cc1C(F)(F)F,251.5,train
*CCCCCCCCCCOc1ccc(/C=C2\CC/C(=C\c3ccc(OCCCCCCCCCCOP(=O)(O*)OC)c(OC)c3)C2=O)cc1OC,48.0,train
*O[Si](*)(C)CCCOc1ccc(C(=O)Oc2ccc(-c3ccc(OC(=O)c4cc(OCC(C)CC)c(OCC(C)CC)c(OCC(C)CC)c4)cc3)cc2)cc1,60.0,train
*CCOCCOC(=O)CCCCCCCCCCCCCCCCC(=O)O*,-68.0,train
*C(=O)Nc1ccc(C2(c3ccc(NC(=O)c4ccc5c(c4)C(=O)N(c4cccc(N6C(=O)c7ccc(*)cc7C6=O)c4)C5=O)cc3)c3ccccc3-c3ccccc32)cc1,209.0,train
*Oc1ccc(Oc2cccc(*)n2)c(-c2ccccc2)c1,115.0,train
*c1ccc(Cc2ccc(NC(=O)c3cccc(Oc4ccc5c(c4)C(=O)N(*)C5=O)c3)cc2)cc1,243.0,train
*Cc1ccc2oc(=O)c(C(=O)Nc3ccc(Oc4ccc(Oc5ccc(NC(=O)c6cc7cc(*)ccc7oc6=O)cc5)cc4)cc3)cc2c1,290.0,train
*CC(O)COc1ccc(C(C)(C)c2ccc(OCC(O)COc3ccc(Oc4ccc(O*)cc4)cc3)cc2)cc1,85.0,train
*CCCCCCOc1ccc(/C=C/c2ccc(O*)c3ccccc23)cc1,78.0,train
*/C=C/c1sc(-c2ccc(-c3ccc(-c4sc(/C=C/C5=CC(=C(C#N)C#N)C=C(*)O5)c(CCCCCC)c4CCCCCC)s3)s2)c(CCCCCC)c1CCCCCC,112.0,train
*CC(*)c1ccccc1OC(C)=O,118.0,train
*C(=O)c1ccc(C(=O)c2ccc3c(c2)C(=O)N(c2ccc(C(=O)c4ccc(C(=O)c5ccc(N6C(=O)c7ccc(*)cc7C6=O)cc5)cc4)cc2)C3=O)cc1,260.0,train
*/C=C(/*)c1c(C)cc(C(C)(C)C)cc1C,200.0,train
*CC(*)(C)C(=O)NC(=O)OC(C)COc1c(Br)cc(S(=O)(=O)c2cc(Br)c(OCC(C)O)c(Br)c2)cc1Br,45.0,train
*CC(*)(C)C(=O)OCCOC(=O)c1cc([N+](=O)[O-])cc([N+](=O)[O-])c1,92.0,train
*=NP(=NP(=NC(=*)Oc1ccc(Br)cc1)(Oc1ccc(Br)cc1)Oc1ccc(Br)cc1)(Oc1ccc(Br)cc1)Oc1ccc(Br)cc1,45.0,train
*CCN(*)C(=O)c1c(F)cc(F)cc1F,135.0,train
*/C=C/C1CC(*)C2C(=O)N(CCCCCC)C(=O)C12,87.0,train
*c1ccc(Oc2ccc(S(=O)(=O)c3ccc(Oc4ccc(-c5c6c(c(*)c7ccccc57)C(=O)N(C)C6=O)cc4)cc3)cc2)cc1,314.0,train
*Oc1ccc(S(=O)(=O)c2ccc(-c3ccc(S(=O)(=O)c4ccc(*)cc4)cc3)cc2)cc1,282.0,train
*c1ccc(-c2nc3cc(Oc4ccc(NC(=O)c5cc(C(=O)Nc6ccc(Oc7ccc8nc(-c9ccccc9)c(-c9ccc(-n%10c(=O)c%11ccc%12c(=O)n(*)c(=O)c%13ccc(c%10=O)c%11c%12%13)cc9)nc8c7)cc6)cc(N6C(=O)c7c(Cl)c(Cl)c(Cl)c(Cl)c7C6=O)c5)cc4)ccc3nc2-c2ccccc2)cc1,345.0,train
*CCNC(=O)c1ccc([Si](CCCC)(CCCC)c2ccc(C(=O)NCCN(*)c3ccc(/C=C/c4ccc([N+](=O)[O-])cc4)cc3)cc2)cc1,115.0,train
*CCCOc1ccc(C(=O)OC(=O)c2ccc(O*)cc2)cc1,95.0,train
*C(=O)Nc1ccc(Sc2ccc(NC(=O)c3ccc4c(c3)C(=O)N(c3ccc(Oc5ccc(N6C(=O)c7ccc(*)cc7C6=O)cc5)cc3)C4=O)cc2)cc1,284.0,train
*CC(CC(*)(C#N)C#N)c1ccc(F)cc1,180.0,train
*CC(*)(C)C(=O)OC1CCCCC1,88.0,train
*Cc1ccc2oc(=O)c(C(=O)Nc3ccc(C(c4ccc(NC(=O)c5cc6cc(*)ccc6oc5=O)cc4)(C(F)(F)F)C(F)(F)F)cc3)cc2c1,329.0,train
*c1ccc2c(c1)C(CCCCCCCC)(CCCCCCCC)c1cc(-c3ccc(*)c4nsnc34)ccc1-2,114.5,train
*CC(*)(C)C(=O)OCCF,90.0,train
*/C=C/c1cc(OCC(CC)CCCC)c(*)cc1-c1ccc(F)c(C(F)(F)F)c1,122.0,train
*CCCCCCCCCCC(c1ccc(O)cc1)C(*)c1ccc(O)cc1C,-4.0,train
*c1ccc(C2(c3ccc(N4C(=O)c5ccc(S(=O)(=O)c6ccc7c(c6)C(=O)N(*)C7=O)cc5C4=O)cc3)c3ccccc3-c3ccccc32)cc1,392.0,train
*OC(COC(=O)Nc1ccc(Cc2ccc(NC(*)=O)cc2)cc1)c1ccco1,40.0,train
*C(=O)Nc1cccc(NC(=O)c2ccc3c(c2)C(=O)N(c2cc(-c4nc5ccccc5o4)cc(N4C(=O)c5ccc(*)cc5C4=O)c2)C3=O)n1,365.0,train
*CC(COc1ccc(C(C)(C)c2ccc(O*)cc2)cc1)OC(=O)/C=C/c1ccccc1,100.6,train
*c1ccc(C(c2ccc(N3C(=O)c4ccc(Oc5ccc6cc(Oc7ccc8c(c7)C(=O)N(*)C8=O)ccc6c5)cc4C3=O)cc2)(C(F)(F)F)C(F)(F)F)cc1,218.0,train
*c1ccc(-c2nc(-c3cccc(-c4nnc(-c5ccccc5)c(*)n4)n3)nnc2-c2ccccc2)cc1,260.0,train
*CC(O)C(O)CN(*)c1ccc(N(C)C)cc1,72.0,train
*CC(OCC)C1C(=O)OC(=O)C1*,146.0,train
*CC(*)(C)C(=O)OCCC,43.0,train
*Oc1ccc(Oc2ccc(/C=N/CC/N=C/c3ccc(*)cc3)cc2)cc1,101.0,train
*c1ccc(C(=O)Oc2c(C)cc(C(c3cccnc3)c3cc(C)c(OC(=O)c4ccc(N5C(=O)CC(Nc6cccc(NC7CC(=O)N(*)C7=O)c6)C5=O)cc4)c(C)c3)cc2C)cc1,194.0,train
*Oc1c(C)cc(C(C)(C)c2cc(C)c(OC(=O)CCCCCCCCC(*)=O)c(C)c2)cc1C,45.0,train
*CCN(CCOC(=O)Nc1ccc(C)c(NC(=O)O*)c1)c1ccc(/C=C/c2cc[n+](CCCC)cc2)cc1,121.0,train
*c1nnc(-c2ccc(Oc3ccc(/C=C/c4ccc(Oc5ccc(*)c6ccccc56)cc4)cc3)c3ccccc23)o1,238.0,train
*C(=O)c1ccc2c(c1)C(=O)N(c1ccc(C(C)(C)c3ccc(C(C)(C)c4ccc(N5C(=O)c6ccc(*)cc6C5=O)cc4)cc3)cc1)C2=O,322.0,train
*CC(*)C(=O)OCC1(CC)COC(c2ccccc2)OC1,50.0,train
*Oc1ccc(C(c2ccc(OC(=O)c3ccc(Oc4ccc(C(*)=O)cc4)cc3)cc2)(C(F)(F)F)C(F)(F)F)cc1,181.0,train
*O[Si](C)(CCC(F)(F)F)CCC(F)(F)CC[Si](*)(C)CCC(F)(F)F,-38.0,train
*Oc1ccc(C2(C)CCC(C(C)(C)c3ccc(Oc4ccc(C(=O)c5ccc(*)cc5)cc4)cc3)CC2)cc1,200.0,train
*Oc1cccc(OC(=O)Oc2ccc(C(C)(C)c3ccc(OC(*)=O)cc3)cc2)c1,83.1,train
*Oc1ccc(C2(c3ccc(Oc4ccc(-c5ccc(-c6ccc(*)c(C(F)(F)F)c6)cc5)cc4C(F)(F)F)cc3)c3ccccc3-c3ccccc32)cc1,237.0,train
*=Nc1cccc(/N=C(\c2ccccc2)c2ccc(C(=*)c3ccccc3)cc2)c1,179.0,train
*Oc1ccc(C(C)(C)c2ccc(OC(*)=O)c(Cl)c2)cc1C,138.0,train
*c1ccc(-c2ccc(-c3ccc(-c4ccc(-c5ccc6c(c5)C(=O)N(c5cccc(N7C(=O)c8ccc(*)cc8C7=O)c5)C6=O)cc4)cc3)cc2)cc1,237.0,train
*Oc1ccc(CC(NC(=O)Cc2ccc(OC(=O)CCCCCCC(*)=O)cc2)C(=O)OCC)cc1,54.0,train
*C(=O)Nc1ccc(Oc2ccc(NC(=O)c3ccc4c(c3)C(=O)N(c3ccc(S(=O)(=O)c5ccc(N6C(=O)c7ccc(*)cc7C6=O)cc5)cc3)C4=O)cc2)cc1,281.0,train
*CC(*)(C)C(=O)OCCCCCCCC,-11.0,train
*c1ccc(Oc2ccc(-c3ccc(Oc4ccc(N5C(=O)c6cccc(Oc7ccc(C(C)(C)c8ccc(Oc9cccc%10c9C(=O)N(*)C%10=O)cc8)cc7)c6C5=O)cc4)cc3)cc2)cc1,236.0,train
*Oc1ccc(-c2ccc(/N=N/c3ccc(C(*)=O)cc3)cc2)cc1,147.0,train
*Oc1c(OC)cc(-c2cc(OC)c(OC(=O)CCCCCCCCC(*)=O)c(OC)c2)cc1OC,94.0,train
*CC(*)c1ccc(C)cc1C,112.0,train
*OS(=O)(=O)c1cccc(S(=O)(=O)Oc2ccc(C(C)(CC)c3ccc(*)cc3)cc2)c1,147.0,train
*c1ccc(Oc2ccc(-c3nc4cc(Oc5ccc(NC(=O)c6cc(C(=O)Nc7ccc(Oc8ccc9nc(-c%10ccccc%10)c(*)nc9c8)cc7)cc(N7C(=O)c8c(Cl)c(Cl)c(Cl)c(Cl)c8C7=O)c6)cc5)ccc4nc3-c3ccccc3)cc2)cc1,295.0,train
*C(=O)Nc1ccc(NC(=O)c2ccc3c(c2)C(=O)N(c2ccc(Oc4ccc(N5C(=O)c6ccc(*)cc6C5=O)cc4)cc2)C3=O)c(OCCCCCCS(=O)(=O)c2ccc(/C=C/c3ccc(N(C)C)cc3)cc2)c1,192.0,train
*CC(*)C(=O)OCC(C)(C)C,22.0,train
*CCN(*)CC[Si](C)(C)C,-64.8,train
*Oc1cc(C(C)(C)C)c(Oc2ccc(C(=O)c3ccc(*)cc3)cc2)cc1C(C)(C)C,206.0,train
*c1cc(CCCCBr)c(*)s1,19.0,train
*CCCCOc1ccc(OCCCCc2nnc(-c3ccc(-c4nnc(*)o4)cc3)o2)c(C)c1,129.0,train
*CC(C)(CO*)COCC(F)(F)C(F)(F)C(F)(F)C(F)(F)C(F)(F)C(F)(F)C(F)(F)F,-49.0,train
*Oc1ccc(NC(=O)c2ccc(P(=O)(c3ccccc3)c3ccc(C(=O)Nc4ccc(*)cc4)cc3)cc2)cc1,254.0,train
*Oc1ccc(C2(c3ccc(OC(=O)c4ccc(C(*)=O)cc4)cc3)CCC3CCCCC3C2)cc1,275.0,train
*c1ccc(Oc2ccc(Oc3ccc(-c4cnc5cc(-c6ccc7nc(*)cnc7c6)ccc5n4)cc3)cc2)cc1,195.0,train
*OCCCCOC1COC2C(OC(=O)CCCCC(=O)OC3COC4C(*)COC34)COC12,114.0,train
*CC(*)c1cccc(Cl)c1,90.0,train
*CC(*)c1ccc(B(Oc2ccc(-c3ccc(N(C)C)cc3)c3cccnc23)c2ccc(C(C)(C)C)cc2)cc1,230.0,train
*C(=O)OCCCSCCCCCCSCCCOC(=O)c1ccc(N2C(=O)c3ccc(*)cc3C2=O)cc1,31.0,train
*CC(C)(C)COC(=O)O*,25.0,train
*CCCCOC(=O)OCC1CCC(COC(=O)O*)CC1,13.0,train
*c1ccc(N2C(=O)CC(C3C=C(C)C4C(=O)N(*)C(=O)C4C3)C2=O)cc1,327.0,train
*Oc1ccc(S(=O)(=O)c2ccc(Oc3ccc(C(c4ccccc4)(c4ccccc4)c4ccc(*)cc4)cc3)cc2)cc1,230.0,train
*CC(*)[Si](C)(C)C,137.0,train
*Oc1ccc(NC(=O)Nc2cc(NC(=O)Nc3ccc(*)c(-c4ccc(Oc5ccccc5)cc4)c3)ccc2C)cc1-c1ccc(Oc2ccccc2)cc1,279.0,train
*Oc1ccc(Oc2ccc(C(=O)c3ccc(*)c(S(=O)(=O)O)c3)cc2S(=O)(=O)O)cc1,220.0,train
*/C=C/c1ccc2c3ccc(*)cc3n(-c3ccc(OCCCCCCCCCC)c(OCCCCCCCCCC)c3)c2c1,95.0,train
*c1cccc(N2C(=O)C(=O)N(c3ccc(Cc4ccc(N5C(=O)C(=O)N(*)C5=O)cc4)cc3)C2=O)n1,237.0,train
*CCOCCOC(=O)/C=C/C(=O)O*,-8.2,train
*C(=O)c1ccc2c(c1)C(=O)N(c1cc(C(=O)O)cc(N3C(=O)c4ccc(*)cc4C3=O)c1)C2=O,314.0,train
*CC(*)C(=O)Oc1ccccc1,60.0,train
*CC(*)(Cl)C(=O)OCC,84.0,train
*c1ccc(-c2ccc(-n3c(=O)c4cc5c(=O)n(*)c(=O)c5c(C(F)(F)F)c4c3=O)cc2C(F)(F)F)c(C(F)(F)F)c1,373.0,train
*c1cccc(-c2nc3cc(-c4ccc5c(c4)nc(*)n5C)ccc3[nH]2)c1,346.66,train
*/C=C(\C#N)C(=O)Nc1cc(-c2ccc(O)c(NC(=O)/C(C#N)=C/c3ccc(/C=C/c4ccc(N(c5ccccc5)c5ccc(N(c6ccccc6)c6ccc(/C=C/c7ccc(*)s7)cc6)cc5)cc4)s3)c2)ccc1O,221.0,train
*CC(*)C(=O)OCCOc1ccc(C(=O)Oc2ccc(OC(=O)c3ccc(OCCCCC)cc3)cc2)cc1,46.0,train
*Oc1ccc(C2(c3ccc(OC(=O)OC4C(C)(C)C(OC(*)=O)C4(C)C)cc3)CC3CCC2C3)cc1,184.0,train
*CN1C(=O)c2ccc(C(c3ccc4c(c3)C(=O)N(Cc3nnc(-c5ccc(Oc6ccc(-c7nnc(*)o7)cc6)cc5)o3)C4=O)(C(F)(F)F)C(F)(F)F)cc2C1=O,210.0,train
*Oc1cc(C(=O)c2ccccc2)c(Oc2ccc(*)cc2)cc1C(=O)c1ccccc1,137.0,train
*C(=O)CCCCCCCCC(=O)N1CCN(*)CC1,82.0,train
*C(=O)c1ccc(Oc2ccc(-c3ccc(Oc4ccc(C(=O)c5ccc6c(c5)C(=O)N(c5ccc(Oc7ccc(N8C(=O)c9ccc(*)cc9C8=O)cc7)cc5)C6=O)cc4)cc3)cc2)cc1,233.0,train
*Nc1cc(NC(=O)c2ccc(C(*)=O)cc2)cc(C(=O)Oc2ccccc2)c1,200.0,train
*Oc1ccc(S(=O)(=O)c2ccc(Oc3ccc(C(c4ccc(*)cc4)(C(F)(F)F)C(F)(F)F)cc3)cc2[Si](C)(C)C)c([Si](C)(C)C)c1,172.0,train
*c1ccc(Oc2ccc(Oc3ccc(NC(=O)c4cccc(Oc5ccc6c(c5)C(=O)N(*)C6=O)c4)cc3)cc2)cc1,213.0,train
*Nc1ccc(Nc2ccc(C(=O)c3ccc(C(=O)c4ccc(*)cc4)cc3)cc2)cc1,203.5,train
*c1ccc2c(c1)C(=O)N(c1ccc(NC(=O)C(F)(F)C(F)(F)C(F)(F)C(F)(F)C(=O)Nc3ccc(N4C(=O)c5ccc(C(*)(C(F)(F)F)C(F)(F)F)cc5C4=O)cc3)cc1)C2=O,285.0,train
*CC(*)N,57.0,train
*CC(*)C(=O)OCCCCCOC(=O)c1ccc(OC(=O)c2ccc(C#N)cc2)cc1,30.0,train
*Oc1c(Br)cc(S(=O)(=O)c2cc(Br)c(OC(*)=O)c(Br)c2)cc1Br,196.0,train
*CCCCCCN1C(=O)C(=O)N(c2ccc(Oc3ccc(N4C(=O)C(=O)N(*)C4=O)cc3)cc2)C1=O,172.0,train
*CC(*)(C)C(=O)OCC(F)(F)C(F)(F)C(F)(F)C(F)(F)C(F)(F)C(F)(F)C(F)(F)C(F)F,-15.0,train
*CC(*)c1ccc(Cl)c(Cl)c1,128.0,train
*c1ccc(Oc2ccc(-c3ccc(Oc4ccc(N5C(=O)c6ccc(Oc7ccc(C(c8ccc(Oc9ccc%10c(c9)C(=O)N(*)C%10=O)cc8)(C(F)(F)F)C(F)(F)F)cc7)cc6C5=O)cc4)cc3)cc2)cc1,217.0,train
*Cc1ccc(C(C)(C)c2ccc(CN3C(=O)c4ccc(C(c5ccc6c(c5)C(=O)N(*)C6=O)(C(F)(F)F)C(F)(F)F)cc4C3=O)o2)o1,134.0,train
*O[Si](C)(C)c1cccc([Si](*)(C)C)c1,-48.0,train
*/C(=C/c1cc(OC)c(/C=C(\c2ccc(F)cc2)c2ccc(-c3ccc(*)cc3)cc2)cc1OC)c1ccc(F)cc1,201.0,train
*c1ccc(-c2nc3cc(-c4ccc5nc(*)c(-c6ccc7ccccc7c6)nc5c4)ccc3nc2-c2ccc3ccccc3c2)cc1,333.0,train
*Oc1cc(C)c(C(c2cc(C(C)C)c(Oc3ccc(C(=O)c4ccc(*)cc4)cc3)cc2C)c2ccccc2C(=O)O)cc1C(C)C,228.0,train
*CNC(=O)OCC(OC(=O)NCc1ccc(*)o1)c1ccco1,30.0,train
*c1ccc(Oc2ccc(C(c3ccc(Oc4ccc(-n5c(=O)c6cc7c(=O)n(*)c(=O)c7cc6c5=O)cc4C(F)(F)F)cc3)(C(F)(F)F)C(F)(F)F)cc2)c(C(F)(F)F)c1,253.0,train
*/C=C(/*)C(CCCCC)[Si](C)(C)C,170.0,train
*CCCCCCCCCOC(=O)c1ccc2cc(C(=O)O*)ccc2c1,50.0,train
*CCN(CCOC(=O)c1ccc(C(=O)O*)c(OCCC)c1)c1ccc(/N=N/c2ccc(-c3nc4ccccc4o3)cc2)cc1,117.0,train
*Oc1ccc(N(c2ccc(OCCCCCC)cc2)c2ccc(-c3ccc(N(c4ccc(*)cc4)c4ccc(OCCCCCC)cc4)cc3)cc2)cc1,105.0,train
*c1ccc2c(c1)C(=O)N(c1ccc(-c3ccc(N4C(=O)c5ccc(C(*)(C(F)(F)F)C(F)(F)F)cc5C4=O)c(OCCN(CC)c4ccc(C(C#N)=C(C#N)C#N)cc4)c3)cc1OCCN(CC)c1ccc(C(C#N)=C(C#N)C#N)cc1)C2=O,222.0,train
*c1ccc(Oc2cccc(Oc3ccc(N4C(=O)c5ccc(Oc6ccc(-c7ccc(Oc8ccc9c(c8)C(=O)N(*)C9=O)cc7)cc6)cc5C4=O)cc3)c2)cc1,205.0,train
*CCOC(=O)NCCCCCCCCCCNC(=O)O*,60.8,train
*c1ccc2oc(-c3ccc(C(c4ccccc4)(c4ccc(-c5nc6cc(C(*)(c7ccccc7)C(F)(F)F)ccc6o5)cc4)C(F)(F)F)cc3)nc2c1,330.0,train
*c1ccc(Oc2ccc(S(=O)(=O)c3ccc(Oc4ccc(-c5c6c(c(*)c7ccccc57)C(=O)N(c5ccc(F)cc5)C6=O)cc4)cc3)cc2)cc1,300.0,train
*O[Si](C)(C)Oc1ccc(*)cc1,90.0,train
*Oc1ccc(/N=N/c2ccc(Oc3ccc(C(C)(C)c4ccc(*)cc4)cc3)cc2)cc1,175.0,train
*NC(CCC(=O)OCCC)C(*)=O,-10.0,train
*O[Si](*)(C)CCCCCCCCCCCOC(=O)c1cc(OC(=O)c2ccc(OCCOCCOCCOCCOCCOCCOCCOCCOC)cc2)ccc1OC(=O)c1ccc(OCCOCCOCCOCCOCCOCCOCCOCCOC)cc1,-56.0,train
*Oc1ccc(CC(NC(=O)CCc2ccc(OC(=O)CCCCCCC(*)=O)cc2)C(=O)OCc2ccccc2)cc1,47.0,train
*c1ccc(-c2sc(-c3cc(SCCCCCCCCCCCC)c(*)s3)cc2SCCCCCCCCCCCC)cc1,65.4,train
*c1ccc(C(c2ccc(N3C(=O)c4cc(-c5ccc(C(C)(C)C)cc5)c(-c5cc6c(cc5-c5ccc(C(C)(C)C)cc5)C(=O)N(*)C6=O)cc4C3=O)cc2)(C(F)(F)F)C(F)(F)F)cc1,381.0,train
*c1ccc(OC(=O)c2ccc(C(=O)Oc3ccc(-c4nc5ccccc5nc4*)cc3)cc2)cc1,232.0,train
*Oc1ccc(/N=C(\c2ccccc2)c2ccc(Oc3ccc(C(C)(C)c4ccc(Oc5ccc(/C(=N/c6ccc(*)cc6)c6ccccc6)cc5)cc4)cc3)cc2)cc1,155.0,train
*Oc1cccc(NC(=O)CCCCCC(=O)Nc2ccc(*)cc2)c1,130.0,train
*CCCCCCNC(=O)CCP(=S)(CCC(=O)N*)c1ccccc1,43.0,train
*CCC(C)C(C)CCNC(=O)c1cccc(C(=O)N*)c1,125.0,train
*CCc1ccc(*)c(Cl)c1,75.0,train
*C(=O)Oc1ccc(OC(=O)c2ccc3c(c2)C(=O)N(c2ccc(Oc4ccc(N5C(=O)c6ccc(*)cc6C5=O)cc4)cc2)C3=O)cc1,270.0,train
*Cc1ccccc1[Si](*)(C)C,48.0,train
*CC(*)C(=O)OC1CCCCC1,25.0,train
*Oc1ccc(C(c2ccc(Oc3ccc(C(=O)c4ccccc4-c4ccccc4C(=O)c4ccc(*)cc4)cc3)cc2)(C(F)(F)F)C(F)(F)F)cc1,178.5,train
*c1ccc(Oc2ccc(C(c3ccc(Oc4ccc(-c5cccc(*)n5)cc4C(F)(F)F)cc3)(C(F)(F)F)C(F)(F)F)cc2)c(C(F)(F)F)c1,153.0,train
*CCCCCCCN1C(=O)c2ccc(C(c3ccc4c(c3)C(=O)N(*)C4=O)(C(F)(F)F)C(F)(F)F)cc2C1=O,165.0,train
*CC(C)(CCC)C(=O)O*,1.9,train
*c1cc(CCCCCCOC(=O)COc2ccccc2)c(*)s1,50.0,train
*Nc1ccc(-c2ccc(NC(=O)c3cccc(C(*)=O)c3)c(OC)c2)cc1OC,218.2,train
*c1ccc(Cc2ccc(S(*)(=O)=O)cc2)cc1,227.5,train
*CC(*)(C)C(=O)OCCOCCO,20.0,train
*CCN(*)C(=O)C(C)C,30.0,train
*c1ccc(Oc2ccc(Oc3ccc(Oc4ccc(-c5cnc6ccc(-c7ccc8ncc(*)nc8c7)cc6n5)cc4)cc3)cc2)cc1,216.0,train
*C(=O)c1ccc2c(c1)C(=O)N(C1CCC(CC3CCC(N4C(=O)c5ccc(*)cc5C4=O)CC3)CC1)C2=O,254.0,train
*CCN(*)C(=O)CCCCC,7.0,train
*CC(*)(C)C(=O)OCc1ccc(Cl)cc1,43.6,train
*c1cccc(P(C)(=O)c2cccc(N3C(=O)c4ccc(NC(=O)OCCOc5c(Br)cc(C(C)(C)c6cc(Br)c(OCCOC(=O)Nc7ccc8c(c7)C(=O)N(*)C8=O)c(Br)c6)cc5Br)cc4C3=O)c2)c1,191.0,train
*Oc1ccc(C(C)(C)c2ccc(OC(=O)c3ccccc3-c3ccccc3C(*)=O)cc2)cc1,161.0,train
*C1CCC(CC2CCC(N3C(=O)C4C5C=CC(C6C(=O)N(*)C(=O)C56)C4C3=O)C(C)C2)CC1C,241.0,train
*CC1CC(*)C(=O)OC1=O,140.0,train
*c1ccc2c(c1)C(=O)N(c1cc(N3C(=O)c4ccc(C(*)(C(F)(F)F)C(F)(F)F)cc4C3=O)cc(C(F)(F)F)c1)C2=O,284.0,train
*C(=O)c1ccc2c(c1)C(=O)N(c1cc(OCCCCCCCCCCCC)cc(N3C(=O)c4ccc(*)cc4C3=O)c1)C2=O,182.0,train
*CC(*)(C)C(=O)OCCCCCn1c2ccccc2c2ccccc21,91.0,train
*Oc1cccc(C(=O)c2ccc(*)cc2)c1,137.0,train
*c1cccc(-n2nc(-c3ccccc3)c3cc(Oc4ccc5c(-c6ccccc6)nn(*)c(=O)c5c4)ccc3c2=O)c1C#N,301.0,train
*ON(C(F)(F)F)C(F)(F)C(*)(F)F,-46.0,train
*C(F)C(*)(F)F,31.45,train
*O[Si](C)(C)O[Si](C)(C)OC(C)CCC(*)C,-83.0,train
*c1ccc(C(=O)OCCCCCCOC(=O)c2ccc(-c3nnc(*)s3)cc2)cc1,125.0,train
*Oc1ccc(NC(=C(C#N)C#N)c2ccc3cc(C(Nc4ccc(*)cc4)=C(C#N)C#N)ccc3c2)cc1,280.0,train
*C1=C(c2ccc(-c3ccc4c(c3)C(CCCCCC)(CCCCCC)c3cc(-c5ccc(*)cc5)ccc3-4)cc2)C(=O)N(CCCCCCCC)C1=O,122.0,train
*O[Si](C)(C)CCC/N=C1\c2ccccc2/C(=N\CCC[Si](*)(C)C)c2c(O)ccc(O)c21,7.5,train
*O[Si](C)(C)CCCNC(=O)C(=O)NCCC[Si](*)(C)C,-46.48,train
*c1ccc(Oc2ccc(C(=O)c3ccc(C(=O)c4ccc(Oc5ccc(-c6cc(*)[nH]n6)cc5)cc4)cc3)cc2)cc1,235.0,train
*CC(*)(C)C(=O)OCCCCCCOc1ccc(OC(=O)c2ccc(OC)cc2)cc1,38.0,train
*SC(*)(F)F,-118.0,train
*CCCN(*)C(=O)c1ccccc1,72.0,train
*CC(*)(C)C(=O)OCCCCCCCCCCOc1ccc(OC(=O)c2ccc(OC)cc2)cc1,21.0,train
*c1ccc(Oc2ccc(S(=O)(=O)c3ccc(Oc4ccc(N5C(=O)c6ccc(Oc7cccc(Oc8ccc9c(c8)C(=O)N(*)C9=O)c7)cc6C5=O)cc4)cc3)cc2)cc1,201.0,train
*CC(*)OCCCCCCCC,-79.5,train
*Oc1ccc(C2(c3ccc(OC(=O)c4cccc(C(*)=O)c4)cc3)c3ccccc3-c3ccccc32)cc1,269.5,train
*c1ccc(Oc2ccc(Oc3ccc(N4C(=O)C5CCC(C6CCC7C(=O)N(*)C(=O)C7C6)CC5C4=O)cc3)cc2)cc1,238.0,train
*CCCCOC(=O)CCSCCCCCCSCCC(=O)O*,-73.0,train
*c1ccc(Cc2ccccc2-n2c(=O)c3cc4c(=O)n(*)c(=O)c4cc3c2=O)cc1,356.5,train
*c1ccc2c(c1)C(=O)N(c1ccc(C3(c4ccc(N5C(=O)c6ccc(C(*)(C(F)(F)F)C(F)(F)F)cc6C5=O)c(F)c4)c4ccccc4-c4ccccc43)cc1F)C2=O,352.0,train
*C(=O)c1ccc2c(c1)C(=O)N(c1ccc(Cc3ccc(Cc4cccc(N5C(=O)c6ccc(*)cc6C5=O)c4)cc3)cc1)C2=O,317.0,train
*CC(O)COc1ccc(C(C)(C)c2ccc(OCC(O)COc3cccc(NC(=O)CCCC(=O)Nc4cccc(O*)c4)c3)cc2)cc1,111.0,train
*C(=O)Oc1ccc(OC(=O)c2ccc3c(c2)C(=O)N(c2ccc(Oc4ccc(N5C(=O)c6ccc(*)cc6C5=O)cc4)cc2)C3=O)c(C(C)(C)C)c1,189.0,train
*O[Si](*)(C)CCCCCCCCCCCn1c2ccccc2c2ccccc21,-45.0,train
*C(=O)c1cc(C(=O)c2ccc3c(c2)C(=O)N(c2ccc(Oc4ccc(S(=O)(=O)c5ccc(Oc6ccc(N7C(=O)c8ccc(*)cc8C7=O)cc6)cc5)cc4)cc2)C3=O)cc(-c2ccccc2)c1,256.5,train
*c1ccc(NC(=O)c2ccc(OCCOCCOCCOCCOc3ccc(C(=O)Nc4ccc5[nH]c(*)nc5c4)cc3)cc2)cc1,140.0,train
*CC(CO*)(CS(C)(=O)=O)CS(C)(=O)=O,126.0,train
*c1ccc(-c2ccc(N3C(=O)c4ccc(-c5cccc6c5C(=O)N(*)C6=O)cc4C3=O)cc2C(F)(F)F)c(C(F)(F)F)c1,346.0,train
*OC(=O)/C=C/C(=O)OC1COC2C(*)COC12,60.0,train
*c1ccc2c(c1)C(=O)N(c1ccc(N(c3ccc(C#N)cc3)c3ccc(N4C(=O)c5ccc(C(*)(C(F)(F)F)C(F)(F)F)cc5C4=O)cc3)cc1)C2=O,321.0,train
*c1ccc(Oc2ccc(C(=O)c3ccc(C(=O)c4ccc(Oc5ccc(-c6nc(-c7ccc(-c8nc(*)c(-c9ccccc9)[nH]8)cc7)[nH]c6-c6ccccc6)cc5)cc4)cc3)cc2)cc1,278.0,train
*C(=O)Nc1ccccc1NC(=O)c1ccc(N2C(=O)c3ccc(*)cc3C2=O)cc1,215.0,train
*CC(CCCC)O*,-69.0,train
*CC(*)(C)C(=O)OCCCCCCOc1ccc(C(=O)Oc2ccc(/N=N/c3ccccc3)c3ccccc23)cc1,46.0,train
*c1cc(CCCCCCCCCCCC)c(*)s1,-18.5,train
*C(*)(F)Cl,77.0,train
*c1ccc(C2(c3ccc(-c4cc(-c5ccccc5)c5cc(C6(c7ccc8nc(*)cc(-c9ccccc9)c8c7)c7ccccc7C(=O)c7ccccc76)ccc5n4)cc3)c3ccccc3C(=O)c3ccccc32)cc1,390.0,train
*Nc1cccc2c(NC(=O)Nc3cc(NC(*)=O)cc(C(=O)Nc4cccc5c4C(=O)c4ccccc4C5=O)c3)cccc12,185.0,train
*CC(*)C(=O)c1ccc(CC)cc1,49.25,train
*C(=O)Oc1ccc(C(=O)Oc2cccc(OC(=O)c3ccc(OC(=O)c4ccc(*)nc4)cc3)c2)cc1,110.0,train
*NNC(=O)c1ccccc1C(=O)Nc1cccc(/C=C2\CCC/C(=C\c3cccc(NC(=O)c4ccccc4C(*)=O)c3)C2=O)c1,195.0,train
*CC(*)(C#N)C(=O)OC,147.5,train
*NC(C)CCC(C)(C)CCCNC(=O)c1ccc(C(*)=O)cc1,150.0,train
*CC(*)OC(=O)c1ccc(OCC)cc1,70.0,train
*Nc1cc(NC(=O)c2cc(OCCN(C)c3ccc([N+](=O)[O-])cc3)cc(C(*)=O)c2)cc(C(=O)OC2CC(C)CCC2C(C)C)c1,193.0,train
*CC(OC(=O)Oc1ccc(C(=O)OC)cc1)C(COC(=O)O*)OC(=O)Oc1ccc(C(=O)OC)cc1,90.9,train
*c1ccc(N2C(=O)c3ccc(-c4ccc5c(c4)C(=O)N(*)C5=O)cc3C2=O)cc1,341.0,train
*C(=O)c1ccc2c(c1)C(=O)N(c1cccc(Cc3ccc(C(=O)c4cccc(N5C(=O)c6ccc(*)cc6C5=O)c4)cc3)c1)C2=O,265.5,train
*CC(*)(C)C(=O)OCCCCCCCCCCCn1c2ccccc2c2ccccc21,31.0,train
*C(=O)Nc1ccc(Oc2cccc(NC(=O)c3ccc4c(c3)C(=O)N(c3ccc(Oc5ccc(N6C(=O)c7ccc(*)cc7C6=O)cc5)cc3)C4=O)c2)cc1,236.0,train
*CC(*)C(=O)OC(F)(C(F)(F)F)C(F)(F)F,10.0,train
*CCC1C(=O)N(c2ccc(N(C)C)cc2)C(=O)C1*,195.0,train
*CCOC(=O)Nc1ccc(CCCc2ccc(NC(=O)O*)cc2)cc1,74.1,train
*Oc1cc(OC(=O)c2ccc(C(*)=O)cc2)cc(C(=O)OCCN(CC)c2ccc(/N=N/c3ccc([N+](=O)[O-])cc3)cc2)c1,130.0,train
*O[Si](C)(C)O[Si](C)(C)O[Si](C)(C)OC(C)CCC(*)C,-90.0,train
*c1ccc(-c2ccc3c(c2)C(CCCCCCCC)(CCCCCCCC)c2cc(*)ccc2-3)cc1,81.0,train
*CC(*)(C)C(=O)OCCC[Si]12O[Si]3(CC(C)C)O[Si]4(CC(C)C)O[Si](CC(C)C)(O1)O[Si]1(CC(C)C)O[Si](CC(C)C)(O2)O[Si](CC(C)C)(O3)O[Si](CC(C)C)(O4)O1,85.0,train
*Nc1ccc(NC(=O)CCCCCC(*)=O)cc1,133.0,train
*c1cccc(P(=O)(c2ccccc2)c2cccc(N3C(=O)c4ccc(NC(=O)OCCOc5ccc(P(=O)(c6ccccc6)c6ccc(OCCOC(=O)Nc7ccc8c(c7)C(=O)N(*)C8=O)cc6)cc5)cc4C3=O)c2)c1,218.0,train
*C(=O)c1ccc2c(c1)C(=O)N(c1ccc(Oc3ccc(N4C(=O)c5ccc(*)cc5C4=O)cc3Br)c(Br)c1)C2=O,296.0,train
*N(C)[Si](C)(C=C)N(C)[Si](*)(C)C,-42.0,train
*c1cccc(N2C(=O)c3ccc(Oc4ccc(-c5ccc(Oc6ccc7c(c6)C(=O)N(*)C7=O)cc5)cc4)cc3C2=O)c1,247.0,train
*c1ccc(S(*)(=O)=O)cc1,219.5,train
*CCOc1ccc(C2(c3ccc(OCCO[Si](O*)(c4ccccc4)c4ccccc4)cc3)c3ccccc3-c3ccccc32)cc1,97.0,train
*C(=O)Oc1ccc(OC(=O)c2ccc3c(c2)C(=O)N(c2ccc(Oc4ccc(N5C(=O)c6ccc(*)cc6C5=O)cc4)cc2)C3=O)c(-c2ccccc2)c1,212.0,train
*c1ccc2c(c1)C(=O)N(c1cccc(P(=O)(c3ccccc3)c3cccc(N4C(=O)c5ccc(C(*)(C(F)(F)F)C(F)(F)F)cc5C4=O)c3)c1)C2=O,271.0,train
*N=P(*)(CCC)CCC,10.0,train
*CC(*)(C)C(=O)OC(C)(C)C,107.0,train
*/C=C/c1cc(OCCCCCCCCC)c(/C=C/c2ccc(*)cc2)cc1OCCCCCCCCC,44.0,train
*C(=O)Nc1cccc(N2C(=O)CC(N3C(=O)c4ccc(*)cc4C3=O)C2=O)c1,130.0,train
*CCCCCCCCCCOC(=O)NNC(=O)CCCCCCCCC(=O)NNC(=O)O*,34.0,train
*Oc1ccc(-c2ccc(OC(=O)c3ccc(C(=O)c4ccc(C(*)=O)cc4)cc3)c(-c3ccccc3)c2)cc1-c1ccccc1,184.5,train
*c1cccc(C(c2cccc(N3C(=O)c4ccc(Oc5ccc6c(c5)C(=O)N(*)C6=O)cc4C3=O)c2)(C(F)(F)F)C(F)(F)F)c1,224.5,train
*c1ccc2[nH]c(*)nc2c1,398.0,train
*CC(*)(C)C(=O)OCCN(C)c1ccc(/N=N/c2ccc([N+](=O)[O-])cc2)cc1,110.0,train
*CCN(CCOC(=O)Nc1ccc(C)c(NC(=O)O*)c1)c1ccc(/N=N/c2ccc(-c3nc4ccc([N+](=O)[O-])cc4n3CC)cc2)cc1,158.0,train
*Oc1c(Br)cc(C(c2cc(Br)c(OC(*)=O)c(Br)c2)(C(F)(F)F)C(F)(F)F)cc1Br,206.0,train
*N=P(*)(Oc1ccc(Br)cc1)Oc1ccc(Br)cc1,20.65,train
*CCCCCCCCCCCCOc1ccc(CCc2ccc(O*)cc2C)cc1,0.0,train
*CCCCCNc1nc(NCCCCCc2nc3cc(-c4ccc5[nH]c(*)nc5c4)ccc3[nH]2)nc(N(CC)CC)n1,190.0,train
*N=P(*)(OCc1ccc(Br)cc1)OCc1ccc(Br)cc1,-0.8,train
*Oc1ccc(C(=O)OCCCCCOC(=O)c2ccc(*)cc2)cc1,26.0,train
*CC(*)(C)C(=O)OCCCn1c2ccccc2c2ccccc21,113.0,train
*CC(*)(CC(=O)OCCCCl)C(=O)OCCCCl,47.0,train
*CC(C)(C)C1C(=O)N(c2c(C)cccc2C)C(=O)C1*,237.0,train
*CCCCCCCCCCOC(=O)CC/C=C/CCC(=O)O*,-15.0,train
*c1ccc(Oc2ccc(N3C(=O)c4c(c(-c5ccccc5)c(-c5ccc(Oc6ccc(-c7c(-c8ccccc8)c8c(c(-c9ccccc9)c7-c7ccccc7)C(=O)N(*)C8=O)cc6)cc5)c(-c5ccccc5)c4-c4ccccc4)C3=O)cc2)cc1,360.0,train
*c1cc(-n2c(=O)c3cc4c(=O)n(*)c(=O)c4cc3c2=O)c(O)cc1O,362.0,train
*/C(C)=C(/*)SCCCCCCCCCC,60.0,train
*CCCCCCOC(=O)OCCCCCCCCOC(=O)OCCCCCCn1c(=O)c2cc3c(=O)n(*)c(=O)c3cc2c1=O,8.0,train
*c1ccc(C(=O)c2ccc(Oc3ccc(-c4nn(*)c(=O)c5ccccc45)cc3)cc2)cc1,263.0,train
*Oc1ccc(C(=O)Nc2ccc(S(=O)(=O)c3ccc(NC(=O)c4ccc(Oc5nc(*)nc(Sc6ccccc6)n5)cc4)cc3)cc2)cc1,310.0,train
*C(=O)Nc1cccc(NC(=O)c2ccc(-c3nc4cc(*)ccc4[nH]3)cc2)c1,325.0,train
*c1cc(-c2ccc(C(=C3C=C(C(C)(C)C)C(=O)C(C(C)(C)C)=C3)c3cc(C(C)(C)C)c(OC(C)=O)c(C(C)(C)C)c3)cc2)c(*)s1,-4.3,train
*C(=O)c1cccc(C(=O)N2CCN(*)CC2)c1,214.5,train
*CC(*)(C)C(=O)Oc1ccc(C(=O)O)cc1,110.0,train
*CCOC(=O)Nc1ccc(Cc2ccc(NC(=O)OCCOc3ccc(C(C)(C)c4ccc(O*)cc4)cc3)cc2)cc1,127.0,train
*Oc1cc(CCCCCC)cc(OC(=O)c2cccc(C(*)=O)c2)c1,67.5,train
*C(C)C(*)C(=O)OCCCC,90.0,train
*OC(=O)Oc1ccc(S(=O)(=O)c2ccc(OC(=O)OC3CC4CC(*)CC(C3)O4)cc2)cc1,184.0,train
*Oc1ccc(C(C)(CC)c2ccc(OC(*)=O)c(Cl)c2)cc1Cl,142.0,train
*c1ccc2c(c1)C(=O)N(c1ccc(Oc3ccc(N4C(=O)c5ccc(C(*)O)cc5C4=O)cc3)cc1)C2=O,250.0,train
*c1ccc(-c2ccc([Si](CCCC)(CCCC)[Si](*)(CCCC)CCCC)s2)s1,-20.0,train
*c1ccc2c(c1)C(=O)N(c1ccc(OCCOCCOc3ccc(N4C(=O)c5ccc(C(*)(C(F)(F)F)C(F)(F)F)cc5C4=O)cc3)cc1)C2=O,187.5,train
*c1ccc([Si](c2ccccc2)(c2ccccc2)c2ccc(-c3nnc(-c4ccc(-c5nnc(*)o5)cc4)o3)cc2)cc1,274.0,train
*c1ccc(Oc2ccc(C3(c4ccc(Oc5ccc(N6C(=O)c7ccc(Oc8ccccc8Oc8ccc9c(c8)C(=O)N(*)C9=O)cc7C6=O)cc5C(F)(F)F)cc4)c4ccccc4-c4ccccc43)cc2)c(C(F)(F)F)c1,241.0,train
*/C=C/c1cc(OCCCCCCCCCCCC)c(/C=C/c2ccc(*)cc2)cc1OCCCCCCCCCCCC,38.0,train
*C(=O)c1ccc2c(c1)C(=O)N(c1cccc(Cc3ccc(Cc4ccc(Cc5cccc(N6C(=O)c7ccc(*)cc7C6=O)c5)cc4)cc3)c1)C2=O,235.5,train
*OC(=O)c1cccc(C(=O)OC2CC3CC(*)CC(C2)O3)c1,113.0,train
*CCCCCCCCCCC(=O)Oc1ccc2cc(OC(=O)CCCCCCCCCCn3c(=O)c4cc5c(=O)n(*)c(=O)c5cc4c3=O)ccc2c1,66.0,train
*Nc1cc(NC(=O)c2cc(NC(=O)C(C(C)CC)N3C(=O)c4ccccc4C3=O)cc(C(*)=O)c2)ccc1C,166.0,train
*CC(*)(C)C(=O)OCCOc1ccc(-c2ccc(-c3ccc(C#N)cc3)cc2)cc1,115.0,train
*CC(*)C(=O)Oc1c(F)c(F)c(F)c(F)c1F,64.0,train
*C(=O)Oc1ccc(C2(c3ccc(OC(=O)c4ccc5c(c4)C(=O)N(c4ccc(-c6ccc(N7C(=O)c8ccc(*)cc8C7=O)cc6C)c(C)c4)C5=O)cc3)C3CC4CC(C3)CC2C4)cc1,222.0,train
*c1ccc(Cc2ccc(NC(=O)c3ccc(Oc4cccc5c4C(=O)N(*)C5=O)cc3)cc2)cc1,258.0,train
*CC(O)COc1ccc(C(C)(C)c2ccc(O*)cc2)cc1,91.0,train
*Oc1ccc(C(=O)c2ccc(Oc3ccc(C(=O)c4c(C(=O)c5ccc(*)cc5)c(-c5ccccc5)c(-c5ccc6ccccc6c5)c(-c5ccc6ccccc6c5)c4-c4ccccc4)cc3)cc2)cc1,290.0,train
*C(=O)c1ccc2c(c1)C(=O)N(c1cc(Oc3c(C)cc(-c4cc(C)c(Oc5cc(N6C(=O)c7ccc(*)cc7C6=O)cc(C(F)(F)F)c5)c(C)c4)cc3C)cc(C(F)(F)F)c1)C2=O,265.4,train
*c1ccc(Cc2ccc(N3C(=O)c4ccc(S(=O)(=O)c5ccc6c(c5)C(=O)N(*)C6=O)cc4C3=O)cc2)cc1,319.0,train
*CC(*)c1ccccc1C(=O)Oc1ccccc1,124.0,train
*Oc1ccc(CC(NC(=O)CCc2ccc(OC(=O)CCC(*)=O)cc2)C(=O)OCCCCCCCC)cc1,48.0,train
*Nc1ccc(NC(=O)c2ccc(NC(=O)CCCCCCC(=O)Nc3ccc(C(*)=O)cc3)cc2)cc1C(=O)OCCCCCCCCCCCCCCCCCC,305.0,train
*=NP(=NP(=NC(=*)Oc1ccccc1)(Oc1ccccc1)Oc1ccccc1)(Oc1ccccc1)Oc1ccccc1,18.0,train
*CCOC(=O)c1ccc(-c2ccc(C(=O)O*)cc2)cc1,40.0,train
*CC(*)(C)C(=O)OC1COC(CP(=O)(OCC)OCC)OC1,101.5,train
*CCCCCCOC(=O)CCC(=O)O*,-50.0,train
*CCCCOC(=O)C1CCC(C(=O)O*)CC1,-10.5,train
*Cc1ccc(C(C)(CCC)c2ccc(Cn3c(=O)c4cc5c(=O)n(*)c(=O)c5cc4c3=O)o2)o1,134.0,train
*c1ccc2c(c1)C(=O)N(c1cccc(C(=O)Nc3ccc(Oc4ccccc4Oc4ccc(NC(=O)c5cccc(N6C(=O)c7ccc(C(*)(C(F)(F)F)C(F)(F)F)cc7C6=O)c5)cc4)cc3)c1)C2=O,265.0,train
*c1ccc2c(c1)C(=O)N(c1ccc(Cc3ccc(N4C(=O)c5ccc(C(*)(C(F)(F)F)C(F)(F)F)cc5C4=O)c(C(C)(C)C)c3)cc1C(C)(C)C)C2=O,274.0,train
*Oc1ccc(NC(=O)c2ccc(C(=O)Nc3ccc(Oc4ccc(C(=O)c5ccc(*)cc5)cc4)cc3)cc2)cc1,160.0,train
*CC(COC(C)C)O*,-67.0,train
*CCCCCCCOC(=O)Nc1ccc(C)c(NC(=O)O*)c1,61.0,train
*Oc1cc(C(C)(C)C)c(Oc2ccc(C(=O)Nc3c(C)cc(C(C)(C)c4cc(C)c(NC(=O)c5ccc(*)cc5)c(C)c4)cc3C)cc2)cc1C(C)(C)C,295.0,train
*Oc1ccc(N(CC)c2ccc(/C=C(\C#N)C(=O)NC3CCCCC3NC(=O)/C(C#N)=C/c3ccc(N(CC)c4ccc(*)cc4)cc3)cc2)cc1,235.0,train
*OC(CCCCC)CC(*)=O,-33.0,train
*CCCCCCCCCCNC(=O)CCCCCCCCCCC(=O)N*,49.0,train
*/C=C/[Ge](*)(c1ccccc1)c1ccccc1,-36.0,train
*CC(*)C(=O)OCCc1ccccc1,-3.0,train
*CCCCCCCCCCOC(=O)CCCCC(=O)O*,-68.0,train
*CC(*)(C)C(=O)OCCCCCC(=O)Oc1ccc(OC(=O)c2ccc(OC)cc2)cc1,40.0,train
*c1cccc(NC(=O)c2cccc(C(=O)Nc3cccc(-n4c(=O)c5cc6c(=O)n(*)c(=O)c6cc5c4=O)c3)c2)c1,338.0,train
*CCOc1ccc(C(=O)OC(=O)c2ccc(O*)cc2)cc1,45.0,train
*Nc1cc(NC(=O)c2ccc(C(*)=O)cc2)cc(-c2nc3ccccc3oc2=O)c1,103.0,train
*c1ccc2c(c1)C(=O)N(c1cccc(Oc3ccc(C(c4ccc(Oc5cccc(N6C(=O)c7ccc(C(*)(C(F)(F)F)C(F)(F)F)cc7C6=O)c5)cc4)(C(F)(F)F)C(F)(F)F)cc3)c1)C2=O,224.0,train
*C1C(=O)N(c2cc(Br)c(O[Si](C)(C)C)c(Br)c2)C(=O)C1*,167.0,train
*CCCCCCCC(=O)OC1COC(*)OC1,6.5,train
*CCCCCCCCOc1cccc(NC(=O)c2cccc(C(=O)Nc3cccc(O*)c3)c2)c1,117.0,train
*c1ccc(Oc2ccc(Oc3ccc(N4C(=O)c5ccc(Oc6ccc(C(c7ccccc7)(c7ccccc7)c7ccc(Oc8ccc9c(c8)C(=O)N(*)C9=O)cc7)cc6)cc5C4=O)cc3)c(C(C)(C)C)c2)cc1,229.0,train
*Oc1ccc(C(=O)OCCOC(=O)c2ccc(*)cc2)cc1,74.0,train
*Nc1cc(NC(=O)c2ccc(C(*)=O)cc2)cc(C(=O)Oc2cccc3ccccc23)c1,192.0,train
*Oc1cc(CCCCCCCCC)cc(OC(=O)c2cccc(C(*)=O)c2)c1,41.5,train
*Nc1cc(NC(=O)c2ccc(C(*)=O)cc2)cc(C(=O)OCCOC(=O)/C=C/c2ccc(N(C)C)cc2)c1,198.0,train
*CC(*)(CC(=O)OCCC1CCCCC1)C(=O)OCCC1CCCCC1,48.0,train
*CCCCCCCCCCCCOC(=O)NCc1ccc(CNC(=O)O*)cc1,45.0,train
*CCCCCCCCCOC(=O)CCC(=O)O*,31.0,train
*CCCC(=O)N*,62.8,train
*Oc1ccc(C(=O)c2ccc(Oc3ccc(C(=O)c4c(C(=O)c5ccc(*)cc5)c(-c5ccc(F)cc5)c(-c5ccc(F)cc5)c(-c5ccc(F)cc5)c4-c4ccc(F)cc4)cc3)cc2)cc1,260.0,train
*CCOCCOCCN1C(=O)c2ccc(C(=O)Oc3ccc(OC(=O)c4ccc5c(c4)C(=O)N(*)C5=O)cc3)cc2C1=O,105.0,train
*OP(=O)(Oc1ccccc1)Oc1c(Br)cc(C(c2cc(Br)c(*)c(Br)c2)(C(F)(F)F)C(F)(F)F)cc1Br,140.0,train
*CCCCOc1ccc(OC(=O)c2ccc(C(=O)Oc3ccc(O*)cc3)c(C(=O)OCC=C)c2)cc1,56.0,train
*c1ccc(-c2ccc(-c3ccc(-c4ccc(*)n4CCCCCCCCCCCC)s3)s2)s1,52.0,train
*c1ccc2c(c1)C(=O)N(c1ccc(C(=O)Nc3ccc(Oc4ccc(C(C)(C)c5ccc(Oc6ccc(NC(=O)c7ccc(N8C(=O)c9ccc(C(*)(C(F)(F)F)C(F)(F)F)cc9C8=O)cc7)cc6)cc5)cc4)cc3)cc1)C2=O,266.0,train
*Oc1ccc(C(C)(C)c2ccc(Oc3ccc(C(=O)c4ccc(C(c5ccc(C(=O)c6ccc(*)cc6)cc5)(C(F)(F)F)C(F)(F)F)cc4)cc3)cc2)cc1,181.0,train
*CCCCC(=O)NCc1ccc(CNC(=O)CCCCS*)cc1,70.0,train
*/N=N/c1ccc(NC(=O)CCC(=O)Nc2ccc(*)cc2)cc1,220.0,train
*C([2H])([2H])C(*)(C(=O)OC([2H])([2H])C([2H])([2H])[2H])C([2H])([2H])[2H],94.0,train
*c1ccc2c(c1)C(=O)N(c1ccc(Cc3ccc(N4C(=O)c5ccc(C(F)(F)C(F)(F)C(*)(F)F)cc5C4=O)cc3)cc1)C2=O,290.0,train
*C(C(=O)OC)C(*)C(=O)OC(C)(C)C,84.0,train
*c1ccc(Oc2ccc(Oc3ccc(N4C(=O)C5CCC6C(=O)N(*)C(=O)C6C5C4=O)cc3)cc2)cc1,274.0,train
*c1ccc(C(C)(C)c2ccc(N3C(=O)c4ccc(Oc5ccc(Oc6ccc7c(c6)C(=O)N(*)C7=O)cc5)cc4C3=O)cc2)cc1,264.0,train
*Oc1ccc(C2(c3ccc(Oc4ccc(C(=O)c5cccc(C(=O)c6ccc(*)cc6)c5)cc4)cc3)c3ccccc3-c3ccccc32)cc1,223.0,train
*OC(=O)OCCOCCOCCOC(=O)OC1COC2C(*)COC12,17.0,train
*c1cccc(Oc2cccc(Oc3cccc(N4C(=O)C5C6C=CC(C7C(=O)N(*)C(=O)C67)C5C4=O)c3)c2)c1,177.0,train
*CCN(*)C(=O)c1c(F)cccc1F,121.5,train
*c1ccc(-c2ccc(NC(=O)c3cccc(C(=O)Nc4ccc(-c5ccc(N6C(=O)c7ccc(-c8ccc9c(c8)C(=O)N(*)C9=O)cc7C6=O)cc5)cc4)c3)cc2)cc1,230.0,train
*C(=O)c1ccc2c(c1)C(=O)N(c1cc(OCCCCCCCC)cc(N3C(=O)c4ccc(*)cc4C3=O)c1)C2=O,195.0,train
*Cc1cccc(CNC(=O)c2ccccc2-c2ccccc2C(=O)N*)c1,159.0,train
*c1ccc2c(c1)C(=O)N(c1c(C)c(C)c(N3C(=O)c4ccc(C(*)(C(F)(F)F)C(F)(F)F)cc4C3=O)c(C)c1C)C2=O,420.0,train
*c1cccc(N2C(=O)c3cccc(Oc4ccc(Oc5cccc6c5C(=O)N(*)C6=O)cc4)c3C2=O)c1,259.0,train
*C(F)(F)C1(*)OC(F)(F)C(F)(C(F)(F)F)O1,135.0,train
*CC1CCC(CNC(=O)CCCCC(=O)N*)CC1,113.0,train
*CC(*)CCCCCCCCCCCCCC,-24.0,train
*CC(*)C(=O)Oc1ccccc1Cl,318.0,train
*CC(*)C1=NCCN1,-48.35,train
*Oc1ccc(-c2ccc(Oc3ccc(Oc4ccc(S(=O)(=O)c5ccc(Oc6ccc(*)cc6)cc5)cc4)cc3)c3ccccc23)c2ccccc12,214.0,train
*c1ccc(Oc2ccc(C(C)(C)c3ccc(Oc4ccc(-c5nnc(*)n5-c5ccccc5)cc4)cc3)cc2)cc1,207.0,train
*CCCCCCCOC(=O)c1ccc(-c2ccc(C(=O)O*)cc2)cc1,44.0,train
*C(=O)Nc1ccc(Oc2cccc(NC(=O)c3ccc4c(c3)C(=O)N(c3ccc(Oc5cccc(N6C(=O)c7ccc(*)cc7C6=O)c5)cc3)C4=O)c2)cc1,211.0,train
*Oc1ccc(C(c2ccc(OC(=O)c3ccc(C(c4ccc(C(*)=O)cc4)(C(F)(F)F)C(F)(F)F)cc3)cc2)(C(F)(F)F)C(F)(F)F)cc1,135.0,train
*CC(O)COC(=O)CCCCCCC(=O)OCC(O)COc1ccc(C(C)(C)c2ccc(O*)cc2)cc1,35.0,train
*CCc1cc(C)c(*)cc1C,100.0,train
*CC(*)(C)C(=O)Oc1ccc(C(=O)/C=C/c2ccc(OC)c(OC)c2)cc1,137.0,train
*c1ccc(Oc2ccc(-c3csc(/N=C/c4ccc(OCCCCCCCCOc5ccc(/C=N/c6nc(*)cs6)cc5)cc4)n3)cc2)cc1,150.0,train
*[Si](*)(C)c1ccc(COCCN(CC)c2ccc(/N=N/c3ccc([N+](=O)[O-])cc3)cc2)cc1,152.0,train
*c1ccc(Oc2ccc(Oc3ccc(Oc4ccc(-n5c(=O)c6cc7c(=O)n(*)c(=O)c7cc6c5=O)cc4)cc3)cc2)cc1,295.0,train
*c1ccc(Oc2cccc(N3C(=O)c4ccc(-c5cccc6c5C(=O)N(*)C6=O)cc4C3=O)c2)cc1,286.0,train
*c1ccc(-c2ccc(N3C(=O)c4ccc(-c5ccc6c(c5)C(=O)N(*)C6=O)cc4C3=O)c(C)c2)cc1C,302.0,train
*c1ccc(C(=O)c2cccc(-n3c(=O)c4cc5c(=O)n(*)c(=O)c5cc4c3=O)c2)cc1,340.0,train
*c1cc(C(=O)OCCCCC)cc(N2C(=O)CC(C3Cc4ccccc4C4C(=O)N(*)C(=O)C43)C2=O)c1,219.0,train
*c1ccc(OCCN(CC)c2ccc(C(C#N)=C(C#N)C#N)cc2)c(-c2cc(-c3ccccc3)c3cc(Oc4ccc5nc(*)cc(-c6ccccc6)c5c4)ccc3n2)c1,200.0,train
*CC(*)(C)C(=O)OC1CCCC(C)C1,89.0,train
*O[Si](*)(C)CCCCCCOc1ccc(-c2ccc(C#N)cc2)cc1,10.0,train
*Oc1ccc(CC(NC(=O)CCc2ccc(OC(*)=O)cc2)C(=O)OCCCC)cc1,67.0,train
*CC(O)CN(CC(O)CN(*)c1ccccc1)c1ccc(/N=N/c2ccc([N+](=O)[O-])cc2)cc1,70.0,train
*CC(*)c1ccc(OCCC)cc1,70.0,train
*Nc1ccc(Cc2ccc(NC(=O)c3cc(NC(=O)CCN4C(=O)c5ccccc5C4=O)cc(C(*)=O)c3)cc2)cc1,235.0,train
*Oc1ccc(/C=C2\CCC/C(=C\c3ccc(OC(=O)c4cccc(C(*)=O)c4)c(OC)c3)C2=O)cc1OC,57.86,train
*c1ccc(-c2ccc(-c3cc(-c4ccccc4)c4cc(C5(c6ccc7nc(*)cc(-c8ccccc8)c7c6)c6ccccc6C(=O)c6ccccc65)ccc4n3)cc2)cc1,350.0,train
*c1ccc2c(c1)C(=O)N(c1ccc(C(=O)Nc3ccc(C(c4ccc(NC(=O)c5ccc(N6C(=O)c7ccc(C(*)(C(F)(F)F)C(F)(F)F)cc7C6=O)cc5)cc4)(C(F)(F)F)C(F)(F)F)cc3)cc1)C2=O,351.0,train
*CC(C)CO*,-55.0,train
*c1ccc(Oc2ccc(C(c3ccc(Oc4ccc(-c5nnc(*)n5-c5ccc(C)cc5)cc4)cc3)(C(F)(F)F)C(F)(F)F)cc2)cc1,213.0,train
*O[Si](*)(C)CCCC,-115.0,train
*Oc1ccc(S(=O)(=O)c2ccc(OC(=O)c3ccc([Si](c4ccccc4)(c4ccccc4)c4ccc(C(*)=O)cc4)cc3)cc2)cc1,250.0,train
*CC(C)(COC(=O)NCCCCCCNC(=O)O*)C(=O)O,-26.0,train
*CC(*)C(=O)OCC(C)CC,-32.0,train
*CC(*)CC1CCCCC1,75.0,train
*CCc1ccc(*)o1,25.5,train
*CC(OC)C(C(=O)OC)C(*)C(=O)OC,59.5,train
*CC(*)(C)C(=O)OCCCCCCCCCCOc1ccc(OC(=O)c2ccc(OC)c(Br)c2)cc1,29.0,train
*/C=C/CCCCCCCCCC(CCCCCCCCC*)COCCOCCOCCOCCOCCCCCC,-76.0,train
*c1cccc(OCCCCCCCCOc2cccc(N3C(=O)c4ccc(-c5cccc6c5C(=O)N(*)C6=O)cc4C3=O)c2)c1,142.0,train
*/C=C/CCC*,-105.0,train
*CC(O)COc1ccc(C(C)(C)c2ccc(OCC(O)COc3c(C)cc(S(=O)(=O)c4cc(C)c(O*)c(C)c4)cc3C)cc2)cc1,137.5,train
*Oc1ccc(Oc2ccc(C(=O)c3cccc(NC(=O)c4ccc(C(=O)Nc5cccc(C(=O)c6ccc(*)cc6)c5)cc4)c3)cc2)cc1,210.0,train
*Oc1ccc(-c2ccc(-c3ccc(Oc4ccc(C(C)(C)c5ccc(*)cc5)cc4)cc3)cc2)cc1,182.0,train
*Oc1ccc(OC(=O)c2ccc(OCCCCCCCCCCOc3ccc(C(*)=O)cc3)cc2)cc1S(=O)(=O)c1ccccc1,88.0,train
*CCCS(=O)(=O)c1ccc(/N=N/c2ccc(N(CCCC)CC(=O)O*)cc2)cc1,92.4,train
*CC(*)(C)CC,-5.0,train
*Nc1ccccc1-c1ccc(NC(=O)c2cccc(C(*)=O)c2)cc1,248.0,train
*CC(C)(CC)C(=O)O*,-9.0,train
*CCN(*)C(C)=O,80.0,train
*CC(*)C(=O)OCCCCCCCCCCCOc1ccc(C(=O)Oc2ccc(-c3ccc(OC(C)CCCCCC)cc3)cc2)cc1,50.0,train
*OCC(F)(F)C(F)(F)C(F)(F)COc1nc(F)nc(*)c1F,0.0,train
*c1ccc(C(=O)c2ccc(C(=O)c3ccc(Oc4ccc(-c5nn(*)c(=O)c6ccccc56)c(F)c4)cc3)cc2)cc1,287.0,train
*Oc1ccc(NC(=O)c2cccc(C(=O)Nc3ccc(Oc4ccc(C(c5ccc(*)cc5)(C(F)(F)F)C(F)(F)F)cc4)cc3)c2)cc1,228.5,train
*OP(=O)(Oc1ccc(-c2ccc(*)cc2)cc1)OC1CCCCC1,116.0,train
*CC(O)COc1ccc(C(C)(C)c2ccc(OCC(O)COc3ccc(NC(=O)CCCCCC(=O)Nc4ccc(O*)cc4)cc3)cc2)cc1,116.0,train
*c1ccc(C(c2ccc(N3C(=O)c4ccc(Oc5cc6ccccc6cc5Oc5ccc6c(c5)C(=O)N(*)C6=O)cc4C3=O)cc2)(C(F)(F)F)C(F)(F)F)cc1,256.0,train
*OP(=O)(Oc1c(Cl)c(Cl)c(*)c(Cl)c1Cl)Oc1c(Cl)c(Cl)c(Cl)c(Cl)c1Cl,133.0,train
*Oc1ccc(Oc2ccc(S(=O)(=O)c3ccc(Oc4ccc(C(=O)c5ccc(*)cc5)cc4)cc3)cc2)cc1,186.0,train
*Oc1ccc(-c2ccc(Oc3ccc(C(=O)c4ccc5cc(C(=O)c6ccc(*)cc6)ccc5c4)cc3)cc2)cc1,195.0,train
*c1cccc(P(=O)(c2cccc(-n3c(=O)c4cc5c(=O)n(*)c(=O)c5cc4c3=O)c2)c2cc(C(F)(F)F)cc(C(F)(F)F)c2)c1,281.0,train
*CC(COc1ccc(C(C)(C)c2ccc(O*)cc2)cc1)OC(C)=O,60.0,train
*Oc1ccc(/C=C2\CC/C(=C\c3ccc(OC(=O)c4ccc(/N=C/c5ccc(/C=N/c6ccc(C(*)=O)cc6)cc5)cc4)cc3)C2=O)cc1,205.0,train
*Cc1cc(C)c(CNC(=O)c2ccc(C(=O)N*)cc2)cc1C,225.0,train
*Oc1ccc(Oc2ccc(Oc3cccc(C(=O)Oc4ccc(OC(=O)c5cccc(*)c5)cc4)c3)cc2)cc1,101.0,train
*CCCCCCOc1ccc(/C=C2\CC/C(=C\c3ccc(OCCCCCCOP(=O)(O*)OC)c(OC)c3)C2=O)cc1OC,74.0,train
*c1ccc(-c2ccc(-n3c(-c4ccc(Oc5ccc(C(=O)c6ccc(C(=O)c7ccc(Oc8ccc(-c9nc%10ccccc%10n9*)cc8)cc7)cc6)cc5)cc4)nc4ccccc43)cc2)cc1,259.0,train
*C(=O)Nc1ccc(Oc2ccc(-c3ccc(Oc4ccc(NC(=O)c5ccc6c(c5)C(=O)N(c5ccc(Oc7ccc(N8C(=O)c9ccc(*)cc9C8=O)cc7)cc5)C6=O)cc4)cc3)cc2)cc1,262.0,train
*O[Si](*)(C)CCCOc1ccc(C(=O)Oc2ccc(-c3ccc(OC(=O)c4ccc(OCC)cc4)cc3)cc2)cc1,74.6,train
*CCCCOCCCCOCCCCOC(=O)c1ccc(/N=C/c2cc(OCCC(C)CCCC(C)C)c(/C=N/c3ccc(C(=O)O*)cc3)cc2OCCC(C)CCCC(C)C)cc1,-4.8,train
*N=P(*)(OCC(COCCOCCOC)OCCOCCOC)OCC(COCCOCCOC)OCCOCCOC,-81.0,train
*C[Si](C)(C)[Si](C)(C)[Si](C)(C)[Si](*)(C)C,-68.0,train
*CC(*)(C)C(=O)OCc1ccc(OCCOCC)c(OCCOCC)c1,-2.0,train
*CCCCCCNC(=O)NCc1ccc(CNC(=O)N*)cc1,72.0,train
*C(=O)c1ccc2c(c1)C(=O)N(c1ccc(S(=O)(=O)c3ccc(NC(=O)c4cccc(C(=O)Nc5ccc(S(=O)(=O)c6ccc(N7C(=O)c8ccc(*)cc8C7=O)cc6)cc5)c4)cc3)cc1)C2=O,226.0,train
*Oc1cccc(NC(=O)CCCCCCCCC(=O)Nc2ccc(*)cc2)c1,125.0,train
*CCCC1(CCCNC(=O)c2ccccc2-c2ccccc2C(=O)N*)c2ccccc2-c2ccccc21,165.0,train
*OC(=O)CNC(=O)CNC(=O)CCCCCCCCC(=O)NCC(=O)NCC(=O)OC1COC2C(*)COC12,47.0,train
*C(=O)Nc1ccc(S(=O)(=O)c2ccc(NC(=O)c3ccc4c(c3)C(=O)N(c3cccc(N5C(=O)c6ccc(*)cc6C5=O)c3)C4=O)cc2)cc1,342.0,train
*c1ccc(Oc2ccc(-c3nc4ccc(Oc5ccc6nc(*)c(-c7ccccc7)nc6c5)cc4nc3-c3ccccc3)cc2)cc1,437.0,train
*Oc1ccc(Oc2ccc(C(=O)Nc3ccc(Oc4ccc(-c5ccc(Oc6ccc(NC(=O)c7ccc(*)cc7)cc6)cc5)cc4)cc3)cc2)cc1-c1ccccc1,232.0,train
*C(=O)c1ccc2c(c1)C(=O)N(c1cccc(C(=O)c3ccc(Oc4ccc(N5C(=O)c6ccc(*)cc6C5=O)cc4C(F)(F)F)cc3)c1)C2=O,242.0,train
*OC(=O)c1cccc(OCCCCCCCCCCOc2cccc(C(=O)OC3COC4C(*)COC34)c2)c1,30.0,train
*c1ccc(Oc2ccc(Oc3ccc(-n4c(=O)c5cc6c(=O)n(*)c(=O)c6cc5c4=O)cc3)cc2)cc1,312.0,train
*c1ccc2c(c1)C(=O)N(c1ccc(S(=O)(=O)c3ccc(N4C(=O)c5ccc(C(F)(F)C(F)(F)C(*)(F)F)cc5C4=O)cc3)cc1)C2=O,259.0,train
*OC(CCl)COC(=O)C1=C(C(=O)OCC(CCl)OC(=O)c2ccc(C(*)=O)cc2)C2C=CC1C2,72.0,train
*Oc1ccc(S(=O)c2ccc(Oc3ccc(/C=N/N=C/c4ccc(*)cc4)cc3)cc2)cc1,151.0,train
*c1ccc(Oc2ccc(-c3ccc(Oc4ccc(N5C(=O)C(c6ccccc6)=C(c6ccc(C7=C(c8ccccc8)C(=O)N(*)C7=O)cc6)C5=O)cc4)cc3)cc2)cc1,282.0,train
*CCCCCCCCCCCCC(=O)N*,41.0,train
*/C=C/C1CC(*)C2C(=O)N(c3ccccc3C)C(=O)C12,248.0,train
*c1ccc(Oc2ccc(C(=O)c3ccc(Oc4ccc(-c5nc(-c6ccc(-c7nc(*)c(-c8ccccc8)[nH]7)cc6)[nH]c5-c5ccccc5)cc4)cc3)cc2)cc1,276.0,train
*C(=O)Nc1ccc(-c2ccc(NC(=O)c3ccc4c(c3)C(=O)N(c3ccc(Oc5ccc(N6C(=O)c7ccc(*)cc7C6=O)cc5)cc3)C4=O)cc2)cc1,315.0,train
*Oc1ccc(-c2ccc(OC(=O)OC3C(C)(C)C(OC(*)=O)C3(C)C)cc2)cc1,165.0,train
*CCCCCCCCCCCCNC(=O)C(OC)C(OC)C(=O)N*,84.0,train
*c1ccc(Oc2ccc(C(=O)c3cccc(C(=O)c4ccc(Oc5ccc(-c6nc(-c7ccc(-c8nc(*)c(-c9ccccc9)[nH]8)cc7)[nH]c6-c6ccccc6)cc5)cc4)c3)cc2)cc1,270.0,train
*c1ccc(Oc2ccc(N3C(=O)c4ccc(Oc5ccc(C6(c7ccc(Oc8ccc9c(c8)C(=O)N(*)C9=O)cc7)CCC(c7ccccc7)CC6)cc5)cc4C3=O)cc2)cc1,236.0,train
*c1ccc(Oc2ccc(-c3nc4cc(Oc5ccc6nc(-c7ccccc7)c(*)nc6c5)ccc4nc3-c3ccccc3)cc2)cc1,263.0,train
*CC(OC(C)=O)C(COC(=O)O*)OC(C)=O,58.6,train
*Oc1ccc(Oc2ccc(/C(=N/c3ccc(Oc4ccc(/N=C(\c5ccccc5)c5ccc(*)cc5)cc4)cc3)c3ccccc3)cc2)cc1,162.0,train
*OC(=O)C(NC(=O)CCCCCCCCC(=O)NC(C(=O)OC1COC2C(*)COC12)C(C)CC)C(C)CC,91.0,train
*CC(*)(CC(=O)OCCCCCCCC)C(=O)OCCCCCCCC,-19.0,train
*CCCCCCNC(=O)CCCCCC(=O)N*,54.0,train
*c1ccc(C2(c3ccc(-c4cc(-c5ccccc5)c5cc(C6(c7ccc8nc(*)cc(-c9ccccc9)c8c7)c7ccccc7C(=O)c7ccccc76)ccc5n4)cc3)c3ccccc3-c3ccccc32)cc1,405.0,train
*c1ccc(Oc2ccc(Oc3ccc(Oc4ccc(N5C(=O)c6ccc(-c7ccc8c(c7)C(=O)N(*)C8=O)cc6C5=O)cc4)cc3)cc2)cc1,228.51,train
*CCCCNC(=O)c1ccc(C(=O)N*)c(Oc2ccccc2)c1,125.0,train
*Oc1ccc(-c2ccc(OC(=O)c3cc(OCCCc4ccccc4)c(C(*)=O)cc3OCCCc3ccccc3)cc2)cc1,72.0,train
*C(=O)Nc1ccc(Oc2ccccc2-c2ccccc2Oc2ccc(NC(=O)c3ccc4c(c3)C(=O)N(c3ccc(Oc5ccc(S(=O)(=O)c6ccc(Oc7ccc(N8C(=O)c9ccc(*)cc9C8=O)cc7)cc6)cc5)cc3)C4=O)cc2)cc1,236.0,train
*CCCCCCOC(=O)Nc1ccc(C)c(NC(=O)OCCCCCCOc2ccc(-c3ccc(O*)cc3)cc2)c1,87.0,train
*CC1CC2CC1C1CCC(CN3C(=O)c4ccc(-c5ccc6c(c5)C(=O)N(*)C6=O)cc4C3=O)C21,230.0,train
*Oc1c(Br)cc(C2(c3cc(Br)c(OC(*)=O)c(Br)c3)CC3CCC2C3)cc1Br,283.0,train
*CCN(*)CCOCCOC,16.0,train
*CCC1C(=O)N(CCCCNC(=O)C(F)(F)C(F)(F)C(F)(F)C(F)(F)C(F)(F)C(F)(F)C(F)(F)F)C(=O)C1*,100.0,train
*CCCCCCCCCCOc1c(OC)cc(/C=C2\CCC/C(=C\c3cc(OC)c(O*)c(OC)c3)C2=O)cc1OC,49.0,train
*Oc1ccc(C(=O)c2ccc(Oc3ccc(C4(c5ccc(*)cc5)c5ccccc5-c5ccccc54)cc3)cc2)c2ccccc12,260.0,train
*CC(*)(C)C(=O)OCCc1ccc(/N=N/c2ccccc2)cc1,80.0,train
*CCOC(=O)C1CCC(C(=O)OCCOc2ccc(C3(c4ccc(O*)cc4)c4ccccc4-c4ccccc43)cc2)CC1,120.05,train
*CCC(C)CCC(=O)S*,-50.0,train
*Sc1ccc(Nc2ccc(Nc3ccc(*)cc3)cc2)cc1,114.0,train
*CCCCCCNC(=O)c1c(Cl)c(Cl)c(C(=O)N*)c(Cl)c1Cl,282.0,train
*C1=C(c2ccc(-c3ccc4c(c3)C(CCCCCC)(CCCCCC)c3cc(-c5ccc(*)cc5)ccc3-4)cc2)C(=O)N(CCCCCCCCCCCC)C1=O,100.0,train
*c1cccc(N2C(=O)c3ccc(Oc4ccc(Oc5ccc(Oc6ccc7c(c6)C(=O)N(*)C7=O)cc5)cc4)cc3C2=O)c1,227.0,train
*Oc1ccc(S(=O)(=O)c2ccc(Oc3ccc(NC(=O)c4ccc(Oc5ccc(C(C)(C)c6ccc(C(C)(C)c7ccc(Oc8ccc(C(=O)Nc9ccc(*)cc9)cc8)cc7)cc6)cc5)cc4)cc3)cc2)cc1,177.0,train
*CC(*)c1ccc(C(=O)CC)cc1,102.0,train
*Cc1ccc(CNC(=O)c2cc(C(=O)N*)cc(C(C)(C)C)c2)cc1,204.0,train
*Nc1cccc(NC(=O)CCCCC(=O)Nc2ccc(C(=O)NC(*)=S)cc2)c1,267.0,train
*Oc1ccc(CC(NC(=O)CCc2ccc(OC(=O)CCCCC(*)=O)cc2)C(=O)OCCCCCCCCCCCC)cc1,22.0,train
*Oc1ccc(Oc2ccc(C(=O)c3ccc(*)cc3)cc2)cc1C,151.0,train
*/C(C)=C(/*)CCCCCCC,160.0,train
*C#Cc1ccccc1C#C[SiH](*)c1ccccc1,71.0,train
*CCOC(=O)c1ccc(/C(C#N)=C(\c2ccc(OC)cc2)N2CCC(*)CC2)cc1,167.0,train
*Nc1ccc(Nc2ccc(C(O)(c3ccccc3)c3ccc(C(O)(c4ccccc4)c4ccc(*)cc4)cc3)cc2)cc1,200.0,train
*c1ccc(C(c2ccc(-c3nc4ccc(-c5ccc6nc(*)[nH]c6c5)cc4[nH]3)cc2)(C(F)(F)F)C(F)(F)F)cc1,269.0,train
*CC(COC(=O)CCCCCN1C(=O)C2C3C=CC(C3)C2C1=O)O*,1.0,train
*CCCCOC(=O)CCCC(=O)O*,-36.5,train
*c1c(F)c(F)c(-c2c(F)c(F)c(Oc3ccc(-c4nn(*)c(=O)c5ccccc45)c(F)c3)c(F)c2F)c(F)c1F,253.0,train
*C(=O)Nc1cccc(NC(=O)c2ccc3c(c2)C(=O)N(c2cc(-c4nc5ccccc5s4)cc(N4C(=O)c5ccc(*)cc5C4=O)c2)C3=O)n1,358.0,train
*Oc1ccc(C2(c3ccc(Oc4ccc(-c5ccc(NC(=O)c6cc(C(=O)Nc7ccc(-c8ccc(*)c(C(F)(F)F)c8)cc7)cc(C(C)(C)C)c6)cc5)cc4C(F)(F)F)cc3)c3ccccc3-c3ccccc32)cc1,278.0,train
*C(=O)OCCN(CCOC(=O)c1ccc2c(c1)C(=O)N(c1cccc(N3C(=O)c4ccc(*)cc4C3=O)c1)C2=O)c1ccc(/N=N/c2ccc([N+](=O)[O-])cc2)cc1,210.0,train
*OC1C(C)(C)C(OC(=O)C2CCC(C(*)=O)CC2)C1(C)C,169.0,train
*/C(Cl)=C(/*)CCCCCCCC,90.0,train
*CC(*)(C)C(=O)OCCCCCCCCCCOc1ccc(C(=O)Oc2ccc(C(=O)/C=C/c3c(C)c4ccccc4n3C)cc2)cc1,72.0,train
*CC(*)OC(=O)c1ccccc1OC,65.0,train
*/C=C(\C#N)C(=O)OCCCCCCOC(=O)/C(C#N)=C/c1ccc2c(c1)c1cc(*)ccc1n2CCCCCCCCCCCn1c2ccccc2c2ccccc21,63.0,train
*c1ccc2c(c1)C(=O)N(c1ccc(Oc3ccc(N4C(=O)c5ccc(-c6c(-c7ccccc7)c(-c7ccccc7)c(-c7ccc(Oc8ccc(-c9c(-c%10ccccc%10)c(-c%10ccccc%10)c(*)c(-c%10ccccc%10)c9-c9ccccc9)cc8)cc7)c(-c7ccccc7)c6-c6ccccc6)cc5C4=O)cc3)cc1)C2=O,329.0,train
*CC(F)(F)C(F)(F)C(F)(F)COC(=O)c1cccc(-c2cccc(C(=O)O*)c2)c1,45.0,train
*Oc1ccc(NC(=O)c2ccc(Oc3ccc(C(C)(C)c4ccc(C(C)(C)c5ccc(Oc6ccc(C(=O)Nc7ccc(*)cc7)cc6)cc5)cc4)cc3)cc2)cc1,174.0,train
*Oc1cccc2c(OC3(F)C(*)(F)C(F)(F)C3(F)F)cccc12,138.0,train
*CC(*)(C)C(=O)OCCCCCCOc1ccc(OC(=O)c2ccc(OCCCCCC)cc2)cc1,16.0,train
*Oc1ccc(C2(c3ccc(OC(=O)c4ccc(C(*)=O)cc4)cc3)c3ccccc3C(=O)c3ccccc32)cc1,400.0,train
*CCC(C)S*,-59.0,train
*c1ccc(Oc2ccc(Oc3ccc(N4C(=O)c5ccc(Oc6ccccc6Oc6ccc7c(c6)C(=O)N(*)C7=O)cc5C4=O)cc3)cc2)cc1,202.0,train
*CC(*)OC(=O)CC(C)(C)c1ccccc1,20.0,train
*Oc1cc(Oc2ccc(C(C)(C)c3ccc(*)cc3)cc2)cc([N+](=O)[O-])c1,150.0,train
*OC(C)CCCCC(*)=O,-40.0,train
*CC(O)CN(C)S(=O)(=O)c1cccc(S(=O)(=O)N(C)CC(O)COc2ccc(O*)cc2)c1,66.0,train
*/C=C/c1ccc2c(c1)C(CCCCCCOc1ccc3ccc(=O)oc3c1)(CCCCCCOc1ccc3ccc(=O)oc3c1)c1cc(/C=C/c3ccc4c(c3)C(CCCCCC)(CCCCCC)c3cc(*)ccc3-4)ccc1-2,115.0,train
*c1ccc(NC2CC(=O)N(c3ccc(Cc4ccc(N5C(=O)CC(Nc6ccc(-c7nc(-c8ccc(/N=N/c9ccc([N+](=O)[O-])cc9)cc8)[nH]c7*)cc6)C5=O)cc4)cc3)C2=O)cc1,258.0,train
*CCCCCOC(=O)O*,-42.95,train
*C(=O)Nc1ccc(Oc2cccc(NC(=O)c3ccc4c(c3)C(=O)N(c3ccc(Oc5ccc(C6(c7ccc(Oc8ccc(N9C(=O)c%10ccc(*)cc%10C9=O)cc8)cc7)NC(=O)c7ccccc76)cc5)cc3)C4=O)c2)cc1,302.0,train
*Oc1cc(CCCCCCCCCCCCC)cc(OC(=O)c2cccc(C(*)=O)c2)c1,25.5,train
*CCCCSSCCCCO*,-76.0,train
*CC(=O)Nc1ccc(Cc2ccc(NC(=O)CN3C(=O)c4ccc(C(=O)c5ccc6c(c5)C(=O)N(*)C6=O)cc4C3=O)cc2)cc1,233.0,train
*C(=O)c1ccc2c(c1)C(=O)N(c1ccc(C)c(N3C(=O)c4ccc(*)cc4C3=O)c1)C2=O,319.5,train
*Cc1cc(CNC(=O)CCCCC(=O)N*)cc(C(C)(C)C)c1,109.0,train
*c1ccc(-c2ccc(-c3cc(-c4ccccc4)c4cc5nc(*)cc(-c6ccccc6)c5cc4n3)cc2)cc1,383.0,train
*CCCCCCCCOC(=O)Nc1ccc(C)c(NC(=O)O*)c1,64.0,train
*c1ccc2c(c1)C(=O)N(c1cccc(C(F)(F)C(F)(F)C(F)(F)C(F)(F)C(F)(F)c3cccc(N4C(=O)c5ccc(C(F)(F)C(F)(F)C(*)(F)F)cc5C4=O)c3)c1)C2=O,111.0,train
*c1ccc(Oc2ccc(C(c3ccc(Oc4ccc(-c5ccc(*)s5)cc4C(F)(F)F)cc3)(C(F)(F)F)C(F)(F)F)cc2)c(C(F)(F)F)c1,155.0,train
*CC(*)OCCOc1ccc(C=C(C#N)C#N)cc1,38.0,train
*CCCCCCC(c1ccc(O)cc1)C(*)c1ccc(O)cc1C,18.0,train
*/C=C/c1ccc(*)c(OCc2cc(OCCC(C)CCCC(C)C)cc(OCC(CC)CCCC)c2)c1,227.0,train
*=Nc1cccc(S(=O)(=O)c2cccc(/N=C3/OC(=O)c4ccc(Oc5ccc6c(c5)C(=O)OC6=*)cc43)c2)c1,190.0,train
*c1ccc(Oc2ccc(C(c3ccc(Oc4ccc(-c5nc(-c6ccccn6)nnc5*)cc4)cc3)(C(F)(F)F)C(F)(F)F)cc2)cc1,224.0,train
*CCCCOC(=O)Nc1ccc(C)c(NC(=O)OCCCCn2c3ccccc3c3cc(/C=C(\C#N)C(=O)OCCCCCCOC(=O)/C(C#N)=C/c4ccc5c(c4)c4ccccc4n5*)ccc32)c1,117.0,train
*CC/C(C)=C(/*)C,12.0,train
*/C=C/C1=C(*)CC(C(=O)OCC)(C(=O)OCC)C1,27.65,train
*c1ccc(OC(=O)c2cc(Cl)cc(C(=O)Oc3ccc(C4(*)OC(=O)c5ccccc54)cc3)c2)cc1,313.0,train
*CCCCCCOC(=O)OCCCCCCN1C(=O)c2ccc(C(=O)c3ccc4c(c3)C(=O)N(*)C4=O)cc2C1=O,76.0,train
*C(=O)Nc1ccc(S(=O)(=O)c2ccc(NC(=O)c3ccc4[nH]c(-c5cccc(-c6nc7cc(*)ccc7[nH]6)c5)nc4c3)cc2)cc1,312.0,train
*c1ccc(Oc2ccc(S(=O)(=O)c3ccc(Oc4ccc(N5C(=O)C6CCC(C7CCC8C(=O)N(*)C(=O)C8C7)CC6C5=O)cc4)cc3)cc2)cc1,256.5,train
*CCCCCCn1ccc(-c2cccc(-c3ccn(*)n3)c2)n1,70.0,train
*CC(*)(C)C(=O)OCCCCCC(=O)Oc1ccc(OC(=O)c2ccc(OCCC)cc2)cc1,45.0,train
*CC(*)OC(=O)C(F)(F)C(F)(F)C(F)(F)C(F)(F)C(F)(F)C(F)(F)C(F)(F)F,-10.0,train
*CCOC(=O)c1ccc(O*)cc1,84.0,train
*C(=O)Nc1cccc(Oc2ccc(S(=O)(=O)c3ccc(Oc4cccc(NC(=O)c5ccc(N6C(=O)c7ccc(*)cc7C6=O)cc5)c4)cc3)cc2)c1,235.0,train
*CCCCCCCCOc1ccc(CCc2ccc(O*)cc2C)cc1,-12.0,train
*Oc1ccc(Oc2ccc(NC(=O)c3ccc(-c4ccc(C(=O)Nc5ccc(*)cc5)c(C)c4)cc3C)cc2)cc1,219.0,train
*c1ccc(OCC2CCC(COc3ccc(-n4c(=O)c5cc6c(=O)n(*)c(=O)c6cc5c4=O)cc3)CC2)cc1,306.7,train
*Oc1c(Br)cc(C(C)(C)c2cc(Br)c(OC(=O)c3cccc(C(*)=O)c3)c(Br)c2)cc1Br,115.0,train
*c1ccc(Oc2ccc(Sc3ccc(Oc4ccc(-c5cccc(*)n5)cc4C(F)(F)F)cc3)cc2)c(C(F)(F)F)c1,144.5,train
*CCN(*)C(=O)C1(c2ccc(Cl)cc2)CCC1,112.0,train
*O[Si](C)(C)O[Si](C)(C)O[Si](C)(C)O[Si](C)(c1ccccc1)c1cccc([Si](*)(C)c2ccccc2)c1,-42.0,train
*OC(CCCCCCC=C)CC(*)=O,-50.0,train
*c1cc(Br)c(-c2c(Br)cc(N3C(=O)c4ccc(-c5ccc6c(c5)C(=O)N(*)C6=O)cc4C3=O)cc2C(=O)OCCCCCCCCCCCCCCCCCC)c(C(=O)OCCCCCCCCCCCCCCCCCC)c1,83.5,train
*N=P(*)(Oc1ccc(Cl)cc1Cl)Oc1ccc(Cl)cc1Cl,2.0,train
*CC(*)CC(C)(C)C,190.0,train
*O[Si](*)(C)c1c(F)c(F)c(F)c(F)c1F,-25.0,train
*Oc1ccc(Oc2ccc(OC(=O)c3ccccc3-c3ccccc3C(*)=O)cc2)cc1,147.0,train
*C(=S)Nc1ccc(Oc2ccc(NC(=S)N3C(=O)c4ccc(C(c5ccc6c(c5)C(=O)N(*)C6=O)(C(F)(F)F)C(F)(F)F)cc4C3=O)cc2)cc1,260.0,train
*Oc1ccc(S(=O)(=O)c2ccc(Oc3c(C)cc(C(c4cc(C)c(*)c(C)c4)(C(F)(F)F)C(F)(F)F)cc3C)cc2)cc1,248.0,train
*Nc1cccc(NC(=C(C#N)C#N)c2cccc(C(*)=C(C#N)C#N)c2)c1,278.0,train
*CCOP(=O)(/N=N/c1ccc(CCOC(=O)c2cc(C(=O)OCCc3ccc(/N=N/P(=O)(O*)OC)cc3)cc(C(C)(C)C)c2)cc1)OC,84.0,train
*CC(*)c1ccc(C(=O)CCC)cc1,74.0,train
*C(=O)Nc1ccc(Oc2cccc(Oc3ccc(NC(=O)c4ccc5c(c4)C(=O)N(c4cccc(Oc6cccc(Oc7cccc(N8C(=O)c9ccc(*)cc9C8=O)c7)c6C#N)c4)C5=O)cc3)c2)cc1,207.0,train
*O[Si](C)(C)O[Si](C)(C)O[Si](C)(C)O[Si](C)(C)C#Cc1ccc(C#C[Si](*)(C)C)cc1,84.0,train
*CCOC(=O)CCCCC(=O)OCCOC(=O)c1ccc(C(=O)O*)cc1,8.0,train
*CC(C)C(*)(C)C,37.0,train
*c1cccc(P(=O)(c2cccc(-n3c(=O)c4cc5c(=O)n(*)c(=O)c5c(-c5ccccc5)c4c3=O)c2)c2cc(C(F)(F)F)cc(C(F)(F)F)c2)c1,300.0,train
*CCCCCCCCCOC(=O)c1ccc(-c2ccc(C(=O)O*)cc2)cc1,50.5,train
*Nc1cccc(NC(=O)c2cc(C(*)=O)cc(S(=O)(=O)c3ccccc3)c2)c1,277.0,train
*/C=C/C1CC(*)C(C#N)([Si](C)(C)C)C1,211.0,train
*OC(COC(=O)c1c(F)c(F)c(-c2c(F)c(F)c(C(*)=O)c(F)c2F)c(F)c1F)COc1ccc(/N=N/c2ccc(C#N)cc2)cc1,112.0,train
*c1ccc(Oc2ccc(Oc3ccc(-c4nnc(*)c5c(-c6ccc(F)cc6)c(-c6ccc(F)cc6)c(-c6ccc(F)cc6)c(-c6ccc(F)cc6)c45)cc3)cc2)cc1,309.0,train
*c1ccc(NC(=O)c2cc(NC(=O)c3ccc(OC(C)=O)cc3)cc(C(=O)Nc3ccc(-c4nnc(*)o4)cc3)c2)cc1,280.0,train
*/C=C(/*)CCCOc1ccc(OC(=O)c2ccc(OCCCCCCCC)cc2)cc1,42.0,train
*CC(*)(C)C(=O)Oc1ccccc1,110.0,train
*CC(=O)C(*)c1ccc(C(C)(C)C)cc1,158.0,train
*c1ccc(-c2cc(-c3ccc(OCCCC#N)cc3)cc(-c3ccc(N4C(=O)c5ccc(Oc6ccc7c(c6)C(=O)N(*)C7=O)cc5C4=O)cc3)n2)cc1,315.0,train
*c1ccc(Oc2cccc(N3C(=O)c4ccc(Oc5ccc6cc(Oc7ccc8c(c7)C(=O)N(*)C8=O)ccc6c5)cc4C3=O)c2)cc1,225.0,train
*Cc1ccccc1[Si](*)(c1ccccc1)c1ccccc1,122.0,train
*Oc1ccc(-c2ccc(OC(=O)c3cc(/N=N/c4ccc(OCC)cc4)ccc3-c3ccc(/N=N/c4ccc(OCC)cc4)cc3C(*)=O)cc2)cc1,165.0,train
*CCc1ccc(*)c(C#N)c1,90.0,train
*Oc1ccc(NC(=O)c2ccc(Oc3ccc(C(=O)Nc4ccc(Oc5ccc(C6(c7ccc(*)cc7)C7CC8CC(C7)CC6C8)cc5)cc4)cc3)cc2)cc1,230.0,train
*C1CCC(CC2CCC(N3C(=O)c4ccc(-c5ccc6c(c5)C(=O)N(*)C6=O)cc4C3=O)C(C)C2)CC1C,260.0,train
*Oc1ccc(C(c2ccc(OC(*)=O)cc2)C2CCCCC2)cc1,190.0,train
*c1ccc(C(=O)Oc2ccc(C(C)(C)c3ccc(OC(=O)c4ccc(N5C(=O)CC(SCCOCCSC6CC(=O)N(*)C6=O)C5=O)cc4)cc3)cc2)cc1,143.0,train
*OCCOC(=O)CCCCC(=O)OCCOc1nc(-c2ccc(OC)cc2)nc(*)c1-c1ccc(OC)cc1,48.0,train
*CC(*)C(=O)OCc1c(Br)c(Br)c(Br)c(Br)c1Br,181.0,train
*Oc1ccc(/C(=C/c2cc(OC)c(/C=C(/c3ccc(*)cc3)c3ccc(F)cc3)cc2OC)c2ccc(F)cc2)cc1,187.0,train
*Nc1ccc(C(C)(C)c2ccc(NC(=O)c3cc(C(*)=O)cc(N4C(=O)C5C6CCC(C6)C5C4=O)c3)cc2)cc1,311.0,train
*Oc1ccc(C(C)(C)c2ccc(OC(=O)c3ccc(C(*)=O)cc3)c(Cl)c2)cc1Cl,190.0,train
*CCN(CCOC(=O)c1cccc(C(=O)O*)c1)c1ccccc1,60.0,train
*CCCC1(CCCNC(=O)CCCCCCCCC(=O)N*)c2ccccc2-c2ccccc21,85.0,train
*Nc1ccc(NC(=O)c2cc(-c3ccc(C(=O)OCC)c(C(*)=O)c3)ccc2C(=O)OCC)cc1,231.7,train
*CC(COC(C)(C)C)O*,-24.0,train
*Oc1ccc(C(=O)Nc2ccc(C(c3ccc(NC(=O)c4ccc(OC(=O)c5ccc(C(*)=O)cc5)cc4)cc3)(C(F)(F)F)C(F)(F)F)cc2)cc1,266.0,train
*c1cccc(N2C(=O)c3ccc(Oc4ccc(Oc5ccc6c(c5)C(=O)N(*)C6=O)cc4)cc3C2=O)c1,255.0,train
*CC(O)COc1ccc(C(C)(C)c2ccc(OCC(O)COc3cccc(NC(=O)CCCCC(=O)Nc4cccc(O*)c4)c3)cc2)cc1,103.0,train
*CCCC(C)(C)CCCNC(=O)c1ccc(C(=O)N*)cc1,152.0,train
*C(=O)c1cc2c(cc1Cl)C(=O)N(c1cc(Cl)c(N3C(=O)c4cc(*)c(Cl)cc4C3=O)cc1Cl)C2=O,367.0,train
*/C=C/c1ccc(/C=C/[Si](C)(CCC(F)(F)F)c2cccc([Si](*)(C)CCC(F)(F)F)c2)cc1,23.4,train
*CCCCCCOc1ccc(N(c2ccccc2)c2ccc(-c3ccc(N(c4ccccc4)c4ccc(O*)cc4)cc3)cc2)cc1,85.0,train
*Oc1ccc(C2(c3ccc(OC(=O)c4ccc(C(*)=O)cc4)cc3)c3ccccc3-c3ccccc32)cc1,285.0,train
*CCOC(=O)/C=C/C(=O)NCCCCCCNC(=O)/C=C/C(=O)O*,89.0,train
*c1ccc2c(c1)C(=O)N(c1ccc(Oc3ccc(N4C(=O)c5ccc(C(*)(C(F)(F)F)C(F)(F)F)cc5C4=O)cc3)cc1)C2=O,303.0,train
*c1c(C)cc(Cc2cc(C)c(N3C(=O)c4ccc(Oc5ccc6ccc(Oc7ccc8c(c7)C(=O)N(*)C8=O)cc6c5)cc4C3=O)c(C)c2)cc1C,272.0,train
*C(=O)Nc1ccc(Cc2ccc(N3C(=O)c4ccc(*)cc4C3=O)cc2)cc1,279.5,train
*c1ccc2c(c1)C(=O)N(c1c(C)cc(-c3cc(C)c(N4C(=O)c5ccc(C(*)(C(F)(F)F)C(F)(F)F)cc5C4=O)c4ccccc34)c3ccccc13)C2=O,403.0,train
*c1ccc(-c2cc(C(C)(C)C)c(Oc3ccc(-n4c(=O)c5cc6c(=O)n(*)c(=O)c6cc5c4=O)cc3)c(C(C)(C)C)c2)cc1,398.5,train
*CCN(CCOC(=O)OCc1ccc(COC(=O)O*)cc1)c1ccc(/N=N/c2ccc([N+](=O)[O-])cc2)cc1,138.8,train
*CC(*)(Cl)C(=O)OCCC,66.0,train
*C[Si](*)(C)CCCN(CC)CC,-31.75,train
*CCN(*)C(=O)c1cc(F)c(F)cc1F,105.0,train
*C(=O)c1ccc2nc(-c3ccc(-c4cnc5cc(*)ccc5n4)cc3)cnc2c1,318.0,train
*CC(*)c1cc(Br)ccc1OCCCCC,49.0,train
*Oc1ccc(C(=O)Nc2cc(NC(=O)c3ccc(*)cc3)cc(-c3nc4ccccc4[nH]3)c2)cc1,335.0,train
*CNC(=O)OC(c1ccco1)C(OC(=O)NCc1ccc(C(C)(C)c2ccc(*)o2)o1)c1ccco1,45.0,train
*CC(*)C(=O)OCCOCC(F)(F)C(F)(F)C(F)(F)F,-45.0,train
*Oc1ccc(CCNC(=O)c2cccc(C(=O)NCCc3ccc(OC(=O)c4cccc(C(*)=O)c4)cc3)c2)cc1,147.0,train
*Oc1ccc(C(C)(C)C)cc1Oc1ccc(S(=O)(=O)c2ccc(*)cc2)cc1,180.5,train
*CC(O)COc1ccc(C2CCCC(CC)(c3ccc(O*)cc3)C2)cc1,140.0,train
*c1ccc(NC(=O)c2cc(C(=O)Nc3ccc(-c4nnc(*)o4)cc3)cc(N3C(=O)c4ccccc4C3=O)c2)cc1,327.0,train
*c1ccc(-c2ccc3c(c2)C(CCCCCC)(CCCCCC)c2cc(*)ccc2-3)cc1,106.2,train
*CCOCCOC(=O)C1CCC(C(=O)O*)CC1,-12.0,train
*CC(*)CNc1ccc([N+](=O)[O-])c(C(F)(F)F)c1,153.0,train
*OC(COC(=O)c1ccc2cc(C(*)=O)ccc2c1)COc1ccc(/N=N/c2ccc(C#N)cc2)cc1,138.0,train
*c1ccc(-c2ccc3nc(Oc4cc(-c5ccccc5)c5cc(*)ccc5n4)cc(-c4ccccc4)c3c2)cc1,300.0,train
*c1ccc(-c2cnc3cc(-c4ccc5nc(*)cnc5c4)ccc3n2)cc1,350.0,train
*COC(=O)OC1C(*)OC2OC(C)(C)OC21,128.0,train
*/C(C)=C(/*)[Si](C)(C)C,75.0,train
*CC(*)OCCCCCCCOc1ccc(-c2ccc(C#N)cc2)cc1,13.0,train
*CCCCCCNC(=O)c1ccc(C(=O)N*)c(Oc2ccc(F)cc2)c1,113.0,train
*CC(C)(/C=C(/*)C)C(=O)OC,24.0,train
*Oc1ccc(C2(c3ccc(OC(=O)c4ccc(Oc5ccc(C6(c7ccc(Oc8ccc(C(*)=O)cc8)cc7)CCC(C(C)(C)C)CC6)cc5)cc4)cc3)CCCCCCCCCCC2)cc1,181.0,train
*CCCCCCOC(=O)C(CCCCCCCCCCP(=O)(O)O)C(=O)OCCCCCCOc1ccc(-n2on2-c2ccc(O*)cc2)cc1,16.0,train
*Oc1ccc(C(c2ccc(OC(*)=S)cc2)c2cccc3ccccc23)cc1,191.0,train
*c1ccc(-c2ccc(C(*)(C(F)(F)F)C(F)(F)F)cc2)cc1,264.0,train
*OP(=O)(Oc1ccc(NC(=O)Oc2ccc(-c3ccc(OC(=O)Nc4ccc(*)cc4)cc3)cc2)cc1)c1ccccc1,34.0,train
*CCOCCOCCOc1ccc(/C=C(\C)c2ccc(O*)cc2)cc1,16.0,train
*O[Si](C)(C)CCCCCCOC(=O)C(C)Oc1ccc(OC(=O)c2ccc(-c3ccc(OCCCCCCCCCC[Si](*)(C)C)cc3)cc2)cc1,35.0,train
*CCCCCCCCCCC(=O)Nc1ccc(NC(=O)CCCCCCCCCCN2C(=O)c3ccc(C(=O)c4ccc5c(c4)C(=O)N(*)C5=O)cc3C2=O)cc1,125.0,train
*Oc1cc(CCC)cc(OC(=O)c2cccc(C(*)=O)c2)c1,129.0,train
*c1ccc(Cc2ccc(N3C(=O)c4ccc(Oc5ccc(Oc6ccc7c(c6)C(=O)N(*)C7=O)cc5)cc4C3=O)cc2)cc1,259.0,train
*c1cccc(Oc2cccc(Oc3cccc(Oc4cccc(Oc5cccc(N6C(=O)c7ccc(Oc8ccc9c(c8)C(=O)N(*)C9=O)cc7C6=O)c5)c4C#N)c3)c2C#N)c1,176.0,train
*Oc1ccc(NC(=O)c2ccc(C(=O)Nc3ccc(Oc4ccc(C5(c6ccc(*)cc6)C6CC7CC(C6)CC5C7)cc4)cc3)c3ccccc23)cc1,269.0,train
*CCc1cccc(*)c1,9.0,train
*C(=O)c1ccc2c(c1)C(=O)N(c1cccc(Nc3nc(Nc4cccc(N5C(=O)c6ccc(*)cc6C5=O)c4)nc(-c4ccccc4)n3)c1)C2=O,292.0,train
*Oc1ccc(Oc2c(F)c(F)c(-c3c(F)c(F)c(*)c(F)c3F)c(F)c2F)cc1S(=O)(=O)O,120.0,train
*Nc1cc(NC(=O)c2cccc(C(*)=O)c2)cc(C(=O)Oc2ccc(Oc3ccc(C#N)c(C#N)c3)cc2)c1,305.0,train
*CCCCCCCNC(=O)CCCCCCCCCCCCCCCCCCC(=O)N*,46.0,train
*CC(*)C(=O)OCCCCCC(=O)Oc1ccc(-c2ccc(C#N)cc2)cc1,38.0,train
*c1ccc(Sc2ccc(Sc3ccc(N4C(=O)c5ccc(Sc6ccc(Sc7ccc(Sc8ccc9c(c8)C(=O)N(*)C9=O)cc7)cc6)cc5C4=O)cc3)s2)cc1,185.5,train
*CC(*)C(=O)OCF,15.0,train
*c1ccc(-c2ccc(-n3c(=O)c4c(C(F)(F)F)c5c(=O)n(*)c(=O)c5c(C(F)(F)F)c4c3=O)cc2C)c(C)c1,385.0,train
*/C=C/c1ccc(/C=C/c2ccc3c(c2)C(CCCCCCOc2ccc4ccc(=O)oc4c2)(CCCCCCOc2ccc4ccc(=O)oc4c2)c2cc(*)ccc2-3)cc1,104.0,train
*c1ccc(*)c(C(=O)c2ccc(F)cc2)c1,194.0,train
*C(=O)c1ccc2c(c1)C(=O)N(c1ccc(Oc3ccc(Oc4ccc(N5C(=O)c6ccc(*)cc6C5=O)cc4C(F)(F)F)cc3)cc1)C2=O,237.1,train
*CC(*)OC(=O)c1ccccc1,70.4,train
*CCCCCCCCCC[N+](*)(C)C,65.9,train
*CC(*)(C)C(=O)OCC(O)CO,84.4,train
*O[Si](C)(C)O[Si](C)(C)O[Si](C)(C)c1ccc([Si](*)(C)C)cc1,-62.0,train
*CC(*)(CC(=O)Oc1ccc(OC)cc1)C(=O)Oc1ccc(OC)cc1,119.5,train
*CC(*)OC(=O)c1ccc(OC(C)=O)cc1,76.0,train
*c1ccc(Oc2ccccc2Oc2ccc(N3C(=O)c4ccc(Oc5ccccc5Oc5ccc6c(c5)C(=O)N(*)C6=O)cc4C3=O)cc2C(F)(F)F)c(C(F)(F)F)c1,185.0,train
*CCCCCCCCCCOC(=O)CCCCCCCCC(=O)O*,-54.0,train
*C(=O)Nc1ccc(Oc2ccc(Oc3ccc(NC(=O)c4ccc5c(c4)C(=O)N(c4ccc(Oc6ccc(C7(c8ccc(Oc9ccc(N%10C(=O)c%11ccc(*)cc%11C%10=O)cc9)cc8)CC8CC7C7CCCC87)cc6)cc4)C5=O)cc3)c(C(C)(C)C)c2)cc1,275.0,train
*c1ccc2c(c1)C(=O)N(c1ccc(Oc3ccc(Oc4ccc(N5C(=O)c6ccc(C(*)(C(F)(F)F)C(F)(F)F)cc6C5=O)cc4)cc3)cc1)C2=O,279.0,train
*CCCCCCCCCCOc1ccc(/C=C/c2ccc(OCCCCCCCCCCOP(=O)(O*)OCCCCCCCCCCOc3ccc(/N=N/c4ccc(Cl)cc4)cc3)cc2)cc1,60.0,train
*CC(CC)(CCl)CO*,20.0,train
*CCC(F)(F)C(*)(F)F,-108.0,train
*CCCCCCCCCNC(=O)c1ccc(C(=O)N*)cc1,115.0,train
*CC(*)c1c(F)c(F)c(P(=O)(O)O)c(F)c1F,330.0,train
*COC(=O)OCC1OC(C)(C)OC1*,51.3,train
*CC(O)CN(*)c1cc(C)c(/N=N/c2ccc(C#N)cc2)c(C)c1,150.0,train
*Oc1ccc(C2(c3ccc(OC(*)=S)cc3)CCC(C)CC2)cc1,168.0,train
*CC(=O)NCCCCCCNC(=O)CO*,10.0,train
*CC(*)n1ccnc1,175.0,train
*c1cn(*)c2ccccc12,65.0,train
*CC(*)C(=O)Oc1ccc(C)cc1,42.5,train
*c1ccc(Oc2ccccc2Oc2ccc(N3C(=O)c4ccc(Oc5ccccc5Oc5ccc6c(c5)C(=O)N(*)C6=O)cc4C3=O)cc2)cc1,193.0,train
*CC(*)c1ccc(C(O)CCN(C)C)cc1,43.0,train
*Oc1ccc(C2(c3ccc(Oc4ccc(C(=O)c5c(C(=O)c6ccc(*)cc6)c(-c6ccc(F)cc6)c(-c6ccc(F)cc6)c(-c6ccc(F)cc6)c5-c5ccc(F)cc5)cc4)cc3)c3ccccc3-c3ccccc32)cc1,293.0,train
*c1ccc(-c2ccc(-c3cc(CCCCCCCC)c(-c4ccc(-c5sc(*)cc5CCCCCCCC)cc4)s3)cc2)cc1,0.6,train
*CCCCCC(*)CCCC,-69.0,train
*c1ccc2c(c1)C(=O)N(c1ccccc1Oc1ccc(N3C(=O)c4ccc(C(*)(C(F)(F)F)C(F)(F)F)cc4C3=O)cc1)C2=O,276.0,train
*CC(*)c1ccc(CCCCCCCCCCCC)cc1,-52.0,train
*CC(*)(C)c1nc(N(CCOCCOCCOC)CCOCCOCCOC)nc(N(CCOCCOCCOC)c2ccccc2)n1,-75.0,train
*Oc1ccc(P(=O)(c2ccccc2)c2ccc(Oc3ccc(C(C)(C)c4ccc(*)cc4)cc3)cc2)cc1,199.0,train
*c1ccc(-c2ccc(-c3ccc(-n4c(=O)c5c(C(F)(F)F)c6c(=O)n(*)c(=O)c6c(C(F)(F)F)c5c4=O)cc3)cc2)cc1,364.0,train
*CCN(*)C(=O)CCC,42.0,train
*CCCCCCOc1ccc(/C=C2\CCC/C(=C\c3ccc(O*)c(OC)c3)C2=O)cc1OC,80.0,train
*Oc1ccc(-c2ccc(Oc3ccc(C(=O)c4ccc(*)cc4)cc3)cc2)cc1,167.0,train
*CC(*)C,-3.0,train
*Oc1ccc(OC(=O)c2ccc(C(*)=O)cc2Sc2ccccc2)cc1C,130.0,train
*c1ccc(Oc2ccc(N3C(=O)c4ccc(Oc5cc6ccccc6cc5Oc5ccc6c(c5)C(=O)N(*)C6=O)cc4C3=O)cc2)cc1,220.5,train
*Nc1ccc(*)cc1OCCCCCCCCCCCCCCCC,92.0,train
*CC(*)(C)C(=O)Oc1ccc(/N=N/c2ccc([N+](=O)[O-])cc2)cc1,145.0,train
*C(=O)c1ccc2c(c1)C(=O)N(c1ccc(Sc3ccc(N4C(=O)c5ccc(*)cc5C4=O)cn3)nc1)C2=O,246.0,train
*CC(COC)O*,-62.0,train
*c1ccc2c(c1)C(=O)N(c1c(C(C)C)cc(C(c3ccccc3)(c3cc(C(C)C)c(N4C(=O)c5ccc(C(*)(C(F)(F)F)C(F)(F)F)cc5C4=O)c(C(C)C)c3)C(F)(F)F)cc1C(C)C)C2=O,274.0,train
*Oc1ccc(Oc2ccc(C(=O)c3ccc(P(=O)(c4ccccc4)c4ccc(C(=O)c5ccc(*)cc5)cc4)cc3)cc2)cc1,207.0,train
*CC(*)C(=O)OCCCCCCCCCCCCOC(=O)c1ccc(OC(=O)c2ccc(C#N)cc2)cc1,15.0,train
*CCCCCCOC(=O)Nc1ccc(C)c(NC(=O)O*)c1,32.0,train
*=Nc1ccc(Cc2ccc(NC(=*)CCC)cc2)cc1,110.0,train
*C(=O)Nc1ccc(Oc2ccc(-c3ccc(Oc4ccc(NC(=O)c5ccc6c(c5)C(=O)N(c5ccc(Oc7ccccc7-c7ccccc7Oc7ccc(N8C(=O)c9ccc(*)cc9C8=O)cc7)cc5)C6=O)cc4)cc3)cc2)cc1,254.0,train
*CC(*)OC=O,37.0,train
*Oc1c(-c2ccccc2)cc(*)cc1-c1cccc(C)c1,219.0,train
*CCOCCOc1cccc(NC(=O)c2cccc(C(=O)Nc3cccc(O*)c3)c2)c1,128.5,train
*c1c(C)cc(C)c(-n2c(=O)c3cc4c(=O)n(*)c(=O)c4cc3c2=O)c1C,399.75,train
*O[Si](C)(Oc1ccc(C(C)(C)c2ccc(*)cc2)cc1)c1ccccc1,58.0,train
*C1C(=O)OC(=O)C1C1C2CC(COCCC)C(C2)C1*,209.0,train
*CC(F)(F)C(F)(F)COC(=O)NCC(F)(F)C(F)(F)C(F)(F)C(F)(F)CNC(=O)O*,38.0,train
*CC(*)c1c(C)cc(C)cc1C,126.0,train
*Cc1cc2cc(C(=O)Nc3cccc(NC(=O)c4cc5cc(*)c(OC(=O)COc6ccc7ccc(=O)oc7c6)cc5oc4=O)c3)c(=O)oc2cc1OC(=O)COc1ccc2ccc(=O)oc2c1,240.0,train
*c1ccc(Oc2ccc(C(C)(C)c3ccc(Oc4ccc(-c5cccc(*)n5)cc4C(F)(F)F)cc3)cc2)c(C(F)(F)F)c1,125.0,train
*C(=O)Nc1cccc(NC(=O)c2ccc3c(c2)C(=O)N(c2ccc(-c4sc(-c5ccc(N6C(=O)c7ccc(*)cc7C6=O)cc5)c(-c5ccccc5)c4-c4ccccc4)cc2)C3=O)c1,334.0,train
*CCN(*)C(=O)c1cc(F)c(F)c(F)c1F,97.0,train
*c1ncnc(N(CCCCCCCCCCN(*)c2ccccc2)c2ccccc2)n1,55.0,train
*CC(*)OC(=O)c1ccc(C(C)C)cc1,67.7,train
*CC(O)COC(=O)CCCCC(=O)OCC(O)COc1ccc(C(=O)Oc2ccc(O*)cc2)cc1,37.0,train
*c1cc(CCCC)c(*)s1,59.0,train
*c1ccc(NC2CC(=O)N(c3ccc(Cc4ccc(N5C(=O)CC(Nc6ccc(-c7nc(-c8ccc(/C=C/c9ccc([N+](=O)[O-])cc9)cc8)[nH]c7*)cc6)C5=O)cc4)cc3)C2=O)cc1,250.0,train
*Oc1ccc(C(C)(C)C)cc1Oc1ccc(S(=O)(=O)c2ccc(*)cc2)cc1,182.0,train
*C(=O)c1ccc(Oc2ccc(-c3ccc(Oc4ccc(C(=O)c5ccc6c(c5)C(=O)N(c5ccc(N7C(=O)c8ccc(*)cc8C7=O)cc5)C6=O)cc4)cc3)cc2)cc1,229.0,train
*CC(*)C(=O)NC(C)C,134.62,train
*CO*,-71.0,train
*/C=C/c1cc(OCCc2ccccc2)c(*)cc1OC,121.0,train
*N=P(N=P(N=S(*)(=O)NCCC)(NCCC)NCCC)(NCCC)NCCC,6.0,train
*c1ccc2c(c1)C(=O)N(c1ccc(C(=O)Nc3ccc(C(c4ccc(NC(=O)c5ccc(N6C(=O)c7ccc(C(*)(C(F)(F)F)C(F)(F)F)cc7C6=O)c(C)c5)cc4)(C(F)(F)F)C(F)(F)F)cc3)cc1C)C2=O,344.0,train
*CCN(*)C(=O)C1CC1,77.0,train
*CC(*)(C)C(=O)NC(=O)OCCOc1c(Br)cc(S(=O)(=O)c2cc(Br)c(OCCO)c(Br)c2)cc1Br,110.0,train
*c1ccc(Oc2cccc(Oc3ccc(N4C(=O)c5cccc(Oc6ccc(-c7ccc(Oc8cccc9c8C(=O)N(*)C9=O)cc7)cc6)c5C4=O)cc3)c2)cc1,224.0,train
*OC(=O)c1ccc(C(C)(C)c2ccc(C(*)=O)cc2)cc1,100.0,train
*Oc1ccc(NC(=O)c2ccc(C(=O)Nc3ccc(OC4COC5C(*)COC45)cc3)cc2)cc1,57.0,train
*CCOCCOC(=O)c1ccc(N/C=N/c2ccc(C(=O)O*)cc2)cc1,77.0,train
*CC(*)c1cc(-c2ccc(C(=O)OC(C)CC)cc2)ccc1-c1ccc(C(=O)OC(C)CC)cc1,212.5,train
*Oc1ccc(C(c2ccc(Oc3ccc(C(=O)c4ccc(C(C)(C)c5ccc(C(=O)c6ccc(*)cc6)cc5)cc4)cc3)cc2)(C(F)(F)F)C(F)(F)F)cc1,179.0,train
*CC(*)C(=O)OCCCCOc1ccc(/N=N/c2ccc([N+](=O)[O-])cc2)cc1,36.7,train
*Oc1ccc2ccc(Oc3ccc(C(=O)Nc4ccc(Oc5ccc(C(C)(C)c6ccc(C(C)(C)c7ccc(Oc8ccc(NC(=O)c9ccc(*)cc9)cc8)cc7)cc6)cc5)cc4)cc3)cc2c1,166.0,train
*Oc1ccc(CC(NC(=O)CCc2ccc(OC(=O)CCCCCCCCC(*)=O)cc2)C(=O)OC)cc1,47.0,train
*Oc1ccc(C(C)(C)c2ccc(Oc3ccc(C(=O)c4ccc(*)c(S(=O)(=O)O)c4)cc3S(=O)(=O)O)cc2)cc1,175.0,train
*c1ccc(-c2nc3cc(Oc4ccc5nc(-c6ccccc6)c(*)nc5c4)ccc3nc2-c2ccccc2)cc1,304.0,train
*/C=C/c1nc(/C=C/c2ccc3c(c2)c2cc(*)ccc2n3CCCCCC)c(C#N)c(/C=C/c2ccc(N(c3ccccc3)c3ccccc3)cc2)c1C#N,134.0,train
*Oc1ccc(C(C)(C)c2ccc(OC(=O)c3ccc(C(c4ccc(C(*)=O)cc4)(C(F)(F)F)C(F)(F)F)cc3)cc2)cc1,124.0,train
*CC(COc1ccc(C(C)(C)c2ccc(O*)cc2)cc1)OC(=O)/C=C/c1ccco1,107.2,train
*CCSS*,-27.0,train
*CC(CC)O*,-71.5,train
*CC(*)(C)C(=O)NC(=O)Oc1c(Br)cc(S(=O)(=O)c2cc(Br)c(O)c(Br)c2)cc1Br,116.0,train
*Oc1ccc(C(=O)c2cccc(NC(=O)CCCCCCCCC(=O)Nc3cccc(C(=O)c4ccc(*)cc4)c3)c2)cc1,141.0,train
*Oc1ccc(N(c2ccccc2)c2ccc(-c3ccc(N(c4ccccc4)c4ccc(*)cc4)cc3)cc2)cc1,218.0,train
*c1ccc2c(c1)C(=O)N(c1ccc(C(=O)Nc3ccc(Oc4cccc(Oc5ccc(NC(=O)c6ccc(N7C(=O)c8ccc(C(*)(C(F)(F)F)C(F)(F)F)cc8C7=O)cc6)cc5)c4)cc3)cc1)C2=O,286.0,train
*C(=O)OCCCCCCCCCCOC(=O)c1ccc(N2C(=O)c3ccc(*)cc3C2=O)cc1,58.0,train
*CC(C)(C)COC(=O)Nc1ccc(C)c(NC(=O)O*)c1,-32.0,train
*c1ccc(Oc2ccc(Oc3ccc(P(=O)(c4ccccc4)c4ccc(Oc5ccc(Oc6ccc(-c7nc8cc9sc(*)nc9cc8s7)cc6)cc5)cc4)cc3)cc2)cc1,255.0,train
*CC(O)CN(*)c1ccc(/N=N/c2ccc(Cl)cc2)cc1,160.0,train
*C(=O)Nc1ccc(Cc2ccc(NC(=O)c3ccc(N4C(=O)c5ccc(*)cc5C4=O)cc3)cc2)cc1,222.0,train
*Oc1ccc(S(=O)(=O)c2ccc(Oc3ccc(C(c4ccc(*)cc4)C(C)C)cc3)cc2)cc1,200.0,train
*Oc1ccc(S(=O)(=O)c2ccc(Oc3ccc(C(=O)c4ccc(*)cc4)cc3)cc2)cc1,205.0,train
*C(=O)Oc1ccc(C(c2ccc(OC(=O)c3ccc4c(c3)C(=O)N(c3c(C)cc(-c5cc(C)c(N6C(=O)c7ccc(*)cc7C6=O)c(C)c5)cc3C)C4=O)cc2)(C(F)(F)F)C(F)(F)F)cc1,335.0,train
*C(=O)c1ccc(C(=O)N(*)c2ccccc2)cc1,179.0,train
*c1ccc(-c2cnc3cc4nc(*)cnc4cc3n2)cc1,392.0,train
*c1ccc(Oc2ccc(C(=O)c3ccc(Oc4ccc(C(=O)c5ccc(Oc6ccc(-c7nc(-c8ccc(-c9nc(*)c(-c%10ccccc%10)[nH]9)cc8)[nH]c7-c7ccccc7)cc6)cc5)cc4)cc3)cc2)cc1,245.0,train
*Oc1ccc(NC(=O)c2cc(C(c3ccc(C(=O)O)c(C(=O)Nc4ccc(Oc5ccc(C(c6ccc(*)cc6)(C(F)(F)F)C(F)(F)F)cc5)cc4)c3)(C(F)(F)F)C(F)(F)F)ccc2C(=O)O)cc1,260.0,train
*c1cccc(N2C(=O)c3ccc(Oc4ccc5ccc(Oc6ccc7c(c6)C(=O)N(*)C7=O)cc5c4)cc3C2=O)c1,254.0,train
*CC(=O)Nc1cccc2c(NC(=O)COc3ccc4ccccc4c3Sc3c(O*)ccc4ccccc34)cccc12,264.0,train
*C(=O)OCCN(CCOC(=O)c1ccc2c(c1)C(=O)N(c1cccc(N3C(=O)c4ccc(*)cc4C3=O)c1)C2=O)c1ccc(/N=N/c2ccc(C)cc2)cc1,171.0,train
*c1ccc(-c2ccc(-c3cc(-c4ccccc4)c4cc(-c5ccc6nc(*)cc(-c7ccccc7)c6c5)ccc4n3)cc2)cc1,360.0,train
*c1ccc(-c2sc(-c3cc(CCCCCCCC)c(*)s3)cc2CCCCCCCC)cc1,50.4,train
*Oc1ccc(S(=O)(=O)c2ccc(Oc3ccc(NC(=O)c4cc(C(=O)Nc5ccc(*)cc5)cc(C(C)(C)C)c4)cc3)cc2)cc1,232.5,train
*c1ccc2c(c1)C(=O)N(c1ccc(Oc3c(C(C)(C)C)cc(-c4ccc(N5C(=O)c6ccc(C(*)(C(F)(F)F)C(F)(F)F)cc6C5=O)cc4)cc3C(C)(C)C)c(C(F)(F)F)c1)C2=O,362.5,train
*Oc1ccc(C2(c3ccc(Oc4ccc(C(=O)c5ccc(*)cc5)cc4)cc3)CCC3CCCCC3C2)cc1,214.0,train
*Oc1ccc(C(=O)Nc2ccc(S(=O)(=O)c3ccc(NC(=O)c4ccc(Oc5ccc(C(=O)c6ccc(S(=O)(=O)c7ccc(C(=O)c8ccc(*)cc8)cc7)cc6)cc5)cc4)cc3)cc2)cc1,260.0,train
*c1ccc(Oc2ccc(N3C(=O)C(Cl)=C(Oc4ccc(C(C)(C)c5ccc(OC6=C(Cl)C(=O)N(*)C6=O)cc5)cc4)C3=O)cc2)cc1,175.0,train
*Oc1c(C)cc(*)cc1C(C)CCCCCC,54.0,train
*Oc1ccc(C(C)(CC)c2ccc(OC(*)=O)c(C)c2)cc1C,119.0,train
*Oc1ccc2cc(OC(=O)c3ccc(Oc4ccc(C(*)=O)cc4)cc3)ccc2c1,145.0,train
*c1ccc(Oc2ccc(C(=O)c3ccc(Oc4ccc(N5C(=O)c6ccc(S(=O)(=O)c7ccc8c(c7)C(=O)N(*)C8=O)cc6C5=O)cc4)cc3)cc2)cc1,275.5,train
*Oc1ccc(C(=O)c2cccc(C(=O)c3ccc(Oc4cccc(Cc5cccc(*)c5)c4)cc3)c2)cc1,114.0,train
*Oc1ccc(Oc2ccc(P(=O)(c3ccccc3)c3ccc(Oc4ccc(Oc5cccc(*)n5)cc4)cc3)cc2)cc1,164.0,train
*C(=O)c1ccc2c(c1)C(=O)N(c1ccc(-c3nc(-c4ccccc4)nc(-c4ccc(N5C(=O)c6ccc(*)cc6C5=O)cc4)n3)cc1)C2=O,355.0,train
*CC(O)COc1ccc(C(C)(C)c2ccc(OCC(O)COc3cccc(O*)c3)cc2)cc1,83.0,train
*c1ccc(Oc2ccc(-c3ccc(Oc4ccc(N5C(=O)CC(=O)N(*)C5=S)cc4)cc3)cc2)cc1,158.5,train
*CCOC(=O)CCCCC(=O)O*,-54.5,train
*CCN(*)C(=O)c1ccccc1F,109.0,train
*Oc1ccc(C(C)(C)c2ccc(OC(=O)c3cccc(Oc4cccc(C(*)=O)c4)c3)cc2)cc1,85.0,train
*Oc1ccc(C(=O)c2ccccc2)c(-c2cc(Oc3ccc(C(c4ccc(*)cc4)(C(F)(F)F)C(F)(F)F)cc3)ccc2C(=O)c2ccccc2)c1,164.0,train
*c1c(C)cc(C(C)(C)c2cc(C)c(S(*)(=O)=O)c(C)c2)cc1C,230.0,train
*c1cccc(C(=O)Nc2ccc(Cc3ccc(N4C(=O)c5ccc(S(=O)(=O)c6ccc7c(c6)C(=O)N(c6ccc(Cc8ccc(NC(=O)c9cccc(-c%10nc%11cc(-c%12ccc%13[nH]c(*)nc%13c%12)ccc%11[nH]%10)c9)cc8)cc6)C7=O)cc5C4=O)cc3)cc2)c1,270.0,train
*CCCC(*)(C)C(=O)O,132.0,train
*N=P(*)(OCC(COC)OC)OCC(COC)OC,-79.0,train
*Nc1ccc(NC(=O)c2ccc(NC(=O)CCCCCCCCC(=O)Nc3ccc(C(*)=O)cc3)cc2)cc1C(=O)OCCCCCCCCCCCCCC,225.0,train
*c1ccc(NC(=O)CCCCCCCCCCC(=O)Nc2ccc(S(*)(=O)=O)cc2)cc1,160.0,train
*Oc1ccc(CC(NC(=O)CCc2ccc(OC(=O)COCCOCC(*)=O)cc2)C(=O)OC(C)CC)cc1,44.0,train
*c1ccc(Oc2ccc(N3C(=O)N4C(c5ccc(OC)cc5)N(*)C(=O)N4C3c3ccc(OC)cc3)cc2)cc1,163.0,train
*Oc1ccccc1C(=O)OC(=O)c1ccccc1OC(=O)CCCC(*)=O,50.0,train
*CC(*)(C)C(=O)OCCCc1ccc(/N=N/c2ccc(OC(F)(F)F)cc2)cc1,211.5,train
*Oc1cccc2ccc(Oc3ccc(NC(=O)c4cc(C(=O)Nc5ccc(*)cc5)cc(C(C)(C)C)c4)cc3)cc12,263.0,train
*Oc1ccc(S(=O)(=O)c2ccc(Oc3ccc(C(C)(C)c4ccc(*)c(C(O)(C(F)(F)F)C(F)(F)F)c4)cc3C(O)(C(F)(F)F)C(F)(F)F)cc2)cc1,167.0,train
*CCN(*)C(=O)CSC,39.0,train
*Oc1ccc(C(c2ccc(Oc3ccc(C(=O)Nc4ccc(NC(=O)c5ccc(*)cc5)cc4)cc3)cc2)(C(F)(F)F)C(F)(F)F)cc1,218.0,train
*CC(*)CCC1CCCCC1,40.0,train
*O[Si](C)(C)O[Si](C)(C)O[Si](C)(C)C#Cc1ccc(C#C[Si](*)(C)C)cc1,96.0,train
*CC(*)(C)C(=O)OCCCCc1ccc(/N=N/c2ccc(OC(F)(F)F)cc2)cc1,203.5,train
*CC(*)(C)C(=O)OCCCCCCOc1ccc(C(=O)Oc2ccc(OCCCC)cc2)cc1,49.0,train
*Nc1ccccc1CCc1ccc(NC(=O)Nc2ccc(CCc3ccc(NC(*)=O)cc3)cc2)cc1,217.0,train
*CCCCCCCN1C(=O)c2ccc(Oc3ccc4c(c3)C(=O)N(*)C4=O)cc2C1=O,110.0,train
*c1ccc(Oc2ccc(-c3nnc(*)o3)cc2)cc1,240.0,train
*O[Si](C)(C)O[Si](C)(C)O[Si](C)(C)O[Si](C)(C)OC(C)CCCCC(*)C,-98.0,train
*Nc1cc([N+](=O)[O-])c(NC(=O)CCCCC(*)=O)cc1/C=C/c1ccc(N(C)C)cc1,206.0,train
*CC(*)OC(=O)C(C)(C)CCC,10.0,train
*CCOC(=O)c1ccc(C(C)(CC)c2ccc(C(=O)O*)cc2)cc1,95.0,train
*c1ccc(Cc2ccc(-n3nc(-c4ccccc4)cc3-c3ccc(-c4cc(-c5ccccc5)nn4*)cc3)cc2)cc1,252.0,train
*CC(*)OCCOc1ccc(/C=C(\C#N)C(=O)OC)cc1,47.0,train
*c1cccc(OCCCCCCOc2cccc(N3C(=O)c4ccc(-c5ccc6c(c5)C(=O)N(*)C6=O)cc4C3=O)c2)c1,153.0,train
*C(=O)c1ccc2c(c1)C(=O)N(c1ccc(-c3cc(-c4ccc(OCCCC#N)cc4)cc(-c4ccc(N5C(=O)c6ccc(*)cc6C5=O)cc4)n3)cc1)C2=O,342.0,train
*CC(*)Cc1ccccc1,70.0,train
*CC(*)(C)C(=O)OCCCCCCOc1ccc(C(=O)Oc2ccc(/N=N/c3ccc(I)cc3)c3ccccc23)cc1,40.0,train
*Oc1ccc(C(=O)c2ccccc2)c(-c2cc(Oc3ccc(C(C)(C)c4ccc(*)cc4)cc3)ccc2C(=O)c2ccccc2)c1,156.0,train
*c1ccc(Oc2ccc(C(=O)c3ccc(C(=O)c4ccc(Oc5ccc(-c6nc7ccccc7n6-c6ccc(-n7c(*)nc8ccccc87)cc6)cc5)cc4)cc3)cc2)cc1,238.0,train
*Oc1ccc(/C=C/C(=O)c2ccc(Oc3ccc(C(C)(C)c4ccc(*)c(C)c4)cc3C)cc2)cc1,157.0,train
*CC(=O)Nc1ccc(C2(c3ccc(NC(=O)c4ccc5c(c4)C(=O)N(*)C5=O)cc3)c3ccccc3-c3ccccc32)cc1,345.0,train
*Oc1c(-c2ccccc2)cc(Cc2cc(-c3ccccc3)c(OC(=O)CCCCCC(*)=O)c(-c3ccccc3)c2)cc1-c1ccccc1,111.0,train
*CCN(CCOC(=O)c1cc(OCCC2CCN(c3ccc(S(=O)(=O)C(F)(F)C(F)(F)C(F)(F)C(F)(F)C(F)(F)C(F)(F)C(F)(F)C(F)(F)F)cc3)CC2)cc(C(=O)O*)c1)c1ccc(S(=O)(=O)C(F)(F)C(F)(F)C(F)(F)C(F)(F)C(F)(F)C(F)(F)C(F)(F)C(F)(F)F)cc1,86.0,train
*CC(C)N1C(=O)C2C3C=CC(C4C(=O)N(*)C(=O)C34)C2C1=O,212.0,train
*c1ccc(-c2nc3ccc(-c4ccc5nc(*)c(-c6ccccc6)nc5c4)cc3nc2-c2ccccc2)cc1,354.5,train
*CC(*)OC(=O)c1ccc(OC)cc1,86.5,train
*CCCCCN1C(=O)c2ccc(C(=O)Oc3ccc(-c4ccc(OC(=O)c5ccc6c(c5)C(=O)N(*)C6=O)cc4)cc3)cc2C1=O,147.0,train
*N=P(*)(OCCC)OCCCCC,-100.0,train
*CCCOC(=O)c1ccc2cc(C(=O)O*)ccc2c1,88.0,train
*/C=C/C1CC(*)C(C(=O)OC)C1C(=O)OC,77.3,train
*CC/C=C(/*)C,-58.0,train
*CCCC(CCNC(=O)c1ccc(C(=O)N*)cc1)C(C)C,150.0,train
*Oc1c(C)cc(C(=O)c2ccc(*)cc2)cc1C,200.0,train
*CCCCC(=O)Oc1ccc(-c2ccc(OC(=O)c3ccc4c(c3)C(=O)N(*)C4=O)cc2)cc1,123.0,train
*Oc1cc(C)cc(OC(=O)c2cccc(C(*)=O)c2)c1,163.0,train
*C(=O)c1ccc2c(c1)C(=O)N(c1c(C)cc(Cc3cc(C)c(N4C(=O)c5ccc(*)cc5C4=O)c(C)c3)cc1C)C2=O,331.0,train
*CC(=O)NCCCCCCNC(=O)COC(=O)CCCCC(=O)O*,19.0,train
*Oc1ccc(NC(=O)c2ccc(-c3ccc(C(=O)Nc4ccc(Oc5ccc(C6(c7ccc(*)cc7)CC7CCC6C7)cc5)cc4)cc3)cc2)cc1,296.0,train
*CC(*)(C)C(=O)OCCOCCOC,57.0,train
*Oc1ccc(C(C)(C)c2ccc(C(C)(C)c3ccc(Oc4ccc(C(=O)Nc5cccc(NC(=O)c6ccc(*)cc6)c5)cc4)cc3)cc2)cc1,173.0,train
*C(=O)NNC(=O)c1ccc([Si](c2ccccc2)(c2ccccc2)c2ccc(C(=O)NNC(=O)c3ccc(*)nc3)cc2)cc1,240.0,train
*CCN(CCOC(=O)c1ccc(C(=O)O*)c(OCCC)c1)c1ccc(-c2nc3ccc([N+](=O)[O-])cc3o2)cc1,119.0,train
*c1ccc(Oc2ccc(C(=O)c3ccc(Oc4ccc(-c5c6c(c(*)c7ccccc57)C(=O)N(c5ccc(F)cc5)C6=O)cc4)cc3)cc2)cc1,290.0,train
*c1ccc(Oc2ccc(Oc3ccc(N4C(=O)c5ccc(Oc6ccc7c(c6)C(=O)N(*)C7=O)cc5C4=O)cc3C(F)(F)F)cc2)cc1,232.3,train
*C/C=C/C[Si](*)(C)CCCOc1ccc2ccccc2c1,-1.0,train
*c1cc(N2C(=O)c3ccc(P(=O)(c4ccccc4)c4ccc5c(c4)C(=O)N(*)C5=O)cc3C2=O)cc(C(F)(F)F)c1,317.0,train
*c1ccc(C2(c3ccc(-c4cc(-c5ccccc5)c5cc(C6(c7ccc8nc(*)cc(-c9ccccc9)c8c7)c7ccccc7-c7ccccc76)ccc5n4)cc3)c3ccccc3C(=O)c3ccccc32)cc1,385.0,train
*c1cccc(N2C(=O)c3ccc(-c4ccc5c(c4)C(=O)N(*)C5=O)cc3C2=O)c1,333.25,train
*c1c(C)cc(Cc2cc(C)c(N3C(=O)c4ccc(Oc5ccc(C(C)(C)c6ccc(Oc7ccc8c(c7)C(=O)N(*)C8=O)cc6)cc5)cc4C3=O)c(C)c2)cc1C,247.0,train
*c1ccc(Oc2ccc(-c3ccc(Oc4ccc(N5C(=O)c6ccc(Oc7ccccc7Oc7ccc8c(c7)C(=O)N(*)C8=O)cc6C5=O)cc4)cc3)cc2)cc1,204.0,train
*C(=O)c1ccc2nc(-c3ccccc3)c(-c3ccc(-c4nc5ccc(*)cc5nc4-c4ccccc4)cc3)nc2c1,320.0,train
*CC(*)OC(=O)C1CCCC1,36.0,train
*CCOC(=O)NCCCCCCNC(=O)O*,56.0,train
*c1ncnc(N(CCCCCCN(*)c2ccccc2)c2ccccc2)n1,72.0,train
*CC(CCl)O*,-23.3,train
*Oc1ccc(S(=O)(=O)c2cccc3c(S(=O)(=O)c4ccc(Oc5c(C)cc(-c6cc(C)c(*)c(C)c6)cc5C)cc4)cccc23)cc1,262.0,train
*CC(*)(C)C(=O)OCCCCCCCCCCCOc1ccc(/C=N/c2ccc(C#N)cc2)cc1,23.0,train
*CC(C)(C)CS(*)(=O)=O,108.5,train
*Oc1cccc(Oc2ccc(/N=C/c3ccc(N(c4ccccc4)c4ccc(/C=N/c5ccc(*)cc5)cc4)cc3)cc2)c1,174.0,train
*/C(=C/c1cc(OC)c(/C=C(\c2ccc(F)cc2)c2ccc3cc(*)ccc3c2)cc1OC)c1ccc(F)cc1,208.0,train
*Oc1ccc(S(=O)(=O)c2ccc(Oc3ccc(C(=O)c4cc(C(=O)c5ccc(*)cc5)cc(C(C)(C)C)c4)cc3)cc2)cc1,198.0,train
*Oc1ccc(Oc2ccc(NC(=O)c3cc(NC(=O)c4ccc(OC(C)=O)cc4)cc(C(=O)Nc4ccc(*)cc4)c3)cc2)cc1,251.0,train
*CC(*)(C)C(=O)Oc1ccc(C(=O)/C=C/c2ccc(OCc3ccccc3)cc2)cc1,152.0,train
*Oc1ccc(CC(NC(=O)CCc2ccc(OC(=O)CCCCCCC(*)=O)cc2)C(=O)OC(C)CC)cc1,46.0,train
*c1ccc(C(c2ccccc2)c2ccc(N3C(=O)c4ccc(-c5ccc6c(c5)C(=O)N(*)C6=O)cc4C3=O)cc2)cc1,315.0,train
*Oc1ccc(C(C)(CCC#N)c2ccc(OC(*)=O)c(C)c2)cc1C,117.0,train
*CC(OC(=O)C(=O)OCC)C(COC(=O)O*)OC(=O)C(=O)OCC,53.8,train
*CCCC(Cl)C(*)Cl,42.0,train
*C(=O)NCCNC(=O)c1ncn(C)c1*,189.0,train
*CC(*)(C)C(=O)OC1CCC1,119.0,train
*CC#CC#CCOc1ccc(C(=O)OCCN(CCOC(=O)c2ccc(O*)cc2)c2ccc(/N=N/c3ccc(/N=N/c4cc(C)c(C#N)c(C)c4)cc3)cc2)cc1,120.0,train
*Oc1ccc(C2(c3ccc(OC(=O)CCC(*)=O)cc3)c3ccccc3-c3ccccc32)cc1,234.0,train
*CCN(CCN1C(=O)c2ccc(C(c3ccc4c(c3)C(=O)N(*)C4=O)(C(F)(F)F)C(F)(F)F)cc2C1=O)c1ccc(/C=C/C2=CC(=C(C#N)C#N)CC(C)(C)C2)cc1,224.0,train
*c1cccc(Oc2cccc(Oc3cccc(N4C(=O)c5c(c(-c6ccccc6)c(-c6ccc(Oc7ccc(Oc8ccc(-c9c(-c%10ccccc%10)c%10c(c(-c%11ccccc%11)c9-c9ccccc9)C(=O)N(*)C%10=O)cc8)cc7)cc6)c(-c6ccccc6)c5-c5ccccc5)C4=O)c3)c2)c1,238.0,train
*c1ccc2c(c1)C(=O)N(c1cccc(Oc3cccc(Oc4cccc(N5C(=O)c6ccc(C(*)(C(F)(F)F)C(F)(F)F)cc6C5=O)c4)c3)c1)C2=O,207.0,train
*CC(*)C(=O)OCCN(CC)c1ccc(/N=N/c2ccc([N+](=O)[O-])cc2Cl)cc1,87.0,train
*c1ccc2c(c1)C(=O)N(c1cccc(C(=O)Nc3ccc(Oc4cccc(Oc5ccc(NC(=O)c6cccc(N7C(=O)c8ccc(C(*)(C(F)(F)F)C(F)(F)F)cc8C7=O)c6)cc5)c4)cc3)c1)C2=O,264.0,train
*c1cccc(Oc2ccc(Oc3cccc(N4C(=O)c5ccc(Oc6ccc7c(c6)C(=O)N(*)C7=O)cc5C4=O)c3)cc2)c1,204.0,train
*CCCc1ccc(-c2c(-c3ccccc3)cc(-c3cccc(-c4cc(-c5ccccc5)c(-c5ccc(*)cc5)c(-c5ccccc5)c4-c4ccccc4)c3)c(-c3ccccc3)c2-c2ccccc2)cc1,240.0,train
*c1ccc2oc(-c3cccc(-c4nc5cc(C(*)(C(F)(F)F)C(F)(F)F)ccc5o4)n3)nc2c1,329.0,train
*/C=C/C1CC(*)C(C(=O)OC(C)(C)C)C1C(=O)OC(C)(C)C,83.4,train
*Cc1ccc(COC(=O)Cc2ccc(C(=O)O*)cc2)cc1,47.0,train
*Oc1ccc(-c2ccc(OC(=O)c3ccc(C(*)=O)cc3)cc2)cc1-c1ccccc1,132.0,train
*C(=O)Nc1ccc(-c2ccc(NC(=O)c3ccc4c(c3)C(=O)N(c3ccc(NC(=O)Nc5ccc(N6C(=O)c7ccc(*)cc7C6=O)cc5)cc3)C4=O)cc2)cc1,233.0,train
*C/C=C(\C)CS(*)(=O)=O,88.2,train
*c1ccc(OCCOc2ccc(/C=C/c3ccc([N+](=O)[O-])cc3)c(OCCOc3ccc(-c4nc5ccc(Oc6ccc7nc(*)c(-c8ccccc8)nc7c6)cc5nc4-c4ccccc4)cc3)c2)cc1,187.0,train
*O[Si](*)(C)CCCOCCOCCOCCOC,-64.205,train
*CCCCCCOC(=O)Nc1ccc(Cc2ccc(NC(=O)O*)cc2)cc1,71.0,train
*Nc1cccc2c1C(=O)c1cccc(N[Se]*)c1C2=O,52.0,train
*c1ccc(-c2cc(C(C)(C)C)c(Oc3ccc(-n4c(=O)c5ccc6c(=O)n(*)c(=O)c7ccc(c4=O)c5c67)cc3C(F)(F)F)c(C(C)(C)C)c2)cc1,456.0,train
*CCC1CC(*)C2CCCC12,101.0,train
*/C=C/C1CC(*)C(C(=O)OCCNC(C)(C)C)C1,29.0,train
*CC/C=C(/*)[Sn](CCCC)(CCCC)CCCC,-80.0,train
*C(=O)Nc1cc(NC(=O)c2ccc3c(c2)C(=O)N(c2cc(-c4nc5ccccc5o4)cc(N4C(=O)c5ccc(*)cc5C4=O)c2)C3=O)cc(-c2nc3ccccc3[nH]2)c1,371.0,train
*CC(CS(=O)(=O)C(C)C)O*,64.0,train
*CCCCCC(=O)Nc1ccc(Cc2ccc(NC(=O)CCCCCN3C(=O)c4ccc(C(=O)c5ccc6c(c5)C(=O)N(*)C6=O)cc4C3=O)cc2)cc1,187.0,train
*CCCCC(=O)Oc1ccc(OC(=O)c2ccc3c(c2)C(=O)N(*)C3=O)c(C)c1,75.76,train
*O[Si](*)(CCCOCCOCCOCCOCCOCCOCCOC)CCCOCCOCCOCCOCCOCCOCCOC,-68.9,train
*O[Si](Oc1ccc(C2(c3ccc(*)cc3)c3ccccc3-c3ccccc32)cc1)(c1ccccc1)c1ccccc1,166.0,train
*CCOCCOCCOCCOCCOc1ccc(/C=C(\C)c2ccc(O*)cc2)cc1,17.0,train
*Oc1ccc(Oc2ccc(Oc3ccc(C(C)(C)c4ccc(*)cc4)cc3)cc2)cc1,122.0,train
*c1ccc2c(c1)C(=O)N(c1cccc(Oc3ccc(N4C(=O)c5ccc(C(*)(C(F)(F)F)C(F)(F)F)cc5C4=O)cc3)c1)C2=O,260.0,train
*OP(=O)(Oc1ccc(C)cc1)Oc1c(C)cc(S(=O)(=O)c2cc(C)c(*)c(C)c2)cc1C,128.0,train
*/C=C/CCCCCC*,-78.0,train
*Oc1ccc(OC(=O)c2cc(OCCCCCCOCC3CCCN3c3ccc([N+](=O)[O-])cc3)c(C(*)=O)cc2OCCCCCCOCC2CCCN2c2ccc([N+](=O)[O-])cc2)cc1,56.0,train
*c1ccc(Oc2ccc(S(=O)(=O)c3ccc(Oc4ccc(-c5nc6ccccc6n5-c5ccc(-n6c(*)nc7ccccc76)cc5)cc4)cc3)cc2)cc1,270.0,train
*c1ccc(Oc2ccc(C(=O)c3cccc(C(=O)c4ccc(Oc5ccc(N6C(=O)c7ccc(Oc8ccc(Oc9ccc(Oc%10ccc%11c(c%10)C(=O)N(*)C%11=O)cc9)cc8)cc7C6=O)cc5)cc4)c3)cc2)cc1,192.0,train
*OC(=O)OCCCCOC(=O)OC1COC2C(*)COC12,49.0,train
*c1ccc(-c2ccc(-n3c(=O)c4cc5c(=O)n(*)c(=O)c5cc4c3=O)cc2C(F)(F)F)c(C(F)(F)F)c1,358.0,train
*CC(=O)NCCCCCCNC(=O)CS*,-7.0,train
*Oc1ccc(NC(=O)c2ccc(Oc3ccc(C(=O)Nc4ccc(*)cc4)cc3)cc2)cc1,274.0,train
*CCCCCCOc1ccc(C(=O)N(C(=O)c2ccc(O*)cc2)c2cc(C)cc(C)c2)cc1,75.0,train
*CN1C(=O)c2ccc(C(c3ccc4c(c3)C(=O)N(Cc3nc5cc(-c6ccc7oc(*)nc7c6)ccc5o3)C4=O)(C(F)(F)F)C(F)(F)F)cc2C1=O,231.0,train
*CCC(C)(C)CC(C)CNC(=O)CCCCC(=O)N*,65.0,train
*CCCCCCCCCCOC(=O)NCCCCCCNC(=O)O*,55.0,train
*CC(CC)(CC)CS*,-36.25,train
*c1ccc2c(c1)C(=O)N(C1CCC(N3C(=O)c4ccc(C(*)(C(F)(F)F)C(F)(F)F)cc4C3=O)CC1)C2=O,346.5,train
*c1ccc2c(c1)Sc1cc(-c3ccc(-c4ccc(*)s4)s3)ccc1N2CCCCCCCCCCCC,150.0,train
*CCCNC(=O)CCCCC(=O)NCCCN(*)C,5.0,train
*=NP(=NP(=NC(=*)Oc1ccc(C(=O)OC)cc1)(Oc1ccc(C(=O)OC)cc1)Oc1ccc(C(=O)OC)cc1)(Oc1ccc(C(=O)OC)cc1)Oc1ccc(C(=O)OC)cc1,52.0,train
*C#CC#Cc1cc(C(C)(C)C)cc2c3cc(C(C)(C)C)cc(*)c3n(CCCCCCCCCCCCCCCC)c12,67.0,train
*Oc1ccc(C(=O)Nc2ccc(Cc3ccc(NC(=O)c4ccc(Oc5ccc(C(=O)c6ccc(S(=O)(=O)c7ccc(C(=O)c8ccc(*)cc8)cc7)cc6)cc5)cc4)cc3)cc2)cc1,240.0,train
*CC(*)(C)C(=O)OCCS(=O)(=O)c1ccc(/N=N/c2ccc(N(CC)CC)cc2)cc1,142.0,train
*Nc1ccccc1CCc1ccc(NC(*)=O)cc1,198.0,train
*c1ccc(Sc2ccc(-n3c(=O)c4cc5c(=O)n(*)c(=O)c5cc4c3=O)cc2)cc1,400.0,train
*Oc1ccc(OC(=O)c2ccc(C(C)(C)c3ccc(C(*)=O)cc3)cc2)cc1,195.0,train
*Oc1ccc(Oc2ccc(NC(=C(C#N)C#N)c3cccc(C(Nc4ccc(*)cc4)=C(C#N)C#N)c3)cc2)cc1,228.0,train
*CCCC1(CCCNC(=O)c2cccc(C(=O)N*)c2)c2ccccc2-c2ccccc21,175.0,train
*Oc1ccc(C(CC)(c2ccccc2)c2ccc(OC(*)=S)cc2)cc1,173.0,train
*CCCCCCCCCOC(=O)C(O)C(O)C(=O)O*,-11.0,train
*c1ccc(Oc2ccc(Oc3ccc(N4C(=O)c5ccc(Oc6cccc7c6C(=O)N(*)C7=O)cc5C4=O)cc3)cc2)cc1,249.0,train
*Oc1ccc(S(=O)(=O)c2ccc(Oc3ccc(C(C)(C)c4ccc(*)c(N)c4)cc3N)cc2)c(N)c1,237.1,train
*O[Si](C)(C)O[Si](C)(C)O[Si](*)(c1c(F)c(F)c(F)c(F)c1F)c1c(F)c(F)c(F)c(F)c1F,-42.0,train
*Oc1ccc(C(=O)Nc2cc(SCCC#N)c(NC(=O)c3ccc(*)cc3)cc2SCCC#N)cc1,158.0,train
*CCCCCCCCCCCCNC(=O)CCCCCCCCCCCCCCC(=O)N*,46.0,train
*CCOC(=O)Nc1ccc(C)c(NC(=O)OCCOc2cc([N+](=O)[O-])ccc2/N=N/c2cn(*)c3ccc(-c4ccccc4)cc23)c1,165.0,train
*c1ccc2c3ccc(-c4ccc(-c5ccc(-c6ccc(*)s6)c6nccnc56)s4)cc3n(C(CCCCCCCC)CCCCCCCC)c2c1,116.0,train
*CC(*)CC,-24.1,train
*N=P(*)(N1CCCCC1)N1CCCCC1,19.0,train
*c1ccc(Oc2ccc(-c3nc4cc(Oc5ccc6nc(*)c(-c7ccccc7)nc6c5)ccc4nc3-c3ccccc3)cc2)cc1,243.0,train
*CC(*)(C)C(=O)OCCCCCCCCCCOc1ccc(C(=O)Oc2ccc(C(=O)/C=C/c3c(C)c4ccccc4n3CCCC)cc2)cc1,57.0,train
*CC(*)(CC(=O)OC(C)C)C(=O)OC(C)C,100.0,train
*Oc1cccc(C(F)(F)C(F)(F)C(F)(F)c2cccc(OC(*)=O)c2)c1,46.0,train
*CCCCCCCCCCCCOC(=O)Nc1ccc(Cc2ccc(NC(=O)O*)cc2)cc1,43.0,train
*Oc1ccc(C(C#N)(c2ccccc2)c2ccc(OC(*)=O)cc2)cc1,138.0,train
*c1cccc(C(=O)Nc2ccc(NC(=O)c3cccc(N4C(=O)c5ccc(-c6cccc7c6C(=O)N(*)C7=O)cc5C4=O)c3)cc2)c1,328.0,train
*/C=C/c1ccc(-c2nnc(-c3ccc(/C=C/c4ccc5c(c4)c4cc(*)ccc4n5CCCCCCCC)cc3)n2-c2ccccc2)cc1,147.0,train
*CC(*)(C)C(=O)OCCCCCCCCCCOc1ccc(C#Cc2cc(OC)c(/C=C/c3ccncc3)cc2OC)cc1,87.1,train
*Oc1ccc(CC2(Cc3ccc(*)cc3)c3ccccc3-c3ccccc32)cc1,138.0,train
*CC(*)c1ccccc1COC(C)C,88.0,train
*c1ccc(Oc2cccc(Oc3ccc(N4C(=O)c5ccc(Oc6ccc(Oc7ccc8c(c7)C(=O)N(*)C8=O)cc6)cc5C4=O)cc3)c2)cc1,199.0,train
*Oc1ccc(Oc2ccc(/C=N/c3ccc(Oc4ccc(/N=C/c5ccc(*)cc5)cc4)cc3)cc2)cc1,120.0,train
*CC(*)(C)C(=O)OCCCCCCOc1ccc2cc(C(=O)Oc3ccccc3)ccc2c1,39.0,train
*C1C2C/C(=C\C)C(C2)C1*,61.4,train
*c1ccc(Oc2ccc(N3C(=O)c4ccc(Oc5ccc6ccc(Oc7ccc8c(c7)C(=O)N(*)C8=O)cc6c5)cc4C3=O)cc2)cc1,245.0,train
*c1ccc2c(c1)C(=O)N(c1cccc(C(=O)Nc3ccc(NC(=O)c4ccc(NC(=O)c5cccc(N6C(=O)c7ccc(C(*)(C(F)(F)F)C(F)(F)F)cc7C6=O)c5)cc4)cc3)c1)C2=O,328.0,train
*Oc1ccc(NC(=O)CCCCCCC(=O)Nc2ccc(*)cc2)cc1,180.0,train
*CCCCOC(=O)/C=C/C(=O)O*,-22.0,train
*Oc1ccc(C(=O)O)c(C(=O)Nc2ccc(NC(=O)c3cc(*)ccc3C(=O)O)cc2)c1,166.3,train
*CC1CC(CNC(=O)c2cccc(C(=O)N*)c2)CC(C(C)(C)C)C1,209.0,train
*Oc1ccc(S(=O)(=O)c2ccc(Oc3ccc(-c4ccc(-c5ccc(*)c(C(F)(F)F)c5)cc4)cc3C(F)(F)F)cc2)cc1,214.0,train
*Oc1ccc(Oc2ccc(C(=O)c3ccccc3-c3ccccc3C(=O)c3ccc(*)cc3)cc2)cc1,175.0,train
*c1ccc(Oc2ccc(C(=O)c3ccc(Oc4ccc(-c5c6c(c(*)c7ccccc57)C(=O)N(c5ccccc5-c5ccccc5)C6=O)cc4)cc3)cc2)cc1,245.0,train
*NNC(=O)c1ccc(C(*)=O)cc1OCCCCCCCCCC,193.0,train
*C1C(=O)N(c2ccccc2C(=O)OC)C(=O)C1*,259.0,train
*C(=O)OCCCCCCCCCCCCOC(=O)c1ccc(N2C(=O)c3ccc(*)cc3C2=O)cc1,47.0,train
*CC(*)(C)C,-72.0,train
*CC(O)COC(=O)CCCCC(=O)OCC(O)COc1ccc(C(C)(C)c2ccc(O*)cc2)cc1,34.0,train
*c1ccc(Oc2ccc(C(=O)c3ccc(Oc4ccc(-c5c6c(c(*)c7ccccc57)C(=O)N(CCCCCCCCCCCC)C6=O)cc4)cc3)cc2)cc1,147.0,train
*CCNC(=O)CCCCC(=O)N*,71.0,train
*CCOCC(=O)O*,-12.6,train
*Oc1ccc(C(C)(C)c2ccc(OC(=O)OCC3CCC(COC(*)=O)CC3)cc2)cc1,90.4,train
*CCCCCCCCCCCC(=O)Oc1ccc(C(C)(C)c2ccc(C(C)(C)c3ccc(OC(=O)c4ccc5c(c4)C(=O)N(*)C5=O)cc3)cc2)cc1,97.0,train
*CCOC(=O)Nc1ccc(C)c(NC(=O)OCCOc2cc([N+](=O)[O-])ccc2/N=N/c2cn(*)c3ccc(-c4ccc5c(c4)c4ccccc4n5CCCC)cc23)c1,160.0,train
*N=P(*)(N(C)C)N(C)C,-4.0,train
*c1ccc2c(c1)C(=O)N(c1ccc(Oc3ccccc3Oc3ccc(N4C(=O)c5ccc(C(*)(C(F)(F)F)C(F)(F)F)cc5C4=O)cc3C(F)(F)F)c(C(F)(F)F)c1)C2=O,247.0,train
*/C(=C/c1ccc(/C=C(\c2ccccc2)c2ccc(-c3ccc(*)cc3)cc2)cc1)c1ccccc1,220.0,train
*CC(*)c1cc(C(=O)Oc2ccc(OC)cc2)ccc1C(=O)Oc1ccc(OC)cc1,115.0,train
*c1ccc(C(c2ccc(N3C(=O)c4ccc(Oc5ccc6ccc(Oc7ccc8c(c7)C(=O)N(*)C8=O)cc6c5)cc4C3=O)cc2)(C(F)(F)F)C(F)(F)F)cc1,256.0,train
*CC#C/C(C#CCOC(=O)CCCCCCCCC(=O)O*)=C\c1ccc(C#Cc2ccc([N+](=O)[O-])cc2)cc1,60.0,train
*CC(*)(C)C(=O)OCCN(CCCC)c1ccc(/N=N/c2ccc(S(=O)(=O)Nc3nccs3)cc2)cc1,53.0,train
*c1ccc(Oc2ccc(-c3nc4cc(-c5ccc6nc(-c7ccccc7)c(*)nc6c5)ccc4nc3-c3ccccc3)cc2)cc1,300.0,train
*CC(*)C(=O)Oc1ccccc1C(=O)OC,46.0,train
*OC1CCC(OC(=O)C(*)=O)CC1,139.6,train
*CC(*)c1ccc([Si](C)(C)C)cc1,136.0,train
*O[Si](C)(CCC(F)(F)F)CCC(F)(F)C(F)(F)C(F)(F)C(F)(F)C(F)(F)C(F)(F)CC[Si](*)(C)CCC(F)(F)F,-24.0,train
*c1ccc2c(c1)C(=O)N(c1ccc(Oc3ccc(C(=O)c4ccc(Oc5ccc(N6C(=O)c7ccc(C(*)(C(F)(F)F)C(F)(F)F)cc7C6=O)cc5)cc4)cc3)cc1)C2=O,266.0,train
*Oc1ccc(-c2ccc(OC(=O)CCCCCCCCCCCCC(*)=O)cc2)cc1,95.0,train
*CCOCCOCCOc1cccc(NC(=O)c2ccc(C(=O)Nc3cccc(O*)c3)cc2)c1,116.0,train
*O[Si](C)(C)O[Si](C)(C)c1ccc([Si](*)(C)C)cc1,-62.5,train
*OC(F)(C(=O)N([Li])S(=O)(=O)C(F)(F)C(*)(F)F)C(F)(F)F,67.0,train
*CC(*)(C)C(=O)OCCCCCCCCOc1ccc(/N=N/c2ccc(C3OCC4(CO3)CC3C=CC4C3)cc2)cc1,106.2,train
*Oc1ccc(OC(=O)c2ccc(C(*)=O)cc2)cc1C1CCCCCCC1,213.0,train
*Oc1ccc(NC(=O)c2ccc([Si](c3ccccc3)(c3ccccc3)c3ccc(C(*)=O)cc3)cc2)cc1,235.0,train
*/C=C/C1CC(*)C2C(=O)N(CCCCCCCCC)C(=O)C12,52.0,train
*C(=O)Nc1ccc(C(c2ccc(NC(=O)c3ccc4c(c3)C(=O)N(c3c(C)cc(-c5cc(C)c(N6C(=O)c7ccc(*)cc7C6=O)c6ccccc56)c5ccccc35)C4=O)cc2)(C(F)(F)F)C(F)(F)F)cc1,250.0,train
*Oc1ccc(OC(=O)c2ccc(OC(=O)c3ccc(C(=O)Oc4ccc(C(*)=O)cc4)cc3)cc2)cc1,283.0,train
*CC(*)(C)C(=O)OCCCCCCOc1ccc(C(=O)Oc2ccc(OC)cc2)cc1,46.0,train
*Oc1c(-c2ccccc2)cc(Cc2cc(-c3ccccc3)c(OC(=O)CCCCCCCCC(*)=O)c(-c3ccccc3)c2)cc1-c1ccccc1,92.0,train
*c1ccc(Oc2cccc(Oc3ccc(N4C(=O)c5ccc(Oc6ccc(C(=O)c7ccc(Oc8ccc9c(c8)C(=O)N(*)C9=O)cc7)cc6)cc5C4=O)cc3)c2)cc1,194.0,train
*Oc1ccc(NC(=O)c2cc(NC(=O)c3ccc(OC(C)=O)cc3)cc(C(=O)Nc3ccc(Oc4ccc(C(C)(C)c5ccc(*)cc5)cc4)cc3)c2)cc1,243.0,train
*CC(*)OC(=O)C(F)(F)C(F)(F)C(F)(F)C(F)(F)F,20.0,train
*CCCCCCNC(=O)c1ccc(C(=O)N*)c(Oc2ccc(Br)cc2)c1,116.0,train
*/C=C/c1cc(OCCCCCCCC)c(*)cc1OC,58.0,train
*CC(*)C(=O)c1ccc(C(C)C)cc1,62.5,train
*O[Si](*)(C)C1CC2CC1C1C3CC(CC3C(=O)OC(C)(C)C)C21,90.0,train
*Oc1ccc(OC(=O)c2cc(/N=N/c3ccc(OCC)cc3)ccc2-c2ccc(/N=N/c3ccc(OCC)cc3)cc2C(*)=O)cc1,170.0,train
*O[Si](C)(C)O[Si](C)(C)O[Si](*)(C)c1c(F)c(F)c(F)c(F)c1F,-83.0,train
*Nc1ccc(*)cc1OCCCCCCCCCCOc1ccc(C2CCC(CCCCC)CC2)cc1,64.5,train
*C1CCC(CC2CCC(N3C(=O)c4ccc(Oc5ccc6c(c5)C(=O)N(*)C6=O)cc4C3=O)CC2)CC1,240.0,train
*Oc1cccc(NC(=O)CCCCC(=O)Nc2ccc(*)cc2)c1,160.0,train
*O[Si](C)(C)CCCC(=O)Oc1ccc(/C=N/c2ccc(Oc3ccc(/N=C/c4ccc(OC(=O)CCC[Si](*)(C)C)cc4)cc3)cc2)cc1,52.0,train
*/C(=C/c1cc(OC)c(/C=C(/c2ccc(*)cc2)c2ccc(OC)cc2)cc1OC)c1ccc(OC)cc1,170.0,train
*c1ccc(Oc2ccc(C(c3ccc(Oc4ccc(N5C(=O)c6ccc(Oc7ccc(C8(c9ccc(Oc%10ccc%11c(c%10)C(=O)N(*)C%11=O)cc9)CCC(C(C)(C)C)CC8)cc7)cc6C5=O)cc4)cc3)(C(F)(F)F)C(F)(F)F)cc2)cc1,227.0,train
*c1ccc2c(c1)C(=O)N(c1ccc(Cc3ccc(N4C(=O)c5ccc(C(*)(C(F)(F)F)C(F)(F)F)cc5C4=O)cc3)cc1)C2=O,297.0,train
*c1cc(C(c2ccc(OCCN(CC)c3ccc(/C=C/C4=CC(=C(C#N)C#N)CC(C)(C)C4)cc3)c(N3C(=O)c4ccc(Oc5ccc6c(c5)C(=O)N(*)C6=O)cc4C3=O)c2)(C(F)(F)F)C(F)(F)F)ccc1OCCN(CC)c1ccc(/C=C/C2=CC(=C(C#N)C#N)CC(C)(C)C2)cc1,202.0,train
*Oc1ccc2cc(OC(=O)c3ccc(-c4ccc(C(*)=O)cc4)cc3-c3ccccc3)ccc2c1,125.0,train
*CC(*)C(=O)OC12CC3CC(CC(C3)C1)C2,183.0,train
*CC/C=C(/*)Cl,-45.0,train
*c1ccc2oc(-c3cc(OCCCCCCCCCC)c(-c4nc5cc(C(*)(C(F)(F)F)C(F)(F)F)ccc5o4)cc3OCCCCCCCCCC)nc2c1,94.0,train
*CC(COc1ccc(C(C)(C)c2ccc(O*)cc2)cc1)OC(=O)c1ccccc1,65.0,train
*CC(*)CNc1ccc([N+](=O)[O-])cc1C,151.0,train
*CCCCCCOc1ccc(-c2cc(-c3ccccc3)c(-c3ccc(NC(=O)c4ccc(C(=O)Nc5ccc(-c6c(-c7ccccc7)cc(-c7ccc(O*)cc7)cc6-c6ccccc6)cc5)cc4)cc3)c(-c3ccccc3)c2)cc1,127.0,train
*Oc1cccc(OC(=O)c2cccc(C(*)=O)c2)c1,147.0,train
*CCCOCCCCOCCCN1C(=O)c2ccc(C(=O)Oc3ccc(OC(=O)c4ccc5c(c4)C(=O)N(*)C5=O)cc3)cc2C1=O,56.0,train
*OS(=O)(=O)c1cccc(S(=O)(=O)Oc2ccc(C3(c4ccc(*)cc4)CCCCC3)cc2)c1,127.0,train
*Oc1ccc(Nc2ccc(S(=O)(=O)c3ccc(Nc4ccc(Oc5ccc(C(C)(C)c6ccc(*)cc6)cc5)cc4)cc3)cc2)cc1,145.0,train
*CC(*)(C)C(=O)Oc1ccc(/C=C/c2ccccc2)cc1,143.0,train
*c1ccc(-c2ccc(-n3c(-c4ccc(Oc5ccc(C(=O)c6ccc(Oc7ccc(C(=O)c8ccc(Oc9ccc(-c%10nc%11ccccc%11n%10*)cc9)cc8)cc7)cc6)cc5)cc4)nc4ccccc43)cc2)cc1,243.0,train
*CC(c1ccccc1)C1C(=O)N(C(C)(C)C)C(=O)C1*,178.0,train
*CCOc1ccc(OC(=O)c2ccc(C(=O)Oc3ccc(O*)cc3)c(OCCCCC)c2)cc1,95.0,train
*CC(=O)Nc1ccc(NC(=O)COc2ccc3ccccc3c2Sc2c(O*)ccc3ccccc23)cc1,268.0,train
*CC(*)C1CCCC(C)C1,141.0,train
*/C=C/c1ccc(OC(=O)c2ccc(C(=O)Oc3cccc4ccc(*)nc34)cc2)cc1,112.0,train
*Oc1ccc(OC(=O)c2cccc(C(*)=O)c2)cc1,186.0,train
*CC(O)COc1ccc(C(C)(C)c2ccc(OCC(O)COc3cccc(NC(=O)Cc4cccc(CC(=O)Nc5cccc(O*)c5)c4)c3)cc2)cc1,119.0,train
*C(=O)c1ccc2c(c1)C(=O)N(c1ccc(CP(=O)(OCC)OCC)c(N3C(=O)c4ccc(*)cc4C3=O)c1)C2=O,218.0,train
*CC(*)(F)C(=O)OCC(F)(F)F,124.0,train
*CCCC(=O)Nc1ccc(Oc2ccc(NC(=O)CCCN3C(=O)c4ccc(C(=O)c5ccc6c(c5)C(=O)N(*)C6=O)cc4C3=O)cc2)cc1,198.0,train
*CC(*)(C)C(=O)OCC(=O)N1CCOCC1,128.0,train
*Oc1ccc(C(C)(C)c2ccc(Oc3ccc(C(=O)c4ccc(C(C)(C)c5ccc(C(=O)c6ccc(*)cc6)cc5)cc4)cc3)cc2)cc1,171.0,train
*CCCCCCCCOC(=O)c1ccc(C(=O)O*)cc1,45.0,train
*Oc1c(Cl)cc(C(c2cc(Cl)c(OC(*)=O)c(Cl)c2)C2CC3CCC2C3)cc1Cl,270.0,train
*Oc1c(OC)cc(*)cc1OC,174.1,train
*O[Si](C)(C)O[Si](C)(C)O[Si](C)(C)O[Si](C)(C)O[Si](C)(C)C#Cc1ccc(C#C[Si](*)(C)C)cc1,78.0,train
*CCCCCCCCNC(=O)CCCCCCCCCCCCCCCCC(=O)N*,36.0,train
*Oc1ccc(CC(NC(=O)CCc2ccc(OC(=O)CCC(*)=O)cc2)C(=O)OCc2ccccc2)cc1,78.0,train
*Oc1ccc(Oc2ccc(C(=O)c3c(C(=O)c4ccc(*)cc4)c(-c4ccc(F)cc4)c(-c4ccc(F)cc4)c(-c4ccc(F)cc4)c3-c3ccc(F)cc3)cc2)cc1,266.0,train
*c1ccc(Oc2ccc(N3C(=O)c4ccc(Oc5cccc6c(Oc7ccc8c(c7)C(=O)N(*)C8=O)cccc56)cc4C3=O)cc2)cc1,240.0,train
*CC(*)C(=O)OC(F)(F)C(F)(F)C(F)(F)C(F)(F)C(F)(F)C(F)(F)C(F)(F)C(F)(F)F,9.0,train
*CCCCCCN1C(=O)c2ccc(C(=O)Oc3ccc(-c4ccc(OC(=O)c5ccc6c(c5)C(=O)N(*)C6=O)cc4)cc3)cc2C1=O,133.0,train
*C(=O)Nc1ccc(Oc2cccc(Oc3ccc(NC(=O)c4ccc5c(c4)C(=O)N(c4ccc(Oc6cccc(Oc7ccc(N8C(=O)c9ccc(*)cc9C8=O)cc7)c6C#N)cc4)C5=O)cc3)c2)cc1,217.0,train
*c1cccc(P(=O)(c2ccccc2)c2cccc(-n3c(=O)c4cc5c(=O)n(*)c(=O)c5cc4c3=O)c2)c1,331.0,train
*Nc1ccc(C(c2ccc(NC(=O)c3ccc(-c4ccc(C(*)=O)c(C)c4)cc3C)cc2)(C(F)(F)F)C(F)(F)F)cc1,289.0,train
*Oc1ccc(NC(=O)CCCCCCCCCC(=O)Nc2ccc(*)cc2)cc1,150.0,train
*CCCCCCCCc1nc2cc(NC(=O)CCCCCCCCC(=O)Nc3ccc4oc(*)nc4c3)ccc2o1,93.0,train
*CCCCCCCCCc1nc2ccc(-c3ccc4nc(*)oc4c3)cc2o1,64.0,train
*c1cc(-c2sc(-c3cc(CCCC)c(*)s3)cc2CCCC)c2cccccc1-2,124.0,train
*CCOCCOC(=O)c1cccc(C(=O)O*)c1,16.0,train
*Oc1ccc(C(C)(C)c2ccc(OC(=O)c3ccc([Si](c4ccccc4)(c4ccccc4)c4ccc(C(*)=O)cc4)cc3)cc2)cc1,295.0,train
*OP(=O)(Oc1ccccc1)Oc1cccc2c(*)cccc12,138.0,train
*CC(*)(C)C(=O)OCCN(CC)CC,26.0,train
*Oc1ccc(OC(=O)c2ccc(-c3ccc(C(*)=O)cc3)cc2-c2ccccc2)cc1C(C)(C)c1ccccc1,146.0,train
*/C=C/c1cccc(/C=C/[Si](C)(CCC(F)(F)F)c2cccc([Si](*)(C)CCC(F)(F)F)c2)c1,9.5,train
*CCCCOc1ccc(/C=C2\CC/C(=C\c3ccc(OCCCCOP(=O)(O*)OCC)c(OC)c3)C2=O)cc1OC,79.0,train
*CC(*)C(=O)OC1CC(C)CC(C)(C)C1,15.0,train
*N/C(C#N)=C(\C#N)NC(=O)c1ccc(C(*)=O)cc1,232.0,train
*c1cccc(C(=O)Nc2ccc(Oc3ccc(Oc4ccc(NC(=O)c5cccc(N6C(=O)c7ccc(-c8cccc9c8C(=O)N(*)C9=O)cc7C6=O)c5)cc4)cc3)cc2)c1,268.0,train
*c1cc(C(=O)NCCCCCCCC)cc(N2C(=O)c3ccc(-c4ccc5c(c4)C(=O)N(*)C5=O)cc3C2=O)c1,245.5,train
*c1ccc(Oc2ccc(C(C)(C)c3ccc(Oc4ccc(-c5nc(*)nc(-c6ccccc6)n5)cc4)cc3)cc2)cc1,228.0,train
*CC1(*)CCCCC1,100.0,train
*C[Si](*)(C)c1ccccc1,28.0,train
*c1ccc2c(c1)C(CCCCCCCC)(CCCCCCCC)c1cc(-c3cc(F)c(*)cc3F)ccc1-2,34.0,train
*Oc1cccc(OC2(F)C(*)(F)C(F)(F)C2(F)F)c1,32.0,train
*O[Si](C)(C)O[Si](C)(C)O[Si](C)(C)O[Si](C)(C)OC(C)CCC(*)C,-96.0,train
*Oc1ccc(C(c2ccc(OC(=O)OC3C(C)(C)C(OC(*)=O)C3(C)C)cc2)(C(F)(F)F)C(F)(F)F)cc1,142.0,train
*C(=O)c1ccc2c(c1)C(=O)N(c1cccc(C(O)c3cccc(N4C(=O)c5ccc(*)cc5C4=O)c3)c1)C2=O,292.0,train
*CC(CCCCCCCCCCCC)COC(=O)NC(=O)c1ccc(C(=O)NC(=O)O*)cc1,75.0,train
*O[Si](*)(CCCOCCOCCOCCOC)CCCOCCOCCOCCOC,-69.2,train
*CC(*)C(=O)n1c2ccccc2c2ccccc21,50.1,train
*CCCCCCN1C(=O)C(=O)N(c2ccc(Cc3ccc(N4C(=O)C(=O)N(*)C4=O)cc3)cc2)C1=O,158.0,train
*C(=O)c1ccc2c(c1)C(=O)N(c1ccc(N3C(=O)c4ccc(*)cc4C3=O)cc1)C2=O,317.0,train
*O[Si](*)(C)CCCOc1ccc(C(=O)Oc2ccc(-c3ccc(OC(=O)c4cc(OCCCCCCCCCCCC)c(OCCCCCCCCCCCC)c(OCCCCCCCCCCCC)c4)cc3)cc2)cc1,48.0,train
*c1ccc(Oc2ccccc2Oc2ccc(N3C(=O)c4ccc(-c5ccc6c(c5)C(=O)N(*)C6=O)cc4C3=O)cc2)cc1,241.0,train
*Oc1ccc(Nc2ccc(/N=N/c3ccc(Nc4ccc(*)cc4)cc3)cc2)cc1,169.0,train
*CC(*)C(=O)OCC(F)(F)C(F)(F)F,-26.0,train
*CC(*)(C)OC,67.0,train
*Oc1ccc(NC(=O)c2cc(C(=O)Nc3ccc(*)cc3)c(C(=O)OCC)cc2C(=O)OCC)cc1,208.05,train
*CCCCCCCCCNC(=O)CCCCC(=O)N*,68.0,train
*Oc1ccc(C(C)(CC)c2ccc(OC(=O)OC3C(C)(C)C(OC(*)=O)C3(C)C)cc2)cc1,124.0,train
*O[Si](C)(C)O[Si](C)(C)O[SiH](*)O[Si](C)(C)C=C,-68.0,train
*CCOCCOCCOCCOCCOCCOc1ccc(C(=O)Nc2cc(NC(=O)c3ccc(O*)cc3)cc(-c3nc4ccccc4[nH]3)c2)cc1,125.0,train
*Oc1ccc(NC(=O)Nc2ccccc2CCc2ccc(NC(=O)Nc3ccc(*)cc3)cc2)cc1,200.0,train
*CC(*)C(=O)OCC(C)C,25.0,train
*c1ccc(-c2ccc(-n3c(=O)c4cc5c(=O)n(*)c(=O)c5cc4c3=O)cc2OC)c(OC)c1,328.0,train
*Oc1ccc(C(=O)Nc2ccccc2-c2ccc(NC(=O)c3ccc(*)cc3)cc2)cc1,251.0,train
*CC(O)CN(*)c1cc(C)c(/N=N/c2ccc([N+](=O)[O-])cc2)c(C)c1,152.0,train
*Oc1ccc(C(=O)c2ccc(Oc3ccc(C(=O)c4ccc(Oc5cccc(Cc6cccc(*)c6)c5)cc4)cc3)cc2)cc1,123.0,train
*O[Si](*)(C)CCCOc1ccc(C(=O)Oc2ccc(OC)cc2)cc1,37.0,train
*/C=C(/*)c1ccccc1C[Si](C)(C)C,170.0,train
*/C=C(\C#N)C(=O)NC1CCCCC1NC(=O)/C(C#N)=C/c1ccc(/C=C/c2ccc(N(c3ccccc3)c3ccc(N(c4ccccc4)c4ccc(/C=C/c5ccc(*)s5)cc4)cc3)cc2)s1,240.0,train
*Oc1ccc(CC(NC(=O)CCc2ccc(OC(=O)COCCOCC(*)=O)cc2)C(=O)OC)cc1,63.0,train
*NC(CCC(=O)OC)C(*)=O,0.0,train
*CC(*)c1cccc2ccccc12,160.0,train
*c1ccc(CC(=O)Nc2cccc(NC(=O)Cc3ccc(-c4sc(*)c(-c5ccccc5)c4-c4ccccc4)cc3)c2)cc1,228.0,train
*CCC1C(=O)N(CCCCCCCCCCCCCCCCCC)C(=O)C1*,67.1,train
*c1ccc(Oc2ccc(C(C)(C)c3ccc(Oc4ccc(-c5ccc(*)s5)cc4C(F)(F)F)cc3)cc2)c(C(F)(F)F)c1,130.0,train
*c1sc(*)c(CCCCCCN(CC)c2ccc(/N=N/c3ccc([N+](=O)[O-])cc3)cc2)c1CCCCCC,17.0,train
*c1ccc(Oc2ccc(NC(=O)c3ccc4c(c3)C(=O)N(c3ccc(Cc5ccc(N6C(=O)c7ccc(C(=O)Nc8ccc(Oc9ccc(C%10(*)NC(=O)c%11ccccc%11%10)cc9)cc8)cc7C6=O)cc5)cc3)C4=O)cc2)cc1,302.0,train
*c1ccc(-c2nc3cc(Oc4ccc(NC(=O)CN5C(=O)c6ccc(C(c7ccc8c(c7)C(=O)N(CC(=O)Nc7ccc(Oc9ccc%10nc(-c%11ccccc%11)c(-c%11ccc(-n%12c(=O)c%13ccc%14c(=O)n(*)c(=O)c%15ccc(c%12=O)c%13c%14%15)cc%11)nc%10c9)cc7)C8=O)(C(F)(F)F)C(F)(F)F)cc6C5=O)cc4)ccc3nc2-c2ccccc2)cc1,306.0,train
*c1ccc2c(c1)C(=O)N(c1ccc(C(=O)Nc3ccc(Oc4ccc(Oc5ccc(NC(=O)c6ccc(N7C(=O)c8ccc(C(*)(C(F)(F)F)C(F)(F)F)cc8C7=O)cc6)cc5)cc4)cc3)cc1)C2=O,303.0,train
*c1ccc(Oc2cccc(N3C(=O)c4ccc(Oc5cc6ccccc6cc5Oc5ccc6c(c5)C(=O)N(*)C6=O)cc4C3=O)c2)cc1,226.0,train
*CC(*)c1ccccc1C(=O)N(C)C,190.0,train
*OC1C(C)(C)C(OC(=O)c2ccc(C(*)=O)cc2)C1(C)C,184.0,train
*c1cccc(C(=O)Nc2ccc(Oc3cccc(Oc4ccc(NC(=O)c5cccc(N6C(=O)c7ccc(-c8cccc9c8C(=O)N(*)C9=O)cc7C6=O)c5)cc4)c3)cc2)c1,253.0,train
*C(=O)Nc1ccc(Oc2ccc(-c3ccc(Oc4ccc(NC(=O)c5ccc6c(c5)C(=O)N(c5ccc(Oc7ccc(S(=O)(=O)c8ccc(Oc9ccc(N%10C(=O)c%11ccc(*)cc%11C%10=O)cc9)cc8)cc7)cc5)C6=O)cc4)cc3)cc2)cc1,267.0,train
*=NP(Cl)(Cl)=NP(Cl)(Cl)=NC(=*)Cl,-21.0,train
*Nc1ccc(CCNC(=O)CCCCC(*)=O)cc1,115.0,train
*CC(*)c1cc(Br)ccc1OCCCC,47.0,train
*CC(*)(CC(=O)OCC1CCCCC1)C(=O)OCC1CCCCC1,83.0,train
*CCN(CCOC(=O)c1ccc([Si](C)(C)c2ccc(C(=O)O*)cc2)cc1)c1ccc(/C=C/c2ccc([N+](=O)[O-])cc2)cc1,127.0,train
*c1ccc(NC(=O)c2ccc(OCCOCCOCCOCCOCCOc3ccc(C(=O)Nc4ccc5[nH]c(*)nc5c4)cc3)cc2)cc1,125.0,train
*c1ccc(Oc2ccc(N3C(=O)c4ccc(Oc5ccc(-c6ccc(Oc7ccc8c(c7)C(=O)N(*)C8=O)cc6)cc5)cc4C3=O)cc2)cc1,229.0,train
*CCOCCOCCOCCOc1ccc(/C=C(\C)c2ccc(O*)cc2)cc1,7.5,train
*c1ccc(Oc2ccc(N3C(=O)c4cccc(Oc5ccc(S(=O)(=O)c6ccc(Oc7cccc8c7C(=O)N(*)C8=O)cc6)cc5)c4C3=O)cc2)cc1,267.0,train
*/C=C/C1CC(*)C2C(=O)N(CCCCCCCC)C(=O)C12,56.5,train
*Oc1ccc(CC(NC(=O)CCc2ccc(OC(=O)CCC(*)=O)cc2)C(=O)OC(C)CC)cc1,75.0,train
*Nc1cc(NC(=O)c2cc(OCCCS(=O)(=O)c3ccc(/N=N/c4ccc(N(C)C)cc4)cc3)cc(C(*)=O)c2)cc(C(=O)OCCCN(C)c2ccc(/N=N/c3ccc(S(C)(=O)=O)cc3)cc2)c1,166.0,train
*CC(*)(C)C(=O)OCc1cccc(Cl)c1Cl,42.6,train
*c1cc(C(=O)NCCCCCCCCCCCC)cc(N2C(=O)c3ccc(-c4ccc5c(c4)C(=O)N(*)C5=O)cc3C2=O)c1,243.1,train
*c1ccc(NC(=O)c2ccc(NC(=O)c3ccc([Si](C)(C)c4ccc(C(=O)Nc5ccc(C(=O)Nc6ccc(-c7sc(*)c(-c8ccccc8)c7-c7ccccc7)cc6)cc5)cc4)cc3)cc2)cc1,337.0,train
*CCCCCCCNC(=O)CCCCC(=O)N*,55.0,train
*C(=O)OCCN(CCOC(=O)c1ccc2c(c1)C(=O)N(c1c(C)cc(Cc3cc(C)c(N4C(=O)c5ccc(*)cc5C4=O)c(C)c3)cc1C)C2=O)c1ccc(/N=N/c2ccc([N+](=O)[O-])cc2C#N)cc1,216.0,train
*CNC(=O)CCCCC(=O)NCC1COC(*)CO1,93.0,train
*CC(*)c1ccc(O)cc1,158.0,train
*CCOC(=O)c1cccc2c(C(=O)O*)cccc12,78.0,train
*O[Si](*)(C)CCCCCCCC,-92.0,train
*c1ccc(-c2cc(C(C)(C)C)c(Oc3ccc(N4C(=O)c5ccc(S(=O)(=O)c6ccc7c(c6)C(=O)N(*)C7=O)cc5C4=O)cc3)c(C(C)(C)C)c2)cc1,354.5,train
*C(=O)N1C(=O)N(C(=O)c2ccc3c(c2)C(=O)N(c2ccc(Oc4ccc(N5C(=O)c6ccc(*)cc6C5=O)cc4)cc2)C3=O)C(CC)(CC)C1=O,160.0,train
*CC(*)c1ccc(Cl)cc1C,145.0,train
*Oc1ccc(C(c2ccc(OP3(Oc4ccc(C(=O)OC)cc4)=NP(Oc4ccc(C(=O)OC)cc4)(Oc4ccc(C(=O)OC)cc4)=NP(*)(Oc4ccc(C(=O)OC)cc4)=N3)cc2)(C(F)(F)F)C(F)(F)F)cc1,78.0,train
*Nc1ccc(Cc2ccc(NC(=O)c3cc(NC(=O)CCCCCCCCCCN4C(=O)c5ccccc5C4=O)cc(C(*)=O)c3)cc2)cc1,150.0,train
*c1ccc2c(c1)C(=O)N(c1cccc(P(=O)(c3ccc(C(F)(F)F)cc3)c3cccc(N4C(=O)c5ccc(C(*)(C(F)(F)F)C(F)(F)F)cc5C4=O)c3)c1)C2=O,260.0,train
*c1ccc(Oc2ccc(C(c3ccccc3)(c3ccccc3)c3ccc(Oc4ccc(-c5nc(*)nc(-c6ccccc6)n5)cc4)cc3)cc2)cc1,261.0,train
*CCCCCCCCCCNC(=O)c1ccc(C(=O)N*)c(Sc2ccccc2)c1,100.0,train
*OC(F)(C(*)(F)F)C(F)(F)F,-73.0,train
*Oc1cccc2cc(OC(=O)c3ccc(Oc4ccc(C(*)=O)cc4)cc3)ccc12,179.0,train
*CCCCCCNC(=O)/C=C(\C)C(=O)N*,94.0,train
*Cc1cc(C23CC4CC(CC(C4)C2)C3)cc(CN(*)c2ccccc2)c1O,109.4,train
*c1ccc(Oc2cccc(Oc3ccc(N4C(=O)C5CCC(C6CCC7C(=O)N(*)C(=O)C7C6)CC5C4=O)cc3)c2)cc1,215.0,train
*c1ccc2c(c1)C(=O)N(C1CCC(CC3CCC(N4C(=O)c5ccc(C(*)(C(F)(F)F)C(F)(F)F)cc5C4=O)CC3)CC1)C2=O,265.0,train
*OC1C(COCO)OC(*)C(O)C1O,208.0,train
*C(=O)Nc1ccc(N2C(=O)CC(N3C(=O)c4ccc(*)cc4C3=O)C2=O)cc1,120.0,train
*Nc1ccc(NC(=O)c2cc(NC(=O)c3ccncc3)cc(C(*)=O)c2)cc1,327.0,train
*c1ccc2oc(-c3ccc(C(c4ccccc4)(c4ccc(-c5nc6cc(C(*)(C(F)(F)F)C(F)(F)F)ccc6o5)cc4)C(F)(F)F)cc3)nc2c1,310.0,train
*c1ccc(Oc2ccc(C(=O)c3ccc(Oc4ccc(C5(*)OC(=O)c6ccccc65)cc4)cc3)cc2)cc1,218.0,train
*CC(*)(F)C(=O)OCCC(F)(F)C(F)(F)C(F)(F)C(F)(F)C(F)(F)C(F)(F)C(F)(F)C(F)(F)C(F)(F)C(F)(F)F,53.0,train
*c1ccc2c(c1)C(=O)N(c1ccc(Oc3ccc(C(=O)c4cccc(C(=O)c5ccc(Oc6ccc(N7C(=O)c8ccc(C(*)(C(F)(F)F)C(F)(F)F)cc8C7=O)cc6)cc5)c4)cc3)cc1)C2=O,236.0,train
*c1ccc(Oc2ccc(NC(=O)c3ccc(C(=O)Nc4ccc(Oc5ccc(-c6nnc(*)o6)cc5)cc4)c(Oc4ccccc4)c3)cc2)cc1,245.0,train
*CC(*)(C)C(=O)OCCC(C)CC(C)(C)C,1.0,train
*Oc1ccc(*)cc1,85.0,train
*c1ccc2c(c1)Sc1cc(-c3ccc(-c4ccc(*)s4)s3)ccc1N2CCCCCC,140.0,train
*c1ccc(C(=O)NCCCCCCNC(=O)c2ccc(-c3nc4ccccc4nc3*)cc2)cc1,201.0,train
*C1C(=O)N(c2cc(Br)c(O[Si](CC)(CC)CC)c(Br)c2)C(=O)C1*,160.0,train
*C[Si](*)(C)CCCOCCOCCOC,-73.3,train
*c1ccc2oc(C3CCC(c4nc5cc(C(*)(C(F)(F)F)C(F)(F)F)ccc5o4)CC3)nc2c1,271.0,train
*CCCCOC(=O)OCCCCN1C(=O)c2ccc(-c3ccc4c(c3)C(=O)N(*)C4=O)cc2C1=O,104.0,train
*CCCCCCCCCCCCCCNC(=O)NCCCCCCNC(=O)N*,47.0,train
*CC(=O)NCCCCCCNC(=O)COC(=O)CCCCCCCCC(=O)O*,2.0,train
*c1ccc(Cc2ccc(N3C(=O)c4ccc(Sc5ccc6c(c5)C(=O)N(*)C6=O)cc4C3=O)cc2)cc1,265.0,train
*C(=O)Nc1ccc(C)cc1N1C(=O)CC(N2C(=O)c3ccc(*)cc3C2=O)C1=O,237.0,train
*CC/C=C(/*)CCCCCCC,-83.0,train
*c1cccc(Oc2cccc(-n3c(=O)c4cc5c(=O)n(*)c(=O)c5cc4c3=O)c2)c1,283.5,train
*N=P(*)(OCCCCCCCCC)OCCCCCCCCC,-56.0,train
*c1cccc(NC(=O)c2ccc(OCCOCCOCCOCCOc3ccc(C(=O)Nc4ccc5[nH]c(*)nc5c4)cc3)cc2)c1,155.0,train
*C1C2CCC(C2)C1*,240.0,train
*CC(*)c1ccc(C(=O)OCCN(C)C)cc1,91.0,train
*c1ccc(Oc2c(C)cc(C(c3cc(C)c(Oc4ccc(-n5c(=O)c6cc7c(=O)n(*)c(=O)c7cc6c5=O)cc4)c(C)c3)c3cccc4ccccc34)cc2C)cc1,315.0,train
*C1C2CCC(C2)C1S(*)(=O)=O,33.0,train
*CC(*)(C)C(=O)OCC(=O)Nc1cc(C)on1,128.0,train
*c1ccc(Oc2ccc(C(c3ccc(Oc4ccc(-c5nnc(*)n5-c5ccccc5)cc4)cc3)(C(F)(F)F)C(F)(F)F)cc2)cc1,203.0,train
*C[Si](*)(CCC)CCC,-41.0,train
*CC(*)C(=O)Oc1cccc(N(C)C)c1,47.0,train
*O[Si](C)(C)O[Si](C)(C)O[Si](C)(C)O[Si](C)(C)O[Si](C)(C)c1ccc([Si](*)(C)C)cc1,-80.0,train
*CC(*)(C)C(=O)OCCCCCCCCCCOc1ccc(OC(=O)c2ccc(OCCCC)cc2)cc1,31.0,train
*C(=O)OCCCCCCCCOC(=O)c1ccc(NC(=O)c2ccc(N3C(=O)c4ccc(*)cc4C3=O)cc2)cc1,105.0,train
*Oc1ccc(NC(=O)c2cc(-c3ccc(C(=O)O)c(C(=O)Nc4ccc(*)cc4)c3)ccc2C(=O)O)cc1,184.4,train
*C(=O)OCCCCCCCCCCCCOC(=O)c1ccc(NC(=O)c2ccc(N3C(=O)c4ccc(*)cc4C3=O)cc2)cc1,74.0,train
*CC(*)SC,-1.0,train
*C(=O)Nc1ccc(Oc2ccc(-c3ccc(Oc4ccc(NC(=O)c5ccc6c(c5)C(=O)N(c5cccc(N7C(=O)c8ccc(*)cc8C7=O)c5)C6=O)cc4)cc3)cc2)cc1,292.0,train
*CC(*)C(=O)OCCCCCCOc1ccc(-c2ccc(C#N)cc2)cc1,45.0,train
*CCCCCOC(=O)c1ccccc1C(=O)O[Pb]OC(=O)c1ccccc1C(=O)OCCCCCOC(=O)Nc1ccc(C)c(NC(=O)O*)c1,-11.3,train
*CC(*)C(=O)NCP(=O)(O)O,26.0,train
*Oc1ccc(P(=O)(c2ccccc2)c2ccc(*)cc2)cc1,240.0,train
*Oc1ccc(C(C)(C)c2ccc(Oc3ccc(C(=O)C(=O)c4ccc(*)cc4)cc3)cc2)cc1,152.0,train
*Oc1ccc(Oc2ccc(C(=O)c3ccc(-c4ccc(C(=O)c5ccc(*)cc5)cc4)cc3)cc2)cc1-c1ccccc1,186.0,train
*CC(*)(C)C(=O)OCC#CO[Si](C)(C)C,57.0,train
*Nc1ccc(NC(=O)c2ccc(NC(=O)CCCCCCCCCCC(=O)Nc3ccc(C(*)=O)cc3)cc2)cc1C(=O)OCCCCCCCCCCCC,205.5,train
*c1cc(SCCCCCC)c(*)s1,32.0,train
*N=P(*)(OCCOCCOCCCC)OCCOCCOCCCC,-84.0,train
*CC(*)(C)C(=O)OC(COc1cc2ccccc2c2ccccc12)COc1cc2ccccc2c2ccccc12,112.0,train
*CC(*)(C)C(=O)OCCCCCCCCCCOc1ccc(/N=N/c2ccc(F)cc2)cc1,49.0,train
*CC#CCOC(=O)CCCCCCCCCCC(=O)O*,-27.0,train
*c1ccc2c(c1)C(=O)N(c1c(C)cc(Cc3cc(C)c(N4C(=O)c5ccc(C(*)(C(F)(F)F)C(F)(F)F)cc5C4=O)c(C)c3)cc1C)C2=O,307.5,train
*Cc1cccc(CNC(=O)/C=C(\C)C(=O)N*)c1,135.0,train
*/N=N/c1ccc([Te]c2ccc(*)cc2)cc1,300.0,train
*CC(OCC(C)C)C1C(=O)OC(=O)C1*,145.0,train
*c1cccc(C(=O)c2ccc(Oc3ccc(N4C(=O)c5ccc(Oc6ccc7c(c6)C(=O)N(*)C7=O)cc5C4=O)cc3C(F)(F)F)cc2)c1,224.0,train
*O[Si](*)(C)CCCCCCCCCCC(F)(F)C(F)(F)C(F)(F)C(F)(F)C(F)(F)C(F)(F)C(F)(F)C(F)(F)F,-78.0,train
*CCN(CCOC(=O)Nc1cccc(NC(=O)O*)c1C)c1ccc(/N=N/c2ccc([N+](=O)[O-])cc2)cc1,147.0,train
*c1ccc(OC(=O)c2cc(C(=O)Oc3ccc(C4(*)OC(=O)c5ccccc54)cc3)cc(C(C)(C)C)c2)cc1,279.0,train
*c1ccc(Oc2ccc(Oc3ccc(N4C(=O)c5ccc(-c6cccc7c6C(=O)N(*)C7=O)cc5C4=O)cc3)cc2)cc1,285.0,train
*O[Si](C)(C)c1cccc2c1ccc1c([Si](*)(C)C)cccc12,100.0,train
*CCCCCCOC(=O)NCC(F)(F)C(F)(F)C(F)(F)C(F)(F)CNC(=O)O*,5.0,train
*c1ccc(Oc2ccc(N3C(=O)CC(C4C=C(C)C5C(=O)N(*)C(=O)C5C4)C3=O)cc2)cc1,278.0,train
*c1ccc(Oc2ccc(C(c3ccc(Oc4ccc(-c5nnc(*)n5-c5ccc(S(=O)(=O)c6ccccc6)cc5)cc4)cc3)(C(F)(F)F)C(F)(F)F)cc2)cc1,211.0,train
*Oc1cc(OC(=O)c2ccc(OCC(C)CC)cc2)c(OC(=O)CCCC(*)=O)cc1OC(=O)c1ccc(OCC(C)CC)cc1,60.0,train
*Nc1ccc(-c2ccc(NC(=O)Cc3cc(C)c(CC(*)=O)cc3C)cc2)cc1,171.0,train
*c1ccc(C(c2ccccc2)c2ccc(N(c3ccc(C)cc3)c3ccc(-c4ccc(N(*)c5ccc(C)cc5)cc4)cc3)cc2)cc1,239.0,train
*Nc1ccc(NC(=O)c2ccc(NC(=O)CCCCCCCCCCC(=O)Nc3ccc(C(*)=O)cc3)cc2)cc1C(=O)OCCCCCCCCCCCCCCCCCC,196.5,train
*Oc1ccc(NC(=O)c2ccc3cc(C(=O)Nc4ccc(Oc5ccc(C6(c7ccc(*)cc7)C7CC8CC(C7)CC6C8)cc5)cc4)ccc3c2)cc1,266.0,train
*Oc1ccc(C(CCC)c2ccc(OC(*)=S)cc2)cc1,130.0,train
*CC(*)C(=O)OCCN(CC)c1ccc(/N=N/c2ccc([N+](=O)[O-])cc2)cc1,102.0,train
*c1ccc(/C=N/c2ccc(C(c3ccccc3)c3ccc(/N=C/c4ccc(-c5ccc(*)s5)cc4)cc3)cc2)cc1,129.0,train
*Oc1ccc(-c2cc(-c3ccccc3)c(-c3ccc(OC(=O)c4ccc(C(*)=O)cc4-c4ccccc4)cc3)c(-c3ccccc3)c2-c2ccccc2)cc1,225.0,train
*c1cc(Br)c(-c2c(Br)cc(N3C(=O)c4ccc(-c5ccc6c(c5)C(=O)N(*)C6=O)cc4C3=O)cc2C(=O)OCCCCCC)c(C(=O)OCCCCCC)c1,154.0,train
*c1ccc(-c2ccc(-n3c(-c4ccc(Oc5ccc(C(=O)c6ccc(Oc7ccc(-c8nc9ccccc9n8*)cc7)cc6)cc5)cc4)nc4ccccc43)cc2)cc1,268.0,train
*Oc1c(C)cc(*)cc1C(C)CCCCC,60.0,train
*c1nnc(-c2ccc(Oc3ccc(/C=C/c4ccc(Oc5ccc(*)c6ccccc56)cc4)c4ccccc34)c3ccccc23)o1,241.0,train
*c1cc(CCCCCCOC(=O)COC)c(*)s1,37.0,train
*Oc1ccc(S(=O)(=O)c2ccc(Oc3ccc(C(C)(C)c4ccc(*)cc4)cc3)cc2N)c(N)c1,210.5,train
*CC(CC(*)(C#N)C#N)c1ccc(CCl)cc1,180.0,train
*Oc1ccc(S(=O)(=O)c2ccc(Oc3ccc(C(c4ccc(*)cc4)(C(F)(F)F)C(F)(F)F)cc3)cc2)cc1,199.7,train
*Oc1ccc(CC(NC(=O)CCc2ccc(OC(=O)CCCCCCCCC(*)=O)cc2)C(=O)OCCCCCC)cc1,22.0,train
*c1ccc(C(C)(C)c2ccc(N3C(=O)c4ccc(Oc5ccc6ccc(Oc7ccc8c(c7)C(=O)N(*)C8=O)cc6c5)cc4C3=O)cc2)cc1,247.0,train
*Oc1ccc(NC(=O)CCCCCCCCC(=O)Nc2ccc(*)cc2)cc1,160.0,train
*CCN(CCOC(=O)Nc1cccc(NC(=O)O*)c1C)c1ccc(/C=C/c2ccc([N+](=O)[O-])cc2)cc1,123.0,train
*Oc1ccc(C(C)(C)c2ccc(OC(=O)c3ccc(Cc4ccc(C(*)=O)cc4)cc3)cc2)cc1,205.0,train
*CC(*)c1ccc(Cl)c(F)c1,122.0,train
*C(=O)OCCOC(=O)c1ccc(N2C(=O)c3ccc(*)cc3C2=O)cc1,280.0,train
*Oc1ccc(OC(=O)c2cc(OCCCCOCC3CCCN3c3ccc([N+](=O)[O-])cc3)c(C(*)=O)cc2OCCCCOCC2CCCN2c2ccc([N+](=O)[O-])cc2)cc1,68.0,train
*/C=C/c1ccc(/N=N/c2ccc(N(C)CCOC(=O)Nc3ccc(C)c(NC(=O)OCCN(C)c4ccc(/N=N/c5ccc(/C=C/C6=CC(=C(C#N)C#N)C=C(*)O6)cc5)cc4)c3)cc2)cc1,196.0,train
*CC(*)(C)C(=O)OCCCCOc1ccc(OC(=O)c2ccc(OCCCCCCCC)cc2)cc1,10.0,train
*CCCN(*)C,-37.5,train
*CCOC(=O)c1ccc(-c2ccc(C(=O)O*)cc2C)c(C)c1,73.0,train
*C(=O)c1ccc2c(c1)C(=O)N(c1ccc(Cc3cccc(N4C(=O)c5ccc(*)cc5C4=O)c3)cc1)C2=O,281.0,train
*Oc1ccc(C(c2ccc(OC(*)=O)cc2)C2CC3CC2C2C4CCC(C4)C32)cc1,253.0,train
*C(=O)c1cc2c(cc1Cl)C(=O)N(c1cc(N3C(=O)c4cc(*)c(Cl)cc4C3=O)cc(C(F)(F)F)c1)C2=O,305.0,train
*C(=O)Nc1ccc(Oc2ccc(-c3ccc(Oc4ccc(NC(=O)c5ccc6c(c5)C(=O)N(c5ccc(C)c(N7C(=O)c8ccc(*)cc8C7=O)c5)C6=O)cc4)cc3)cc2)cc1,299.0,train
*N=P(*)(NCCCC)NCCCC,27.0,train
*Oc1ccc(/N=C/c2ccc(Oc3ccc(C(c4ccccc4)(c4ccccc4)c4ccc(Oc5ccc(/C=N/c6ccc(*)cc6)cc5)cc4)cc3)cc2)cc1,211.0,train
*CCCCCCOC(=O)OCCCCCCCCOC(=O)OCCCCCCOc1ccc(Oc2ccc(O*)cc2)cc1,-17.0,train
*CC(*)C(=O)OC(C)C,-5.0,train
*CC(*)C(=O)OCCCCCCCCCCOc1cnc(-c2ccc(OC(=O)C3COC(C)(C)O3)cc2)nc1,29.0,train
*=Nc1ccc(Cc2ccc(NC(=*)CC)cc2)cc1,130.0,train
*CCCCCCCCCCCCCCCCOC(=O)C/C=C/CC(=O)O*,-22.0,train
*c1ccc(-c2ccc(-c3cc(-c4ccc(Oc5ccc(-c6cc(*)nc7ccccc67)cc5)cc4)c4ccccc4n3)cc2)cc1,326.0,train
*CCCCOc1ccc(CCc2ccc(O*)cc2C)cc1,24.9,train
*c1nnc(-c2sc(-c3nnc(-c4cc(OCCCCCCCC)c(*)cc4OCCCCCCCC)o3)cc2CCCCCCCC)o1,124.3,train
*c1ccc(Oc2ccc(C(=O)c3cccc(C(=O)c4ccc(Oc5ccc(N6C(=O)c7ccc([Si](C)(C)c8ccc9c(c8)C(=O)N(*)C9=O)cc7C6=O)cc5)cc4)c3)cc2)cc1,208.0,train
*c1ccc(Sc2ccc3c(c2)Sc2ccc(Sc4ccc(-n5c(=O)c6cc7c(=O)n(*)c(=O)c7cc6c5=O)cc4)cc2S3)cc1,254.75,train
*CC(*)c1ccccc1COCCCC,67.0,train
*Oc1ccc(NC(=O)c2cc(C(=O)Nc3ccc(*)cc3)cc(C(C)(C)C)c2)cc1,268.0,train
*CCOCCOCCOCCOCCOCCOC(=O)c1cccc(C(=O)O*)c1,-23.5,train
*Oc1c(Br)cc(C(C)(C)c2cc(Br)c(OC(*)=O)c(Br)c2)cc1Br,228.5,train
*Nc1ccc(NC(=O)CCCCC(*)=O)cc1,133.0,train
*CCCCCCNC(=O)CCCCCCCCCCCCCCC(=O)N*,40.0,train
*Nc1ccc(C(=O)c2ccc(NC(=O)c3cc(C(*)=O)cc(C(C)(C)C)c3)cc2)cc1,271.0,train
*c1ccc(-c2ccc([Si](*)(C)C)s2)s1,45.0,train
*C(=O)c1ccc2c(c1)/C(=N\c1ccc(Oc3ccc(C(c4ccc(Oc5ccc(/N=C6/OC(=O)c7ccc(*)cc76)cc5)cc4)(C(F)(F)F)C(F)(F)F)cc3)cc1)OC2=O,248.0,train
*CCCC1(C)CCN(C(=O)CC(C)C(=O)N2CCC(*)(C)CC2)CC1,72.0,train
*c1ccc(C(C)(C)c2ccc(C(C)(C)c3ccc(N4C(=O)c5ccc(Oc6ccc7ccc(Oc8ccc9c(c8)C(=O)N(*)C9=O)cc7c6)cc5C4=O)cc3)cc2)cc1,246.0,train
*c1cccc(OCCCCOc2cccc(N3C(=O)c4ccc(-c5ccc6c(c5)C(=O)N(*)C6=O)cc4C3=O)c2)c1,175.0,train
*Oc1ccc2ccc(Oc3ccc(/C(=N/c4ccc(Oc5ccc(/N=C(\c6ccccc6)c6ccc(*)cc6)cc5)cc4)c4ccccc4)cc3)cc2c1,165.0,train
*C([2H])([2H])C(*)([2H])C([2H])([2H])[2H],0.0,train
*O[Si](*)(C)CCCOc1ccc(C(=O)Oc2ccc(OCCCCCC)cc2)cc1,15.0,train
*CCCCN1C(=O)c2ccc(C(=O)Oc3ccc(-c4ccc(OC(=O)c5ccc6c(c5)C(=O)N(*)C6=O)cc4)cc3)cc2C1=O,126.0,train
*CC(Cc1cccc2ccccc12)C[Si](*)(C)C,17.0,train
*c1ccc(Oc2ccc(C3(c4ccc(Oc5ccc(-c6nnc(*)c7c(-c8ccccc8)c(-c8ccc9ccccc9c8)c(-c8ccc9ccccc9c8)c(-c8ccccc8)c67)cc5)cc4)c4ccccc4-c4ccccc43)cc2)cc1,334.0,train
*CCCCCC(=O)Oc1ccc(Oc2ccc(OC(=O)CCCCCn3c(=O)c4cc5c(=O)n(*)c(=O)c5cc4c3=O)cc2)cc1,91.0,train
*Oc1ccc(Oc2ccc(C(=O)c3ccc(*)cc3)cc2)cc1,147.5,train
*CCCCCCCCCCN/C(=N/*)c1ccccc1,10.0,train
*CCOCCOc1ccc(/C=C(\C)c2ccc(O*)cc2)cc1,39.0,train
*CC(*)OC(=O)C(C)(C)C(C)(C)CC,90.0,train
*/C(=C(/c1ccc(*)cc1)c1ccc(Oc2ccccc2)cc1)c1ccc(Oc2ccccc2)cc1,163.0,train
*Oc1ccc(CC(NC(=O)Cc2ccc(OC(=O)CCC(*)=O)cc2)C(=O)OCCCCCCCC)cc1,51.0,train
*c1ccc2c(c1)C(=O)N(c1ccc(Oc3cccc(-c4cc(-c5ccccc5)cc(-c5cccc(Oc6ccc(N7C(=O)c8ccc(C(*)(C(F)(F)F)C(F)(F)F)cc8C7=O)cc6)c5)n4)c3)cc1)C2=O,180.0,train
*/C(C)=C(/*)SCC,160.0,train
*CC(*)(C)C(=O)Oc1ccc(C(=O)c2ccccc2)cc1,118.0,train
*C[Si](*)(CCCCCC)CCCCCC,-56.0,train
*OP(=O)(Oc1ccc(Br)cc1)Oc1c(C)cc(S(=O)(=O)c2cc(C)c(*)c(C)c2)cc1C,162.0,train
*Oc1c(-c2ccccc2)cc(*)cc1-c1ccccc1-c1ccccc1,211.0,train
*c1ccc(Oc2ccc(-c3ccc(Oc4ccc(N5C(=O)c6ccc(Oc7ccc8cc(Oc9ccc%10c(c9)C(=O)N(*)C%10=O)ccc8c7)cc6C5=O)cc4)cc3)cc2)cc1,230.0,train
*c1ccc(S(=O)(=O)c2ccc(N3C(=O)c4ccc(Oc5ccc(C(C)(C)c6ccc(Oc7ccc8c(c7)C(=O)N(*)C8=O)cc6)cc5)cc4C3=O)cc2)cc1,267.0,train
*CC(*)c1ccc(COc2ccc(-c3ccc(-c4ccc(-c5ccc(CCCCCC)s5)s4)c4nsnc34)cc2)cc1,122.0,train
*Oc1c(C)c(C)c(NC(=O)c2ccc(C(=O)Nc3ccc(*)cc3)cc2)c(C)c1C,333.0,train
*Oc1ccc(S(=O)(=O)c2ccc(Oc3ccc(C(C)(C)c4ccc(*)cc4)cc3[N+](=O)[O-])cc2)cc1,190.0,train
*c1cccc(S(=O)(=O)c2cccc(N3C(=O)c4ccc(Oc5ccc(Sc6ccc(Oc7ccc8c(c7)C(=O)N(*)C8=O)cc6)cc5)cc4C3=O)c2)c1,231.0,train
*Oc1ccc(C(c2ccc(OC(*)=O)cc2)C2C3CCC(C3)C2C)cc1,232.0,train
*Oc1ccc(CC(NC(=O)CCc2ccc(OC(=O)CCCCC(*)=O)cc2)C(=O)OCCCCCC)cc1,37.725,train
*c1ccc2c(c1)C(=O)N(c1ccc(Oc3ccc(-c4ccc(Oc5ccc(N6C(=O)c7ccc(C(*)(C(F)(F)F)C(F)(F)F)cc7C6=O)cc5)cc4)cc3)cc1)C2=O,288.0,train
*C(=O)c1ccc2c(c1)C(=O)N(c1ccc(Cc3ccc(C(=O)c4cccc(N5C(=O)c6ccc(*)cc6C5=O)c4)cc3)cc1)C2=O,290.0,train
*C(=O)c1ccc(Oc2ccc(Oc3ccc(C(=O)c4ccc5c(c4)C(=O)N(c4ccc(N6C(=O)c7ccc(*)cc7C6=O)cc4)C5=O)cc3)cc2)cc1,236.0,train
*CC(*)C(=O)OCC(F)(F)C(F)C(F)(F)F,-22.0,train
*Oc1ccc(C2(c3ccc(Oc4ccc(C(=O)Oc5ccc(C6(c7ccc(OC(=O)c8ccc(*)cc8)cc7)CCC(c7ccccc7)CC6)cc5)cc4)cc3)CCC(C(C)(C)C)CC2)cc1,172.0,train
*c1cc(CCCCCCOC(=O)Cc2ccccc2)c(*)s1,45.0,train
*c1ccc(Oc2ccc(Oc3ccc(-c4cnc5ccc(-c6ccc7ncc(*)nc7c6)cc5n4)cc3)cc2)cc1,235.0,train
*c1ccc(Oc2ccc(C(c3ccc(Oc4ccc(-c5nc(*)nc(-c6ccccc6)n5)cc4)cc3)(C(F)(F)F)C(F)(F)F)cc2)cc1,241.0,train
*C(=O)Oc1ccc(C(C)(C)c2ccc(OC(=O)c3ccc4c(c3)C(=O)N(c3ccc(Oc5ccc(N6C(=O)c7ccc(*)cc7C6=O)cc5)cc3)C4=O)cc2)cc1,200.0,train
*C(=O)Nc1ccc(C(=O)Nc2ccc(NC(=O)c3ccc4[nH]c(-c5cccc(-c6nc7cc(*)ccc7[nH]6)c5)nc4c3)cc2)cc1,322.0,train
*CC(O)CN(C)S(=O)(=O)c1cccc(S(=O)(=O)N(C)CC(O)COc2ccc(Sc3ccc(O*)cc3)cc2)c1,90.0,train
*c1cc(CCOCCOC)c(*)[nH]1,-43.0,train
*C(=S)Nc1ccc(Oc2ccc(NC(=S)N3C(=O)c4ccc(C(=O)c5ccc6c(c5)C(=O)N(*)C6=O)cc4C3=O)cc2)cc1,262.0,train
*CC(*)c1cccc(O)c1,169.0,train
*CC(*)(C)C(=O)OCc1cc(Cl)ccc1Cl,27.8,train
*Nc1cccc(C#Cc2ccc(NC(=O)c3cccc(C(*)=O)c3)cc2)c1,268.0,train
*CCCCCCCCCCCC(=O)Oc1ccc(OC(=O)c2ccc3c(c2)C(=O)N(*)C3=O)cc1,58.0,train
*c1cccc(P(C)(=O)c2cccc(N3C(=O)c4ccc(NC(=O)OCCOc5ccc(P(=O)(c6ccccc6)c6ccc(OCCOC(=O)Nc7ccc8c(c7)C(=O)N(*)C8=O)cc6)cc5)cc4C3=O)c2)c1,201.0,train
*Oc1ccc(C2(c3ccc(OC(=O)OC4C(C)(C)C(OC(*)=O)C4(C)C)cc3)CCC(C(C)(C)C)CC2)cc1,172.0,train
*c1cccc(N2C(=O)c3c(c(-c4ccccc4)c(-c4ccc(-c5c(-c6ccccc6)c6c(c(-c7ccccc7)c5-c5ccccc5)C(=O)N(*)C6=O)cc4)c(-c4ccccc4)c3-c3ccccc3)C2=O)c1,416.0,train
*CCCC(=O)NNC(=O)c1ccc(C(=O)NNC(=O)CCCOc2ccc(O*)c(C)c2)cc1,139.0,train
*Nc1ccc(-c2ccc(NC(=O)Cc3cc(CC(*)=O)c(C)cc3C)cc2)cc1,230.0,train
*C(=O)c1ccc2c(c1)C(=O)N(c1cc(C(=O)c3ccccc3)cc(N3C(=O)c4ccc(*)cc4C3=O)c1)C2=O,282.0,train
*C(=O)c1ccccc1-c1ccccc1C(=O)N1CCN(*)CC1,193.0,train
*Oc1ccc(C2(c3ccc(Oc4ccc(C(=O)c5cccc(C(=O)c6ccc(*)cc6)c5)cc4)c(C)c3)CCC3CCCCC3C2)cc1C,185.0,train
*CCCC(C)CNC(=O)c1ccc(C(=O)N*)cc1,153.0,train
*c1ccc(Cc2ccc(N3C(=O)c4ccc(-c5ccc6c(c5)C(=O)N(*)C6=O)cc4C3=O)c(C(C)(C)C)c2)cc1C(C)(C)C,324.0,train
*C(=O)c1ccc2c(c1)C(=O)N(c1ccc(Oc3ccc(C(=O)c4ccc5cc(C(=O)c6ccc(Oc7ccc(N8C(=O)c9ccc(*)cc9C8=O)cc7)cc6)ccc5c4)cc3)cc1)C2=O,246.0,train
*c1ccc(-c2cc(-c3ccc(-c4ccccc4)cc3)cc(-c3ccc(N4C(=O)c5ccc(NC(=O)Nc6ccc(NC(=O)Nc7ccc8c(c7)C(=O)N(*)C8=O)cc6)cc5C4=O)cc3)n2)cc1,243.0,train
*Nc1cc(NC(=O)c2cccc(C(*)=O)c2)cc(-c2nnc(-c3ccccn3)o2)c1,155.0,train
*CC(O)CN(*)c1ccc(/N=N/c2ccc(C(=O)O)cc2)cc1,99.0,train
*Oc1ccc(/N=C/CCC/C=N/c2ccc(OC(=O)Nc3cc(NC(*)=O)ccc3C)cc2)cc1,69.0,train
*c1ccc(S(=O)(=O)c2ccc(-n3nc(-c4ccccc4)c4cc(Oc5ccc(C(C)(C)c6ccc(Oc7ccc8c(-c9ccccc9)nn(*)c(=O)c8c7)cc6)cc5)ccc4c3=O)cc2)cc1,210.5,train
*OC1CCC(OC(=O)OCCCCCOC(*)=O)CC1,-5.0,train
*c1ccc2c(c1)C(CCCCCC)(CCCCCC)c1cc(-c3cc(CCCCCC)c(*)cc3CCCCCC)ccc1-2,78.8,train
*c1ccc2c(c1)C(=O)N(c1ccc(C(=O)Nc3ccc(Oc4ccccc4Oc4ccc(NC(=O)c5ccc(N6C(=O)c7ccc(C(*)(C(F)(F)F)C(F)(F)F)cc7C6=O)cc5)cc4)cc3)cc1)C2=O,281.0,train
*CC(*)(C)C(=O)OCCO,91.2,train
*O[Si](*)(C)CCCC(=O)OC,-72.0,train
*OC1CCC(OC(=O)OCCCCCCCOC(*)=O)CC1,-5.0,train
*CC(*)(C#N)C(=O)OCCCCCCC,102.0,train
*=CNc1ccc(Cc2ccc(N=*)cc2)cc1,95.5,train
*Oc1ccc(/N=C/C=N/c2ccc(OC(=O)NCCCCCCNC(*)=O)cc2)cc1,80.0,train
*c1cc(-c2ccc(C(=C3C=C(C(C)(C)C)C(=O)C(C(C)(C)C)=C3)c3cc(C(C)(C)C)c(O)c(C(C)(C)C)c3)cc2)c(*)s1,-12.6,train
*Oc1cccc(NC(=O)c2cc(NC(=O)c3ccc(OC(C)=O)cc3)cc(C(=O)Nc3ccc(*)cc3)c2)c1,251.0,train
*CC(*)OCCCC,-51.0,train
*CCCCCCC(=O)N*,52.0,train
*CCCCCOc1cccc(NC(=O)c2ccc(C(=O)Nc3cccc(O*)c3)cc2)c1,135.0,train
*CC(*)(C)C(=O)OCCCCCCCCCCn1c2ccccc2c2cc(/C=C/C3=C(C#N)C(=C(C#N)C#N)OC3(C)C)ccc21,55.0,train
*Oc1ccc(/N=C/C=N/c2ccc(OC(=O)NC3CC(C)(C)CC(C)(CNC(*)=O)C3)cc2)cc1,62.0,train
*CC(C)(C)COC(=O)c1ccc(-c2ccc(C(=O)O*)cc2)cc1,101.0,train
*Oc1ccc(Sc2ccc(Oc3ccc(-c4ccc(-c5ccc(*)c(C(F)(F)F)c5)cc4)cc3C(F)(F)F)cc2)cc1,164.5,train
*C(=O)c1cccc(C(=O)N(*)c2ccccc2)c1,148.0,train
*CCCCCCCCCN1C(=O)c2ccc(C(c3ccc4c(c3)C(=O)N(*)C4=O)(C(F)(F)F)C(F)(F)F)cc2C1=O,135.0,train
*Oc1ccc(Oc2ccc(Oc3ccc(Oc4ccc(OC(=O)c5cccc(C(*)=O)c5)cc4)cc3)cc2)cc1,134.0,train
*c1ccc2oc(-c3cccc(-c4nc5cc(C(*)(C(F)(F)F)C(F)(F)F)ccc5o4)c3)nc2c1,301.0,train
*CCCCOC(=O)CCCCCNC(=O)CCCCC(=O)NCCCCCC(=O)O*,-15.0,train
*c1ccc(-c2nc3cc(C(=O)c4ccc5nc(-c6ccccc6)c(-c6ccc(-n7c(=O)c8cc9c(=O)n(*)c(=O)c9cc8c7=O)cc6)nc5c4)ccc3nc2-c2ccccc2)cc1,240.0,train
*CC(O)COC(=O)CCCCCCCCC(=O)OCC(O)COc1ccc(C(C)(C)c2ccc(O*)cc2)cc1,30.0,train
*Oc1ccc(S(=O)(=O)c2ccc(Oc3ccc(C4(c5ccc(*)cc5)CCCCCC4)cc3)cc2)cc1,247.0,train
*/C=C/[Ge](/C=C/[Si](*)(c1ccccc1)c1ccccc1)(c1ccccc1)c1ccccc1,28.0,train
*OC1C(CO)OC(*)C(O)C1O,332.0,train
*c1cccc(N2C(=O)c3ccc(Oc4cccc(Oc5ccc6c(c5)C(=O)N(*)C6=O)c4)cc3C2=O)c1,224.0,train
*C(=O)c1ccc2c(c1)C(=O)N(c1ccc(Cl)c(N3C(=O)c4ccc(*)cc4C3=O)c1)C2=O,305.0,train
*CCCCCCOC(=O)C(CCCCP(=O)(OCC)OCC)C(=O)OCCCCCCOc1ccc(-n2on2-c2ccc(O*)cc2)cc1,4.0,train
*Oc1ccc(C(=O)c2ccc(NC(=O)c3ccc(C(=O)Nc4ccc(C(=O)c5ccc(*)cc5)cc4)cc3)cc2)cc1,187.0,train
*Oc1ccc(NC(=O)c2cc(NC(=O)c3ccncc3)cc(C(=O)Nc3ccc(*)cc3)c2)cc1,305.0,train
*Oc1ccc(CC(NC(=O)CCc2ccc(OC(=O)COCC(*)=O)cc2)C(=O)OCc2ccccc2)cc1,76.0,train
*c1c(C)cc(C(c2cccnc2)c2cc(C)c(N3C(=O)CC(Nc4ccc(NC5CC(=O)N(*)C5=O)cc4)C3=O)c(C)c2)cc1C,231.0,train
*c1ccc2c(c1)C(=O)N(c1ccc(Oc3cc(C(C)(C)C)c(Oc4ccc(N5C(=O)c6ccc(C(*)(C(F)(F)F)C(F)(F)F)cc6C5=O)cc4)cc3C(C)(C)C)cc1)C2=O,277.0,train
*Cc1ccc(COP(=O)(/N=N/c2ccc(C(=O)c3ccc(/N=N/P(=O)(O*)OC)cc3)cc2)OC)cc1,48.0,train
*CCCO*,-73.6,train
*c1ccc(Oc2ccc(C(=O)c3ccc(Oc4ccc(-c5nnc(*)c6c(-c7ccccc7)c(-c7ccc8ccccc8c7)c(-c7ccc8ccccc8c7)c(-c7ccccc7)c56)cc4)cc3)cc2)cc1,312.0,train
*c1ccc(Oc2cccc(Oc3ccc(N4C(=O)c5ccc(Oc6ccc(C(C)(C)c7ccc(Oc8ccc9c(c8)C(=O)N(*)C9=O)cc7)cc6)cc5C4=O)cc3)c2C#N)cc1,213.0,train
*CC(*)c1ccc(C(=O)OCC(C)C)cc1,90.0,train
*Oc1ccc(C(=O)Nc2cc(NC(=O)c3ccc(*)cc3)cc(C(=O)OCCOC(=O)/C=C/c3ccc(N(C)C)cc3)c2)cc1,182.0,train
*Oc1ccc(C(C)(C)c2ccc(Oc3ccc(C(=O)c4ccc(P(=O)(c5ccccc5)c5ccc(C(=O)c6ccc(*)cc6)cc5)cc4)cc3)cc2)cc1,195.0,train
*/C(C#N)=C(\C#N)n1c(=O)c2cc3c(=O)n(*)c(=O)c3cc2c1=O,210.0,train
*Oc1ccc(CC(NC(=O)CCc2ccc(OC(=O)CCCCCCC(*)=O)cc2)C(=O)OCCCC)cc1,37.0,train
*OC(=O)c1ccc(C(=O)OC2COC3C(*)COC23)cc1,255.5,train
*CC(*)(C)C(=O)OCC1CC(NC(=O)OC(C)(C)C)CN1C(=O)OC(C)(C)C,127.0,train
*Oc1ccc(C(=O)c2cccc(C(=O)c3ccc(*)c(CC)c3)c2)cc1CC,126.0,train
*C(=O)Oc1ccc(OC(=O)c2ccc3c(c2)C(=O)N(c2ccc(Oc4ccc(Oc5ccc(N6C(=O)c7ccc(*)cc7C6=O)cc5)cc4)cc2)C3=O)cc1,230.0,train
*CCCCCCOc1ccc(C(=O)N(C(=O)c2ccc(O*)cc2)c2cccc3ccccc23)cc1,56.0,train
*Oc1ccc(N[Se]Nc2ccc(*)cc2)cc1,55.0,train
*/C=C/c1ccc(*)c(-c2c(OCC(CC)CCCC)ccc3cc(-c4ccccc4)ccc23)c1,141.0,train
*CC(*)c1cccc(OC(C)=O)c1,76.0,train
*CCCCCCCCc1nc2cc(-c3ccc4[nH]c(*)nc4c3)ccc2[nH]1,234.0,train
*CC(*)C(=O)OCCCCCCOC(=O)c1ccc(OC(=O)c2ccc(C#N)cc2)cc1,30.0,train
*CC(*)(C)C(=O)OC(C)CC,60.0,train
*/C=C/C(C)C(*)C(=O)OCCCCCCN(C)c1ccc(N(C)C)cc1,2.0,train
*CC(*)C(=O)OCC(F)(F)C(F)(F)C(F)(F)C(F)(F)C(F)(F)C(F)(F)C(F)(F)F,-17.0,train
*Oc1ccc(NC(=O)CCCCC(=O)Nc2ccc(*)cc2)cc1,230.0,train
*Nc1cc([N+](=O)[O-])c(NC(=O)CCCCCCCCCCCCC(*)=O)cc1/C=C/c1ccc(N(C)C)cc1,125.0,train
*CC(O)COC(=O)c1cccc(C(=O)OCC(O)COc2ccc(C(C)(C)c3ccc(O*)cc3)cc2)c1,97.0,train
*c1ccc(Oc2ccc(N3C(=O)c4cc(-c5ccc(C(C)(C)C)cc5)c(-c5cc6c(cc5-c5ccc(C(C)(C)C)cc5)C(=O)N(*)C6=O)cc4C3=O)cc2)cc1,370.0,train
*O[Si](C)(C)CCCCCCCC[Si](*)(C)C,-88.0,train
*Oc1ccc(S(=O)(=O)c2ccc(-c3ccc(*)cc3)cc2)cc1,269.0,train
*Oc1c([2H])c([2H])c(S(=O)(=O)c2c([2H])c([2H])c(Oc3c([2H])c([2H])c(C(c4c([2H])c([2H])c(*)c([2H])c4[2H])(C([2H])([2H])[2H])C([2H])([2H])[2H])c([2H])c3[2H])c([2H])c2[2H])c([2H])c1[2H],175.0,train
*c1ccc(Sc2ccc(Sc3ccc(Sc4ccc(Sc5ccc(N6C(=O)c7ccc(Oc8ccc9c(c8)C(=O)N(*)C9=O)cc7C6=O)cc5)s4)s3)s2)cc1,158.5,train
*N=P(*)(Oc1ccc(C)cc1)Oc1ccc(C)cc1,5.0,train
*C(=O)Nc1ccc(Oc2ccc(C(c3ccc(Oc4ccc(NC(=O)c5ccc6c(c5)C(=O)N(c5ccc(Oc7cccc8c(Oc9ccc(N%10C(=O)c%11ccc(*)cc%11C%10=O)cc9)cccc78)cc5)C6=O)cc4)cc3)(C(F)(F)F)C(F)(F)F)cc2)cc1,231.0,train
*Oc1ccc(S(=O)(=O)N(C)CCCCN(C)S(=O)(=O)c2ccc(Oc3ccc(C(C)(C)c4ccc(*)cc4)cc3)cc2)cc1,120.0,train
*/C=C/c1cc(OCCCCCCCCCCCCCCCC)c(/C=C/c2ccc(*)cc2)cc1OCCCCCCCCCCCCCCCC,33.0,train
*CC(*)C(=O)Nc1ccc(C(=O)/C=C/c2cccc(Br)c2)cc1,55.0,train
*CC(*)c1ccc(COCCOCC)cc1,0.0,train
*/C=C/c1sc(/C=C/c2ccc3c4ccc(*)cc4n(CC(CC)CCCC)c3c2)c(CC(CC)CCCC)c1CC(CC)CCCC,60.0,train
*CC(OO*)c1ccc(C(C)(C)C)cc1,19.9,train
*ON(C(F)(F)F)C(F)(Cl)C(*)(F)F,-50.0,train
*CC(*)CN,190.0,train
*c1ccc2c(c1)C(=O)N(c1cc(-c3ccc(O)c(N4C(=O)c5ccc(C(*)(C(F)(F)F)C(F)(F)F)cc5C4=O)c3)ccc1O)C2=O,370.0,train
*c1cc(C(=O)Oc2ccc(-c3ccc(O[Si](C)(C)C(C)(C)C)cc3)cc2)cc(N2C(=O)c3ccc(-c4ccc5c(c4)C(=O)N(*)C5=O)cc3C2=O)c1,230.0,train
*c1ccc(Oc2ccc(C(=O)c3ccc4cc(C(=O)c5ccc(Oc6ccc(-c7nc(-c8ccc(-c9nc(*)c(-c%10ccccc%10)[nH]9)cc8)[nH]c7-c7ccccc7)cc6)cc5)ccc4c3)cc2)cc1,281.0,train
*c1ccc2c(c1)C(=O)N(c1ccc(NC(=S)/N=C/c3ccc(Cl)c(N4C(=O)c5ccc(C(*)(C(F)(F)F)C(F)(F)F)cc5C4=O)c3)cc1)C2=O,272.0,train
*CC(C[N-][N+]#N)(C[N-][N+]#N)CO*,-30.0,train
*N=P(*)(OCCCOC1COCCOCCOCCOCCOC1)OCCCOC1COCCOCCOCCOCCOC1,-19.6,train
*Oc1c(Br)cc(*)cc1Br,196.0,train
*c1cc(-c2nc3ccccc3[nH]2)cc(-n2c(=O)c3cc4c(=O)n(*)c(=O)c4cc3c2=O)c1,180.0,train
*c1ccc2c(c1)C(=O)N(c1cc(C(c3ccc(OCCN(CC)c4ccc(/N=N/c5ccc([N+](=O)[O-])cc5)cc4)c(N4C(=O)c5ccc(C(*)(C(F)(F)F)C(F)(F)F)cc5C4=O)c3)(C(F)(F)F)C(F)(F)F)ccc1OCCN(CC)c1ccc(/N=N/c3ccc([N+](=O)[O-])cc3)cc1)C2=O,199.0,train
*CCCCCOC(=O)c1ccccc1C(=O)O[Pb]OC(=O)c1ccccc1C(=O)OCCCCCOC(=O)NCCCCCCNC(=O)O*,-19.2,train
*C(=O)c1ccc2c(c1)C(=O)N(c1c(-c3ccccc3)cc(-c3ccc(-c4cc(-c5ccccc5)c(N5C(=O)c6ccc(*)cc6C5=O)c(-c5ccccc5)c4)cc3)cc1-c1ccccc1)C2=O,265.0,train
*CC(*)(C)C(=O)OCC1COC(=O)O1,124.0,train
*CC(*)c1ccc(B(Oc2ccc(-c3c(F)c(F)c(F)c(F)c3F)c3cccnc23)c2ccc(C(C)(C)C)cc2)cc1,245.0,train
*c1ccc(-c2ccc(-n3c(=O)c4cc5c(=O)n(*)c(=O)c5cc4c3=O)cc2C)c(C)c1,364.5,train
*/C=C/C1CC(*)C(C(=O)OC)C1,65.0,train
*c1ccc(Oc2ccc(-c3ccc(Oc4ccc(N5C(=O)c6ccc(Oc7cc8ccccc8cc7Oc7ccc8c(c7)C(=O)N(*)C8=O)cc6C5=O)cc4)cc3)cc2)cc1,222.5,train
*c1ccc(Oc2ccc(C(C)(C)c3ccc(Oc4ccc(-c5nnc(*)c6c(-c7ccc(F)cc7)c(-c7ccc(F)cc7)c(-c7ccc(F)cc7)c(-c7ccc(F)cc7)c56)cc4)cc3)cc2)cc1,282.0,train
*Oc1ccc(C(C)(C)c2ccc(OC(=O)c3cccc(C(*)=O)c3)cc2)cc1,180.0,train
*CC(*)(C)C(=O)OCCOCCOCC1(C)COCCOCCOCCOC1,10.0,train
*CC(*)c1cc(OC)c(OC(C)=O)c(OC)c1,147.0,train
*CC(*)C(=O)OCCCSCCC#N,-58.0,train
*C1(F)OC(C(F)(F)F)(C(F)(F)Cl)OC1(*)F,330.0,train
*CC(F)(F)C(F)(F)C(F)(F)COC(=O)c1cc(OCCCCC)cc(C(=O)O*)c1,-30.0,train
*CC(*)(C#N)C(=O)OCCCC,117.0,train
*O[Si](C)(CCC(F)(F)F)CCC(F)(F)C(F)(F)C(F)(F)C(F)(F)C(F)(F)C(F)(F)C(F)(F)C(F)(F)CC[Si](*)(C)CCC(F)(F)F,-28.0,train
*OC(COCCOC)COC(*)=O,-50.0,train
*c1cccc(OCCCCCOc2cccc(N3C(=O)c4ccc(-c5cccc6c5C(=O)N(*)C6=O)cc4C3=O)c2)c1,168.0,train
*c1cccc(C(c2cccc(N3C(=O)c4ccc(-c5ccc6c(c5)C(=O)N(*)C6=O)cc4C3=O)c2)(C(F)(F)F)C(F)(F)F)c1,267.0,train
*c1ccc(Cc2ccc(NC(=O)c3ccc(Oc4ccc5c(c4)C(=O)N(*)C5=O)cc3)cc2)cc1,250.0,train
*CCCCCOC(=O)c1ccc(-c2ccc(C(=O)O*)cc2)cc1,47.5,train
*CC(*)(C)C(=O)OCC1(CC)COC1,105.0,train
*c1c(C)cc(C(c2cc(C)c(N3C(=O)c4ccc(-c5ccc6c(c5)C(=O)N(*)C6=O)cc4C3=O)c(C)c2)c2cccc3ccccc23)cc1C,326.0,train
*C/C=C/C[Si](*)(C=C)C=C,-65.0,train
*C(=O)c1ccc2nc(-c3ccccc3)c(-c3ccc(-c4nc5cc(*)ccc5nc4-c4ccccc4)cc3)nc2c1,325.0,train
*CC(CS(=O)(=O)CCC)O*,43.0,train
*CC(=O)c1ccc(Oc2ccc(C(=O)COc3ccc(/C=C4\CCC/C(=C\c5ccc(O*)c(OC)c5)C4=O)cc3OC)cc2)cc1,211.75,train
*c1cccc(*)c1,104.93,train
*CCNC(=O)Nc1ccc(Cc2ccc(NC(=O)NCCOCCO*)cc2)cc1,8.0,train
*Nc1cc(NC(=O)c2ccc(C(*)=O)cc2)cc(C(=O)OCCOc2ccc(/C=C/C(=O)c3ccccc3)cc2)c1,233.0,train
*CCC1CC(=O)N(*)C1=O,131.0,train
*CC1CCC(COC(C)OC(=O)c2ccc(C(=O)OC(C)O*)c3ccccc23)CC1,60.0,train
*O[Si](*)(C)CCc1cc(-c2nnc(-c3ccc(OCCCCCCCCCCCC)cc3)o2)ccc1-c1nnc(-c2ccc(OCCCCCCCCCCCC)cc2)o1,156.0,train
*c1ccc(Oc2ccc(C(c3ccc(Oc4ccc(-c5nnc(*)c6c(-c7ccccc7)c(-c7ccc8ccccc8c7)c(-c7ccc8ccccc8c7)c(-c7ccccc7)c56)cc4)cc3)(C(F)(F)F)C(F)(F)F)cc2)cc1,291.0,train
*CC(C)(C)COC(=O)C1CCC(C(=O)O*)CC1,30.0,train
*CC(*)c1ccc(C([Si](C)(C)C)[Si](C)(C)C)cc1,156.0,train
*CC(*)(C)C(=O)OCc1ccc(Cl)cc1Cl,19.4,train
*Oc1ccc(Oc2ccc(C(=O)Nc3ccc(Cc4ccc(NC(=O)c5ccc(*)cc5)cc4)cc3)cc2)cc1,216.0,train
*CC(*)(C)c1ccc2ccccc2c1,208.0,train
*Oc1ccccc1C(=O)OC(=O)c1ccccc1OC(=O)CCCCCCCCC(*)=O,28.0,train
*CC(C)(C)C1C(=O)N(C(C)C)C(=O)C1*,145.0,train
*c1ccc(Cc2ccc(N3C(=O)c4cc(-c5ccc(C(C)(C)C)cc5)c(-c5cc6c(cc5-c5ccc(C(C)(C)C)cc5)C(=O)N(*)C6=O)cc4C3=O)cc2)cc1,360.0,train
*Oc1ccc(P(=O)(c2ccccc2)c2ccc(Oc3ccc(C(c4ccc(*)cc4)(C(F)(F)F)C(F)(F)F)cc3)cc2)cc1,210.5,train
*CCCCOCC(O)CN(CC(O)CO*)c1ccc(N(C)C)cc1,31.0,train
*Oc1ccc(C2(c3ccc(OC(=O)c4cccc(C(*)=O)c4)c(C)c3)CCC3CCCCC3C2)cc1C,207.0,train
*c1ccc(OC(=O)c2ccc(C(=O)Oc3ccc(C4(*)c5ccccc5C(=O)N4C)cc3)cc2)cc1,282.0,train
*C1C(=O)N(c2ccccc2C)C(=O)C1*,335.0,train
*/C=C/C1CC(*)C(C(=O)OCCCCCCCCCCCOc2ccc(-c3ccc(C#N)cc3)cc2)C1C(=O)OCCCCCCCCCCCOc1ccc(-c2ccc(C#N)cc2)cc1,23.1,train
*CC(*)(C)C(=O)OCCOCCOCCOCCOCCOCCOCCOCCOC,-58.0,train
*CCc1ccc(*)c(CC)c1,25.0,train
*CCC(=O)NCCCCCCNC(=O)CCS*,27.0,train
*c1ccc(Oc2ccc3c(c2)C(=O)N(*)C3=O)cc1,266.0,train
*/C(=C/c1cc(OC)c(/C=C(/c2ccc(*)cc2)c2ccc(C(F)(F)F)cc2)cc1OC)c1ccc(C(F)(F)F)cc1,208.0,train
*c1cc(CC(=O)OCCN(CC)c2ccc(/N=N/c3ccc([N+](=O)[O-])cc3)cc2)c(*)s1,102.0,train
*CC(*)(C)C(=O)OCCCCC1CCCCC1,43.0,train
*CC(*)c1cccc(C)c1,75.0,train
*Oc1ccc(Sc2ccc(Oc3ccc4c(=O)n5c6cc(Oc7ccc8c(c7)nc7c9ccc(*)c%10cccc(c(=O)n87)c%109)ccc6nc5c5cccc3c45)cc2)cc1,346.0,train
*Nc1cc(NC(=O)c2cc(OCCN(C)c3ccc([N+](=O)[O-])cc3)cc(C(*)=O)c2)cc(C(=O)OC)c1,177.0,train
*Oc1ccc(C(C)(C)c2ccc(OC(=O)c3ccc(S(=O)(=O)c4ccc(C(*)=O)cc4)cc3)cc2)cc1,220.0,train
*c1ccc2c(c1)C(=O)N(c1cccc(C(=O)Nc3ccc(Oc4ccc(C(C)(C)c5ccc(Oc6ccc(NC(=O)c7cccc(N8C(=O)c9ccc(C(*)(C(F)(F)F)C(F)(F)F)cc9C8=O)c7)cc6)cc5)cc4)cc3)c1)C2=O,259.0,train
*c1ccc(Oc2ccc3ccccc3c2-c2c(Oc3ccc(N4C(=O)c5ccc(NC(=O)Nc6ccc(-c7cc(-c8ccc(-c9ccccc9)cc8)cc(-c8ccc(NC(=O)Nc9ccc%10c(c9)C(=O)N(*)C%10=O)cc8)n7)cc6)cc5C4=O)cc3)ccc3ccccc23)cc1,302.0,train
*Oc1ccc(S(=O)(=O)c2ccc(-c3ccc(-c4ccc(S(=O)(=O)c5ccc(Oc6ccc(-c7ccc(*)cc7)cc6)cc5)cc4)cc3)cc2)cc1,264.0,train
*OP(=O)(Oc1ccc(S(=O)(=O)c2ccc(*)cc2)cc1)OC1CCCCC1,120.0,train
*c1ccc(-c2ccc(N3C(=O)c4ccc(Oc5ccc(Oc6ccc7c(c6)C(=O)N(*)C7=O)cc5)cc4C3=O)c(OC)c2)cc1OC,274.0,train
*c1ccc(-c2ccc(N3C(=O)c4ccc(Oc5c(C)cc(C(C)(C)c6cc(C)c(Oc7ccc8c(c7)C(=O)N(*)C8=O)c(C)c6)cc5C)cc4C3=O)cc2C(F)(F)F)c(C(F)(F)F)c1,262.0,train
*c1ccc(Nc2ccc(C3(c4ccc(Nc5ccc(S(*)(=O)=O)cc5)c(C)c4)c4ccccc4-c4ccccc43)cc2C)cc1,269.0,train
*c1ccc(Oc2ccc(S(=O)(=O)c3ccc(Oc4ccc(-c5cc(*)[nH]n5)cc4)cc3)cc2)cc1,260.0,train
*OP(=O)(Oc1ccccc1)Oc1ccc(S(=O)(=O)c2ccc(*)cc2)cc1,100.5,train
*c1ccc2c(c1)C(=O)N(c1ccc(OCCOCCOCCOCCOc3ccc(N4C(=O)c5ccc(C(*)(C(F)(F)F)C(F)(F)F)cc5C4=O)cc3)cc1)C2=O,140.0,train
*CC(*)(C)C(=O)NC(C)c1cccc2ccccc12,171.0,train
*O[Si](*)(C)CCCCCCCCCCC(=O)Oc1ccc(C(=O)Oc2ccc(OC(=O)CCCCC(=O)OC3CC(C)CCC3C(C)C)cc2)cc1,20.7,train
*CC(*)(C)C(=O)OCCN(CCCC)c1ccc(/N=N/c2ccc(S(=O)(=O)Nc3cc(C)on3)cc2)cc1,105.0,train
*c1cccc(Oc2cccc(Oc3cccc(-n4c(=O)c5cc6c(=O)n(*)c(=O)c6cc5c4=O)c3)c2)c1,221.0,train
*Oc1ccc(NC(=O)c2cc(C(=O)Nc3ccc(Oc4ccc(C5(c6ccc(*)cc6)CC6CCC5C6)cc4)cc3)cc(C(C)(C)C)c2)cc1,272.0,train
*CC(*)(C)C(=O)OCc1ccccc1,54.0,train
*Oc1ccc(C2(c3ccc(OC(*)=O)c(Cl)c3)CCCCC2)cc1Cl,179.0,train
*c1ccc(OC(=O)c2ccc([Si](C)(C)c3ccc(C(=O)Oc4ccc(C5(*)OC(=O)c6ccccc65)cc4)cc3)cc2)cc1,214.0,train
*c1ccc(Oc2ccc(-c3ccc(Oc4ccc(N5C(=O)c6ccc(Oc7cc(C(C)(C)C)c(Oc8ccc9c(c8)C(=O)N(*)C9=O)cc7C(C)(C)C)cc6C5=O)cc4)cc3)cc2)cc1,262.0,train
*c1ccc(-c2cc(-c3ccc(-c4ccccc4)cc3)cc(-c3ccc(N4C(=O)c5ccc(NC(=O)Nc6ccc(Oc7ccc(NC(=O)Nc8ccc9c(c8)C(=O)N(*)C9=O)cc7)cc6)cc5C4=O)cc3)n2)cc1,241.0,train
*Oc1ccc(Oc2ccc(Oc3ccc(NC(=O)c4cc(C(=O)Nc5ccc(*)cc5)cc(C(C)(C)C)c4)cc3)cc2)cc1,230.0,train
*C/C=C/COC(=O)NCCCCCCNC(=O)O*,-39.0,train
*Oc1ccc(C(C)(C)c2ccc(OC(=O)c3ccc(C(*)=O)cc3)cc2)cc1,201.0,train
*Oc1ccc(N(c2ccc(OC)cc2)c2ccc3ccc(N(c4ccc(*)cc4)c4ccc(OC)cc4)cc3c2)cc1,197.0,train
*CCCCCCCCCCCOC(=O)Nc1ccc(NC(=O)OCCCCCCCCCCCOc2ccc(-c3ccc(O*)cc3)cc2)c(C)c1,77.0,train
*O[Si](*)(CCC)c1ccccc1,40.6,train
*CC(c1ccccc1)C1C(=O)N(c2ccc(Oc3ccccc3)cc2)C(=O)C1*,194.0,train
*c1ccc(Oc2ccc(C(=O)c3ccc(Oc4ccc(-c5cc(*)n(-c6ccccc6)n5)cc4)cc3)cc2)cc1,205.0,train
*CCCCCCn1ccc(-c2ccc(-c3ccn(*)n3)cc2)n1,55.0,train
*/C=C(/c1ccc(*)cc1)c1ccc(C(F)(F)F)cc1,199.0,train
*c1ccc(Oc2ccc(C(=O)c3cccc(C(=O)c4ccc(Oc5ccc(N6C(=O)c7ccc(Oc8ccc9c(c8)C(=O)N(*)C9=O)cc7C6=O)cc5)cc4)n3)cc2)cc1,208.6,train
*/C(C)=C(/*)[Ge](C)(C)C,250.0,train
*Sc1ccc(Cc2ccc(SC(*)=O)cc2)cc1,117.0,train
*CCCCCCCCCC(=O)N*,43.0,train
*CC(*)OC(=O)CC1CCCC1,-3.0,train
*CCCCCCCNC(=O)N*,62.0,train
*CCCCCCCCOc1ccc(/C=C/c2cc(OCCCCCCCC)c(/C=C/c3ccc(O*)cc3)cc2OCCCCCCCC)cc1,130.0,train
*Oc1ccc(C2(c3ccc(OC(=O)OC4C(C)(C)C(OC(*)=O)C4(C)C)cc3)c3ccccc3-c3ccccc32)cc1,214.0,train
*O[Si](*)(C)CC,-133.0,train
*CC(*)c1cccc(Br)c1,102.0,train
*C(=O)Nc1ccc(Cc2ccc(NC(=O)c3ccc4c(c3)C(=O)N(c3ccc(S(=O)(=O)c5ccc(N6C(=O)c7ccc(*)cc7C6=O)cc5)cc3)C4=O)cc2)cc1,324.0,train
*CC(c1ccccc1)C1C(=O)N(c2ccc(C(C)(C)C)cc2)C(=O)C1*,237.0,train
*CC(*)OC(=O)CCCC1CCCCC1,-10.0,train
*c1ccc2c(c1)C(=O)N(c1cc(OCCCC)cc(N3C(=O)c4ccc(C(*)(C(F)(F)F)C(F)(F)F)cc4C3=O)c1)C2=O,246.0,train
*O[Si](*)(C)C,-123.0,train
*CCCCNC(=O)c1ccc(C(=O)N*)c(Sc2ccccc2)c1,136.0,train
*COC(=O)NCCCCCCNC(=O)OCc1ccc(*)o1,33.0,train
*c1ccc(C#Cc2cc(OCCCCCCCC)c(C#Cc3ccc(-c4nnc(*)o4)cc3)cc2OCCCCCCCC)cc1,130.0,train
*CCC[Si](*)(C)C,-55.0,train
*c1cc(-c2sc(-c3cc(CCCCCCCCCC)c(*)s3)cc2CCCCCCCCCC)c2cccccc1-2,22.5,train
*Oc1ccc(Cc2ccc(OC(*)=S)cc2)cc1,95.0,train
*C(=O)Nc1cccc(NC(=O)/C=C/c2cccc(N3C(=O)c4ccc(*)cc4C3=O)c2)c1,257.5,train
*CCCOC(=O)Nc1cc(NC(=O)O*)ccc1C,6.0,train
*Oc1cc(C(C)(C)c2ccccc2)c(OC(=O)c2cccc(C(*)=O)c2)cc1C(C)(C)c1ccccc1,180.0,train
*CCOC(=O)NNC(=O)CCCCCCCCC(=O)NNC(=O)O*,63.0,train
*c1ccc(Oc2c(C)cc(C(c3cccnc3)c3cc(C)c(Oc4ccc(N5C(=O)CC(Nc6ccc(Cc7ccc(NC8CC(=O)N(*)C8=O)cc7)cc6)C5=O)cc4)c(C)c3)cc2C)cc1,201.0,train
*CCCCCCOC(=O)C(Cc1ccccc1)NC(=O)/C=C/C(=O)NC(Cc1ccccc1)C(=O)O*,92.0,train
*c1ccc(NC(=O)Cc2ccc(-c3sc(-c4ccc(CC(=O)Nc5ccc(-c6sc(*)c(-c7ccccc7)c6-c6ccccc6)cc5)cc4)c(-c4ccccc4)c3-c3ccccc3)cc2)cc1,273.0,train
*C(=O)OC1CC(*)N(C(=O)OCc2ccccc2)C1,78.0,train
*CC/C=C(/*)c1ccccc1,39.5,train
*Oc1c(-c2ccccc2)cc(*)cc1-c1cccc2ccccc12,234.0,train
*c1ccc(Oc2ccc(-c3c4ccccc4c(-c4ccc(Oc5ccc(-c6c7c(c(*)c8ccccc68)C(=O)N(c6ccccc6)C7=O)cc5)c(C(F)(F)F)c4)c4ccccc34)cc2C(F)(F)F)cc1,361.0,train
*CCCCCC(=O)O*,-60.0,train
*c1ccc(Oc2ccc(NC(=O)c3cccc(C(=O)Nc4ccc(Oc5ccc(-n6c(=O)c7cc8c(=O)n(*)c(=O)c8cc7c6=O)cc5)cc4)c3)cc2)cc1,282.0,train
*c1ccc2c(c1)C(=O)N(c1ccc(Oc3c(C)cc(Cc4cc(C)c(Oc5ccc(N6C(=O)c7ccc(C(*)(C(F)(F)F)C(F)(F)F)cc7C6=O)cc5)c(C)c4)cc3C)cc1)C2=O,298.0,train
*c1ccc(Oc2ccc(N3C(=O)C(Cl)=C(Oc4ccc(C(c5ccc(OC6=C(Cl)C(=O)N(*)C6=O)cc5)(C(F)(F)F)C(F)(F)F)cc4)C3=O)cc2)cc1,193.0,train
*O[Si](C)(C)CCC/N=C/c1cc(Cc2ccc(O)c(/C=N/CCC[Si](*)(C)C)c2)ccc1O,-51.625,train
*CC(*)(C)C(=O)OCCCCCCCCCCOc1ccc(/N=N/c2ccc(Cl)cc2)cc1,54.0,train
*Oc1ccc(S(=O)(=O)c2ccc(Oc3ccc(C4(c5ccc(*)cc5)CCCCC4)cc3)cc2)cc1,226.0,train
*Oc1ccc(C2(c3ccc(OC(=O)CCCCCCC(*)=O)cc3)c3ccccc3-c3ccccc32)cc1,158.0,train
*CCCCCCOC(=O)c1cc(OCCCCCCOc2ccc(/N=N/c3ccc(C#N)cc3)cc2)cc(C(=O)OCCCCCCn2c(=O)c3cc4c(=O)n(*)c(=O)c4cc3c2=O)c1,46.0,train
*Nc1ccc(Cc2ccc(NC(=O)NCCCCCCCCCNC(*)=O)cc2)cc1,-50.0,train
*CC(*)(C)C(=O)OCCCCOc1ccc2cc(C(=O)Oc3ccccc3)ccc2c1,88.0,train
*CC1CC2CC1C1CCC(CN3C(=O)c4ccc(C(=O)c5ccc6c(c5)C(=O)N(*)C6=O)cc4C3=O)C21,217.0,train
*Cc1ccc(CO*)cc1,217.0,train
*CC(*)c1ccc(C(=O)N(CC)CC)cc1,102.0,train
*CCOCCOC(=O)NCCCCCCNC(=O)O*,17.0,train
*C(=O)c1ccc2c(c1)C(=O)N(c1cc(C(c3ccc(O)c(N4C(=O)c5ccc(*)cc5C4=O)c3)(C(F)(F)F)C(F)(F)F)ccc1O)C2=O,315.0,train
*CC(*)CCC,-37.0,train
*N=P(Cl)(N=P(/N=S(/*)Oc1cccc(-c2ccccc2)c1)(Oc1cccc(-c2ccccc2)c1)Oc1cccc(-c2ccccc2)c1)Oc1cccc(-c2ccccc2)c1,32.0,train
*Oc1c(C)cc(C(C)(C)c2cc(C)c(ON3C(=O)c4ccc(Oc5ccc(C6(c7ccc(Oc8ccc9c(c8)C(=O)N(*)C9=O)cc7)CCC(C(C)(C)C)CC6)cc5)cc4C3=O)c(C)c2)cc1C,248.0,train
*CC(*)(C)C(=O)OCC1(C)COCOC1,142.0,train
*CC(*)CCCC,-50.0,train
*c1ccc(Oc2cc3ccccc3cc2Oc2ccc(N3C(=O)c4ccc(Oc5ccccc5Oc5ccc6c(c5)C(=O)N(*)C6=O)cc4C3=O)cc2)cc1,216.0,train
*c1ccc(Oc2ccc(C(=O)c3cccc(C(=O)c4ccc(Oc5ccc(-c6nc7ccccc7n6-c6ccc(-n7c(*)nc8ccccc87)cc6)cc5)cc4)c3)cc2)cc1,219.0,train
*CC(*)(C)C(=O)OCCCCCCOc1ccc(C(=O)Oc2ccc(C#N)cc2)cc1,43.0,train
*Oc1ccc2c(c1)C(C)(c1ccc(OC(=O)c3ccc(C(*)=O)cc3)cc1)CC2(C)C,252.5,train
*CCCCCCCCCCSSS*,-70.0,train
*CC(*)(C)C(=O)OC1(C)C2CC3CC(C2)CC1C3,165.0,train
*CC(*)C(=O)c1ccc(Cl)cc1,63.0,train
*c1ccc(Oc2cccc(Oc3ccc(N4C(=O)c5ccc(-c6ccc7c(c6)C(=O)N(*)C7=O)cc5C4=O)cc3)c2C#N)cc1,271.0,train
*Oc1ccc(OC(=O)c2ccc(C(*)=O)cc2)cc1CCC(C)CC,237.0,train
*Oc1ccc(OC(=O)c2cccc(Oc3cccc(C(*)=O)c3)c2)cc1,119.0,train
*CC#CC#CCOc1ccc(C(=O)OCCN(CCOC(=O)c2ccc(O*)cc2)c2ccc(/N=N/c3ccc([N+](=O)[O-])cc3)cc2)cc1,100.0,train
*Oc1ccc(C(C)(C)c2ccc(OC(=O)OC3C(C)(C)C(OC(*)=O)C3(C)C)cc2)cc1,130.0,train
*C1C(*)C2CC1C(COCc1ccccc1)C2COCc1ccccc1,176.0,train
*CCCNC(=O)C(NC(=O)C(Cc1ccccc1)NC(=O)CCCCCCCCC(=O)NC(Cc1ccccc1)C(=O)NC(C(=O)NCCCOCCOCCO*)C(C)C)C(C)C,66.0,train
*CC(O)COC(=O)CCCCCCCCCCC(=O)OCC(O)COc1ccc(O*)cc1,10.0,train
*CC(*)C(=O)OC(Cl)C(Cl)(Cl)Cl,70.5,train
*C(=O)c1ccc2c(c1)C(=O)N(CC1(C)CC(N3C(=O)c4ccc(*)cc4C3=O)CC(C)(C)C1)C2=O,275.0,train
*C(=O)OCCOC(=O)N1CCN(*)CC1,60.0,train
*O[Si](*)(C([2H])([2H])[2H])C([2H])([2H])[2H],-125.0,train
*/C(=C(/*)c1ccc(CCCC)cc1)c1ccccc1,200.0,train
*CC(*)(C)C(=O)OCc1cccc(Cl)c1,18.25,train
*c1ccc(C(=O)Nc2ccc(N3C(=O)c4ccc(-c5ccc6c(c5)C(=O)N(*)C6=O)cc4C3=O)cc2)cc1,335.0,train
*CCOC(=O)c1ccc(C2(C)CC(C)(C)c3ccc(C(=O)O*)cc32)cc1,154.0,train
*Cc1ccc(COP(=O)(/N=N/c2ccc(Oc3ccc(/N=N/P(=O)(O*)OC)cc3)cc2)OC)cc1,50.0,train
*CCCCCCCCCCCCOc1ccc(N(c2ccccc2)c2ccc(-c3ccc(N(c4ccccc4)c4ccc(O*)cc4)cc3)cc2)cc1,42.5,train
*C(=O)Nc1cccc(P(=O)(c2ccccc2)c2cccc(NC(=O)c3ccc4c(c3)C(=O)N(c3cccc(P(=O)(c5ccccc5)c5cccc(N6C(=O)c7ccc(*)cc7C6=O)c5)c3)C4=O)c2)c1,206.0,train
*N=P(*)(NCCC)NCCC,-14.5,train
*/C=C/C1CC(*)C(C#N)(CC)C1,134.0,train
*c1cccc(-c2nc3cc4nc(*)c(-c5ccccc5)nc4cc3nc2-c2ccccc2)c1,365.0,train
*CCCNC(=O)C(Cc1ccccc1)NC(=O)CCCCCCCCC(=O)NC(Cc1ccccc1)C(=O)NCCCOCCOCCO*,44.0,train
*c1ccc(Oc2ccc(N3C(=O)c4cccc(Oc5ccc(-c6ccc(Oc7cccc8c7C(=O)N(*)C8=O)cc6)cc5)c4C3=O)cc2)cc1,277.0,train
*c1ccc2c(c1)C(=O)N(c1c(C)cc(Cc3cc(C)c(N4C(=O)c5ccc(C(*)(C(F)(F)F)C(F)(F)F)cc5C4=O)c(C(C)C)c3)cc1C(C)C)C2=O,276.0,train
*CC(*)(C)C(=O)OCCCCCCOc1ccc(C(=O)Oc2ccc(C(=O)/C=C/c3c(C)c4ccccc4n3CCCC)cc2)cc1,85.0,train
*CCN(CCNC(=O)c1ccc2c(c1)C(=O)N(*)C2=O)c1ccc(/C=C/c2ccc([N+](=O)[O-])cc2)cc1,142.0,train
*c1ccc(C2(c3ccc(-c4cc(-c5ccccc5)c5cc(-c6ccc7nc(*)cc(-c8ccccc8)c7c6)ccc5n4)cc3)c3ccccc3-c3ccccc32)cc1,420.0,train
*CC(*)(C)C(=O)OCCCCCCOc1ccc(-c2ccc(C#N)cc2)cc1,63.0,train
*c1ccc(Oc2cccc(NC(=O)c3cc(NC(=O)c4ccc(OC(C)=O)cc4)cc(C(=O)Nc4cccc(Oc5ccc(-c6nnc(*)o6)cc5)c4)c3)c2)cc1,270.0,train
*O/C(=C/CC)C(CC)C(*)=O,-15.9,train
*C(=O)c1ccc(C(=O)N2CC(C)N(*)CC2C)cc1,350.0,train
*c1ccc(CC(=O)Nc2ccc(S(=O)(=O)c3ccc(NC(=O)Cc4ccc(-c5sc(*)c(-c6ccccc6)c5-c5ccccc5)cc4)cc3)cc2)cc1,252.0,train
*CCc1cc(Cl)c(*)c(Cl)c1,110.0,train
*CCCCCCOC(=O)C(=O)O*,66.5,train
*C(=O)Nc1ccc(Oc2ccc(NC(=O)c3ccc4c(c3)C(=O)N(c3ccc(Oc5ccc(N6C(=O)c7ccc(*)cc7C6=O)cc5-c5ccccc5)c(-c5ccccc5)c3)C4=O)cc2-c2ccccc2)c(-c2ccccc2)c1,369.0,train
*C(OC(F)(F)F)C(*)(F)F,-10.0,train
*CC(*)c1ccccc1C(=O)OC(C)C,146.0,train
*C/C=C/COC(=O)NCCCCCCNC(=O)O*,-44.0,train
*Oc1ccc(S(=O)(=O)c2ccc(Oc3ccc(C4(c5ccc(*)cc5)C5CC6CC(C5)CC4C6)cc3)cc2)cc1,297.0,train
*c1ccc2oc(-c3ccc(Oc4ccc(C(c5ccc(Oc6ccc(-c7nc8cc(C(*)(C(F)(F)F)C(F)(F)F)ccc8o7)cc6)cc5)(C(F)(F)F)C(F)(F)F)cc4)cc3)nc2c1,255.0,train
*CC(CCCCCCOc1ccc(/N=N/c2ccc(Br)cc2)cc1)COC(=O)CCCCC(=O)O*,24.0,train
*CC(*)c1ccc(C(=O)OCCCC)cc1,76.0,train
*c1ccc(N2C(=O)c3ccc(P(=O)(c4ccccc4)c4ccc5c(c4)C(=O)N(*)C5=O)cc3C2=O)cc1,366.0,train
*C(=O)Oc1ccc(C(C)(C)c2ccc(OC(=O)c3ccc4c(c3)C(=O)N(c3cccc(N5C(=O)c6ccc(*)cc6C5=O)c3)C4=O)cc2)cc1,225.0,train
*c1cccc(-c2nc3cc(-c4ccc5nc(-c6ccccc6)c(*)nc5c4)ccc3nc2-c2ccccc2)c1,320.0,train
*c1ccc(Oc2ccc(S(=O)(=O)c3ccc(Oc4ccc(N5C(=O)c6ccc(Oc7ccc(Oc8ccc9c(c8)C(=O)N(*)C9=O)cc7)cc6C5=O)cc4)cc3)cc2)cc1,201.0,train
*c1ccc(-c2ccc(-c3cc(-c4ccc(-c5ccc(Oc6ccccc6)cc5)cc4)c4cc(-c5ccc6nc(*)cc(-c7ccc(-c8ccc(Oc9ccccc9)cc8)cc7)c6c5)ccc4n3)cc2)cc1,374.0,train
*O[Si](*)(C)CCCOCCOCCOC,-90.1,train
*CCN(CCOC(=O)c1cc(OCCN(C)c2ccc(S(=O)(=O)CCCCCCCC)cc2)cc(C(=O)O*)c1)c1ccc(S(=O)(=O)C(F)(F)C(F)(F)C(F)(F)C(F)(F)C(F)(F)C(F)(F)C(F)(F)C(F)(F)F)cc1,80.0,train
*c1ccc(C(c2ccc(N3C(=O)c4cc5c(cc4C3=O)C(C(F)(F)F)(C(F)(F)F)c3cc4c(cc3O5)C(=O)N(*)C4=O)cc2)(C(F)(F)F)C(F)(F)F)cc1,430.0,train
*c1ccc2c(c1)C(CCCCCC)(CCCCCC)c1cc(-c3ccc4c(c3)c3cc(*)ccc3n4-c3ccccc3)ccc1-2,170.0,train
*c1ccc(Oc2ccc(-c3nc4cc(Oc5ccc(NC(=O)c6cc(C(=O)Nc7ccc(Oc8ccc9nc(-c%10ccccc%10)c(*)nc9c8)cc7)cc(N7C(=O)c8ccccc8C7=O)c6)cc5)ccc4nc3-c3ccccc3)cc2)cc1,260.0,train
*CCCCN1C(=O)C2C3C=CC(C4C(=O)N(*)C(=O)C34)C2C1=O,211.0,train
*Oc1ccc(SC(=O)Sc2ccc(*)cc2)cc1,117.0,train
*CCCN1C(=O)c2ccc(C(c3ccc4c(c3)C(=O)N(*)C4=O)(C(F)(F)F)C(F)(F)F)cc2C1=O,190.0,train
*c1ccc(Cc2ccc(N3C(=O)c4ccc(-c5ccc(-c6ccc(-c7ccc(-c8ccc(-c9ccc%10c(c9)C(=O)N(*)C%10=O)cc8)cc7)cc6)cc5)cc4C3=O)cc2)cc1,244.0,train
*C([2H])([2H])C(*)([2H])C([2H])=C([2H])[2H],1.0,train
*c1ccc(-c2ccc(-n3c(-c4ccc(Oc5ccc(C(=O)c6cccc(C(=O)c7ccc(Oc8ccc(-c9nc%10ccccc%10n9*)cc8)cc7)c6)cc5)cc4)nc4ccccc43)cc2)cc1,244.0,train
*c1ccc(-c2nc3cc(Oc4ccc5nc(-c6ccccc6)c(-c6ccc(-n7c(=O)c8cc9c(=O)n(*)c(=O)c9cc8c7=O)cc6)nc5c4)ccc3nc2-c2ccccc2)cc1,274.0,train
*c1cccc(C(=O)Nc2ccc(Oc3ccc(-c4ccc(Oc5ccc(NC(=O)c6cccc(N7C(=O)c8ccc(-c9ccc%10c(c9)C(=O)N(*)C%10=O)cc8C7=O)c6)cc5)cc4)cc3)cc2)c1,270.0,train
*c1cccc(C(=O)Nc2ccc(Oc3cccc(Oc4ccc(NC(=O)c5cccc(N6C(=O)c7ccc(-c8ccc9c(c8)C(=O)N(*)C9=O)cc7C6=O)c5)cc4)c3)cc2)c1,253.0,train
*NNC(=O)/C=C/C(=O)NCCCCCCNC(=O)/C=C/C(*)=O,102.4,train
*c1ccc(Oc2ccc(S(=O)(=O)c3ccc(Oc4ccc(-c5c6c(c(*)c7ccccc57)C(=O)N(CCCCCCCCCCCC)C6=O)cc4)cc3)cc2)cc1,167.0,train
*Oc1cc(OCCOC)c(OC(=O)c2ccc(C(*)=O)cc2OCCOCC)cc1OCCOC,99.0,train
*CC(*)(C)C(=O)OCCCCCC,-5.0,train
*Oc1ccc(/C(=N/c2ccc(/N=C(\c3ccccc3)c3ccc(Oc4ccc(C(C)(C)c5ccc(*)cc5)cc4)cc3)cc2)c2ccccc2)cc1,161.0,train
*OS(=O)(=O)c1cccc(S(=O)(=O)Oc2ccc(C(C)(C)c3ccc(*)cc3)cc2)c1,124.0,train
*Oc1ccc(C(C)(C)c2ccc(OP3(Oc4ccc(C(=O)OCCC)cc4)=NP(Oc4ccc(C(=O)OCCC)cc4)(Oc4ccc(C(=O)OCCC)cc4)=NP(*)(Oc4ccc(C(=O)OCCC)cc4)=N3)cc2)cc1,26.0,train
*Oc1cc(OC(=O)c2ccc(OCCCC)cc2)c(OC(=O)C(C)(C)CCC(*)=O)cc1OC(=O)c1ccc(OCCCC)cc1,61.0,train
*CC(*)C(=O)OCCCOc1ccc(/N=N/c2ccc([N+](=O)[O-])cc2)cc1,45.6,train
*Nc1ccc(C2(c3ccc(NC(=O)c4ccc(-c5ccc(C(*)=O)c(C)c5)cc4C)cc3)c3ccccc3-c3ccccc32)cc1,293.0,train
*CC(*)c1ccccc1COCCCCC,47.0,train
*CC(=O)NCCCCCCNC(=O)COc1ccc(O*)cc1,67.0,train
*CC(OC)C(C(=O)O)C(*)C(=O)O,144.0,train
*CC(*)(C)C(=O)OCCCCCCN1CCN(c2ccc(/N=N/c3ccc([N+](=O)[O-])cc3)cc2)CC1,60.0,train
*C1C(=O)N(CCCCCCCCOc2ccc(-c3ccc(C#N)cc3)cc2)C(=O)C1*,43.0,train
*CC(C)(C)CS(=O)(=O)CC(C)(C)COC(=O)c1ccc(C(=O)O*)cc1,105.0,train
*=NP(=NP(=NC(=*)Oc1ccccc1C(F)(F)F)(Oc1ccccc1C(F)(F)F)Oc1ccccc1C(F)(F)F)(Oc1ccccc1C(F)(F)F)Oc1ccccc1C(F)(F)F,-20.0,train
*CCC(CC)CC(C)CNC(=O)c1ccc(C(=O)N*)cc1,139.0,train
*O[Si](O[Si](C)(C)c1ccc([Si](*)(C)C)cc1)(c1ccccc1)c1ccccc1,0.0,train
*c1ccc2c(c1)C(=O)N(c1cccc(N3C(=O)c4ccc(C(*)(C(F)(F)F)C(F)(F)F)cc4C3=O)c1C)C2=O,353.5,train
*CC(C)(C)C1C(=O)N(c2ccccc2)C(=O)C1*,188.0,train
*c1ccc(OC(=O)c2ccc([Si](c3ccccc3)(c3ccccc3)c3ccc(C(=O)Oc4ccc(C5(*)OC(=O)c6ccccc65)cc4)cc3)cc2)cc1,250.0,train
*Oc1ccc(Sc2ccc(OC3(F)C(*)(F)C(F)(F)C3(F)F)cc2)cc1,78.0,train
*Sc1ccc(C(=O)c2ccc(C(c3ccc(C(=O)c4ccc(*)cc4)cc3)(C(F)(F)F)C(F)(F)F)cc2)cc1,175.0,train
*Oc1cccc(Oc2ccc(Oc3cccc(OC(=O)c4ccc(C(*)=O)cc4)c3)cc2)c1,103.0,train
*c1ccc(CC(=O)Nc2ccc(NC(=O)Cc3ccc(-c4sc(*)c(-c5ccccc5)c4-c4ccccc4)cc3)cc2)cc1,251.0,train
*C(=O)OCCCCCCOC(=O)c1ccc(N2C(=O)c3ccc(*)cc3C2=O)cc1,80.5,train
*/C(Cl)=C(/*)c1ccccc1,215.0,train
*CC(*)c1ccc(COc2ccc(-c3ccc(-c4ccc(C)s4)c4nsnc34)cc2)cc1,130.0,train
*c1ccc2c(c1)C(=O)N(c1ccc3c(c1)-c1cc(N4C(=O)c5ccc(C(*)(C(F)(F)F)C(F)(F)F)cc5C4=O)ccc1C3)C2=O,394.0,train
*C(CC(C)C)C(=O)Nc1ccc(Oc2ccc(NC(=O)NCC3(C)CC(NC(=O)Nc4ccc(Oc5ccc(NC(=O)C(CC(C)C)n6c(=O)c7cc8c(=O)n(*)c(=O)c8cc7c6=O)cc5)cc4)CC(C)(C)C3)cc2)cc1,147.5,train
*CC(*)n1c2ccccc2c2c3ccccc3ccc21,291.5,train
*c1ccc2c(c1)C(=O)N(c1cccc(C(c3ccccc3)(c3cccc(N4C(=O)c5ccc(C(*)(C(F)(F)F)C(F)(F)F)cc5C4=O)c3)C(F)(F)F)c1)C2=O,305.0,train
*C(=O)c1ccc2c(c1)C(=O)N(c1ccc(OCCOCCOc3ccc(N4C(=O)c5ccc(*)cc5C4=O)cc3)cc1)C2=O,235.0,train
*c1ccc(Oc2cccc(-n3c(=O)c4cc5c(=O)n(*)c(=O)c5cc4c3=O)c2)cc1,397.0,train
*c1ccc(-c2nc3cc(-c4ccc5nc(-c6ccccc6)c(*)nc5c4)ccc3nc2-c2ccccc2)cc1,365.0,train
*c1ccc(Sc2cc3c(cc2Sc2ccc(N4C(=O)c5ccc(Oc6ccc7c(c6)C(=O)N(*)C7=O)cc5C4=O)cc2)C(=O)N(CCc2ccccc2)C3=O)cc1,218.0,train
*Oc1ccc(C2(c3ccc(Oc4ccc(C(=O)c5ccc(Oc6ccc(C(=O)c7ccc(*)cc7)cc6)cc5)cc4)cc3)c3ccccc3-c3ccccc32)cc1,231.0,train
*CC(*)N1CCCCCC1=O,174.6,train
*CC(*)C(=O)OCCCCCCOc1ccc(C(=O)Oc2ccc(C#N)cc2)cc1,19.5,train
*c1c(C)cc(-c2cc(C)c(N3C(=O)c4ccc(S(=O)(=O)c5ccc6c(c5)C(=O)N(*)C6=O)cc4C3=O)c(C)c2)cc1C,290.0,train
*Oc1ccc(S(=O)(=O)c2ccc(Oc3ccc(C(C)(C)c4ccc(*)cc4)cc3)c(S(=O)(=O)O)c2)cc1S(=O)(=O)O,188.0,train
*c1ccc(-c2ccc(-c3ccc(-c4cc(-c5ccccc5)c5cc(-c6ccc7nc(*)cc(-c8ccccc8)c7c6)ccc5n4)cc3)cc2)cc1,360.0,train
*Cc1cc2cc(C(=O)Nc3ccc(Cc4ccc(NC(=O)c5cc6cc(*)c(OC(=O)COc7ccc8ccc(=O)oc8c7)cc6oc5=O)cc4)cc3)c(=O)oc2cc1OC(=O)COc1ccc2ccc(=O)oc2c1,221.0,train
*C(=O)Nc1ccc(C(c2ccc(NC(=O)c3ccc4c(c3)C(=O)N(c3cccc5c(N6C(=O)c7ccc(*)cc7C6=O)cccc35)C4=O)cc2)(C(F)(F)F)C(F)(F)F)cc1,250.0,train
*c1cc(OCCCC)cc(N2C(=O)c3ccc(Oc4ccc5c(c4)C(=O)N(*)C5=O)cc3C2=O)c1,237.0,train
*c1ccc(Oc2ccc(-c3c(-c4ccccc4)nc4ccc(Oc5ccc6nc(-c7ccccc7)c(*)c(-c7ccccc7)c6c5)cc4c3-c3ccccc3)cc2)cc1,252.5,train
*c1ccc(-c2ccc(-c3ccc([Si](*)(CCCC)CCCC)s3)s2)s1,30.0,train
*C(=O)c1ccc2ncc(-c3ccc(-c4cnc5ccc(*)cc5n4)cc3)nc2c1,318.0,train
*CCOCCOC(=O)c1ccccc1C(=O)O*,-50.0,train
*c1ccc(C(=O)OCCCCCCCCOC(=O)c2ccc(-c3nnc(*)s3)cc2)cc1,86.0,train
*O[Si](C)(C)O[Si](C)(C)O[Si](C)(C)O[Si](C)(C)O[Si](C)(C)c1ccc(Oc2ccc([Si](*)(C)C)cc2)cc1,-65.0,train
*c1c(C)cc(C(c2cc(C(F)(F)F)cc(C(F)(F)F)c2)c2cc(C)c(N3C(=O)c4ccc(-c5ccc6c(c5)C(=O)N(*)C6=O)cc4C3=O)c(C)c2)cc1C,317.4,train
*CC(F)(F)C(F)(F)C(F)(F)C(F)(F)COC(=O)O*,-41.0,train
*CC(O)CN(Cc1ccccc1)CC(O)COc1ccc(C(C)(C)c2ccc(O*)cc2)cc1,94.25,train
*CC(*)OC(=O)c1ccc(C)cc1,73.5,train
*C(=O)c1ccc2c(c1)C(=O)N(c1cccc(C(=O)Nc3ccc(N4C(=O)c5ccc(*)cc5C4=O)cc3)c1)C2=O,308.0,train
*Oc1ccc(C(c2ccc(Oc3c(F)c(F)c(C(=O)c4c(F)c(F)c(*)c(F)c4F)c(F)c3F)cc2)(C(F)(F)F)C(F)(F)F)cc1,149.0,train
*Oc1ccc(CC(NC(=O)CCc2ccc(OC(=O)CCCCCCCCC(*)=O)cc2)C(=O)OCCCC)cc1,30.0,train
*COC(=O)NCc1ccc(CNC(=O)OCc2ccc(*)o2)o1,75.0,train
*CCC1C(=O)N(CCCCCCCCCCCC)C(=O)C1*,55.4,train
*O[Si](*)(C)CCCCCCCCCCCOc1ccc(/C=C/c2ccc(C#N)cc2)cc1,-55.0,train
*C(=O)Nc1ccc(Oc2ccc(NC(=O)c3ccc4c(c3)C(=O)N(c3cccc(P(=O)(c5ccccc5)c5cccc(N6C(=O)c7ccc(*)cc7C6=O)c5)c3)C4=O)cc2)cc1,235.0,train
*c1cc(C)c(/N=C/c2ccc(OCc3ccc(COc4ccc(/C=N/c5cc(C)c(-n6c(=O)c7ccc8c9ccc%10c(=O)n(*)c(=O)c%11ccc(c%12ccc(c6=O)c7c8%12)c9c%10%11)cc5C)cc4)cc3)cc2)cc1C,130.0,train
*CCOCCOCCOCCOCCOCCOC(=O)NCCCCCCNC(=O)O*,-31.0,train
*Oc1ccc(C2(c3ccc(OC(*)=O)c(C)c3)CCCCC2)cc1C,137.5,train
*CCCCCCCCOc1ccc(/C=C2\CCC/C(=C\c3ccc(O*)cc3)C2=O)cc1,90.0,train
*Oc1ccc(C(=O)Nc2ccc(C(c3ccc(NC(=O)c4ccc(*)cc4)cc3)(P3(=O)Oc4ccccc4-c4ccccc43)P3(=O)Oc4ccccc4-c4ccccc43)cc2)cc1,243.0,train
*c1cc(CCCCCCCCCC)c(*)s1,-33.0,train
*Oc1ccc(NC(=O)c2cc(NC(=O)CCCN3C(=O)c4ccccc4C3=O)cc(C(=O)Nc3ccc(*)cc3)c2)cc1,225.0,train
*O[Sn](CCCC)(CCCC)OC(=O)/C=C/C(*)=O,186.0,train
*c1ccc(Oc2ccc(NC(=O)c3ccc(Oc4cccc5c4C(=O)N(*)C5=O)cc3)cc2)cc1,253.0,train
*C(=O)c1ccc2c(c1)C(=O)N(c1ccc(-c3cc(-c4ccc(OC)cc4)cc(-c4ccc(N5C(=O)c6ccc(*)cc6C5=O)cc4)n3)cc1)C2=O,331.0,train
*CC(*)(C)C(=O)OCCCCCCN(C)c1ccc(N(C)C)cc1,8.5,train
*c1ccc(-c2ccc(-c3ccc(-c4ccc([Si](*)(CCCC)CCCC)s4)s3)s2)s1,1.0,train
*c1ccc2oc(-c3cccc(-c4nc5cc(C(*)(c6ccccc6)C(F)(F)F)ccc5o4)c3)nc2c1,301.0,train
*c1ccc2c(c1)C(=O)N(c1ccc(-c3ccc(N4C(=O)c5ccc(C(*)(C(F)(F)F)C(F)(F)F)cc5C4=O)c(OC(=O)/C=C/c4ccccc4)c3)cc1OC(=O)/C=C/c1ccccc1)C2=O,181.0,train
*Oc1ccc(S(=O)(=O)c2ccc(Oc3ccc(/C=C4\CC/C(=C\c5ccc(*)cc5)C4=O)cc3)cc2)cc1,235.0,train
*CC(O)COc1ccc(S(=O)(=O)c2ccc(OCC(O)COc3c(C)cc(S(=O)(=O)c4cc(C)c(O*)c(C)c4)cc3C)cc2)cc1,145.0,train
*c1c(C)cc(-c2cc(C)c(-n3c(=O)c4cc5c(=O)n(*)c(=O)c5cc4c3=O)c(C)c2)cc1C,340.0,train
*Oc1ccc(C(C)(C)c2ccc(Oc3ccc(C(=O)c4ccc(C(=O)c5ccc(*)c(C(F)(F)F)c5)cc4)cc3C(F)(F)F)cc2)cc1,171.0,train
*CC(*)c1ccc(I)cc1,158.0,train
*Nc1ccc(C(c2ccc(NC(=O)c3cc(C(*)=O)cc(C(C)(C)C)c3)cc2)(C(F)(F)F)C(F)(F)F)cc1,284.1,train
*CCC1CC(*)C2C3CC(CC)C(C3)C12,138.0,train
*OS(=O)(=O)c1ccc(*)cc1,119.0,train
*c1ccc2oc(-c3ccc4oc5ccc(-c6nc7cc(C(*)(C(F)(F)F)C(F)(F)F)ccc7o6)cc5c4c3)nc2c1,195.0,train
*Nc1cc(NC(=O)c2cc(OCCCN(C)c3ccc(/N=N/c4ccc(S(C)(=O)=O)cc4)cc3)cc(C(*)=O)c2)cc(C(=O)OCCCN(C)c2ccc(/N=N/c3ccc(S(C)(=O)=O)cc3)cc2)c1,168.0,train
*OC(COC(=O)c1ccc(C)cc1C(*)=O)COc1ccc(/N=N/c2ccc(C#N)cc2)cc1,124.0,train
*c1ccc(-c2ccc(NC(=O)c3cccc(C(=O)Nc4ccc(-c5ccc(N6C(=O)c7ccc(Oc8ccc9c(c8)C(=O)N(*)C9=O)cc7C6=O)cc5)cc4)c3)cc2)cc1,233.0,train
*c1ccc(Oc2ccc(C(=O)c3cccc(C(=O)c4ccc(Oc5ccc(N6C(=O)c7ccc(Oc8ccc9c(c8)C(=O)N(*)C9=O)cc7C6=O)cc5C(F)(F)F)cc4)n3)cc2)c(C(F)(F)F)c1,212.2,train
*Sc1ccc(Sc2ccc(Sc3ccc4c(c3)Sc3ccc(*)cc3S4)cc2)cc1,154.0,train
*Oc1ccc(OC(=O)c2ccc(-c3ccc(C(*)=O)cc3)cc2-c2ccccc2)cc1-c1ccccc1,148.0,train
*CCCCCCNC(=O)CCCCCCCCCCC(=O)N*,46.0,train
*c1nc(-c2ccccc2)nc(N(CCCCN(*)c2ccccc2)c2ccccc2)n1,94.0,train
*CCN(CCOC(=O)c1ccc(C(=O)O*)cc1)c1ccc(C=C(C#N)C#N)cc1,127.0,train
*CC(*)(C)C(=O)OCCCCOc1ccc(C(=O)Oc2ccc(OC)cc2)cc1,45.0,train
*CCCP(C)(=O)CCCNC(=O)CCCCC(=O)N*,33.0,train
*c1c(C)cc(C(c2cc(C(F)(F)F)cc(C(F)(F)F)c2)c2cc(C)c(N3C(=O)c4ccc(Oc5ccc6c(c5)C(=O)N(*)C6=O)cc4C3=O)c(C)c2)cc1C,281.9,train
*CCCCCCNC(=O)CCCCCCCC(=O)N*,42.3,train
*OS(=O)(=O)c1cc(S(=O)(=O)Oc2ccc(C3(c4ccc(*)c(C)c4)CCCCC3)cc2C)ccc1C,141.0,train
*CCc1ccc(*)c2ccccc12,160.0,train
*Oc1ccc(CC(NC(=O)Cc2ccc(OC(=O)CC(C)CCC(*)=O)cc2)C(=O)OCCCCCCCC)cc1,30.0,train
*CCC(*)=O,15.0,train
*Oc1ccccc1C(=O)OC(=O)c1ccccc1OC(=O)C(C)C(C)C(*)=O,45.0,train
*/C=C/c1ccc(N(C)CCOC(=O)Nc2ccc(C)c(NC(=O)OCCN(C)c3ccc(/C=C/C4=CC(=C(C#N)C#N)C=C(*)O4)s3)c2)s1,183.0,train
*CC(F)(F)C(F)(F)C(F)(F)COC(=O)c1cccc(C(=O)O*)c1OCCCCC,17.0,train
*Oc1ccc(P(C)(=O)c2ccc(*)cc2)cc1,238.0,train
*Oc1ccc(C(=O)c2cccc(NC(=O)c3cccc(C(=O)Nc4ccc(C(=O)c5ccc(*)cc5)cc4)c3)c2)cc1,204.0,train
*c1ccc(Oc2ccc(-c3cnnc(-c4cccc(-c5ncc(*)nn5)n4)n3)cc2)cc1,223.0,train
*Nc1ccc(-c2ccc(NC(=O)c3cccc(C(*)=O)c3)c(S)c2)cc1S,395.0,train
*c1ccc(Oc2cc3ccccc3cc2Oc2ccc(N3C(=O)c4ccc(-c5ccc6c(c5)C(=O)N(*)C6=O)cc4C3=O)cc2)cc1,253.5,train
*Nc1ccc(C(=O)Nc2ccc(Cc3ccc(NC(=O)c4ccc(NC(=O)c5ccc([Si](C)(C)c6ccc(C(*)=O)cc6)cc5)cc4)cc3)cc2)cc1,300.0,train
*Oc1ccc(C(C)(C)c2ccc(Oc3ccc(C(=O)c4c(C(=O)c5ccc(*)cc5)c(-c5ccc(F)cc5)c(-c5ccc(F)cc5)c(-c5ccc(F)cc5)c4-c4ccc(F)cc4)cc3)cc2)cc1,252.0,train
*CC(*)(C)C(=O)OCc1ccco1,111.0,train
*CC(*)OCC(C)(C)CC,9.0,train
*C(=O)OCC(C)(C)CSCC(C)(C)COC(=O)C1(C)CNC(*)(C)CN1,40.0,train
*c1ccc2nc(*)cc(-c3ccccc3)c2c1,415.0,train
*CCOC(=O)c1ccc(-c2ccc(-c3ccc(C(=O)O*)cc3)cc2)cc1,180.0,train
*CC(=O)Nc1ccc(Oc2ccc(NC(=O)COc3ccc4ccccc4c3Sc3c(O*)ccc4ccccc34)cc2)cc1,245.0,train
*Oc1ccc(C(c2ccc(Oc3ccc(C(=O)c4ccc(*)cc4)cc3)cc2)(C(F)(F)F)C(F)(F)F)cc1,175.0,train
*CC(*)C1CCC(C(C)(C)C)CC1,131.0,train
*Oc1ccc(CC(NC(=O)Cc2ccc(OC(=O)CCCCCCC(*)=O)cc2)C(=O)OCCCCCCCC)cc1,22.0,train
*CCOCCOC(=O)C(=O)O*,-28.0,train
*CC(*)OC(=O)c1ccccc1OC(C)=O,59.5,train
*c1ccc(-c2cc(-c3ccc(-c4ccccc4)cc3)cc(-c3ccc(N4C(=O)c5ccc(NC(=O)Nc6cccc(NC(=O)Nc7ccc8c(c7)C(=O)N(*)C8=O)n6)cc5C4=O)cc3)n2)cc1,248.0,train
*CCCCOC(=O)Nc1ccc(C)c(NC(=O)O*)c1,42.0,train
*c1ccc2c(c1)C(=O)N(c1c(C)cc(C(c3cccc(C(F)(F)F)c3)c3cc(C)c(N4C(=O)c5ccc(C(*)(C(F)(F)F)C(F)(F)F)cc5C4=O)c(C)c3)cc1C)C2=O,286.1,train
*CC(O)COC(=O)C1CCC(C(=O)OCC(O)COc2ccc(C(C)(C)c3ccc(O*)cc3)cc2)CC1,70.0,train
*N=P(*)(OCC)OCC,-84.0,train
*c1ccc(N2C(=O)c3ccc(C(=O)c4ccc5c(c4)C(=O)N(c4ccc(-c6nc7cc(Oc8ccc9nc(-c%10ccccc%10)c(*)nc9c8)ccc7nc6-c6ccccc6)cc4)C5=O)cc3C2=O)cc1,254.0,train
*=Cc1cc(OCCCCCCCC)c(/C=N/c2ccc(N=*)cc2)cc1OCCCCCCCC,32.7,train
*c1ccc(Nc2ccc(C3(c4ccc(Nc5ccc(S(*)(=O)=O)cc5)c(F)c4)c4ccccc4-c4ccccc43)cc2F)cc1,145.0,train
*CCN(CCOC(=O)c1ccc(C(=O)O*)cc1)c1ccc(-c2nc3ccc([N+](=O)[O-])cc3o2)cc1,208.0,train
*C(=O)Nc1ccc(Oc2ccc(Oc3ccc(N4C(=O)c5ccc(*)cc5C4=O)cc3)cc2)cc1,250.0,train
*CCOCC(CCl)O*,-40.0,train
*c1cccc(N2C(=O)c3ccc(-c4cccc5c4C(=O)N(*)C5=O)cc3C2=O)c1,341.0,train
*c1ccc(N[Se]Nc2ccc(S(*)(=O)=O)cc2)cc1,62.0,train
*O[Si](C)(C)c1cccc(C(F)(F)C(F)(F)c2cccc([Si](*)(C)C)c2)c1,-2.0,train
*c1ccc(Oc2ccc(Oc3ccc(N4C(=O)c5ccc(Oc6ccc(C7(c8ccc(Oc9ccc%10c(c9)C(=O)N(*)C%10=O)cc8)CCCCCCCCCCC7)cc6)cc5C4=O)cc3)c(C(C)(C)C)c2)cc1,262.0,train
*c1ccc(Oc2ccc(Oc3ccc(N4C(=O)c5ccc(Oc6ccc(Oc7ccc(Oc8ccc9c(c8)C(=O)N(*)C9=O)cc7)cc6)cc5C4=O)cc3)cc2)cc1,203.0,train
*c1ccc(-c2sc(-c3cc(CCCC)c(*)s3)cc2CCCC)cc1,122.3,train
*Nc1cc([N+](=O)[O-])c(NC(=O)CCCCCCCCC(*)=O)cc1/C=C/c1ccc(N(C)C)cc1,159.0,train
*CC(*)(C)C(=O)OCCOc1ccc(/N=N/c2ccc(OC)cc2)cc1,109.0,train
*C(=S)Nc1ccc(Oc2ccc(NC(=S)n3c(=O)c4cc5c(=O)n(*)c(=O)c5cc4c3=O)cc2)cc1,265.0,train
*CCCCCCCCCCC(=O)NCCCCCC(=O)N*,25.5,train
*/C=C/C1CC(*)C2C(=O)N(CCCCCCC)C(=O)C12,59.0,train
*c1cccc(C(F)(F)C(F)(F)C(F)(F)C(F)(F)C(F)(F)c2cccc(N3C(=O)c4ccc(Oc5ccc6c(c5)C(=O)N(*)C6=O)cc4C3=O)c2)c1,157.0,train
*C1C2CC(C(=O)OCCc3ccc(N(c4ccccc4)c4ccccc4)cc3)C(C2)C1*,307.0,train
*c1nc(C(F)(F)C(F)(F)C(F)(F)F)nc(C(F)(F)C(F)(F)C(F)(F)C(F)(F)C(F)(F)C(*)(F)F)n1,-5.0,train
*CCCCCCOC(=O)c1cc(/N=N/c2ccc(OCC)cc2)ccc1-c1ccc(/N=N/c2ccc(OCC)cc2)cc1C(=O)O*,83.0,train
*O[Zn]OC(=O)c1ccccc1C(=O)OCCCCCOC(=O)NCCCCCCNC(=O)OCCCCCOC(=O)c1ccccc1C(*)=O,-4.3,train
*CC(*)(Cl)C(=O)OCCCC,42.0,train
*CC(*)(C)C(=O)OCc1ccccc1Cl,54.1,train
*C(=O)Nc1ccc(NC(=O)c2ccc3c(c2)C(=O)N(c2cc(-c4nc5ccccc5s4)cc(N4C(=O)c5ccc(*)cc5C4=O)c2)C3=O)cc1,356.0,train
*/C=C/c1ccc(*)cc1,240.0,train
*Nc1ccc(Cc2ccc(NC(=O)NCCCCCCCCCCCCCCCCCCNC(*)=O)cc2)cc1,48.0,train
*CC(COC(=O)O*)OCCCCCCCCCCCOc1ccc(/C=C/c2ccc([N+](=O)[O-])cc2)cc1,21.0,train
*c1ccc2c(c1)C(=O)N(c1cccc(C(=O)Nc3ccc(C(c4ccc(NC(=O)c5cccc(N6C(=O)c7ccc(C(*)(C(F)(F)F)C(F)(F)F)cc7C6=O)c5C)cc4)(C(F)(F)F)C(F)(F)F)cc3)c1C)C2=O,250.0,train
*CCNC(=O)c1ccc(C(=O)N*)c(Sc2ccccc2)c1,172.0,train
*c1cccc(NC(=O)c2ccc(OCCOCCOCCOCCOCCOc3ccc(C(=O)Nc4ccc5[nH]c(*)nc5c4)cc3)cc2)c1,140.0,train
*c1ccc2c(c1)C(=O)N(c1cccc(C(=O)Nc3ccc(Oc4ccc(NC(=O)c5cccc(N6C(=O)c7ccc(C(*)(C(F)(F)F)C(F)(F)F)cc7C6=O)c5)cc4)cc3)c1)C2=O,298.0,train
*c1ccc(-c2cc(CCCCCCCC)c(-c3ccc(-c4ccc(-c5sc(-c6ccc([Si](*)(C)C)s6)cc5CCCCCCCC)s4)s3)s2)s1,31.0,train
*Nc1ccc(Cc2ccc(NC(=O)c3ccc(P(=O)(c4ccccc4)c4ccc(C(*)=O)cc4)cc3)cc2)cc1,307.0,train
*c1ccc(Oc2ccc(Oc3ccc(-n4c(=O)c5cc6c(=O)n(*)c(=O)c6cc5c4=O)cc3)cc2C)cc1,310.0,train
*CCCCC[Si](*)(C)c1ccccc1,-10.4,train
*c1ccc2c(c1)C(=O)N(c1ccc(OCCOc3ccc(N4C(=O)c5ccc(C(*)(C(F)(F)F)C(F)(F)F)cc5C4=O)cc3)cc1)C2=O,254.0,train
*/C=C/C(C*)OC,-10.5,train
*CC(*)c1ccc(C[Si](C)(C)C)cc1,82.0,train
*CC(CO*)(CSC(C)C)CSC(C)C,-9.0,train
*Oc1ccc(CC(NC(=O)CCc2ccc(OC(=O)CCCCC(*)=O)cc2)C(=O)OC)cc1,70.0,train
*c1ccc(N2C(=O)c3ccc(C(=O)c4ccc5c(c4)C(=O)N(c4ccc(-c6nc7cc(-c8ccc9nc(-c%10ccccc%10)c(*)nc9c8)ccc7nc6-c6ccccc6)cc4)C5=O)cc3C2=O)cc1,260.0,train
*CCCc1nc2cc(-c3ccc4[nH]c(*)nc4c3)ccc2[nH]1,275.0,train
*c1cccc(C(=O)Nc2ccc(Oc3ccc(C(C)(C)c4ccc(Oc5ccc(NC(=O)c6cccc(N7C(=O)c8ccc(-c9ccc%10c(c9)C(=O)N(*)C%10=O)cc8C7=O)c6)cc5)cc4)cc3)cc2)c1,257.0,train
*Nc1cc(NC(=O)c2ccc(C(*)=O)cc2)cc(-c2nnc(-c3ccccn3)o2)c1,230.0,train
*CCCCCCCOc1ccc(-c2ccc(O*)c3ccccc23)c2ccccc12,129.5,train
*Oc1cccc(OC(=O)c2ccc(Oc3ccc(C(*)=O)cc3)cc2)c1,159.0,train
*CC(*)CCCCCCCC,-35.0,train
*CC(C)(C)CS(=O)(=O)CC(C)(C)COC(=O)O*,50.0,train
*C(=O)c1ccc2c(c1)C(=O)N(c1ccc(C(c3ccc(N4C(=O)c5ccc(*)cc5C4=O)cc3)(C(F)(F)F)C(F)(F)F)cc1)C2=O,308.03,train
*Nc1cccc(NC(=O)Cc2cc(CC(*)=O)c(C)cc2C)c1,222.0,train
*CC(*)OC(=O)c1ccccc1Cl,55.75,train
*C(=O)Oc1ccc(OCCCCCCCCCCCCOc2ccc(OC(=O)c3ccc4c(c3)C(=O)N(c3ccc(S(=O)(=O)c5ccc(N6C(=O)c7ccc(*)cc7C6=O)cc5)cc3)C4=O)cc2)cc1,140.0,train
*CC(=O)NC(C)C(=O)O*,54.6,train
*c1ccc(Sc2ccc(Oc3ccc(Sc4ccc(N5C(=O)c6ccc(Oc7ccc(C(C)(C)c8ccc(Oc9ccc%10c(c9)C(=O)N(*)C%10=O)cc8)cc7)cc6C5=O)cc4)cc3)cc2)cc1,199.0,train
*CCCCCCCCCCOC(=O)Nc1ccc(C)c(NC(=O)O*)c1,18.0,train
*c1ccc(Oc2ccc(C(=O)c3ccc(Oc4ccc(C(=O)c5ccc(Oc6ccc(-c7cc(*)n(-c8ccccc8)n7)cc6)cc5)cc4)cc3)cc2)cc1,190.0,train
*Oc1ccc(NC(=O)c2cc(C(=O)Nc3ccc(*)cc3)cc(C(F)(F)C(F)(F)C(F)(F)C(F)(F)F)c2)cc1,257.0,train
*c1ccc(-c2cc(C(C)(C)C)c(Oc3ccc(N4C(=O)c5ccc(-c6ccc7c(c6)C(=O)N(*)C7=O)cc5C4=O)cc3C(F)(F)F)c(C(C)(C)C)c2)cc1,389.0,train
*CC(*)(C)C(=O)OCCCCCc1ccc(/N=N/c2ccc(OC(F)(F)F)cc2)cc1,202.5,train
*C(=O)Nc1ccc(S(=O)(=O)c2ccc(NC(=O)c3ccc4c(c3)C(=O)N(c3ccc(NC(=O)Nc5ccc(N6C(=O)c7ccc(*)cc7C6=O)cc5)cc3)C4=O)cc2)cc1,205.0,train
*CCN(CCCCCOc1ccc(/N=N/c2ccccc2)cc1)CCOC(=O)Nc1ccc(Cc2ccc(NC(=O)O*)cc2)cc1,59.6,train
*CC(C)(C)COC(=O)NC(=O)c1cc(C(=O)NC(=O)O*)cc(C(C)(C)C)c1,144.0,train
*C(=O)Nc1ccc(-c2ccc(NC(=O)c3ccc4c(c3)C(=O)N(c3c(C)cc(C)c(N5C(=O)c6ccc(*)cc6C5=O)c3C)C4=O)cc2C)c(C)c1,259.0,train
*Oc1cccc2c(OC(=O)c3ccc(Oc4ccc(C(*)=O)cc4)cc3)cccc12,171.0,train
*Nc1ccc(NC(=O)c2ccc(NC(=O)CCCCCCCCCCCCC(=O)Nc3ccc(C(*)=O)cc3)cc2)cc1C(=O)OCCCCCCCCCCCCCC,204.5,train
*Sc1ccc(P(=O)(c2ccccc2)c2ccc(Sc3ccc(-c4ccc(*)cc4)cc3)cc2)cc1,232.0,train
*C(=O)c1ccc(N(*)CCC)cc1,136.0,train
*C1C(*)C2CC1C(C(=O)OCCC13CC4CC(CC(C4)C1)C3)C2C(=O)OCCC12CC3CC(CC(C3)C1)C2,300.0,train
*CC(*)Cl,80.0,train
*CC(*)C(=O)OCCCOc1ccc(C(=O)OCCCC(F)(F)C(F)(F)C(F)(F)C(F)(F)C(F)(F)C(F)(F)F)cc1,17.0,train
*Nc1cccc(NC(=O)c2cccc(C(=O)Nc3ccc(C(=O)NC(*)=S)cc3)c2)c1,270.0,train
*Oc1ccc(C(CC)c2ccc(OC(*)=O)cc2)cc1,128.0,train
*c1ccc(-c2ccc(N3C(=O)c4ccc(Oc5ccc(Oc6ccc7c(c6)C(=O)N(*)C7=O)cc5)cc4C3=O)cc2)cc1,266.0,train
*CCCCCCC(=O)O*,-14.0,train
*c1cccc(C(=O)Nc2ccc(Oc3ccc(NC(=O)c4cccc(N5C(=O)c6ccc(-c7ccc8c(c7)C(=O)N(*)C8=O)cc6C5=O)c4)cc3)cc2)c1,253.0,train
*Oc1ccc(CC(NC(=O)CCc2ccc(OC(=O)CCCC(*)=O)cc2)C(=O)OCCCCCCCCCCCC)cc1,27.5,train
*O[Si](C)(C)O[Si](C)(C)O[Si](C)(C)O[Si](C)(C)c1ccc(Oc2ccc([Si](*)(C)C)cc2)cc1,-52.0,train
*Oc1cccc(Oc2cccc(*)c2)c1C#N,145.0,train
*CC(*)(C)C(=O)OC,108.0,train
*C(=O)Nc1ccc(Oc2ccc(NC(=O)c3ccc4c(c3)C(=O)N(c3ccc(Oc5ccc(N6C(=O)c7ccc(*)cc7C6=O)cc5)cc3)C4=O)cc2)cc1,282.0,train
*CC(O)COc1ccc(S(=O)(=O)c2ccc(OCC(O)COc3ccc(S(=O)(=O)c4ccc(O*)c(C)c4)cc3C)cc2)cc1,142.5,train
*CC(*)(C)C(=O)OCCC1CC[N+](C)(CCCCCCOc2ccc(/N=N/c3ccc([N+](=O)[O-])cc3)cc2)CC1,57.8,train
*CCCCCCCCCCNC(=O)CCCCC(=O)N*,45.0,train
*c1cccc(C(=O)Nc2ccc(Oc3ccc(S(=O)(=O)c4ccc(Oc5ccc(NC(=O)c6cccc(N7C(=O)c8ccc(-c9cccc%10c9C(=O)N(*)C%10=O)cc8C7=O)c6)cc5)cc4)cc3)cc2)c1,263.0,train
*CC(*)(C)C(=O)OC12CC3CC(CC(C3)C1)C2,183.0,train
*CC(*)(C)C(=O)OCCn1c2ccccc2c2cc(/N=N/c3ccc([N+](=O)[O-])cc3[N+](=O)[O-])ccc21,182.0,train
*Oc1ccc(S(=O)(=O)c2ccc3cc(S(=O)(=O)c4ccc(Oc5ccc(-c6ccc(*)cc6)cc5)cc4)ccc3c2)cc1,255.0,train
*CC(O)CN(CC(O)COc1ccc(C(C)(C)c2ccc(O*)cc2)cc1)c1ccc(/C=C/c2ccc([N+](=O)[O-])cc2)cc1,320.0,train
*CCCCCCNC(=O)c1ccc(C(C)(CC)c2ccc(C(=O)N*)cc2)cc1,164.0,train
*Oc1ccc(S(=O)(=O)c2ccc(Oc3ccc(C4(c5ccc(Oc6ccc(S(=O)(=O)c7ccc(Oc8ccc(/C=C9\CC/C(=C\c%10ccc(*)cc%10)C9=O)cc8)cc7)cc6)cc5)CCCC4)cc3)cc2)cc1,240.0,train
*c1ccc(Oc2ccc(-c3cccc(-c4ccc(Oc5ccc(-c6c7c(c(*)c8ccccc68)C(=O)N(c6ccccc6)C7=O)cc5)c(C(F)(F)F)c4)n3)cc2C(F)(F)F)cc1,298.0,train
*c1ccc(Oc2ccc(Oc3ccc(Oc4ccc(N5C(=O)c6ccc(Oc7ccc(-c8ccc(Oc9ccc%10c(c9)C(=O)N(*)C%10=O)cc8)cc7)cc6C5=O)cc4)cc3)cc2)cc1,208.0,train
*c1ccc2c(c1)C(=O)N(c1ccc(Sc3ccc(N4C(=O)c5ccc(C(*)(C(F)(F)F)C(F)(F)F)cc5C4=O)cc3)cc1)C2=O,301.0,train
*Oc1ccc(Oc2ccc(C(=O)c3ccc(NC(=O)c4cccc(C(=O)Nc5ccc(C(=O)c6ccc(*)cc6)cc5)c4)cc3)cc2)cc1,198.0,train
*Oc1c(-c2ccccc2)cc(-c2cc(-c3ccccc3)c(OC(=O)CCCCCCCCC(*)=O)c(-c3ccccc3)c2)cc1-c1ccccc1,98.0,train
*c1ccc(-c2cc(-c3ccc(OCCCC#N)cc3)cc(-c3ccc(-n4c(=O)c5cc6c(=O)n(*)c(=O)c6cc5c4=O)cc3)n2)cc1,345.0,train
*Oc1ccc(NC(=O)c2cc(NC(=O)c3ccc(OC(C)=O)cc3)cc(C(=O)Nc3ccc(Oc4ccc(-c5ccc(*)cc5)cc4)cc3)c2)cc1,252.0,train
*c1ccc2c(c1)C(=O)N(c1ccc(OC(C)COc3ccc(N4C(=O)c5ccc(C(*)(C(F)(F)F)C(F)(F)F)cc5C4=O)cc3)cc1)C2=O,234.0,train
*CCCCCC(=O)Oc1ccc(C2(c3ccc(OC(=O)c4ccc5c(c4)C(=O)N(*)C5=O)cc3)CCCCC2)cc1,122.0,train
*Oc1cc(CCCCCCCC)cc(OC(=O)c2cccc(C(*)=O)c2)c1,50.5,train
*c1ccc(OCCCCCOc2ccc(N3C(=O)c4ccc(-c5cccc6c5C(=O)N(*)C6=O)cc4C3=O)cc2)cc1,208.0,train
*c1ccc2c(c1)C(=O)N(c1ccc(-c3ccc(N4C(=O)c5ccc(C(*)(C(F)(F)F)C(F)(F)F)cc5C4=O)cc3C(F)(F)F)c(C(F)(F)F)c1)C2=O,320.0,train
*[Si](*)(CCCC)CCCCCC,-40.0,train
*C/C=C/COC(=O)CCCCCCCCC(=O)O*,-40.0,train
*Oc1ccc(S(=O)(=O)c2ccc(Oc3ccc(/C=N/N=C/c4ccc(*)cc4)cc3)cc2)cc1,151.0,train
*CCCCCCCCCCCCc1nc2ccc(-c3ccc4nc(*)oc4c3)cc2o1,55.0,train
*SSc1ccc(/N=C/Nc2ccc(*)cc2)cc1,98.0,train
*c1ccc(Oc2ccc(-c3ccc(Oc4ccc(N5C(=O)c6ccc(Oc7ccc(Sc8ccc(Oc9ccc%10c(c9)C(=O)N(*)C%10=O)cc8)cc7)cc6C5=O)cc4)cc3)cc2)cc1,205.0,train
*CCCCCCNC(=O)c1ccc(C(=O)N*)c(Oc2ccccc2)c1,108.0,train
*c1ccc2c(c1)C(=O)N(c1cc(OCCN(CC)c3ccc(/N=N/c4ccc([N+](=O)[O-])cc4)cc3)cc(N3C(=O)c4ccc(C(*)(C(F)(F)F)C(F)(F)F)cc4C3=O)c1)C2=O,210.0,train
*C(=O)Nc1ccc(C2(c3ccc(NC(=O)c4ccc5c(c4)C(=O)N(c4ccc(-c6ccc(N7C(=O)c8ccc(*)cc8C7=O)c(OC)c6)cc4OC)C5=O)cc3)c3ccccc3-c3ccccc32)cc1,181.0,train
*N=P(*)(Oc1ccc(C(C)CC)cc1)Oc1ccc(C(C)CC)cc1,-11.5,train
*/C=C/c1cccc(/C=C/[Si](C)(C)c2ccc([Si](*)(C)C)cc2)c1,41.7,train
*N=P(*)(OCCOCCOCC)OCCOCCOCC,-78.0,train
*CC(*)c1ccc(C(=O)Cc2ccccc2)cc1,78.0,train
*CCC(=O)Nc1ccc(NC(=O)CCN2C(=O)c3ccc(C(=O)c4ccc5c(c4)C(=O)N(*)C5=O)cc3C2=O)cc1,237.0,train
*Oc1ccc(/N=C/C=N/c2ccc(OC(=O)Nc3ccc(Cc4ccc(NC(*)=O)cc4)cc3)cc2)cc1,133.0,train
*Oc1cccc(NC(=O)c2cccc(C(=O)Nc3ccc(*)cc3)c2)c1,240.0,train
*Oc1cccc(NC(=O)CCCCCCC(=O)Nc2ccc(*)cc2)c1,140.0,train
*c1ccc(-c2nc3cc(C)ccc3o2)c(*)c1,221.0,train
*c1ccc(NC(=O)c2cc(C(=O)Nc3ccc(S(*)(=O)=O)cc3)cc(S(=O)(=O)c3ccccc3)c2)cc1,307.0,train
*CC(C)(C)COC(=O)CCC(=O)O*,-18.0,train
*CC(*)(CC(=O)OCCCCCC)C(=O)OCCCCCC,-7.0,train
*Oc1ccc(C(c2ccccc2)(c2ccccc2)c2ccc(OC(=O)c3ccc(C(*)=O)cc3)cc2)cc1,210.0,train
*c1ccc(-n2ccc(-c3ccc(-c4ccn(*)n4)cc3)n2)cc1,75.0,train
*CCCCCCCOc1ccc(CCc2ccc(O*)cc2C)cc1,6.5,train
*CCN(*)C(=O)CCCCCCCCCCCCCCCCC,10.0,train
*Nc1ccc(Cc2ccc(NC(=O)c3cccc(C(*)=O)c3)cc2)cc1,265.0,train
*CNC(=O)OCc1ccc(COC(=O)NCc2ccc(C(C)(C)c3ccc(*)o3)o2)o1,55.0,train
*CCCCCCN(C)C(=O)CCCC(=O)N(*)C,3.0,train
*CC(*)(C)C(=O)OCCOC,24.0,train
*CCCCCCCCCCCC(=O)Oc1ccc2ccc(OC(=O)c3ccc4c(c3)C(=O)N(*)C4=O)cc2c1,98.0,train
*N(C)[Si](C)(C)N(C)[Si](*)(C)CC,-20.0,train
*OC(=O)C(C)NC(=O)CCCCCCCCC(=O)NC(C)C(=O)OC1COC2C(*)COC12,57.0,train
*N=P(*)(OCCOCCOCCOCCOCCOCCOC)OCCOCCOCCOCCOCCOCCOC,-76.0,train
*c1ccc(NC(=O)c2cccc(C(=O)Nc3ccc(S(*)(=O)=O)cc3)c2)cc1,78.0,train
*CCCCNC(=O)C(=O)N*,120.0,train
*c1ccc2c(c1)Sc1cc(-c3sc4cc(*)sc4c3CCCCC)ccc1N2CCCCCCCCCCCC,136.0,train
*CCCCCCCCCCOc1ccc(-c2cc(-c3ccccc3)c(-c3ccc(NC(=O)c4ccc(C(=O)Nc5ccc(-c6c(-c7ccccc7)cc(-c7ccc(O*)cc7)cc6-c6ccccc6)cc5)cc4)cc3)c(-c3ccccc3)c2)cc1,116.0,train
*C1C=C(CCCCCC)C(*)S1,58.05,train
*c1ccc(C(=O)c2ccc(-n3nc(-c4ccccc4)c4cc(Oc5ccc(C(C)(C)c6ccc(Oc7ccc8c(-c9ccccc9)nn(*)c(=O)c8c7)cc6)cc5)ccc4c3=O)cc2)cc1,195.0,train
*/C(C#N)=C/c1cc(OCCCCCCCCCCCC)c(/C=C(\C#N)c2cc(OCCCCCCCCCCCC)c(*)cc2OC)cc1OC,181.0,train
*CCC(C)O*,-50.0,train
*c1ccc(C(=O)c2ccc(-n3nc(-c4ccc(Sc5ccc(-c6nn(*)c(=O)c7ccccc67)cc5)cc4)c4ccccc4c3=O)cc2)cc1,281.0,train
*CCCCCCCCC(c1ccc(O)cc1)C(*)c1ccc(O)cc1C,-12.0,train
*C(=O)c1ccc2c(c1)C(=O)N(c1cccc(C(=O)c3ccccc3N3C(=O)c4ccc(*)cc4C3=O)c1)C2=O,259.0,train
*COc1ccc(C(C)(C)c2ccc(O*)cc2)cc1,90.0,train
*C(=O)NC1CCC(CC2CCC(NC(=O)c3ccc(N4C(=O)c5ccc(*)cc5C4=O)cc3)CC2)CC1,275.0,train
*c1ccc(OCCN(CC)c2ccc(-c3ccc(C(=C(C#N)C#N)c4ccc(N(CC)CC)cc4)s3)cc2)c(-c2cc(-c3ccccc3)c3cc(Oc4ccc5nc(*)cc(-c6ccccc6)c5c4)ccc3n2)c1,215.0,train
*CC(CO*)(CS(=O)(=O)CCC)CS(=O)(=O)CCC,71.0,train
*C(=O)Nc1ccc(S(=O)(=O)c2ccc(NC(=O)c3ccc(N4C(=O)c5ccc(*)cc5C4=O)cc3)cc2)cc1,252.0,train
*CC(CCCC)C(CCCC)COC(=O)c1ccc(C(=O)O*)cc1,16.0,train
*CCCCCNC(=O)CCCCC(=O)N*,46.5,train
*CC(C)(C)COC(=O)Cc1ccc(C(=O)O*)cc1,33.0,train
*CC(*)(C#N)C(=O)OCCCCCC,86.0,train
*c1ccc(Oc2ccc(C(=O)c3cccc(C(=O)c4ccc(Oc5ccc(-n6c(=O)c7cc8c(=O)n(*)c(=O)c8cc7c6=O)cc5)cc4)c3)cc2)cc1,247.0,train
*C(*)C(=O)OCCC,-15.0,train
*C1C(=O)OC(=O)C1C1C2CC(C(=O)OC3CCCCC3)C(C2)C1*,195.0,train
*C(=O)c1ccc(C(=O)N(*)c2ccccc2)c(Sc2ccccc2)c1,152.0,train
*CCCCCCNC(=O)CCC(C)CC(=O)N*,17.0,train
*C(=O)Nc1ccc(C2(c3ccc(N4C(=O)c5ccc(*)cc5C4=O)cc3)CCC(C(C)(C)C)CC2)cc1,331.0,train
*O[Si](C)(C)O[Si](C)(C)O[Si](C)(C)O[Si](C)(C)O[Si](C)(C)O[Si](C)(C)OC1=C(*)c2cccc3cccc1c23,-93.0,train
*/C=C/CCCCCCCCCC(Cl)CCCCCCCCC*,-37.0,train
*CCOCCOCCN1C(=O)c2ccc(C(=O)Oc3ccc4cc(OC(=O)c5ccc6c(c5)C(=O)N(*)C6=O)ccc4c3)cc2C1=O,105.0,train
*c1ccc(Oc2ccc(C(=O)c3ccc(-c4ccc(C(=O)c5ccc(Oc6ccc(-c7nc(-c8cccc(-c9nc(*)c(-c%10ccccc%10)[nH]9)c8)[nH]c7-c7ccccc7)cc6)cc5)cc4)cc3)cc2)cc1,276.0,train
*C(=O)c1ccc2c(c1)C(=O)N(c1cccc(C(=O)c3c(C)cc(C)c(N4C(=O)c5ccc(*)cc5C4=O)c3C)c1)C2=O,300.0,train
*Nc1cc(NC(=O)c2ccc(C(*)=O)cc2)cc(-c2nc3ccccc3[nH]2)c1,267.5,train
*Oc1c(C)cc(-c2cc(C)c(OC(=O)CCCCC(*)=O)c(C)c2)cc1C,108.0,train
*CC(*)(C)C(=O)OCCN(CC)c1ccc(/N=N/c2ccc(S(C)(=O)=O)cc2)cc1,144.0,train
*Oc1cccc2ccc(Oc3ccc(NC(=O)c4cccc(C(=O)Nc5ccc(*)cc5)c4)cc3)cc12,256.0,train
*C(=O)Nc1ccc(S(=O)(=O)c2ccc(NC(=O)c3ccc4c(c3)C(=O)N(c3ccc(-c5sc(-c6ccc(N7C(=O)c8ccc(*)cc8C7=O)cc6)c(-c6ccccc6)c5-c5ccccc5)cc3)C4=O)cc2)cc1,340.0,train
*c1ccc(Sc2ccc(Sc3ccc(Sc4ccc(-n5c(=O)c6cc7c(=O)n(*)c(=O)c7cc6c5=O)cc4)cc3)cc2)cc1,234.05,train
*OC(C)COC(=O)c1cccc(C(*)=O)c1,77.0,train
*c1ccc(Oc2ccc(N3C(=O)CC4C(CC5C(=O)N(*)C(=O)C54)C3=O)cc2)cc1,350.0,train
*c1ccc2c(c1)C(=O)N(c1cccc(C(c3cccc(N4C(=O)c5ccc(C(*)(C(F)(F)F)C(F)(F)F)cc5C4=O)c3)(C(F)(F)F)C(F)(F)F)c1)C2=O,263.0,train
*Nc1cc(NC(=O)c2cc(OCCN(C)c3ccc(C#N)cc3)cc(C(*)=O)c2)cc(C(=O)OCCN(C)c2ccc(S(=O)(=O)C(F)(F)C(F)(F)C(F)(F)C(F)(F)C(F)(F)C(F)(F)C(F)(F)C(F)(F)F)cc2)c1,165.0,train
*CCOCCOC(=O)CCSCCC(=O)O*,-33.0,train
*Oc1ccc(S(=O)(=O)c2ccc(*)cc2)c2ccccc12,238.0,train
*CC(*)(C)C(=O)OCCCCOc1ccc(OC(=O)c2ccc(-c3ccc(OC)cc3)cc2)cc1,77.0,train
*c1c(C)cc(Cc2cc(C)c(N3C(=O)c4ccc(Oc5cccc6c(Oc7ccc8c(c7)C(=O)N(*)C8=O)cccc56)cc4C3=O)c(C)c2)cc1C,281.0,train
*CCCCCCN(CC(F)(F)C(F)(F)C(F)(F)C(F)(F)C(F)(F)C(F)(F)C(F)(F)F)C(=O)CCCCC(=O)N(*)CC(F)(F)C(F)(F)C(F)(F)C(F)(F)C(F)(F)C(F)(F)C(F)(F)F,119.4,train
*Oc1ccc(OC(=O)c2ccc(C(*)=O)cc2Sc2ccc3ccccc3c2)cc1,148.0,train
*Oc1ccc(-c2ccc(OC(*)(Oc3ccccc3)Oc3ccccc3)cc2)cc1,112.0,train
*CC(*)(F)C(=O)OCCC(F)(F)C(F)(F)C(F)(F)C(F)(F)F,6.0,train
*CC(CCCCCC)C(CCCCCC)COC(=O)c1ccc(C(=O)O*)cc1,-15.5,train
*N(C)[Si](*)(C)C,-20.0,train
*Oc1ccc(/N=C(\c2ccccc2)c2ccc(Oc3ccc(C(c4ccccc4)(c4ccccc4)c4ccc(Oc5ccc(/C(=N/c6ccc(*)cc6)c6ccccc6)cc5)cc4)cc3)cc2)cc1,177.0,train
*CC(O)COc1ccc(C(C)(C)c2ccc(OCC(O)COc3cccc(NC(=O)CCCCCCCCCCC(=O)Nc4cccc(O*)c4)c3)cc2)cc1,90.0,train
*C(=O)c1ccc2c(c1)C(=O)N(c1ccccc1Cc1ccccc1N1C(=O)c3ccc(*)cc3C1=O)C2=O,285.0,train
*c1ccc(Oc2ccc(NC(=O)c3ccc4c(c3)C(=O)N(c3ccc(Sc5ccc(N6C(=O)c7ccc(C(=O)Nc8ccc(Oc9ccc(C%10(*)NC(=O)c%11ccccc%11%10)cc9)cc8)cc7C6=O)cc5)cc3)C4=O)cc2)cc1,298.0,train
*c1cccc(C(F)(F)C(F)(F)C(*)(F)F)c1,29.0,train
*CCCCCCCCCCSS*,-65.0,train
*CC(*)(C)C(=O)OCCOCCOCCOc1ccc(/N=N/c2ccc(C#N)cc2)cc1,37.0,train
*CCOC(=O)CCCCCC(=O)O*,-46.0,train
*Oc1ccc(NC(=C(C#N)C#N)c2ccc(-c3ccc(-c4ccc(C(Nc5ccc(*)cc5)=C(C#N)C#N)cc4)cc3)cc2)cc1,240.0,train
*c1ccc(OCCCCCCN(CC)c2ccc(C(C#N)=C(C#N)C#N)cc2)c(-c2cc(-c3ccccc3)c3cc(Oc4ccc5nc(*)cc(-c6ccccc6)c5c4)ccc3n2)c1,175.0,train
*C(=O)NCCN(CCNC(=O)c1cccc(N2C(=O)c3ccc(*)cc3C2=O)c1)c1ccc(/C=C/c2ccc([N+](=O)[O-])cc2)cc1,178.0,train
*Oc1ccc2ccc(Oc3ccc(C(=O)Nc4cccc(NC(=O)c5ccc(*)cc5)c4)cc3)cc2c1,168.0,train
*CCOC(=O)C1C2C=CC(C2)C1C(=O)O*,0.0,train
*CC(CO*)(CS(=O)(=O)C(C)C)CS(=O)(=O)C(C)C,91.0,train
*NNC(=O)/C=C/C(=O)Nc1cccc(/C=C2\CCC/C(=C\c3cccc(NC(=O)/C=C/C(*)=O)c3)C2=O)c1,238.4,train
*CC(*)c1ccc(Oc2ccccc2)cc1,85.0,train
*c1ccc2c(c1)C(CCCCCCCC)(CCCCCCCC)c1cc(-c3c(F)c(F)c(*)c(F)c3F)ccc1-2,29.0,train
*CCCCCOc1ccc(OCCCCCc2nnc(-c3ccc(-c4nnc(*)o4)cc3)o2)c(C)c1,95.0,train
*Nc1cccc2c(NC(=O)c3cc(NC(=O)C(CCSC)N4C(=O)c5ccccc5C4=O)cc(C(*)=O)c3)cccc12,198.0,train
*CC(*)(C)C(=O)Oc1ccc(OCc2ccccc2)cc1,95.3,train
*CC(COC(F)(C(F)(F)F)C(F)(F)F)O*,-43.0,train
*c1ccc(NC(=O)c2cccc(C(=O)Nc3ccc(-n4c(=O)c5cc6c(=O)n(*)c(=O)c6cc5c4=O)cc3)c2)cc1,296.0,train
*CC(*)C(=O)OCCCCn1c2ccccc2c2ccccc21,68.0,train
*Oc1ccc2cc(C(*)=O)ccc2c1,147.0,train
*N=P(N=P(/N=S(/*)Oc1ccc(-c2ccccc2)cc1)(Oc1ccc(-c2ccccc2)cc1)Oc1ccc(-c2ccccc2)cc1)(Oc1ccc(-c2ccccc2)cc1)Oc1ccc(-c2ccccc2)cc1,69.0,train
*CC(*)C(=O)OC(CC)CC,-6.0,train
*c1ccc(Oc2cccc(-n3c(=O)c4cc5c(=O)n(-c6cccc(Oc7ccc(-c8nc9cc%10sc(*)nc%10cc9s8)cc7)c6)c(=O)c5cc4c3=O)c2)cc1,400.0,train
*c1c(C)cc(C(c2cccnc2)c2cc(C)c(N3C(=O)CC(Nc4cccc(NC5CC(=O)N(*)C5=O)c4)C3=O)c(C)c2)cc1C,224.0,train
*O[Si](*)(C)CCCOc1ccc(C(=O)Oc2ccc(-c3ccc(OC(=O)c4cc(OCCCCC)c(OCCCCC)c(OCCCCC)c4)cc3)cc2)cc1,49.0,train
*CC#C/C(C#CCOC(=O)CCCCCCCCC(=O)O*)=C\c1ccc(C#Cc2ccc(C=C(C#Cc3ccccc3)C#Cc3ccccc3)cc2)cc1,60.0,train
*CC(C)CCC(C)CNC(=O)c1cc(C(=O)N*)cc(C(C)(C)C)c1,149.0,train
*CC(OC(=O)OCC)C(COC(=O)O*)OC(=O)OCC,49.8,train
*c1ccc(Oc2ccc(C3(c4ccc(Oc5ccc(N6C(=O)c7ccc(Oc8ccc(C9(c%10ccc(Oc%11ccc%12c(c%11)C(=O)N(*)C%12=O)cc%10)CCCCCCCCCCC9)cc8)cc7C6=O)cc5)cc4)CC4CCC3C4)cc2)cc1,259.0,train
*CC(COCC)O*,-61.0,train
*c1c(C)cc(-c2cc(C)c(N3C(=O)c4cccc(Oc5c(C)cc(Cc6cc(C)c(Oc7cccc8c7C(=O)N(*)C8=O)c(C)c6)cc5C)c4C3=O)c(C)c2)cc1C,276.0,train
*Oc1ccc(Oc2ccc(C(=O)c3ccc(C(=O)c4ccc(*)cc4)cc3)cc2)cc1-c1ccccc1,166.0,train
*C(=O)Nc1ccc(Oc2ccc(C(c3ccc(Oc4ccc(NC(=O)c5ccc6c(c5)C(=O)N(c5ccc(Oc7ccc8ccc(Oc9ccc(N%10C(=O)c%11ccc(*)cc%11C%10=O)cc9)cc8c7)cc5)C6=O)cc4)cc3)(C(F)(F)F)C(F)(F)F)cc2)cc1,250.0,train
*c1ccc(NC2CC(=O)N(c3ccc(-c4sc(-c5ccc(N6C(=O)CC(Nc7ccc(-c8nc(-c9ccc(/C=C/c%10ccc([N+](=O)[O-])cc%10)s9)[nH]c8*)cc7)C6=O)cc5)c(-c5ccccc5)c4-c4ccccc4)cc3)C2=O)cc1,304.0,train
*C(=O)c1ccc(N(*)CCCCCCCC)cc1,30.0,train
*c1ccc(Oc2ccc(-n3nc(-c4ccccc4)cc3-c3ccc(-c4cc(-c5ccccc5)nn4*)cc3)cc2)cc1,260.0,train
*c1cccc(S(=O)(=O)NCCCNS(*)(=O)=O)c1,92.0,train
*/C(=C(/*)c1ccc([Si](C)(C)C)cc1)c1ccccc1,200.0,train
*c1ccc2c(c1)C(=O)N(c1ccc(Oc3ccc(C(c4ccc(Oc5ccc(N6C(=O)c7ccc(C(*)(C(F)(F)F)C(F)(F)F)cc7C6=O)cc5C(F)(F)F)cc4)(C(F)(F)F)C(F)(F)F)cc3)c(C(F)(F)F)c1)C2=O,234.0,train
*c1cc(C(C)C)c(Oc2ccc(S(=O)(=O)c3ccc(Oc4cc(C)c(C5(*)OC(=O)c6ccccc65)cc4C(C)C)cc3)cc2)cc1C,230.0,train
*CCCCCCOP(=O)(/N=N/c1ccc(C(=O)c2ccc(/N=N/P(=O)(O*)OC)cc2)cc1)OC,31.0,train
*OP(=O)(Oc1ccccc1)Oc1ccc(*)cc1,97.0,train
*c1cc(C)c(*)s1,114.2,train
*Oc1ccc(C(=O)c2ccc(OC(=O)OC3C(C)(C)C(OC(*)=O)C3(C)C)cc2)cc1,125.0,train
*CCCCCCc1ccc(-c2c(-c3ccccc3)cc(-c3cccc(-c4cc(-c5ccccc5)c(-c5ccc(*)cc5)c(-c5ccccc5)c4-c4ccccc4)c3)c(-c3ccccc3)c2-c2ccccc2)cc1,215.0,train
*N=P(*)(OCCOCCOCCOC)OCCOCCOCCOC,-8.0,train
*CCCCCCCCCCCCN1C(=O)c2ccc(Oc3ccc4c(c3)C(=O)N(*)C4=O)cc2C1=O,70.0,train
*CC(F)(F)C(F)(F)C(F)(F)C(F)(F)COC(=O)NCC(F)(F)C(F)(F)C(F)(F)C(F)(F)CNC(=O)O*,20.0,train
*c1ccc(C(=O)OCCCCCCOc2ccc(/C=C3\CCCC/C(=C\c4ccc(OCCCCCCOC(=O)c5ccc(-c6nnc(*)o6)cc5)cc4)C3=O)cc2)cc1,104.0,train
*CCOC(=O)c1ccc2cc(C(=O)O*)ccc2c1,120.0,train
*CCCCCCC(Cl)C(*)Cl,-18.0,train
*c1ccc(N(c2ccc(C#N)cc2)c2ccc(N3C(=O)c4ccc(Oc5ccc(C(C)(C)c6ccc(C(C)(C)c7ccc(Oc8ccc9c(c8)C(=O)N(*)C9=O)cc7)cc6)cc5)cc4C3=O)cc2)cc1,224.0,train
*Oc1ccc(C(=O)OC(C)COC(C)COC(C)COC(=O)c2ccc(OC(=O)c3ccc(C(*)=O)cc3)cc2)cc1,36.0,train
*CC(*)(C)C(=O)OCCCCCCOc1ccc(C(=O)Oc2ccc(OC)cc2)cc1OC,49.0,train
*c1ccc(C(c2ccc(N3C(=O)c4cc(-c5ccc([Si](C)(C)C)cc5)c(-c5cc6c(cc5-c5ccc([Si](C)(C)C)cc5)C(=O)N(*)C6=O)cc4C3=O)cc2)(C(F)(F)F)C(F)(F)F)cc1,365.0,train
*c1ccc(-c2nc3cc(Oc4ccc(NC(=O)c5cc(C(=O)Nc6ccc(Oc7ccc8nc(-c9ccccc9)c(*)nc8c7)cc6)cc(N6C(=O)c7ccccc7C6=O)c5)cc4)ccc3nc2-c2ccccc2)cc1,302.0,train
*CCOCCOC(=O)C(C)C(=O)O*,-29.0,train
*/C=C/C1C/C(=C\C)C(*)C1,121.0,train
*Oc1ccccc1Oc1ccc(S(=O)(=O)c2ccc(*)cc2)cc1,171.0,train
*CC(O)COc1ccc(C(C)CC(C)(C)c2ccc(O*)cc2)cc1,75.0,train
*CC(*)C(=O)OCCCSC,-65.0,train
*COC(=O)OCC1OC(OCC)(OCC)OC1*,10.8,train
*Nc1ccc(NC(=O)CCCC(*)=O)cc1,135.0,train
*c1ccc(C(c2ccc(N3C(=O)c4ccc(Oc5ccc6c(c5)C(=O)N(*)C6=O)cc4C3=O)cc2)(C(F)(F)F)C(F)(F)F)cc1,305.0,train
*Oc1cccc(NC(=O)CCCCCCCCCC(=O)Nc2ccc(*)cc2)c1,110.0,train
*CC(COc1ccc(-c2ccc(C#N)cc2)cc1)O*,94.15,train
*OC(=O)OCCCCCCCCCCOC(=O)OC1COC2C(*)COC12,6.5,train
*CCOCO*,-64.0,train
*CC(*)c1ccc(COCCCCCC)cc1,-20.0,train
*CC(*)C(=O)OCCSCCC#N,-50.0,train
*Oc1cccc(Oc2ccc(-c3ccc(*)cc3)cc2)c1C#N,210.0,train
*CCCCCCCCNC(=O)NCc1ccc(CNC(=O)N*)cc1,68.0,train
*c1cc(C(C)(C)c2ccc(O)cc2)cc(*)c1O,135.0,train
*c1ccc(Sc2ccc(-c3nn(-c4ccc(S(=O)(=O)c5ccc(-n6nc(*)c7ccccc7c6=O)cc5)cc4)c(=O)c4ccccc34)cc2)cc1,279.0,train
*Oc1ccccc1-c1ccccc1Oc1ccc2c(=O)n3c4cc(-c5ccc6c(c5)nc5c7ccc(*)c8cccc(c(=O)n65)c87)ccc4nc3c3cccc1c23,376.0,train
*N=P(*)(Oc1ccc(I)cc1)Oc1ccc(I)cc1,43.1,train
*N=P(*)(OCCC)OCCC,-84.0,train
*CC(O)COc1ccc(C2(C)CC(C)(C)c3cc(O*)ccc32)cc1,120.0,train
*CC(*)(C)C(=O)OCCCCCCOc1ccc(/N=N/c2ccc(OC)cc2)cc1,91.0,train
*Oc1ccc(Oc2ccc(C(=O)c3ccc(C(=O)c4ccc(*)cc4)c4ccccc34)cc2)cc1,200.025,train
*Oc1ccc(C(=O)c2ccc(NC(=O)c3cccc(C(=O)Nc4ccc(C(=O)c5ccc(*)cc5)cc4)c3)cc2)cc1,214.0,train
*CC1CC2CC1C1CCC(CN3C(=O)c4ccc(C(c5ccc6c(c5)C(=O)N(*)C6=O)(C(F)(F)F)C(F)(F)F)cc4C3=O)C21,207.0,train
*CCCOC(=O)C(C)O*,-33.0,train
*CC(*)C(=O)OCCCCCCCOC(=O)c1ccc(OC(=O)c2ccc(C#N)cc2)cc1,20.0,train
*Oc1ccc(OC(=O)c2ccc(C(*)=O)cc2Oc2ccc(Cl)cc2)cc1,107.0,train
*SC1CCCCC1*,-43.0,train
*CCCCCCCCCCOc1ccc(/C=C/c2ccc(OCCCCCCCCCCOP(=O)(O*)OCCCCCCCCCCOc3ccc(/N=N/c4ccc([N+](=O)[O-])cc4)cc3)cc2)cc1,50.0,train
*c1ccc(Oc2ccc(-c3c(-c4ccccc4)c4c(c(-c5ccccc5)c3-c3ccccc3)C(=O)N(c3cccc(N5C(=O)c6c(c(-c7ccccc7)c(-c7ccccc7)c(*)c6-c6ccccc6)C5=O)c3)C4=O)cc2)cc1,357.0,train
*c1cccc(C(O[Si](C)(C)O[Si](C)(C)O[Si](C)(C)C)c2cccc(N3C(=O)c4ccc(Oc5ccc6c(c5)C(=O)N(*)C6=O)cc4C3=O)c2)c1,219.0,train
*C(=O)c1ccc2c(c1)C(=O)N(c1cc(N3C(=O)c4ccc(*)cc4C3=O)cc(C(F)(F)F)c1)C2=O,295.5,train
*c1ccc(Oc2ccc(-n3c(=O)c4cc5c(=O)n(-c6ccc(Oc7ccc(-c8nc9cc%10sc(*)nc%10cc9s8)cc7)cc6)c(=O)c5cc4c3=O)cc2)cc1,400.0,train
*CCOCCOc1ccc(NC(=O)c2cccc(C(=O)Nc3ccc(O*)cc3)c2)cc1,155.0,train
*CC(*)(C)C(=O)OCCCCCCCCOc1ccc(C(=O)Oc2ccc(C(=O)/C=C/c3c(C)c4ccccc4n3CCCC)cc2)cc1,69.0,train
*c1ccc(NC(=O)Nc2ccc(NC(=O)Nc3ccc(-c4nc(-c5ccc(-c6nc(-c7ccc([N+](=O)[O-])cc7)c(-c7ccc([N+](=O)[O-])cc7)[nH]6)cc5)[nH]c4*)cc3)cc2)cc1,272.0,train
*Oc1ccc(S(=O)(=O)c2ccc(Oc3ccc(C(C)(C)c4ccc(*)c(C(OC)(C(F)(F)F)C(F)(F)F)c4)cc3C(OC)(C(F)(F)F)C(F)(F)F)cc2)cc1,163.0,train
*CC(F)(F)C(F)(F)C(F)(F)COC(=O)NCCCCCCNC(=O)O*,16.0,train
*CC(*)C(=O)OCCCCCCOc1ccc(C(=O)Oc2ccc(OC)cc2)cc1,29.5,train
*O[Si](C)(C)O[Si](C)(C)O[Si](C)(C)OC(C)CCCCC(*)C,-94.0,train
*CC(O)CN(*)c1ccccc1,78.5,train
*c1ccc(Oc2ccc(N3C(=O)c4ccc(-c5cccc6c5C(=O)N(*)C6=O)cc4C3=O)cc2)cc1,320.0,train
*c1ccc(Oc2ccc(-c3nc4cc(-c5ccc6nc(*)c(-c7ccccc7)nc6c5)ccc4nc3-c3ccccc3)cc2)cc1,292.5,train
*Oc1ccc(CC(NC(=O)CCc2ccc(OC(=O)COCCOCC(*)=O)cc2)C(=O)OCC)cc1,53.0,train
*C(=O)Nc1nc(NC(=O)c2ccc3c(c2)C(=O)N(c2ccc(Oc4cccc5c(N6C(=O)c7ccc(*)cc7C6=O)cccc45)cc2)C3=O)nc(-c2ccccc2)n1,291.0,train
*CNC(=O)OCC(OC(=O)NCc1ccc(C(C)(C)c2ccc(*)o2)o1)c1ccco1,20.0,train
*OC(CCCCCC)CC(*)=O,-47.0,train
*c1cc(Br)c(Oc2c(Br)cc(N3C(=O)c4ccc(Oc5ccc6c(c5)C(=O)N(*)C6=O)cc4C3=O)cc2Br)c(Br)c1,283.0,train
*c1ccc(-c2nc3cc(Oc4ccc(NC(=O)CN5C(=O)c6ccc(C(c7ccc8c(c7)C(=O)N(CC(=O)Nc7ccc(Oc9ccc%10nc(-c%11ccccc%11)c(*)nc%10c9)cc7)C8=O)(C(F)(F)F)C(F)(F)F)cc6C5=O)cc4)ccc3nc2-c2ccccc2)cc1,280.0,train
*CC(*)C(=O)OCCCCCCCCCCCCCCCCCC,-42.5,train
*CC(O)COc1c(Cl)cc(C(C)(C)c2cc(Cl)c(OCC(O)COc3ccc(C(C)(C)c4ccc(O*)cc4)cc3)c(Cl)c2)cc1Cl,100.0,train
*c1ccc(Oc2ccc(-c3nc4cc(Oc5ccc(NC(=O)c6cc(C(=O)Nc7ccc(Oc8ccc9nc(-c%10ccc([N+](=O)[O-])cc%10)c(*)nc9c8)cc7)cc(N7C(=O)c8ccccc8C7=O)c6)cc5)ccc4nc3-c3ccc([N+](=O)[O-])cc3)cc2)cc1,305.0,train
*CCCCCOC(=O)c1ccccc1C(=O)O[Cd]OC(=O)c1ccccc1C(=O)OCCCCCOC(=O)NCCCCCCNC(=O)O*,-6.8,train
*CCCCCCCCCCCCCCNC(=O)CCCCCCCCCCCCCCCCC(=O)N*,48.0,train
*Oc1ccc(NC(=O)c2ccc(Oc3ccc(C(C)(C)c4ccc(C(C)(C)c5ccc(Oc6ccc(C(=O)Nc7ccc(Oc8ccc(C(c9ccc(*)cc9)(C(F)(F)F)C(F)(F)F)cc8)cc7)cc6)cc5)cc4)cc3)cc2)cc1,169.0,train
*OC(=O)Oc1ccc(C(C)(C)c2ccc(OC(=O)OC3CC4CC(*)CC(C3)O4)cc2)cc1,194.0,train
*Nc1ccc(Cc2ccc(NC(=O)NCCCCCCCCCCNC(*)=O)cc2)cc1,46.0,train
*CC(*)(C)C(=O)OCCCCCCC(F)(F)C(F)(F)C(F)(F)C(F)(F)C(F)(F)C(F)(F)C(F)(F)C(F)(F)C(F)(F)C(F)(F)C(F)(F)C(F)(F)F,84.0,train
*c1ccc(CC(=O)Nc2ccc(Oc3ccc(NC(=O)Cc4ccc(-c5sc(*)c(-c6ccccc6)c5-c5ccccc5)cc4)cc3)cc2)cc1,226.0,train
*CC(COC(=O)c1ccc(N2C(=O)C3C4C=CC(C4)C3C2=O)cc1)O*,62.5,train
*CCC[Si](*)(C)CCC[Si](C)(C)C,-46.0,train
*CC(=O)Nc1ccc(Oc2ccc(C(C)(C)c3ccc(Oc4ccc(NC(=O)CN5C(=O)c6ccc(C(c7ccc8c(c7)C(=O)N(*)C8=O)(C(F)(F)F)C(F)(F)F)cc6C5=O)cc4)cc3)cc2)cc1,224.0,train
*c1ccc(NC(=O)CN2C(=O)c3ccc(C(c4ccc5c(c4)C(=O)N(CC(=O)Nc4ccc(-c6nnc(*)o6)cc4)C5=O)(C(F)(F)F)C(F)(F)F)cc3C2=O)cc1,280.0,train
*O[Si](*)(C)CCCCCC,-110.85,train
*Oc1ccc(CC(NC(=O)CCc2ccc(OC(=O)CCCCCCC(*)=O)cc2)C(=O)OCCCCCC)cc1,27.0,train
*O[Si](c1ccccc1)(c1ccccc1)c1ccc(-c2ccc([Si](*)(c3ccccc3)c3ccccc3)cc2)cc1,94.0,train
*c1ccc2c(c1)C(=O)N(c1c(C)cc(C3(c4cc(C)c(N5C(=O)c6ccc(C(*)(C(F)(F)F)C(F)(F)F)cc6C5=O)c(C)c4)c4ccccc4-c4ccccc43)cc1C)C2=O,361.0,train
*CCCC1CC(=O)N(*)C(=O)C1,90.0,train
*OC(COC(=O)c1ccc(-c2ccc(C(*)=O)cc2)cc1)COc1ccc(/N=N/c2ccc(C#N)cc2)cc1,141.0,train
*C(=O)Nc1ccc(S(=O)(=O)c2ccc(N3C(=O)CC(N4C(=O)c5ccc(*)cc5C4=O)C3=O)cc2)cc1,145.0,train
*CC(*)C(=O)OCCOC(=O)c1cc([N+](=O)[O-])cc([N+](=O)[O-])c1,60.8,train
*Oc1ccc(C(C)(C)c2ccc(OC(=O)OCCCOC(*)=O)cc2)cc1,68.1,train
*CC(*)c1cc(C(=O)OCCCC)ccc1-c1ccc(OCCCCCCCC)cc1,74.0,train
*c1ccc(Oc2ccc(C(=O)c3ccc(C(=O)c4ccc(Oc5ccc(-c6cc(*)n(-c7ccccc7)n6)cc5)cc4)cc3)cc2)cc1,205.0,train
*C(=O)OCCCSCCCCSCCCOC(=O)c1ccc(N2C(=O)c3ccc(*)cc3C2=O)cc1,39.0,train
*Cc1cc(C23CC4CC(CC(C4)C2)C3)cc(CN(*)C)c1O,188.8,train
*C(=O)NNC(=O)c1ccc([Si](c2ccccc2)(c2ccccc2)c2ccc(C(=O)NNC(=O)c3ccc(*)o3)cc2)cc1,252.0,train
*Nc1cccc2c(NC(=O)Nc3cc(NC(*)=O)cc(C(=O)Nc4ccc5c(c4)C(=O)c4ccccc4C5=O)c3)cccc12,178.0,train
*c1ccc(-c2ccc(-c3ccc(-c4ccc(-c5ccc6c(c5)C(=O)N(c5ccc(Oc7ccc(N8C(=O)c9ccc(*)cc9C8=O)cc7)cc5)C6=O)cc4)cc3)cc2)cc1,244.0,train
*CCCCc1ccc(-c2c(-c3ccccc3)cc(-c3cccc(-c4cc(-c5ccccc5)c(-c5ccc(*)cc5)c(-c5ccccc5)c4-c4ccccc4)c3)c(-c3ccccc3)c2-c2ccccc2)cc1,180.0,train
*c1ccc(Oc2cc(C(C)(C)C)c(Oc3ccc(-n4c(=O)c5cc6c(=O)n(*)c(=O)c6cc5c4=O)cc3)cc2C(C)(C)C)cc1,298.0,train
*Oc1ccc(C2(c3ccc(Oc4ccc(C(=O)c5ccc(*)cc5)cc4)cc3)c3ccccc3-c3ccccc32)cc1,252.0,train
*C(=O)c1ccc(Oc2ccc(S(=O)(=O)c3ccc(Oc4ccc(C(=O)c5ccc6c(c5)C(=O)N(c5ccc(Cc7ccc(N8C(=O)c9ccc(*)cc9C8=O)cc7)cc5)C6=O)cc4)cc3)cc2)cc1,245.0,train
*/C=C/c1cc(OCC(CC)CCCC)c(/C=C/c2ccc3c4ccc(*)cc4n(CC(CC)CCCC)c3c2)cc1OCC(CC)CCCC,61.0,train
*CCCCCCCCOc1ccc(/C=C2\CCC/C(=C\c3ccc(O*)c(OC)c3)C2=O)cc1OC,72.0,train
*C(=O)Nc1cccc(Oc2ccc(C(=O)c3ccc(Oc4cccc(NC(=O)c5ccc(*)nc5)c4)cc3)cc2)c1,154.0,train
*CC(*)(C)C(=O)OCCN(CC)c1ccc(/N=N/c2ccc(OC)cc2)c(C)c1,95.0,train
*CCCCCCCCCCC(=O)Oc1ccc(-c2ccc(OC(=O)c3ccc4c(c3)C(=O)N(*)C4=O)cc2)cc1,61.0,train
*Oc1ccc(NC(=O)c2cc(NC(=O)c3ccc(OC(C)=O)cc3)cc(C(=O)Nc3ccc(*)cc3)c2)cc1,273.0,train
*c1cccc(-n2c(=O)c3cc4c(=O)n(*)c(=O)c4cc3c2=O)c1,430.0,train
*c1ccc2cc3cc(-c4sc(-c5cc(CCCCCCCCCCCC)c(*)s5)cc4CCCCCCCCCCCC)ccc3cc2c1,158.0,train
*CC1(*)OCC(c2ccccc2)O1,75.0,train
*/C=C(/*)C(CCCCCCC)[Si](C)(C)C,150.0,train
*CC/C=C(/*)CCCCCCCCCC,-53.0,train
*CCCCCCNC(=O)Cc1ccc(CC(=O)N*)cc1,95.0,train
*Nc1ccc(Cc2ccc(NC(=O)c3cc(NC(=O)c4ccncc4)cc(C(*)=O)c3)cc2)cc1,302.0,train
*CCOC(=O)Nc1ccc(C)c(NC(=O)OCCOc2cc([N+](=O)[O-])ccc2/N=N/c2cn(*)c3ccccc23)c1,150.0,train
*Oc1ccc(C(C)(C)c2ccc(Oc3ccc4c(c3)C(=O)N(N3C(=O)c5ccc(*)cc5C3=O)C4=O)cc2)cc1,216.7,train
*CCOCCOc1ccc(N/C=N/c2ccc(O*)cc2)cc1,62.0,train
*CCN(CCOC(=O)NCCCCCCNC(=O)O*)c1ccc(/N=N/c2ccc([N+](=O)[O-])cc2)c(C)c1,75.0,train
*/C=C(\C#N)C(=O)OCCCCCCCCCCOC(=O)/C(C#N)=C/c1ccc2c(c1)c1cc(*)ccc1n2CCCCCCC,59.0,train
*OC(=O)C(NC(=O)CCCCC(=O)NC(C(=O)OC1COC2C(*)COC12)C(C)CC)C(C)CC,102.0,train
*/C(F)=C(\F)C(F)(C(*)(F)F)C(F)(F)F,-3.0,train
*CCCC(=O)Nc1ccc(NC(=O)CCCN2C(=O)c3ccc(C(=O)c4ccc5c(c4)C(=O)N(*)C5=O)cc3C2=O)cc1,209.0,train
*CC(=O)Nc1ccc(Oc2ccc(NC(=O)CN3C(=O)c4ccc(C(=O)c5ccc6c(c5)C(=O)N(*)C6=O)cc4C3=O)cc2)cc1,235.0,train
*Oc1cccc(NC(=O)c2ccc(C(=O)Nc3ccc(*)cc3)cc2)c1,280.0,train
*CC(*)(C)C(=O)OCCN(CC)c1ccc(/N=N/c2ccc([N+](=O)[O-])cc2)cc1,126.0,train
*CCCCCCNC(=O)CCc1ccc(C(C)CC(=O)N*)cc1,77.0,train
*c1ccc(Sc2ccc(-c3nc4ccc(-c5ccc6nc(*)c(-c7ccccc7)nc6c5)cc4nc3-c3ccccc3)cc2)cc1,288.0,train
*c1ccc2c(c1)C(=O)N(c1ccc(Oc3ccc(N4C(=O)c5ccc(C(F)(F)C(F)(F)C(F)(F)C(F)(F)C(F)(F)C(F)(F)C(F)(F)C(*)(F)F)cc5C4=O)cc3)cc1)C2=O,186.0,train
*Oc1ccc(NC(=O)c2ccc(Oc3ccc(C(C)(C)c4ccc(C(C)(C)c5ccc(Oc6ccc(C(=O)Nc7ccc(Oc8ccc(C(C)(C)c9ccc(*)cc9)cc8)cc7)cc6)cc5)cc4)cc3)cc2)cc1,163.0,train
*Oc1ccc(C(CC)(CC)c2ccc(OC(*)=S)cc2)cc1,121.0,train
*CCCOC(=O)c1ccc(C(=O)O*)cc1,52.0,train
*CC(O)COc1ccc(C(C)(C)c2ccc(OCC(O)COc3c(C)cc(C(C)(C)c4cc(C)c(O*)c(C)c4)cc3C)cc2)cc1,100.0,train
*c1ccc(Oc2ccc(C(c3ccc(Oc4ccc(N5C(=O)c6ccc(Oc7c(C)cc(C(C)(C)c8cc(C)c(Oc9ccc%10c(c9)C(=O)N(*)C%10=O)c(C)c8)cc7C)cc6C5=O)cc4)cc3)(C(F)(F)F)C(F)(F)F)cc2)cc1,244.0,train
*CC(*)c1ccc(C(=O)N(C)C)cc1,125.0,train
*Oc1ccc(C(C)(C)c2ccc(OC(*)(Oc3ccccc3)Oc3ccccc3)cc2)cc1,92.0,train
*C#Cc1cccc(C#C[SiH2]*)c1,72.0,train
*C(=O)Oc1ccc(C2(c3ccc(OC(=O)c4ccc5c(c4)C(=O)N(c4ccc(-c6ccc(N7C(=O)c8ccc(*)cc8C7=O)cc6C)c(C)c4)C5=O)cc3)CC3CC2C2CCCC32)cc1,226.0,train
*C(=O)OCCCCCCCCOC(=O)c1ccc(N2C(=O)c3ccc(*)cc3C2=O)cc1,65.0,train
*OC(=O)C(CCSC)NC(=O)CCCCCCCCC(=O)NC(CCSC)C(=O)OC1COC2C(*)COC12,61.0,train
*c1ccc(Oc2ccc(Oc3ccc(N4C(=O)c5ccc(-c6ccc7c(c6)C(=O)N(*)C7=O)cc5C4=O)cc3)c(-c3ccccc3)c2)cc1,247.0,train
*Oc1ccc(C(=O)c2cccc(C(=O)c3ccc(*)c(C(C)C)c3)c2)cc1C,147.0,train
*CC(*)c1ccc(C(=O)CCN2CCCCC2)cc1,38.0,train
*CCCCCOC(=O)NNC(=O)CCCCCCCCC(=O)NNC(=O)O*,20.0,train
*CC(O)CN(*)c1ccc(/N=N/c2ccc([N+](=O)[O-])cc2C)cc1,156.0,train
*O[Si](C)(C)CCC/N=C1\C=C(O)/C(=N\CCC[Si](*)(C)C)C=C1O,70.34,train
*c1ccc(*)c(C(=O)c2ccccc2)c1,180.0,train
*CCCNC(=O)CCCCC(=O)NCCCO*,34.0,train
*Oc1ccc(CC(NC(=O)CCc2ccc(OC(=O)CCCC(*)=O)cc2)C(=O)OCCCC)cc1,56.0,train
*CCCCOC(=O)c1ccc(-c2ccc(-c3ccc(C(=O)O*)cc3)cc2)cc1,180.0,train
*c1ccc(Sc2cccc(Sc3ccc(S(*)=O)cc3)c2)cc1,121.0,train
*Oc1ccc(OC(=O)c2ccc(OCCCCCCCCOc3ccc(C(*)=O)cc3)cc2)cc1C(=O)CC,70.0,train
*Oc1ccc(S(=O)(=O)c2ccc(-c3ccc(S(=O)(=O)c4ccc(Oc5ccc(-c6ccc(-c7ccc(*)cc7)cc6)cc5)cc4)cc3)cc2)cc1,263.0,train
*Nc1ccc(NC(=O)c2ccc(C(=O)c3ccc(C(*)=O)c(C(=O)OCC)c3)cc2C(=O)OCC)cc1,275.0,train
*CC(C)(C)COC(=O)NC(=O)c1ccc(C(=O)NC(=O)O*)cc1,102.0,train
*CCCC(=O)Nc1ccc(Oc2cccc(NC(=O)CCCN3C(=O)c4ccc(C(=O)c5ccc6c(c5)C(=O)N(*)C6=O)cc4C3=O)c2)cc1,188.0,train
*CC(*)C(C)C,60.0,train
*c1ccc(Oc2ccc(C3(c4ccc(Oc5ccc(-c6nnc(*)c7c(-c8ccc(F)cc8)c(-c8ccc(F)cc8)c(-c8ccc(F)cc8)c(-c8ccc(F)cc8)c67)cc5)cc4)c4ccccc4-c4ccccc43)cc2)cc1,321.0,train
*CC1CCCC(CN2C(=O)c3ccc(C(c4ccc5c(c4)C(=O)N(*)C5=O)(C(F)(F)F)C(F)(F)F)cc3C2=O)C1,222.0,train
*c1ccc(-c2ccc(-c3c(-c4ccccc4)nc4ccc(Oc5ccc6nc(-c7ccccc7)c(*)c(-c7ccccc7)c6c5)cc4c3-c3ccccc3)cc2)cc1,330.0,train
*C(=O)c1ccc2c(c1)C(=O)N(c1ccc(Oc3cccc(-c4cc(-c5ccccc5)cc(-c5cccc(Oc6ccc(N7C(=O)c8ccc(*)cc8C7=O)cc6)c5)n4)c3)cc1)C2=O,260.0,train
*C(C)C(*)C(=O)OC(C)C,149.0,train
*CC(*)(C)C(=O)OCCOCCOc1ccc(/N=N/c2ccc(C#N)cc2)cc1,57.0,train
*C(=O)OCCCCOC(=O)c1ccc(N2C(=O)c3ccc(*)cc3C2=O)cc1,100.5,train
*SCC(=O)N/N=C/c1ccc(OCCCCCCCCCCOc2ccc(/C=N/NC(=O)CSc3nnc(*)s3)cc2)cc1,117.0,train
*NC1CC(C)(C)CC(C)(CNC(=O)c2cc(NC(=O)C(C(C)CC)N3C(=O)c4ccccc4C3=O)cc(C(*)=O)c2)C1,128.0,train
*CCCCCCNC(=O)C(OC)C(OC)C(=O)N*,106.0,train
*c1ccc2c(c1)C(=O)N(c1cccc(Oc3ccc(Oc4cccc(N5C(=O)c6ccc(C(*)(C(F)(F)F)C(F)(F)F)cc6C5=O)c4)cc3)c1)C2=O,230.0,train
*C/C=C/c1cc(C(C)(C)c2ccc(O)c(/C=C/CC3CC(=O)N(c4ccc(Cc5ccc(N6C(=O)CC(*)C6=O)cc5)cc4)C3=O)c2)ccc1O,206.0,train
*c1ccc(-c2ccc(-c3nc4ccc(-c5ccc6nc(*)c(-c7ccccc7)c(-c7ccccc7)c6c5)cc4c(-c4ccccc4)c3-c3ccccc3)cc2)cc1,420.0,train
*Cc1ccc(C(C)c2ccc(CN3C(=O)c4ccc(Oc5ccc6c(c5)C(=O)N(*)C6=O)cc4C3=O)o2)o1,129.0,train
*c1ccc(OCC2CCC(COc3ccc(N4C(=O)c5ccc(-c6ccc7c(c6)C(=O)N(*)C7=O)cc5C4=O)cc3)CC2)cc1,254.4,train
*CCCCCCCCCCCCCCCCOC(=O)CCCCCCC(=O)O*,-26.0,train
*c1ccc(Oc2ccc(C(=O)c3ccc(Oc4ccc(C(=O)c5ccc(Oc6ccc(-c7nc(-c8ccccc8)[nH]c7*)cc6)cc5)cc4)cc3)cc2)cc1,230.0,train
*/C=C/C(C)C*,-35.0,train
*Oc1cccc(N(c2ccccc2)c2ccc(-c3ccc(N(c4ccccc4)c4cccc(OC(=O)OCCOCCOC(*)=O)c4)cc3)cc2)c1,113.0,train
*CC#CC#CCOc1cccc(C(=O)OCCN(CCOC(=O)c2cccc(O*)c2)c2ccc(/N=N/c3ccc(C#N)cc3)cc2)c1,50.0,train
*c1ccc(-c2ccc(-c3ccc(-c4ccc(-c5ccc(*)n5CCCCCCCCCCCC)s4)s3)s2)s1,54.0,train
*c1ccc(Oc2ccc(-c3ccc(Oc4ccc(-c5cnc6cc(-c7ccc8nc(*)cnc8c7)ccc6n5)cc4)cc3)cc2)cc1,213.0,train
*c1cccc(-c2nc3cc4nc(-c5ccccc5)c(*)nc4cc3nc2-c2ccccc2)c1,365.0,train
*CC(*)(C)C(=O)OCc1ccc(OCCOCCOCCOCC)c(OCCOCCOCCOCC)c1,-92.0,train
*c1cccc(Oc2ccc(P(=O)(c3ccccc3)c3ccccc3)c(Oc3cccc(N4C(=O)c5ccc(Oc6ccc(-c7ccc(Oc8ccc9c(c8)C(=O)N(*)C9=O)cc7)cc6)cc5C4=O)c3)c2)c1,227.0,train
*Nc1ccc(-c2ccc(NC(=O)c3cc(NC(=O)c4ccc(NC(=O)C(C)N5C(=O)c6ccccc6C5=O)cc4)cc(C(*)=O)c3)cc2)cc1,202.0,train
*CC(c1ccccc1)C1C(=O)NC(=O)C1*,246.0,train
*CC1CCC(COC(=O)CCC(=O)O*)CC1,-1.0,train
*CC(C)(COC(=O)O*)C(=O)OCc1ccccc1,-2.0,train
*c1ccc(Cc2ccc(N3C(=O)c4cccc5c(N6CCC(CCCC7CCN(c8ccc9c%10c(cccc8%10)C(=O)N(*)C9=O)CC7)CC6)ccc(c45)C3=O)c(C(C)(C)C)c2)cc1C(C)(C)C,202.7,train
*CC(O)CN(C)S(=O)(=O)c1ccc(-c2ccc(S(=O)(=O)N(C)CC(O)COc3ccc(O*)cc3)cc2)cc1,84.0,train
*CC(*)C(=O)Oc1ccc(/N=N/c2ccc([N+](=O)[O-])cc2)cc1,134.0,train
*Oc1ccc(/N=N/c2ccc(Cc3ccc(/N=N/c4ccc(OC(=O)c5ccc(C(*)=O)cc5)cc4)cc3[N+](=O)[O-])c([N+](=O)[O-])c2)cc1,198.0,train
*N=P(*)(OCC(COCCOCCCC)OCCOCCCC)OCC(COCCOCCCC)OCCOCCCC,-86.0,train
*OP(=O)(Oc1ccc(C(C)(C)c2ccc(*)cc2)cc1)OC1CCCCC1,86.0,train
*/C=C/C1CC(*)C(C#N)(C[Si](C)(C)C)C1,128.0,train
*O[Si](Oc1ccc(-c2ccc(*)cc2)cc1)(c1ccccc1)c1ccccc1,132.25,train
*CCCCCNC(=O)C(OC)C(OC)C(=O)N*,113.0,train
*c1ccc(*)s1,89.35,train
*Oc1ccc(C(C)(c2ccccc2)c2ccc(Oc3c(F)c(F)c(C(=O)c4c(F)c(F)c(*)c(F)c4F)c(F)c3F)cc2)cc1,175.0,train
*C(=O)c1ccc2c(c1)C(=O)N(c1ccc(C(=O)N(C)c3ccc(N4C(=O)c5ccc(*)cc5C4=O)cc3)cc1)C2=O,313.0,train
*CC(*)(C)C(=O)OCCCCn1c2ccccc2c2ccccc21,59.2,train
*CC(*)(C)C(=O)OCCC(F)(F)C(F)(F)C(F)(F)C(F)(F)C(F)(F)C(F)(F)C(F)(F)C(F)(F)F,47.0,train
*c1ccc(OC(=O)Nc2ccc(-c3ccc(NC(=O)Oc4ccc(-c5nc(-c6ccc([N+](=O)[O-])cc6)[nH]c5*)cc4)cc3OC)c(OC)c2)cc1,202.0,train
*c1ccc2c(c1)C(=O)N(c1ccc(C(c3ccc(N4C(=O)c5ccc(C(*)(C(F)(F)F)C(F)(F)F)cc5C4=O)cc3)(C(F)(F)F)C(F)(F)F)cc1)C2=O,315.1,train
*c1ccc(Oc2ccc(N3C(=O)c4cc(-c5ccc([Si](C)(C)C)cc5)c(-c5cc6c(cc5-c5ccc([Si](C)(C)C)cc5)C(=O)N(*)C6=O)cc4C3=O)cc2)cc1,348.0,train
*CC(*)C(=O)OC1CCCCCCCCCCC1,37.0,train
*c1ccc2c(c1)C(CCCCCC)(CCCCCC)c1cc(*)ccc1-2,104.0,train
*c1cccc(OCCCCCCCCCOc2cccc(N3C(=O)c4ccc(-c5ccc6c(c5)C(=O)N(*)C6=O)cc4C3=O)c2)c1,132.0,train
*c1ccc2c(c1)C(=O)N(c1ccc(S(=O)(=O)c3ccc(S(=O)(=O)c4ccc(N5C(=O)c6ccc(C(*)(C(F)(F)F)C(F)(F)F)cc6C5=O)cc4)cc3)cc1)C2=O,331.0,train
*Oc1ccc(OC(=O)c2ccc(-c3ccc(C(*)=O)cc3)cc2-c2ccccc2)cc1,140.0,train
*c1ccc(C(c2ccc(-c3nc4ccc(-c5ccc6nc(*)oc6c5)cc4o3)cc2)(C(F)(F)F)C(F)(F)F)cc1,345.0,train
*Oc1ccc(S(=O)(=O)c2ccc(Oc3ccc(Sc4ccc(*)cc4)cc3)cc2)cc1,175.0,train
*c1ccc(C(=O)Nc2ccc(NC(=O)c3ccc(Oc4ccc(-c5nn(*)c(=O)c6ccccc56)c5ccccc45)cc3)cc2)cc1,347.5,train
*Cc1ccc(CNC(=O)CC(C)(C)CC(C)C(=O)N*)cc1,125.0,train
*CC(*)(C)C(=O)OCCCCOc1ccc(OC(=O)c2ccc(OCCCCCC)cc2)cc1,34.0,train
*CC(*)c1cc(Br)ccc1OCC,80.0,train
*Oc1ccc(-c2ccc(Oc3ccc(C(=O)c4cccc5cccc(C(=O)c6ccc(*)cc6)c45)cc3)cc2)cc1,226.5,train
*c1ccc(Oc2ccc(N3C(=O)c4ccc(-c5ccc6c(c5)C(=O)N(*)C6=O)cc4C3=O)cc2)cc1,279.0,train
*Oc1ccc(C(=O)c2ccc(Oc3ccc4c(=O)n5c6cc(-c7ccc8c(c7)nc7c9ccc(*)c%10cccc(c(=O)n87)c%109)ccc6nc5c5cccc3c45)cc2)cc1,389.0,train
*Cc1cc(C(C)(C)C)cc(*)c1O,50.0,train
*CCCP(CCCCCCCC)CCCNC(=O)CCCCC(=O)N*,12.0,train
*CC(C)(CO*)COCCOCCOCCOC,-18.0,train
*CC(*)(C)C(=O)NC1C(O)OC(CO)C(O)C1O,90.5,train
*Oc1ccc(C(c2ccccc2)c2ccc(OC(*)=O)cc2C)c(C)c1,182.0,train
*c1ccc(-c2ccc(-n3c(=O)c4cc5c(=O)n(*)c(=O)c5cc4c3=O)cc2OC(F)(F)F)c(OC(F)(F)F)c1,384.0,train
*CCCCCC(Cl)C(*)Cl,-17.0,train
*c1ccc(-c2cc(-c3ccccc3)c3cc(-c4ccc5nc(*)cc(-c6ccccc6)c5c4)ccc3n2)cc1,395.0,train
*c1ccc(Oc2ccc(-c3ccc(Oc4ccc(N5C(=O)c6ccc(Oc7ccc(C8(c9ccc(Oc%10ccc%11c(c%10)C(=O)N(*)C%11=O)cc9)CCC(C(C)(C)C)CC8)cc7)cc6C5=O)cc4)cc3C)c(C)c2)cc1,236.0,train
*c1ccc(Cc2ccc(N3C(=O)CC(Nc4ccc(Cc5ccc(NC6CC(=O)N(*)C6=O)cc5)cc4)C3=O)cc2)cc1,239.0,train
*C/C=C/C[Si](*)(C)CCCOc1ccc(-c2ccccc2)cc1,10.0,train
*CC(*)c1ccc(C(=O)OCCCCCC)cc1,66.0,train
*OP(=O)(Oc1ccc(Br)cc1)Oc1ccc(S(=O)(=O)c2ccc(*)cc2)cc1,89.0,train
*CCCCCCOc1ccc(OC(=O)c2ccc(C(=O)Oc3ccc(O*)cc3)cc2)cc1,53.0,train
*c1ccc2c(c1)C(CCCCCC)(CCCCCC)c1cc(-c3cc(OCc4ccccc4)c(*)cc3OCc3ccccc3)ccc1-2,73.0,train
*C1C(=O)N(c2ccc(O[Si](C)(C)C)cc2)C(=O)C1*,172.0,train
*c1cc(C(=O)Nc2ccc(-c3nnc(*)o3)cc2)cc(N2C(=O)c3ccccc3C2=O)c1,324.0,train
*c1cccc(Oc2ccc(-c3ccc(Oc4cccc(-n5c(=O)c6cc7c(=O)n(*)c(=O)c7cc6c5=O)c4)cc3)cc2)c1,251.0,train
*CC(*)[Si](C)(C)Cc1ccccc1,-24.0,train
*CC(*)c1ccc(COCCOCCCCCCCC)cc1,-42.0,train
*CCCC(=O)O*,1.5,train
*CCCC(=O)Oc1ccc(-c2ccc(OC(=O)c3ccc4c(c3)C(=O)N(*)C4=O)cc2)cc1,132.0,train
*c1ccc(Oc2ccc(Oc3ccc(-c4cnc5ccc(-c6ccc7nc(*)cnc7c6)cc5n4)cc3)cc2)cc1,235.0,train
*CC(O)CN(*)c1cc(C)c(/N=N/c2ccc(Cl)cc2)c(C)c1,150.0,train
*CC(CCl)(CCl)CO*,6.5,train
*Oc1ccc(C(C)(C)c2ccc(OC(=O)c3ccc(C(C)(C)c4ccc(C(*)=O)cc4)cc3)cc2)cc1,230.0,train
*CC(OC)C1C(=O)OC(=O)C1*,153.5,train
*c1ccc(-c2ccc(-c3cc(-c4ccccc4)c4cc5c(-c6ccccc6)cc(*)nc5cc4n3)cc2)cc1,392.0,train
*CC(O)COC(=O)C1CCC(C(=O)OCC(O)COc2ccc(C3(c4ccc(O*)cc4)c4ccccc4-c4ccccc43)cc2)CC1,110.0,train
*[Si](*)(CCCCCC)c1ccccc1,-70.0,train
*CCCCCSS*,-72.0,train
*O[Si](*)(CCCOCCOCCOCCOCCOCCOC)CCCOCCOCCOCCOCCOCCOC,-69.7,train
*O[Si](C)(C)c1ccc2cc3cc([Si](*)(C)C)ccc3cc2c1,118.0,train
*CC(*)(C)C(=O)OCCCCCCOc1ccc(/N=N/c2ccc(OCCCCCCCCCC)cc2)cc1,110.0,train
*CC(*)(F)C(=O)OCC(F)(F)C(F)(F)C(F)(F)C(F)F,60.0,train
*Cc1ccc(CSS*)cc1,23.0,train
*CC(*)(C)C(=O)OCCCCCCOc1ccc(C(=O)Oc2ccc(C)cc2)cc1,45.0,train
*CC(*)c1cc(OC)c(O)c(OC)c1,147.0,train
*CCCCCOC(=O)c1ccc2cc(C(=O)O*)ccc2c1,58.5,train
*CCCCCCCC(*)C,-58.0,train
*c1ccc(Oc2ccc(Oc3ccc(Oc4ccc(-c5nc6ccc(-c7ccc8nc(*)c(-c9ccccc9)nc8c7)cc6nc5-c5ccccc5)cc4)cc3)cc2)cc1,263.0,train
*/C(C#N)=C/c1cc(/C=C(\C#N)c2ccc3c(c2)C(CCCCCCCC)(CCCCCCCC)c2cc(*)ccc2-3)cc(N(c2ccccc2)c2ccccc2)c1,136.0,train
*OC(COC(=O)c1ccc(C(*)=O)c(OC)c1)COc1ccc(/N=N/c2ccc(C#N)cc2)cc1,120.0,train
*CCCCCCCCOC(=O)NNC(=O)CCCCCCCCC(=O)NNC(=O)O*,38.0,train
*Oc1cccc(NC(=O)CCCCCCCC(=O)Nc2ccc(*)cc2)c1,120.0,train
*c1ccc([Si](c2ccccc2)(c2ccccc2)c2ccc(-c3nnc(-c4ccc(-c5nnc(*)o5)c5ccccc45)o3)cc2)cc1,273.0,train
*c1ccc(Nc2ccc(Nc3ccc(S(*)(=O)=O)cc3)cc2)cc1,145.0,train
*c1ccc2c(c1)C(=O)N(c1ccc(Oc3ccc(N4C(=O)c5ccc(C(*)(C(F)(F)F)C(F)(F)F)cc5C4=O)cc3)c(O)c1)C2=O,292.0,train
*c1cc(N2C(=O)c3ccc(Oc4ccc5ccc(Oc6ccc7c(c6)C(=O)N(*)C7=O)cc5c4)cc3C2=O)cc(C(F)(F)F)c1,235.0,train
*c1ccc(-c2ccc(N3C(=O)c4ccc(-c5cccc6c5C(=O)N(*)C6=O)cc4C3=O)c(C)c2)cc1C,384.0,train
*Nc1ccc(C(=O)c2ccc(NC(=O)c3ccc(C(*)=O)cc3)cc2)cc1,300.0,train
*C(*)O,134.0,train
*c1cccc(C(=O)c2c(C)cc(C)c(N3C(=O)c4ccc(-c5ccc6c(c5)C(=O)N(*)C6=O)cc4C3=O)c2C)c1,320.0,train
*Oc1cccc(NC(=O)c2ccc(C(=O)Nc3ccc(Oc4ccc(C(=O)c5ccc(*)cc5)cc4)cc3)cc2)c1,126.0,train
*c1ccc(Cc2ccc(N3C(=O)c4ccc(Oc5ccc(C6(c7ccc(Oc8ccc9c(c8)C(=O)N(*)C9=O)cc7)CCC(c7ccccc7)CC6)cc5)cc4C3=O)cc2)cc1,232.0,train
*CC(*)C(=O)OCCCOc1ccc(-c2ccc(C#N)cc2)cc1,54.25,train
*CC(*)CCI,70.0,train
*CCOP(=O)(/N=N/c1ccc(Oc2ccc(/N=N/P(=O)(O*)OCC)cc2)cc1)OCC,22.0,train
*C(=O)c1ccc2c(c1)C(=O)N(c1ccc(-c3cc(C(C)(C)C)c(Oc4ccc(N5C(=O)c6ccc(*)cc6C5=O)cc4)c(C(C)(C)C)c3)cc1)C2=O,347.5,train
*c1cccc(P(=O)(c2ccccc2)c2cccc(-n3c(=O)c4cc5c(=O)n(*)c(=O)c5c(-c5ccc(C(F)(F)F)cc5)c4c3=O)c2)c1,321.0,train
*c1ccc(Oc2ccc(C(C)(C)c3ccc(Oc4ccc(N5C(=O)c6ccc(-c7ccc8c(c7)C(=O)N(*)C8=O)cc6C5=O)cc4)cc3)cc2)cc1,230.0,train
*Oc1c(-c2ccccc2)cc(*)cc1-c1cccc(-c2ccccc2)c1-c1ccccc1,212.0,train
*CC1CCC(COP(=O)(/N=N/c2ccc(C(=O)c3ccc(/N=N/P(=O)(O*)OC)cc3)cc2)OC)CC1,52.0,train
*Oc1cc(OC(=O)c2ccc(OCCCCCCCCCCCC)cc2)c(OC(=O)CCCC(*)=O)cc1OC(=O)c1ccc(OCCCCCCCCCCCC)cc1,23.0,train
*c1c(C)cc(Cc2cc(C)c(N3C(=O)c4ccc(Oc5cc6ccccc6cc5Oc5ccc6c(c5)C(=O)N(*)C6=O)cc4C3=O)c(C)c2)cc1C,265.0,train
*c1ccc2c(c1)C(CCCCCC)(CCCCCC)c1cc(-c3cc(OCCCCCCCC)c(*)cc3OCCCCCCCC)ccc1-2,58.0,train
*CC(*)(C)C(=O)OCCCCCCCCCCOc1ccc(C#Cc2cc(C)c(/C=C/c3ccncc3)cc2C)cc1,65.4,train
*O[Si](*)(C)CCc1cc(C(=O)Oc2ccc(OCCCC)cc2)ccc1-c1ccc(C(=O)Oc2ccc(OCCCC)cc2)cc1,96.0,train
*Nc1ccc(Cc2ccc(NC(=O)c3cc(C(*)=O)cc(N4C(=O)C5CC=CCC5C4=O)c3)cc2)cc1,286.0,train
*O[Si](C)(C)c1ccc2ccc([Si](*)(C)C)cc2c1,26.0,train
*Oc1c(C)cc(C(C)(C)c2cc(C)c(OC(=O)CCCCC(*)=O)c(C)c2)cc1C,93.0,train
*c1cccc(S(=O)(=O)c2cccc(N3C(=O)c4ccc(Oc5ccc6c(c5)C(=O)N(*)C6=O)cc4C3=O)c2)c1,246.0,train
*C(=O)Nc1cccc(C(=O)c2cccc(NC(=O)c3ccc4c(c3)C(=O)N(c3ccc(-c5sc(-c6ccc(N7C(=O)c8ccc(*)cc8C7=O)cc6)c(-c6ccccc6)c5-c5ccccc5)cc3)C4=O)c2)c1,308.0,train
*CCN(*)C(=O)c1c(F)c(F)cc(F)c1F,122.0,train
*Nc1ccc(-c2ccc(NC(=O)c3cc(C(*)=O)cc(S(=O)(=O)c4ccccc4)c3)cc2)cc1,319.0,train
*CCCCCCCCOc1ccc(/C=C2\CC/C(=C\c3ccc(OCCCCCCCCOP(=O)(O*)OC)c(OC)c3)C2=O)cc1OC,73.0,train
*CCc1ccc(*)c(CCCC)c1,20.0,train
*C(=O)OCCCCCCCOC(=O)c1ccc(NC(=O)c2ccc(N3C(=O)c4ccc(*)cc4C3=O)cc2)cc1,106.0,train
*O[Si](*)(C)CC[Si](OCCOC)(OCCOC)OCCOC,28.9,train
*c1ccc2c(c1)C(=O)N(C1CCC(CC3CCC(N4C(=O)c5ccc(C(*)(C(F)(F)F)C(F)(F)F)cc5C4=O)C(C)C3)CC1C)C2=O,225.0,train
*CC(*)c1cc(C)cc(C)c1,112.0,train
*Oc1ccc(-c2ccc(NC(=O)c3cc(C(=O)Nc4ccc(-c5ccc(Oc6ccc(C(C)(C)c7ccc(*)cc7)cc6)c(C(F)(F)F)c5)cc4)cc(C(C)(C)C)c3)cc2)cc1C(F)(F)F,248.5,train
*c1cccc(OCCCCCCCCOc2cccc(N3C(=O)c4ccc(-c5ccc6c(c5)C(=O)N(*)C6=O)cc4C3=O)c2)c1,138.0,train
*c1c(C)cc(-c2cc(C)c(N3C(=O)c4ccc(Oc5cc6ccccc6cc5Oc5ccc6c(c5)C(=O)N(*)C6=O)cc4C3=O)c(C)c2)cc1C,308.0,train
*CCCCCCCCOc1ccc(C(C)(C)c2ccc(O*)cc2)cc1,19.6,train
*c1ccc(Oc2ccc(S(=O)(=O)c3ccc(Oc4ccc(-c5nc(-c6cccc(-c7nc(*)c(-c8ccccc8)[nH]7)c6)[nH]c5-c5ccccc5)cc4)cc3)cc2)cc1,292.0,train
*Oc1c(C(C)C)cc(*)cc1C(C)C,152.4,train
*Oc1cc2ccccc2cc1OC(=O)c1ccc(Oc2ccc(C(*)=O)cc2)cc1,148.0,train
*Oc1ccc(NC(=O)c2ccc([Si](C)(C)c3ccc(C(*)=O)cc3)cc2)cc1,220.0,train
*C(=O)Nc1cc(NC(=O)c2cccc(*)n2)cc(-c2nnc(-c3ccccn3)o2)c1,255.0,train
*C(=O)Nc1ccc(Oc2ccccc2-c2ccccc2Oc2ccc(NC(=O)c3ccc4c(c3)C(=O)N(c3ccc(Oc5ccccc5-c5ccccc5Oc5ccc(N6C(=O)c7ccc(*)cc7C6=O)cc5)cc3)C4=O)cc2)cc1,227.0,train
*c1ccc(Oc2ccc(P(=O)(c3ccccc3)c3ccc(Oc4ccc(-c5cc(*)n(-c6ccccc6)n5)cc4)cc3)cc2)cc1,239.0,train
*c1ccc2nc(-c3ccc4c(c3)C(=O)N(c3cc(C(*)(C(F)(F)F)C(F)(F)F)ccc3O)C4=O)oc2c1,329.0,train
*CC(*)c1ccc(COCCC(F)(F)C(F)(F)C(F)(F)C(F)(F)C(F)(F)C(F)(F)C(F)(F)C(F)(F)F)cc1,55.0,train
*CC(*)c1ccc(C(F)(F)C(F)(F)C(F)(F)C(F)(F)C(F)(F)C(F)(F)C(F)(F)F)cc1,42.0,train
*O[Si](C)(C)CC[Si](*)(C)O[Si](C)(C)C,-89.0,train
*CC(*)(C)C(=O)OCCCCCCCCCCOc1ccc2cc(C(=O)Oc3ccccc3)ccc2c1,24.0,train
*c1ccc(Oc2ccc(C(C)(C)c3ccc(Oc4ccc(-c5nnc(*)n5-c5ccc(C)cc5)cc4)cc3)cc2)cc1,205.0,train
*CC(*)OC(=O)c1ccc(Br)cc1,85.5,train
*c1cccc(NC(=O)c2ccc(OCCOCCOCCOc3ccc(C(=O)Nc4ccc5[nH]c(*)nc5c4)cc3)cc2)c1,180.0,train
*/C=C/c1ccc(N(CC)Cc2ccccc2CN(CC)c2ccc(/C=C/c3ccc(/C=C(\C#N)S(=O)(=O)/C(C#N)=C/c4ccc(*)s4)s3)cc2)cc1,178.0,train
*Nc1ccc(Cc2ccc(NC(=O)c3ccc(C(*)=O)cc3)cc2)cc1,294.5,train
*/C(C#N)=C(\C#N)N1C(=O)c2ccc(C(=O)c3ccc(-c4ccc5c(c4)C(=O)N(*)C5=O)cc3)cc2C1=O,249.0,train
*c1ccc(-c2nc3cc(S(=O)(=O)c4ccc5nc(-c6ccccc6)c(-c6ccc(-n7c(=O)c8cc9c(=O)n(*)c(=O)c9cc8c7=O)cc6)nc5c4)ccc3nc2-c2ccccc2)cc1,186.0,train
*CC(=O)NCCCCCCNC(=O)COC(=O)CCCCCCC(=O)O*,8.0,train
*Cc1c(C)c(C)c(CNC(=O)CCCCCC(C)CC(=O)N*)c(C)c1C,211.0,train
*CCCCCCOc1ccc(/C=C2\CC/C(=C\c3ccc(OCCCCCCOP(=O)(O*)OCC)c(OC)c3)C2=O)cc1OC,75.0,train
*c1ccc(Oc2ccc(C(=O)c3cccc(C(=O)c4ccc(Oc5ccc(N6C(=O)c7ccc(-c8ccc9c(c8)C(=O)N(*)C9=O)cc7C6=O)cc5)cc4)c3)cc2)cc1,222.0,train
*Oc1ccc(C(c2ccc(Oc3ccc(C(=O)C(=O)c4ccc(*)cc4)cc3)cc2)(C(F)(F)F)C(F)(F)F)cc1,162.0,train
*c1ccc(C(=O)NC(CC)COC(=O)c2ccc(N3C(=O)CC(SCCCCCSC4CC(=O)N(*)C4=O)C3=O)cc2)cc1,91.0,train
*c1ccc(-c2cc(-c3ccc(-c4ccccc4)cc3)cc(-c3ccc(N4C(=O)c5ccc(NC(=O)Nc6ccc(-c7cc(-c8ccc(-c9ccccc9)cc8)cc(-c8ccc(NC(=O)Nc9ccc%10c(c9)C(=O)N(*)C%10=O)cc8)n7)cc6)cc5C4=O)cc3)n2)cc1,272.0,train
*Oc1ccc(CC(NC(=O)CCc2ccc(OC(=O)CCC(*)=O)cc2)C(=O)OCC(C)C)cc1,75.0,train
*CC(CCC)C(CCC)COC(=O)c1ccc(C(=O)O*)cc1,30.0,train
*CC(*)c1cc(-c2ccc(C(=O)OC3CC(C)CCC3C(C)C)cc2)ccc1-c1ccc(C(=O)OC2CC(C)CCC2C(C)C)cc1,217.5,train
*c1ccc(Oc2cccc(Oc3ccc(-n4c(=O)c5cc6c(=O)n(*)c(=O)c6cc5c4=O)cc3)c2)cc1,326.0,train
*Oc1ccc(/C=N/N=C/c2ccc(Oc3ccc(C(c4ccc(*)cc4)(C(F)(F)F)C(F)(F)F)cc3)cc2)cc1,162.0,train
*O[Si](C)(C)c1ccc([Si](*)(C)C)cc1,-18.0,train
*Oc1ccc(-c2ccc(Oc3c(F)c(F)c(COC(c4cccc(C(OCc5c(F)c(F)c(*)c(F)c5F)(C(F)(F)F)C(F)(F)F)c4)(C(F)(F)F)C(F)(F)F)c(F)c3F)cc2)cc1,110.0,train
*CCC[Si](*)(C)C[Si](C)(C)C,-51.0,train
*CC(CS(C)(=O)=O)O*,85.0,train
*Oc1ccc(OC(=O)c2cc(OCCCCCOCC3CCCN3c3ccc([N+](=O)[O-])cc3)c(C(*)=O)cc2OCCCCCOCC2CCCN2c2ccc([N+](=O)[O-])cc2)cc1,63.0,train
*CC(CC)(CO*)COC(=O)C(=C)C,40.0,train
*c1ccc(Oc2ccc(N3C(=O)c4ccc(S(=O)(=O)c5ccc6c(c5)C(=O)N(*)C6=O)cc4C3=O)cc2Br)c(Br)c1,281.0,train
*c1ccc(Oc2ccc(C(=O)c3ccc(Oc4ccc(-c5c6c(c(*)c7ccccc57)C(=O)N(c5ccc(Cl)cc5)C6=O)cc4)cc3)cc2)cc1,272.0,train
*O[Si](C)(C)c1cccc(C(F)(F)C(F)(F)C(F)(F)c2cccc([Si](*)(C)C)c2)c1,-8.0,train
*C(=O)Nc1cc(NC(=O)c2cncc(*)c2)cc(-c2nnc(-c3ccccn3)o2)c1,185.0,train
*Oc1ccc(-c2ccc(OC3(F)C(*)(F)C(F)(F)C3(F)F)cc2)cc1,161.0,train
*C/C=C/CS(*)(=O)=O,86.0,train
*CCSSSSCCO*,-40.0,train
*C(=O)Nc1cccc(S(=O)(=O)c2cccc(NC(=O)c3ccc4c(c3)C(=O)N(c3cc(-c5nnc(-c6ccccn6)o5)cc(N5C(=O)c6ccc(*)cc6C5=O)c3)C4=O)c2)c1,173.0,train
*Cc1ccccc1[Si](*)(C)c1ccccc1,93.8,train
*CN1C(=O)c2ccc(C(c3ccc4c(c3)C(=O)N(Cc3nnc(-c5ccc(-c6nnc(*)o6)cc5)o3)C4=O)(C(F)(F)F)C(F)(F)F)cc2C1=O,214.0,train
*CC(*)OC(=O)c1ccc(CC)cc1,57.0,train
*c1ccc(-c2sc(-c3ccc(-n4c(=O)c5cc6c(=O)n(*)c(=O)c6cc5c4=O)cc3)c(-c3ccccc3)c2-c2ccccc2)cc1,460.0,train
*Oc1ccc(C(=O)c2cccc(NC(=O)c3ccc(C(=O)Nc4cccc(C(=O)c5ccc(*)cc5)c4)cc3)c2)cc1,189.0,train
*Nc1ccc(Oc2ccc(Nc3ccc4c(c3)c3cc(*)ccc3n4CC(CC)CCCC)cc2)cc1,220.0,train
*c1ccc2c(c1)C(=O)N(c1cccc(C(O)c3cccc(N4C(=O)c5ccc(C(*)(C(F)(F)F)C(F)(F)F)cc5C4=O)c3)c1)C2=O,262.0,train
*c1ccc(-c2cc(-c3ccc(-c4ccccc4)cc3)cc(-c3ccc(N4C(=O)c5ccc(NC(=O)Nc6ccc(Oc7ccccc7-c7ccccc7Oc7ccc(NC(=O)Nc8ccc9c(c8)C(=O)N(*)C9=O)cc7)cc6)cc5C4=O)cc3)n2)cc1,249.0,train
*C(=O)Oc1ccc(C(C)(C)c2ccc(OC(=O)c3ccc4c(c3)C(=O)N(c3ccc(-c5ccc(N6C(=O)c7ccc(*)cc7C6=O)cc5C)c(C)c3)C4=O)cc2)cc1,166.0,train
*OC1CCCCC1OC(*)=O,117.3,train
*c1ccc(Oc2ccc(N3C(=O)c4ccc(Oc5ccc(Oc6ccc(Oc7ccc8c(c7)C(=O)N(*)C8=O)cc6)cc5)cc4C3=O)cc2)cc1,215.0,train
*Nc1ccc(C(C)(C)c2ccc(NC(=O)c3cc(C(*)=O)cc(N4C(=O)C=CC4=O)c3)cc2)cc1,303.0,train
*CC(*)(F)C(=O)OCC(F)(F)C(F)(F)F,99.0,train
*/C=C/CCCCCCC(Cl)CCCCCC*,-57.0,train
*N=P(*)(CC)c1ccccc1,20.0,train
*CCCCCCC(=O)Oc1ccc(OC(=O)c2ccc3c(c2)C(=O)N(*)C3=O)c(C)c1,57.21,train
*CCN(*)C(=O)c1ccccc1,111.0,train
*CC(O)COc1ccc(C(C)(C)c2ccc(OCC(O)COc3cccc(C(=O)Nc4cccc(O*)c4)c3)cc2)cc1,117.0,train
*CC(*)C(=O)Oc1ccc(Cl)cc1,330.0,train
*C(=O)c1ccc2c(c1)C(=O)N(c1c(C)cc(C)c(N3C(=O)c4ccc(*)cc4C3=O)c1C)C2=O,410.0,train
*C(=O)c1ccc2c(c1)C(=O)N(c1ccc(C(=O)c3ccc(Cc4ccc(C(=O)c5ccc(N6C(=O)c7ccc(*)cc7C6=O)cc5)cc4)cc3)cc1)C2=O,285.5,train
*Oc1c(Cl)cc(*)cc1Br,188.5,train
*Oc1ccc(S(=O)(=O)c2ccc(Oc3ccc(C(=C)c4ccc(*)cc4)cc3)cc2)cc1,167.0,train
*CC(*)c1c(Cl)cccc1Cl,165.0,train
*c1ccc(Oc2ccc(-n3c(=O)c4c(Oc5ccc(OC)cc5)c5c(=O)n(*)c(=O)c5c(Oc5ccc(OC)cc5)c4c3=O)cc2)cc1,303.5,train
*c1ccc(-c2ccc(-c3nc4ccc(-c5ccc6nc(*)c(-c7ccccc7)nc6c5)cc4nc3-c3ccccc3)cc2)cc1,404.0,train
*NC1CCC(CC2CCC(NC(=O)CCCCCCCCCCC(*)=O)CC2)CC1,142.0,train
*Oc1c(Cl)cc(C2(c3cc(Cl)c(OC(*)=O)c(Cl)c3)CC3CC2C2CCCC32)cc1Cl,281.0,train
*c1cccc(P(=O)(c2ccccc2)c2cccc(-n3c(=O)c4c(-c5cc(C(F)(F)F)cc(C(F)(F)F)c5)c5c(=O)n(*)c(=O)c5c(-c5cc(C(F)(F)F)cc(C(F)(F)F)c5)c4c3=O)c2)c1,324.0,train
*/C=C/C1CC(*)C2C3CCC(C3)C12,207.4,train
*CC(=O)OC(=O)COc1ccc(C(C)(C)c2ccc(O*)cc2)cc1,105.0,train
*c1ccc(Oc2ccc(N3C(=O)c4cccc(Oc5ccc(Oc6cccc7c6C(=O)N(*)C7=O)cc5)c4C3=O)cc2)cc1,263.0,train
*CC(*)(C)C(=O)Oc1ccc2c(c1)CCC2,113.5,train
*CCOc1ccc(S(=O)(=O)c2ccc(OCCOP(=O)(O*)Oc3ccc(C)cc3)cc2)cc1,46.0,train
*Oc1ccc(C2(c3ccc(OC(=O)c4ccc(C(*)=O)cc4)cc3)CCCCC2)cc1,275.0,train
*CCCCCCCCCCOC(=O)CCCCCCCCCCCCCCCCC(=O)O*,-17.0,train
*OC1C(COC(C)=O)OC(*)C(OC(C)=O)C1OC(C)=O,178.0,train
*CCCCCCCCO*,-13.0,train
*c1ccc(Oc2ccc3ccccc3c2-c2c(Oc3ccc(N4C(=O)c5ccc(NC(=O)Nc6cccc7c(NC(=O)Nc8ccc9c(c8)C(=O)N(*)C9=O)cccc67)cc5C4=O)cc3)ccc3ccccc23)cc1,297.0,train
*O[Si](*)(C)CCCOc1ccc(C(=O)Oc2ccc(C#N)cc2)cc1,57.0,train
*Oc1ccc(S(=O)(=O)c2ccc(Oc3ccc(/C=C4\CCC/C(=C\c5ccc(Oc6ccc(S(=O)(=O)c7ccc(Oc8ccc(C(C)(C)c9ccc(*)cc9)cc8)cc7)cc6)cc5)C4=O)cc3)cc2)cc1,194.0,train
*Oc1ccc(C(C)(CC(C)C)c2ccc(OC(*)=S)cc2)cc1,128.0,train
*CC(*)n1c2ccccc2c2ccccc21,225.0,train
*CCCCCCCCCCc1nc2ccc(-c3ccc4nc(*)oc4c3)cc2o1,64.0,train
*/C(=C(/*)c1cccc([Si](C)(C)C)c1)c1ccccc1,200.0,train
*Oc1ccc(-c2ccc(OC(=O)c3cc(OCCCCCC)c(C(*)=O)cc3OCCCCCC)cc2)cc1,113.0,train
*CCCCCCCCc1nc2ccc(-c3ccc4nc(*)oc4c3)cc2o1,223.5,train
*Oc1ccc(/N=N/c2c(C)cc(Cc3cc(C)c(/N=N/c4ccc(OC(=O)c5ccc(C(*)=O)cc5)cc4)c(C)c3[N+](=O)[O-])c([N+](=O)[O-])c2C)cc1,203.0,train
*c1ccc(-c2sc(-c3cc(SCCCCCCCC)c(*)s3)cc2SCCCCCCCC)cc1,55.3,train
*c1ccc(Oc2ccc(C(=O)c3ccc(Oc4ccc(-c5nc(-c6ccccc6)[nH]c5*)cc4)cc3)cc2)cc1,259.0,train
*CC(*)OCCCCC,-66.0,train
*Oc1ccc(S(=O)(=O)c2ccc(Oc3ccc(NC(=O)c4cc(NC(=O)c5ccc(OC(C)=O)cc5)cc(C(=O)Nc5ccc(*)cc5)c4)cc3)cc2)cc1,263.0,train
*Nc1ccc(Cc2ccc(NC(=O)c3cc(NC(=O)C(C(C)CC)N4C(=O)c5ccccc5C4=O)cc(C(*)=O)c3)cc2)cc1,195.0,train
*c1ccc(Sc2ccc(Sc3ccc(Sc4ccc(N5C(=O)c6ccc(-c7ccc8c(c7)C(=O)N(*)C8=O)cc6C5=O)cc4)cc3)cc2)cc1,227.1,train
*c1cccc(C(O)c2cccc(N3C(=O)c4ccc(Oc5ccc6c(c5)C(=O)N(*)C6=O)cc4C3=O)c2)c1,252.0,train
*C(=O)c1ccc2c(c1)C(=O)N(c1ccc(C(=O)c3ccc(C(=O)c4ccc(N5C(=O)c6ccc(*)cc6C5=O)cc4)cc3)cc1)C2=O,286.0,train
*c1cccc(OCCCCCCCCCOc2cccc(N3C(=O)c4ccc(-c5cccc6c5C(=O)N(*)C6=O)cc4C3=O)c2)c1,134.0,train
*C1C(*)C2CC1C(C(=O)OCCCc1ccccc1)C2C(=O)OCCCc1ccccc1,200.0,train
*c1ccc(Oc2ccc(Oc3ccc(N4C(=O)c5ccc(Oc6ccc7c(c6)C(=O)N(*)C7=O)cc5C4=O)cc3)cc2)cc1,238.0,train
*C(=O)Nc1ccc(Oc2ccc(S(=O)(=O)c3ccc(Oc4ccc(NC(=O)c5ccc6c(c5)C(=O)N(c5ccc(Oc7ccc(C8(c9ccc(Oc%10ccc(N%11C(=O)c%12ccc(*)cc%12C%11=O)cc%10)cc9)NC(=O)c9ccccc98)cc7)cc5)C6=O)cc4)cc3)cc2)cc1,302.0,train
*C(=O)c1ccc2c(c1)C(=O)N(c1cccc(C#Cc3cccc(N4C(=O)c5ccc(*)cc5C4=O)c3)c1)C2=O,294.0,train
*c1ccc(C(=O)Nc2ccc(-n3c(=O)c4cc5c(=O)n(*)c(=O)c5cc4c3=O)cc2C(=O)OCC)cc1,340.0,train
*Oc1ccc(-c2ccc(Oc3ccc(C(=O)c4ccc(C(=O)c5ccc(*)c(C(F)(F)F)c5)cc4)cc3C(F)(F)F)cc2)cc1,187.0,train
*CC(OC1CCCCC1)C1C(=O)OC(=O)C1*,201.0,train
*c1ccc(Oc2ccc(C3(c4ccc(Oc5ccc(N6C(=O)c7ccc(Oc8ccc(C9(c%10ccc(Oc%11ccc%12c(c%11)C(=O)N(*)C%12=O)cc%10)CCC(C(C)(C)C)CC9)cc8)cc7C6=O)cc5)cc4)C4CC5CC(C4)CC3C5)cc2)cc1,266.0,train
*c1ccc(Oc2ccc(-c3cnc4cc(-c5ccc6nc(*)cnc6c5)ccc4n3)cc2)cc1,334.0,train
*c1ccc2c(c1)C(=O)N(c1ccc(OCCN(CCOc3ccc(N4C(=O)c5ccc(C(*)(C(F)(F)F)C(F)(F)F)cc5C4=O)cc3)c3ccccc3)cc1)C2=O,170.0,train
*c1ccc2c(c1)C(=O)N(c1cc(OCCCCCCCCCCCC)cc(N3C(=O)c4ccc(C(*)(C(F)(F)F)C(F)(F)F)cc4C3=O)c1)C2=O,165.0,train
*Nc1ccc(Cc2ccc(NC(=O)c3cc(C(*)=O)cc(N4C(=O)C=CC4=O)c3)cc2)cc1,287.0,train
*Oc1ccc(NC(=O)Nc2cc(NC(=O)Nc3ccc(*)cc3)ccc2C)cc1,269.0,train
*CCC(C)(C)C(*)(C)C,87.0,train
*c1ccc(Oc2ccc(Oc3ccc(Oc4ccc(-c5cnc6ccc(-c7ccc8nc(*)cnc8c7)cc6n5)cc4)cc3)cc2)cc1,216.0,train
*/C=C/c1cc(OCCCC)c(*)cc1OC,65.0,train
*Oc1cccc2ccc(Oc3ccc(NC(=O)c4ccc(Oc5cccc(Oc6ccc(C(=O)Nc7ccc(*)cc7)cc6)c5)cc4)cc3)cc12,196.0,train
*CCCCCCOc1ccc(/C=C/c2ccc(O*)cc2)cc1,76.0,train
*c1ccc(Oc2ccc(-n3c(=O)c4cc5c(=O)n(*)c(=O)c5cc4c3=O)cc2)cc1,385.0,train
*Oc1ccc(Oc2ccc(C(=O)c3ccc(*)cc3)cc2)cc1-c1ccccc1,157.0,train
*Oc1ccc(S(=O)(=O)c2ccc(Oc3ccc(/C=C4\CCCC/C(=C\c5ccc(*)cc5)C4=O)cc3)cc2)cc1,186.0,train
*Oc1cccc(OC(=O)c2ccc([Si](C)(C)c3ccc(C(*)=O)cc3)cc2)c1,134.0,train
*CCN(CCOC(=O)c1ccc(C(=O)O*)c(OCCC)c1)c1ccc(/N=N/c2nc(C#N)c(C#N)[nH]2)cc1,152.0,train
*Oc1ccc(C2(c3ccc(OC(*)=O)cc3)CCCCCC2)cc1,155.0,train
*C(=O)Nc1ccc(C2(c3ccc(N4C(=O)c5ccc(*)cc5C4=O)cc3)CCC(C(C)(C)CC)CC2)cc1,342.0,train
*c1ccc(C(c2ccccc2)(c2ccc(-n3c(=O)c4cc5c(=O)n(*)c(=O)c5cc4c3=O)cc2)C(F)(F)F)cc1,436.0,train
*CCCC(=O)Nc1ccc(Cc2ccc(NC(=O)CCCN3C(=O)c4ccc(C(=O)c5ccc6c(c5)C(=O)N(*)C6=O)cc4C3=O)cc2)cc1,195.0,train
*Oc1c(F)c(F)c(Sc2c(F)c(F)c(Oc3ccc(C(c4ccc(*)cc4)(C(F)(F)F)C(F)(F)F)cc3)c(F)c2F)c(F)c1F,141.5,train
*CCOCCOCCOCCOCCOC(=O)CCSCCC(=O)O*,-39.0,train
*N=P(*)(Oc1ccc(C)cc1)n1cncn1,73.25,train
*CC1CC2CC1C1CCC(CN3C(=O)c4ccc(Oc5ccc6c(c5)C(=O)N(*)C6=O)cc4C3=O)C21,201.0,train
*Oc1ccc(C(c2ccc(Oc3ccc(C(=O)c4cc(C(=O)c5ccc(*)cc5)cc(C(C)(C)C)c4)cc3)cc2)(C(F)(F)F)C(F)(F)F)cc1,181.0,train
*CC1CCC(COP(=O)(/N=N/c2ccc(Oc3ccc(/N=N/P(=O)(O*)OC)cc3)cc2)OC)CC1,50.0,train
*c1cccc(-c2ccc3[nH]c(S(=O)(=O)c4nc5ccc(*)cc5[nH]4)nc3c2)c1,290.0,train
*c1ccc(Oc2ccc(-c3ccc4nc(Oc5cc(-c6ccccc6)c6cc(*)ccc6n5)cc(-c5ccccc5)c4c3)cc2)cc1,268.5,train
*CCCNC(=O)C(OC)C(OC)C(=O)N*,123.0,train
*c1cccc(N2C(=O)c3ccc(P(=O)(c4ccccc4)c4ccc5c(c4)C(=O)N(*)C5=O)cc3C2=O)c1,323.0,train
*O[Si](C)(C)O[Si](C)(C)O[Si](C)(C)O[Si](C)(C)O[Si](C)(C)OC(C)CCCCC(*)C,-104.0,train
*Oc1ccc(C2(c3ccc(OC(=O)CCC(*)=O)cc3)c3cc(OC)ccc3-c3ccc([N+](=O)[O-])cc32)cc1,230.0,train
*Nc1ccc(Cc2ccc(NC(=O)c3cc(NC(=O)c4ccccc4)cc(C(*)=O)c3)cc2)cc1,285.0,train
*c1ccc(S(=O)(=O)c2ccc(NC(=O)c3cccc(C(=O)Nc4ccc(S(=O)(=O)c5ccc(-n6c(=O)c7cc8c(=O)n(*)c(=O)c8cc7c6=O)cc5)cc4)c3)cc2)cc1,286.0,train
*C(=O)Nc1ccc(C(c2ccc(NC(=O)c3ccc(N4C(=O)c5ccc(*)cc5C4=O)cc3C)cc2)(C(F)(F)F)C(F)(F)F)cc1,355.0,train
*CC(O)COc1ccc(S(=O)(=O)c2ccc(O*)cc2)cc1,167.5,train
*OC(C)COC(=O)c1ccccc1C(*)=O,95.0,train
*CCCCCCOC(=O)OCCCCCCN1C(=O)c2ccc(-c3ccc(-c4ccc5c(c4)C(=O)N(*)C5=O)cc3)cc2C1=O,73.0,train
*C(=O)c1ccc2c(c1)C(=O)N(c1cccc(Nc3ncnc(Nc4cccc(N5C(=O)c6ccc(*)cc6C5=O)c4)n3)c1)C2=O,290.0,train
*CC(*)C(=O)Nc1ccc(C(=O)/C=C/c2ccc(Br)cc2)cc1,64.0,train
*c1ccc(-c2ccc(N(*)c3ccc(CCCC)cc3)cc2)cc1,180.0,train
*CCCCCCCCOc1c(OC)cc(/C=C/c2ccc(/C=C/c3ccc(/C=C/c4cc(OC)c(O*)c(OC)c4)cc3)cc2)cc1OC,78.7,train
*CCCCOC(=O)Nc1ccc(-c2ccc(NC(=O)OCCCCn3c4ccccc4c4cc(/C=C(\C#N)C(=O)OCCCCCCOC(=O)/C(C#N)=C/c5ccc6c(c5)c5ccccc5n6*)ccc43)c(C)c2)cc1C,113.0,train
*c1ccc(Oc2ccc(N3C(=O)c4ccc([Si](C)(C)c5ccc6c(c5)C(=O)N(*)C6=O)cc4C3=O)cc2)cc1,274.0,train
*c1ccc(Oc2ccc(S(=O)(=O)c3ccc(Oc4ccc(N5C(=O)c6ccc(S(=O)(=O)c7ccc8c(c7)C(=O)N(*)C8=O)cc6C5=O)cc4)cc3)cc2)cc1,274.0,train
*CC(*)c1c(F)c(F)c(OC)c(F)c1F,94.0,train
*CCOCCOCCOC(=O)CCSCCC(=O)O*,-35.0,train
*c1ccc2c(c1)C(=O)N(c1cccc(NC(=O)C(F)(F)C(F)(F)C(F)(F)C(F)(F)C(=O)Nc3cccc(N4C(=O)c5ccc(C(*)(C(F)(F)F)C(F)(F)F)cc5C4=O)c3)c1)C2=O,232.0,train
*O[Si](C)(CCC(F)(F)F)CCC(F)(F)C(F)(F)CC[Si](*)(C)CCC(F)(F)F,-27.0,train
*Nc1ccc(Cc2ccc(NC(=O)c3cc(C(*)=O)cc(S(=O)(=O)c4ccccc4)c3)cc2)cc1,270.0,train
*c1ccc2c(c1)C(=O)N(c1ccc(Oc3ccc(N4C(=O)c5ccc(C(F)(F)C(F)(F)C(*)(F)F)cc5C4=O)cc3)cc1)C2=O,222.0,train
*c1c(C)cc(-c2cc(C)c(N3C(=O)c4ccc(-c5ccc6c(c5)C(=O)N(*)C6=O)cc4C3=O)c(C)c2)cc1C,285.0,train
*c1ccc(C(C#N)(C(=O)OCC)C(*)(C#N)C(=O)OCC)cc1,108.0,train
*/C(C#N)=C/c1cc(OCCCCCCCCCC)c(/C=C(\C#N)c2cc(OCCCCCCCCCC)c(*)cc2OC)cc1OC,198.0,train
*CCOCCOCCOC(=O)c1cc(/N=N/c2ccc(OCC)cc2)ccc1-c1ccc(/N=N/c2ccc(OCC)cc2)cc1C(=O)O*,65.0,train
*c1cc(C(=O)OCCCC)cc(N2C(=O)CC(C3Cc4ccccc4C4C(=O)N(*)C(=O)C43)C2=O)c1,219.0,train
*CC(c1ccccc1)C1C(=O)N(CCCN(CC)c2ccc(/N=N/c3ccc([N+](=O)[O-])cc3Cl)c(C)c2)C(=O)C1*,149.0,train
*Nc1ccc(C(c2ccc(NC(=O)c3cccc(C(*)=O)c3)cc2)(C(F)(F)F)C(F)(F)F)cc1,272.0,train
*CC(*)(C)C(=O)Oc1ccc(-c2nnc(-c3ccc(C(C)(C)C)cc3)o2)cc1,156.0,train
*c1ccc([Si](c2ccccc2)(c2ccccc2)c2ccc(-c3nnc(*)o3)cc2)cc1,262.0,train
*CCCCCCCCCCCCCCCCOC(=O)Nc1ccc(Cc2ccc(NC(=O)O*)cc2)cc1,40.0,train
*c1ccc(-c2ccc(-c3c(-c4ccccc4)nc4ccc(-c5ccc6nc(-c7ccccc7)c(*)c(-c7ccccc7)c6c5)cc4c3-c3ccccc3)cc2)cc1,405.0,train
*CC(*)(C)C(=O)OCCCCCCOc1ccc(C(=O)Oc2ccc3ccc(=O)oc3c2)cc1,102.0,train
*CC(*)(C)C(=O)OCCCCCCCCCCOc1ccc(/N=N/c2ccc(C3OCC4(CO3)CC3C=CC4C3)cc2)cc1,103.2,train
*c1cccc(P(C)(=O)c2cccc(N3C(=O)c4ccc(Oc5ccc(C(C)(C)c6ccc(Oc7ccc8c(c7)C(=O)N(*)C8=O)cc6)cc5)cc4C3=O)c2)c1,228.0,train
*Oc1ccc(S(=O)(=O)c2ccc(Oc3ccc(-c4ccc(*)cc4)cc3)cc2N)c(N)c1,242.2,train
*CCCCCCOC(=O)OCCOC(=O)OCCCCCCOc1ccc(C(=O)c2ccc(O*)cc2)cc1,15.0,train
*C(=O)c1ccc2c(c1)C(=O)N(c1ccc(Cc3ccc(C(=O)c4ccc(N5C(=O)c6ccc(*)cc6C5=O)cc4)cc3)cc1)C2=O,307.0,train
*c1ccc(N2C(=O)c3c(c(-c4ccccc4)c(-c4ccc(-c5c(-c6ccccc6)c6c(c(-c7ccccc7)c5-c5ccccc5)C(=O)N(*)C6=O)cc4)c(-c4ccccc4)c3-c3ccccc3)C2=O)cc1,466.0,train
*N=P(*)(Oc1ccc(C(C)(C)C)cc1)Oc1ccc(C(C)(C)C)cc1,57.0,train
*CC(C)(CC)CS*,-50.0,train
*OC(COC(=O)c1ccccc1C(*)=O)COc1ccc(/N=N/c2ccc(C#N)cc2)cc1,105.0,train
*Oc1cccc(Oc2cccc(*)n2)c1,82.0,train
*c1ccc(-n2c(=O)c3cc4c(=O)n(*)c(=O)c4cc3c2=O)cc1,417.0,train
*O[Si](*)(C)CCCC(=O)OCC,-82.0,train
*c1ccc(-c2cc(C(C)(C)C)c(Oc3ccc(N4C(=O)c5ccc(Oc6ccc7c(c6)C(=O)N(*)C7=O)cc5C4=O)cc3)c(C(C)(C)C)c2)cc1,342.0,train
*OC(COCCCC)COC(*)=O,-22.0,train
*C(=O)c1ccc2c(c1)C(=O)N(c1ccc(Oc3ccc(C(C)(C)c4ccc(Oc5ccc(N6C(=O)c7ccc(*)cc7C6=O)cc5)cc4)cc3)cc1)C2=O,306.0,train
*C(=O)Nc1ccc(Oc2ccc(-c3ccc(Oc4ccc(NC(=O)c5ccc6c(c5)C(=O)N(c5ccc(Oc7ccc(C(C)(C)c8ccc(Oc9ccc(N%10C(=O)c%11ccc(*)cc%11C%10=O)cc9)cc8)cc7)cc5)C6=O)cc4)cc3)cc2)cc1,283.0,train
*c1ccc(C(=O)OCCCCCCCCCCCCOC(=O)c2ccc(-c3nnc(*)s3)cc2)cc1,68.0,train
*C(=O)c1ccc2c(c1)C(=O)N(c1ccc(-c3ccc(NC(=O)c4cccc(C(=O)Nc5ccc(-c6ccc(N7C(=O)c8ccc(*)cc8C7=O)cc6)cc5)c4)cc3)cc1)C2=O,238.0,train
*CC(*)CCCCCCCCCI,-6.0,train
*CCCCCCCCC(*)Cl,-33.0,train
*CC(CO*)C(C)(C)C,-4.0,train
*Nc1ccc(Cc2ccc(NC(=O)CCCCCCCC(*)=O)cc2)cc1,140.0,train
*O[Si](*)(C)CCCCCCCCCCCOc1ccc(-c2ccc(C(=O)Oc3ccc(C(=O)OC(C)C(=O)OC(C)C(=O)OC(C)C(=O)OCC(C)CC)cc3)cc2)cc1,15.0,train
*C(=O)c1ccc2c(c1)C(=O)N(c1ccc(-c3ccc(N4C(=O)c5ccc(*)cc5C4=O)cc3C)c(C)c1)C2=O,385.0,train
*c1cccc(C(=O)Nc2ccc(Oc3ccc(C(C)(C)c4ccc(Oc5ccc(NC(=O)c6cccc(N7C(=O)c8ccc(-c9cccc%10c9C(=O)N(*)C%10=O)cc8C7=O)c6)cc5)cc4)cc3)cc2)c1,261.0,train
*CC(*)OC(=O)CC,11.9,train
*Oc1ccc(C(=O)NNC(=O)c2ccc(C(=O)NNC(=O)c3ccc(OC(=O)c4cccc(C(*)=O)c4)cc3)cc2)cc1,175.0,train
*O[Si](*)(C)c1ccc(C)cc1,-17.0,train
*Oc1ccc(S(=O)(=O)c2ccc(Oc3ccc(C(=O)c4cccc(C(=O)c5ccc(*)cc5)c4)cc3)cc2)cc1,178.0,train
*CC#C/C(C#CCOC(=O)CCCCCCCCC(=O)O*)=C\c1ccc(C#Cc2ccccc2)cc1,60.0,train
*[Si](*)(CCCC)CCCC,-40.5,train
*C1C(=O)N(C2CCCCC2)C(=O)C1*,232.0,train
*Oc1ccc(NC(=O)c2ccc(S(=O)(=O)c3ccc(C(=O)Nc4ccc(Oc5ccc(C(c6ccc(*)cc6)(C(F)(F)F)C(F)(F)F)cc5)cc4)cc3)cc2)cc1,250.0,train
*Oc1ccc(Oc2ccc(/C=N/CCCC/N=C/c3ccc(*)cc3)cc2)cc1,105.0,train
*CC(*)(C)C(=O)OCC[N+](C)(C)CCCCS(=O)(=O)O,261.0,train
*C(=O)Nc1ccc(C(c2ccc(NC(=O)c3ccc4c(c3)C(=O)N(c3c(C)cc(C)c(N5C(=O)c6ccc(*)cc6C5=O)c3C)C4=O)cc2)(C(F)(F)F)C(F)(F)F)cc1,250.0,train
*N=P(*)(OCC1COCCOCCOCCOCCO1)OCC1COCCOCCOCCOCCO1,-40.0,train
*Nc1cc(NC(=O)Nc2ccc(NC(*)=O)cc2)cc(C(=O)Nc2ccc3c(c2)C(=O)c2ccccc2C3=O)c1,184.0,train
*CC(F)(F)C(F)(F)C(F)(F)C(F)(F)COC(=O)NCCCCCCNC(=O)O*,-2.0,train
*CC(*)(C)C(=O)OCc1ccc(OCCOCCOCC)c(OCCOCCOCC)c1,-33.0,train
*/C=C/C1CC(*)C2C(=O)N(CCCCCCCCCC)C(=O)C12,46.0,train
*CC(*)(C)C(=O)OCC1CC(NC(=O)C2CC(NC(=O)OC(C)(C)C)CN2C(=O)OC(C)(C)C)CN1C(=O)C1CC(NC(=O)OC(C)(C)C)CN1C(=O)OC(C)(C)C,200.0,train
*c1ccc2c(c1)C(=O)N(c1c(C)cc(C(c3cc(C(F)(F)F)cc(C(F)(F)F)c3)c3cc(C)c(N4C(=O)c5ccc(C(*)(C(F)(F)F)C(F)(F)F)cc5C4=O)c(C)c3)cc1C)C2=O,288.0,train
*CCOCCOCCOC(=O)CCCCCC(=O)O*,-44.5,train
*C(=O)Nc1ccc(Oc2cc(C(C)(C)C)c(Oc3ccc(NC(=O)c4ccc5c(c4)C(=O)N(c4ccc(Oc6ccc(C7(c8ccc(Oc9ccc(N%10C(=O)c%11ccc(*)cc%11C%10=O)cc9)cc8)CC8CC7C7CCCC87)cc6)cc4)C5=O)cc3)cc2C(C)(C)C)cc1,290.0,train
*Oc1ccc(C(C)(C)c2ccc(OC3(F)C(*)(F)C(F)(F)C3(F)F)cc2)cc1,98.0,train
*CC(*)(C)C(=O)OCC(F)(F)C(F)(F)F,77.0,train
*CCOC(=O)CCC(=O)OCCOC(=O)c1ccc(C(=O)O*)cc1,24.0,train
*CC(CSCCC)O*,-61.0,train
*CCCCCCCCCCNC(=O)CCCCCCCCCCCCCCC(=O)N*,45.0,train
*c1ccc(Cc2ccc(N3C(=O)C4CCC(C5CCC6C(=O)N(*)C(=O)C6C5)CC4C3=O)cc2)cc1,260.0,train
*CC(*)OCC,-33.0,train
*c1ccc(Oc2ccc(-n3c(=O)c4cc5c(=O)n(-c6ncc(*)s6)c(=O)c5cc4c3=O)cc2)cc1,328.8,train
*Oc1ccc(C2(c3ccc(Oc4ccc(C(=O)c5cccc(C(=O)c6ccc(*)cc6)c5)cc4)c(C)c3)c3ccccc3-c3ccccc32)cc1C,217.0,train
*c1cccc(P(=O)(c2ccccc2)c2cccc(-n3c(=O)c4cc5c(=O)n(*)c(=O)c5c(-c5ccccc5)c4c3=O)c2)c1,325.0,train
*CC(*)OC(=O)c1nn(C(C)=O)c2ccccc12,150.0,train
*Oc1ccc(-c2ccc(-c3ccc(Oc4ccc(C(C)(C)c5ccc(*)cc5)cc4)c(C(F)(F)F)c3)cc2)cc1C(F)(F)F,192.0,train
*c1ccc(Oc2ccc(C3(c4ccc(Oc5ccc(N6C(=O)c7ccc(Oc8ccc(C9(c%10ccc(Oc%11ccc%12c(c%11)C(=O)N(*)C%12=O)cc%10)CCC(c%10ccccc%10)CC9)cc8)cc7C6=O)cc5)cc4)CC4CCC3C4)cc2)cc1,245.0,train
*Oc1ccc(CC(NC(=O)CCc2ccc(OC(=O)CCCCCCCCC(*)=O)cc2)C(=O)OCCCCCCCCCCCC)cc1,12.5,train
*c1ccc(Oc2cccc(Oc3ccc(N4C(=O)c5ccc(-c6cccc7c6C(=O)N(*)C7=O)cc5C4=O)cc3)c2)cc1,259.0,train
*Oc1ccc(CC(NC(=O)CCc2ccc(OC(=O)CCCCC(*)=O)cc2)C(=O)OCC(C)C)cc1,56.0,train
*c1ccc(OCCCOc2ccc(N3C(=O)c4ccc(-c5cccc6c5C(=O)N(*)C6=O)cc4C3=O)cc2)cc1,237.5,train
*CC(*)(Cl)C(=O)OC,125.0,train
*N=P(*)(C)CCCC,-51.0,train
*c1ccc2c(c1)C(=O)N(c1ccc(Oc3ccc(N4C(=O)c5ccc(C(C)(C)CCCCCCCCC(*)(C)C)cc5C4=O)cc3)cc1)C2=O,123.65,train
*c1ccc(Oc2ccc(Oc3ccc(Oc4ccc(N5C(=O)c6ccc(Oc7ccc(Oc8ccc9c(c8)C(=O)N(*)C9=O)cc7)cc6C5=O)cc4)cc3)cc2)cc1,210.0,train
*Nc1ccc(CC(C)(C)NC(=O)CCC(*)=O)cc1,158.0,train
*CC(*)(C)C(=O)OCCCCCCOc1ccc(C(=O)Oc2ccc(-c3cccc(OC(=O)c4ccc(OC(=O)c5ccc(OCCCCCCCCCCCC)cc5)cc4)c3)cc2)cc1,73.0,train
*CCC[Si](*)(c1ccc(C)cc1)c1ccc(C)cc1,38.0,train
*C(=O)Nc1ccc(Oc2ccc(NC(=O)c3ccc(N4C(=O)c5ccc(*)cc5C4=O)cc3)cc2)cc1,296.0,train
*CCCCCCCCCCN1C(=O)c2ccc(-c3ccc(-c4ccc5c(c4)C(=O)N(*)C5=O)cc3)cc2C1=O,103.0,train
*CC(*)C(=O)OCCC(F)(F)C(F)(F)C(F)(F)C(F)(F)C(F)(F)C(F)(F)C(F)(F)C(F)(F)F,52.0,train
*CC(*)c1ccccc1C(=O)OCC,118.0,train
*Oc1ccc(C(=O)Nc2ccc(Cc3ccc(NC(=O)c4ccc(Oc5nc(*)nc(Sc6ccccc6)n5)cc4)cc3)cc2)cc1,302.0,train
*C/C=C/C[Si](*)(C)c1ccccc1,-1.0,train
*c1cccc(Cc2cccc(N3C(=O)c4ccc([Si](C)(C)c5ccc(-c6ccc([Si](C)(C)c7ccc8c(c7)C(=O)N(*)C8=O)cc6)cc5)cc4C3=O)c2)c1,285.0,train
*CC(*)(C)C(=O)OC1CCC(C(C)(C)C)CC1,100.0,train
*CC(*)(C)C(=O)OCCBr,52.0,train
*c1ccc(N(c2ccc(C#N)cc2)c2ccc(N3C(=O)c4ccc(Oc5ccc(C6(c7ccc(Oc8ccc9c(c8)C(=O)N(*)C9=O)cc7)CCCCC6)cc5)cc4C3=O)cc2)cc1,243.0,train
*c1ccc(NC(=O)c2ccc(NC(=O)c3ccc([Si](C)(C)c4ccc(C(=O)Nc5ccc(C(=O)Nc6ccc(S(*)(=O)=O)cc6)cc5)cc4)cc3)cc2)cc1,315.0,train
*c1cc(OCCCCCCCCCCCCCCCC)cc(N2C(=O)c3ccc(Oc4ccc5c(c4)C(=O)N(*)C5=O)cc3C2=O)c1,159.0,train
*CCCCCCCCCCOc1ccc(/C=C2\CC/C(=C\c3ccc(OCCCCCCCCCCOP(=O)(O*)OCC)c(OC)c3)C2=O)cc1OC,47.0,train
*Nc1ccc(Cc2ccc(NC(=O)c3cc(NC(=O)CCCCCN4C(=O)c5ccccc5C4=O)cc(C(*)=O)c3)cc2)cc1,195.0,train
*OC(=O)c1ccc(SCCCCSc2ccc(C(*)=O)cc2)cc1,62.0,train
*Oc1ccc(C(=O)c2cccc(C(=O)c3ccc(*)cc3)c2)cc1,139.0,train
*CC(*)C(=O)OCC(F)(F)F,3.1,train
*CCCCCCCCN(C)c1ccc(C(=O)c2ccc(N(*)C)cc2)cc1,50.0,train
*CCCCCCCCN1C(=O)c2ccc(C(c3ccc4c(c3)C(=O)N(*)C4=O)(C(F)(F)F)C(F)(F)F)cc2C1=O,155.0,train
*Oc1ccc(C(C)(C)c2cccc(C(C)(C)c3ccc(Oc4ccc(C(=O)Nc5ccc(NC(=O)c6ccc(*)cc6)cc5)cc4)cc3)c2)cc1,154.0,train
*Oc1cc(CCCCCCCCCCC)cc(OC(=O)c2cccc(C(*)=O)c2)c1,34.5,train
*CCCCCCOC(=O)C(CCCCP(=O)(O)O)C(=O)OCCCCCCOc1ccc(-n2on2-c2ccc(O*)cc2)cc1,19.0,train
*Oc1ccc(OC(=O)c2cc(OCCCCCCCCOCC3CCCN3c3ccc([N+](=O)[O-])cc3)c(C(*)=O)cc2OCCCCCCCCOCC2CCCN2c2ccc([N+](=O)[O-])cc2)cc1,41.0,train
*C(=O)c1ccc(Oc2c(C)cc(-c3cc(C)c(Oc4ccc(C(=O)c5ccc6nc(*)ccc6c5)cc4)c(C)c3C)c(C)c2C)cc1,250.0,train
*CCCCCCCCNC(=O)c1ccc(C(=O)N*)c(Oc2ccccc2)c1,96.0,train
*C(=O)OCCN(CCOC(=O)c1ccc2c(c1)C(=O)N(c1c(C)cc(Cc3cc(C)c(N4C(=O)c5ccc(*)cc5C4=O)c(C)c3)cc1C)C2=O)c1ccc(/N=N/c2ccc([N+](=O)[O-])cc2[N+](=O)[O-])cc1,176.0,train
*Oc1ccc(Oc2ccc(C(=O)Nc3ccc(Oc4ccc(-c5ccc(Oc6ccc(NC(=O)c7ccc(*)cc7)cc6)cc5)cc4)cc3)cc2)cc1C,220.0,train
*c1ccc(-c2nc3ccc(S(=O)(=O)c4ccc5nc(*)c(-c6ccccc6)nc5c4)cc3nc2-c2ccccc2)cc1,345.0,train
*CCC(C)(C)CC(C)COC(=O)c1ccc(C(=O)O*)cc1,-9.0,train
*CC(*)c1ccc(C)c(C)c1,111.0,train
*C(=O)c1cccc(C(=O)c2ccc3c(c2)C(=O)N(c2ccc(Oc4ccc(S(=O)(=O)c5ccc(Oc6ccc(N7C(=O)c8ccc(*)cc8C7=O)cc6)cc5)cc4)cc2)C3=O)c1,249.0,train
*c1ccc([Si](c2ccccc2)(c2ccccc2)c2ccc(-c3ccc4c(c3)c3cc(*)ccc3n4CCCCCC#N)cc2)cc1,165.0,train
*Oc1ccc(C2(c3ccc(OC(*)=O)c(C)c3)CC3CC2C2CCCC32)cc1C,217.0,train
*Nc1ccc(-c2ccc(NC(=O)c3cc(NC(=O)c4ccncc4)cc(C(*)=O)c3)cc2)cc1,339.0,train
*C(=O)NC1CCCC(*)O1,145.0,train
*Oc1ccc(Oc2ccc(/C=N/CCCCCCCCCCCC/N=C/c3ccc(*)cc3)cc2)cc1,118.0,train
*CC(=O)Nc1ccc(Oc2ccc(Oc3ccc(NC(=O)CN4C(=O)c5ccc(C(=O)c6ccc7c(c6)C(=O)N(*)C7=O)cc5C4=O)cc3)cc2)cc1,230.0,train
*CC(*)(C)C(=O)OC1CCCCC1C(C)(C)C,185.0,train
*Oc1ccc(C(=O)c2cccc(-c3cccc(C(=O)c4ccc(*)cc4)c3)c2)cc1,123.0,train
*Oc1ccc(Oc2ccc(NC(=O)c3ccc(Oc4ccc(C(C)(C)c5cccc(C(C)(C)c6ccc(Oc7ccc(C(=O)Nc8ccc(*)cc8)cc7)cc6)c5)cc4)cc3)cc2)cc1,147.0,train
*CCCCCCCCCOc1ccc(CCc2ccc(O*)cc2C)cc1,-1.1,train
*Oc1ccc(NC(=O)c2ccc(OC3COC4C(Oc5ccc(C(=O)Nc6ccc(OC7COC8C(*)COC78)cc6)cc5)COC34)cc2)cc1,165.0,train
*CCCCCCCCCCCCCCCCOC(=O)NCc1ccc(CNC(=O)O*)cc1,47.0,train
*CCN(*)C(=O)CCCCCC,10.0,train
*Oc1ccc(Oc2ccc(/C(=N\c3ccccc3)c3ccc(Oc4ccc(Oc5cccc(*)n5)cc4)cc3)cc2)cc1,135.0,train
*c1cccc(P(=O)(c2ccccc2)c2cccc(N3C(=O)c4ccc(NC(=O)OCCOc5c(Br)cc(C(C)(C)c6cc(Br)c(OCCOC(=O)Nc7ccc8c(c7)C(=O)N(*)C8=O)c(Br)c6)cc5Br)cc4C3=O)c2)c1,201.0,train
*CCC(C)C(*)C,-26.0,train
*c1ccc(C(=O)OCCCCCCCCCCOc2ccc(/C=C3\CC/C(=C\c4ccc(OCCCCCCCCCCOC(=O)c5ccc(-c6nnc(*)o6)cc5)cc4)C3=O)cc2)cc1,58.0,train
*Oc1ccc(S(=O)(=O)c2ccc(Oc3c(C)cc(C(C)(C)c4cc(C)c(*)c(C)c4)cc3C)cc2)cc1,231.3,train
*CC(*)(C)C(=O)OCCCCCCCCCOc1ccc2cc(C(=O)Oc3ccccc3)ccc2c1,18.0,train
*NC1CCC(CCC2CCC(NC(=O)CCCCCCCCC(*)=O)CC2)CC1,116.0,train
*c1cccc(S(=O)(=O)NCCCCNS(*)(=O)=O)c1,82.0,train
*c1ccc2c(c1)C(=O)N(c1ccc(OCCCCCCCCCCOc3ccc(N4C(=O)c5ccc(C(*)(C(F)(F)F)C(F)(F)F)cc5C4=O)cc3)cc1)C2=O,143.0,train
*c1c(C)cc(C(c2cccc(C(F)(F)F)c2)c2cc(C)c(N3C(=O)c4ccc(-c5ccc6c(c5)C(=O)N(*)C6=O)cc4C3=O)c(C)c2)cc1C,312.9,train
*Cc1cccc(CNC(=O)c2cc(C(=O)N*)cc(C(C)(C)C)c2)c1,192.0,train
*O[Si](*)(C)CCCCCCCCCCCOc1ccc(C(=O)OC/C=C(\C)CCC=C(C)C)cc1,25.0,train
*CC(*)(C)C(=O)Oc1ccc(C(=O)/C=C/c2ccc(Cl)cc2)cc1,127.0,train
*c1ccc(OC(=O)c2ccc(C(=O)Oc3ccc(C4(*)OCc5ccccc54)cc3)cc2)cc1,312.0,train
*O[Si](*)(C)CCC(F)(F)F,-69.0,train
*CC(*)C(=O)c1ccc(C(C)(C)C)cc1,103.5,train
*C/C=C/C[Si](*)(C)C,-57.5,train
*/C=C/C1CC(*)C(C#N)(CCC)C1,108.0,train
*CC(O*)c1ccccc1,34.0,train
*CC(*)(C)C(=O)OCc1ccc[se]1,56.0,train
*C(=O)Nc1ccc(Oc2ccc(C(C)(C)c3ccc(Oc4ccc(NC(=O)c5ccc6c(c5)C(=O)N(c5ccc(Oc7ccc8ccc(Oc9ccc(N%10C(=O)c%11ccc(*)cc%11C%10=O)cc9)cc8c7)cc5)C6=O)cc4)cc3)cc2)cc1,250.0,train
*c1cc(C)c(/N=C/c2ccc(OCc3ccccc3COc3ccc(/C=N/c4cc(C)c(-n5c(=O)c6ccc7c8ccc9c(=O)n(*)c(=O)c%10ccc(c%11ccc(c5=O)c6c7%11)c8c9%10)cc4C)cc3OC)c(OC)c2)cc1C,143.0,train
*OP(=O)(Oc1c(Cl)cc(Cl)cc1Cl)Oc1c(Cl)c(Cl)c(*)c(Cl)c1Cl,127.0,train
*c1cccc(P(=O)(c2ccc(Oc3ccc(C45CC6CC(CC(C6)C4)C5)cc3)cc2)c2cccc(-n3c(=O)c4cc5c(=O)n(*)c(=O)c5cc4c3=O)c2)c1,330.0,train
*CCOCCOCCOC(=O)NCCCCCCNC(=O)O*,-6.5,train
*CCOCCOc1ccc(C(=O)Nc2cc(NC(=O)c3ccc(O*)cc3)cc(-c3nc4ccccc4[nH]3)c2)cc1,230.0,train
*Oc1ccc(CC(NC(=O)Cc2ccc(OC(=O)COCC(*)=O)cc2)C(=O)OCCCCCCCC)cc1,51.0,train
*CC(O)COc1ccc(S(=O)(=O)c2ccc(OCC(O)COc3cccc(O*)c3)cc2)cc1,105.0,train
*Oc1ccc(NC(=O)c2cc(C(=O)Nc3ccc(*)cc3)cc(S(=O)(=O)c3ccccc3)c2)cc1,279.0,train
*O[Si](*)(C)CCCCCCOc1ccc(C(=O)Oc2ccc(OCCCCCC)cc2)cc1,12.0,train
*Oc1ccc(C(C)(C)c2ccc(OC(=O)c3ccc(C(*)=O)cc3)c(CCCC)c2)cc1CCCC,160.0,train
*Oc1ccc(C(C)(C)c2ccc(OC(*)=O)c(Cl)c2)cc1Cl,147.0,train
*CCN(CCOC(=O)c1ccc(C(=O)O*)c(OCCC)c1)c1ccc(/N=N/c2ccc(-c3nc4cc([N+](=O)[O-])ccc4[nH]3)cc2)cc1,152.0,train
*Oc1ccc(C(=O)Nc2ccc(Br)cc2-c2ccc(NC(=O)c3ccc(*)cc3)cc2)cc1,249.0,train
*CC(*)(C)C(=O)OC1(C)CCCN(c2ccc(/N=N/c3ccc(/C=C(\C#N)S(C)(=O)=O)cc3)cc2)C1,196.0,train
*C/C=C/C(CC)S(*)(=O)=O,70.1,train
*CC(*)c1ccc(COCC(CC)CCCC)cc1,-23.0,train
*c1ccc(Oc2ccc(N3C(=O)c4ccc(Oc5ccc(Oc6ccc7c(c6)C(=O)N(*)C7=O)cc5)cc4C3=O)cc2)cc1,260.5,train
*Oc1ccc(Oc2ccc(NC(=O)c3ccc(Oc4ccc(Oc5ccc(C(=O)Nc6ccc(*)cc6)cc5)cc4)cc3)cc2)cc1,236.0,train
*CC(*)(C)C(=O)OCCCCCCCCCCCCCCC(=O)NC1OC(COC(C)=O)C(OC2OC(COC(C)=O)C(OC(C)=O)C(OC(C)=O)C2OC(C)=O)C(OC(C)=O)C1OC(C)=O,95.2,train
*O[Si](C)(C)O[Si](C)(C)c1c(F)c(F)c(F)c([Si](*)(C)C)c1F,-61.0,train
*CC(*)(C)C(=O)OCCCCCCCCCCCOc1ccc2cc(C(=O)Oc3ccccc3)ccc2c1,10.0,train
*c1ccc(-c2nc3cc4sc(*)nc4cc3s2)cc1,25.0,train
*CC(*)(CC)C(=O)OCC,27.0,train
*Oc1ccc(C(c2ccccc2)(c2ccccc2)c2ccc(Oc3ccc4c(=O)n5c6cc(-c7ccc8c(c7)nc7c9ccc(*)c%10cccc(c(=O)n87)c%109)ccc6nc5c5cccc3c45)cc2)cc1,357.0,train
*CCCCCCCCCCCCNC(=O)CCCCCCCCCCCCCCCCCCC(=O)N*,221.6,train
*c1ccc(Oc2ccc(N3C(=O)c4ccc(Oc5ccc6c(c5)C(=O)N(*)C6=O)cc4C3=O)cc2Br)c(Br)c1,251.0,train
*Oc1ccc(C2(c3ccc(Oc4ccc(C(=O)c5ccc(*)cc5)cc4)c(C)c3)CCC3CCCCC3C2)cc1C,201.0,train
*Oc1ccc(NC(=O)c2cccc(C(=O)Nc3ccc(Oc4ccc(C(C)(C)c5cccc(C(C)(C)c6ccc(*)cc6)c5)cc4)cc3)c2)cc1,180.0,train
*Oc1cc(OC(=O)c2ccc(OC)cc2)c(OC(=O)CCCCCCCCCCCCCCC(*)=O)cc1OC(=O)c1ccc(OC)cc1,33.0,train
*CC1CCC(COC(=O)C2CCC(C(=O)O*)CC2)CC1,77.0,train
*c1ccc2c(c1)C(=O)N(c1ccc(Oc3ccc(C(=O)c4cccc(N5C(=O)c6ccc(C(*)(C(F)(F)F)C(F)(F)F)cc6C5=O)c4)cc3)cc1)C2=O,242.0,train
*NC(=O)Nc1ccc(Cc2ccc(NC(=O)Nc3cccc(*)n3)cc2)cc1,206.5,train
*c1ccc(Cc2cccc(-n3c(=O)c4cc5c(=O)n(*)c(=O)c5cc4c3=O)c2)cc1,339.0,train
*CC(*)(Cl)C(=O)OCCCCCCOc1ccc(C(=O)Oc2ccc(OCCCC)cc2)cc1,112.5,train
*O[Si](*)(C)CCCCC(=O)OCCCCCCCCCCC(F)(F)C(F)(F)C(F)(F)C(F)(F)C(F)(F)C(F)(F)C(F)(F)C(F)(F)F,-78.0,train
*C(=O)Nc1ccc(C2(c3ccc(N4C(=O)c5ccc(*)cc5C4=O)cc3)CC(C)CC(C)(C)C2)cc1,328.0,train
*/C=C/C(*)(C)c1ccccc1,52.0,train
*Oc1ccc(C(C)(C)c2ccc(Oc3ccc(C(=O)c4ccc(*)cc4)cc3)cc2)cc1,155.0,train
*c1ccc(Oc2ccc(C(c3ccc(Oc4ccc(-n5c(=O)c6cc7c(=O)n(*)c(=O)c7cc6c5=O)cc4)cc3)(C(F)(F)F)C(F)(F)F)cc2)cc1,310.0,train
*CC(*)c1ccc(C(=O)CCCC)cc1,70.0,train
*Oc1ccc(P(=O)(c2ccccc2)c2ccc(Oc3ccc(-c4ccc(*)cc4)cc3)cc2)cc1,234.0,train
*Oc1ccc(C2(c3ccc(Oc4ccc(/C=N/N=C/c5ccc(*)cc5)cc4)cc3)c3ccccc3-c3ccccc32)cc1,227.0,train
*CC1CCC(COP(=O)(/N=N/c2ccc(-c3ccc(/N=N/P(=O)(O*)OC)cc3)cc2)OC)CC1,58.0,train
*c1cccc(N2C(=O)c3ccc(Oc4c(C)cc(-c5cc(C)c(Oc6ccc7c(c6)C(=O)N(*)C7=O)c(C)c5)cc4C)cc3C2=O)c1,295.0,train
*c1ccc2c(c1)C(=O)N(c1cc(C(=O)Nc3c(C)cc(-c4cc(C)c(NC(=O)c5ccc(C)c(N6C(=O)c7ccc(C(*)(C(F)(F)F)C(F)(F)F)cc7C6=O)c5)c(C)c4)cc3C)ccc1C)C2=O,250.0,train
*CCCCOC(=O)c1ccc(N/C=N/c2ccc(C(=O)O*)cc2)cc1,91.0,train
*c1ccc2c(c1)C(=O)N(c1ccc(C(=O)Nc3ccc(Oc4ccc(NC(=O)c5ccc(N6C(=O)c7ccc(C(*)(C(F)(F)F)C(F)(F)F)cc7C6=O)cc5)cc4)cc3)cc1)C2=O,322.0,train
*CC(*)(C)C(=O)O[Si](C)(C)C,97.5,train
*c1ccc2c(c1)C(=O)N(c1ccc(Oc3ccc(C(=O)c4cccc(C(=O)c5ccc(Oc6ccc(N7C(=O)c8ccc(C(*)(C(F)(F)F)C(F)(F)F)cc8C7=O)cc6)cc5)n4)cc3)cc1)C2=O,226.9,train
*CCCCCCCCCCCCN1C(=O)c2ccc(C(c3ccc4c(c3)C(=O)N(CCCCCCCCCCCCn3c(=O)c5ccc6c7ccc8c(=O)n(*)c(=O)c9ccc(c%10ccc(c3=O)c5c6%10)c7c89)C4=O)(C(F)(F)F)C(F)(F)F)cc2C1=O,170.0,train
*Oc1ccc(C(C)(C)c2ccc(Oc3ccc(C(=O)c4cccc(C(=O)c5ccc(*)cc5)c4)cc3)cc2)cc1,153.0,train
*OC1C(COC(C)=O)OC(*)C(OC(C)=O)C1O,202.0,train
*C(=O)c1ccc(Oc2ccc(C(C)(C)c3ccc(Oc4ccc(C(=O)c5ccc6c(c5)C(=O)N(c5ccc(Oc7ccc(N8C(=O)c9ccc(*)cc9C8=O)cc7)cc5)C6=O)cc4)cc3)cc2)cc1,217.0,train
*CCC(=O)Nc1ccc(Oc2ccc(Oc3ccc(NC(=O)CCN4C(=O)c5ccc(C(=O)c6ccc7c(c6)C(=O)N(*)C7=O)cc5C4=O)cc3)cc2)cc1,221.0,train
*C(=O)Nc1ccc(Cc2ccc(NC(=O)c3ccc4c(c3)C(=O)N(c3ccc(Oc5ccc6ccc(Oc7ccc(N8C(=O)c9ccc(*)cc9C8=O)cc7)cc6c5)cc3)C4=O)cc2)cc1,273.0,train
*c1ccc(Oc2ccc(-c3cnc4cc5ncc(*)nc5cc4n3)cc2)cc1,353.0,train
*CC(*)CNc1ccc([N+](=O)[O-])cc1,144.0,test
*CC(*)(C)C(=O)OCC(F)(F)C(F)F,80.0,test
*c1ccc2c(c1)C(=O)N(c1ccc(N3C(=O)c4ccc(C(*)(C(F)(F)F)C(F)(F)F)cc4C3=O)cc1)C2=O,351.0,test
*CCCCCCOP(=O)(/N=N/c1ccc(-c2ccc(/N=N/P(=O)(O*)OC)cc2)cc1)OC,37.0,test
*CC(*)OC(=O)CCCC(=O)c1ccccc1,45.0,test
*CCCCCCOP(=O)(/N=N/c1ccc(Oc2ccc(/N=N/P(=O)(O*)OC)cc2)cc1)OC,25.0,test
*CCC1C(=O)N(CCCCCCCCCCCCCCCC)C(=O)C1*,65.6,test
*CCCP(CCCNC(=O)CCCCC(=O)N*)CC(C)C,71.0,test
*c1ccc(-c2cc(C(C)(C)C)c(Oc3ccc(N4C(=O)c5ccc(-c6ccc7c(c6)C(=O)N(*)C7=O)cc5C4=O)cc3)c(C(C)(C)C)c2)cc1,381.5,test
*O[Si](*)(C)CCC,-120.0,test
*OP(=O)(Oc1ccc(OC)cc1)Oc1ccc(S(=O)(=O)c2ccc(*)cc2)cc1,81.0,test
*c1ccc(C(=O)NNC(=O)c2ccc(C(=O)NNC(=O)c3ccc(C4(*)OC(=O)c5ccccc54)cc3)cc2)cc1,237.0,test
*N=P1(*)Oc2ccc3ccccc3c2-c2c(ccc3ccccc23)O1,291.0,test
*Oc1c(C)cc(*)cc1C(C)CCCCCCCC,20.0,test
*CC(*)(C)C(=O)Oc1cc(C)cc(C)c1,106.0,test
*CCOCCOC(=O)C(CCC)C(=O)O*,-38.0,test
*CCCCCOc1cccc(NC(=O)c2cccc(C(=O)Nc3cccc(O*)c3)c2)c1,131.5,test
*CC(*)c1cccc(F)c1,86.0,test
*Oc1c(C)cc(-c2cc(C)c(OC(=O)CCCCCC(*)=O)c(C)c2)cc1C,96.0,test
*CC(C)(C)C(=O)O*,-12.0,test
*c1ccc(-c2nc3cc(-c4ccc5nc(-c6ccccc6)c(-c6ccc(N7C(=O)C8OC9C(=O)N(*)C(=O)C9C8C7=O)cc6)nc5c4)ccc3nc2-c2ccccc2)cc1,230.0,test
*CC(*)c1cc(C(=O)OC)ccc1-c1ccc(OCCCCCCCC)cc1,126.0,test
*C/C=C(\C)C(C)S(*)(=O)=O,73.0,test
*CC(*)c1ccc(C(=O)c2ccc(OC)cc2)cc1,103.0,test
*c1ccc(-c2cnc3ccc(-c4ccc5nc(*)cnc5c4)cc3n2)cc1,376.0,test
*C(=O)c1ccc2c(c1)C(=O)N(c1cccc(C(=O)Nc3cccc(N4C(=O)c5ccc(*)cc5C4=O)c3)c1)C2=O,287.0,test
*CC(*)c1ccc(C(=O)CCCCCCC)cc1,50.0,test
*Sc1cccc(Sc2ccc(Sc3ccc(*)cc3)cc2)c1,69.0,test
*CCCCOC(=O)NNC(=O)CCCCCCCCC(=O)NNC(=O)O*,56.0,test
*c1ccc2oc(-c3ccc(-c4nc5cc(C(*)(C(F)(F)F)C(F)(F)F)ccc5o4)cn3)nc2c1,352.0,test
*O[Si](*)(C)CCCCCCCCCCCOc1ccc(-c2ccc(C(=O)Oc3ccc(C(=O)OC(C)C(=O)OC(C)C(=O)OCC(C)CC)cc3)cc2)cc1,20.0,test
*CC(*)(CC(=O)OC)C(=O)OC,95.0,test
*CNC(=O)CCCCCCCCC(=O)NCC1COC(*)CO1,73.0,test
*c1ccc(Oc2ccc(Oc3ccc(Oc4ccc(-c5nc(*)nc(-c6ccccc6)n5)cc4)cc3)cc2)cc1,203.0,test
*c1ccc(-c2ccc(C3(*)c4ccccc4-c4ccccc43)cc2)cc1,297.0,test
*c1c(C)cc(-c2cc(C)c(N3C(=O)c4cccc(Oc5c(C)cc(-c6cc(C)c(Oc7cccc8c7C(=O)N(*)C8=O)c(C)c6)cc5C)c4C3=O)c(C)c2)cc1C,327.0,test
*CC(*)c1ccc(C(=O)OCCN(CC)CC)cc1,74.0,test
*CC(F)(F)C(F)(F)C(F)(F)COC(=O)NCC(F)(F)C(F)(F)C(F)(F)C(F)(F)CNC(=O)O*,25.0,test
*OC(C)C(=O)OCC(*)=O,43.0,test
*c1cccc(OP(=O)(Oc2cccc(-n3c(=O)c4cc5c(=O)n(*)c(=O)c5cc4c3=O)c2)c2ccccc2)c1,191.0,test
*CCCCCCCCCC(c1ccc(O)cc1)C(*)c1ccc(O)cc1C,-1.0,test
*C(=O)c1ccc2c(c1)C(=O)N(c1ccc3c(c1)C(=O)c1cc(N4C(=O)c5ccc(*)cc5C4=O)ccc1-3)C2=O,331.0,test
*Oc1ccc(C(=O)OCCCOC(=O)c2ccc(*)cc2)cc1,57.0,test
*CCC[Si](*)(C)c1ccc(N(C)C)cc1,6.5,test
*Oc1ccc(C2(c3ccc(Oc4ccc(/C=C/C(=O)c5ccc(*)cc5)cc4)cc3)c3ccccc3-c3ccccc32)cc1,195.0,test
*Oc1cc(CCCC)cc(OC(=O)c2cccc(C(*)=O)c2)c1,97.5,test
*c1ccc(-c2cc(-c3ccc(OCCCCCCCCCCCC)cc3)cc(-c3ccc(-c4ccc5c(c4)C(CCCCCC)(CCCCCC)c4cc(*)ccc4-5)cc3)c2-c2ccc(OCCCCCCCCCCCC)cc2)cc1,79.0,test
*/C=C/c1ccc(OC(=O)CCCCCCCCC(=O)Oc2ccc(-c3nnc(*)s3)cc2)cc1,30.0,test
*CC(C)(C)S*,-14.0,test
*OP(=O)(Oc1ccc([N+](=O)[O-])cc1)Oc1ccc(S(=O)(=O)c2ccc(*)cc2)cc1,114.0,test
*CC1CCC(COC(C)OC(=O)c2ccc(C(=O)OC(C)O*)cc2)CC1,61.0,test
*CC1CCC(CNC(=O)CCCCCCCCCCC(=O)N*)CC1,85.0,test
*c1ccc(Oc2ccc(C(c3ccc(Oc4ccc(-c5ncc(*)o5)cc4C(F)(F)F)cc3)(C(F)(F)F)C(F)(F)F)cc2)c(C(F)(F)F)c1,205.0,test
*c1ccc(CCc2ccccc2N2C(=O)C(=O)N(c3ccc(Cc4ccc(N5C(=O)C(=O)N(*)C5=O)cc4)cc3)C2=O)cc1,198.0,test
*CCN1C(=O)c2ccc(C(c3ccc4c(c3)C(=O)N(*)C4=O)(C(F)(F)F)C(F)(F)F)cc2C1=O,180.0,test
*c1ccc2c(c1)C(=O)N(c1ccc(Oc3c(C(C)(C)C)cc(-c4ccc(N5C(=O)c6ccc(C(*)(C(F)(F)F)C(F)(F)F)cc6C5=O)cc4)cc3C(C)(C)C)cc1)C2=O,355.0,test
*C(F)(F)C(*)(F)OC(F)(F)C(F)(F)F,29.0,test
*c1ccc2c(c1)C(=O)N(c1cccc(Oc3ccc(N4C(=O)c5ccc(-c6c(-c7ccccc7)c(-c7ccccc7)c(-c7ccc(Sc8ccc(-c9c(-c%10ccccc%10)c(-c%10ccccc%10)c(*)c(-c%10ccccc%10)c9-c9ccccc9)cc8)cc7)c(-c7ccccc7)c6-c6ccccc6)cc5C4=O)cc3)c1)C2=O,300.0,test
*CC1CCCC(Cn2c(=O)c3cc4c(=O)n(*)c(=O)c4cc3c2=O)C1,263.0,test
*c1ccc(Oc2ccc(C3(c4ccc(Oc5ccc(N6C(=O)c7ccc(Oc8ccc(C9(c%10ccc(Oc%11ccc%12c(c%11)C(=O)N(*)C%12=O)cc%10)CCCCCCCCCCC9)cc8)cc7C6=O)cc5)cc4)CCC(C(C)(C)C)CC3)cc2)cc1,254.0,test
*N=P(*)(Nc1ccccc1)Nc1ccccc1,103.45,test
*CC(*)(C)C(=O)OCc1ccc2c(c1)c1ccccc1n2CCCCCC,73.0,test
*c1ccc(Oc2ccc(C(C)(C)c3ccc(Oc4ccc(N5C(=O)c6ccc(Oc7ccc(C(C)(C)c8ccc(Oc9ccc%10c(c9)C(=O)N(*)C%10=O)cc8)cc7)cc6C5=O)cc4)cc3)cc2)cc1,176.0,test
*CCN(CCOC(=O)/C=C/c1ccc(/C=C/C(=O)O*)cc1)c1ccc(/N=N/c2ccc([N+](=O)[O-])cc2)cc1,120.0,test
*CC(*)C(=O)NC(C)(C)CS(=O)(=O)O,85.0,test
*CCc1ccc(CCNC(=O)CCCCCCCCCCCCC(=O)N*)cc1,93.0,test
*CCCCCCN1C(=O)c2ccc(-c3ccc(-c4ccc5c(c4)C(=O)N(*)C5=O)cc3)cc2C1=O,141.0,test
*CC(*)C(=O)OCC(C)O,-7.0,test
*Oc1ccc(C(C)(C)c2ccc(OC(=O)c3ccc([Si](C)(C)c4ccc(C(*)=O)cc4)cc3)cc2)cc1,180.0,test
*c1ccc(Cc2ccc(N3C(=O)CC(Nc4ccc(N(c5ccc(Nc6ccc([N+](=O)[O-])cc6)cc5)c5ccc(NC6CC(=O)N(*)C6=O)cc5)cc4)C3=O)cc2)cc1,324.0,test
*CC(*)N1CCCC1=S,80.0,test
*CCCCCCCCOc1ccc(NC(=O)c2cccc(C(=O)Nc3ccc(O*)cc3)c2)cc1,128.0,test
*c1ccc2c(c1)C(=O)N(c1c(C)cc(C)c(C(=O)c3cccc(N4C(=O)c5ccc(C(*)(C(F)(F)F)C(F)(F)F)cc5C4=O)c3)c1C)C2=O,280.0,test
*c1ccc(Oc2ccc(N3C(=O)c4cccc(Oc5ccc(C(C)(C)c6ccc(Oc7cccc8c7C(=O)N(*)C8=O)cc6)cc5)c4C3=O)cc2)cc1,235.0,test
*c1ccc(Oc2ccc(C3(c4ccc(Oc5ccc(-c6cccc(*)n6)cc5C(F)(F)F)cc4)c4ccccc4-c4ccccc43)cc2)c(C(F)(F)F)c1,182.5,test
*Oc1ccc(-c2ccc(Oc3ccc(Oc4cccc(Oc5ccc(*)cc5)c4C)cc3)c3ccccc23)c2ccccc12,156.0,test
*Oc1ccc(CC(NC(=O)CCc2ccc(OC(=O)COCC(*)=O)cc2)C(=O)OCC)cc1,79.0,test
*/C=C/C1CC(*)C2C(=O)N(CCC)C(=O)C12,139.0,test
*CC(COc1ccc(C(C)(C)c2ccc(O*)cc2)cc1)OC(=O)CCl,65.0,test
*O[Si](*)(C)CCCOc1ccc(C(=O)Oc2ccc(-c3ccc(OC(=O)CCCCC(=O)OC4CC(C)CCC4C(C)C)cc3)cc2)cc1,56.8,test
*c1cccc(N2C(=O)c3cccc(Oc4ccc(-c5ccc(Oc6cccc7c6C(=O)N(*)C7=O)cc5)cc4)c3C2=O)c1,275.0,test
*c1ccc(Oc2ccc(NC(=O)c3cccc(Oc4ccc5c(c4)C(=O)N(*)C5=O)c3)cc2)cc1,231.0,test
*c1cc(C(=O)NCCCCCCCCCC)cc(N2C(=O)c3ccc(-c4ccc5c(c4)C(=O)N(*)C5=O)cc3C2=O)c1,245.1,test
*c1ccc(C(=O)OCCCCCCCCOc2ccc(/C=C3\CC/C(=C\c4ccc(OCCCCCCCCOC(=O)c5ccc(-c6nnc(*)o6)cc5)cc4)C3=O)cc2)cc1,99.0,test
*N=P(*)(OCC(F)(F)C(F)(F)F)OCC(F)(F)C(F)(F)F,-52.5,test
*CCCCCOC(=O)c1ccccc1C(=O)O[Cd]OC(=O)c1ccccc1C(=O)OCCCCCOC(=O)Nc1ccc(C)c(NC(=O)O*)c1,2.3,test
*CC(=O)Nc1ccc(S(=O)(=O)c2ccc(NC(=O)c3ccc4c(c3)C(=O)N(*)C4=O)cc2)cc1,232.0,test
*c1ccc(Oc2ccc(C(=O)c3ccc(-c4ccc(C(=O)c5ccc(Oc6ccc(-c7nc(-c8ccc(-c9nc(*)c(-c%10ccccc%10)[nH]9)cc8)[nH]c7-c7ccccc7)cc6)cc5)cc4)cc3)cc2)cc1,273.0,test
*c1ccc(Oc2ccc(S(=O)(=O)c3ccc(Oc4ccc(C5(*)OC(=O)c6ccccc65)cc4C)cc3)cc2)c(C)c1,245.0,test
*CC(F)(F)C1(F)CC(C(O)(C(F)(F)F)C(F)(F)F)CC1*,118.0,test
*CC(CCCC)COC(=O)NC(=O)c1cccc(C(=O)NC(=O)O*)c1,64.0,test
*O[Si](*)(C)CCCOCCOCCOc1ccc(COc2ccc3cc(C#N)ccc3c2)cc1,30.0,test
*CCN(CCOC(=O)NCC1(C)CC(NC(=O)O*)CC(C)(C)C1)c1ccc(/N=N/c2ccc(B(c3c(C)cc(C)cc3C)c3c(C)cc(C)cc3C)cc2)cc1,146.0,test
*OP(=O)(Oc1ccccc1)OC(CCl)COc1ccc(S(=O)(=O)c2ccc(OCC(*)CCl)cc2)cc1,48.0,test
*CCCCCCCCCCC(=O)N(*)C,-12.0,test
*CC(*)c1ccc(C(C)(O)CC)cc1,190.0,test
*CC(*)(CC(=O)OC1CCCCCC1)C(=O)OC1CCCCCC1,105.0,test
*Oc1ccc(S(=O)(=O)c2ccc(Oc3c(C)cc(-c4cc(C)c(*)c(C)c4)cc3C)cc2)cc1,280.2,test
*CC(O)COc1ccc(C(C)(C)c2ccc(OCC(O)COc3ccc(S(=O)(=O)c4ccc(O*)c(C)c4)cc3C)cc2)cc1,117.5,test
*CCCCCCCCCCC(=O)NCCc1ccc(CCNC(=O)CCCCCCCCCCS*)cc1,58.0,test
*CCN(CCOC(=O)Nc1ccc(Cc2ccc(NC(=O)O*)cc2)cc1)c1ccc(/N=N/c2ccc([N+](=O)[O-])cc2)c(C)c1,115.0,test
*CC(CCCCCCCCCC)O*,-41.0,test
*CCCCCCOC(=O)OCCCCCCOC(=O)OCCCCCCOc1ccc(Oc2ccc(O*)cc2)cc1,-13.0,test
*CC(O)COC(=O)CCCCCCCCC(=O)OCC(O)COc1ccc(C(=O)Oc2ccc(O*)cc2)cc1,36.0,test
*Oc1ccc(CC(NC(=O)Cc2ccc(OC(=O)CC(C)CCC(*)=O)cc2)C(=O)OCCCCCC)cc1,38.0,test
*CC(*)C(=O)c1ccccc1,72.75,test
*Oc1ccc(/C=C/C(=O)c2ccc(Oc3ccc(C(C)(c4ccccc4)c4ccc(*)cc4)cc3)cc2)cc1,167.0,test
*Nc1ccc(NC(=O)c2cccc(C(*)=O)c2)cc1,295.0,test
*CCCCCOC(=O)OCCCCCN1C(=O)c2ccc(C(=O)c3ccc4c(c3)C(=O)N(*)C4=O)cc2C1=O,77.0,test
*OC(COC(=O)c1cccc(C(*)=O)c1)COc1ccc(/N=N/c2ccc(C#N)cc2)cc1,119.0,test
*c1ccc(Oc2ccc(Oc3ccc(N4C(=O)c5ccc(-c6ccc7c(c6)C(=O)N(*)C7=O)cc5C4=O)cc3)c(C(C)(C)C)c2)cc1,274.0,test
*C(=O)Oc1ccc(-c2ccc(OC(=O)c3ccc4c(c3)C(=O)N(c3ccc(Oc5ccc(N6C(=O)c7ccc(*)cc7C6=O)cc5)cc3)C4=O)cc2)cc1,232.0,test
*CCCCOC(=O)O*,-27.0,test
*Cc1ccc(CNC(=O)CCCCCCCCC(=O)N*)cc1,115.0,test
*Oc1ccc(OC(=O)c2ccc(C(*)=O)cc2Oc2ccccc2)cc1,105.0,test
*c1ccc(Oc2ccc3ccc(Oc4ccc(N5C(=O)CC(=O)N(*)C5=S)cc4)cc3c2)cc1,151.5,test
*Oc1ccc(/N=C/C=N/c2ccc(OC(=O)Nc3cc(NC(*)=O)ccc3C)cc2)cc1,76.0,test
*c1ccc(-c2cnc3ccc(S(=O)(=O)c4ccc5ncc(*)nc5c4)cc3n2)cc1,342.0,test
*Oc1ccc(CC(NC(=O)Cc2ccc(OC(=O)CCCCC(*)=O)cc2)C(=O)OCCCCCC)cc1,36.0,test
*Nc1ccc(C(=O)c2ccc(NC(=O)c3cccc(C(*)=O)c3)cc2)cc1,253.2,test
*CC(*)(C)C(=O)OCCOCCOCC1COCCOCCOCCO1,10.0,test
*CCCC(C)(C)CNC(=O)c1ccc(C(=O)N*)cc1,157.0,test
*Oc1ccc2ccc(OC(=O)c3ccc(Oc4ccc(C(*)=O)cc4)cc3)cc2c1,142.0,test
*Oc1ccc(NC(=O)c2ccc(Oc3ccc(C(C)(C)c4cccc(C(C)(C)c5ccc(Oc6ccc(C(=O)Nc7ccc(Oc8ccc(C(c9ccc(*)cc9)(C(F)(F)F)C(F)(F)F)cc8)cc7)cc6)cc5)c4)cc3)cc2)cc1,154.0,test
*c1ccc2oc(-c3ccc(C(c4ccc(-c5nc6cc(C(*)(c7ccccc7)C(F)(F)F)ccc6o5)cc4)(C(F)(F)F)C(F)(F)F)cc3)nc2c1,334.0,test
*Oc1ccc(Oc2ccc(C(=O)c3ccc(-c4ccc(C(=O)c5ccc(*)cc5)cc4)cc3)cc2)cc1-c1ccc(S(=O)(=O)O)c(C)c1,182.0,test
*c1cc(Br)c(-c2c(Br)cc(N3C(=O)c4ccc(-c5ccc6c(c5)C(=O)N(*)C6=O)cc4C3=O)cc2C(=O)OCCCCCCCC)c(C(=O)OCCCCCCCC)c1,135.5,test
*C(=O)c1cc(C(=O)c2ccc3c(c2)C(=O)N(c2cccc(N4C(=O)c5ccc(*)cc5C4=O)c2)C3=O)cc(-c2ccccc2)c1,266.5,test
*C(=O)OCCCCCCCOC(=O)c1ccc(N2C(=O)c3ccc(*)cc3C2=O)cc1,77.0,test
*CC(=O)C(*)c1ccccc1,110.0,test
*COC1OC(*)C(O)C(O)C1O,200.0,test
*CCCCCCCCCCC(=O)Nc1ccc(Oc2cccc(NC(=O)CCCCCCCCCCN3C(=O)c4ccc(C(=O)c5ccc6c(c5)C(=O)N(*)C6=O)cc4C3=O)c2)cc1,126.0,test
*c1cccc(Oc2ccc(P(=O)(c3ccccc3)c3ccccc3)c(Oc3cccc(-n4c(=O)c5cc6c(=O)n(*)c(=O)c6cc5c4=O)c3)c2)c1,251.0,test
*CCCNC(=O)Cc1ccc(C(=O)N*)cc1,109.0,test
*CC(O)COc1ccc(C(C)(C)C2CCC(C)(c3ccc(O*)cc3)CC2)cc1,135.0,test
*c1ccc2c(c1)C(=O)N(c1ccc(-c3ccc(N4C(=O)c5ccc(C(*)(c6ccccc6)C(F)(F)F)cc5C4=O)cc3C(F)(F)F)c(C(F)(F)F)c1)C2=O,280.0,test
*CC(*)(F)C(=O)OCCC(F)(F)C(F)(F)C(F)(F)C(F)(F)C(F)(F)C(F)(F)C(F)(F)C(F)(F)F,87.5,test
*c1ccc(C(=O)c2cccc(C(=O)c3ccc(S(*)(=O)=O)cc3)c2)cc1,198.0,test
*CCCCOC(=O)c1ccc([Si](C)(C)c2ccc(C(=O)O*)cc2)cc1,42.0,test
*C(=O)Nc1cccc(NC(=O)c2ccc3[nH]c(-c4ccc(-c5nc6cc(*)ccc6[nH]5)cc4)nc3c2)c1,294.0,test
*CC(O)CN(C)S(=O)(=O)c1cccc(S(=O)(=O)N(C)CC(O)COc2ccc(C3(c4ccc(O*)cc4)c4ccccc4-c4ccccc43)cc2)c1,127.0,test
*c1ccc(Oc2ccc(C(C)(C)c3ccc(Oc4ccc(N5C(=O)c6ccc(Oc7ccc8c(c7)C(=O)N(*)C8=O)cc6C5=O)cc4)cc3)cc2)cc1,227.5,test
*CC(*)(CC(=O)OC)C(=O)O,159.0,test
*Oc1ccc(CC(NC(=O)CCc2ccc(OC(=O)CCCCC(*)=O)cc2)C(=O)OCc2ccccc2)cc1,54.5,test
*CCOC(=O)Nc1ccc(C)c(NC(=O)OCCOc2ccc(C3(c4ccc(O*)cc4)c4ccccc4-c4ccccc43)cc2)c1,175.0,test
*NC1CC(C)(C)CC(C)(CNC(=O)CCCCC(*)=O)C1,150.8,test
*CC(*)c1ccc(CCCCCCCCC)cc1,-53.0,test
*Oc1c(Cl)cc(C2(c3cc(Cl)c(OC(*)=O)c(Cl)c3)CC3CCC2C3)cc1Cl,290.0,test
*c1ccc2c(c1)C(=O)N(c1ccc(Oc3ccc(N4C(=O)c5ccc(C(F)(F)C(F)(F)C(F)(F)C(*)(F)F)cc5C4=O)cc3)cc1)C2=O,212.0,test
*/C=C/c1ccc(/C=C/[Si](C)(CCC(F)(F)F)c2ccc([Si](*)(C)CCC(F)(F)F)cc2)cc1,55.7,test
*OP(=O)(Oc1ccc(*)cc1)OC1CCCCC1,108.0,test
*CCCCCCOC(=O)NCc1ccc(CNC(=O)O*)cc1,56.0,test
*c1ccc(C(=O)Oc2c(C)cc(C(c3cccnc3)c3cc(C)c(OC(=O)c4ccc(N5C(=O)CC(Nc6ccc(NC7CC(=O)N(*)C7=O)cc6)C5=O)cc4)c(C)c3)cc2C)cc1,212.0,test
*C1C(=O)N(c2ccccc2C(=O)OCCCC)C(=O)C1*,181.0,test
*Oc1ccc(NC(=O)c2cc(-c3ccc(C(=O)OCC)c(C(=O)Nc4ccc(*)cc4)c3)ccc2C(=O)OCC)cc1,190.15,test
*CCCCCCCCCCCC(=O)Oc1ccc(-c2ccc(OC(=O)c3ccc4c(c3)C(=O)N(*)C4=O)cc2)cc1,60.0,test
*/C(C)=C(/*)[Si](C)(C)C[Si](C)(C)C,200.0,test
*Oc1ccc(C2(c3ccc(Oc4ccc5c(=O)n6c7cc(-c8ccc9c(c8)nc8c%10ccc(*)c%11cccc(c(=O)n98)c%11%10)ccc7nc6c6cccc4c56)cc3)c3ccccc3C(=O)c3ccccc32)cc1,428.0,test
*CC(*)(C)C(=O)OCCS(=O)CC,25.0,test
*CCCC(C)(C)CNC(=O)CCCCCC(=O)N*,70.5,test
*c1cc(CCOc2ccc(/N=N/c3ccc(C#N)cc3)cc2)c(*)s1,73.0,test
*C(=O)Nc1ccc(C2(c3ccc(N4C(=O)c5ccc(*)cc5C4=O)cc3)CCCCC2)cc1,319.0,test
*CC(*)C(=O)Oc1ccc(C(C)(C)C)cc1,71.0,test
*Oc1ccc(-c2ccc(Oc3ccc(C(=O)c4ccc(C(=O)c5ccc(*)cc5)cc4)cc3)cc2)cc1,173.0,test
*Oc1c(C)cc(C(C)(C)c2cc(C)c(OC(*)=O)c(C)c2)cc1C,193.0,test
*CCCCCCOc1ccc(NC(=O)c2cc(C(=O)Nc3ccc(O*)cc3)cc(C(C)(C)C)c2)cc1,166.0,test
*c1ccc(S(=O)(=O)c2ccc(N3C(=O)C(C)C(SCCOCCSC4C(=O)N(c5ccc(S(=O)(=O)c6ccc(N7C(=O)CC(C)(SCCOCCSC8(C)CC(=O)N(*)C8=O)C7=O)cc6)cc5)C(=O)C4C)C3=O)cc2)cc1,157.0,test
*OC(=O)c1cccc(C(=O)Oc2ccc3c(c2)Oc2cc(*)ccc2C32OC(=O)c3ccccc32)c1,276.0,test
*c1ccc(C(c2ccc(N(*)c3ccc(C)cc3)cc2)c2ccc([N+](=O)[O-])cc2)cc1,215.0,test
*COc1ccc(C(c2ccc(OCC3(*)COC3)cc2)(C(F)(F)F)C(F)(F)F)cc1,134.0,test
*CC(*)c1ccc(C#N)cc1,180.0,test
*Sc1ccc(Nc2ccc(*)cc2)cc1,145.0,test
*Nc1ccc(NC(=O)c2cc(-c3ccc(C(=O)O)c(C(*)=O)c3)ccc2C(=O)O)cc1,248.4,test
*Oc1ccc(C(C)(C)c2ccc(OC(=O)CCCCC(*)=O)cc2)cc1,54.0,test
*CC(C)(CC)COC(=O)c1ccc(-c2ccc(C(=O)O*)cc2)cc1,99.0,test
*CC(*)(C)C(=O)OCCCCCCOc1ccc(/N=N/c2ccc([N+](=O)[O-])cc2)cc1,108.0,test
*Oc1ccc(/N=C/CCC/C=N/c2ccc(OC(=O)NC3CC(C)(C)CC(C)(CNC(*)=O)C3)cc2)cc1,66.0,test
*c1ccc(Oc2ccc(S(=O)(=O)c3ccc(Oc4ccc(-c5c6c(c(*)c7ccccc57)C(=O)N(c5ccccc5-c5ccccc5)C6=O)cc4)cc3)cc2)cc1,278.0,test
*Oc1ccc(Oc2ccc(/C(=N/c3ccc(/N=C(\c4ccccc4)c4ccc(*)cc4)cc3)c3ccccc3)cc2)cc1,176.0,test
*CCCCCCNC(=O)c1cc(NC(=O)C(C(C)CC)N2C(=O)c3ccccc3C2=O)cc(C(=O)N*)c1,135.0,test
*Oc1ccc(C(c2ccc(Oc3ccc(C(=O)c4cccc(-c5cccc(C(=O)c6ccc(*)cc6)c5)c4)cc3)cc2)(C(F)(F)F)C(F)(F)F)cc1,159.0,test
*Nc1ccc(C(c2ccc(NC(=O)c3ccc4cc(C(*)=O)ccc4c3)cc2)(P2(=O)Oc3ccccc3-c3ccccc32)P2(=O)Oc3ccccc3-c3ccccc32)cc1,241.0,test
*CC(c1ccccn1)C(c1ccccc1)C(*)c1ccccn1,150.0,test
*CCCCCCCCCCC(=O)Nc1ccc(Oc2ccc(Oc3ccc(NC(=O)CCCCCCCCCCN4C(=O)c5ccc(C(=O)c6ccc7c(c6)C(=O)N(*)C7=O)cc5C4=O)cc3)cc2)cc1,122.0,test
*Cc1c(C)c(C)c(CNC(=O)CCCC(=O)N*)c(C)c1C,192.0,test
*C(=O)c1cc(C(=O)c2ccc3c(c2)C(=O)N(c2ccc(Oc4ccc(N5C(=O)c6ccc(*)cc6C5=O)cc4)cc2)C3=O)cc(-c2ccccc2)c1,258.5,test
*c1cccc(-c2nc3ccc(-c4ccc5nc(*)[nH]c5c4)cc3[nH]2)c1,420.0,test
*O[Si](C)(C)O[Si](*)(C)CCCCOc1ccc(-c2ccc(C#N)cc2)cc1,-5.5,test
*Oc1ccc(C(=O)NNC(=O)c2cccc(C(=O)NNC(=O)c3ccc(OC(=O)c4cccc(C(*)=O)c4)cc3)c2)cc1,180.0,test
*c1ccc(Oc2cc3ccccc3cc2Oc2ccc(N3C(=O)c4ccc(Oc5cc6ccccc6cc5Oc5ccc6c(c5)C(=O)N(*)C6=O)cc4C3=O)cc2)cc1,222.0,test
*Oc1ccc(C2(c3ccc(OC(*)=O)cc3)CC(C)CC(C)(C)C2)cc1,235.5,test
*c1ccc(C(=O)c2ccc(-n3c(=O)c4cc5c(=O)n(*)c(=O)c5cc4c3=O)cc2)cc1,424.0,test
*c1ccc2c(c1)C(=O)N(c1ccc(Oc3ccc4ccc(Oc5ccc(N6C(=O)c7ccc(C(*)(C(F)(F)F)C(F)(F)F)cc7C6=O)cc5)cc4c3)cc1)C2=O,302.3,test
*CCCCCCNC(=O)CC(=O)N*,50.0,test
*OC(=O)c1ccc(C(=O)Oc2ccc3c(c2)Oc2cc(*)ccc2C32c3ccccc3-c3ccccc32)cc1,290.0,test
*/C=C/CCC*,-92.5,test
*C1C(=O)N(c2ccccc2C(=O)OCC)C(=O)C1*,230.0,test
*C(=O)Nc1ccc(Oc2ccc(S(=O)(=O)c3ccc(Oc4ccc(NC(=O)c5ccc6c(c5)C(=O)N(c5ccc(Oc7ccc8ccc(Oc9ccc(N%10C(=O)c%11ccc(*)cc%11C%10=O)cc9)cc8c7)cc5)C6=O)cc4)cc3)cc2)cc1,274.0,test
*OC(=O)CCC(=O)OC1COC2C(*)COC12,77.0,test
*CCCCCCOc1c(OC)cc(/C=C/c2ccc(/C=C/c3cc(OC)c(O*)c(OC)c3)cc2)cc1OC,90.0,test
*Oc1cccc(NC(=O)c2cc(C(=O)Nc3ccc(*)cc3)cc(C(F)(F)C(F)(F)C(F)(F)C(F)(F)C(F)(F)C(F)(F)C(F)(F)C(F)(F)F)c2)c1,210.0,test
*CC(*)N1CCCC1=O,158.0,test
*CC(*)C1CCCCC1,119.7,test
*O[Si](*)(C)CCCCCCCCCCCOc1ccc(/C=C/c2ccc(OC)cc2)cc1,55.0,test
*CCN(C)C(=O)CCCCCCCCC(=O)N(*)C,0.0,test
*Nc1ccc(NC(=O)CCCCCCCC(*)=O)cc1,130.0,test
*Oc1ccc(NC(=C(C#N)C#N)c2ccc(-c3ccc(C(Nc4ccc(*)cc4)=C(C#N)C#N)cc3)cc2)cc1,220.0,test
*Oc1ccc(C(=O)c2cccc(C(=O)c3ccc(Oc4ccc(Cc5ccc(*)cc5)cc4)cc3)c2)cc1,145.0,test
*CC(*)C(=O)OCCC#N,4.0,test
*c1cccc(P(C)(=O)c2cccc(N3C(=O)c4ccc(NC(=O)OCCOc5ccc(C(c6ccc(OCCOC(=O)Nc7ccc8c(c7)C(=O)N(*)C8=O)cc6)(C(F)(F)F)C(F)(F)F)cc5)cc4C3=O)c2)c1,204.0,test
*Nc1ccc(C(c2ccc(NC(=O)c3cc(NC(=O)CCCCCN4C(=O)c5ccccc5C4=O)cc(C(*)=O)c3)cc2)(C(F)(F)F)C(F)(F)F)cc1,225.0,test
*c1ccc(-c2ccc(-c3ccc(-c4ccc(N(*)c5ccc(C)cc5)cc4)c4c(C)ccc(C)c34)c3c(C)ccc(C)c23)cc1,148.0,test
*CC(*)(C)C(=O)OCc1ccc(/C=C/C(=O)C2c3ccccc3C(=O)c3ccccc32)cc1,163.0,test
*N=P(N=P(N=S(*)(=O)NCCCC)(NCCCC)NCCCC)(NCCCC)NCCCC,-16.0,test
*c1cccc(C(=O)Nc2ccc(Oc3ccc(Oc4ccc(Oc5ccc(NC(=O)c6cccc(N7C(=O)c8ccc(-c9ccc%10c(c9)C(=O)N(*)C%10=O)cc8C7=O)c6)cc5)cc4)cc3)cc2)c1,244.0,test
*Nc1ccc(NC(=O)c2ccc(NC(=O)CCCCCCCCCCCCC(=O)Nc3ccc(C(*)=O)cc3)cc2)cc1C(=O)OCCCCCCCCCCCCCCCC,250.0,test
*/C=C/c1c(OC(=O)c2ccc(C(=O)Oc3cccc4ccc(*)nc34)cc2)ccc2ccccc12,175.0,test
*c1ccc2c(c1)C(=O)N(c1ccc(C(=O)Nc3ccc(Oc4ccc(C(c5ccc(Oc6ccc(NC(=O)c7ccc(N8C(=O)c9ccc(C(*)(C(F)(F)F)C(F)(F)F)cc9C8=O)cc7)cc6)cc5)(C(F)(F)F)C(F)(F)F)cc4)cc3)cc1)C2=O,293.0,test
*CCOC(=O)C1CCC(C(=O)OCCOc2ccc(C(C)(C)c3ccc(O*)cc3)cc2)CC1,57.0,test
*ON(C(F)(F)F)C(F)(F)/C(F)=C(\F)C(*)(F)F,-7.0,test
*/C(=C/c1cc(OC)c(/C=C(\c2ccccc2)c2ccc(-c3ccc(*)cc3)cc2)cc1OC)c1ccccc1,223.0,test
*CCN(CCOC(=O)CCCCC(=O)O*)c1ccc(/C=N/N(c2ccccc2)c2ccccc2)cc1,54.0,test
*C(=O)c1cc2c(cc1Cl)C(=O)N(c1cc(Cl)cc(N3C(=O)c4cc(*)c(Cl)cc4C3=O)c1)C2=O,311.0,test
*CC(*)OC(=O)C(C)(CC)C(C)(C)C,120.0,test
*Oc1ccc(C(c2ccccc2)c2ccc(OC(*)=O)cc2)cc1,170.0,test
*O[Si](C)(CCC(F)(F)C(F)(F)C(F)(F)C(F)(F)C(F)(F)C(F)(F)F)O[Si](C)(C)c1ccc([Si](*)(C)C)cc1,-55.0,test
*Oc1ccc(NC(=O)c2ccc(C(=O)Nc3ccc(Oc4ccc(C5(c6ccc(*)cc6)CC6CCC5C6)cc4)cc3)cc2)cc1,281.0,test
*C(=O)OCCCCCCCCCCCCCCCCCCCCCCOC(=O)c1ccc(N2C(=O)c3ccc(*)cc3C2=O)cc1,44.0,test
*N=P(*)(Oc1ccc(C)c(C)c1)Oc1ccc(C)c(C)c1,-1.5,test
*c1ccc(N(c2ccc(C#N)cc2)c2ccc(-n3c(=O)c4cc5c(=O)n(*)c(=O)c5cc4c3=O)cc2)cc1,353.0,test
*c1ccc(Oc2ccc(N3C(=O)c4ccc([Si](C)(C)O[Si](C)(C)c5ccc6c(c5)C(=O)N(c5ccc(Oc7ccc(-c8nnc(*)o8)cc7)cc5)C6=O)cc4C3=O)cc2)cc1,190.5,test
*c1ccc(C2(c3ccc(N4C(=O)c5ccc(-c6ccc7c(c6)C(=O)N(*)C7=O)cc5C4=O)cc3)c3ccccc3-c3ccccc32)cc1,388.0,test
*CC(OC)C1C(=O)N(c2ccc(N(C)C)cc2)C(=O)C1*,221.0,test
*Nc1cccc(/C=C/c2ccc(NC(=O)c3cccc(C(*)=O)c3)cc2)c1,272.0,test
*c1cccc(P(=O)(c2ccccc2)c2cccc(N3C(=O)c4ccc(Oc5ccc6c(c5)C(=O)N(*)C6=O)cc4C3=O)c2)c1,251.0,test
*CC(*)(C)C(=O)OCCCCOc1ccc(OC(=O)c2ccc(OC)c(Br)c2)cc1,69.0,test
*Oc1ccc(Oc2ccc(/C=N/CCCCCCCCCC/N=C/c3ccc(*)cc3)cc2)cc1,108.0,test
*CC(CSCCCCC)O*,-68.0,test
*C(=O)c1ccc2c(c1)C(=O)N(c1cccc(C(=O)N(C)c3ccc(N4C(=O)c5ccc(*)cc5C4=O)cc3)c1)C2=O,260.5,test
*COC(=O)Nc1ccc(Cc2ccc(NC(=O)OCc3cocc3*)cc2)cc1,45.0,test
*C1(C)CC(*)(C)C(=O)N(C)C1=O,170.0,test
*CCCCCCOP(=O)(/N=N/c1ccc(COC(=O)c2cc(C(=O)OCc3ccc(/N=N/P(=O)(O*)OC)cc3)cc(C(C)(C)C)c2)cc1)OC,62.0,test
*CCCCCCOC(=O)OCCCCCCCCCCCCOC(=O)OCCCCCCOc1ccc(C(=O)c2ccc(O*)cc2)cc1,-8.0,test
*CCC1C[N+](C)(C)CC1*,-6.7,test
*c1ccc(Cc2ccc(-n3nc(-c4ccccc4)cc3-c3cccc(-c4cc(-c5ccccc5)nn4*)c3)cc2)cc1,225.0,test
*CCCCCCCCOC(=O)Nc1ccc(Cc2ccc(NC(=O)O*)cc2)cc1,79.0,test
*Oc1cccc(N(c2ccccc2)c2ccc(-c3ccc(N(c4ccc(/N=N/c5ccc([N+](=O)[O-])cc5)cc4)c4cccc(OC(=O)OCCOCCOC(*)=O)c4)cc3)cc2)c1,111.0,test
*CC(COc1ccc(O*)cc1)OC(C)=O,49.0,test
*CCC[Sn](C)(C)CCCOC(=O)C(CCCCCCOc1ccc(-c2ccc(OCc3ccc([N+](=O)[O-])cc3)cc2)cc1)C(=O)O*,40.5,test
*c1ccc(C(C#N)(C(=O)OCCCC)C(*)(C#N)C(=O)OCCCC)cc1,108.0,test
*c1ccc(N(c2ccc(C#N)cc2)c2ccc(N3C(=O)c4ccc(Oc5ccc(C(C)(C)c6ccc(Oc7ccc8c(c7)C(=O)N(*)C8=O)cc6)cc5)cc4C3=O)cc2)cc1,230.0,test
*Oc1ccc2ccc(Oc3ccc(C(=O)Nc4ccc(Oc5ccc(C(C)(C)c6ccc(Oc7ccc(NC(=O)c8ccc(*)cc8)cc7)cc6)cc5)cc4)cc3)cc2c1,143.0,test
*C(F)(F)C(*)(F)Cl,52.1,test
*CCCCCOC(=O)CCCCCCCCCCN1C(=O)c2ccc(-c3ccc(-c4ccc5c(c4)C(=O)N(CCCCCCCCCCC(=O)OCCCCCN4C(=O)c6ccc(-c7ccc8c(c7)C(=O)N(*)C8=O)cc6C4=O)C5=O)cc3)cc2C1=O,41.0,test
*CC(*)OCCOc1ccc(/N=N/c2ccc([N+](=O)[O-])cc2)cc1,54.0,test
*c1ccc(-c2nc3cc(C(=O)c4ccc5nc(-c6ccccc6)c(-c6ccc(N7C(=O)C8OC9C(=O)N(*)C(=O)C9C8C7=O)cc6)nc5c4)ccc3nc2-c2ccccc2)cc1,255.0,test
*CC(*)(CC(=O)OC)C(=O)OC12CC3CC(CC(C3)C1)C2,197.0,test
*/C(=C(/*)c1ccc([Si](C(C)C)(C(C)C)C(C)C)cc1)c1ccccc1,250.0,test
*C(=O)Nc1cccc(C(=O)Nc2cccc(NC(=O)c3ccc4[nH]c(-c5ccc(-c6nc7cc(*)ccc7[nH]6)cc5)nc4c3)c2)c1,312.0,test
*c1ccc(OC(=O)c2cccc(C(=O)Oc3ccc(C4(*)c5ccccc5C(=O)N4C)cc3)c2)cc1,285.0,test
*CC(O)COc1ccc(C(C)(C)c2ccc(OCC(O)CN3CCN(*)CC3)cc2)cc1,100.0,test
*C(=O)Nc1cccc(NC(=O)c2ccc3c(c2)C(=O)N(c2ccc(Oc4cccc5c(N6C(=O)c7ccc(*)cc7C6=O)cccc45)cc2)C3=O)n1,293.0,test
*c1cccc(C(=O)c2ccc(Oc3ccc(N4C(=O)c5ccc(Oc6ccc7c(c6)C(=O)N(*)C7=O)cc5C4=O)cc3)cc2)c1,232.0,test
*c1cc(C(c2ccc(OCCN(C)c3ccc(/C=C/C4=C/C(=C(/C#N)C(=O)OCCc5ccccc5)CC(C)(C)C4)cc3)c(N3C(=O)c4ccc(Oc5ccc6c(c5)C(=O)N(*)C6=O)cc4C3=O)c2)(C(F)(F)F)C(F)(F)F)ccc1OCCN(c1ccccc1)c1ccc(/C=C/C2=C/C(=C(/C#N)C(=O)OCCc3ccccc3)CC(C)(C)C2)cc1,177.0,test
*C(=O)c1ccc2c(c1)C(=O)N(c1cccc(C(=O)c3ccc(Cc4ccc(C(=O)c5cccc(N6C(=O)c7ccc(*)cc7C6=O)c5)cc4)cc3)c1)C2=O,260.5,test
*CCCCCCCCCCC(=O)O*,-46.05,test
*Oc1ccc(OC(=O)c2ccc(OCCCCCCCCCCCCOc3ccc(C(*)=O)cc3)cc2)cc1S(=O)(=O)c1ccccc1,82.7,test
*Oc1ccc(CC(NC(=O)Cc2ccc(OC(=O)CCCCCCC(*)=O)cc2)C(=O)OCCCCCC)cc1,27.0,test
*CC(*)(C)C(=O)Oc1cccc(C)c1C,120.0,test
*c1cccc(N2C(=O)c3ccc(Oc4ccc5cc(Oc6ccc7c(c6)C(=O)N(*)C7=O)ccc5c4)cc3C2=O)c1,230.0,test
*Cc1ccc(CNC(=O)CCCCCCCCCCC(=O)N*)cc1,105.0,test
*CC(*)C(=O)OCCCCCCCCOC(=O)c1ccc(OC(=O)c2ccc(C#N)cc2)cc1,15.0,test
*CC(=O)Nc1ccc(Oc2cccc(Oc3ccc(NC(=O)CN4C(=O)c5ccc(C(c6ccc7c(c6)C(=O)N(*)C7=O)(C(F)(F)F)C(F)(F)F)cc5C4=O)cc3)c2)cc1,221.0,test
*Oc1ccc(S(=O)(=O)c2ccc(Oc3c(C)cc(-c4cc(C)c(*)c(C)c4Br)c(Br)c3C)cc2)cc1,298.2,test
*c1cccc(OCCCOc2cccc(N3C(=O)c4ccc(-c5ccc6c(c5)C(=O)N(*)C6=O)cc4C3=O)c2)c1,184.0,test
*C(=O)Nc1cccc(Oc2cccc(Oc3cccc(Oc4cccc(Oc5cccc(NC(=O)c6ccc7c(c6)C(=O)N(c6ccc(Oc8cccc(Oc9ccc(N%10C(=O)c%11ccc(*)cc%11C%10=O)cc9)c8C#N)cc6)C7=O)c5)c4C#N)c3)c2C#N)c1,199.0,test
*CC(*)C(N)=O,193.0,test
*C(=O)OCCN(CCOC(=O)c1ccc2c(c1)C(=O)N(c1c(C)cc(Cc3cc(C)c(N4C(=O)c5ccc(*)cc5C4=O)c(C)c3)cc1C)C2=O)c1ccccc1,177.0,test
*Oc1c(C(C)C)cc(C(=O)c2cccc(C(=O)c3ccc(*)cc3)c2)cc1C(C)C,132.0,test
*C(=O)Oc1ccc(OC(=O)c2ccc3c(c2)C(=O)N(c2ccc(S(=O)(=O)c4ccc(N5C(=O)c6ccc(*)cc6C5=O)cc4)cc2)C3=O)c(C(C)(C)C)c1,179.0,test
*OCCOC(=O)CCCCC(=O)OCCOc1nc(-c2ccc(OCCCC)cc2)nc(*)c1-c1ccc(OC)cc1,34.0,test
*Oc1ccc(OC(=O)c2ccc(C(*)=O)cc2Sc2ccccc2)cc1-c1ccccc1,130.0,test
*CC(CC)N(*)C(=O)CCCC,52.0,test
*CCCCCCCCCCOC(=O)Nc1ccc(Cc2ccc(NC(=O)O*)cc2)cc1,60.0,test
*c1ccc(Oc2ccc(C(C)(C)c3ccc(Oc4ccc(-c5nnc(*)o5)cc4)cc3)cc2)cc1,180.0,test
*CC(*)c1ccc(CCl)cc1,113.5,test
*c1ccc(C(=O)OCCCCCCCCCCOC(=O)c2ccc(-c3nnc(*)s3)cc2)cc1,79.0,test
*CCCCCCOP(=O)(/N=N/c1ccc(CCOC(=O)c2cc(C(=O)OCCc3ccc(/N=N/P(=O)(O*)OC)cc3)cc(C(C)(C)C)c2)cc1)OC,47.0,test
*c1ccc(Oc2ccc(C(=O)c3ccc(Oc4ccc(-c5c6c(c(*)c7ccccc57)C(=O)N(C)C6=O)cc4)cc3)cc2)cc1,283.0,test
*Oc1ccc2cc(OC(=O)c3cccc(Oc4ccc(Oc5cccc(C(*)=O)c5)cc4)c3)ccc2c1,125.0,test
*Oc1ccc(CC(NC(=O)Cc2ccc(OC(=O)CCCCCCCCC(*)=O)cc2)C(=O)OCCCCCCCC)cc1,16.0,test
*OS(=O)(=O)c1cc(S(=O)(=O)Oc2ccc(C3(c4ccc(*)cc4)CCCCC3)cc2)ccc1C,142.0,test
*CC(*)c1ccccc1COC,89.0,test
*CC(*)(C)C(=O)OCCCCC(F)(F)C(F)(F)C(F)(F)C(F)(F)F,23.0,test
*CC(*)C(=O)c1ccc(OC)cc1,46.0,test
*O[Si](*)(C)CCc1ccc(O)cc1,39.0,test
*c1ccc(Oc2ccc(C(C)(C)c3ccc(Oc4ccc(-c5nnc(*)n5-c5ccc(S(=O)(=O)c6ccccc6)cc5)cc4)cc3)cc2)cc1,198.0,test
*CCCCCCCCCCCCCCC(=O)O*,-22.1,test
*CCc1ccc(*)c(Br)c1,80.0,test
*Oc1cc(OC(=O)c2ccc(OCCC)cc2)c(OC(=O)CCCCCCCCCCCCCCC(*)=O)cc1OC(=O)c1ccc(OCCC)cc1,18.0,test
*Oc1ccc(-c2ccc(-c3ccc(Oc4ccc(C(=O)c5cccc(C(=O)c6ccc(*)cc6)c5)cc4)cc3)cc2)cc1,174.0,test
*c1ccc(Oc2ccc(-c3ccc(Oc4ccc(N5C(=O)c6cccc(Oc7c(C)cc(-c8cc(C)c(Oc9cccc%10c9C(=O)N(*)C%10=O)c(C)c8)cc7C)c6C5=O)cc4)cc3)cc2)cc1,290.0,test
*Cc1ccc(C(C)(C)c2ccc(CN3C(=O)c4ccc(Oc5ccc6c(c5)C(=O)N(*)C6=O)cc4C3=O)o2)o1,116.0,test
*CC(*)C(=O)OCCCCCC,-57.0,test
*Nc1ccc(-c2ccc(Nc3ccc4c(c3)c3cc(*)ccc3n4CC(CC)CCCC)cc2)cc1,231.0,test
*CCNC(=O)c1ccc(C(=O)N*)c(Oc2ccccc2)c1,164.0,test
*/C=C/c1cccc(/C=C/[Si](C)(C)c2cccc([Si](*)(C)C)c2)c1,28.7,test
*c1cccc(P(=O)(c2ccccc2)c2cccc(N3C(=O)c4ccc(Oc5ccc(C(C)(C)c6ccc(Oc7ccc8c(c7)C(=O)N(*)C8=O)cc6)cc5)cc4C3=O)c2)c1,213.0,test
*CCCCCCNC(=O)CC(C)(C)c1ccc(C(C)(C)CC(=O)N*)cc1,91.0,test
*CC(*)(C)C(=O)OCCCCCCOc1ccc(/N=N/c2ccc(OCCCC)cc2)cc1,79.0,test
*CC(*)S(=O)(=O)c1ccccc1,128.0,test
*O[Si](*)(C)C,-122.8,test
*CC(*)OC(=O)OC([2H])([2H])[2H],55.0,test
*CC(*)(F)C(=O)OCC,94.0,test
*c1ccc(-c2ccc(-c3ccc(-c4ccc(-c5cc(-c6ccccc6)c6cc(Oc7ccc8nc(*)cc(-c9ccccc9)c8c7)ccc6n5)cc4)cc3)cc2)cc1,310.0,test
*CC(*)(C)C(=O)OCCCCCCOc1ccc(OC(=O)c2ccc(-c3ccc(OC)cc3)cc2)cc1,57.0,test
*c1[nH]c2ccccc2c1*,137.0,test
*c1ccc(Oc2ccc(-c3ccc(Oc4ccc(-c5nnc(*)c6c(-c7ccc(F)cc7)c(-c7ccc(F)cc7)c(-c7ccc(F)cc7)c(-c7ccc(F)cc7)c56)cc4)cc3)cc2)cc1,320.0,test
*CC(*)F,41.0,test
*CCOC(=O)c1cc(C(=O)O*)cc(C(C)(C)C)c1,94.0,test
*Oc1ccc(C(c2ccc(OC(*)=S)cc2)C(C)C)cc1,135.0,test
*CC(O)COc1ccc(C(C)(C)c2ccc(OCC(O)COc3ccccc3C(=O)Nc3ccc(O*)cc3)cc2)cc1,121.0,test
*C(F)C(*)(F)OC(F)(F)F,-10.0,test
*CC(*)c1ccccc1C(=O)OCCC,108.0,test
*CCCCOC(=O)c1ccc2cc(C(=O)O*)ccc2c1,66.0,test
*CC(*)C(=O)Oc1ccc(C(=O)OC)cc1,67.0,test
*C(=O)c1ccc2c(c1)C(=O)N(c1cccc(Nc3nc(Nc4cccc(N5C(=O)c6ccc(*)cc6C5=O)c4)nc(N(C)C)n3)c1)C2=O,294.0,test
*Oc1ccc(CC(NC(=O)CCc2ccc(OC(=O)COCCOCC(*)=O)cc2)C(=O)OCCCC)cc1,45.0,test
*CCCCCC(=O)Nc1ccc(NC(=O)CCCCCN2C(=O)c3ccc(C(=O)c4ccc5c(c4)C(=O)N(*)C5=O)cc3C2=O)cc1,200.0,test
*CC(*)(C)C(=O)OC1CCCC1,75.0,test
*CCCCCCNC(=O)c1ccc(C2(C)CC(C)(C)c3ccc(C(=O)N*)cc32)cc1,190.0,test
*c1ccc2c(c1)C(=O)N(c1ccc(OCCCCOc3ccc(N4C(=O)c5ccc(C(*)(C(F)(F)F)C(F)(F)F)cc5C4=O)cc3)cc1)C2=O,169.0,test
*CCOCCOCCOC(=O)c1ccc(-c2ccc(-c3ccc(C(=O)O*)cc3)cc2)cc1,50.0,test
*CC(*)OC(=O)C(F)(F)F,55.0,test
*CC(*)(CC(=O)OCCOCCOCCOCCOCCOCCOCCOC)C(=O)OCCOCCOCCOCCOCCOCCOCCOC,-40.5,test
*CC(*)(C)C(=O)OCC(C)O,76.0,test
*C1CCCCC1S(*)(=O)=O,77.0,test
*c1ccc(Oc2cc(C(C)(C)C)c(Oc3ccc(N4C(=O)c5ccc(S(=O)(=O)c6ccc7c(c6)C(=O)N(*)C7=O)cc5C4=O)cc3)cc2C(C)(C)C)cc1,263.0,test
*CCCCCCCCC(Cl)C(*)Cl,-30.0,test
*CC(CO*)(CS(=O)(=O)CCCCC)CS(=O)(=O)CCCCC,56.0,test
*Oc1ccc(Oc2ccc(NC(=O)c3cccc(C(=O)Nc4ccc(*)cc4)c3)cc2)cc1C(C)(C)C,208.0,test
*C(=O)c1ccc2c(c1)C(=O)N(c1c(CC)cc(Cc3cc(CC)c(N4C(=O)c5ccc(*)cc5C4=O)c(CC)c3)cc1CC)C2=O,296.0,test
*N=P(*)(Oc1cccc(F)c1)Oc1cccc(F)c1,-38.0,test
*CC(O)COc1c(C)cc(C(C)(C)c2cc(C)c(OCC(O)COc3ccc(S(=O)(=O)c4ccc(O*)cc4)cc3)c(C)c2)cc1C,145.0,test
*Oc1ccc(CC(NC(=O)CCc2ccc(OC(=O)CCCCCCCCC(*)=O)cc2)C(=O)OC(C)CC)cc1,36.0,test
*/C=C(/*)CCCOc1ccc(OC(=O)c2ccc(OC)cc2)cc1,20.0,test
*c1ccc(Oc2ccc(C3(c4ccc(Oc5ccc(-c6ccc(*)s6)cc5C(F)(F)F)cc4)c4ccccc4-c4ccccc43)cc2)c(C(F)(F)F)c1,169.0,test
*Oc1ccc(C(C)(C)c2ccc(OC(=O)CCCCCCCCC(*)=O)cc2)cc1,14.25,test
*c1ccc(-c2ccc(-c3cc(-c4ccccc4)c4cc(C5(c6ccc7nc(*)cc(-c8ccccc8)c7c6)c6ccccc6-c6ccccc65)ccc4n3)cc2)cc1,380.0,test
*C(CC)COC(=O)NCCCCCCNC(=O)OCC(CC)n1c(=O)c2cc3c(=O)n(*)c(=O)c3cc2c1=O,61.0,test
*O[Si](*)(C)CCCCCCCCCCC(=O)Oc1ccc(-c2ccc(OC(=O)c3ccc(OCC)cc3)cc2)cc1,103.4,test
*CCCCCCOC(=O)OCCCOC(=O)OCCCCCCOc1ccc(Oc2ccc(O*)cc2)cc1,-6.0,test
*O[Si](*)(C)CCCCCCCCCCC(=O)Oc1ccc(C(=O)Oc2ccc(OC(=O)c3ccc(OCC(C)CC)cc3)cc2)cc1,28.5,test
*c1ccc(OCCN(CCOc2ccc(-c3nc4ccc(Oc5ccc6nc(*)c(-c7ccccc7)nc6c5)cc4nc3-c3ccccc3)cc2)c2ccc(/C=C/c3ccc([N+](=O)[O-])cc3)cc2)cc1,201.0,test
*CC(*)(C)C(=O)OCC1CO1,68.5,test
*CCCCCCCCCCNC(=O)CCP(C)(=O)CCC(=O)N*,45.5,test
*C[Ge](C)(C)Cc1cocc1*,-28.0,test
*Oc1ccc(CC(NC(=O)CCc2ccc(OC(=O)CCCC(*)=O)cc2)C(=O)OC)cc1,76.0,test
*OC(C)C(*)=O,58.4,test
*c1ccc(-c2cc(CCCCCC)c(-c3ccc(-c4ccc5ccc6ccc(*)nc6c5n4)cc3)cc2CCCCCC)cc1,190.0,test
*CC(*)c1ccc([Si](C)(C)O[Si](C)(C)O[Si](C)(C)C)cc1,-27.0,test
*N=P(*)(OCCOCCOc1ccc(CCCCCCCC)cc1)OCCOCCOc1ccc(CCCCCCCC)cc1,-13.3,test
*c1ccc(Cc2ccc(N3C(=O)c4ccc(Oc5ccc6c(c5)C(=O)N(*)C6=O)cc4C3=O)c(C(C)(C)C)c2)cc1C(C)(C)C,216.0,test
*c1ccc2c(c1)C(=O)N(c1cccc(C(F)(F)C(F)(F)C(F)(F)C(F)(F)C(F)(F)c3cccc(N4C(=O)c5ccc(C(F)(F)C(F)(F)C(F)(F)C(*)(F)F)cc5C4=O)c3)c1)C2=O,144.0,test
*OC1CCC(OC(=O)CCCCC(*)=O)CC1,77.8,test
*O[Si](C)(C)c1cc(OCCOCc2ccccc2)c([Si](*)(C)C)cc1OCCOCc1ccccc1,76.0,test
*Oc1c(C)cc(C2(c3cc(C)c(Oc4ccc(C(=O)c5cccc(C(=O)c6ccc(*)cc6)c5)cc4)c(C)c3)c3ccccc3-c3ccccc32)cc1C,229.0,test
*CCOCCOC(=O)CCCCCCCCCCC(=O)O*,-71.0,test
*Oc1ccc(OC(=O)c2ccc(-c3ccc(C(*)=O)cc3)cc2-c2ccccc2)cc1C,133.0,test
*/C=C/CC(C*)c1ccccc1,14.0,test
*Nc1ccc(C(c2ccc(NC(=O)c3ccc(-c4ccc(C(*)=O)cc4)cc3)cc2)(P2(=O)Oc3ccccc3-c3ccccc32)P2(=O)Oc3ccccc3-c3ccccc32)cc1,251.0,test
*Oc1cc(OC(=O)c2ccc(OCCCC)cc2)c(OC(=O)CCCCCCCC(*)=O)cc1OC(=O)c1ccc(OCCCC)cc1,38.0,test
*CCCCCCNC(=O)CCCCCCCCC(=O)N*,45.0,test
*Oc1ccc(CNC(=O)CCCCC(=O)NCc2ccc(OC3COC4C(*)COC34)cc2)cc1,116.0,test
*C(=O)c1ccc2c(c1)C(=O)N(c1ccc(Oc3ccc(C(=O)c4cccc(C(=O)c5ccc(Oc6ccc(N7C(=O)c8ccc(*)cc8C7=O)cc6)cc5)n4)cc3)cc1)C2=O,314.5,test
*C(F)(F)C(=O)NCCCCCCNS(*)(=O)=O,52.0,test
*CCOCCOP(=O)(/N=N/c1ccc(Oc2ccc(/N=N/P(=O)(O*)OC)cc2)cc1)OC,32.0,test
*C1C(=O)OC(=O)C1C1C2CC(C(=O)OC(C)CC)C(C2)C1*,175.0,test
*Oc1cccc2ccc(Oc3ccc(NC(=O)c4ccc(S(=O)(=O)c5ccc(C(=O)Nc6ccc(*)cc6)cc5)cc4)cc3)cc12,259.0,test
*=Nc1ccc(Cc2ccc(NC(=*)CCCC)cc2)cc1,106.0,test
*OC(*)CCC,-41.0,test
*c1ccc(Oc2ccc(C(c3ccc(Oc4ccc(N5C(=O)CC(=O)N(*)C5=S)cc4)cc3)(C(F)(F)F)C(F)(F)F)cc2)cc1,147.0,test
*CCN(*)CC,-32.0,test
*OC(C)COC(C)COC(=O)c1ccc(C(*)=O)cc1,37.0,test
*Oc1ccc(S(=O)(=O)c2ccc(Oc3ccc(S(=O)(=O)c4ccc(-c5ccc(S(=O)(=O)c6ccc(*)cc6)cc5)cc4)cc3)cc2)cc1,267.0,test
*C(F)(F)C(*)(F)OC(F)C(F)F,35.0,test
*c1ccc(-c2ccc([Si](*)(CCCC)CCCC)s2)s1,-10.0,test
*CC(*)c1ccc(C(=O)C(F)(F)F)cc1,95.0,test
*Oc1ccc(C(c2ccc(Oc3ccc(C(=O)c4c(C(=O)c5ccc(*)cc5)c(-c5ccc(F)cc5)c(-c5ccc(F)cc5)c(-c5ccc(F)cc5)c4-c4ccc(F)cc4)cc3)cc2)(C(F)(F)F)C(F)(F)F)cc1,253.0,test
*CC(*)(C)C(=O)Oc1ccc(CC#N)cc1,131.0,test
*CC(COCOCC(C)([N+](=O)[O-])[N+](=O)[O-])O*,-15.0,test
*Oc1ccc(CC(NC(=O)CCc2ccc(OC(=O)CCCC(*)=O)cc2)C(=O)OC(C)C)cc1,68.0,test
*CCCCCCCCCCNC(=O)/C=C(\C)C(=O)N*,74.0,test
*Oc1ccc(C2(c3ccc(Oc4ccc(C(=O)c5ccc(C(=O)c6ccc(*)cc6)cc5)cc4)cc3)c3ccccc3-c3ccccc32)cc1,243.0,test
*CCCCCCCCCOC(=O)c1ccc(C(=O)O*)cc1,35.0,test
*CC(*)c1ccc(CCCCCCCCCCCCCCCC)cc1,4.5,test
*Oc1cc(OC(=O)c2ccc(C)cc2)c(OC(=O)CCCCCCCCCCCCCCC(*)=O)cc1OC(=O)c1ccc(C)cc1,27.0,test
*c1ccc(-c2nnc(*)o2)c(OCCCCCCCCCC)c1,165.0,test
*Oc1ccc(C2(c3ccc(OC(*)=O)cc3)CCCCC2)cc1,175.0,test
*c1ccc(N2C(=O)c3ccc(-c4cccc5c4C(=O)N(*)C5=O)cc3C2=O)cc1,410.5,test
*Oc1ccc(C(CC)c2ccc(OC(*)=S)cc2)cc1,104.0,test
*c1ccc2c(c1)C(=O)N(c1cccc(C(=O)Nc3ccc(Oc4ccc(-c5ccc(Oc6ccc(NC(=O)c7cccc(N8C(=O)c9ccc(C(*)(C(F)(F)F)C(F)(F)F)cc9C8=O)c7)cc6)cc5)cc4)cc3)c1)C2=O,280.0,test
*CC(*)(C)C(=O)OCc1ccc2c(c1)c1ccccc1n2CCCCCCCCCCCC,25.0,test
*c1ccc2c(c1)C(=O)N(c1cc(C(=O)O)cc(N3C(=O)c4ccc(C(*)(C(F)(F)F)C(F)(F)F)cc4C3=O)c1)C2=O,366.5,test
*CCCC(C)(C)CNC(=O)CCCCCCCC(=O)N*,63.0,test
*C(=O)c1ccc2c(c1)C(=O)N(c1ccc(Oc3cccc(N4C(=O)c5ccc(*)cc5C4=O)c3)cc1)C2=O,280.5,test
*c1ccc(C2(c3ccc(-c4cc(-c5ccccc5)c5cc(C6(c7ccc8nc(*)cc(-c9ccccc9)c8c7)c7ccccc7-c7ccccc76)ccc5n4)cc3)c3ccccc3-c3ccccc32)cc1,390.0,test
*CC(C)CC(*)(C)C(=O)OC,16.0,test
*CC(*)c1ccc(COc2ccc(-c3ccc(-c4ccc(C)cc4)c4nsnc34)cc2)cc1,117.0,test
*Oc1ccc(C(c2ccc(Oc3ccc(C(=O)c4cccc5cccc(C(=O)c6ccc(*)cc6)c45)cc3)cc2)(C(F)(F)F)C(F)(F)F)cc1,213.0,test
*CC(*)c1ccc(C(O)CCN2CCCCC2)cc1,54.0,test
*/C=C/C1CC(*)C2C(=O)N(c3ccccc3)C(=O)C12,220.0,test
*CCCCCCCCOc1c(OC)cc(/C=C/c2ccc(/C=C/c3cc(OC)c(O*)c(OC)c3)cc2)cc1OC,69.4,test
*Sc1ccc(Sc2ccc(Sc3ccc4c(c3)C(=O)N(N3C(=O)c5cccc(*)c5C3=O)C4=O)cc2)cc1,242.0,test
*C(=O)Nc1ccc(Oc2ccc(C3(c4ccc(Oc5ccc(NC(=O)c6ccc7c(c6)C(=O)N(c6ccc(Oc8ccc(C9(c%10ccc(Oc%11ccc(N%12C(=O)c%13ccc(*)cc%13C%12=O)cc%11)cc%10)NC(=O)c%10ccccc%109)cc8)cc6)C7=O)cc5)cc4)NC(=O)c4ccccc43)cc2)cc1,330.0,test
*Oc1ccc(C(=O)c2cccc(NC(=O)CCCCCCCCC(=O)Nc3ccc(C(=O)c4ccc(*)cc4)cc3)c2)cc1,148.0,test
*Oc1ccc(CC(NC(=O)CCc2ccc(OC(=O)CCCC(*)=O)cc2)C(=O)OCCCCCC)cc1,43.0,test
*CCOc1ccc(/C=C2\CC/C(=C\c3ccc(OCCOP(=O)(O*)OCC)c(OC)c3)C2=O)cc1OC,80.0,test
*c1cccc(P(=O)(c2cccc(-n3c(=O)c4cc5c(=O)n(*)c(=O)c5c(-c5cc(C(F)(F)F)cc(C(F)(F)F)c5)c4c3=O)c2)c2cc(C(F)(F)F)cc(C(F)(F)F)c2)c1,280.0,test
*C(=O)Nc1cc(NC(=O)c2ccc3[nH]c(-c4cccc(-c5nc6cc(*)ccc6[nH]5)c4)nc3c2)cc(-c2nc3ccccc3[nH]2)c1,315.0,test
*c1ccc(Oc2ccc(C(c3ccc(Oc4ccc(-n5c(=O)c6ccc7c(=O)n(*)c(=O)c8ccc(c5=O)c6c78)cc4)c(S(=O)(=O)O)c3)(C(F)(F)F)C(F)(F)F)cc2S(=O)(=O)O)cc1,270.0,test
*CC(*)C(=O)OC(OCC)C(F)(F)F,5.0,test
*Nc1ccc(NC(=O)c2cc(NC(=O)c3ccccc3)cc(C(*)=O)c2)cc1,321.0,test
*CCC(C)Oc1ccc(-c2ccc(C(=O)OCC(C)COC(=O)c3ccc(-c4ccc(O*)cc4)cc3)cc2)cc1,84.0,test
*Oc1ccc2ccc(Oc3ccc(C(=O)Nc4ccc(C(C)(C)c5ccc(C(C)(C)c6ccc(NC(=O)c7ccc(*)cc7)cc6)cc5)cc4)cc3)cc2c1,155.0,test
*Nc1ccc(*)cc1OC,90.0,test
*c1ccc(Oc2ccc(N3C(=O)c4ccc(Oc5ccc6cc(Oc7ccc8c(c7)C(=O)N(*)C8=O)ccc6c5)cc4C3=O)cc2)cc1,249.0,test
*CCCCCCCCCCCCOC(=O)c1ccc2cc(C(=O)O*)ccc2c1,45.0,test
*C(=O)Nc1cccc(NC(=O)c2ccc(N3C(=O)c4ccc(*)cc4C3=O)cc2)c1,240.0,test
*CC(*)C(=O)OCCCCCCCCCCOC(=O)c1ccc(OC(=O)c2ccc(C#N)cc2)cc1,15.0,test
*CC(*)(C)C(=O)OCC1(C)COC(C)(C)OC1,108.0,test
*CCN(CCN1C(=O)c2ccc(C(c3ccc4c(c3)C(=O)N(*)C4=O)(C(F)(F)F)C(F)(F)F)cc2C1=O)c1ccc(/N=N/c2ccc(C#N)cc2)cc1,213.0,test
*Nc1ccc(NC(=O)CCCCCCC(*)=O)cc1,138.0,test
*c1cccc(Oc2ccc(P(=O)(c3ccccc3)c3ccccc3)c(Oc3cccc(N4C(=O)c5ccc(-c6ccc7c(c6)C(=O)N(*)C7=O)cc5C4=O)c3)c2)c1,234.0,test
*C(=O)Nc1ccc(C2(c3ccc(NC(=O)c4ccc5c(c4)C(=O)N(c4ccc(Sc6ccc(Oc7ccc(Sc8ccc(N9C(=O)c%10ccc(*)cc%10C9=O)cc8)cc7)cc6)cc4)C5=O)cc3)c3ccccc3-c3ccccc32)cc1,298.0,test
*Oc1ccc(CC(NC(=O)CCc2ccc(OC(=O)CCC(*)=O)cc2)C(=O)OC)cc1,91.5,test
*CC#CCOC(=O)NCCCCCCNC(=O)O*,-45.0,test
*CCOCCOC(=O)CCCCCCCCC(=O)O*,-74.5,test
*/C=C/c1cc(OCC(CC)CCCC)c(/C=C/c2cc(OC)c(*)cc2OC)cc1OC,110.0,test
*CCCC(C)(C)CNC(=O)c1cccc(C(=O)N*)c1,153.0,test
*c1ccc(Cc2ccc(N3C(=O)C4CCC5C(=O)N(*)C(=O)C5C4C3=O)cc2)cc1,341.0,test
*Oc1ccc(-c2ccc(OC(*)(Oc3ccccc3)Oc3ccccc3)c(C)c2)cc1C,125.0,test
*c1ccc(Oc2ccc(S(=O)(=O)c3ccc(Oc4ccc(-c5ncc(*)o5)cc4C(F)(F)F)cc3)cc2)c(C(F)(F)F)c1,210.0,test
*CC(*)C1CCCCC1C,186.0,test
*CC(CC(*)(C#N)C#N)c1ccc(Cl)cc1,180.0,test
*Oc1ccc(C(=O)c2ccc(C(=O)c3ccc(*)cc3)cc2)cc1,157.0,test
*c1ccc(OCCCCCCCCCCCCCCCC)c(N2C(=O)CC(C3C=C(C)C4C(=O)N(*)C(=O)C4C3)C2=O)c1,186.0,test
*c1ccc(OC(=O)c2cccc(C(=O)Oc3ccc(C4(*)NC(=O)c5ccccc54)cc3)c2)cc1,325.0,test
*c1ccc(-c2cc(CCCCCCCC)c(-c3ccc(-c4ccc(-c5sc(-c6ccc([Si](CCCC)(CCCC)[Si](*)(CCCC)CCCC)s6)cc5CCCCCCCC)s4)s3)s2)s1,-10.0,test
*Oc1ccc(NC(=O)c2ccc(P(=O)(c3ccccc3)c3ccc(C(=O)Nc4ccc(Oc5ccc(P(=O)(c6ccccc6)c6ccc(*)cc6)cc5)cc4)cc3)cc2)cc1,225.0,test
*c1ccc(Sc2ccc(Sc3ccc(Sc4ccc(S(*)=O)cc4)cc3)cc2)cc1,133.0,test
*CCCCCCSS*,-74.0,test
*N=P(*)(OCCOCCOCCOCCOCCOC)OCCOCCOCCOCCOCCOC,-79.0,test
*O[Si](C)(C)CCCCCCOC(=O)C(C)Oc1ccc(OC(=O)c2ccc(-c3ccc(OCCCCCCCCCC[Si](*)(C)C)cc3)cc2)cc1[N+](=O)[O-],20.0,test
*OC(=O)c1cccc(C(*)=O)c1,130.0,test
*CCCCCCCCCCOc1ccc(/C=C/c2ccc(OCCCCCCCCCCOP(=O)(O*)OCCCCCCCCCCOc3ccc(/N=N/c4ccc(-c5ccccc5)cc4)cc3)cc2)cc1,50.0,test
*CCN(*)C(=O)CC12CC3CC(CC(C3)C1)C2,139.0,test
*c1ccc(-c2ccc(-c3ccc(-n4c(=O)c5cc6c(=O)n(*)c(=O)c6c(C(F)(F)F)c5c4=O)cc3)cc2)cc1,364.0,test
*c1ccc(*)[nH]1,103.0,test
*c1ccc(Oc2ccccc2Oc2ccc(N3C(=O)c4ccc(Oc5ccc6c(c5)C(=O)N(*)C6=O)cc4C3=O)cc2C(F)(F)F)c(C(F)(F)F)c1,223.0,test
*Oc1ccc(S(=O)(=O)c2ccc(Oc3ccc(NC(=O)c4ccc(Oc5ccc(C(C)(C)c6cccc(C(C)(C)c7ccc(Oc8ccc(C(=O)Nc9ccc(*)cc9)cc8)cc7)c6)cc5)cc4)cc3)cc2)cc1,167.0,test
*Oc1ccc(C(c2ccc(OC(*)=O)cc2)(C(F)(F)Cl)C(F)(F)Cl)cc1,183.5,test
*c1ccc(Oc2ccc(N3C(=O)c4cccc(Oc5cccc(Oc6cccc7c6C(=O)N(*)C7=O)c5)c4C3=O)cc2)cc1,226.0,test
*CCSCc1ccc(Cc2ccc(CSCCOC(=O)CCSCc3ccc(Cc4ccc(CSCCC(=O)O*)cc4)cc3)cc2)cc1,12.0,test
*c1ccc(C(=O)OCCCCCCCCCCOc2ccc(/C=C3\CCCC/C(=C\c4ccc(OCCCCCCCCCCOC(=O)c5ccc(-c6nnc(*)o6)cc5)cc4)C3=O)cc2)cc1,74.0,test
*Oc1ccc(C2(c3ccc(Oc4nc(*)nc(OC)n4)cc3)CCCCC2)cc1,200.0,test
*CC(*)(C)C(=O)OCCCCCCCC/C=C/CCCCCCCC,-40.0,test
*CCCCCC(=O)Nc1ccc(Oc2cccc(NC(=O)CCCCCN3C(=O)c4ccc(C(=O)c5ccc6c(c5)C(=O)N(*)C6=O)cc4C3=O)c2)cc1,170.0,test
*c1ccc(Oc2ccc(C(=O)c3ccc(Oc4ccc(-c5nc(-c6cccc(-c7nc(*)c(-c8ccccc8)[nH]7)c6)[nH]c5-c5ccccc5)cc4)cc3)cc2)cc1,282.0,test
*O[Si](*)(CCC)CCC,-77.5,test
*CCCCCCOC(=O)NC1CCC(CC2CCC(NC(=O)OCCCCCCOc3ccc(CCc4ccc(O*)cc4)cc3)CC2)CC1,40.3,test
*Oc1ccc(C(C)(C)c2ccc(Oc3ccc(C(=O)c4ccc(Oc5ccc(C(=O)c6ccc(*)cc6)cc5)cc4)cc3)cc2)cc1,162.0,test
*Nc1ccc(CC(C)(C)NC(=O)c2ccc(C(*)=O)cc2)cc1,175.0,test
*CC1CCC(COC(=O)Nc2ccc(Cc3ccc(NC(=O)O*)cc3)cc2)CC1,134.0,test
*c1ccc(Oc2ccc(/C=C/c3ccc(Oc4ccc(-c5nnc(*)o5)cc4)cc3)cc2)cc1,215.0,test
*CC(COc1c(Cl)cc(C(C)(C)c2cc(Cl)c(O*)c(Cl)c2)cc1Cl)OC(C)=O,100.0,test
*c1ccc(Oc2ccc(-c3ccc(Oc4ccc(N5C(=O)c6cccc(Oc7cc(C(C)(C)C)c(Oc8cccc9c8C(=O)N(*)C9=O)cc7C(C)(C)C)c6C5=O)cc4)cc3)cc2)cc1,275.0,test
*CC(O)COC(=O)/C=C/C(=O)Oc1ccc(C(C)(C)c2ccc(O*)cc2)cc1,32.0,test
*CC/C(C)=C(/*)C,4.0,test
*Oc1ccc(C(c2ccc(Oc3ccc(C(=O)c4ccc(C(c5ccc(C(=O)c6ccc(*)cc6)cc5)(C(F)(F)F)C(F)(F)F)cc4)cc3)cc2)(C(F)(F)F)C(F)(F)F)cc1,185.0,test
*CC(*)(C)C(=O)OCCCCCCCCCCOc1ccc(OC(=O)c2ccc(OCCCCCCCC)cc2)cc1,12.0,test
*c1ccc(OCCN(CCOc2ccc(-c3nc4ccc(Oc5ccc6nc(*)c(-c7ccccc7)nc6c5)cc4nc3-c3ccccc3)cc2)c2ccc(/N=N/c3ccc([N+](=O)[O-])cc3)cc2)cc1,199.0,test
*C(=O)Nc1cc(NC(=O)c2ccc3c(c2)C(=O)N(c2cccc(N4C(=O)c5ccc(*)cc5C4=O)c2)C3=O)cc(-c2nc3ccccc3[nH]2)c1,361.0,test
*CCN(CCOC(=O)NCCCCCCNC(=O)O*)c1ccccc1,31.9,test
*CC(*)C(=O)c1ccc(Br)cc1,101.5,test
*CC(*)(CC(=O)OCCCCC)C(=O)OCCCCC,2.0,test
*Nc1ccc(NC(=O)c2cccc(C(=O)c3ccc(C(*)=O)cc3)c2)cc1,257.5,test
*Oc1ccc(/C=C/c2cc(OCCCCCCCC)c(/C=C/c3ccc(Oc4cc5c(=O)n(CCCCCCCC)c(=O)c6ccc7c8c(*)cc9c(=O)n(CCCCCCCC)c(=O)c%10ccc(c4c7c65)c8c%109)cc3)cc2OCCCCCCCC)cc1,103.0,test
*CC(*)c1ccccc1C(=O)Nc1ccccc1,191.0,test
*CC(C)(CO)CO*,62.0,test
*Oc1ccc(-c2ccc(Oc3ccc(C(=O)c4ccc(*)c(S(=O)(=O)O)c4)cc3S(=O)(=O)O)cc2)cc1,225.0,test
*c1cc(CCOC(=O)NCCCC)c(*)s1,67.5,test
*Oc1ccc(NC(=O)c2cc(NC(=O)c3ccccc3)cc(C(=O)Nc3ccc(*)cc3)c2)cc1,294.5,test
*C/C=C/COC(=O)CCCCCCCCC(=O)O*,-41.0,test
*CC(*)(C)C(=O)OCCCCl,50.0,test
*Oc1ccc(Sc2ccc(OC(*)=O)cc2)cc1,110.0,test
*Oc1ccc(Oc2ccc(C(=O)c3cccc(NC(=O)c4cccc(C(=O)Nc5cccc(C(=O)c6ccc(*)cc6)c5)c4)c3)cc2)cc1,202.0,test
*C(F)(F)C(*)(F)c1ccccc1,206.0,test
*c1cc(CC(=O)OCCCCCCOc2ccc(/N=N/c3ccc(C#N)cc3)cc2)c(*)s1,64.0,test
*CCCCOc1ccc(-c2ccc(O*)c3ccccc23)c2ccccc12,130.0,test
*C(=O)Nc1ccc(Oc2ccc(C3(c4ccc(Oc5ccc(NC(=O)c6ccc7c(c6)C(=O)N(c6ccc(N8C(=O)c9ccc(*)cc9C8=O)cc6)C7=O)cc5)cc4)NC(=O)c4ccccc43)cc2)cc1,322.0,test
*SC(C)C(*)=O,12.0,test
*c1cc(Br)c(-c2c(Br)cc(N3C(=O)c4ccc(-c5ccc6c(c5)C(=O)N(*)C6=O)cc4C3=O)cc2C(=O)OCCCCCCCCCCCCCCCC)c(C(=O)OCCCCCCCCCCCCCCCC)c1,92.0,test
*CC(CC(Cl)(Cl)Cl)O*,-36.0,test
*c1ccc2c(c1)C(=O)N(c1ccc(Sc3ccc(Sc4ccc(Sc5ccc(N6C(=O)c7ccc(C(*)(C(F)(F)F)C(F)(F)F)cc7C6=O)cc5)cc4)cc3)cc1)C2=O,233.0,test
*Nc1ccc(Cc2ccc(NC(=O)Nc3ccccc3CCc3ccc(NC(*)=O)cc3)cc2)cc1,217.0,test
*CC(C)(C)COC(=O)c1ccc(C(=O)O*)cc1,68.0,test
*Oc1ccc(/C(=C/c2ccc(-c3ccc(/C=C(\c4ccccc4)c4ccc(OC(=O)c5ccc(C(*)=O)cc5)cc4)cc3)cc2)c2ccccc2)cc1,236.0,test
*CCCC1(CCCNC(=O)CCC2(CCC(=O)N*)c3ccccc3-c3ccccc32)c2ccccc2-c2ccccc21,165.0,test
*/C=C/c1ccc(N(c2ccc(/C=C/c3ccc4c5ccc(*)cc5n(CC(CC)CCCC)c4c3)cc2)c2ccc(OCC(CC)CCCC)cc2)cc1,132.0,test
*c1cccc(C(F)(F)C(F)(F)C(F)(F)c2cccc(N3C(=O)c4ccc(Oc5ccc6c(c5)C(=O)N(*)C6=O)cc4C3=O)c2)c1,183.0,test
*Nc1ccc(-c2c(-c3ccccc3)cc(-c3ccc(-c4cc(-c5ccccc5)c(-c5ccc(NC(=O)c6ccc(C(*)=O)cc6)cc5)c(-c5ccccc5)c4)cc3)cc2-c2ccccc2)cc1,290.0,test
*N(CCC)[Si](C)(C)C[Si](*)(C)C,-20.0,test
*Oc1ccc(C(C)c2ccc(OC(*)=S)cc2)cc1,107.0,test
*CC(*)c1cccc(B(O[Si](C)(C)C)O[Si](C)(C)C)c1,35.0,test
*Oc1ccc(S(=O)(=O)c2ccc(Oc3c(C)cc(C(c4cc(C)c(*)c(C)c4)(C(F)(F)F)C(F)(F)F)cc3C)c(Br)c2)cc1Br,230.8,test
*c1ccc(Oc2ccc(N3C(=O)c4ccc(Oc5ccc(S(=O)(=O)c6ccc(Oc7ccc8c(c7)C(=O)N(*)C8=O)cc6)cc5)cc4C3=O)cc2)cc1,260.0,test
*CCCCCCCCCCCCCCCCCCNC(=O)Cc1ccc(CC(=O)N*)cc1,78.0,test
*Oc1ccc2c(c1)C1(CC2(C)C)CC(C)(C)c2ccc(OC(=O)c3cccc(C(*)=O)c3)cc21,245.0,test
*/C=C/CC*,-69.0,test
*CCCCCCOC(=O)NNC(=O)CCCCCCCCC(=O)NNC(=O)O*,45.0,test
*Nc1ccc(NC(=O)c2ccc(NC(=O)CCCCCCCCCCC(=O)Nc3ccc(C(*)=O)cc3)cc2)cc1C(=O)OCCCCCCCCCCCCCCCC,199.5,test
*CC(*)(C)c1ccc(C(C)C)cc1,140.0,test
*c1ccc2cc(OC(=O)c3ccc(C(=O)Oc4ccc5cc(-c6nc7ccccc7nc6*)ccc5c4)cc3)ccc2c1,136.0,test
*c1ccc(OCCCCCCCCCCCOC(=O)CCCCCCCCC(=O)OCCCCCCCCCCCOc2ccc(-c3nnc(*)s3)cc2)cc1,52.0,test
*CC(O)CN(C)S(=O)(=O)c1cccc(S(=O)(=O)N(C)CC(O)COc2ccc(C(C)(C)c3ccc(O*)cc3)cc2)c1,76.0,test
*O[Si](C)(C)O[Si](C)(C)O[Si](C)(C)O[Si](C)(C)OC1=C(*)c2cccc3cccc1c23,-43.0,test
*O[Si](*)(C)CCCCC,-112.0,test
*c1ccc(S(=O)(=O)c2ccc(-n3c(=O)c4cc5c(=O)n(*)c(=O)c5cc4c3=O)cc2)cc1,350.0,test
*CC(*)(Cl)C(=O)OCCC(F)(F)C(F)(F)C(F)(F)C(F)(F)C(F)(F)C(F)(F)C(F)(F)C(F)(F)F,61.0,test
*Oc1ccc(C(C)(C)c2ccc(OC(=O)c3ccc(Oc4ccc(C(*)=O)cc4)cc3)cc2)cc1,220.0,test
*c1ccc(Sc2ccc(-c3nc4cc(-c5ccc6nc(-c7ccccc7)c(*)nc6c5)ccc4nc3-c3ccccc3)cc2)cc1,288.0,test
*C(=O)c1ccc(N(*)CCCCCCC)cc1,45.9,test
*c1cccc(P(=O)(c2ccc(C(F)(F)F)cc2)c2cccc(-n3c(=O)c4c(-c5cc(C(F)(F)F)cc(C(F)(F)F)c5)c5c(=O)n(*)c(=O)c5c(-c5cc(C(F)(F)F)cc(C(F)(F)F)c5)c4c3=O)c2)c1,311.0,test
*c1ccc(OC(=O)c2cccc(C(=O)Oc3ccc(C4(*)C(=O)Nc5c(Cl)cc(Cl)cc54)cc3)c2)cc1,270.0,test
*Oc1cc(C(C)(C)C)c(Oc2ccc(C(=O)Nc3c(C)cc(Cc4cc(C)c(NC(=O)c5ccc(*)cc5)c(C(C)C)c4)cc3C(C)C)cc2)cc1C(C)(C)C,260.0,test
*O[Si](C)(C)c1ccc2cc([Si](*)(C)C)ccc2c1,29.0,test
*/C=C(/*)c1ccccc1C(F)(F)F,130.0,test
*CC(CSCC)O*,-57.0,test
*c1ccc(Oc2ccc(-c3ccc(Oc4ccc(-c5nc(-c6ccccn6)nnc5*)cc4)cc3)cc2)cc1,230.0,test
*Oc1ccc(C2(c3ccc(Oc4ccc(C(=O)c5ccc(C(=O)c6ccc(*)c(C(F)(F)F)c6)cc5)cc4C(F)(F)F)cc3)c3ccccc3-c3ccccc32)cc1,229.0,test
*c1ccc(Oc2ccc(C(=O)c3ccc4cc(C(=O)c5ccc(Oc6ccc(-c7nc(-c8ccccc8)[nH]c7*)cc6)cc5)ccc4c3)cc2)cc1,248.0,test
*c1ccc(Oc2ccc3ccc(Oc4ccc(-n5c(=O)c6cc7c(=O)n(*)c(=O)c7cc6c5=O)cc4)cc3c2)cc1,320.8,test
*CCN(*)C(=O)c1ccc(F)c(F)c1F,102.0,test
*CC(*)C(=O)Oc1ccc(C(=O)O)cc1,125.0,test
*CC(*)C(=O)Oc1ccc(C(=O)OCCCC)cc1,13.0,test
*CC1CCCC(CNC(=O)c2cccc(C(=O)N*)c2)C1,180.0,test
*CC(CC)(CC)COC(=O)c1ccc(-c2ccc(-c3ccc(C(=O)O*)cc3)cc2)cc1,-20.0,test
*CC(*)(C)C(=O)OCCCOc1ccc(C(=O)Oc2ccc3ccc(=O)oc3c2)cc1,68.0,test
*O[Zn]OC(=O)c1ccccc1C(=O)OCCCCCOC(=O)Nc1cc(NC(=O)OCCCCCOC(=O)c2ccccc2C(*)=O)ccc1C,4.2,test
*CC(*)c1ccc(C)cc1,103.0,test
*CCCCCCNC(=O)CCC(C)(C)c1ccc(C(C)(C)CCC(=O)N*)cc1,93.25,test
*CC(*)C(=O)OCCN(C)C,-39.0,test
*CCCCCCOc1ccc(C(=O)N(C(=O)c2ccc(O*)cc2)c2ccc(Oc3ccccc3)cc2)cc1,78.0,test
*c1cccc(C(=O)Nc2ccc(Oc3ccc(-c4ccc(Oc5ccc(NC(=O)c6cccc(N7C(=O)c8ccc(-c9cccc%10c9C(=O)N(*)C%10=O)cc8C7=O)c6)cc5)cc4)cc3)cc2)c1,275.0,test
*CC(O)COc1c(Cl)cc(C(C)(C)c2cc(Cl)c(O*)c(Cl)c2)cc1Cl,135.0,test
*CCOCCOCCOCCOc1ccc(C(=O)Nc2cc(NC(=O)c3ccc(O*)cc3)cc(-c3nc4ccccc4[nH]3)c2)cc1,163.0,test
*Oc1ccc(CC(NC(=O)CCc2ccc(OC(=O)CCC(*)=O)cc2)C(=O)OC(C)C)cc1,82.0,test
*CCCCCCCc1nc2ccc(-c3ccc4nc(*)oc4c3)cc2o1,85.0,test
*Cc1cc2cc(C(=O)Nc3ccc(-c4ccc(NC(=O)c5cc6cc(*)c(OC(=O)COc7ccc8ccc(=O)oc8c7)cc6oc5=O)cc4)cc3)c(=O)oc2cc1OC(=O)COc1ccc2ccc(=O)oc2c1,248.0,test
*N=P(*)(Oc1ccc(CC)cc1)Oc1ccc(CC)cc1,-12.5,test
*Oc1ccc(S(=O)(=O)c2ccc(Oc3ccc(C(C)(C)c4ccc(Oc5ccc(C(=O)c6ccc(*)cc6)cc5)cc4)cc3)cc2)cc1,175.0,test
*c1c(C)cc(-c2cc(C)c(N3C(=O)c4cccc(Oc5ccc(C(C)(C)c6ccc(Oc7cccc8c7C(=O)N(*)C8=O)cc6)cc5)c4C3=O)c(C)c2)cc1C,265.0,test
*CC(*)(C#N)C(=O)OCC(C)C,51.0,test
*O[Si](*)(CCCOCCOCCOCCOCCOC)CCCOCCOCCOCCOCCOC,-69.8,test
*Oc1ccc(-c2ccc(Oc3ccc(-c4ccc(-c5ccc(*)c(C(F)(F)F)c5)cc4)cc3C(F)(F)F)cc2)cc1,203.5,test
*CCCS(=O)(=O)CCCCS(=O)(=O)CCCOC(=O)c1cccc(C(=O)O*)c1,65.0,test
*CC(*)(C)C(=O)OCCCCCCN1CCN(c2ccc(/N=N/c3ccc(C#N)cc3)cc2)CC1,77.0,test
*C(=O)Nc1cccc(NC(=O)c2ccc3c(c2)C(=O)N(c2ccc(Oc4ccc5ccc(Oc6ccc(N7C(=O)c8ccc(*)cc8C7=O)cc6)cc5c4)cc2)C3=O)c1,286.0,test
*C(=O)c1ccc2c(c1)C(=O)N(c1cc(Br)c(Oc3c(Br)cc(N4C(=O)c5ccc(*)cc5C4=O)cc3Br)c(Br)c1)C2=O,323.0,test
*CCOC(=O)Nc1ccc(CCc2ccc(NC(=O)O*)cc2)cc1,116.9,test
*CCOCCOC(=O)CCCCCC(=O)O*,-41.5,test
*OP(=O)(Oc1ccc(C(C)(C)c2ccc(*)cc2)cc1)Oc1c(Cl)cccc1Cl,96.0,test
*c1ccc(-c2c(-c3ccccc3)nc3ccc(-c4ccc5nc(-c6ccccc6)c(*)c(-c6ccccc6)c5c4)cc3c2-c2ccccc2)cc1,370.0,test
*CC(*)C(=O)OCC(COC(=O)c1ccccc1)(COC(=O)c1ccccc1)COC(=O)c1ccccc1,48.0,test
*OC(=O)OCCOCCOCCOCCOC(=O)OC1COC2C(*)COC12,9.5,test
*C(=O)c1ccc2c(c1)C(=O)N(c1ccc(N3C(=O)c4ccc(*)cc4C3=O)c(S(=O)(=O)O[Na])c1)C2=O,214.0,test
*c1ccc(Oc2ccc(S(=O)(=O)c3ccc(Oc4ccc(C5(*)OC(=O)c6ccccc65)cc4)cc3)cc2)cc1,247.0,test
*CCCCCCCCCCCC(=O)N(*)C,-29.0,test
*CC(*)c1ccc([Si](C)(C)O)cc1,147.0,test
*Oc1ccc(C(C)(CCC#N)c2ccc(OC(*)=O)cc2)cc1,150.0,test
*Oc1ccc(C(=O)NCC(C)(C)CCCNC(=O)c2ccc(*)cc2)cc1,155.0,test
*c1ccc(Oc2c(C)cc(Cc3cc(C)c(Oc4ccc(N5C(=O)c6ccc(-c7ccc8c(c7)C(=O)N(*)C8=O)cc6C5=O)cc4)c(C)c3)cc2C)cc1,310.0,test
*Oc1ccc(OC(=O)c2ccc(C(*)=O)cc2Oc2ccc(Br)cc2)cc1,108.0,test
*CCCCCCCCCCCOC(=O)c1cc(OCCCCCCCCOc2ccc(/N=N/c3ccc(OC)cc3)cc2)cc(C(=O)OCCCCCCCCCCCOc2ccc(-c3ccc(O*)cc3)cc2)c1,60.0,test
*CC1(*)CC(=O)N(c2ccccc2)C1=O,236.0,test
*CC(F)(F)C1(F)C(*)CC(O)(C(F)(F)F)C1(F)F,152.0,test
*C(=O)c1ccc2nc(-c3ccccc3)c(-c3ccc(Oc4ccc(-c5nc6cc(*)ccc6nc5-c5ccccc5)cc4)cc3)nc2c1,271.0,test
*CCCCCOC(=O)c1cccc(C(=O)O*)c1,7.0,test
*Oc1ccc(Oc2ccc(C(=O)Nc3ccc(Oc4ccc(NC(=O)c5ccc(*)cc5)cc4)cc3)cc2)cc1-c1ccccc1,219.0,test
*c1ccc(Nc2cccc(Nc3ccc(S(*)(=O)=O)cc3)c2)cc1,145.0,test
*CC(*)c1cc(Br)ccc1OC(C)C,35.0,test
*/C=C/c1ccc(/C=C/[Si](C)(C)c2ccc([Si](*)(C)C)cc2)cc1,90.2,test
*CCCCCCN1C(=O)c2ccc(C(=O)Nc3ccc(S(=O)(=O)c4ccc(NC(=O)c5ccc6c(c5)C(=O)N(*)C6=O)cc4)cc3)cc2C1=O,198.0,test
*c1ccc(Cc2ccc(N(c3ccc(C)cc3)c3ccc(-c4ccc(N(*)c5ccc(C)cc5)cc4)cc3)cc2)cc1,183.0,test
*Oc1ccc(CC(NC(=O)CCc2ccc(OC(=O)COCC(*)=O)cc2)C(=O)OC(C)C)cc1,80.0,test
*c1ccc(Oc2ccc(Sc3ccc(Oc4ccc(N5C(=O)c6ccc(Oc7ccc(-c8ccc(Oc9ccc%10c(c9)C(=O)N(*)C%10=O)cc8)cc7)cc6C5=O)cc4)cc3)cc2)cc1,206.0,test
*CC(*)(C)C(=O)OCCCCCCOc1ccc(C(=O)Oc2ccc(/N=N/c3ccc(C)cc3)c3ccccc23)cc1,40.0,test
*Nc1cc(NC(=O)c2cccc(C(*)=O)c2)cc(C(=O)OCCOC(=O)/C=C/c2ccc(N(C)C)cc2)c1,186.0,test
*N=P(*)(OCCCCCCOC1COCCOCCOCCOCCOC1)OCCCCCCOC1COCCOCCOCCOCCOC1,-26.1,test
*c1cc(C(c2ccc(OCCN(C)c3ccc(/C=C/C4=CC(=C(C#N)C#N)CC(C)(C)C4)cc3)c(N3C(=O)c4ccc(Oc5ccc6c(c5)C(=O)N(*)C6=O)cc4C3=O)c2)(C(F)(F)F)C(F)(F)F)ccc1OCCN(C)c1ccc(/C=C/C2=CC(=C(C#N)C#N)CC(C)(C)C2)cc1,215.0,test
*c1ccc(-c2sc(-c3cc(CCCCCCCCCCCC)c(*)s3)cc2CCCCCCCCCCCC)cc1,59.6,test
*CCCCCCCCOc1ccc(/C=C2\CC/C(=C\c3ccc(OCCCCCCCCOP(=O)(O*)OCC)c(OC)c3)C2=O)cc1OC,62.0,test
*c1ccc(C(=O)c2ccc(N3C(=O)c4ccc(Oc5ccc(Oc6ccc7c(c6)C(=O)N(*)C7=O)cc5)cc4C3=O)cc2)cc1,268.0,test
*OC(=O)C(C)NC(=O)CCCCCCC(=O)NC(C)C(=O)OC1COC2C(*)COC12,57.0,test
*O[Si](C)(C)C#Cc1ccc(C#C[Si](*)(C)C)cc1,126.0,test
*CC(*)(C#N)C(=O)OC(C)C,66.0,test
*CC(C)(C)C1CC=C(*)CC1,77.0,test
*c1cc(/C=N/c2ccc3c(c2)c2cc(/N=C/c4cc(*)c(O)c(*)c4)ccc2n3CCCC)ccc1O,306.0,test
*C(=O)Nc1ccc(Oc2ccc(NC(=O)c3ccc4c(c3)C(=O)N(c3ccc(Oc5ccc(C6(c7ccc(Oc8ccc(N9C(=O)c%10ccc(*)cc%10C9=O)cc8)cc7)CC7CC6C6CCCC76)cc5)cc3)C4=O)cc2)cc1,250.0,test
*CCOCCOC(=O)/C=C/C(=O)NCCCCCCNC(=O)/C=C/C(=O)O*,76.0,test
*CC(C)(CO*)COCCCCCCCCCCOc1ccc(-c2ccc(C#N)cc2)cc1,7.0,test
*CCCCCCCCCCCOC(=O)c1cc(OCCCCCCCCCCOc2ccc(/N=N/c3ccc(OC)cc3)cc2)cc(C(=O)OCCCCCCCCCCCOc2ccc(-c3ccc(O*)cc3)cc2)c1,53.0,test
*Oc1ccc(NC(=O)c2ccc(S(=O)(=O)c3ccc(C(=O)Nc4ccc(Oc5ccc(C6(c7ccc(*)cc7)CC7CCC6C7)cc5)cc4)cc3)cc2)cc1,287.0,test
*CCCS*,-53.5,test
*CC(*)c1ccccc1COCCCCCCCC,13.0,test
*CCOc1ccc(S(=O)(=O)c2ccc(OCCOP(=O)(O*)Oc3ccccc3)cc2)cc1,49.0,test
*C(=O)NCCN(CCNC(=O)c1ccc(N2C(=O)c3ccc(*)cc3C2=O)cc1)c1ccc(/C=C/c2ccc([N+](=O)[O-])cc2)cc1,178.0,test
*CC(*)(C)C(=O)Oc1ccc(C(=O)OC)cc1,109.0,test
*CCCCCCNC(=O)CCc1ccc(CC(=O)N*)cc1,87.0,test
*C(=O)Nc1ccc(Oc2ccc(S(=O)(=O)c3ccc(Oc4ccc(NC(=O)c5ccc6c(c5)C(=O)N(c5ccc(Oc7cccc8c(Oc9ccc(N%10C(=O)c%11ccc(*)cc%11C%10=O)cc9)cccc78)cc5)C6=O)cc4)cc3)cc2)cc1,260.0,test
*Nc1ccc(C(C)(C)c2cccc(C(C)(C)c3ccc(NC(=C(C#N)C#N)c4ccc(C(*)=C(C#N)C#N)cc4)cc3)c2)cc1,208.0,test
*CC(*)(C)C(=O)OCC#N,91.0,test
*c1ccc2c(c1)C(=O)N(c1cc(Br)c(Oc3c(Br)cc(N4C(=O)c5ccc(C(*)(C(F)(F)F)C(F)(F)F)cc5C4=O)cc3Br)c(Br)c1)C2=O,303.0,test
*c1ccc(C(c2ccccc2)(c2ccc(N3C(=O)c4ccc(Oc5ccc6c(c5)C(=O)N(*)C6=O)cc4C3=O)cc2)C(F)(F)F)cc1,293.0,test
*CC(*)(C)C(=O)OCC(C)(C)C1OCC(C)(C)CO1,118.0,test
*CC(OCC(C)C)C(C(=O)OC)C(*)C(=O)OC,44.5,test
*CC(C[N-][N+]#N)O*,-35.0,test
*c1ccc(Oc2ccc(Oc3ccc(N4C(=O)C(c5ccccc5)=C(c5ccc(C6=C(c7ccccc7)C(=O)N(*)C6=O)cc5)C4=O)cc3)cc2)cc1,267.0,test
*c1cc(C(c2ccc(OCc3cc(OCCN(C)c4ccc(/C=C/C5=CC(=C(C#N)C#N)CC(C)(C)C5)cc4)cc(OCCN(C)c4ccc(/C=C/C5=CC(=C(C#N)C#N)CC(C)(C)C5)cc4)c3)c(N3C(=O)c4ccc(Oc5ccc6c(c5)C(=O)N(*)C6=O)cc4C3=O)c2)(C(F)(F)F)C(F)(F)F)ccc1OCc1cc(OCCN(C)c2ccc(/C=C/C3=CC(=C(C#N)C#N)CC(C)(C)C3)cc2)cc(OCCN(C)c2ccc(/C=C/C3=CC(=C(C#N)C#N)CC(C)(C)C3)cc2)c1,178.0,test
*CC(*)C(=O)c1ccc(CCC)cc1,44.0,test
*c1ccc(OC(=O)Oc2ccc(C3(*)OC(=O)c4ccccc43)cc2)cc1,252.2,test
*Nc1ccc(*)cc1C,-71.4,test
*Oc1cccc(NC(=O)c2ccc(Oc3ccc(C(C)(C)c4ccc(C(C)(C)c5ccc(Oc6ccc(C(=O)Nc7ccc(*)cc7)cc6)cc5)cc4)cc3)cc2)c1,168.0,test
*O[Si](C)(C)C#C[Si](C)(C)C#C[Si](C)(C)C#C[Si](C)(C)C#C[Si](*)(C)C,-23.0,test
*CC(C)(C)CS*,-49.3,test
*Nc1ccc(NC(=O)c2ccc(NC(=O)CCCCCCCCC(=O)Nc3ccc(C(*)=O)cc3)cc2)cc1C(=O)OCCCCCCCCCCCC,228.5,test
*CC(*)(C)C(=O)OCCOCCOCCOCCOc1ccc(/N=N/c2ccc(C#N)cc2)cc1,20.0,test
*CCCCCCOC(=O)OCCCCCOC(=O)OCCCCCCOc1ccc(Oc2ccc(O*)cc2)cc1,-11.0,test
*CC(*)SCC,-7.0,test
*CCOC(=O)/C=C/C(=O)O*,-10.0,test
*CC(*)C1CCCC1,75.0,test
*ON(C(F)(F)F)C(F)(F)C(*)(F)SC(F)(F)F,-48.0,test
*N=P(*)(OCCOc1ccc2cc(I)ccc2c1)OCCOc1ccc2cc(I)ccc2c1,64.8,test
*CCCCCCCCCCCCOc1ccc(C(C)Cc2ccc(-c3ccc(O*)cc3)cc2)cc1,40.0,test
*O[Si](C)(C)Oc1ccc(C(C)(C)c2ccc(*)cc2)cc1,45.0,test
*=Nc1ccc(/N=C(/C=C/C(=*)c2ccccc2)c2ccccc2)cc1,157.0,test
*c1ccc(C(C)(C)c2ccc(N3C(=O)c4ccc(Oc5ccc6c(c5)C(=O)N(*)C6=O)cc4C3=O)cc2)cc1,265.0,test
*c1ccc2oc3ccc(S(=O)(=O)c4ccc(Oc5ccc(S(*)(=O)=O)cc5)cc4)cc3c2c1,290.0,test
*Oc1ccc(C(=O)c2ccc(Oc3ccc(C(c4ccc(*)cc4)(C(F)(F)F)C(F)(F)F)cc3)cc2)c2ccccc12,190.0,test
*CC(*)(C)C(=O)OCCCCCCCCCCn1c2ccccc2c2cc(/C=C(\C#N)c3ccc([N+](=O)[O-])cc3)ccc21,40.0,test
*Oc1ccc(CC(NC(=O)CCc2ccc(OC(=O)CCCCCCCCC(*)=O)cc2)C(=O)OCC)cc1,44.0,test
*Oc1ccc(C(C)(C)c2ccc(OC(*)=S)cc2)cc1,140.5,test
*C[Si](*)(CCCC)CCCC,-30.0,test
*C(=O)Nc1ccc(/N=N/c2ccc([N+](=O)[O-])cc2)c(NC(=O)c2ccc3c(c2)C(=O)N(c2c(C)cc(Cc4cc(C)c(N5C(=O)c6ccc(*)cc6C5=O)c(C)c4)cc2C)C3=O)c1,264.0,test
*c1ccc(C(*)C)cc1,93.0,test
*CC(*)(C)C(=O)OCC(C)Oc1ccc(-c2ccc(-c3ccc(C#N)cc3)cc2)cc1,140.0,test
*C(*)(F)F,120.0,test
*c1cccc(OCCCCCOc2cccc(N3C(=O)c4ccc(-c5ccc6c(c5)C(=O)N(*)C6=O)cc4C3=O)c2)c1,165.0,test
*Oc1ccc(S(=O)(=O)c2ccc(Oc3ccc(C4(c5ccc(*)cc5)CC5CCC4C5)cc3)cc2)cc1,250.0,test
*c1ccc(Oc2ccc(S(=O)(=O)c3ccc(Oc4ccc(-c5c6c(c(*)c7ccccc57)C(=O)N(c5ccc(Cl)cc5)C6=O)cc4)cc3)cc2)cc1,280.0,test
*CC1CCCC(CN2C(=O)c3ccc(C(=O)c4ccc5c(c4)C(=O)N(*)C5=O)cc3C2=O)C1,213.0,test
*O[Ca]OC(=O)c1ccccc1C(=O)OCCCCCOC(=O)NCCCCCCNC(=O)OCCCCCOC(=O)c1ccccc1C(*)=O,-2.4,test
*CC(*)C(=O)Oc1ccc(C(=O)OCc2ccccc2)cc1,16.25,test
*c1ccc(C(=O)Nc2ccc(Oc3ccc(Oc4ccc(NC(=O)c5ccc(Oc6ccc(-c7nn(*)c(=O)c8ccccc78)c7ccccc67)cc5)cc4C(F)(F)F)cc3)c(C(F)(F)F)c2)cc1,281.5,test
*CCOCCOCCOc1cccc(NC(=O)c2cccc(C(=O)Nc3cccc(O*)c3)c2)c1,111.0,test
*CC(*)c1ccc(Cl)cc1,124.0,test
*c1ccc(Cc2ccc(N3C(=O)c4ccc(Oc5ccc(C6(c7ccc(Oc8ccc9c(c8)C(=O)N(*)C9=O)cc7)CCCCCCCCCCC6)cc5)cc4C3=O)cc2)cc1,240.0,test
*O[Si](C)(C)O[Si](C)(C)O[Si](C)(C)Oc1c(C)cc(-c2cc(C)c(*)c(C)c2)cc1C,14.0,test
*Oc1ccc(C2(c3ccc(OC(=O)c4ccc(C(*)=O)cc4)c(C)c3)CCC3CCCCC3C2)cc1C,247.0,test
*CCCS(=O)(=O)CCCCS(=O)(=O)CCCOC(=O)c1ccccc1C(=O)O*,49.0,test
*c1ccc(C(Cl)(Cl)C(*)Cl)cc1,160.0,test
*CC(*)c1cc(Br)ccc1OCCC,54.0,test
*CCCCCCCCCCCCCCNC(=O)NCCCCCCCCCCNC(=O)N*,40.0,test
*c1ccc(OC(=O)c2ccc([Si](C)(C)c3ccc(C(=O)Oc4ccc(C5(*)c6ccccc6C(=O)N5c5ccccc5)cc4)cc3)cc2)cc1,255.0,test
*c1cccc(Oc2cccc(Oc3cccc(N4C(=O)c5ccc(Oc6ccc(Sc7ccc(Oc8ccc9c(c8)C(=O)N(*)C9=O)cc7)cc6)cc5C4=O)c3)c2)c1,190.5,test
*CCCc1ccc(-c2c(-c3ccccc3)cc(-c3ccc(-c4cc(-c5ccccc5)c(-c5ccc(*)cc5)c(-c5ccccc5)c4-c4ccccc4)cc3)c(-c3ccccc3)c2-c2ccccc2)cc1,290.0,test
*CCN(*)C(=O)c1ccc(F)cc1F,108.0,test
*C1C(=O)N(c2c(CC)cccc2CC)C(=O)C1*,288.0,test
*CC(*)C(=O)Oc1ccccc1C,51.5,test
*c1cccc(Oc2ccc(P(=O)(c3ccccc3)c3ccccc3)c(Oc3cccc(N4C(=O)c5ccc(Oc6ccc7c(c6)C(=O)N(*)C7=O)cc5C4=O)c3)c2)c1,212.0,test
*CC(*)c1c(F)c(F)c(C(F)(F)F)c(F)c1F,112.0,test
*c1cc(Oc2c(C)cc(-c3cc(C)c(Oc4cc(N5C(=O)c6ccc(Oc7ccc8c(c7)C(=O)N(*)C8=O)cc6C5=O)cc(C(F)(F)F)c4)c(C)c3)cc2C)cc(C(F)(F)F)c1,252.2,test
*OC(COC(=O)NCCCCCCNC(*)=O)c1ccco1,17.0,test
*CC(*)C(=O)Oc1cccc2ccccc12,85.0,test
*Oc1ccc(NC(=O)c2ccc(C(=O)Nc3ccc(Oc4ccc(C5(c6ccc(*)cc6)C6CC7CC(C6)CC5C7)cc4)cc3)cc2)cc1,264.0,test
*c1cc(N2C(=O)c3ccc(Oc4cccc5c(Oc6ccc7c(c6)C(=O)N(*)C7=O)cccc45)cc3C2=O)cc(C(F)(F)F)c1,250.0,test
*Nc1cccc(NC(=O)c2cc(NC(=O)c3ccncc3)cc(C(*)=O)c2)c1,321.0,test
*CC(C)(C)O*,40.5,test
*Cc1ccccc1CN(CC)c1ccc(/C=C(\C#N)C(=O)Nc2cccc(NC(=O)/C(C#N)=C/c3ccc(N(*)CC)cc3)c2)cc1,188.0,test
*CCN(CCN1C(=O)c2ccc(C(c3ccc4c(c3)C(=O)N(*)C4=O)(C(F)(F)F)C(F)(F)F)cc2C1=O)c1ccc(/N=N/c2ccc([N+](=O)[O-])cc2C)cc1,205.0,test
*CCCCCCCCCNC(=O)C(OC)C(OC)C(=O)N*,84.0,test
*CC(*)c1ccc(C(=O)CCCCC)cc1,66.0,test
*Oc1ccc(Oc2ccc(NC(=O)c3ccc(Oc4ccc(Oc5ccc(C(=O)Nc6ccc(*)cc6)cc5)cc4C)cc3)cc2)cc1,200.0,test
*/C=C/c1cc(CCCCCCCCCC)c(/C=C/c2ccc(-c3ccc(*)nc3)cn2)cc1CCCCCCCCCC,68.0,test
*C(=O)Nc1ccc(Oc2ccccc2-c2ccccc2Oc2ccc(NC(=O)c3ccc4c(c3)C(=O)N(c3ccc(C)c(N5C(=O)c6ccc(*)cc6C5=O)c3)C4=O)cc2)cc1,266.0,test
*Oc1ccc(Oc2ccc(OC(=O)c3cccc(C(*)=O)c3)cc2)cc1,164.5,test
*CCOCCOC(=O)CCCCCCCC(=O)O*,-71.0,test
*CCCCCCCCCCCCOc1ccc(/C=N/N=C/c2ccc(O*)cc2O)c(O)c1,89.0,test
*OC(CC)CC(*)=O,-15.4,test
*Oc1ccc(/N=C(\C)c2ccc(Oc3ccc(C(c4ccccc4)(c4ccccc4)c4ccc(Oc5ccc(/C(C)=N/c6ccc(*)cc6)cc5)cc4)cc3)cc2)cc1,150.0,test
*/C=C/c1cc(OCCCCCCCC)c(/C=C/c2ccc(*)c3nsnc23)cc1OCCCCCCCC,153.0,test
*CC(*)OC(=O)/C=C/c1ccccc1,127.0,test
*Oc1ccc(CC(*)=O)cc1,117.0,test
*CC(*)(C)C(=O)OCCCCCCOc1ccc(C(=O)Oc2ccc(/N=N/c3ccc(Br)cc3)c3ccccc23)cc1,46.0,test
*c1cc(C(c2ccc(OCCN(c3ccccc3)c3ccc(/C=C/C4=CC(=C(C#N)C#N)CC(C)(C)C4)cc3)c(N3C(=O)c4ccc(Oc5ccc6c(c5)C(=O)N(*)C6=O)cc4C3=O)c2)(C(F)(F)F)C(F)(F)F)ccc1OCCN(c1ccccc1)c1ccc(/C=C/C2=CC(=C(C#N)C#N)CC(C)(C)C2)cc1,220.0,test
*CCCCCCOC(=O)OCCCCOC(=O)OCCCCCCOc1ccc(Oc2ccc(O*)cc2)cc1,-8.0,test
*c1cc(C)c(-c2c(C)cc(N3C(=O)c4ccc(-c5ccc6c(c5)C(=O)N(*)C6=O)cc4C3=O)cc2C)c(C)c1,280.0,test
*CC(*)c1ccc(-c2ccccc2)cc1,161.5,test
*c1ccc(-c2ccc(-n3c(=O)c4cc5c(=O)n(*)c(=O)c5c(C(F)(F)F)c4c3=O)cc2C)c(C)c1,373.0,test
*Nc1ccc(Br)cc1-c1ccc(NC(=O)c2cccc(C(*)=O)c2)cc1,253.0,test
*c1ccc(Oc2ccc(C(=O)c3ccc(Cc4ccc(C(=O)c5ccc(Oc6ccc(-c7nc(-c8ccccc8)[nH]c7*)cc6)cc5)cc4)cc3)cc2)cc1,231.0,test
*CC(*)(C)C(=O)OCCCCCCOc1ccc(/C=N/c2ccc(C#N)cc2)cc1,35.0,test
*O[SiH](*)Nc1cccc(N[Si](*)(C)O*)c1,177.5,test
*c1ccc2c(c1)C(=O)N(c1cc(NC(=O)OCCN(CCOC(=O)Nc3cc(N4C(=O)c5ccc(C(*)(C(F)(F)F)C(F)(F)F)cc5C4=O)ccc3C)c3ccc(/N=N/c4ccc([N+](=O)[O-])cc4)cc3)ccc1C)C2=O,196.0,test
*CC(*)(C)C(=O)OCCCCCCCCCCn1c2ccccc2c2cc(/C=C(\C#N)C(=O)OC)ccc21,58.0,test
*c1ccccc1C(=O)Oc1ccc2c(*)c3ccc(=O)cc-3oc2c1,250.0,test
*c1cccc(P(=O)(c2ccc(C(F)(F)F)cc2)c2cccc(-n3c(=O)c4cc5c(=O)n(*)c(=O)c5c(-c5ccccc5)c4c3=O)c2)c1,311.0,test
*c1ccc2c(c1)C(=O)N(c1ccc(N3C(=O)c4ccc(-c5c(-c6ccccc6)c(-c6ccccc6)c(-c6ccc(Oc7ccc(-c8c(-c9ccccc9)c(-c9ccccc9)c(*)c(-c9ccccc9)c8-c8ccccc8)cc7)cc6)c(-c6ccccc6)c5-c5ccccc5)cc4C3=O)cc1)C2=O,353.0,test
*c1ccc(-c2nnc(*)o2)c(OCC)c1,231.0,test
*CC(*)(CC(=O)OCCCC)C(=O)OCCCC,24.0,test
*Oc1ccc(C(C)(C)c2ccc(OC(*)=O)cc2)cc1,148.0,test
*CCCCCCOC(=O)C(CCCCCP(=O)(O)O)C(=O)OCCCCCCOc1ccc(-n2on2-c2ccc(O*)cc2)cc1,17.0,test
*N=P(*)(NC(C)C(=O)OCC)NC(C)C(=O)OCC,-16.75,test
*CC(*)c1ccccc1Br,149.0,test
*C(=O)Nc1ccc(S(=O)(=O)c2ccc(NC(=O)c3ccc4c(c3)C(=O)N(c3cc(-c5nc6ccccc6o5)cc(N5C(=O)c6ccc(*)cc6C5=O)c3)C4=O)cc2)cc1,367.0,test
*c1ccc(OCCN(C)c2ccc(/C=C/C3=C/C(=C4/C(=O)c5ccccc5C4=C(C#N)C#N)C=C(/C=C/c4ccc(N(C)CCOc5ccc(-c6nc7ccc(Oc8ccc9nc(*)c(-c%10ccccc%10)nc9c8)cc7nc6-c6ccccc6)cc5)cc4)O3)cc2)cc1,260.0,test
*CCOC(=O)Nc1ccc(Cc2ccc(NC(=O)O*)cc2)cc1,139.0,test
*c1ccc(C2(c3ccc(-c4nnc(*)o4)cc3)OC(=O)c3ccccc32)cc1,380.0,test
*CC(=O)Nc1ccc(Oc2ccc(S(=O)(=O)c3ccc(Oc4ccc(NC(=O)CN5C(=O)c6ccc(C(c7ccc8c(c7)C(=O)N(*)C8=O)(C(F)(F)F)C(F)(F)F)cc6C5=O)cc4)cc3)cc2)cc1,241.0,test
*OC(COC(=O)c1ccc(-c2cc(CCCCCCCC)c(-c3ccc(C(*)=O)c(F)c3F)cc2CCCCCCCC)c(F)c1F)COc1ccc(/N=N/c2ccc(C#N)cc2)cc1,61.0,test
*CCOCCOC(=O)c1ccc(-c2ccc(C(=O)O*)cc2)cc1,50.0,test
*CCN(*)C(=O)Cc1ccc(C(F)(F)F)cc1,75.0,test
*c1ccc2c(c1)C(=O)N(c1ccc(Sc3ccc(Sc4ccc(Sc5ccc(Sc6ccc(N7C(=O)c8ccc(C(*)(C(F)(F)F)C(F)(F)F)cc8C7=O)cc6)cc5)cc4)cc3)cc1)C2=O,216.0,test
*CC(*)C(=O)OCCOC(F)(F)C(F)F,-22.0,test
*CC(*)(CC(=O)OCCCc1ccccc1)C(=O)OCCCc1ccccc1,-8.0,test
*Oc1ccc(CC(NC(=O)CCc2ccc(OC(=O)CCC(*)=O)cc2)C(=O)OCCCCCCCCCCCC)cc1,40.0,test
*c1ccc(N(c2ccc(C#N)cc2)c2ccc(N3C(=O)c4ccc(Oc5ccc(C(c6ccc(Oc7ccc8c(c7)C(=O)N(*)C8=O)cc6)(C(F)(F)F)C(F)(F)F)cc5)cc4C3=O)cc2)cc1,234.0,test
*CC(*)(C)C(=O)OC1(C)CCOC(=O)C1,110.0,test
*C(=O)Oc1ccc(C2(c3ccc(OC(=O)c4ccc5c(c4)C(=O)N(c4ccc(-c6ccc(N7C(=O)c8ccc(*)cc8C7=O)cc6C)c(C)c4)C5=O)cc3)CCCCCCCCCCC2)cc1,204.0,test
*/C=C/C(COCc1ccccc1)C(*)COCc1ccccc1,-4.0,test
*CCCCCCNC(=O)c1ccc(C(=O)N*)c(Oc2ccc(-c3ccccc3)cc2)c1,112.0,test
*C(F)(F)C(*)(F)C(F)(F)C(F)(F)C(F)(F)C(F)(F)C(F)(F)F,232.5,test
*CCCCCCCCOC(=O)NCCCCCCNC(=O)O*,58.0,test
*CCCCCCCCCn1c(=O)c2cc3c(=O)n(*)c(=O)c3cc2c1=O,110.0,test
*/C(C)=C(/*)SCCCCCC,110.0,test
*NC(CCC(=O)OCCCCCCCC)C(*)=O,-59.5,test
*CC(*)C(=O)OCCCCCCCC,-65.0,test
*Oc1ccc(C(C)(C)c2ccc(Oc3c(F)c(F)c(COC(c4cccc(C(OCc5c(F)c(F)c(*)c(F)c5F)(C(F)(F)F)C(F)(F)F)c4)(C(F)(F)F)C(F)(F)F)c(F)c3F)cc2)cc1,98.0,test
*C(=O)c1ccc2c(c1)C(=O)N(c1cccc(N3C(=O)c4ccc(*)cc4C3=O)c1)C2=O,290.0,test
*/C=C/c1ccc2c(c1)C(CCCCCC)(CCCCCC)c1cc(/C=C/c3nc(*)c(C#N)c(/C=C/c4ccc(N(c5ccccc5)c5ccccc5)cc4)c3C#N)ccc1-2,178.0,test
*C(=O)Nc1cccc(NC(=O)c2ccc3c(c2)C(=O)N(c2cccc(P(=O)(c4ccccc4)c4cccc(N5C(=O)c6ccc(*)cc6C5=O)c4)c2)C3=O)n1,156.0,test
*c1ccc(Oc2ccc(N3C(=O)c4ccc(Oc5cccc(Oc6ccc7c(c6)C(=O)N(*)C7=O)c5)cc4C3=O)cc2)cc1,209.0,test
*Oc1ccc(CC(NC(=O)Cc2ccc(OC(=O)CCCCC(*)=O)cc2)C(=O)OCCCCCCCC)cc1,28.0,test
*CC(*)CCCCCC,-54.0,test
*CCCCCCCCCCOc1ccc(N(c2ccccc2)c2ccc(-c3ccc(N(c4ccccc4)c4ccc(O*)cc4)cc3)cc2)cc1,90.0,test
*CC(*)(C)C(=O)OCCCCCOc1ccc(-c2ccc(C#N)cc2)cc1,60.0,test
*O[Si](*)(C)CCCOc1ccc(N(c2ccc(C)cc2)c2ccc(-c3ccc(N(c4ccccc4)c4ccc(C)cc4)cc3)cc2)cc1,102.0,test
*N=P(*)(OCCOc1ccc2cc(Br)ccc2c1)OCCOc1ccc2cc(Br)ccc2c1,43.5,test
*c1ccc2c(c1)C(=O)N(c1ccc(-c3ccc(N4C(=O)c5ccc(C(*)(C(F)(F)F)C(F)(F)F)cc5C4=O)c(O)c3)cc1O)C2=O,358.0,test
*c1ccc(C(c2ccccc2)c2ccc(N3C(=O)c4ccc(Oc5ccc6c(c5)C(=O)N(*)C6=O)cc4C3=O)cc2)cc1,269.0,test
*c1ccc(Oc2ccc(C(C)(C)c3ccc(Oc4ccc(-c5nnc(*)n5-c5cccc(C(F)(F)F)c5)cc4)cc3)cc2)cc1,190.0,test
*CCCCCCCCCCCN1C(=O)c2ccc(-c3ccc(-c4ccc5c(c4)C(=O)N(*)C5=O)cc3)cc2C1=O,89.0,test
*CC(C)(C)CS(=O)(=O)CC(C)(C)COC(=O)Nc1ccc(Cc2ccc(NC(=O)O*)cc2)cc1,90.0,test
*CC(*)C(=O)Oc1ccc(Cl)cc1Cl,60.0,test
*C(=O)Nc1ccc(Oc2ccc(Oc3ccc(NC(=O)c4ccc5c(c4)C(=O)N(c4ccc(S(=O)(=O)c6ccc(N7C(=O)c8ccc(*)cc8C7=O)cc6)cc4)C5=O)cc3)cc2)cc1,243.0,test
*CCC1C(=O)N(CCCCCC)C(=O)C1*,41.5,test
*Oc1ccc(C(C)(C)c2ccc(OC(=O)CC(C)CCC(*)=O)cc2)cc1,56.0,test
*CCCCCCCCCCCCCCCCCCCCOC(=O)CC(=O)O*,-35.1,test
*c1cc(C(c2ccc(OCCN(c3ccccc3)c3ccc(/C=C/C4=C/C(=C(/C#N)S(C)(=O)=O)CC(C)(C)C4)cc3)c(N3C(=O)c4ccc(Oc5ccc6c(c5)C(=O)N(*)C6=O)cc4C3=O)c2)(C(F)(F)F)C(F)(F)F)ccc1OCCN(c1ccccc1)c1ccc(/C=C/C2=C/C(=C(/C#N)S(C)(=O)=O)CC(C)(C)C2)cc1,234.0,test
*c1ccc(-c2cc(-c3ccc(-c4ccccc4)cc3)cc(-c3ccc(N4C(=O)c5ccc(NC(=O)Nc6cccc7c(NC(=O)Nc8ccc9c(c8)C(=O)N(*)C9=O)cccc67)cc5C4=O)cc3)n2)cc1,254.0,test
*OC1C(C)(C)C(OC(*)=O)C1(C)C,160.0,test
*CCC(c1ccccc1)C(*)c1ccccc1,104.3,test
*C(=O)Oc1ccc(OC(=O)c2ccc3c(c2)C(=O)N(c2ccc(Cc4ccc(N5C(=O)c6ccc(*)cc6C5=O)cc4)cc2)C3=O)c(C(C)(C)C)c1,160.0,test
*Oc1cccc(Oc2ccc(C(=O)Oc3cccc(OC(=O)c4ccc(*)cc4)c3)cc2)c1,131.0,test
*C(=O)c1ccc2c(c1)C(=O)N(c1cccc(OCCOc3cccc(N4C(=O)c5ccc(*)cc5C4=O)c3)c1)C2=O,191.0,test
*C(=O)OCCOCCOCCOC(=O)c1ccc(N2C(=O)c3ccc(*)cc3C2=O)cc1,63.0,test
*Oc1ccc(Oc2ccc(C(=O)c3ccc(NC(=O)CCCCCCCCC(=O)Nc4ccc(C(=O)c5ccc(*)cc5)cc4)cc3)cc2)cc1,130.0,test
*Oc1ccc(Oc2ccc(OC(=O)NC(=O)c3cc(C(=O)NC(*)=O)cc(C(C)(C)C)c3)cc2)cc1,114.5,test
*Nc1ccc(*)cc1,75.3,test
*c1ccc2c(c1)C(=O)N(c1cc(N3C(=O)c4ccc(C(*)(C(F)(F)F)C(F)(F)F)cc4C3=O)ccc1C)C2=O,335.0,test
*CC(CC)(CC)C(=O)O*,60.0,test
*N=P(*)(Oc1ccc(OC)cc1)Oc1ccc(OC)cc1,11.3,test
*CC(*)(C)C(=O)OCCC1CCN(CCCCCCOc2ccc(/N=N/c3ccc([N+](=O)[O-])cc3)cc2)CC1,27.0,test
*c1ccc(NC(=O)Nc2ccc(NC(=O)Nc3ccc(-c4nc(C#N)c(C#N)nc4*)cc3)cc2)cc1,248.7,test
*c1ccc(Oc2ccc(Oc3ccc(-c4nc(*)nc(-c5ccccc5)n4)cc3)cc2)cc1,244.0,test
*c1ccc(Oc2c(F)c(F)c(C(=O)c3c(F)c(F)c(Oc4ccc(C5(*)OC(=O)c6ccccc65)cc4)c(F)c3F)c(F)c2F)cc1,215.0,test
*Cc1cccc(CNC(=O)CCCCC(=O)N*)c1,84.0,test
*C(=O)c1ccc2c(c1)C(=O)N(c1ccc(/C=C/c3ccc(N4C(=O)c5ccc(*)cc5C4=O)cc3)cc1)C2=O,303.0,test
*CC(*)(C)C(=O)OCCCCCC(=O)Oc1ccc(OC(=O)c2ccc(OCCCCC)cc2)cc1,50.0,test
*Nc1cc(NC(=O)c2ccc(C(*)=O)cc2)cc(C(=O)Oc2ccc(-c3ccccc3)cc2)c1,178.0,test
*Nc1cccc(NC(=O)c2cccc(C(*)=O)c2)c1,275.0,test
*c1ccc(C(=O)Nc2ccc(Oc3ccc(NC(=O)c4ccc(-n5c(=O)c6cc7c(=O)n(*)c(=O)c7cc6c5=O)cc4)cc3)cc2)cc1,360.0,test
*c1ccc(Oc2ccc(-c3csc(/N=C/c4ccc(OCCCCCCOc5ccc(/C=N/c6nc(*)cs6)cc5)cc4)n3)cc2)cc1,117.0,test
*c1ccc(Oc2ccc(-c3cccc(-c4ccc(Oc5ccc(-c6c7c(c(*)c8ccccc68)C(=O)N(c6ccccc6)C7=O)cc5)c(C(F)(F)F)c4)c3)cc2C(F)(F)F)cc1,271.0,test
*CC(*)(C)C(=O)OCCCl,63.0,test
*O[Si](C)(C)O[Si](C)(C)O[Si](C)(C)O[Si](C)(C)Oc1c(C)cc(-c2cc(C)c(*)c(C)c2)cc1C,-16.0,test
*Cc1ccc(C(C)(C)c2ccc(Cn3c(=O)c4cc5c(=O)n(*)c(=O)c5cc4c3=O)o2)o1,138.0,test
*C(=O)OCCCCCCCCCCCOC(=O)c1ccc(N2C(=O)c3ccc(*)cc3C2=O)cc1,49.0,test
*CC(*)OC,-25.8,test
*CC(*)(C)C(=O)OCC1COCCOCCOCCOCCOC1,31.0,test
*O[Si](*)(C)OCCCCCCCCCCCOc1ccc(C2COC(c3ccc(OCC(C)CC)cc3)OC2)cc1,30.0,test
*CCCC1(C)CCN(C(=O)CCC(=O)N2CCC(*)(C)CC2)CC1,99.0,test
*CC(CC)C(CC)COC(=O)c1ccc(C(=O)O*)cc1,32.0,test
*CCCCCCCn1c2ccccc2c2cc(/C=C(\C#N)C(=O)OCCCCCCOC(=O)/C(C#N)=C/c3ccc4c(c3)c3ccccc3n4*)ccc21,107.8,test
*Oc1ccc(C(c2ccc(OC(*)=S)cc2)C(CC)CC)cc1,148.0,test
*Nc1cc(NC(=O)c2ccc(-c3ccc(C(*)=O)cc3)cc2)cc(-c2nnc(-c3ccccn3)o2)c1,120.0,test
*OCC(F)(F)C(F)(F)C(F)(F)COc1nc(F)c(F)c(OCC(F)(F)C(F)(F)C(F)(F)COc2c(F)c(*)nc(F)c2F)c1F,-10.0,test
*Oc1cc(OC(=O)c2ccc(OCCCCC)cc2)c(OC(=O)CCCC(*)=O)cc1OC(=O)c1ccc(OCCCCC)cc1,44.0,test
*C(=O)Nc1ccc(Cc2ccc(NC(=O)c3ccc4c(c3)C(=O)N(c3cccc(P(=O)(c5ccccc5)c5cccc(N6C(=O)c7ccc(*)cc7C6=O)c5)c3)C4=O)cc2)cc1,233.0,test
*C(=O)c1ccc2c(c1)C(=O)N(c1ccc(C(=O)c3cccc(C(=O)c4ccc(N5C(=O)c6ccc(*)cc6C5=O)cc4)c3)cc1)C2=O,276.0,test
*CC(*)(CCC)C(=O)OC,83.5,test
*Oc1ccc(C2(c3ccc(OC4(F)C(*)(F)C(F)(F)C4(F)F)cc3)c3ccccc3-c3ccccc32)cc1,228.0,test
*Nc1cccc(NC(=O)c2cc(NC(=O)C34CC5CC(CC(C5)C3)C4)cc(C(*)=O)c2)c1,365.0,test
*c1ccc(Oc2cccc(Oc3ccc(N4C(=O)c5cccc(Oc6ccc(Oc7cccc8c7C(=O)N(*)C8=O)cc6)c5C4=O)cc3)c2)cc1,214.0,test
*Oc1ccc(Sc2ccc(OC(=O)OC3C(C)(C)C(OC(*)=O)C3(C)C)cc2)cc1,107.0,test
*c1ccc(C(=O)OCCCCCCOc2ccc(/C=C/C(=O)/C=C/c3ccc(OCCCCCCOC(=O)c4ccc(-c5nnc(*)o5)cc4)cc3)cc2)cc1,62.0,test
*Oc1ccc(NC(=O)c2ccc(NC(=O)c3ccc([Si](C)(C)c4ccc(C(=O)Nc5ccc(C(=O)Nc6ccc(*)cc6)cc5)cc4)cc3)cc2)cc1,304.0,test
*/C=C(/*)C(C)(C)C,200.0,test
*CC(=O)Nc1ccc(Oc2ccc(Oc3ccc(NC(=O)c4ccc5c(c4)C(=O)N(*)C5=O)cc3)cc2)cc1,242.0,test
*Oc1cccc(OC(=O)c2ccc(OC(=O)c3cccc(C(=O)Oc4ccc(C(*)=O)cc4)c3)cc2)c1,158.0,test
*CC(O)COc1c(C)cc(C(C)(C)c2cc(C)c(O*)c(C)c2)cc1C,130.0,test
*CC(*)C(=O)OCCOc1ccc(C(C)(C)c2ccc(OCCO)cc2)cc1,22.0,test
*CC(*)C(=O)Nc1cccc(Cl)c1,70.0,test
*Nc1ccc(NC(=O)c2ccc(NC(=O)c3ccc(P(=O)(c4ccccc4)c4ccc(C(*)=O)cc4)cc3)cc2)cc1,243.0,test
*CC(OC)C(C)(C(=O)OC)C(*)(C)C(=O)OC,134.0,test
*C(=O)c1ccc(Oc2ccc(C3(c4ccc(Oc5ccc(C(=O)c6ccc7c(c6)C(=O)N(c6ccc(Cc8ccc(N9C(=O)c%10ccc(*)cc%10C9=O)cc8)cc6)C7=O)cc5)cc4)OC(=O)c4ccccc43)cc2)cc1,268.0,test
*c1cccc(OCCCCCCCCCCCCOc2cccc(N3C(=O)c4ccc(-c5ccc6c(c5)C(=O)N(*)C6=O)cc4C3=O)c2)c1,116.0,test
*CCCCCCOC(=O)OCCCCCCCCCCCCOC(=O)OCCCCCCOc1ccc(Oc2ccc(O*)cc2)cc1,-22.0,test
*c1cccc(P(=O)(c2ccc(C(F)(F)F)cc2)c2cccc(-n3c(=O)c4c(-c5ccccc5)c5c(=O)n(*)c(=O)c5c(-c5ccccc5)c4c3=O)c2)c1,337.0,test
*/C=C/c1cc(OCC(CC)CCCC)c(*)cc1OC,79.0,test
*c1cccc(C(=O)Nc2ccc(Oc3ccc(S(=O)(=O)c4ccc(Oc5ccc(NC(=O)c6cccc(N7C(=O)c8ccc(-c9ccc%10c(c9)C(=O)N(*)C%10=O)cc8C7=O)c6)cc5)cc4)cc3)cc2)c1,258.0,test
*CCOC(=O)CCCCCCCC(=O)O*,-45.0,test
*CC(CSC)O*,-37.0,test
*c1ccc2c(c1)C(CCCCCC)(CCCCCC)c1cc(-c3cc(CCCCCCCC)c(*)cc3CCCCCCCC)ccc1-2,74.5,test
*CC(*)(F)C(F)(F)F,49.0,test
*Oc1ccc(Oc2ccc(C(=O)Nc3ccc(Oc4ccc(S(=O)(=O)c5ccc(Oc6ccc(NC(=O)c7ccc(*)cc7)cc6)cc5)cc4)cc3)cc2)cc1C,217.0,test
*CC(C)C(=O)N*,96.0,test
*C(=O)Nc1ccc(C2(c3ccc(NC(=O)c4ccc5c(c4)C(=O)N(c4ccc(Oc6ccc(N7C(=O)c8ccc(*)cc8C7=O)cc6)cc4)C5=O)cc3)c3ccccc3-c3ccccc32)cc1,240.0,test
*C(=O)c1ccc2c(c1)C(=O)N(c1ccc(Oc3ccc(C(=O)c4cccc(C(=O)c5ccc(Oc6ccc(N7C(=O)c8ccc(*)cc8C7=O)cc6)cc5)c4)cc3)cc1)C2=O,222.0,test
*/C=C/c1cccc(OC(=O)CCCCCCCCC(=O)Oc2cccc(-c3nnc(*)s3)c2)c1,41.0,test
*c1ccc(Oc2ccc(-c3ccc(Oc4ccc(-n5c(=O)c6cc7c(=O)n(*)c(=O)c7cc6c5=O)cc4)cc3)cc2)cc1,300.0,test
*c1ccc(Oc2ccc(P(=O)(c3ccccc3)c3ccc(Oc4ccc(-c5ccc(*)nc5)cc4)cc3)cc2)cc1,257.0,test
*c1ccc2c(c1)C(=O)N(c1c(C)cc(C(c3cc(C)c(N4C(=O)c5ccc(C(*)(C(F)(F)F)C(F)(F)F)cc5C4=O)c(C)c3)c3cccc4ccccc34)cc1C)C2=O,314.0,test
*c1ccc(NC(=O)c2ccc(C(=O)Nc3ccc(-c4nnc(*)o4)cc3)c(Oc3ccccc3)c2)cc1,272.0,test
*CCNC(=O)c1ccc([Si](C)(C)c2ccc(C(=O)NCCN(*)c3ccc(/C=C/c4ccc([N+](=O)[O-])cc4)cc3)cc2)cc1,150.0,test
*N=P(Cl)(Cl)N=P(Cl)(Cl)/N=S(/*)Cl,-40.0,test
*Oc1cccc(Oc2ccc(C(=O)c3ccc(P(=O)(c4ccccc4)c4ccc(C(=O)c5ccc(*)cc5)cc4)cc3)cc2)c1,201.0,test
*Oc1ccc(Cc2ccc(OC(=O)CCCCC(*)=O)cc2)cc1,60.5,test
*CC(*)(C)C(=O)Oc1ccc(C(=O)c2ccccc2)c(O)c1,270.0,test
*c1cc(C)c(/N=C/c2ccc(OCc3ccc(COc4ccc(/C=N/c5cc(C)c(-n6c(=O)c7ccc8c9ccc%10c(=O)n(*)c(=O)c%11ccc(c%12ccc(c6=O)c7c8%12)c9c%10%11)cc5C)cc4OC)cc3)c(OC)c2)cc1C,145.0,test
*C(=O)c1ccc2c(c1)C(=O)N(c1ccc(Oc3ccc(C(=O)c4ccc(Oc5ccc(N6C(=O)c7ccc(*)cc7C6=O)cc5)cc4)cc3)cc1)C2=O,252.0,test
*CC(*)(F)C(=O)OCCC,62.0,test
*c1ccc(-c2ccc(Oc3ccc(C4(C)CC(C)(C)c5ccc(Oc6ccc(-c7ccc(-n8c(=O)c9cc%10c(=O)n(*)c(=O)c%10cc9c8=O)cc7)cc6C(F)(F)F)cc54)cc3)c(C(F)(F)F)c2)cc1,265.0,test
*c1ccc(OC(=O)c2cccc(C(=O)Oc3ccc(C4(*)C(=O)Nc5ccccc54)cc3)c2)cc1,256.0,test
*Oc1ccc(C(C)(C)c2ccc(Oc3nc(*)nc(Cl)n3)cc2)cc1,80.0,test
*Oc1ccc(C2(c3ccc(OC(=O)c4ccc(C(*)=O)cc4)cc3)CC3CC2C2CCCC32)cc1,322.0,test
*CC(*)(C)C(=O)NC(=O)OC(C)COc1ccc(S(=O)(=O)c2ccc(OCC(C)O)cc2)cc1,73.0,test
*Oc1c(C)cc(*)cc1C,212.0,test
*CC(=O)Nc1cccc(NC(=O)COc2ccc3ccccc3c2Sc2c(O*)ccc3ccccc23)c1,254.0,test
*C1C2CC(CCCCc3ccccc3)C(C2)C1*,148.0,test
*c1ccc(Cc2ccc(N3C(=O)CC(Nc4ccc(N(c5ccc(NC6CC(=O)N(*)C6=O)cc5)c5ccc([N+](=O)[O-])cc5)cc4)C3=O)cc2)cc1,276.0,test
*OC(=O)C(Cc1ccccc1)NC(=O)CCCCC(=O)NC(Cc1ccccc1)C(=O)OC1COC2C(*)COC12,97.5,test
*CC(*)C(=O)OCCC(C)OC,-56.0,test
*OC1CCC(OC(=O)CCCCCCCCC(*)=O)CC1,66.0,test
*Nc1ccc(-c2ccc(NC(=O)c3ccc(NC(=O)c4ccc([Si](C)(C)c5ccc(C(=O)Nc6ccc(C(*)=O)cc6)cc5)cc4)cc3)cc2)cc1,320.0,test
*CC(*)C(=O)O,115.0,test
*Oc1ccc(NC(=O)c2cc(NC(=O)CCN3C(=O)c4ccccc4C3=O)cc(C(=O)Nc3ccc(*)cc3)c2)cc1,240.0,test
*CCCCCCOC(=O)OCCCCCCCCOC(=O)OCCCCCCOc1ccc(C(=O)c2ccc(O*)cc2)cc1,-7.7,test
*CCCCCCOC(=O)OCCOC(=O)OCCCCCCOc1ccc(Oc2ccc(O*)cc2)cc1,-4.0,test
*CCCC(=O)Oc1ccc(OC(=O)c2ccc3c(c2)C(=O)N(*)C3=O)cc1,132.0,test
*c1cc(C(c2ccc(O)c(-n3c(=O)c4cc5c(=O)n(*)c(=O)c5cc4c3=O)c2)(C(F)(F)F)C(F)(F)F)ccc1O,350.0,test
*c1ccc(N2C(=O)c3ccc(Oc4ccc5c(c4)C(=O)N(*)C5=O)cc3C2=O)cc1,385.5,test
*CC(*)(F)C(=O)OCCC(F)(F)C(F)(F)C(F)(F)C(F)(F)C(F)(F)C(F)(F)F,53.0,test
*CC(*)(C)C(=O)OCCCCCCCCCCn1c2ccccc2c2cc(/N=N/c3ccc([N+](=O)[O-])cc3[N+](=O)[O-])ccc21,60.0,test
*CC(*)c1cc(C(F)(F)F)cc(C(F)(F)F)c1,116.0,test
*CC(*)C(=O)OC,10.0,test
*CC(=O)C(*)C,23.0,test
*c1ccc(C2(c3ccc(-c4cc(-c5ccccc5)c5cc(Oc6ccc7nc(*)cc(-c8ccccc8)c7c6)ccc5n4)cc3)c3ccccc3C(=O)c3ccccc32)cc1,340.0,test
*CCO*,-56.0,test
*CCN(CCOC(=O)Nc1ccc(C)c(NC(=O)O*)c1)c1ccc(/N=N/c2ccc(/C=C/c3nc4ccc([N+](=O)[O-])cc4n3CC)cc2)cc1,171.0,test
*C(=O)c1ccc2c(c1)C(=O)N(c1ccc(Oc3ccc(C(=O)c4ccc(C(=O)c5ccc(C(=O)c6ccc(Oc7ccc(N8C(=O)c9ccc(*)cc9C8=O)cc7)cc6)cc5)cc4)cc3)cc1)C2=O,233.0,test
*CC(CO*)(CS(=O)(=O)CCCC)CS(=O)(=O)CCCC,66.0,test
*c1ccc(-c2nc3ccc(Oc4ccc5nc(*)c(-c6ccccc6)nc5c4)cc3nc2-c2ccccc2)cc1,304.0,test
*CCCCCOC(=O)c1ccc(/C=C/c2ccc(C(=O)O*)cc2)cc1,60.0,test
*O[Si](C)(C)O[Si](*)(C)c1c(F)c(F)c(F)c(F)c1F,-65.0,test
*c1ccc(NC(=O)c2cc(NC(=O)c3ccc(NC(=O)C(C)N4C(=O)c5ccccc5C4=O)cc3)cc(C(=O)Nc3ccc(S(*)(=O)=O)cc3)c2)cc1,208.0,test
*CCCCCCN(C(=O)C(F)(F)C(F)(F)C(F)(F)C(=O)N(*)C(C)C)C(C)C,142.5,test
*Oc1ccc(C(c2ccc(OC(=O)c3ccc(OCCCCCCCCCCOc4ccc(C(*)=O)cc4)cc3)cc2)(C(F)(F)F)C(F)(F)F)cc1,89.0,test
*c1ccc(C(=O)Nc2cccc(S(=O)(=O)c3cccc(NC(=O)c4ccc(N5C(=O)c6ccc(-c7ccc8c(c7)C(=O)N(*)C8=O)cc6C5=O)cc4)c3)c2)cc1,256.0,test
*CCCCCCN1C(=O)c2ccc(C(c3ccc4c(c3)C(=O)N(*)C4=O)(C(F)(F)F)C(F)(F)F)cc2C1=O,155.0,test
*C(=O)Nc1c(C)cc(C)c(NC(=O)c2ccc3c(c2)C(=O)N(c2c(C)cc(C)c(N4C(=O)c5ccc(*)cc5C4=O)c2C)C3=O)c1C,288.0,test
*Oc1ccc(CC(NC(=O)CCc2ccc(OC(=O)CCCC(*)=O)cc2)C(=O)OC(C)CC)cc1,52.0,test
*C(=O)Nc1ccc(Oc2cccc(Oc3ccc(NC(=O)c4ccc5c(c4)C(=O)N(c4ccc(Sc6ccc(Oc7ccc(Sc8ccc(N9C(=O)c%10ccc(*)cc%10C9=O)cc8)cc7)cc6)cc4)C5=O)cc3)c2)cc1,179.0,test
*c1cccc(P(=O)(c2cccc(-n3c(=O)c4cc5c(=O)n(*)c(=O)c5c(-c5ccc(C(F)(F)F)cc5)c4c3=O)c2)c2cc(C(F)(F)F)cc(C(F)(F)F)c2)c1,292.0,test
*c1ccc(S(=O)(=O)c2ccc(-n3nc(-c4ccccc4)c4ccc(Oc5ccc6c(-c7ccccc7)nn(*)c(=O)c6c5)cc4c3=O)cc2)cc1,294.5,test
*C(=O)c1ccc2c(c1)C(=O)N(c1cccc(OP(=O)(Oc3cccc(N4C(=O)c5ccc(*)cc5C4=O)c3)c3ccccc3)c1)C2=O,176.5,test
*Oc1ccc(/N=C(\c2ccccc2)c2ccc(Oc3ccc(-c4ccc(Oc5ccc(/C(=N/c6ccc(*)cc6)c6ccccc6)cc5)cc4)cc3)cc2)cc1,174.0,test
*c1cccc(C(=O)c2c(C)cc(C)c(N3C(=O)c4ccc(Oc5ccc6c(c5)C(=O)N(*)C6=O)cc4C3=O)c2C)c1,287.0,test
*CCCCCCOc1ccc(-c2ccc(O*)c3ccccc23)c2ccccc12,109.0,test
*CC(*)c1ccc(CCCCCCCCCC)cc1,-65.0,test
*CC(O)COc1ccc(C2CC(C(C)C)CCC2(C)c2ccc(O*)cc2)cc1,175.0,test
*c1cc(CCCCCC)c(-c2ccc3c4ccc(-c5sc(-c6sc(*)c7nc(CC)c(CC)nc67)cc5CCCCCC)cc4n(CCCCCCCCCCCC)c3c2)s1,89.0,test
*C1CCCC(S(*)(=O)=O)C1,108.0,test
*Oc1ccc(/C=N/N=C/c2ccc(Oc3ccc(C(C)(C)c4ccc(*)cc4)cc3)cc2)cc1,163.0,test
*OP(=O)(Oc1ccc(Cl)cc1)Oc1ccc(C(C)(C)c2ccc(*)cc2)cc1,71.0,test
*c1ccc2c(c1)C(CC(CC)CCCC)(CC(CC)CCCC)c1cc(*)ccc1-2,29.0,test
*c1ccc(-c2ccc(-c3cnc4cc(Oc5ccc6nc(*)cnc6c5)ccc4n3)cc2)cc1,390.0,test
*CC(*)(CC(=O)OCCc1ccccc1)C(=O)OCCc1ccccc1,45.0,test
*CCC(C)C(*)(C)C(=O)OC,45.0,test
*OP(=O)(Oc1ccc(C)cc1)Oc1ccc(S(=O)(=O)c2ccc(*)cc2)cc1,66.0,test
*Sc1cccc(Sc2ccc(Sc3ccc(*)cc3)cc2)c1,75.0,test
*CC(*)C(=O)Nc1ccccc1,160.0,test
*c1c(C)cc(C)c(N2C(=O)c3ccc(Sc4ccc5c(c4)C(=O)N(*)C5=O)cc3C2=O)c1C,378.0,test
*c1cccc(Oc2cccc(Oc3cccc(N4C(=O)c5ccc(-c6cccc7c6C(=O)N(*)C7=O)cc5C4=O)c3)c2)c1,213.0,test
*Oc1cccc(Oc2ccc(C(=O)c3ccc(NC(=O)CCCCCCCCC(=O)Nc4ccc(C(=O)c5ccc(*)cc5)cc4)cc3)cc2)c1,143.0,test
*c1cccc(S(=O)(=O)c2cccc(-n3c(=O)c4cc5c(=O)n(*)c(=O)c5cc4c3=O)c2)c1,360.0,test
*CC(*)C[Si](C)(C)C,114.0,test
*Oc1c(C)cc(C2(c3cc(C)c(Oc4ccc(C(=O)c5cccc(C(=O)c6ccc(*)cc6)c5)cc4)c(C)c3)CCC3CCCCC3C2)cc1C,224.0,test
*CCN(CCOC(=O)NC(C)(C)c1cccc(C(C)(C)NC(=O)O*)c1)c1ccc(/N=N/c2ccc([N+](=O)[O-])cc2)cc1,103.0,test
*Oc1ccc(NC(=O)c2ccc(Oc3ccc(C(C)(C)c4cccc(C(C)(C)c5ccc(Oc6ccc(C(=O)Nc7ccc(Oc8ccc(C(C)(C)c9ccc(*)cc9)cc8)cc7)cc6)cc5)c4)cc3)cc2)cc1,147.0,test
*CC(*)c1ccccc1C(=O)OCCN(C)C,69.0,test
*OC(=O)OCCCCCCCCOC(=O)OC1COC2C(*)COC12,19.5,test
*c1ccc(-c2ccc(N3C(=O)c4ccc(Oc5ccc6c(c5)C(=O)N(*)C6=O)cc4C3=O)c(OCCCCCCOc3ccc(/C=C/c4ccc(F)cc4)cc3)c2)cc1OCCCCCCOc1ccc(/C=C/c2ccc(F)cc2)cc1,124.0,test
*CCc1ccc(CCNC(=O)CCCCCCCCCC(=O)N*)cc1,96.0,test
*CCCCCCCC(=O)N*,37.0,test
*Oc1cc(C(C)(C)C)c(Oc2ccc(C(=O)Nc3ccc(C(C)(C)c4ccc(NC(=O)c5ccc(*)cc5)c(C)c4)cc3C)cc2)cc1C(C)(C)C,275.0,test
*Oc1ccc(NC(=O)c2cc(NC(=O)CCCCCN3C(=O)c4ccccc4C3=O)cc(C(=O)Nc3ccc(*)cc3)c2)cc1,200.0,test
*Oc1ccc(C(C)(C)c2ccc(OC(=O)NC(=O)c3cc(C(=O)NC(*)=O)cc(C(C)(C)C)c3)cc2)cc1,123.5,test
*C1C(=O)N(C(C)CC)C(=O)C1*,205.0,test
*CC(*)(CC(=O)OCCCl)C(=O)OCCCl,43.0,test
*c1ccc(C(c2ccc(N3C(=O)c4ccc(Oc5cccc6c(Oc7ccc8c(c7)C(=O)N(*)C8=O)cccc56)cc4C3=O)cc2)(C(F)(F)F)C(F)(F)F)cc1,276.0,test
*CCCCCCCCCCCCNC(=O)c1ccc(C(=O)N*)cc1,130.0,test
*c1ccc(-c2ccc(N3C(=O)c4c(c(-c5ccccc5)c(-c5ccc(Oc6ccc(-c7c(-c8ccccc8)c8c(c(-c9ccccc9)c7-c7ccccc7)C(=O)N(*)C8=O)cc6)cc5)c(-c5ccccc5)c4-c4ccccc4)C3=O)cc2)cc1,399.0,test
*O[Si](*)(C)CCc1cc(C(=O)Oc2ccc(OCCCCCCCCCCCC)cc2)ccc1-c1ccc(C(=O)Oc2ccc(OCCCCCCCCCCCC)cc2)cc1,76.0,test
*Cc1cc2cc(C(=O)Nc3ccc(S(=O)(=O)c4ccc(NC(=O)c5cc6cc(*)c(OC(=O)COc7ccc8ccc(=O)oc8c7)cc6oc5=O)cc4)cc3)c(=O)oc2cc1OC(=O)COc1ccc2ccc(=O)oc2c1,233.0,test
*O[Si](C)(C)c1ccc(-c2ccc([Si](*)(C)C)cc2)cc1,67.0,test
*CC(O)CN(C)S(=O)(=O)c1ccc(-c2ccc(S(=O)(=O)N(C)CC(O)COc3ccc(C(C)(C)c4ccc(O*)cc4)cc3)cc2)cc1,101.0,test
*c1ccc(-c2cc(CCCCCCCC)c(-c3ccc(-c4sc(*)cc4CCCCCCCC)cc3)s2)cn1,16.2,test
*Nc1ccc(NC(=O)c2ccc(NC(=O)c3ccc([Si](C)(C)c4ccc(C(=O)Nc5ccc(C(*)=O)cc5)cc4)cc3)cc2)cc1,338.0,test
*/C(=C(\[2H])C([2H])([2H])C(*)([2H])[2H])C([2H])([2H])[2H],-58.0,test
*CC(OC(=O)C(CC(C)C)NC(=O)OCc1ccccc1)C(COC(=O)O*)OC(=O)C(CC(C)C)NC(=O)OCc1ccccc1,50.9,test
*CCCOC(=O)NNC(=O)CCCCCCCCC(=O)NNC(=O)O*,22.0,test
*Oc1cc(Oc2cccc(NC(=O)c3cc(Oc4ccc(C(=O)O)c(C(=O)Nc5cccc(*)c5)c4)ccc3C(=O)O)c2)ccc1C#N,195.8,test
*Oc1ccc(C2(c3ccc(OC(*)=O)cc3)CC3CC2C2CCCC32)cc1,251.5,test
*OP(=O)(Oc1ccc(OC)cc1)Oc1c(Br)cc(C(c2cc(Br)c(*)c(Br)c2)(C(F)(F)F)C(F)(F)F)cc1Br,151.0,test
*c1ccc(Oc2cccc(N3C(=O)c4ccc(Oc5cccc6c(Oc7ccc8c(c7)C(=O)N(*)C8=O)cccc56)cc4C3=O)c2)cc1,235.0,test
*Cc1ccc(C(C)(CC)c2ccc(Cn3c(=O)c4cc5c(=O)n(*)c(=O)c5cc4c3=O)o2)o1,143.0,test
*CC(*)c1ccc(COCCC(F)(F)C(F)(F)C(F)(F)C(F)(F)F)cc1,13.0,test
*c1ccc2c(c1)C(=O)N(c1cc(OCCCCCCCCCCCCCCCC)cc(N3C(=O)c4ccc(C(*)(C(F)(F)F)C(F)(F)F)cc4C3=O)c1)C2=O,161.0,test
*CC(*)(C)C(=O)OCCCCCCOc1ccc(/N=N/c2ccc(C#N)cc2)cc1,61.0,test
*CCCCCCCOC(=O)c1ccc(C(=O)O*)cc1,-1.0,test
*CC(*)(C)C(=O)OCCO[Si](C)(C)C,89.0,test
*Oc1ccc(-c2ccc(OC(=O)/C=C/c3ccc(/C=C/C(*)=O)cc3)cc2)cc1,243.0,test
*c1ccc(Oc2ccc(P(=O)(c3ccccc3)c3ccc(Oc4ccc(-c5cc(*)[nH]n5)cc4)cc3)cc2)cc1,296.0,test
*c1ccc(Cc2ccc(N3C(=O)C4CCC5C(=O)N(*)C(=O)C5C4C3=O)c(C)c2)cc1C,340.0,test
*c1cccc(OCCCCCCCCCCCCOc2cccc(N3C(=O)c4ccc(-c5cccc6c5C(=O)N(*)C6=O)cc4C3=O)c2)c1,116.0,test
*C(=O)Nc1ccc(Oc2ccc(-c3ccc(Oc4ccc(NC(=O)c5ccc6c(c5)C(=O)N(c5ccc(Oc7ccc(N8C(=O)c9ccc(*)cc9C8=O)cc7)cc5)C6=O)cc4)cc3)cc2)cc1,286.0,test
*c1ccc2c(c1)C(=O)N(c1ccc(C(c3ccc(C)c(N4C(=O)c5ccc(C(*)(C(F)(F)F)C(F)(F)F)cc5C4=O)c3)(C(F)(F)F)C(F)(F)F)cc1C)C2=O,266.0,test
*c1ccc(C(c2ccccc2)(c2ccc(-c3nc4ccc(-c5ccc6nc(*)oc6c5)cc4o3)cc2)C(F)(F)F)cc1,350.0,test
*CC(*)c1ccc(/C(Cc2ccccc2)=N/O)cc1,111.0,test
*CCCCCC(*)C,-66.0,test
*CC(C)(C)COC(=O)NC(=O)c1cccc(C(=O)NC(=O)O*)c1,66.0,test
*CC(*)OCC(C)C,-22.0,test
*C(=O)OCC(C)(C)COC(=O)N1CCN(*)CC1,70.0,test
*CCN(CCOC(=O)CCC#CC#CCCC(=O)O*)c1ccc(/N=N/c2c(C)cc(/N=N/c3ccc(C#N)cc3)cc2C)cc1,63.0,test
*Oc1ccc(C(=C(Cl)Cl)c2ccc(OC(*)=O)cc2)cc1,167.0,test
*CCCCSSCCCCOCO*,-76.0,test
*c1cc(/C=N/C(=S)Nc2ccc(-n3c(=O)c4cc5c(=O)n(*)c(=O)c5cc4c3=O)cc2)ccc1Cl,276.0,test
*CC(*)(C)c1ccccc1,168.0,test
*c1ccc(C(c2ccc(OCCCC)cc2)c2ccc(N(*)c3ccc(C)cc3)cc2)cc1,170.0,test
*Oc1ccc(NC(=O)c2cccc(C(=O)Nc3ccc(Oc4ccc(C(=O)c5ccc(*)cc5)cc4)cc3)c2)cc1,145.0,test
*O[Si](C)(C)O[Si](C)(C)O[Si](C)(C)O[Si](C)(C)O[Si](C)(C)OC1=C(*)c2cccc3cccc1c23,-54.0,test
*CC(*)(F)C(=O)OC,142.0,test
*Oc1ccc(S(=O)(=O)c2ccc(Oc3ccc(NC(=O)c4ccc(-c5ccc(C(=O)Nc6ccc(*)cc6)c(C)c5)cc4C)cc3)cc2)cc1,251.0,test
*CC(C)(CO*)COCC(F)(F)F,-41.0,test
*C(=O)Nc1ccc(-c2ccc(NC(=O)c3ccc4c(c3)C(=O)N(c3ccc(S(=O)(=O)c5ccc(N6C(=O)c7ccc(*)cc7C6=O)cc5)cc3)C4=O)cc2)cc1,370.0,test
*C(=O)c1ccc2c(c1)C(=O)N(c1ccc(Oc3ccc(C(=O)c4cccc(C(=O)c5ccc(Oc6ccc(N7C(=O)c8ccc(*)cc8C7=O)cc6C(F)(F)F)cc5)n4)cc3)c(C(F)(F)F)c1)C2=O,225.2,test
*C(=O)Nc1cc(C(F)(F)F)ccc1Oc1cccc2c(Oc3ccc(C(F)(F)F)cc3NC(=O)c3ccc4c(c3)C(=O)N(c3ccc(Oc5ccc(N6C(=O)c7ccc(*)cc7C6=O)cc5-c5ccccc5)c(-c5ccccc5)c3)C4=O)cccc12,376.0,test
*CCN(*)C(=O)c1cc(F)c(F)c(F)c1,65.0,test
*c1ccc(Cc2ccc(N3C(=O)c4cc(-c5ccc([Si](C)(C)C)cc5)c(-c5cc6c(cc5-c5ccc([Si](C)(C)C)cc5)C(=O)N(*)C6=O)cc4C3=O)cc2)cc1,348.0,test
*C(=O)Nc1ccc(Oc2ccc(C(=O)c3ccc(Oc4ccc(NC(=O)c5ccc(*)nc5)cc4)cc3)cc2)cc1,170.0,test
*c1ccc(C(c2ccccc2)c2ccc(-n3c(=O)c4cc5c(=O)n(*)c(=O)c5cc4c3=O)cc2)cc1,321.0,test
*CC(*)OC(=O)C(C)(C)C(C)C(C)C,55.0,test
*CC(*)C(F)(F)C(F)(F)F,41.0,test
*CCCCCCCCCCCOC(=O)c1ccc(-c2ccc(C(=O)O*)cc2)cc1,49.0,test
*C(=O)c1ccc2c(c1)C(=O)N(c1ccc(Oc3ccc(C(=O)c4ccc(Oc5ccc(C(=O)c6ccc(Oc7ccc(N8C(=O)c9ccc(*)cc9C8=O)cc7)cc6)cc5)cc4)cc3)cc1)C2=O,215.0,test
*Oc1c(Cl)cc(C(C)(C)c2cc(Cl)c(OC(=O)c3ccc(OCCCCCCCCCCOc4ccc(C(*)=O)cc4)cc3)c(Cl)c2)cc1Cl,140.0,test
*c1ccc(Oc2ccc(Oc3ccc(N4C(=O)c5ccc(Oc6ccc(-c7ccc(Oc8ccc9c(c8)C(=O)N(*)C9=O)cc7)cc6)cc5C4=O)cc3)cc2)cc1,222.0,test
*CC(*)c1ccccc1C(=O)OCCCCC,92.0,test
*CC(*)C(=O)NCCC[N+](C)(C)C,57.0,test
*CCCCCCNC(=O)c1cc(NC(=O)c2ccc(NC(=O)C(CC(C)C)N3C(=O)c4ccccc4C3=O)cc2)cc(C(=O)N*)c1,200.0,test
*c1ccc2c(c1)C(=O)N(c1ccc(Oc3ccccc3-c3ccccc3Oc3ccc(N4C(=O)c5ccc(C(*)(C(F)(F)F)C(F)(F)F)cc5C4=O)cc3)cc1)C2=O,78.0,test
*C(F)(F)C1(*)OC(F)(F)C(F)(F)O1,108.0,test
*Oc1cccc(Oc2cccc(NC(=O)c3cc(Oc4ccc(C(=O)O)c(C(=O)Nc5cccc(*)c5)c4)ccc3C(=O)O)c2)c1,176.4,test
*Oc1ccc(S(=O)(=O)c2ccc(Oc3ccc(C(c4ccc(*)c([Si](C)(C)C)c4)(C(F)(F)F)C(F)(F)F)cc3[Si](C)(C)C)cc2)cc1,168.6,test
*C(=O)Nc1ccc(Oc2ccccc2-c2ccccc2Oc2ccc(NC(=O)c3ccc4c(c3)C(=O)N(c3ccc(Oc5ccc(Oc6ccc(N7C(=O)c8ccc(*)cc8C7=O)cc6)cc5)cc3)C4=O)cc2)cc1,238.0,test
*CC(*)(C)C(=O)OCCCCCCCCCC,-64.5,test
*CC(*)(CC(=O)OCC(C)C)C(=O)OCC(C)C,125.0,test
*CC(*)C(=O)OCCCOc1ccc(C(=O)OCCCC(F)(F)C(F)(F)C(F)(F)C(F)(F)C(F)(F)C(F)(F)C(F)(F)C(F)(F)F)cc1,48.0,test
*CC(COc1ccc(C(C)(c2ccccc2)c2ccc(O*)cc2)cc1)OC(=O)c1ccccc1,126.0,test
*Oc1ccc(C(c2ccccc2)(c2ccccc2)c2ccc(OC(=O)OC3C(C)(C)C(OC(*)=O)C3(C)C)cc2)cc1,161.0,test
*c1ccc(Oc2ccc(Oc3ccc(P(=O)(c4ccccc4)c4ccc(Oc5ccc(Oc6ccc(-c7nc8ccc(-c9ccc%10nc(*)oc%10c9)cc8o7)cc6)cc5)cc4)cc3)cc2)cc1,223.0,test
*CCC1C(=O)N(CCC)C(=O)C1*,90.4,test
*CCCCCCN(CC(F)(F)C(F)(F)F)C(=O)C(F)(F)C(F)(F)C(F)(F)C(=O)N(*)CC(F)(F)C(F)(F)F,174.0,test
*CC/C=C(/*)C(C)C,-47.0,test
*CCCCOc1ccc(/C=C2\CC/C(=C\c3ccc(OCCCCOP(=O)(O*)OC)c(OC)c3)C2=O)cc1OC,75.0,test
*Oc1ccc(C(c2ccc(OC(=O)Nc3ccc(Cc4ccc(NC(*)=O)cc4)cc3)cc2)(C(F)(F)F)C(F)(F)F)cc1,81.0,test
*CCc1ccc(*)cc1,65.0,test
*Nc1ccc(Cc2ccc(NC(=O)/C=C/c3ccc(/C=C/C(*)=O)cc3)cc2)cc1,230.0,test
*Oc1ccc(S(=O)(=O)c2ccc3cc(S(=O)(=O)c4ccc(Oc5c(C)cc(-c6cc(C)c(*)c(C)c6C)c(C)c5C)cc4)ccc3c2)cc1,300.0,test
*C(=O)c1ccc2c(c1)C(=O)N(c1ccc(OCC(C)(C)COc3ccc(N4C(=O)c5ccc(*)cc5C4=O)cc3)cc1)C2=O,234.0,test
*[Si](*)(C)CCCOCC1COC(C)(C)O1,-48.0,test
*CCC[Si](*)(C)c1cccc(C)c1,-25.0,test
*CC(*)(C)C(=O)OCc1ccc(/C=C/C(=O)Oc2ccc3oc(=O)ccc3c2)cc1,140.0,test
*CC1CC2CC1C1CCC(Cn3c(=O)c4cc5c(=O)n(*)c(=O)c5cc4c3=O)C21,265.0,test
*CC(COc1ccc(C(C)(C)c2ccc(O*)cc2)cc1)OC(=O)CC,60.0,test
*CCCCCCCCCCNC(=O)CCCCCCCCCCCCCCCCC(=O)N*,46.0,test
*O[Si](C)(CCC(F)(F)F)CCC(F)(F)C(F)(F)C(F)(F)C(F)(F)C(F)(F)C(F)(F)C(F)(F)C(F)(F)C(F)(F)C(F)(F)CC[Si](*)(C)CCC(F)(F)F,-11.0,test
*c1cc(*)cc(-c2nc3ccccc3o2)c1,250.0,test
*CCCCCCOC(=O)c1ccc2cc(C(=O)O*)ccc2c1,64.0,test
*C(=O)c1ccc(Oc2ccc(Oc3ccc(C(=O)c4ccc5c(c4)C(=O)N(c4ccc(Oc6ccc(N7C(=O)c8ccc(*)cc8C7=O)cc6)cc4)C5=O)cc3)cc2)cc1,220.0,test
*NC(CCC(=O)OCCCCCCCCCC)C(*)=O,-62.0,test
*CCN(CCOC(=O)Nc1ccc(C)c(NC(=O)O*)c1)c1ccc(/N=N/c2ccc([N+](=O)[O-])cc2)cc1,144.0,test
*c1cccc(P(=O)(c2cccc(-n3c(=O)c4c(-c5ccccc5)c5c(=O)n(*)c(=O)c5c(-c5ccccc5)c4c3=O)c2)c2cc(C(F)(F)F)cc(C(F)(F)F)c2)c1,320.0,test
*Oc1ccc(-c2ccc(Oc3ccc(C(=O)c4c(C(=O)c5ccc(*)cc5)c(-c5ccc(F)cc5)c(-c5ccc(F)cc5)c(-c5ccc(F)cc5)c4-c4ccc(F)cc4)cc3)cc2)cc1,275.0,test
*Oc1ccc(CC(NC(=O)CCc2ccc(OC(=O)CCC(*)=O)cc2)C(=O)OCCCC)cc1,67.0,test
*CCN(*)C(=O)CCCCCCC,10.0,test
*=Nc1ccc(Cc2ccc(NC(=*)c3ccccc3)cc2)cc1,158.0,test
*CC(*)(CC(=O)Oc1ccc(OCCCCC)cc1)C(=O)Oc1ccc(OCCCCC)cc1,73.5,test
*Oc1ccc(Oc2cccc(*)n2)cc1,100.0,test
*O[Si](*)(C)CCCCC1COC(=O)O1,-23.45,test
*c1ccc(-c2ccc(-c3nc4ccccc4c(-c4ccc(Oc5ccc(-c6c(-c7ccccc7)c(*)nc7ccccc67)cc5)cc4)c3-c3ccccc3)cc2)cc1,345.0,test
*C(=O)Oc1c(C)cc(C(C)(C)c2cc(C)c(OC(=O)c3ccc4c(c3)C(=O)N(c3ccc(-c5ccc(N6C(=O)c7ccc(*)cc7C6=O)cc5C)c(C)c3)C4=O)c(C)c2)cc1C,182.0,test
*CC(*)C(F)(F)F,29.5,test
*Oc1ccc(C(C)(C)c2cccc(C(C)(C)c3ccc(Oc4ccc(C(=O)Nc5ccc(Cc6ccc(NC(=O)c7ccc(*)cc7)cc6)cc5)cc4)cc3)c2)cc1,149.0,test
*CC(*)C(=O)c1ccc(C)cc1,59.5,test
*CCOC(=O)CCCCCCC(=O)OCCOC(=O)c1ccc(C(=O)O*)cc1,-1.0,test
*CC(*)P(=O)(c1ccccc1)c1ccccc1,127.5,test
*c1ccc2c(c1)Sc1cc(-c3sc4cc(*)sc4c3CCCCC)ccc1N2CCCCCC,126.0,test
*c1ccc(Sc2ccc(Sc3ccc(N4C(=O)c5ccc(Sc6ccc(Sc7ccc(Sc8ccc9c(c8)C(=O)N(*)C9=O)cc7)cc6)cc5C4=O)cc3)cc2)cc1,190.75,test
*c1ccc(Oc2ccc(-c3nc4cc(Oc5ccc(NC(=O)c6ccc7c(c6)C(=O)N(c6ccc(C(c8ccc(N9C(=O)c%10ccc(C(=O)Nc%11ccc(Oc%12ccc%13nc(-c%14ccccc%14)c(*)nc%13c%12)cc%11)cc%10C9=O)cc8)(C(F)(F)F)C(F)(F)F)cc6)C7=O)cc5)ccc4nc3-c3ccccc3)cc2)cc1,289.0,test
*C(=O)Nc1cccc(C(=O)Nc2cccc(NC(=O)c3ccc4[nH]c(-c5cccc(-c6nc7cc(*)ccc7[nH]6)c5)nc4c3)c2)c1,331.0,test
*CC(*)c1ccc(C(C)(C)O)cc1,170.0,test
*c1ccc([Si](*)(C)C)s1,21.0,test
*c1ccc(C2(c3ccc(-c4cc(-c5ccccc5)c5cc(Oc6ccc7nc(*)cc(-c8ccccc8)c7c6)ccc5n4)cc3)c3ccccc3-c3ccccc32)cc1,310.0,test
*[Si](*)(C)CCC(F)(F)F,-3.0,test
*CCOCCOCCOCCOCCOc1ccc(C(=O)Nc2cc(NC(=O)c3ccc(O*)cc3)cc(-c3nc4ccccc4[nH]3)c2)cc1,145.0,test
*OC(=O)Nc1ccc(Cc2ccc(NC(=O)OC3CC4CC(*)CC(C3)O4)cc2)cc1,200.0,test
*CC(*)(C)C(=O)OCCCCCCOc1ccc(C(=O)Oc2ccc(C(=O)/C=C/c3c(C)c4ccccc4n3C)cc2)cc1,98.0,test
*c1ccc(-c2ccc(-c3ccc4c(c3)C(CCCCCCCC)(CCCCCCCC)c3cc(-c5ccc(*)s5)ccc3-4)s2)cn1,127.5,test
*CC(*)(C)C(=O)OCCCCCCOc1ccc(/N=N/c2ccncc2)cc1,42.0,test
*CC(*)C(=O)OCCOC,-34.0,test
*O[Si](*)(C)CCCOC(=O)c1cc(OC(=O)c2ccc(OCCOCCOCCOCCOC)cc2)ccc1OC(=O)c1ccc(OCCOCCOCCOCCOC)cc1,-37.0,test
*CCOCCOC(=O)CCCC(=O)O*,-55.0,test
*c1ccc(Nc2ccc(C(c3ccc(Nc4ccc(S(*)(=O)=O)cc4)cc3)(C(F)(F)F)C(F)(F)F)cc2)cc1,145.0,test
*CCOCCOC(=O)O*,-27.0,test
*CC(*)(C)C(=O)OCCN(CC)c1ccc(/N=N/c2ccc(C#N)cc2)cc1,119.0,test
*CCCC(=O)Nc1ccc(Oc2ccc(Oc3ccc(NC(=O)CCCN4C(=O)c5ccc(C(=O)c6ccc7c(c6)C(=O)N(*)C7=O)cc5C4=O)cc3)cc2)cc1,178.0,test
*C(=O)Nc1c(CC)cc(Cc2cc(CC)c(NC(=O)c3ccc4c(c3)C(=O)N(c3ccc(/N=N/c5ccc(C)cc5)c(N5C(=O)c6ccc(*)cc6C5=O)c3)C4=O)c(CC)c2)cc1CC,269.0,test
*Oc1ccc(S(=O)(=O)c2ccc(Oc3ccc4c(=O)n5c6cc(-c7ccc8c(c7)nc7c9ccc(*)c%10cccc(c(=O)n87)c%109)ccc6nc5c5cccc3c45)cc2)cc1,415.0,test
*c1ccc(Cc2ccc(-n3nccc3-c3ccc(-c4ccnn4*)cc3)cc2)cc1,202.0,test
*Oc1ccc(Cc2ccc(OC(*)=O)cc2)cc1,133.5,test
*Oc1ccc(CC(NC(=O)CCc2ccc(OC(=O)CCCCCCC(*)=O)cc2)C(=O)OCC(C)C)cc1,42.0,test
*CCCOC(=O)CCCC(=O)O*,-33.0,test
*CC(OCC)C(C(=O)OC)C(*)C(=O)OC,50.0,test
*Nc1cccc(NC(=O)CCCCC(*)=O)c1,114.25,test
*CCCCCCCCCCCN1C(=O)c2ccc(Oc3ccc4c(c3)C(=O)N(*)C4=O)cc2C1=O,74.0,test
*O[Si](C=C)(C=C)O[Si](C)(C)c1ccc([Si](*)(C)C)cc1,-71.0,test
*CCN(CCOC(=O)c1cccc(C(=O)O*)c1)c1ccc(/N=N/c2ccc(-c3nc4ccc([N+](=O)[O-])cc4n3CC)cc2)cc1,147.0,test
*c1ccc(Oc2ccc(C3(c4ccc(Oc5ccc(N6C(=O)c7ccc(Oc8c(C)cc(C(C)(C)c9cc(C)c(Oc%10ccc%11c(c%10)C(=O)N(*)C%11=O)c(C)c9)cc8C)cc7C6=O)cc5)cc4)CC4CC3C3CCCC43)cc2)cc1,262.0,test
*CC(*)c1ccc(C(C)(C)C)cc1,138.0,test
*c1ccc(Oc2ccc(-c3ccc(Oc4ccc(N5C(=O)c6ccc(Oc7ccc(-c8ccc(Oc9ccc%10c(c9)C(=O)N(*)C%10=O)cc8)cc7)cc6C5=O)cc4)cc3)cc2)cc1,220.0,test
*CC(*)c1ccc2c(c1)OCO2,138.0,test
*c1ccc(OCCOCCOc2cccc(N3C(=O)c4ccc(Oc5ccc6c(c5)C(=O)N(*)C6=O)cc4C3=O)c2)cc1,146.5,test
*Oc1ccc(C(C)(C)c2ccc(Oc3cccc(*)n3)cc2)cc1,107.0,test
*c1ccc(-c2cc(-c3ccc(OCCCC#N)cc3)cc(-c3ccc(N4C(=O)c5ccc(-c6ccc7c(c6)C(=O)N(*)C7=O)cc5C4=O)cc3)n2)cc1,360.0,test
*OC1C(CO)OC(*)C(NC(C)=O)C1O,154.6,test
*c1ccc(Oc2ccc(C3(c4ccc(Oc5ccc(N6C(=O)c7ccc(Oc8c(C)cc(C(C)(C)c9cc(C)c(Oc%10ccc%11c(c%10)C(=O)N(*)C%11=O)c(C)c9)cc8C)cc7C6=O)cc5)cc4)CC4CCC3C4)cc2)cc1,265.0,test
*c1ccc(C(c2ccc(N3C(=O)c4ccc(OCCN(CCOc5ccc6c(c5)C(=O)N(*)C6=O)c5ccc(/C=C/c6ccc([N+](=O)[O-])cc6)cc5)cc4C3=O)cc2)(C(F)(F)F)C(F)(F)F)cc1,180.7,test
*c1cc(C)c(/N=C/c2ccc(OCc3ccccc3COc3ccc(/C=N/c4cc(C)c(-n5c(=O)c6ccc7c8ccc9c(=O)n(*)c(=O)c%10ccc(c%11ccc(c5=O)c6c7%11)c8c9%10)cc4C)cc3)cc2)cc1C,128.0,test
*C(=O)c1ccc2c(c1)C(=O)N(c1cccc(C(O[Si](C)(C)O[Si](C)(C)O[Si](C)(C)C)c3cccc(N4C(=O)c5ccc(*)cc5C4=O)c3)c1)C2=O,235.0,test
*c1ccc(Oc2ccc(Oc3ccc(NC(=O)c4ccc(Oc5cccc6c5C(=O)N(*)C6=O)cc4)cc3)cc2)cc1,244.0,test
*OC(=O)c1cccc(OCCCCCCCCOc2cccc(C(=O)OC3COC4C(*)COC34)c2)c1,33.0,test
*C#Cc1cc(C(C)(C)C)cc2c3cc(C(C)(C)C)cc(*)c3n(CCCCCCCCCCCCCCCC)c12,80.0,test
*c1ccc2c(c1)C(=O)N(c1c(C)cc(-c3cc(C)c(-c4cc(C)c(N5C(=O)c6ccc(C(*)(C(F)(F)F)C(F)(F)F)cc6C5=O)c(C)c4)cc3C)cc1C)C2=O,361.0,test
*C(=O)c1cc(C(=O)c2ccc3c(c2)C(=O)N(c2ccc(C(c4ccc(N5C(=O)c6ccc(*)cc6C5=O)cc4)(C(F)(F)F)C(F)(F)F)cc2)C3=O)cc(-c2ccccc2)c1,260.5,test
*c1ccc(-c2cc3c(ccc4ccccc43)cc2-c2ccc(N(*)c3ccc(C)cc3)cc2)cc1,126.0,test
*c1ccc(Oc2ccc(-c3cc(-c4ccccc4)c4cc(Oc5ccc6nc(*)c(-c7ccccc7)c(-c7ccccc7)c6c5)ccc4n3)cc2)cc1,305.0,test
*CCCCCCCNC(=O)C(OC)C(OC)C(=O)N*,87.0,test
*N=P(*)(Oc1ccc2cc(I)ccc2c1)Oc1ccc2cc(I)ccc2c1,90.3,test
*CCCCCCCCCCCC(=O)Oc1ccc(C2(c3ccc(OC(=O)c4ccc5c(c4)C(=O)N(*)C5=O)cc3)CCCCC2)cc1,96.0,test
*CCN(*)C(=O)CCC(=O)OC,31.0,test
*Oc1ccc(C(=O)OCCN(CCOC(=O)c2ccc(OC3(F)C(*)(F)C(F)(F)C3(F)F)cc2)c2ccc(/C=C/C3=CC(=C(C#N)C#N)CC(C)(C)C3)cc2)cc1,143.0,test
*O[Si](*)(C)CCCOc1ccc(C(=O)OC2CCC3(C)C(=CCC4C3CCC3(C)C(C(C)CCCC(C)C)CCC43)C2)cc1S(=O)(=O)O[K],112.6,test
*c1cccc(N2C(=O)c3cccc(Oc4ccc(S(=O)(=O)c5ccc(Oc6cccc7c6C(=O)N(*)C7=O)cc5)cc4)c3C2=O)c1,266.0,test
*CC(F)(F)C(F)(F)COC(=O)NCCCCCCNC(=O)O*,9.0,test
*c1ccc(S(=O)(=O)c2ccc(N3C(=O)c4ccc(Oc5ccc6c(c5)C(=O)N(*)C6=O)cc4C3=O)cc2)cc1,262.0,test
*Oc1ccc(Sc2ccc(Oc3ccc(-c4ccc(-c5ccc(-c6ccc(*)c(C(F)(F)F)c6)cc5)cc4)cc3C(F)(F)F)cc2)cc1,176.5,test
*CCCOC(=O)OCCCCCCOC(=O)OCCCn1c(=O)c2cc3c(=O)n(*)c(=O)c3cc2c1=O,36.0,test
*C(=O)c1ccc(Oc2ccc(-c3ccc(Oc4ccc(C(=O)c5ccc6nc(*)ccc6c5)cc4)cc3)cc2)cc1,155.0,test
*CCCCCCCCCCCCCCCCCCCCC(*)COCCOCCOCCOCCOCc1ccc2ccc3cccc4ccc1c2c34,-21.0,test
*CC(*)(C)C(=O)OC1CC(C)CC(C)(C)C1,125.0,test
*CCCCCC(=O)Oc1ccc(OC(=O)CCCCCn2c(=O)c3cc4c(=O)n(*)c(=O)c4cc3c2=O)c(C)c1,78.0,test
*C(=O)c1ccc(Oc2ccc(N3C(=O)c4ccc(*)cc4C3=O)cc2)cc1,297.0,test
*Oc1ccc(C(CC)(CC)c2ccc(OC(=O)c3ccc(C(*)=O)cc3)cc2)cc1,180.0,test
*OP(=O)(Oc1ccc(C)cc1)Oc1c(Br)cc(C(c2cc(Br)c(*)c(Br)c2)(C(F)(F)F)C(F)(F)F)cc1Br,146.0,test
*Nc1ccc(Cc2ccc(NC(=O)NCCCCCCCCCCCCNC(*)=O)cc2)cc1,51.0,test
*c1cccc(NC(=O)c2ccc(-c3ccc(C(=O)Nc4cccc(S(*)(=O)=O)c4)c(C)c3)cc2C)c1,260.0,test
*Oc1ccc(C(C)(C)c2ccc(Oc3ccc4c(=O)n5c6cc(-c7ccc8c(c7)nc7c9ccc(*)c%10cccc(c(=O)n87)c%109)ccc6nc5c5cccc3c45)cc2)cc1,380.0,test
*CC1CCCC(CNC(=O)CCCCC(=O)N*)C1,107.0,test
*c1cccc(Cc2cccc(N3C(=O)c4ccc([Si](C)(C)c5ccc6c(c5)C(=O)N(*)C6=O)cc4C3=O)c2)c1,238.0,test
*CCOCCOC(=O)c1ccc(C(=O)O*)cc1,21.9,test
*Oc1ccc(CC(NC(=O)Cc2ccc(OC(=O)CCCC(*)=O)cc2)C(=O)OCCCCCCCC)cc1,38.0,test
*C(=O)OCCCCOC(=O)c1ccc(NC(=O)c2ccc(N3C(=O)c4ccc(*)cc4C3=O)cc2)cc1,130.0,test
*c1ccc(Oc2ccc(C(=O)c3cccc(C(=O)c4ccc(Oc5ccc(-c6c7c(c(*)c8ccccc68)C(=O)N(C)C7=O)cc5)cc4)c3)cc2)cc1,251.0,test
*Oc1ccc(S(=O)(=O)c2ccc(Oc3ccc(C(c4ccc(*)c([Si](C)(C)C)c4)(C(F)(F)F)C(F)(F)F)cc3[Si](C)(C)C)cc2[Si](C)(C)C)c([Si](C)(C)C)c1,148.9,test
*C/C=C/C[Si](*)(CCCOc1ccccc1)c1ccccc1,-5.0,test
*CCCCCC(*)CCC,-68.0,test
*CC(*)(C)C(=O)OCC1CCC1,114.0,test
*NNC(=O)/C=C/C(=O)Nc1cccc(/C=C2\CC/C(=C\c3cccc(NC(=O)/C=C/C(*)=O)c3)C2=O)c1,104.6,test
*c1ccc(Oc2ccc(C(=O)c3ccc(Oc4ccc(C(=O)c5ccc(Oc6ccc(-c7nc8ccccc8n7-c7ccc(-n8c(*)nc9ccccc98)cc7)cc6)cc5)cc4)cc3)cc2)cc1,223.0,test
*CCC1CC2C(CC(*)C2OC(=O)CCCCCCCCCCOc2ccc(-c3ccc(C#N)cc3)cc2)C1OC(=O)CCCCCCCCCCOc1ccc(-c2ccc(C#N)cc2)cc1,23.5,test
*C(=O)Nc1cccc(NC(=O)c2ccc3[nH]c(-c4cc(-c5nc6cc(*)ccc6[nH]5)cc(N5C(=O)c6ccccc6C5=O)c4)nc3c2)n1,312.0,test
*c1ccc(Oc2ccc(NC(=O)c3ccc(Oc4ccc5c(c4)C(=O)N(*)C5=O)cc3)cc2)cc1,262.0,test
*Oc1ccc(C2(c3ccc(OC(=O)CCCC(*)=O)cc3)c3cc(OC)ccc3-c3ccc([N+](=O)[O-])cc32)cc1,197.0,test
*c1cccc(-c2cc(C(=O)Nc3ccc(OC(=O)c4cc(OCCCCCCCCCCCC)c(OCCCCCCCCCCCC)c(OCCCCCCCCCCCC)c4)cc3)cc(-c3cccc(N4C(=O)c5ccc(S(=O)(=O)c6ccc7c(c6)C(=O)N(*)C7=O)cc5C4=O)c3)c2)c1,268.0,test
*CCCCCCOC(=O)C(CCCCCBr)C(=O)OCCCCCCOc1ccc(-n2on2-c2ccc(O*)cc2)cc1,7.0,test
*C(=O)c1ccc2c(c1)C(=O)N(c1cccc(Cc3cccc(N4C(=O)c5ccc(*)cc5C4=O)c3)c1)C2=O,249.5,test
*=Nc1ccc(Oc2ccc(C(c3ccc(Oc4ccc(/N=C5/OC(=O)c6cc7c(cc65)C(=*)OC7=O)cc4)cc3)(C(F)(F)F)C(F)(F)F)cc2)cc1,287.0,test
*C(F)(F)C(*)(OC(F)(F)F)OC(F)(F)F,-60.0,test
*c1ccc(-c2cnc3cc(S(=O)(=O)c4ccc5nc(*)cnc5c4)ccc3n2)cc1,342.0,test
*N=P(N=P(N=S(*)(=O)NCCCCCC)(NCCCCCC)NCCCCCC)(NCCCCCC)NCCCCCC,-18.0,test
*c1cccc(-c2nc3ccc(-c4ccc5nc(*)sc5c4)cc3s2)c1,495.0,test
*c1ccc(Oc2ccc(C(C)(C)c3ccc(Oc4ccc(-c5nnc(*)c6c(-c7ccccc7)c(-c7ccc8ccccc8c7)c(-c7ccc8ccccc8c7)c(-c7ccccc7)c56)cc4)cc3)cc2)cc1,290.0,test
*CC1CCC(COC(=O)c2ccc(C(=O)O*)cc2)CC1,84.5,test
*c1ccc(Oc2ccccc2-n2c(=O)c3cc4c(=O)n(*)c(=O)c4cc3c2=O)cc1,386.0,test
*c1ccc2oc(-c3ccc(-c4nc5cc(C(*)(C(F)(F)F)C(F)(F)F)ccc5o4)cc3)nc2c1,371.5,test
*C1C2CC(C1*)C([Si](C)(C)C)C2,303.0,test
*CCCCCCOC(=O)c1ccc(-c2ccc(C(=O)O*)cc2)cc1,51.0,test
*CCc1ccc(CCNC(=O)CCCCCCCCC(=O)N*)cc1,105.0,test
*C1C(=O)N(CCCCOc2ccc(-c3ccc(C#N)cc3)cc2)C(=O)C1*,115.0,test
*CCOCCOCCOCCOC(=O)c1ccc(-c2ccc(-c3ccc(C(=O)O*)cc3)cc2)cc1,40.0,test
*C(=O)Nc1ccc(Cc2ccc(NC(=O)c3ccc4c(c3)C(=O)N(c3ccc(-c5sc(-c6ccc(N7C(=O)c8ccc(*)cc8C7=O)cc6)c(-c6ccccc6)c5-c5ccccc5)cc3)C4=O)cc2)cc1,253.0,test
*CC(*)(CCCCCCCC)C(=O)OC,34.0,test
*CCCCCCCCCCCCOC(=O)NCCCCCCNC(=O)O*,36.0,test
*O[Si](*)(C)CC[Si](C)(C)O[Si](C)(C)CCCOc1cc(OC(=O)c2ccc(OCCCC)cc2)ccc1/N=N/c1ccc(OCCCC)cc1,-4.0,test
*CC(*)OC(=O)C1(F)C(F)(F)C(F)(F)C(F)(F)C(F)(F)C1(F)F,54.0,test
*CCN(CCOC(=O)Nc1ccc(C)c(NC(=O)O*)c1)c1ccc([N+](=O)[O-])cc1C,98.0,test
*N=P(N=P(N=S(*)(=O)NCC=C)(NCC=C)NCC=C)(NCC=C)NCC=C,-18.0,test
*CC(*)c1ccccc1C(F)(F)F,165.0,test
*OC(F)(F)COC(=O)c1cccc(C(F)(F)C(F)(F)C(F)(F)c2cccc(C(=O)OCC(*)(F)F)c2)c1,30.0,test
*CCCC(*)(C)C,-20.0,test
*CCC[Si](*)(C)O[Si](C)(C)CCCOc1ccc(C(=O)Oc2ccc(C#N)cc2)cc1,-19.1,test
*C(=O)Nc1ccc(Oc2ccc(Oc3ccc(NC(=O)c4ccc5c(c4)C(=O)N(c4ccc(-c6sc(-c7ccc(N8C(=O)c9ccc(*)cc9C8=O)cc7)c(-c7ccccc7)c6-c6ccccc6)cc4)C5=O)cc3)cc2)cc1,303.0,test
*Nc1ccc(Cc2ccc(NC(=O)c3cc(C(*)=O)cc(N4C(=O)C5C6CCC(C6)C5C4=O)c3)cc2)cc1,293.0,test
*CC(*)CCCCCCC,-47.0,test
*Oc1ccc(/C=C/C(=O)c2ccc(Oc3ccc(C(C)(C)c4ccc(*)cc4)cc3)cc2)cc1,152.0,test
*C(=O)Nc1ccc2c(c1)-c1cc(NC(=O)c3ccc4c(c3)C(=O)N(c3cccc(P(=O)(c5ccccc5)c5cccc(N6C(=O)c7ccc(*)cc7C6=O)c5)c3)C4=O)ccc1C2,248.0,test
*c1ccc(C(=O)c2ccc(C(=O)c3ccc(S(*)(=O)=O)cc3)cc2)cc1,213.5,test
*CC(*)(C)C(=O)OCC1COCCOCCOCCO1,35.0,test
*Oc1cccc2ccc(Oc3ccc(NC(=O)c4ccc(Oc5ccc(C(C)(C)c6cccc(C(C)(C)c7ccc(Oc8ccc(C(=O)Nc9ccc(*)cc9)cc8)cc7)c6)cc5)cc4)cc3)cc12,139.0,test
*CC(*)C(=O)OC(C(F)(F)F)C(F)(F)F,42.3,test
*C(=O)c1cc2c(cc1Cl)C(=O)N(c1cccc(N3C(=O)c4cc(*)c(Cl)cc4C3=O)c1)C2=O,313.0,test
*c1cccc(Oc2cccc(N3C(=O)c4ccc(Oc5ccc6c(c5)C(=O)N(*)C6=O)cc4C3=O)c2)c1,207.0,test
*c1ccc(Oc2ccc(-c3c(-c4ccccc4)c(-c4ccc(-c5nc6ccccc6c(*)c5-c5ccccc5)cc4)nc4ccccc34)cc2)cc1,273.0,test
*Oc1ccc(OC(=O)c2cccc(Sc3ccc(OC(=O)c4ccc(C(=O)Oc5ccc(Sc6cccc(C(*)=O)c6)cc5)cc4)cc3)c2)cc1-c1ccccc1,128.0,test
*CC(C)/C=C(/*)C,2.3,test
*CCSSCCO*,-53.0,test
*Oc1cc(Br)cc(Br)c1*,170.0,test
*c1ccc(Oc2ccc(Oc3ccc(N4C(=O)c5cccc(Oc6ccc(C(C)(C)c7ccc(Oc8cccc9c8C(=O)N(*)C9=O)cc7)cc6)c5C4=O)c(C)c3)cc2)cc1C,222.0,test
*Oc1ccc(-c2ccc(OC(=O)Nc3cccc(P(=O)(c4ccccc4)c4cccc(NC(*)=O)c4)c3)cc2)cc1,72.0,test
*C(=O)OCCCCCCCCCOC(=O)c1ccc(NC(=O)c2ccc(N3C(=O)c4ccc(*)cc4C3=O)cc2)cc1,100.0,test
*c1ccc(Oc2cccc(Oc3ccc(N4C(=O)c5cccc(Oc6ccc(Sc7ccc(Oc8cccc9c8C(=O)N(*)C9=O)cc7)cc6)c5C4=O)cc3)c2)cc1,202.0,test
*c1ccc(NC(=O)CCCCCCCC(=O)Nc2ccc(S(*)(=O)=O)cc2)cc1,178.0,test
*/C(=C(/*)c1cccc([Ge](C)(C)C)c1)c1ccccc1,200.0,test
*Oc1ccc(Oc2ccc(C(=O)c3cccc(-c4cccc(C(=O)c5ccc(*)cc5)c4)c3)cc2)cc1,154.0,test
*c1cccc(NC(=O)CCCCCCCCCCC(=O)Nc2cccc(S(*)(=O)=O)c2)c1,107.0,test
*c1ccc(S(=O)(=O)c2ccc(-n3nc(-c4ccc(Oc5ccc(-c6nn(*)c(=O)c7ccccc67)cc5)cc4)c4ccccc4c3=O)cc2)cc1,295.0,test
*CC(*)c1ccccn1,100.0,test
*O[Si](*)(C)CCCCOc1ccc(C(=O)Oc2ccc(C#N)cc2)cc1,16.0,test
*CCCCCCOc1ccc(/C=C2\CCC/C(=C\c3ccc(O*)cc3)C2=O)cc1,116.0,test
*Oc1ccc(S(=O)(=O)c2ccc(OC(=O)c3cccc(C(*)=O)c3)cc2)cc1,249.0,test
*c1ccc(Cc2ccc(N3C(=O)c4ccc(Sc5ccc6c(c5)C(=O)N(*)C6=O)cc4C3=O)c(C(C)(C)C)c2)cc1C(C)(C)C,300.5,test
*c1cnc(C2C(c3ccccc3)C(*)C2c2ccccc2)cn1,150.0,test
*CC(*)C(=O)Oc1ccccc1C(=O)OCC,30.0,test
*c1ccc(C(=O)Nc2cccc(Oc3ccc(S(=O)(=O)c4ccc(Oc5cccc(NC(=O)c6ccc(N7C(=O)c8ccc(-c9cccc%10c9C(=O)N(*)C%10=O)cc8C7=O)cc6)c5)cc4)cc3)c2)cc1,241.0,test
*CC(*)c1ccc(OP2(OCCOCCOCCOC)=NP(OCCOCCOCCOC)(OCCOCCOCCOC)=NP(OCCOCCOCCOC)(OCCOCCOCCOC)=N2)cc1,-46.0,test
*c1ccc(NC(=O)Nc2ccc(NC(=O)Nc3ccc(-c4nc(-c5ccc([N+](=O)[O-])cc5)[nH]c4*)cc3)cc2)cc1,292.0,test
*CC(OO*)c1ccc(Br)cc1,9.6,test
*CCOC(=O)c1ccc(C(=O)O*)cc1,77.0,test
*C(=O)c1ccc2c(c1)C(=O)N(c1ccc(C(=O)Nc3cccc(N4C(=O)c5ccc(*)cc5C4=O)c3)cc1)C2=O,311.0,test
*Oc1ccc(OC(=O)c2cc(OCCCc3ccccc3)c(C(*)=O)cc2OCCCc2ccccc2)cc1C,91.0,test
*Nc1ccccc1-c1ccc(NC(=O)c2ccc(C(*)=O)cc2)cc1,275.0,test
*C(=O)Nc1ccc(Oc2ccccc2-c2ccccc2Oc2ccc(NC(=O)c3ccc4c(c3)C(=O)N(c3ccc(Oc5ccc(N6C(=O)c7ccc(*)cc7C6=O)cc5)cc3)C4=O)cc2)cc1,244.0,test
*N=P(*)(OCCOc1ccc(-c2ccccc2)cc1I)OCCOc1ccc(-c2ccccc2)cc1I,69.5,test
*CC(C)(C)CO*,-50.0,test
*CC(C)(CO*)COCCC#N,-52.0,test
*Nc1c(-c2ccccc2)cc(-c2ccc(-c3cc(-c4ccccc4)c(NC(=O)c4ccc(C(*)=O)cc4)c(-c4ccccc4)c3)cc2)cc1-c1ccccc1,135.0,test
*C1CC2CC1C(*)C2CCCC,235.0,test
*c1ccc(-c2sc(-c3ccc(-c4cc(CCCCCCCC)c(*)s4)cc3)cc2CCCCCCCC)cc1,-4.0,test
*c1ccc(Cc2ccc(N3C(=O)c4ccc([Si](C)(C)O[Si](C)(C)O[Si](C)(C)c5ccc6c(c5)C(=O)N(*)C6=O)cc4C3=O)cc2)cc1,220.0,test
*CCCCOC(=O)CCCCCCCCCCCCCCCCCCCCCCCCCCCCCCCCCCC(=O)O*,-55.0,test
*Nc1cccc(NC(=O)Cc2cc(C)c(CC(*)=O)cc2C)c1,249.0,test
*CCCCCCCOC(=O)c1ccc2cc(C(=O)O*)ccc2c1,52.5,test
*CC(CCCCCCCCCCCCCCCC)C(CCCCCCCCCCCCCCCC)COC(=O)c1ccc(C(=O)O*)cc1,-26.0,test
*Oc1ccc(C(c2ccccc2)(c2ccccc2)c2ccc(OC(=O)c3cccc(C(*)=O)c3)cc2)cc1,229.0,test
*c1ccc(Oc2ccc(C(C)(C)c3ccc(Oc4ccc(-c5nnc(*)n5-c5ccc(S(C)(=O)=O)cc5)cc4)cc3)cc2)cc1,230.0,test
*C(=O)c1ccc2c(c1)C(=O)N(c1ccc(-c3c(-c4ccc(-c5ccccc5)cc4)cc(-c4ccc(OCCCCCCOc5ccc(-c6cc(-c7ccc(-c8ccccc8)cc7)c(-c7ccc(N8C(=O)c9ccc(*)cc9C8=O)cc7)c(-c7ccc(-c8ccccc8)cc7)c6)cc5)cc4)cc3-c3ccc(-c4ccccc4)cc3)cc1)C2=O,111.5,test
*CCN(CCOC(=O)NCC1(C)CC(NC(=O)O*)CC(C)(C)C1)c1ccc(/N=N/c2ccc([N+](=O)[O-])cc2)cc1,137.0,test
*N=P(*)(OC)OC,-66.8,test
*CCN(*)C(=O)c1c(F)ccc(F)c1F,124.0,test
*OCCOC(=O)c1ccc(C(=O)OCCOc2nc(-c3ccc(OCCCC)cc3)nc(*)c2-c2ccc(OC)cc2)cc1,94.0,test
*Oc1c(C)cc(C(c2cc(C)c(OC(*)=O)c(C)c2)(C(F)(F)F)C(F)(F)F)cc1C,208.0,test
*c1ccc(C(=O)Nc2ccc(-c3nnc(*)o3)cc2)c(Oc2ccccc2)c1,235.0,test
*c1ccc(Oc2ccc(N3C(=O)C(C)C(SCCOCCSC4C(=O)N(c5ccc(Oc6ccc(N7C(=O)CC(C)(SCCOCCSC8(C)CC(=O)N(*)C8=O)C7=O)cc6)cc5)C(=O)C4C)C3=O)cc2)cc1,145.0,test
*CNC(=O)OCC(OC(=O)NCc1ccc(C(CCC)c2ccc(*)o2)o1)c1ccco1,43.0,test
*c1cccc(N/C=C/C(=O)c2cccc(C(=O)/C=C/Nc3cccc(S(*)(=O)=O)c3)c2)c1,215.0,test
*/C=C/C1CC(*)C([Si](C)(C)C[Si](C)(C)C)C1,24.0,test
*Oc1ccc(CC(NC(=O)CCc2ccc(OC(=O)CCCC(*)=O)cc2)C(=O)OCCCCCCCC)cc1,32.5,test
*CCCCCCCCCOC(=O)NCCCCCCNC(=O)O*,58.0,test
*CC(COCCOCCOC)O*,-57.0,test
*Oc1ccc(C(C)(CCC)c2ccc(OC(*)=O)cc2)cc1,137.0,test
*c1ccc2c(c1)C(CCCCCC)(CCCCCC)c1cc(-c3ccc4c(c3)c3cc(*)ccc3n4-c3ccc(OC)cc3)ccc1-2,174.0,test
*c1ccc(-c2nc3ccc(-c4ccc5nc(*)c(-c6ccccc6)c(-c6ccccc6)c5c4)cc3c(-c3ccccc3)c2-c2ccccc2)cc1,400.0,test
*C(C)C(*)C(=O)OC12CC3CC(CC(C3)C1)C2,236.5,test
*Oc1ccc(S(=O)(=O)c2ccc(Oc3c(C(C)C)cc(C(C)(C)c4cc(C(C)C)c(*)c(C(C)C)c4)cc3C(C)C)cc2)cc1,175.0,test
*c1ccc(Oc2ccc(N3C(=O)c4cccc(Oc5ccc(Oc6ccc(Oc7cccc8c7C(=O)N(*)C8=O)cc6)cc5)c4C3=O)cc2)cc1,239.0,test
*c1ccc(OC(=O)Nc2ccc(-c3ccc(NC(=O)Oc4ccc(-c5nc(-c6ccc(-c7nc(-c8ccc([N+](=O)[O-])cc8)c(-c8ccc([N+](=O)[O-])cc8)[nH]7)cc6)[nH]c5*)cc4)cc3OC)c(OC)c2)cc1,223.0,test
*C(=O)CCCCCCCCC(=O)NC1CCCCN(*)C1,-46.5,test
*CC(*)(C)C(=O)OCCCCCCC(F)(F)C(F)(F)C(F)(F)C(F)(F)F,23.0,test
*OC(=O)C(Cc1ccccc1)NC(=O)CCCCCCC(=O)NC(Cc1ccccc1)C(=O)OC1COC2C(*)COC12,91.0,test
*O[Si](C)(C=C)O[Si](C)(C)c1ccc([Si](*)(C)C)cc1,-63.0,test
*CC(*)OC(=O)c1ccc(OC(=O)CCC)cc1,61.0,test
*Nc1ccc(C(c2ccc(NC(=O)c3cc(NC(=O)CCCN4C(=O)c5ccccc5C4=O)cc(C(*)=O)c3)cc2)(C(F)(F)F)C(F)(F)F)cc1,240.0,test
*CC(O)CN(CC(O)COc1ccc(C(C)(C)c2ccc(O*)cc2)cc1)c1ccc(C#N)cc1,100.0,test
*CC(*)Cc1ccc(C)cc1,65.0,test
*Oc1ccc(S(=O)(=O)c2ccc(Oc3ccc(C(c4ccc(*)cc4)(C(F)(F)F)C(F)(F)F)cc3)cc2C(O)(C(F)(F)F)C(F)(F)F)c(C(O)(C(F)(F)F)C(F)(F)F)c1,148.0,test
*CCCCCOc1ccc(CCc2ccc(O*)cc2C)cc1,15.4,test
*Oc1ccc(NC(=O)Nc2ccccc2CCc2ccccc2NC(=O)Nc2ccc(*)cc2)cc1,232.0,test
*OC(C)CCCC(C)C(*)=O,-33.0,test
*C(*)C(=O)OC1CCCCC1,140.0,test
*CCC1CC(*)C2C3CCC(C3)C12,164.0,test
*Oc1ccc(C2(c3ccc(OC(*)=O)cc3)CC3CC2C2C4CCC(C4)C32)cc1,267.5,test
*Oc1cccc2ccc(Oc3ccc(NC(=O)c4ccc(Oc5ccc(S(=O)(=O)c6ccc(Oc7ccc(C(=O)Nc8ccc(*)cc8)cc7)cc6)cc5)cc4)cc3)cc12,218.0,test
*Nc1cnc(*)s1,139.0,test
*CCC(=O)N*,145.5,test
*c1ccc(OCCCCCCCCCCCOc2ccc(-c3ccc4nc(-c5cccc(-c6cc(-c7ccccc7)c7cc(*)ccc7n6)c5)cc(-c5ccccc5)c4c3)cc2)cc1,133.5,test
*CC(C)(C)COC(=O)CCCCC(=O)O*,-31.55,test
*CCCCCOC(=O)NCC(F)(F)C(F)(F)C(F)(F)C(F)(F)CNC(=O)O*,33.0,test
*N=P(*)(Oc1ccccc1)Oc1ccccc1,-8.0,test
*CCN(*)C(=O)c1cc(F)cc(F)c1,106.0,test
*C(=O)Nc1ccc(C(c2ccc(NC(=O)c3ccc4c(c3)C(=O)N(c3ccc(Oc5cccc6c(Oc7ccc(N8C(=O)c9ccc(*)cc9C8=O)cc7)cccc56)cc3)C4=O)cc2)(C(F)(F)F)C(F)(F)F)cc1,283.0,test
*CC(*)(C)C(=O)OCCc1ccccc1,49.0,test
*CC(COc1ccc(C2CCCC(CC)(c3ccc(O*)cc3)C2)cc1)OC(C)=O,107.0,test
*CC(*)OC(=O)CCl,20.45,test
*CC(*)(C)C(=O)Oc1c(OC)cc(/C=C/c2ccccc2)cc1OC,140.0,test
*Cc1cccc(CNC(=O)CCC2(CCC(=O)N*)c3ccccc3-c3ccccc32)c1,150.0,test
*CC(*)c1ccc(CCC)cc1,46.75,test
*CCCCCCN(CC(F)(F)C(F)(F)C(F)(F)C(F)(F)C(F)(F)C(F)(F)C(F)(F)F)C(=O)C(F)(F)C(F)(F)C(F)(F)C(=O)N(*)CC(F)(F)C(F)(F)C(F)(F)C(F)(F)C(F)(F)C(F)(F)C(F)(F)F,187.5,test
*CC(F)(F)C(F)(F)C(F)(F)COC(=O)CCCCC(=O)O*,-60.5,test
*c1ccc(Oc2ccc(C(=O)c3ccc(Oc4ccc(N5C(=O)c6ccc(Oc7cccc(Oc8ccc9c(c8)C(=O)N(*)C9=O)c7)cc6C5=O)cc4)cc3)cc2)cc1,201.0,test
*CC(*)(C)C(=O)OCC(O)C1CC(C)(c2ccccc2)C1,105.0,test
*Oc1ccc(C2(c3ccc(Oc4ccc(C(=O)c5cccc(C(=O)c6ccc(*)cc6)c5)cc4)cc3)CCC3CCCCC3C2)cc1,194.0,test
*CC(*)(C)C(N)=O,88.7,test
*c1cccc(C(=O)Nc2ccc(Oc3ccc(NC(=O)c4cccc(N5C(=O)c6ccc(-c7cccc8c7C(=O)N(*)C8=O)cc6C5=O)c4)cc3)cc2)c1,291.0,test
*CC(*)(C)C(=O)OCCOc1ccc(/N=N/c2ccc(C#N)cc2)cc1,109.0,test
*C1C2CC(C)C(C2)C1*,350.0,test
*c1ccc(Oc2ccc(C(=O)c3cccc(C(=O)c4ccc(Oc5ccc(-c6nc(-c7cccc(-c8nc(*)c(-c9ccccc9)[nH]8)c7)[nH]c6-c6ccccc6)cc5)cc4)c3)cc2)cc1,256.5,test
*CC(*)(C)C(=O)OCCCCCCCCCCCCCCC(=O)NC1OC(CO)C(OC2OC(CO)C(O)C(O)C2O)C(O)C1O,133.0,test
*c1ccc(-c2sc(-c3ccc(-c4cc(CCCC)c(*)s4)cc3)cc2CCCC)cc1,58.3,test
*N(C)[Si](*)(C)C=C,-20.0,test
*OC(*)CCCCCC,-116.0,test
*C(=O)Nc1ccc(Oc2ccc(C3(c4ccc(Oc5ccc(NC(=O)c6ccc7c(c6)C(=O)N(c6ccc(Oc8ccc(N9C(=O)c%10ccc(*)cc%10C9=O)cc8)cc6)C7=O)cc5)cc4)NC(=O)c4ccccc43)cc2)cc1,320.0,test
*c1nnc(-c2cc(CCCCCCCC)c(-c3ccc(-c4sc(-c5nnc(-c6cc(OCCCCCCCC)c(*)cc6OCCCCCCCC)o5)cc4CCCCCCCC)s3)s2)o1,34.1,test
*CC(*)(C)C(=O)OCCCCOc1ccc(/N=N/c2ccc(C#N)cc2)cc1,80.0,test
*c1ccc2c(c1)C(=O)N(c1ccc(Cc3ccc(N4C(=O)c5ccc(C(C)(C)CCCCC(*)(C)C)cc5C4=O)cc3)cc1)C2=O,169.9,test
*CC(*)OCCOCCOCCOC,-76.0,test
*c1ccc2c(c1)C(=O)N(c1ccc(OC(CCCCCC)COc3ccc(N4C(=O)c5ccc(C(*)(C(F)(F)F)C(F)(F)F)cc5C4=O)cc3)cc1)C2=O,182.0,test
*CCCCCCOC(=O)CCCCCNC(=O)CCCCC(=O)NCCCCCC(=O)O*,-7.0,test
*CCCCCCCCCCCc1nc2ccc(-c3ccc4nc(*)oc4c3)cc2o1,62.0,test
*CC(*)OC(C)CC,-26.0,test
*Oc1ccc(C(c2ccc(OP3(Oc4ccc(C(=O)OCCC)cc4)=NP(Oc4ccc(C(=O)OCCC)cc4)(Oc4ccc(C(=O)OCCC)cc4)=NP(*)(Oc4ccc(C(=O)OCCC)cc4)=N3)cc2)(C(F)(F)F)C(F)(F)F)cc1,34.0,test
*CC(*)C(=O)OC12CC3CC(C)(CC(C)(C3)C1)C2,104.0,test
*CC(*)(CC(=O)OCCC)C(=O)OCCC,46.5,test
*NNC(=O)c1ccc(C(=O)NNC(=O)c2ccc([Si](c3ccccc3)(c3ccccc3)c3ccc(C(*)=O)cc3)cc2)c2ccccc12,270.0,test
*CCCCCCOC(=O)C(C(=O)OCCCCCCOc1ccc(-n2on2-c2ccc(O*)cc2)cc1)c1ccccc1,23.0,test
*Oc1ccc(Cc2ccc(OC(=O)OCC3CCC(COC(*)=O)CC3)cc2)cc1,56.9,test
*c1ccc(Oc2cccc(Oc3ccc(N4C(=O)c5ccc(Oc6ccc7c(c6)C(=O)N(*)C7=O)cc5C4=O)cc3)c2)cc1,216.5,test
*CC(*)(C#N)C(=O)OCC,115.0,test
*C(=O)Nc1ccc(Oc2ccc(C(C)(C)c3cccc(C(C)(C)c4ccc(Oc5ccc(N6C(=O)c7ccc(*)cc7C6=O)cc5)cc4)c3)cc2)cc1,177.0,test
*c1ccc(C(=O)Oc2ccc3ccc(OC(=O)c4ccc(N5C(=O)CC(SCCOCCSC6CC(=O)N(*)C6=O)C5=O)cc4)cc3c2)cc1,160.0,test
*CC1(C)CC(N2C(=O)c3ccc(Oc4ccc5c(c4)C(=O)N(*)C5=O)cc3C2=O)CC(C)(C)C1,266.0,test
*C(=O)Nc1cccc(NC(=O)c2ccc3c(c2)C(=O)N(c2ccc(Oc4ccc(C5(c6ccc(Oc7ccc(N8C(=O)c9ccc(*)cc9C8=O)cc7)cc6)NC(=O)c6ccccc65)cc4)cc2)C3=O)c1,328.0,test
*CC1CCCC(CN2C(=O)c3ccc(Oc4ccc5c(c4)C(=O)N(*)C5=O)cc3C2=O)C1,199.0,test
*OC(COC(=O)c1ccc(C(*)=O)c2ccccc12)COc1ccc(/N=N/c2ccc(C#N)cc2)cc1,117.0,test
*CCCC(C)(C)CNC(=O)CCCC(=O)N*,82.0,test
*Oc1ccc(C(=O)c2ccc(Oc3ccc(C(=O)c4ccc(C(=O)c5ccc(*)cc5)cc4)cc3)cc2)cc1,169.0,test
*=NP(=NP(=NC(=*)Oc1ccc(C(C)(C)C)cc1)(Oc1ccc(C(C)(C)C)cc1)Oc1ccc(C(C)(C)C)cc1)(Oc1ccc(C(C)(C)C)cc1)Oc1ccc(C(C)(C)C)cc1,74.0,test
*CCCCCCNC(=O)CCCCCCC(=O)N*,57.0,test
*CCCCOC(=O)CCCCC(=O)OCCCCOC(=O)c1ccc(C(=O)O*)cc1,-20.0,test
*N=P(*)(Oc1ccc2ccccc2c1)Oc1ccc2ccccc2c1,47.0,test
*CC(*)C(=O)OCCOCC,-50.0,test
*Oc1ccc(C2(c3ccc(Oc4ccc(C(=O)Oc5c(C)cc(C(C)(C)c6cc(C)c(OC(=O)c7ccc(*)cc7)c(C)c6)cc5C)cc4)cc3)CCC(C(C)(C)C)CC2)cc1,176.0,test
*CC(*)C(=O)OCCCCCCC,-60.0,test
*Oc1ccc(-c2ccc(OC(=O)c3ccc(C(*)=O)cc3)cc2)cc1,267.0,test
*c1ccc2c(c1)C(=O)N(c1cccc(Oc3cccc(N4C(=O)c5ccc(C(F)(F)C(F)(F)C(*)(F)F)cc5C4=O)c3)c1)C2=O,312.0,test
*CCCCCCNC(=O)c1ccc(C(=O)N*)cc1,132.5,test
*C(=O)Nc1ccc(Oc2cccc3c(NC(=O)c4ccc5c(c4)C(=O)N(c4ccc(Oc6cccc7c(N8C(=O)c9ccc(*)cc9C8=O)cccc67)cc4)C5=O)cccc23)cc1,276.0,test
*C(=O)c1ccc2c(c1)C(=O)N(c1ccc(Cc3ccc(Cc4ccc(N5C(=O)c6ccc(*)cc6C5=O)cc4)cc3)cc1)C2=O,347.0,test
*=Nc1ccc(Cc2ccc(NC(=*)C)cc2)cc1,142.0,test
*c1ccc(Oc2ccc(C(=O)c3cccc(C(=O)c4ccc(Oc5ccc(-c6cc(*)n(-c7ccccc7)n6)cc5)cc4)c3)cc2)cc1,190.0,test
*CCCCCCOC(=O)CC(=O)OCCCCCCOc1ccc(-n2on2-c2ccc(O*)cc2)cc1,16.0,test
*CC(COc1ccc(C(C)(c2ccccc2)c2ccc(O*)cc2)cc1)OC(C)=O,110.0,test
*CC(*)C(=O)OCCCCCn1c2ccccc2c2ccccc21,53.0,test
*CCCCCCOC(=O)OCCCOC(=O)OCCCCCCN1C(=O)c2ccc(C(=O)c3ccc4c(c3)C(=O)N(*)C4=O)cc2C1=O,61.0,test
*OCCOC(=O)CCCC(=O)OCCOc1nc(-c2ccc(OCCCC)cc2)nc(*)c1-c1ccc(OC)cc1,46.0,test
*c1ccc(Oc2ccc(Oc3ccc(-n4c(=O)c5cc6c(=O)n(*)c(=O)c6cc5c4=O)cc3)cc2C(C)(C)C)cc1,314.0,test
*/C=C/C(C)C(*)C(=O)OC12CC3CC(CC(C3)C1)C2,115.0,test
*c1cccc(Oc2cccc(Oc3cccc(N4C(=O)c5ccc(-c6ccc7c(c6)C(=O)N(*)C7=O)cc5C4=O)c3)c2)c1,208.0,test
*OC(=O)C1CCC(C(=O)OC2COC3C(*)COC23)CC1,121.0,test
*O[Si](*)(C)CCCCCCCCCCC(=O)Oc1ccc(C(=O)Oc2ccc(-c3ccc(OC(=O)c4ccc(OCC(C)CC)cc4)cc3)cc2)cc1,74.3,test
*CC(*)OC(=O)CC1CCCCC1,25.0,test
*CCCCCCCCCCCCN1C(=O)c2ccc(C(=O)c3ccc4c(c3)C(=O)N(*)C4=O)cc2C1=O,87.5,test
*Oc1ccc(C(CCCC)(CCCC)c2ccc(OC(*)=O)cc2)cc1,113.0,test
*CC1(C)CC(*)(C)C(=O)OC1=O,144.0,test
*c1ccc(Oc2ccc(C(C)(c3ccccc3)c3ccc(Oc4ccc(-c5nc(-c6ccccn6)nnc5*)cc4)cc3)cc2)cc1,232.0,test
*N=P(*)(Oc1ccc(Cl)cc1)Oc1ccc(Cl)cc1,4.0,test
*CC(CCCCCCOc1ccc(/N=N/c2ccc(C)cc2)cc1)COC(=O)CCCCC(=O)O*,29.0,test
*CC(COCCCCCC)O*,-85.5,test
*/C=C/*,-4.0,test
*OC(COC(=O)C1=C(C(=O)OCC(COC(=O)C2=C(c3ccccc3)C3C=CC2C3)OC(=O)c2ccc(C(*)=O)cc2)C2C=CC1C2)COC(=O)C1=C(c2ccccc2)C2C=CC1C2,74.0,test
*C(=O)c1ccc2c(c1)C(=O)N(c1ccc(C3(c4ccc(N5C(=O)c6ccc(*)cc6C5=O)cc4)c4ccccc4-c4ccccc43)cc1)C2=O,376.0,test
*c1ccc(C(=O)OCCCCCCCCCOC(=O)c2ccc(-c3nnc(*)s3)cc2)cc1,72.0,test
*O[Si](*)(C)CCCC(=O)OCCCC,-91.0,test
*C(=O)Nc1cccc(NC(=O)c2ccc3c(c2)C(=O)N(c2ccc(S(=O)(=O)c4ccc(N5C(=O)c6ccc(*)cc6C5=O)cc4)cc2)C3=O)c1,311.0,test
*NC1CCC(CC2CCC(NC(=O)CCCCCCCCC(*)=O)CC2)CC1,144.0,test
*NC(C)(CC)C(*)=O,74.15,test
*CC(*)(C)C(=O)OCC1COC(c2ccccc2)O1,130.0,test
*Oc1ccc(C(C)(c2ccccc2)c2ccc(OC(=O)c3ccccc3-c3ccccc3C(*)=O)cc2)cc1,172.0,test
*c1ccc(-c2ccc(C3(*)CCCCC3)cc2)cc1,287.0,test
*c1ccc(-c2ccc(-n3c(=O)c4c(C(F)(F)F)c5c(=O)n(*)c(=O)c5c(C(F)(F)F)c4c3=O)cc2C(F)(F)F)c(C(F)(F)F)c1,304.0,test
*C(=O)Nc1ccc(-c2cc(-c3ccccc3)cc(-c3ccc(NC(=O)c4ccc5c(c4)C(=O)N(c4cccc(P(=O)(c6ccccc6)c6cccc(N7C(=O)c8ccc(*)cc8C7=O)c6)c4)C5=O)cc3)n2)cc1,258.0,test
*C(=O)OCCCCCOC(=O)c1ccc(NC(=O)c2ccc(N3C(=O)c4ccc(*)cc4C3=O)cc2)cc1,129.0,test
*CC(*)C(=O)Oc1cccc(C)c1,24.5,test
*CCCCCCCCCCCCOC(=O)NCCCCCCCCCCNC(=O)O*,34.0,test
*OC(CCl)C(*)CCl,95.0,test
*CC(*)C(=O)OCCOCCOC(F)(F)C(F)F,-40.0,test
*c1ccc(Cc2ccc(NC(=O)c3cccc(-c4nc5cc(-c6ccc7[nH]c(-c8cccc(C(=O)Nc9ccc(Cc%10ccc(-n%11c(=O)c%12cc%13c(=O)n(*)c(=O)c%13cc%12c%11=O)cc%10)cc9)c8)nc7c6)ccc5[nH]4)c3)cc2)cc1,277.0,test
*Oc1ccc(S(=O)(=O)c2ccc(Oc3cc(C)c(C(c4cc(C(C)C)c(*)cc4C)c4ccccc4C(=O)O)cc3C(C)C)cc2)cc1,240.0,test
*CC(*)C(=O)Oc1ccc(-c2ccccc2)cc1,110.0,test
*CC(C)(C)C1C(=O)N(C2CCCCC2)C(=O)C1*,192.0,test
*CCOCCOCCOCCOCCOCCOC(=O)c1cc(OCCCCCCOc2ccc(-c3ccc(OC)cc3)cc2)cc(C(=O)O*)c1,12.5,test
*CC(*)C(=O)Oc1cccc(C(=O)OCC)c1,24.0,test
*Oc1ccc(C2(c3ccc(OC(*)=O)c(C)c3)CC3CCC2C3)cc1C,161.0,test
*CCCCCCNC(=O)CCCC(=O)O*,-18.0,test
*C(=O)Nc1ccc(C(c2ccc(NC(=O)c3ccc4c(c3)C(=O)N(c3c(C)cc(-c5cc(C)c(N6C(=O)c7ccc(*)cc7C6=O)c(C)c5)cc3C)C4=O)cc2)(C(F)(F)F)C(F)(F)F)cc1,318.0,test
*c1ccc2c(c1)C(=O)N(C1CC(C)(C)CC(C)(CN3C(=O)c4ccc(C(*)(C(F)(F)F)C(F)(F)F)cc4C3=O)C1)C2=O,278.0,test
*N=P(*)(OCc1ccc(-c2ccccc2)cc1)OCc1ccc(-c2ccccc2)cc1,60.0,test
*CCCCCCc1ccc(-c2c(-c3ccccc3)cc(-c3ccc(-c4cc(-c5ccccc5)c(-c5ccc(*)cc5)c(-c5ccccc5)c4-c4ccccc4)cc3)c(-c3ccccc3)c2-c2ccccc2)cc1,250.0,test
*C(=O)c1ccc2c(c1)C(=O)N(c1ccc(C(=O)Nc3ccc(N4C(=O)c5ccc(*)cc5C4=O)cc3)cc1)C2=O,300.0,test
*CCCCCCOC(=O)Nc1ccc(NC(=O)OCCCCCCOc2ccc(-c3ccc(O*)cc3)cc2)c(C)c1,89.0,test
*CCS*,-1.5,test
*C(=O)OCCOC(=O)c1ccc(*)o1,88.95,test
*C(=O)c1ccc2c(c1)C(=O)N(c1ccc(C3(C)CC(C)(C)c4ccc(N5C(=O)c6ccc(*)cc6C5=O)cc43)cc1)C2=O,320.0,test
*O[Sn](CCCC)(CCCC)OC(=O)c1ccc(C(*)=O)cc1,315.0,test
*/C=C/C(C)C(*)C(=O)OC,53.0,test
*CC/C(=C(/*)c1ccccc1)c1ccccc1,120.5,test
*C(=O)c1ccc2c(c1)C(=O)N(c1ccc(C(C)(C)c3cccc(C(C)(C)c4ccc(N5C(=O)c6ccc(*)cc6C5=O)cc4)c3)cc1)C2=O,316.5,test
*c1ccc(Oc2ccc(C(C)(C)c3cccc(C(C)(C)c4ccc(Oc5ccc(-n6c(=O)c7cc8c(=O)n(*)c(=O)c8cc7c6=O)cc5)cc4)c3)cc2)cc1,249.47,test
*CC(*)c1ccccc1COCC,74.0,test
*CCOC(=O)c1cccc(C(=O)O*)c1,58.0,test
*c1cc(/C=N/c2ccc3c(c2)c2cc(/N=C/c4cc(*)c(O)c(*)c4)ccc2n3CCCCCC)ccc1O,327.0,test
*c1ccc(Oc2ccc(C(=O)c3cccc(-c4cccc(C(=O)c5ccc(Oc6ccc(-c7nc(-c8cccc(-c9nc(*)c(-c%10ccccc%10)[nH]9)c8)[nH]c7-c7ccccc7)cc6)cc5)c4)c3)cc2)cc1,250.0,test
*Oc1ccc(CC(NC(=O)CCc2ccc(OC(=O)CCCCC(*)=O)cc2)C(=O)OC(C)CC)cc1,50.0,test
*c1ccc(CC(=O)Nc2cccc3c(NC(=O)Cc4ccc(-c5sc(*)c(-c6ccccc6)c5-c5ccccc5)cc4)cccc23)cc1,255.0,test
*CCN(CCOC(=O)Nc1ccc(C)c(NC(=O)O*)c1)c1ccc(/N=N/c2ccc(/N=N/c3cc(OC)c(/N=N/c4ccc([N+](=O)[O-])cc4)cc3OC)c(C)c2)cc1,148.0,test
*OS(=O)(=O)c1cccc(C(=O)Oc2ccc(C(C)(C)c3ccc(*)cc3)cc2)c1,133.0,test
*c1cc(C(c2ccc(OCCN(C)c3ccc(/C=C/C4=C/C(=C(/C#N)S(C)(=O)=O)CC(C)(C)C4)cc3)c(N3C(=O)c4ccc(Oc5ccc6c(c5)C(=O)N(*)C6=O)cc4C3=O)c2)(C(F)(F)F)C(F)(F)F)ccc1OCCN(C)c1ccc(/C=C/C2=C/C(=C(/C#N)S(C)(=O)=O)CC(C)(C)C2)cc1,225.0,test
*c1ccc2c(c1)C(CCCCCC)(CCCCCC)c1cc(-c3ccc4c(c3)c3cc(*)ccc3n4-c3ccc(C)cc3)ccc1-2,155.0,test
*c1cccc(OCCCCOc2cccc(N3C(=O)c4ccc(-c5cccc6c5C(=O)N(*)C6=O)cc4C3=O)c2)c1,178.0,test
*c1ccc2c(c1)C(=O)N(c1cc(N3C(=O)c4ccc(C(*)(C(F)(F)F)C(F)(F)F)cc4C3=O)ccc1OCCCCCCOc1ccc(/N=N/c3ccc(OCC)cc3)cc1)C2=O,198.0,test
*CCCCCCCCCCOc1ccc(/C=C/c2ccc(OCCCCCCCCCCOP(=O)(O*)OCCCCCCCCCCOc3ccc(/N=N/c4ccc(OC)cc4)cc3)cc2)cc1,58.0,test
*OC(=O)OC1CC2CC(*)CC(C1)O2,207.0,test
*c1ccc(Oc2ccc(C(=O)c3cccc(C(=O)c4ccc(Oc5ccc(N6C(=O)c7ccc(Oc8ccc(Sc9ccc(Oc%10ccc%11c(c%10)C(=O)N(*)C%11=O)cc9)cc8)cc7C6=O)cc5)cc4)c3)cc2)cc1,192.0,test
*c1ccc2c(c1)C(=O)N(c1cccc(NC(=O)C(F)(F)C(F)(F)C(F)(F)C(F)(F)C(F)(F)C(F)(F)C(=O)Nc3cccc(N4C(=O)c5ccc(C(*)(C(F)(F)F)C(F)(F)F)cc5C4=O)c3)c1)C2=O,218.0,test
*Oc1ccc(Oc2ccc(C(=O)c3ccc(Oc4ccc(Oc5cccc(*)n5)cc4)cc3)cc2)cc1,124.0,test
*CCOC(=O)CC(C)O*,-37.1,test
*c1cccc(N2C(=O)c3ccc(C(c4ccc5c(c4)C(=O)N(c4cccc(N6C(=O)c7ccc(-c8ccc9c(c8)C(=O)N(*)C9=O)cc7C6=O)c4)C5=O)(C(F)(F)F)C(F)(F)F)cc3C2=O)c1,308.0,test
*N=P(*)(OCCOc1ccc(-c2ccccc2)cc1)OCCOc1ccc(-c2ccccc2)cc1,56.2,test
*C(=O)Nc1ccc(Oc2ccc(C(C)(C)c3ccc(Oc4ccc(NC(=O)c5ccc6c(c5)C(=O)N(c5ccc(Oc7cccc(N8C(=O)c9ccc(*)cc9C8=O)c7)cc5)C6=O)cc4)cc3)cc2)cc1,207.0,test
*CC(*)(C)C(=O)OCC(=O)c1ccccc1,92.5,test
*c1cccc(-c2nc3ccc(Oc4ccc5nc(*)c(-c6ccccc6)nc5c4)cc3nc2-c2ccccc2)c1,270.0,test
*Oc1ccc(C2(c3ccc(OC(*)=O)cc3)c3cc(N(C)C)ccc3-c3ccc([N+](=O)[O-])cc32)cc1,278.0,test
*CCCCCCCCCCCNC(=O)CCCCCCCCCCCCCCCCCCC(=O)N*,29.0,test
*CC(*)c1ccccc1COCc1ccccc1,72.0,test
*CC(*)(C)C(=O)Oc1ccc(/N=N/c2ccc(OCCCCCCCCCCCOC(=O)c3ccc4c(c3)OCCOCCOCCOCCO4)cc2)cc1,19.0,test
*Oc1ccc2cc(Oc3ccc(S(=O)(=O)c4ccc(Oc5ccc(C(=O)c6ccc(*)cc6)cc5)cc4)cc3)ccc2c1,199.0,test
*CC(*)C(=O)OCCCCCCOc1ccc(/N=N/c2ccc([N+](=O)[O-])cc2)cc1,35.8,test
*C(=O)Nc1ccc(Oc2ccc(NC(=O)c3ccc4c(c3)C(=O)N(c3ccc(Oc5ccc(C6(c7ccc(Oc8ccc(N9C(=O)c%10ccc(*)cc%10C9=O)cc8)cc7)NC(=O)c7ccccc76)cc5)cc3)C4=O)cc2)cc1,325.0,test
*c1ccc(Cc2ccc(-n3nccc3-c3cccc(-c4ccnn4*)c3)cc2)cc1,212.0,test
*C(F)(F)C1(F)C(F)(F)C(*)(F)C(F)(F)C(F)(Cl)C1(F)F,147.0,test
*c1ccc2c(c1)C(=O)N(c1ccc(C(C)(C)c3ccc(N4C(=O)c5ccc(C(*)(C(F)(F)F)C(F)(F)F)cc5C4=O)cc3)cc1)C2=O,310.0,test
*c1ccc(Oc2ccc(-c3ccc(Oc4ccc(N5C(=O)c6ccc(Oc7ccc(C(C)(C)c8ccc(Oc9ccc%10c(c9)C(=O)N(*)C%10=O)cc8)cc7)cc6C5=O)cc4)cc3)cc2)cc1,220.0,test
*CCCCC(=O)NCc1ccc(CNC(=O)CCCCO*)cc1,70.0,test
*Oc1c(C)cc(-c2cc(C)c(Oc3ccc(C(=O)c4ccccc4-c4ccccc4C(=O)c4ccc(*)cc4)cc3)c(C)c2)cc1C,233.0,test
*[Se]c1c(Cl)c(Cl)c(*)c(Cl)c1Cl,104.0,test
*Oc1ccc(CC(C#N)(Cc2ccc(*)cc2)c2ccccc2)cc1,143.0,test
*Oc1ccc(CC(NC(=O)CCc2ccc(OC(=O)COCCOCC(*)=O)cc2)C(=O)OCCCCCC)cc1,28.0,test
*Oc1cccc(NC(=O)c2ccc([Si](C)(C)c3ccc(C(*)=O)cc3)cc2)c1,220.0,test
*CC(*)C(=O)OCC,-20.0,test
*Oc1ccc(OC(=O)Oc2ccc(C(*)=O)cc2)cc1,74.0,test
*CC(*)OC(F)(C(F)(F)F)C(F)(F)F,65.0,test
*c1ccc(/C=N/c2cccc(/N=C/c3ccc(-c4ccc(*)s4)cc3)c2)cc1,150.0,test
*CC(*)c1cc(C(=O)OCCCCCC)ccc1-c1ccc(OCCCCCCCC)cc1,64.0,test
*OC(=O)c1ccc(Cc2ccc(C(*)=O)cc2)cc1,122.0,test
*CCCCSS*,-55.0,test
*C(=O)Nc1ccc(S(=O)(=O)c2ccc(NC(=O)c3ccc4c(c3)C(=O)N(c3cccc(P(=O)(c5ccccc5)c5cccc(N6C(=O)c7ccc(*)cc7C6=O)c5)c3)C4=O)cc2)cc1,241.0,test
*CC(O)COc1ccc(C(=O)c2ccc(O*)cc2)cc1,130.0,test
*c1ccc(OCCCCCCCCCCCOC(=O)c2cccc(C(=O)OCCCCCCCCCCCOc3ccc(-c4nnc(*)s4)cc3)c2)cc1,68.0,test
*C(=O)Nc1c(C)cc(Cc2cc(C)c(NC(=O)c3ccc4c(c3)C(=O)N(c3ccc(/N=N/c5ccc(OC(F)(F)F)cc5)c(N5C(=O)c6ccc(*)cc6C5=O)c3)C4=O)c(C)c2)cc1C,278.0,test
*CCOC(=O)NCCCCCCNC(=O)OCCOc1ccc(C2(c3ccc(O*)cc3)c3ccccc3-c3ccccc32)cc1,61.0,test
*CC(*)(C)C(=O)OCc1ccc2c(c1)OCCOCCOCCOCCO2,38.0,test
*CC(*)(C)C(=O)OCCN(CC)c1ccc(/N=N/c2nc3ccc([N+](=O)[O-])cc3s2)cc1,140.0,test
*CC(C)(CC)CO*,-47.0,test
*c1ccc(Oc2ccc(C(=O)c3ccc(Oc4ccc(-c5nnc(*)c6c(-c7ccc(F)cc7)c(-c7ccc(F)cc7)c(-c7ccc(F)cc7)c(-c7ccc(F)cc7)c56)cc4)cc3)cc2)cc1,313.0,test
*C(=O)Nc1ccc(C(=O)c2ccc(NC(=O)c3ccc4c(c3)C(=O)N(c3cccc(P(=O)(c5ccccc5)c5cccc(N6C(=O)c7ccc(*)cc7C6=O)c5)c3)C4=O)cc2)cc1,238.0,test
*CCCCCCNC(=O)CCCCCCCCCCCCCCCCC(=O)N*,47.0,test
*Cc1cc2cc(C(=O)Nc3ccc(NC(=O)c4cc5cc(*)c(OC(=O)COc6ccc7ccc(=O)oc7c6)cc5oc4=O)cc3)c(=O)oc2cc1OC(=O)COc1ccc2ccc(=O)oc2c1,252.0,test
*CC(*)(C)C(=O)OCCN(C)c1ccc(/C=C/c2ccc([N+](=O)[O-])cc2)cc1,107.0,test
*CCC1C(=O)N(CC)C(=O)C1*,109.2,test
*CC(*)(C)C(=O)OC1CCC(C)CC1,109.0,test
*CC(*)c1cccc(NC(C)=O)c1,163.0,test
*Oc1ccc(Oc2ccc(C(=O)c3ccc(C(=O)c4ccc(*)cc4)cc3)cc2)cc1,152.0,test
*C(=O)Nc1ccc(Oc2ccc(C3(c4ccc(Oc5ccc(NC(=O)c6ccc7c(c6)C(=O)N(c6ccc(C)c(N8C(=O)c9ccc(*)cc9C8=O)c6)C7=O)cc5)cc4)NC(=O)c4ccccc43)cc2)cc1,315.0,test
*C(=O)c1ccc2c(c1)C(=O)N(c1ccc3c(c1)Cc1cc(N4C(=O)c5ccc(*)cc5C4=O)ccc1-3)C2=O,341.5,test
*c1ccc(Cc2ccc(N3C(=O)c4ccc(OCCN(CCOc5ccc6c(c5)C(=O)N(*)C6=O)c5ccc(/C=C/c6ccc([N+](=O)[O-])cc6)cc5)cc4C3=O)cc2)cc1,160.7,test
*Oc1ccc(S(=O)(=O)c2ccc(Oc3ccc4c(=O)n5c6cc(Oc7ccc8c(c7)nc7c9ccc(*)c%10cccc(c(=O)n87)c%109)ccc6nc5c5cccc3c45)cc2)cc1,374.0,test
*CCCCCCOC(=O)OCCCCCCCCCOC(=O)OCCCCCCOc1ccc(C(=O)c2ccc(O*)cc2)cc1,-6.0,test
*c1ccc2c(c1)C(=O)N(c1cccc(P(=O)(c3cccc(N4C(=O)c5ccc(C(*)(C(F)(F)F)C(F)(F)F)cc5C4=O)c3)c3cc(C(F)(F)F)cc(C(F)(F)F)c3)c1)C2=O,247.0,test
*CCOCCOCCN1C(=O)c2ccc(C(=O)Oc3ccc(C(C)(C)c4ccc(OC(=O)c5ccc6c(c5)C(=O)N(*)C6=O)cc4)cc3)cc2C1=O,118.0,test
*C(=O)Nc1cccc(NC(=O)c2ccc3[nH]c(-c4cc(-c5nc6cc(*)ccc6[nH]5)cc(N5C(=O)c6ccccc6C5=O)c4)nc3c2)c1,304.0,test
